sample_idx,h5_read,crop_timestamps,pad_timestamps,fill_missing,subset_sample,ndvi,normalize,total
0,0.101735,0.000034,0.000004,0.040317,0.000312,0.000005,0.000311,0.142723
1,0.005998,0.000039,0.000004,0.040668,0.000238,0.000004,0.000149,0.047103
2,0.003556,0.000022,0.000002,0.006210,0.000216,0.000004,0.000140,0.010152
3,0.004313,0.000025,0.000003,0.041393,0.000230,0.000004,0.000161,0.046129
4,0.005391,0.000026,0.000003,0.011772,0.000259,0.000005,0.000180,0.017638
5,0.003696,0.000023,0.000002,0.036273,0.000219,0.000004,0.000153,0.040373
6,0.006088,0.000032,0.000003,0.041546,0.000234,0.000004,0.000160,0.048070
7,0.004994,0.000022,0.000002,0.036976,0.000236,0.000005,0.000142,0.042378
0,0.414230,0.000047,0.000006,0.021923,0.000375,0.000006,0.000826,0.437419
8,0.005997,0.000028,0.000003,0.038584,0.000224,0.000004,0.000151,0.044994
9,0.003826,0.000026,0.000002,0.030571,0.000212,0.000004,0.000136,0.034780
1,0.005389,0.000035,0.000004,0.056998,0.000290,0.000004,0.000601,0.063326
2,0.005488,0.000030,0.000004,0.025451,0.000324,0.000004,0.000657,0.031961
10,0.006467,0.000033,0.000004,0.034340,0.000225,0.000004,0.000154,0.041229
11,0.003815,0.000029,0.000003,0.038009,0.000231,0.000004,0.000144,0.042237
3,0.006047,0.000037,0.000004,0.060532,0.000350,0.000005,0.000755,0.067733
12,0.005631,0.000029,0.000003,0.013693,0.000259,0.000004,0.000160,0.019779
13,0.004766,0.000031,0.000003,0.008123,0.000258,0.000005,0.000198,0.013387
4,0.005840,0.000034,0.000004,0.057281,0.000265,0.000004,0.000577,0.064009
14,0.005067,0.000027,0.000003,0.038958,0.000256,0.000004,0.000157,0.044473
5,0.006027,0.000030,0.000005,0.011966,0.000272,0.000004,0.000610,0.018919
15,0.005750,0.000030,0.000003,0.043687,0.000279,0.000005,0.000172,0.049928
6,0.011382,0.000036,0.000005,0.092218,0.000275,0.000005,0.000642,0.104567
0,0.787874,0.000037,0.000006,0.021225,0.000346,0.000005,0.006420,0.815925
16,0.006353,0.000034,0.000003,0.076315,0.000228,0.000004,0.000155,0.083093
17,0.005508,0.000028,0.000003,0.014059,0.000242,0.000004,0.000153,0.019999
1,0.004859,0.000030,0.000004,0.044838,0.000323,0.000004,0.004341,0.054403
7,0.005745,0.000030,0.000004,0.057327,0.000281,0.000004,0.000609,0.064004
18,0.004031,0.000025,0.000002,0.036985,0.000227,0.000004,0.000144,0.041420
2,0.004972,0.000028,0.000003,0.035265,0.000248,0.000004,0.003687,0.044211
8,0.006262,0.000032,0.000005,0.052774,0.000258,0.000004,0.000597,0.059935
19,0.005976,0.000036,0.000003,0.043972,0.000250,0.000004,0.000156,0.050400
20,0.005842,0.000032,0.000003,0.008459,0.000240,0.000004,0.000166,0.014747
9,0.006876,0.000033,0.000005,0.021552,0.000295,0.000005,0.000688,0.029457
3,0.006251,0.000032,0.000003,0.047048,0.000299,0.000004,0.004357,0.058000
10,0.007940,0.000031,0.000005,0.019478,0.000301,0.000004,0.000695,0.028459
21,0.004558,0.000027,0.000003,0.043001,0.000226,0.000004,0.000157,0.047978
11,0.005644,0.000031,0.000005,0.008336,0.000267,0.000005,0.004731,0.019028
22,0.005955,0.000030,0.000003,0.017212,0.000245,0.000004,0.000157,0.023609
4,0.006574,0.000031,0.000003,0.041981,0.000358,0.000006,0.005360,0.054316
0,1.009759,0.000048,0.000006,0.082340,0.000496,0.000011,0.001096,1.093767
23,0.005385,0.000030,0.000003,0.053788,0.000257,0.000005,0.000168,0.059637
5,0.005805,0.000029,0.000002,0.057201,0.000278,0.000004,0.004218,0.067542
12,0.007007,0.000048,0.000007,0.079516,0.000264,0.000004,0.000683,0.087533
24,0.004795,0.000029,0.000003,0.017443,0.000254,0.000004,0.000185,0.022714
6,0.005264,0.000032,0.000003,0.009260,0.000245,0.000004,0.004782,0.019596
13,0.005426,0.000032,0.000004,0.011101,0.000257,0.000004,0.000653,0.017482
25,0.005896,0.000029,0.000003,0.008245,0.000258,0.000004,0.000181,0.014618
26,0.004328,0.000032,0.000003,0.002973,0.000220,0.000004,0.000145,0.007707
27,0.004330,0.000027,0.000002,0.005302,0.000260,0.000005,0.000184,0.010112
1,0.008279,0.000057,0.000005,0.063411,0.000296,0.000004,0.000668,0.072724
7,0.004574,0.000029,0.000002,0.043924,0.000262,0.000004,0.004372,0.053173
14,0.004961,0.000030,0.000004,0.055558,0.000247,0.000004,0.000586,0.061395
28,0.005037,0.000033,0.000003,0.039025,0.000221,0.000004,0.000162,0.044486
15,0.006344,0.000032,0.000005,0.011586,0.000285,0.000005,0.000768,0.019030
16,0.005537,0.000030,0.000005,0.006918,0.000299,0.000005,0.000818,0.013617
8,0.004507,0.000034,0.000003,0.043988,0.000269,0.000004,0.004759,0.053568
2,0.007458,0.000032,0.000003,0.063039,0.000274,0.000005,0.000570,0.071385
29,0.004950,0.000027,0.000002,0.050204,0.000247,0.000004,0.000166,0.055603
9,0.005537,0.000039,0.000003,0.016407,0.000255,0.000004,0.005161,0.027411
30,0.005668,0.000032,0.000003,0.016797,0.000266,0.000004,0.000163,0.022936
17,0.006426,0.000039,0.000005,0.059541,0.000274,0.000004,0.000662,0.066956
3,0.006102,0.000029,0.000003,0.060621,0.000290,0.000005,0.000489,0.067543
10,0.005210,0.000031,0.000003,0.056439,0.000284,0.000004,0.006527,0.068503
31,0.004792,0.000028,0.000003,0.055143,0.000263,0.000005,0.000173,0.060409
0,1.311870,0.000055,0.000010,0.076075,0.000541,0.000012,0.000741,1.389317
4,0.009022,0.000032,0.000004,0.066937,0.000279,0.000004,0.000554,0.076837
18,0.005769,0.000036,0.000005,0.078855,0.000323,0.000006,0.000670,0.085668
11,0.008318,0.000038,0.000004,0.069815,0.000258,0.000004,0.004377,0.082820
32,0.011281,0.000037,0.000004,0.067815,0.000303,0.000004,0.000197,0.079643
1,0.006453,0.000035,0.000004,0.050367,0.000280,0.000005,0.000344,0.057490
12,0.004972,0.000032,0.000003,0.018027,0.000276,0.000004,0.004455,0.027772
33,0.006420,0.000031,0.000004,0.010014,0.000275,0.000004,0.000166,0.016915
5,0.006160,0.000039,0.000005,0.060856,0.000313,0.000005,0.000517,0.067899
19,0.008790,0.000034,0.000005,0.058560,0.000262,0.000004,0.000674,0.068335
2,0.005653,0.000052,0.000005,0.018743,0.000285,0.000004,0.000335,0.025080
13,0.004605,0.000030,0.000003,0.015234,0.000248,0.000005,0.004356,0.024485
34,0.006234,0.000035,0.000003,0.015239,0.000317,0.000005,0.000180,0.022015
6,0.006077,0.000030,0.000004,0.060097,0.000265,0.000004,0.000477,0.066956
3,0.007312,0.000040,0.000003,0.049615,0.000273,0.000006,0.000343,0.057594
20,0.007828,0.000035,0.000004,0.065196,0.000288,0.000005,0.000647,0.074008
14,0.004610,0.000032,0.000003,0.049119,0.000267,0.000004,0.004896,0.058937
35,0.006528,0.000036,0.000004,0.063504,0.000294,0.000005,0.000192,0.070566
21,0.007890,0.000035,0.000006,0.012698,0.000270,0.000005,0.000725,0.021634
4,0.005089,0.000030,0.000004,0.057402,0.000267,0.000004,0.000292,0.063090
7,0.007030,0.000040,0.000003,0.070172,0.000283,0.000004,0.000531,0.078067
15,0.005452,0.000033,0.000003,0.055495,0.000243,0.000004,0.004559,0.065794
5,0.006780,0.000030,0.000003,0.012120,0.000366,0.000008,0.000458,0.019768
0,1.605833,0.000039,0.000008,0.028463,0.000372,0.000006,0.002589,1.637316
36,0.008319,0.000035,0.000003,0.064107,0.000307,0.000005,0.000205,0.072983
22,0.008123,0.000031,0.000005,0.063855,0.000283,0.000004,0.000714,0.073023
37,0.006003,0.000035,0.000004,0.011898,0.000296,0.000004,0.000181,0.018423
8,0.006173,0.000030,0.000003,0.073777,0.000287,0.000005,0.000551,0.080830
16,0.005790,0.000033,0.000003,0.069515,0.000374,0.000005,0.006858,0.082586
6,0.006709,0.000032,0.000003,0.073945,0.000333,0.000005,0.000335,0.081365
1,0.007239,0.000047,0.000004,0.070852,0.000295,0.000004,0.002626,0.081074
38,0.006409,0.000036,0.000004,0.067772,0.000294,0.000004,0.000185,0.074706
23,0.014598,0.000052,0.000010,0.080319,0.000315,0.000004,0.000643,0.095950
17,0.006832,0.000034,0.000003,0.054500,0.000271,0.000004,0.004971,0.066621
7,0.006940,0.000029,0.000003,0.051964,0.000264,0.000004,0.000333,0.059538
9,0.008853,0.000045,0.000004,0.063851,0.000272,0.000004,0.000538,0.073572
2,0.005167,0.000033,0.000003,0.054023,0.000270,0.000004,0.002442,0.061945
24,0.008744,0.000035,0.000003,0.064255,0.000293,0.000005,0.000707,0.074044
39,0.006582,0.000032,0.000004,0.069968,0.000307,0.000005,0.000182,0.077082
8,0.004457,0.000028,0.000003,0.054405,0.000273,0.000004,0.000322,0.059494
3,0.005462,0.000034,0.000003,0.054150,0.000273,0.000004,0.002727,0.062658
10,0.006107,0.000034,0.000004,0.067842,0.000268,0.000004,0.000559,0.074823
18,0.005164,0.000037,0.000003,0.068317,0.000386,0.000008,0.009011,0.082932
19,0.006596,0.000034,0.000003,0.011831,0.000282,0.000004,0.006090,0.024845
25,0.011908,0.000051,0.000005,0.060956,0.000297,0.000004,0.000669,0.073894
40,0.008658,0.000037,0.000004,0.068039,0.000297,0.000005,0.000184,0.077226
9,0.007493,0.000033,0.000003,0.062086,0.000433,0.000007,0.000552,0.070612
20,0.005473,0.000032,0.000004,0.010725,0.000292,0.000005,0.005355,0.021889
4,0.005416,0.000034,0.000004,0.049793,0.000249,0.000004,0.002141,0.057644
11,0.006270,0.000034,0.000004,0.065246,0.000324,0.000004,0.000545,0.072430
12,0.008158,0.000034,0.000004,0.018411,0.000304,0.000004,0.000531,0.027449
26,0.009125,0.000033,0.000004,0.071457,0.000447,0.000004,0.000755,0.081831
41,0.006766,0.000037,0.000004,0.080935,0.000356,0.000005,0.000201,0.088307
5,0.005034,0.000030,0.000003,0.068521,0.000370,0.000007,0.004020,0.077991
21,0.004898,0.000030,0.000003,0.067935,0.000363,0.000007,0.008387,0.081627
10,0.009562,0.000043,0.000004,0.087757,0.000393,0.000007,0.000570,0.098342
0,1.908130,0.000043,0.000008,0.097395,0.000709,0.000020,0.005209,2.011534
27,0.016237,0.000050,0.000005,0.027278,0.000457,0.000010,0.001175,0.045220
22,0.013108,0.000051,0.000004,0.011855,0.000296,0.000005,0.005632,0.030955
13,0.008547,0.000033,0.000003,0.070260,0.000272,0.000004,0.000483,0.079606
23,0.005209,0.000036,0.000003,0.012264,0.000306,0.000005,0.005575,0.023403
6,0.007649,0.000032,0.000003,0.057620,0.000264,0.000004,0.002474,0.068050
24,0.004727,0.000031,0.000003,0.005824,0.000289,0.000005,0.005054,0.015935
42,0.008458,0.000033,0.000003,0.076343,0.000352,0.000005,0.000189,0.085385
11,0.010541,0.000049,0.000005,0.053049,0.000252,0.000004,0.000324,0.064226
1,0.007893,0.000044,0.000005,0.059131,0.000279,0.000005,0.002308,0.069669
7,0.006128,0.000030,0.000003,0.016279,0.000282,0.000004,0.002487,0.025218
28,0.008229,0.000033,0.000003,0.060674,0.000283,0.000004,0.000656,0.069887
43,0.007820,0.000043,0.000005,0.018062,0.000260,0.000004,0.000164,0.026360
14,0.007701,0.000032,0.000003,0.067937,0.000365,0.000004,0.000648,0.076706
29,0.008704,0.000043,0.000005,0.023771,0.000273,0.000004,0.000701,0.033507
8,0.005231,0.000032,0.000003,0.046757,0.000247,0.000004,0.002451,0.054729
25,0.005339,0.000033,0.000003,0.058819,0.000272,0.000005,0.005316,0.069793
12,0.007075,0.000042,0.000004,0.064231,0.000385,0.000007,0.000541,0.072291
2,0.005762,0.000034,0.000003,0.064388,0.000262,0.000004,0.002428,0.072885
9,0.005231,0.000032,0.000003,0.011284,0.000289,0.000004,0.003214,0.020061
30,0.010255,0.000046,0.000005,0.022843,0.000294,0.000004,0.000648,0.034100
44,0.006478,0.000032,0.000003,0.063460,0.000287,0.000005,0.000183,0.070449
15,0.007487,0.000034,0.000004,0.064202,0.000289,0.000004,0.000506,0.072529
10,0.005877,0.000037,0.000003,0.022093,0.000283,0.000004,0.002688,0.030990
13,0.007910,0.000037,0.000003,0.062677,0.000337,0.000004,0.000363,0.071332
16,0.008837,0.000032,0.000003,0.024769,0.000370,0.000005,0.000710,0.034731
3,0.005950,0.000035,0.000003,0.063354,0.000275,0.000004,0.002566,0.072194
0,2.210146,0.000044,0.000007,0.027434,0.000518,0.000010,0.001528,2.239705
26,0.007229,0.000045,0.000006,0.070508,0.000278,0.000004,0.006494,0.084569
11,0.005904,0.000030,0.000004,0.054271,0.000288,0.000004,0.002839,0.063344
4,0.007375,0.000036,0.000004,0.024817,0.000297,0.000004,0.002669,0.035207
31,0.009572,0.000036,0.000003,0.079424,0.000417,0.000005,0.000923,0.090385
45,0.007897,0.000032,0.000003,0.088358,0.000344,0.000009,0.000270,0.096917
12,0.008513,0.000037,0.000004,0.027049,0.000315,0.000005,0.002759,0.038687
27,0.006767,0.000044,0.000004,0.073854,0.000264,0.000004,0.004857,0.085800
14,0.008390,0.000066,0.000008,0.092924,0.000287,0.000004,0.000343,0.102024
17,0.011189,0.000043,0.000004,0.089215,0.000262,0.000005,0.000517,0.101239
1,0.009141,0.000058,0.000006,0.094672,0.000413,0.000005,0.000612,0.104910
5,0.006654,0.000036,0.000004,0.062904,0.000267,0.000004,0.002382,0.072256
32,0.011687,0.000045,0.000007,0.065091,0.000278,0.000004,0.000659,0.077777
46,0.007959,0.000030,0.000003,0.064346,0.000275,0.000004,0.000167,0.072786
28,0.006902,0.000039,0.000004,0.017086,0.000270,0.000004,0.005502,0.029813
13,0.007318,0.000035,0.000003,0.055137,0.000287,0.000004,0.002594,0.065383
29,0.004730,0.000030,0.000003,0.013804,0.000237,0.000004,0.004815,0.023629
33,0.008327,0.000041,0.000005,0.022610,0.000288,0.000005,0.000662,0.031942
15,0.007443,0.000032,0.000003,0.054338,0.000367,0.000005,0.000374,0.062564
18,0.008108,0.000034,0.000003,0.070175,0.000386,0.000005,0.000610,0.079324
2,0.006338,0.000036,0.000004,0.066557,0.000457,0.000009,0.000930,0.074335
6,0.006942,0.000032,0.000003,0.063322,0.000281,0.000004,0.002606,0.073194
47,0.006892,0.000031,0.000003,0.064795,0.000263,0.000005,0.000166,0.072158
30,0.005289,0.000037,0.000003,0.053987,0.000262,0.000004,0.005426,0.065013
19,0.011445,0.000056,0.000006,0.020598,0.000287,0.000004,0.000520,0.032921
34,0.007261,0.000033,0.000003,0.060282,0.000308,0.000004,0.000611,0.068508
16,0.006265,0.000036,0.000004,0.054743,0.000283,0.000004,0.000353,0.061689
14,0.007093,0.000033,0.000003,0.091777,0.000354,0.000007,0.003547,0.102823
17,0.006103,0.000035,0.000003,0.021831,0.000299,0.000004,0.000400,0.028677
7,0.006469,0.000037,0.000004,0.060549,0.000288,0.000004,0.002669,0.070025
48,0.005973,0.000032,0.000003,0.063451,0.000298,0.000005,0.000183,0.069946
3,0.008114,0.000041,0.000004,0.079388,0.000317,0.000006,0.000687,0.088561
18,0.007084,0.000042,0.000004,0.032517,0.000389,0.000006,0.000514,0.040580
20,0.008172,0.000034,0.000004,0.074063,0.000472,0.000008,0.000807,0.083567
31,0.005777,0.000031,0.000003,0.079998,0.000441,0.000010,0.008203,0.094468
35,0.009211,0.000032,0.000004,0.083958,0.000307,0.000004,0.000770,0.094291
8,0.007178,0.000053,0.000004,0.088903,0.000523,0.000013,0.003704,0.100383
49,0.012579,0.000037,0.000004,0.084289,0.000300,0.000005,0.000177,0.097393
4,0.007671,0.000042,0.000005,0.087976,0.000397,0.000008,0.000978,0.097083
15,0.006636,0.000035,0.000004,0.120528,0.000359,0.000006,0.003436,0.131009
19,0.007622,0.000036,0.000004,0.073977,0.000374,0.000005,0.000424,0.082446
50,0.010937,0.000050,0.000005,0.015437,0.000393,0.000007,0.000257,0.027090
36,0.009254,0.000036,0.000005,0.079118,0.000270,0.000004,0.000666,0.089359
21,0.008474,0.000034,0.000003,0.107718,0.000331,0.000004,0.000468,0.117035
32,0.011125,0.000059,0.000006,0.094823,0.000348,0.000004,0.005632,0.112001
5,0.006908,0.000039,0.000004,0.063358,0.000243,0.000004,0.000504,0.071061
0,2.555812,0.000084,0.000022,0.127912,0.000860,0.000018,0.000922,2.685656
20,0.007143,0.000031,0.000003,0.056186,0.000255,0.000004,0.000311,0.063934
22,0.009178,0.000038,0.000003,0.018077,0.000265,0.000004,0.000557,0.028125
9,0.013405,0.000037,0.000004,0.069007,0.000319,0.000005,0.002766,0.085547
51,0.008558,0.000046,0.000004,0.067717,0.000350,0.000006,0.000198,0.076882
6,0.008055,0.000035,0.000003,0.020408,0.000280,0.000004,0.000684,0.029474
16,0.012369,0.000040,0.000004,0.093780,0.000414,0.000007,0.003919,0.110539
33,0.007659,0.000035,0.000003,0.054726,0.000286,0.000004,0.005586,0.068306
37,0.009442,0.000037,0.000004,0.083782,0.000330,0.000004,0.000923,0.094530
21,0.006603,0.000031,0.000004,0.060790,0.000308,0.000004,0.000417,0.068160
23,0.008876,0.000042,0.000003,0.069708,0.000314,0.000004,0.000610,0.079563
10,0.008486,0.000038,0.000004,0.069254,0.000364,0.000007,0.003820,0.081980
34,0.005850,0.000034,0.000003,0.028995,0.000326,0.000005,0.009183,0.044404
7,0.005540,0.000034,0.000003,0.069092,0.000308,0.000004,0.000633,0.075621
52,0.008255,0.000039,0.000005,0.071045,0.000350,0.000005,0.000199,0.079900
1,0.008332,0.000054,0.000020,0.107943,0.000730,0.000017,0.000673,0.117778
35,0.006213,0.000049,0.000003,0.020331,0.000314,0.000004,0.006029,0.032948
17,0.007058,0.000052,0.000004,0.080396,0.000292,0.000004,0.002589,0.090400
53,0.007059,0.000034,0.000004,0.011571,0.000310,0.000004,0.000192,0.019178
38,0.008785,0.000032,0.000003,0.086246,0.000339,0.000004,0.000796,0.096212
22,0.008266,0.000038,0.000004,0.075315,0.000312,0.000005,0.000366,0.084308
18,0.013412,0.000039,0.000004,0.027105,0.000483,0.000009,0.004045,0.045104
24,0.008618,0.000033,0.000004,0.086872,0.000306,0.000004,0.000615,0.096458
8,0.007367,0.000032,0.000003,0.084865,0.000326,0.000009,0.000863,0.093469
11,0.009750,0.000048,0.000004,0.104320,0.000494,0.000007,0.003805,0.118436
19,0.016981,0.000059,0.000006,0.018108,0.000322,0.000004,0.003200,0.038684
54,0.010489,0.000055,0.000006,0.084631,0.000332,0.000005,0.000231,0.095752
0,2.821551,0.000054,0.000008,0.108872,0.000350,0.000005,0.000408,2.931254
36,0.006176,0.000037,0.000004,0.096259,0.000267,0.000004,0.005626,0.108378
55,0.007215,0.000034,0.000004,0.013671,0.000325,0.000005,0.000206,0.021462
2,0.009190,0.000046,0.000005,0.134734,0.000592,0.000008,0.000638,0.145221
23,0.010199,0.000044,0.000004,0.091195,0.000300,0.000004,0.000352,0.102102
25,0.011814,0.000036,0.000003,0.060499,0.000308,0.000004,0.000524,0.073193
39,0.009725,0.000044,0.000004,0.109705,0.000333,0.000008,0.000875,0.120700
9,0.008855,0.000046,0.000004,0.060343,0.000290,0.000004,0.000622,0.070168
20,0.005948,0.000033,0.000003,0.054398,0.000259,0.000004,0.002764,0.063415
56,0.007016,0.000040,0.000003,0.025301,0.000321,0.000005,0.000203,0.032891
12,0.007564,0.000038,0.000003,0.072381,0.000302,0.000004,0.002554,0.082851
1,0.006265,0.000038,0.000004,0.065831,0.000338,0.000005,0.000342,0.072826
37,0.005606,0.000035,0.000003,0.066650,0.000300,0.000005,0.005996,0.078602
13,0.006315,0.000034,0.000003,0.010681,0.000273,0.000005,0.002435,0.019750
24,0.005418,0.000036,0.000004,0.059075,0.000308,0.000004,0.000365,0.065214
38,0.006071,0.000038,0.000004,0.019649,0.000294,0.000004,0.007940,0.034004
26,0.006856,0.000032,0.000004,0.077184,0.000311,0.000004,0.000609,0.085004
21,0.004896,0.000030,0.000004,0.061049,0.000294,0.000004,0.003209,0.069492
10,0.006736,0.000036,0.000004,0.076334,0.000306,0.000005,0.000741,0.084168
57,0.008656,0.000042,0.000005,0.074832,0.000374,0.000006,0.000221,0.084141
3,0.008664,0.000039,0.000004,0.107910,0.000497,0.000008,0.000660,0.117789
40,0.011019,0.000046,0.000004,0.112837,0.000477,0.000009,0.001115,0.125514
14,0.008478,0.000055,0.000005,0.075343,0.000278,0.000006,0.002633,0.086801
2,0.006035,0.000037,0.000004,0.092781,0.000302,0.000006,0.000313,0.099481
27,0.008295,0.000032,0.000003,0.060062,0.000340,0.000004,0.000510,0.069250
22,0.005671,0.000031,0.000003,0.066378,0.000293,0.000004,0.002896,0.075284
39,0.005740,0.000032,0.000003,0.068424,0.000278,0.000004,0.006724,0.081216
25,0.008377,0.000036,0.000004,0.105034,0.000448,0.000008,0.000634,0.114547
58,0.008466,0.000042,0.000005,0.070370,0.000385,0.000006,0.000221,0.079498
11,0.010468,0.000059,0.000006,0.100879,0.000414,0.000006,0.000822,0.112658
3,0.008070,0.000047,0.000005,0.097488,0.000396,0.000011,0.000535,0.106561
41,0.012791,0.000046,0.000004,0.106152,0.000463,0.000009,0.001340,0.120815
15,0.006365,0.000034,0.000003,0.108870,0.000321,0.000005,0.003014,0.118619
0,3.111490,0.000052,0.000006,0.119599,0.000602,0.000012,0.001126,3.232893
28,0.009685,0.000036,0.000004,0.092668,0.000309,0.000004,0.000515,0.103226
4,0.008158,0.000039,0.000004,0.140221,0.000531,0.000012,0.000342,0.149312
40,0.007678,0.000042,0.000004,0.087604,0.000331,0.000004,0.006269,0.101938
16,0.005597,0.000029,0.000003,0.010218,0.000276,0.000003,0.002622,0.018755
23,0.007651,0.000041,0.000004,0.105345,0.000287,0.000004,0.002898,0.116235
59,0.010078,0.000044,0.000004,0.088523,0.000331,0.000005,0.000204,0.099190
17,0.006487,0.000036,0.000004,0.017438,0.000335,0.000004,0.002783,0.027091
12,0.012717,0.000036,0.000004,0.075187,0.000300,0.000005,0.000640,0.088892
26,0.010355,0.000075,0.000006,0.128077,0.000368,0.000006,0.000520,0.139413
4,0.006833,0.000038,0.000005,0.080209,0.000355,0.000006,0.000327,0.087776
29,0.008128,0.000035,0.000003,0.065770,0.000279,0.000004,0.000489,0.074712
42,0.009544,0.000037,0.000003,0.075698,0.000337,0.000005,0.000737,0.086368
18,0.015326,0.000050,0.000005,0.019286,0.000283,0.000004,0.002568,0.037527
1,0.009508,0.000055,0.000005,0.071494,0.000421,0.000006,0.000875,0.082372
24,0.007050,0.000037,0.000004,0.072454,0.000333,0.000004,0.003030,0.082915
60,0.007723,0.000041,0.000004,0.075851,0.000446,0.000006,0.000253,0.084326
41,0.007132,0.000039,0.000003,0.100729,0.000465,0.000011,0.010105,0.118496
5,0.014914,0.000050,0.000005,0.114635,0.000451,0.000007,0.000308,0.130374
13,0.012307,0.000039,0.000004,0.083557,0.000540,0.000009,0.001297,0.097761
43,0.010439,0.000039,0.000003,0.054080,0.000298,0.000004,0.000701,0.065570
30,0.009269,0.000031,0.000004,0.076532,0.000288,0.000004,0.000524,0.086656
6,0.010145,0.000045,0.000004,0.016690,0.000386,0.000007,0.000277,0.027557
19,0.007688,0.000036,0.000004,0.086734,0.000294,0.000004,0.002793,0.097558
61,0.009825,0.000049,0.000004,0.062761,0.000390,0.000005,0.000236,0.073272
5,0.010308,0.000052,0.000006,0.109810,0.000363,0.000010,0.000347,0.120899
27,0.009474,0.000055,0.000005,0.129185,0.000404,0.000008,0.000647,0.139784
2,0.009167,0.000044,0.000005,0.101397,0.000408,0.000007,0.001310,0.112346
25,0.009951,0.000040,0.000004,0.094866,0.000390,0.000007,0.003586,0.108852
6,0.007828,0.000042,0.000005,0.014249,0.000472,0.000015,0.000521,0.023139
44,0.007452,0.000048,0.000004,0.066284,0.000407,0.000009,0.000887,0.075098
42,0.006917,0.000043,0.000004,0.079949,0.000334,0.000004,0.007980,0.095240
31,0.007825,0.000032,0.000003,0.063966,0.000235,0.000004,0.000443,0.072511
14,0.014756,0.000040,0.000004,0.100572,0.000497,0.000013,0.001272,0.117162
62,0.010858,0.000048,0.000005,0.084594,0.000388,0.000004,0.000249,0.096149
0,3.412297,0.000046,0.000007,0.120163,0.000452,0.000006,0.000451,3.533426
7,0.007290,0.000044,0.000004,0.123263,0.000432,0.000006,0.000326,0.131370
3,0.010289,0.000049,0.000004,0.111796,0.000322,0.000007,0.000768,0.123240
26,0.010107,0.000035,0.000006,0.102953,0.000361,0.000007,0.003030,0.116504
32,0.018105,0.000036,0.000003,0.070957,0.000290,0.000005,0.000558,0.089960
45,0.029547,0.000047,0.000004,0.072938,0.000292,0.000004,0.000664,0.103501
20,0.007183,0.000065,0.000004,0.138327,0.000676,0.000019,0.004409,0.150690
7,0.007417,0.000051,0.000006,0.103490,0.000300,0.000005,0.000278,0.111550
28,0.010399,0.000045,0.000004,0.128042,0.000395,0.000008,0.000590,0.139486
8,0.009063,0.000039,0.000004,0.030817,0.000439,0.000008,0.000315,0.040688
15,0.010211,0.000042,0.000004,0.070457,0.000275,0.000004,0.000629,0.081625
63,0.009759,0.000040,0.000004,0.064618,0.000763,0.000012,0.000465,0.075666
43,0.028855,0.000062,0.000006,0.094942,0.000357,0.000007,0.007927,0.132164
1,0.005493,0.000034,0.000004,0.070676,0.000381,0.000007,0.000245,0.076843
27,0.006174,0.000037,0.000003,0.047343,0.000367,0.000004,0.005076,0.059013
46,0.008384,0.000042,0.000004,0.061091,0.000303,0.000004,0.000631,0.070463
33,0.007994,0.000033,0.000004,0.064683,0.000333,0.000005,0.000546,0.073602
4,0.007292,0.000035,0.000003,0.099681,0.000429,0.000006,0.001266,0.108721
8,0.007474,0.000033,0.000003,0.104964,0.000456,0.000013,0.000539,0.113490
34,0.012772,0.000035,0.000003,0.022893,0.000359,0.000005,0.000597,0.036667
16,0.007046,0.000042,0.000003,0.101728,0.000380,0.000005,0.000923,0.110133
5,0.008657,0.000039,0.000003,0.017140,0.000313,0.000004,0.000785,0.026947
29,0.009514,0.000036,0.000005,0.118574,0.000409,0.000008,0.000559,0.129112
9,0.018383,0.000053,0.000005,0.111497,0.000437,0.000007,0.000348,0.130736
21,0.008978,0.000040,0.000004,0.126419,0.000415,0.000009,0.006074,0.141952
2,0.010643,0.000071,0.000004,0.101941,0.000364,0.000005,0.000341,0.113371
44,0.008820,0.000043,0.000004,0.109698,0.000362,0.000006,0.007515,0.126457
47,0.010260,0.000043,0.000004,0.068676,0.000335,0.000005,0.000786,0.080113
30,0.009220,0.000046,0.000005,0.021517,0.000424,0.000007,0.000543,0.031766
28,0.008238,0.000038,0.000005,0.113308,0.000351,0.000004,0.003354,0.125308
35,0.008979,0.000037,0.000003,0.094297,0.000666,0.000008,0.000834,0.104847
17,0.006855,0.000033,0.000004,0.118945,0.000468,0.000009,0.001341,0.127665
48,0.009752,0.000035,0.000004,0.087403,0.000632,0.000007,0.001117,0.098959
9,0.010313,0.000036,0.000003,0.130057,0.000476,0.000010,0.000530,0.141429
6,0.006098,0.000039,0.000004,0.137417,0.000308,0.000004,0.000660,0.144534
0,3.720218,0.000055,0.000008,0.134676,0.000499,0.000044,0.002318,3.857827
10,0.009968,0.000047,0.000005,0.138662,0.000425,0.000007,0.000381,0.149500
45,0.011188,0.000048,0.000005,0.116352,0.000324,0.000004,0.007461,0.135390
3,0.009907,0.000048,0.000004,0.133007,0.000293,0.000005,0.000237,0.143503
22,0.008340,0.000048,0.000005,0.144979,0.000376,0.000008,0.002941,0.156701
36,0.011247,0.000034,0.000004,0.057675,0.000274,0.000004,0.000458,0.069697
29,0.034787,0.000082,0.000008,0.103327,0.000384,0.000007,0.004060,0.142662
10,0.009302,0.000044,0.000004,0.050656,0.000389,0.000007,0.000340,0.060746
4,0.018131,0.000053,0.000006,0.029829,0.000375,0.000005,0.000283,0.048684
49,0.010439,0.000039,0.000004,0.071231,0.000330,0.000005,0.000669,0.082720
31,0.008794,0.000049,0.000009,0.177582,0.000474,0.000011,0.000646,0.187571
18,0.006979,0.000054,0.000003,0.097752,0.000462,0.000008,0.001300,0.106568
37,0.008015,0.000032,0.000003,0.066032,0.000291,0.000004,0.000539,0.074920
7,0.006625,0.000039,0.000004,0.115810,0.000471,0.000011,0.001237,0.124208
1,0.005986,0.000037,0.000004,0.113158,0.000556,0.000011,0.010552,0.130311
50,0.007994,0.000030,0.000003,0.052496,0.000241,0.000004,0.000589,0.061361
11,0.028369,0.000045,0.000005,0.092538,0.000432,0.000008,0.000291,0.121692
11,0.007526,0.000044,0.000006,0.096742,0.000345,0.000005,0.000304,0.104976
8,0.009107,0.000041,0.000004,0.032768,0.000405,0.000007,0.000922,0.043258
5,0.008750,0.000037,0.000005,0.108826,0.000308,0.000005,0.000286,0.118220
23,0.009550,0.000046,0.000003,0.154418,0.000454,0.000008,0.003707,0.168195
46,0.020708,0.000082,0.000008,0.146049,0.000444,0.000009,0.017387,0.184702
30,0.008862,0.000045,0.000004,0.142756,0.000373,0.000005,0.005048,0.157106
38,0.007498,0.000028,0.000003,0.079813,0.000323,0.000004,0.000609,0.088283
32,0.008835,0.000051,0.000005,0.118514,0.000340,0.000005,0.000379,0.128133
19,0.009812,0.000061,0.000004,0.124933,0.000360,0.000005,0.000712,0.135891
12,0.008712,0.000040,0.000004,0.064341,0.000513,0.000009,0.000551,0.074176
2,0.009464,0.000051,0.000004,0.101494,0.000456,0.000010,0.003414,0.114901
20,0.009195,0.000037,0.000004,0.015719,0.000378,0.000007,0.001044,0.026393
51,0.009509,0.000036,0.000004,0.117170,0.000660,0.000010,0.001161,0.128575
6,0.013203,0.000057,0.000006,0.065925,0.000576,0.000012,0.000597,0.080387
12,0.011635,0.000049,0.000006,0.134113,0.000514,0.000009,0.000379,0.146709
33,0.013361,0.000057,0.000006,0.037840,0.000335,0.000004,0.000461,0.052067
13,0.010239,0.000062,0.000007,0.035528,0.000509,0.000011,0.000582,0.046944
31,0.034925,0.000062,0.000008,0.038718,0.000418,0.000009,0.005163,0.079310
9,0.008349,0.000063,0.000005,0.105591,0.000306,0.000004,0.000680,0.115003
21,0.008490,0.000056,0.000006,0.018812,0.000303,0.000005,0.000727,0.028404
52,0.012536,0.000044,0.000006,0.011956,0.000305,0.000005,0.000722,0.025577
0,4.027136,0.000061,0.000010,0.121317,0.000439,0.000007,0.001043,4.150026
34,0.006240,0.000036,0.000004,0.034529,0.000445,0.000009,0.000677,0.041943
39,0.010472,0.000034,0.000003,0.111372,0.000365,0.000004,0.000521,0.122775
24,0.009169,0.000049,0.000005,0.165590,0.000439,0.000007,0.003856,0.179125
35,0.024562,0.000055,0.000006,0.025299,0.000377,0.000005,0.000643,0.050954
40,0.008945,0.000033,0.000003,0.023538,0.000301,0.000005,0.000525,0.033354
3,0.011752,0.000052,0.000004,0.122875,0.000480,0.000012,0.003408,0.138592
13,0.010642,0.000046,0.000004,0.099650,0.000338,0.000005,0.000238,0.110927
53,0.035417,0.000052,0.000006,0.065650,0.000291,0.000004,0.000671,0.102096
47,0.030235,0.000088,0.000009,0.158788,0.000407,0.000006,0.012585,0.202128
14,0.007025,0.000039,0.000004,0.135121,0.000412,0.000007,0.000477,0.143089
7,0.012170,0.000046,0.000005,0.152124,0.000450,0.000010,0.000468,0.165279
41,0.008398,0.000031,0.000003,0.036498,0.000449,0.000008,0.000795,0.046187
14,0.008766,0.000043,0.000005,0.031412,0.000415,0.000008,0.000331,0.040983
22,0.031463,0.000051,0.000006,0.120233,0.000362,0.000005,0.000836,0.152961
48,0.008961,0.000037,0.000004,0.032618,0.000455,0.000010,0.008381,0.050477
36,0.009477,0.000040,0.000005,0.052277,0.000403,0.000005,0.000492,0.062702
15,0.007228,0.000042,0.000005,0.008133,0.000465,0.000010,0.000333,0.016219
1,0.033697,0.000050,0.000005,0.133530,0.000452,0.000008,0.001316,0.169067
10,0.037135,0.000060,0.000006,0.136592,0.000326,0.000004,0.000914,0.175041
32,0.006879,0.000032,0.000003,0.176425,0.000501,0.000009,0.005249,0.189110
37,0.008652,0.000042,0.000005,0.015871,0.000340,0.000004,0.000448,0.025364
8,0.008299,0.000043,0.000004,0.035009,0.000402,0.000008,0.000383,0.044153
54,0.008846,0.000040,0.000004,0.079551,0.000327,0.000004,0.000781,0.089561
2,0.008666,0.000046,0.000004,0.058920,0.000412,0.000009,0.001600,0.069669
9,0.007936,0.000048,0.000004,0.052764,0.000485,0.000011,0.000431,0.061685
25,0.008389,0.000045,0.000004,0.171069,0.000365,0.000007,0.004123,0.184014
15,0.011234,0.000041,0.000004,0.106654,0.000440,0.000008,0.000555,0.118940
38,0.009230,0.000041,0.000004,0.060996,0.000437,0.000008,0.000708,0.071430
26,0.007437,0.000046,0.000004,0.011838,0.000428,0.000008,0.003792,0.023562
3,0.008627,0.000049,0.000004,0.080066,0.000374,0.000008,0.001238,0.090373
4,0.008822,0.000060,0.000006,0.228070,0.000343,0.000005,0.002002,0.239313
42,0.013087,0.000066,0.000006,0.176153,0.000723,0.000015,0.001591,0.191648
16,0.009780,0.000048,0.000005,0.161565,0.000643,0.000012,0.000253,0.172309
11,0.011854,0.000063,0.000006,0.175891,0.000334,0.000006,0.000818,0.188977
23,0.009408,0.000042,0.000004,0.195653,0.000321,0.000005,0.000877,0.206315
43,0.010338,0.000040,0.000003,0.013777,0.000305,0.000004,0.000563,0.025036
49,0.008781,0.000060,0.000005,0.185971,0.000434,0.000007,0.015221,0.210490
55,0.044479,0.000043,0.000004,0.130967,0.000338,0.000004,0.000685,0.176525
17,0.006497,0.000040,0.000005,0.020779,0.000328,0.000005,0.000218,0.027873
0,4.343767,0.000047,0.000006,0.190682,0.000677,0.000012,0.002871,4.538070
64,0.065589,0.000058,0.000004,0.031990,0.000496,0.000012,0.003150,0.101311
33,0.007629,0.000040,0.000005,0.180973,0.000330,0.000005,0.004319,0.193312
44,0.008084,0.000035,0.000003,0.025624,0.000332,0.000004,0.000679,0.034765
10,0.014645,0.000068,0.000007,0.137139,0.000401,0.000005,0.000335,0.152604
34,0.011858,0.000043,0.000006,0.029978,0.000384,0.000006,0.004540,0.046825
16,0.008869,0.000050,0.000006,0.162220,0.000450,0.000005,0.000526,0.172129
1,0.008080,0.000046,0.000004,0.042802,0.000859,0.000017,0.005652,0.057470
11,0.015673,0.000049,0.000006,0.024177,0.000401,0.000006,0.000336,0.040652
39,0.011195,0.000054,0.000008,0.174285,0.000442,0.000010,0.000603,0.186602
5,0.008105,0.000040,0.000003,0.110063,0.000344,0.000005,0.002200,0.120767
27,0.042895,0.000045,0.000004,0.131665,0.000415,0.000008,0.003854,0.178895
17,0.009537,0.000049,0.000004,0.025590,0.000540,0.000006,0.000618,0.036348
4,0.017817,0.000085,0.000012,0.118998,0.000348,0.000005,0.001110,0.138384
18,0.006006,0.000031,0.000003,0.103165,0.000495,0.000010,0.000390,0.110106
35,0.011907,0.000046,0.000004,0.030632,0.000445,0.000008,0.004774,0.047826
56,0.008693,0.000035,0.000004,0.102361,0.000496,0.000010,0.001166,0.112772
40,0.011096,0.000070,0.000005,0.029414,0.000259,0.000004,0.000369,0.041221
65,0.008321,0.000047,0.000005,0.145492,0.000776,0.000013,0.002882,0.157543
12,0.008138,0.000039,0.000004,0.165723,0.000300,0.000005,0.001026,0.175241
6,0.007872,0.000058,0.000005,0.072349,0.000395,0.000005,0.002391,0.083082
41,0.010330,0.000054,0.000005,0.007052,0.000327,0.000005,0.000419,0.018194
5,0.007438,0.000042,0.000004,0.059009,0.000298,0.000004,0.000891,0.067697
50,0.009291,0.000055,0.000006,0.168066,0.000354,0.000007,0.010704,0.188495
24,0.005971,0.000057,0.000004,0.199282,0.000359,0.000007,0.001175,0.206867
2,0.008585,0.000043,0.000003,0.134079,0.000625,0.000011,0.003430,0.146785
12,0.010844,0.000057,0.000006,0.122790,0.000446,0.000006,0.000344,0.134497
7,0.011890,0.000058,0.000006,0.024217,0.000396,0.000010,0.002149,0.038729
42,0.010227,0.000046,0.000005,0.031103,0.000240,0.000004,0.000336,0.041964
45,0.008844,0.000032,0.000003,0.217861,0.000849,0.000008,0.000900,0.228503
6,0.031315,0.000108,0.000006,0.049956,0.000473,0.000009,0.001533,0.083410
8,0.037079,0.000056,0.000007,0.007178,0.000439,0.000010,0.002961,0.047740
51,0.008972,0.000054,0.000004,0.060362,0.000543,0.000013,0.013100,0.083059
57,0.047896,0.000068,0.000007,0.108437,0.000316,0.000004,0.000720,0.157453
0,4.713757,0.000068,0.000011,0.042651,0.000466,0.000006,0.055269,4.812250
18,0.009783,0.000056,0.000004,0.168280,0.000491,0.000007,0.000530,0.179153
43,0.009642,0.000050,0.000007,0.013494,0.000306,0.000004,0.000394,0.023900
13,0.046029,0.000063,0.000012,0.025537,0.000438,0.000006,0.000347,0.072435
28,0.008985,0.000050,0.000006,0.189661,0.000415,0.000009,0.003846,0.202981
19,0.007023,0.000027,0.000002,0.175636,0.000355,0.000007,0.000292,0.183346
36,0.037574,0.000112,0.000012,0.146075,0.000377,0.000004,0.004043,0.188205
66,0.007990,0.000040,0.000004,0.140972,0.000453,0.000008,0.002138,0.151612
52,0.007766,0.000051,0.000005,0.020053,0.000358,0.000009,0.020877,0.049131
13,0.012820,0.000061,0.000006,0.145345,0.000428,0.000007,0.001090,0.159763
58,0.009866,0.000041,0.000004,0.074827,0.000299,0.000005,0.000693,0.085741
9,0.006446,0.000037,0.000004,0.092142,0.000323,0.000005,0.002225,0.101187
67,0.010937,0.000047,0.000005,0.035433,0.000339,0.000005,0.002228,0.049000
7,0.007622,0.000039,0.000003,0.097358,0.000406,0.000009,0.001065,0.106507
59,0.007329,0.000034,0.000003,0.011130,0.000267,0.000004,0.000592,0.019363
44,0.007623,0.000041,0.000003,0.095048,0.000356,0.000005,0.000400,0.103478
46,0.009699,0.000037,0.000005,0.116524,0.000387,0.000007,0.000686,0.127351
3,0.038532,0.000068,0.000007,0.129176,0.000478,0.000013,0.013795,0.182080
1,0.008274,0.000057,0.000009,0.094377,0.000337,0.000005,0.016752,0.119825
20,0.010212,0.000040,0.000005,0.093111,0.000422,0.000009,0.000392,0.104198
25,0.050244,0.000066,0.000006,0.152374,0.000547,0.000012,0.001901,0.205159
19,0.009752,0.000057,0.000005,0.138113,0.000480,0.000007,0.000543,0.148961
45,0.010152,0.000038,0.000003,0.052438,0.000675,0.000013,0.001009,0.064335
26,0.011232,0.000060,0.000005,0.031975,0.000477,0.000012,0.001285,0.045056
4,0.008811,0.000049,0.000004,0.052964,0.000402,0.000007,0.002975,0.065223
29,0.007869,0.000047,0.000005,0.152281,0.000488,0.000010,0.004829,0.165540
21,0.014689,0.000067,0.000006,0.041813,0.000371,0.000010,0.000330,0.057290
46,0.010670,0.000040,0.000005,0.009372,0.000356,0.000007,0.000503,0.020959
14,0.020263,0.000048,0.000004,0.123846,0.000314,0.000005,0.000913,0.145401
37,0.009998,0.000056,0.000006,0.164568,0.000471,0.000009,0.005374,0.180488
60,0.008861,0.000045,0.000004,0.089438,0.000356,0.000006,0.000716,0.099432
27,0.009496,0.000049,0.000003,0.028671,0.000473,0.000010,0.000925,0.039635
53,0.013237,0.000034,0.000004,0.152478,0.000374,0.000005,0.011890,0.178032
5,0.008573,0.000047,0.000004,0.024128,0.000486,0.000011,0.003123,0.036384
68,0.013122,0.000036,0.000003,0.116307,0.000498,0.000011,0.002968,0.132955
8,0.009589,0.000058,0.000004,0.124200,0.000518,0.000010,0.001561,0.135950
30,0.008390,0.000086,0.000004,0.034742,0.000486,0.000007,0.003722,0.047443
22,0.010836,0.000043,0.000004,0.031292,0.000446,0.000008,0.003559,0.046198
61,0.011938,0.000055,0.000005,0.047578,0.000528,0.000010,0.001275,0.061396
15,0.012812,0.000053,0.000004,0.061431,0.000447,0.000008,0.001162,0.075926
47,0.012567,0.000045,0.000005,0.161381,0.000605,0.000009,0.000848,0.175467
6,0.044874,0.000104,0.000011,0.015474,0.000350,0.000007,0.002609,0.063436
2,0.008011,0.000054,0.000010,0.157372,0.000549,0.000010,0.014025,0.180039
62,0.010894,0.000039,0.000005,0.016158,0.000329,0.000004,0.000711,0.028145
10,0.011012,0.000043,0.000005,0.191619,0.000594,0.000011,0.006569,0.209862
7,0.008916,0.000048,0.000006,0.015431,0.000568,0.000017,0.003535,0.028529
31,0.010861,0.000057,0.000006,0.043086,0.000308,0.000005,0.004242,0.058577
69,0.041907,0.000077,0.000007,0.056689,0.000493,0.000010,0.003368,0.102561
20,0.027661,0.000055,0.000005,0.154423,0.001062,0.000008,0.000591,0.183811
38,0.008877,0.000057,0.000005,0.123654,0.000329,0.000004,0.003228,0.136163
54,0.009628,0.000036,0.000004,0.134446,0.000482,0.000008,0.008628,0.153238
14,0.008198,0.000044,0.000004,0.369136,0.000470,0.000008,0.000481,0.378350
63,0.014202,0.000048,0.000004,0.075608,0.000350,0.000004,0.000727,0.090948
47,0.008387,0.000047,0.000005,0.187776,0.000785,0.000020,0.000868,0.197895
21,0.009206,0.000053,0.000004,0.062472,0.000534,0.000006,0.000534,0.072814
3,0.007224,0.000052,0.000008,0.084067,0.000326,0.000005,0.021621,0.113313
23,0.018100,0.000034,0.000004,0.128096,0.000429,0.000007,0.000300,0.146977
9,0.039799,0.000052,0.000005,0.152670,0.000348,0.000004,0.001058,0.193941
48,0.014799,0.000044,0.000004,0.130123,0.000563,0.000007,0.001177,0.146726
16,0.012536,0.000048,0.000005,0.171593,0.000663,0.000012,0.002947,0.187834
11,0.009588,0.000047,0.000004,0.161399,0.000520,0.000011,0.004945,0.176526
39,0.006551,0.000027,0.000003,0.155969,0.000563,0.000013,0.004273,0.167409
32,0.010091,0.000062,0.000006,0.172509,0.000549,0.000014,0.006064,0.189307
8,0.010936,0.000039,0.000004,0.186143,0.000919,0.000028,0.003787,0.201865
17,0.012855,0.000040,0.000006,0.038941,0.000466,0.000010,0.001502,0.053830
28,0.012341,0.000040,0.000004,0.141211,0.149905,0.000043,0.001975,0.305528
70,0.007866,0.000046,0.000004,0.190557,0.000386,0.000006,0.002529,0.201406
55,0.008960,0.000049,0.000003,0.145365,0.000554,0.000013,0.034122,0.189076
24,0.012308,0.000051,0.000004,0.143910,0.000523,0.000021,0.000359,0.157185
40,0.011982,0.000039,0.000004,0.060657,0.000348,0.000004,0.003559,0.076601
29,0.009664,0.000032,0.000005,0.044676,0.000574,0.000014,0.001716,0.056688
49,0.029591,0.000050,0.000006,0.122198,0.000458,0.000011,0.001033,0.153357
10,0.007796,0.000039,0.000004,0.152076,0.000468,0.000009,0.001930,0.162330
15,0.018912,0.000095,0.000009,0.206533,0.000387,0.000007,0.000523,0.226472
48,0.018308,0.000047,0.000005,0.202597,0.000384,0.000007,0.000534,0.221888
22,0.010906,0.000049,0.000005,0.197350,0.000378,0.000008,0.000507,0.209210
4,0.011768,0.000058,0.000009,0.192905,0.000487,0.000007,0.040548,0.245795
18,0.037896,0.000057,0.000006,0.124977,0.000456,0.000012,0.001446,0.164857
23,0.008034,0.000040,0.000004,0.057172,0.000498,0.000011,0.000557,0.066324
12,0.012114,0.000071,0.000008,0.194005,0.000332,0.000005,0.002183,0.208725
33,0.012525,0.000072,0.000006,0.167834,0.000699,0.000020,0.005325,0.186493
71,0.030601,0.000050,0.000005,0.145045,0.000338,0.000005,0.001775,0.177829
30,0.010346,0.000046,0.000004,0.114758,0.000350,0.000005,0.000742,0.126255
50,0.014302,0.000056,0.000005,0.111260,0.000345,0.000006,0.000699,0.126681
56,0.010076,0.000040,0.000004,0.130689,0.000354,0.000005,0.008259,0.149435
41,0.008931,0.000039,0.000003,0.123430,0.000342,0.000004,0.003425,0.136183
13,0.009934,0.000047,0.000004,0.014787,0.000314,0.000005,0.002222,0.027321
9,0.009864,0.000030,0.000003,0.184874,0.000385,0.000008,0.002287,0.197457
25,0.013619,0.000046,0.000006,0.143069,0.000513,0.000010,0.000344,0.157613
51,0.014998,0.000040,0.000004,0.024985,0.000559,0.000010,0.001265,0.041871
10,0.008932,0.000042,0.000005,0.028191,0.000671,0.000019,0.005829,0.043703
42,0.010631,0.000040,0.000004,0.032419,0.005888,0.000014,0.003462,0.052464
34,0.012148,0.000054,0.000006,0.056914,0.000461,0.000009,0.004297,0.073899
11,0.007950,0.000036,0.000005,0.184204,0.000482,0.000011,0.002042,0.194739
5,0.011711,0.000042,0.000007,0.104271,0.000388,0.000005,0.011833,0.128263
19,0.008916,0.000042,0.000005,0.088539,0.000341,0.000004,0.000760,0.098610
35,0.008947,0.000047,0.000005,0.024447,0.000459,0.000007,0.004051,0.037972
49,0.008724,0.000033,0.000003,0.190646,0.000488,0.000010,0.000542,0.200450
6,0.008164,0.000047,0.000007,0.010937,0.000374,0.000004,0.014384,0.033927
72,0.007183,0.000039,0.000004,0.104984,0.000361,0.000004,0.001931,0.114512
31,0.009737,0.000047,0.000004,0.102417,0.000344,0.000004,0.000731,0.113289
57,0.009670,0.000046,0.000005,0.090758,0.000338,0.000005,0.007561,0.108392
16,0.008167,0.000038,0.000003,0.203258,0.000470,0.000008,0.006979,0.218932
24,0.009136,0.000038,0.000004,0.149528,0.004582,0.000010,0.000498,0.163802
14,0.007012,0.000038,0.000003,0.126043,0.000754,0.000012,0.003313,0.137185
58,0.006249,0.000037,0.000005,0.016405,0.000357,0.000006,0.009084,0.032150
26,0.015264,0.000044,0.000005,0.121933,0.000436,0.000011,0.000354,0.138052
43,0.009848,0.000041,0.000004,0.089599,0.000369,0.000004,0.003631,0.103504
52,0.011104,0.000043,0.000004,0.114904,0.000683,0.000010,0.001072,0.127842
32,0.015779,0.000032,0.000003,0.048652,0.000373,0.000006,0.001012,0.065861
20,0.015487,0.000065,0.000005,0.102328,0.000420,0.000006,0.000863,0.119176
12,0.009890,0.000043,0.000004,0.125996,0.000394,0.000006,0.001434,0.137778
73,0.006752,0.000038,0.000004,0.111651,0.000323,0.000005,0.001601,0.120379
11,0.012200,0.000052,0.000007,0.158281,0.000569,0.000014,0.012704,0.183837
50,0.012160,0.000044,0.000005,0.136870,0.000392,0.000004,0.000475,0.149956
59,0.006844,0.000040,0.000003,0.097991,0.000388,0.000007,0.008198,0.113478
36,0.008096,0.000056,0.000003,0.147893,0.000552,0.000014,0.006623,0.163250
17,0.007360,0.000042,0.000005,0.146978,0.000460,0.000011,0.000424,0.155287
44,0.010372,0.000049,0.000005,0.091387,0.000395,0.000006,0.003388,0.105609
74,0.007136,0.000038,0.000005,0.026516,0.000311,0.000004,0.001651,0.035667
25,0.010306,0.000050,0.000004,0.130163,0.000405,0.000008,0.000440,0.141384
27,0.015925,0.000035,0.000003,0.111414,0.000397,0.000009,0.000295,0.128082
53,0.014976,0.000044,0.000005,0.104950,0.000443,0.000008,0.000875,0.121308
21,0.010741,0.000041,0.000003,0.094850,0.000361,0.000005,0.000835,0.106841
15,0.011261,0.000056,0.000005,0.147170,0.000884,0.000029,0.006867,0.166285
33,0.016296,0.000053,0.000005,0.125413,0.000428,0.000006,0.001087,0.143294
54,0.013705,0.000068,0.000009,0.017643,0.000255,0.000004,0.000448,0.032134
51,0.010340,0.000040,0.000005,0.108670,0.000367,0.000004,0.000485,0.119914
13,0.011775,0.000057,0.000007,0.162521,0.000492,0.000011,0.001761,0.176632
75,0.009525,0.000044,0.000005,0.102564,0.000309,0.000005,0.001996,0.114454
60,0.007598,0.000048,0.000005,0.115090,0.000420,0.000009,0.010365,0.133549
45,0.010977,0.000040,0.000005,0.111007,0.000447,0.000004,0.003262,0.125759
12,0.014598,0.000050,0.000005,0.148602,0.000395,0.000009,0.004458,0.168132
22,0.010337,0.000041,0.000004,0.100177,0.000346,0.000005,0.000824,0.111740
28,0.011240,0.000033,0.000003,0.120478,0.000474,0.000008,0.000320,0.132562
55,0.009254,0.000038,0.000004,0.079962,0.000264,0.000004,0.000456,0.089984
14,0.015234,0.000069,0.000009,0.020311,0.008569,0.000010,0.001360,0.045569
16,0.019949,0.000054,0.000005,0.100730,0.000385,0.000005,0.002552,0.123686
26,0.011077,0.000049,0.000005,0.143585,0.000950,0.000018,0.001151,0.156849
46,0.011677,0.000044,0.000005,0.033138,0.000415,0.000005,0.003630,0.048922
37,0.012093,0.000065,0.000007,0.170246,0.000843,0.000025,0.005144,0.188433
18,0.010424,0.000047,0.000004,0.172226,0.000466,0.000014,0.000528,0.183717
34,0.013628,0.000046,0.000005,0.129500,0.000371,0.000007,0.001063,0.144625
7,0.233111,0.000289,0.000027,0.122337,0.000519,0.000008,0.028939,0.385239
76,0.009276,0.000035,0.000004,0.093650,0.000335,0.000005,0.002011,0.105324
52,0.009909,0.000041,0.000006,0.115717,0.000480,0.000005,0.000432,0.126595
61,0.010328,0.000047,0.000004,0.095688,0.000350,0.000005,0.008224,0.114658
17,0.007088,0.000043,0.000004,0.101279,0.000357,0.000005,0.002124,0.110907
47,0.010199,0.000045,0.000005,0.089310,0.000376,0.000004,0.003597,0.103541
23,0.009043,0.000031,0.000003,0.131891,0.000466,0.000006,0.000922,0.142369
56,0.012633,0.000057,0.000005,0.112088,0.000584,0.000016,0.001858,0.127251
29,0.022043,0.000052,0.000006,0.121989,0.000389,0.000007,0.000286,0.144775
38,0.012171,0.000039,0.000004,0.109485,0.000380,0.000005,0.003314,0.125407
13,0.014864,0.000030,0.000003,0.167318,0.000460,0.000010,0.002647,0.185341
77,0.008301,0.000037,0.000003,0.088648,0.000343,0.000005,0.001652,0.098995
27,0.010548,0.000050,0.000004,0.150340,0.000507,0.000011,0.000584,0.162051
15,0.016395,0.000056,0.000005,0.149102,0.000382,0.000008,0.001535,0.167491
35,0.009127,0.000047,0.000004,0.125231,0.000329,0.000004,0.000837,0.135585
53,0.010668,0.000040,0.000006,0.098158,0.000352,0.000004,0.000412,0.109643
19,0.012799,0.000047,0.000006,0.162485,0.000503,0.000009,0.000495,0.176349
62,0.006902,0.000033,0.000004,0.095337,0.000366,0.000005,0.017467,0.120125
16,0.007357,0.000041,0.000004,0.021411,0.000469,0.000008,0.001505,0.030803
39,0.010526,0.000051,0.000005,0.034635,0.000483,0.000009,0.010448,0.056171
78,0.012027,0.000042,0.000003,0.026585,0.000365,0.000006,0.001998,0.041032
64,0.017265,0.000054,0.000006,0.084886,0.000460,0.000005,0.007557,0.110251
18,0.009910,0.000067,0.000004,0.091212,0.000319,0.000004,0.002304,0.103828
24,0.011200,0.000066,0.000004,0.090488,0.000377,0.000005,0.000833,0.102979
54,0.019849,0.000050,0.000006,0.029748,0.000362,0.000004,0.000433,0.050456
8,0.011629,0.000101,0.000008,0.148033,0.000473,0.000009,0.020908,0.181172
48,0.011167,0.000043,0.000005,0.100116,0.000316,0.000005,0.003763,0.115423
17,0.008422,0.000062,0.000004,0.025982,0.000369,0.000005,0.001087,0.035936
79,0.009666,0.000036,0.000003,0.023093,0.000408,0.000010,0.002533,0.035757
30,0.014756,0.000040,0.000004,0.100249,0.000386,0.000007,0.000281,0.115726
57,0.013548,0.000050,0.000005,0.118345,0.000584,0.000009,0.000996,0.133543
49,0.008338,0.000035,0.000004,0.021476,0.000490,0.000005,0.003302,0.033672
36,0.007186,0.000037,0.000004,0.103768,0.000381,0.000004,0.000740,0.112122
58,0.011541,0.000040,0.000005,0.026633,0.000408,0.000008,0.000853,0.039495
19,0.007931,0.000045,0.000004,0.074235,0.000365,0.000006,0.002489,0.085080
65,0.009612,0.000036,0.000003,0.075380,0.000294,0.000004,0.004854,0.090189
31,0.012528,0.000044,0.000003,0.050531,0.000453,0.000011,0.000416,0.063992
63,0.008859,0.000042,0.000003,0.106058,0.000367,0.000005,0.008528,0.123870
25,0.008157,0.000038,0.000004,0.087527,0.000340,0.000005,0.000771,0.096847
55,0.009555,0.000042,0.000005,0.093886,0.000416,0.000005,0.000470,0.104381
18,0.007181,0.000040,0.000005,0.094515,0.000345,0.000005,0.001126,0.103222
28,0.008557,0.000046,0.000005,0.171853,0.000487,0.000010,0.000613,0.181578
14,0.011446,0.000044,0.000003,0.179661,0.000445,0.000008,0.002846,0.194470
20,0.013411,0.000044,0.000004,0.141862,0.000409,0.000007,0.000406,0.156149
40,0.009049,0.000057,0.000006,0.143375,0.000428,0.000007,0.004353,0.157283
80,0.011007,0.000048,0.000005,0.111969,0.000492,0.000008,0.002458,0.125995
66,0.008363,0.000038,0.000004,0.063032,0.000306,0.000004,0.004644,0.076394
37,0.011882,0.000043,0.000005,0.092796,0.000268,0.000004,0.000692,0.105693
50,0.010662,0.000034,0.000004,0.095366,0.000372,0.000005,0.011732,0.118182
20,0.008979,0.000044,0.000004,0.090037,0.000345,0.000006,0.002312,0.101733
41,0.010605,0.000051,0.000005,0.035713,0.000459,0.000007,0.004372,0.051222
59,0.020786,0.000041,0.000004,0.097093,0.000361,0.000007,0.000667,0.118965
9,0.010184,0.000063,0.000014,0.168243,0.000512,0.000007,0.023930,0.202962
56,0.009782,0.000036,0.000006,0.091480,0.000314,0.000004,0.000395,0.102020
32,0.012049,0.000064,0.000007,0.116436,0.000622,0.000011,0.000486,0.129679
38,0.007796,0.000042,0.000005,0.042258,0.000340,0.000005,0.000745,0.051194
19,0.006387,0.000037,0.000004,0.111985,0.000358,0.000005,0.000941,0.119723
26,0.011443,0.000042,0.000005,0.127902,0.000360,0.000005,0.001067,0.140830
51,0.010692,0.000041,0.000004,0.076948,0.000310,0.000004,0.007420,0.095427
67,0.009645,0.000041,0.000004,0.078314,0.000370,0.000005,0.013300,0.101685
20,0.008892,0.000042,0.000005,0.017123,0.000468,0.000010,0.001197,0.027743
21,0.008552,0.000047,0.000005,0.084803,0.000364,0.000005,0.002212,0.095993
15,0.012732,0.000048,0.000006,0.150936,0.000419,0.000008,0.002604,0.166762
29,0.011757,0.000060,0.000006,0.155654,0.000578,0.000015,0.000810,0.168891
21,0.011498,0.000047,0.000004,0.162987,0.000460,0.000010,0.000374,0.175383
60,0.011805,0.000060,0.000006,0.107002,0.000398,0.000007,0.000661,0.119947
81,0.014690,0.000047,0.000004,0.156778,0.000496,0.000009,0.002660,0.174692
39,0.012127,0.000044,0.000005,0.092660,0.000375,0.000004,0.000846,0.106064
42,0.008319,0.000048,0.000006,0.127276,0.000462,0.000006,0.004642,0.140772
57,0.010945,0.000046,0.000004,0.102772,0.000358,0.000005,0.000458,0.114592
33,0.013295,0.000042,0.000004,0.100375,0.000388,0.000009,0.000360,0.114479
68,0.009888,0.000045,0.000004,0.065039,0.000302,0.000005,0.004577,0.079865
27,0.012421,0.000039,0.000004,0.094738,0.000359,0.000006,0.000858,0.108431
16,0.011346,0.000050,0.000004,0.036443,0.000434,0.000007,0.006978,0.055270
21,0.007899,0.000043,0.000004,0.076373,0.004436,0.000005,0.001078,0.089843
52,0.010273,0.000043,0.000004,0.087229,0.000428,0.000005,0.003497,0.101486
58,0.012262,0.000057,0.000004,0.032788,0.000435,0.000006,0.000446,0.046002
40,0.007309,0.000040,0.000004,0.047211,0.000366,0.000004,0.000878,0.055818
22,0.007305,0.000051,0.000005,0.104222,0.000376,0.000007,0.002411,0.114385
41,0.007213,0.000041,0.000003,0.015213,0.000330,0.000004,0.000781,0.023590
10,0.010682,0.000069,0.000008,0.166189,0.000533,0.000008,0.025659,0.203162
22,0.013559,0.000050,0.000004,0.096355,0.000347,0.000004,0.000321,0.110645
34,0.010814,0.000049,0.000004,0.069852,0.000318,0.000005,0.000222,0.081268
69,0.016148,0.000046,0.000006,0.064964,0.000278,0.000005,0.004438,0.085892
42,0.006923,0.000037,0.000003,0.010776,0.000394,0.000006,0.000855,0.018998
61,0.014079,0.000039,0.000003,0.104252,0.000347,0.000004,0.000738,0.119468
59,0.010411,0.000046,0.000004,0.024007,0.000382,0.000005,0.000432,0.035290
43,0.009586,0.000045,0.000005,0.098292,0.000446,0.000006,0.004074,0.112463
35,0.010428,0.000041,0.000004,0.014111,0.000287,0.000005,0.000257,0.025136
28,0.007872,0.000042,0.000004,0.087292,0.000364,0.000005,0.000822,0.096404
30,0.014144,0.000057,0.000005,0.150291,0.000701,0.000020,0.000698,0.165926
22,0.011097,0.000041,0.000005,0.095215,0.000367,0.000005,0.001203,0.107940
23,0.010582,0.000041,0.000004,0.038492,0.000339,0.000005,0.000317,0.049783
53,0.011748,0.000042,0.000005,0.087053,0.000477,0.000007,0.004859,0.104199
82,0.011625,0.000046,0.000005,0.169057,0.000827,0.000042,0.003303,0.184911
23,0.008119,0.000044,0.000004,0.095282,0.000340,0.000006,0.002360,0.106162
17,0.008173,0.000056,0.000005,0.147520,0.000388,0.000005,0.002085,0.158240
23,0.010497,0.000044,0.000004,0.032039,0.000365,0.000005,0.001111,0.044073
70,0.008561,0.000042,0.000004,0.072493,0.000310,0.000004,0.004975,0.086395
62,0.009716,0.000028,0.000003,0.073315,0.000331,0.000005,0.000568,0.083971
43,0.008401,0.000040,0.000004,0.086289,0.000307,0.000005,0.000696,0.095746
36,0.014426,0.000042,0.000005,0.067983,0.000315,0.000004,0.000261,0.083040
60,0.011626,0.000046,0.000004,0.085560,0.000398,0.000006,0.000557,0.098199
29,0.006485,0.000037,0.000005,0.086103,0.000303,0.000005,0.000780,0.093725
11,0.007295,0.000042,0.000008,0.113466,0.000342,0.000004,0.013093,0.134257
83,0.017702,0.000067,0.000006,0.025119,0.000439,0.000009,0.002539,0.045890
24,0.009108,0.000038,0.000004,0.076265,0.000328,0.000004,0.000292,0.086040
44,0.012391,0.000053,0.000006,0.107310,0.000448,0.000007,0.004706,0.124930
54,0.010216,0.000044,0.000004,0.103235,0.000385,0.000004,0.003748,0.117642
24,0.006142,0.000034,0.000003,0.079825,0.000328,0.000004,0.002065,0.088409
45,0.010168,0.000051,0.000006,0.017906,0.000444,0.000006,0.004683,0.033270
71,0.008983,0.000041,0.000004,0.074146,0.000325,0.000004,0.004780,0.088289
63,0.009103,0.000041,0.000004,0.078913,0.000344,0.000005,0.000559,0.088972
24,0.014505,0.000041,0.000003,0.088944,0.000410,0.000005,0.001141,0.105056
25,0.011827,0.000044,0.000004,0.050624,0.000433,0.000004,0.000379,0.063321
37,0.009985,0.000036,0.000004,0.080393,0.000349,0.000004,0.000254,0.091029
31,0.017071,0.000087,0.000008,0.156236,0.000515,0.000011,0.000520,0.174457
38,0.008373,0.000030,0.000004,0.015230,0.000279,0.000004,0.000249,0.024171
61,0.015645,0.000043,0.000005,0.097805,0.000408,0.000005,0.000542,0.114458
30,0.011310,0.000050,0.000004,0.101545,0.000359,0.000006,0.000965,0.114245
44,0.011743,0.000042,0.000004,0.118320,0.000370,0.000006,0.000840,0.131330
39,0.008941,0.000042,0.000003,0.018192,0.000358,0.000005,0.000239,0.027782
84,0.022962,0.000053,0.000006,0.101624,0.000438,0.000006,0.001954,0.127056
25,0.009406,0.000040,0.000003,0.073232,0.000318,0.000005,0.002164,0.085175
12,0.006963,0.000038,0.000009,0.107327,0.000679,0.000013,0.022868,0.137905
18,0.016449,0.000049,0.000004,0.152916,0.000578,0.000011,0.003060,0.173075
72,0.008924,0.000044,0.000004,0.070571,0.000331,0.000004,0.004668,0.084552
55,0.015753,0.000045,0.000004,0.102089,0.000358,0.000004,0.003680,0.121939
25,0.011562,0.000039,0.000005,0.095637,0.000333,0.000004,0.001094,0.108681
13,0.009908,0.000054,0.000009,0.015168,0.000409,0.000009,0.019625,0.045191
46,0.008607,0.000051,0.000006,0.124836,0.000381,0.000006,0.008349,0.142245
40,0.008494,0.000034,0.000003,0.062578,0.000374,0.000005,0.000270,0.071762
62,0.009019,0.000039,0.000004,0.092545,0.000388,0.000005,0.000404,0.102407
73,0.008495,0.000039,0.000004,0.069069,0.000308,0.000004,0.004711,0.082635
85,0.009180,0.000043,0.000004,0.082705,0.000325,0.000005,0.001780,0.094049
31,0.014036,0.000041,0.000004,0.100626,0.000388,0.000005,0.000836,0.115941
26,0.016563,0.000065,0.000010,0.145605,0.000339,0.000004,0.000348,0.162947
47,0.010084,0.000058,0.000007,0.030795,0.000462,0.000007,0.004612,0.046032
56,0.008418,0.000039,0.000005,0.079145,0.000353,0.000005,0.003515,0.091486
32,0.017024,0.000043,0.000004,0.158332,0.000485,0.000010,0.000757,0.176665
19,0.017127,0.000054,0.000005,0.116930,0.000481,0.000008,0.003373,0.137988
45,0.011737,0.000045,0.000005,0.149161,0.000414,0.000006,0.001071,0.162443
41,0.010154,0.000039,0.000004,0.077871,0.000339,0.000005,0.000266,0.088682
26,0.008400,0.000045,0.000004,0.153938,0.000505,0.000012,0.003845,0.166763
74,0.008114,0.000036,0.000004,0.066297,0.000314,0.000004,0.004794,0.079568
26,0.009939,0.000038,0.000003,0.114438,0.000734,0.000013,0.002377,0.127566
57,0.010615,0.000045,0.000005,0.042146,0.000420,0.000006,0.003748,0.056992
42,0.010404,0.000039,0.000004,0.013186,0.000294,0.000004,0.000231,0.024164
63,0.012445,0.000039,0.000003,0.097363,0.000359,0.000004,0.000449,0.110666
86,0.012216,0.000046,0.000003,0.089839,0.000351,0.000005,0.002136,0.104606
75,0.008109,0.000033,0.000004,0.015828,0.000288,0.000004,0.004878,0.029150
43,0.009065,0.000035,0.000004,0.008237,0.000298,0.000004,0.000236,0.017882
27,0.010267,0.000039,0.000005,0.112457,0.000515,0.000006,0.000363,0.123657
76,0.007147,0.000033,0.000003,0.005662,0.000344,0.000005,0.004903,0.018103
32,0.012407,0.000045,0.000004,0.114617,0.000365,0.000005,0.000806,0.128255
14,0.006739,0.000028,0.000005,0.147417,0.000450,0.000006,0.022177,0.176834
87,0.010228,0.000041,0.000003,0.039320,0.004835,0.000009,0.002239,0.056692
48,0.008974,0.000049,0.000005,0.127309,0.000457,0.000006,0.016693,0.153502
33,0.012986,0.000057,0.000005,0.142875,0.000327,0.000005,0.000377,0.156634
33,0.011934,0.000046,0.000004,0.045613,0.000321,0.000005,0.000779,0.058706
44,0.008909,0.000041,0.000004,0.079731,0.000450,0.000009,0.000268,0.089414
46,0.020144,0.000050,0.000005,0.133878,0.000413,0.000007,0.001032,0.155536
34,0.008068,0.000038,0.000003,0.007598,0.000341,0.000004,0.000760,0.016818
34,0.007079,0.000042,0.000005,0.016491,0.000321,0.000004,0.000388,0.024332
20,0.018419,0.000061,0.000007,0.149485,0.000463,0.000009,0.002652,0.171104
77,0.008971,0.000043,0.000004,0.075878,0.000290,0.000004,0.004563,0.089765
58,0.028131,0.000044,0.000004,0.105766,0.000359,0.000005,0.003712,0.138028
28,0.010872,0.000043,0.000004,0.100486,0.000493,0.000004,0.000350,0.112257
27,0.010980,0.000052,0.000005,0.161767,0.000449,0.000010,0.003618,0.176890
27,0.014185,0.000060,0.000009,0.150821,0.006178,0.000012,0.001761,0.173039
47,0.013318,0.000046,0.000004,0.033703,0.000353,0.000006,0.000839,0.048273
45,0.009660,0.000031,0.000003,0.073758,0.000315,0.000004,0.000223,0.083996
35,0.009609,0.000042,0.000004,0.082432,0.000338,0.000004,0.000798,0.093230
78,0.008871,0.000038,0.000004,0.068227,0.000292,0.000005,0.004636,0.082080
35,0.007013,0.000040,0.000004,0.089303,0.000335,0.000004,0.000377,0.097078
49,0.009761,0.000056,0.000006,0.141943,0.000435,0.000006,0.004509,0.156725
79,0.009392,0.000042,0.000004,0.012626,0.000349,0.000007,0.005621,0.028047
88,0.022382,0.000053,0.000005,0.151826,0.000531,0.000011,0.003360,0.178177
15,0.008738,0.000052,0.000008,0.170454,0.000646,0.000012,0.031191,0.211110
46,0.008124,0.000034,0.000003,0.059373,0.000284,0.000005,0.000216,0.068040
59,0.011923,0.000040,0.000003,0.112155,0.000345,0.000005,0.011911,0.136390
29,0.024409,0.000044,0.000004,0.100269,0.000419,0.000007,0.000460,0.125617
80,0.008497,0.000037,0.000004,0.029350,0.000308,0.000004,0.004713,0.042919
21,0.015733,0.000062,0.000005,0.147316,0.000479,0.000008,0.002728,0.166340
48,0.010350,0.000045,0.000006,0.140266,0.000470,0.000009,0.001559,0.152729
60,0.014052,0.000062,0.000004,0.033717,0.000368,0.000005,0.003543,0.051759
36,0.010426,0.000041,0.000004,0.105922,0.000351,0.000005,0.000834,0.117588
36,0.007245,0.000038,0.000004,0.109215,0.000353,0.000004,0.000362,0.117226
28,0.019132,0.000058,0.000005,0.161246,0.000457,0.000011,0.003712,0.184629
47,0.008812,0.000034,0.000003,0.065340,0.000414,0.000004,0.000229,0.074841
16,0.018113,0.000057,0.000008,0.047284,0.000428,0.000008,0.028249,0.094158
61,0.009616,0.000037,0.000004,0.010448,0.000337,0.000004,0.003755,0.024210
81,0.008101,0.000036,0.000004,0.050623,0.000300,0.000006,0.004549,0.063625
37,0.009910,0.000043,0.000005,0.015260,0.000303,0.000004,0.004967,0.030500
28,0.015424,0.000064,0.000005,0.186121,0.004553,0.000010,0.001625,0.207811
82,0.011247,0.000031,0.000004,0.005234,0.000285,0.000005,0.004306,0.021116
62,0.018678,0.000049,0.000005,0.010787,0.000345,0.000004,0.003664,0.033541
50,0.011649,0.000048,0.000004,0.135326,0.000400,0.000007,0.004831,0.152276
30,0.012853,0.000040,0.000004,0.103873,0.000387,0.000006,0.000364,0.117531
48,0.008718,0.000036,0.000003,0.058789,0.000421,0.000008,0.000317,0.068296
29,0.016089,0.000055,0.000006,0.028894,0.000503,0.000010,0.001997,0.047565
89,0.019580,0.000059,0.000006,0.156583,0.000486,0.000009,0.002476,0.179207
37,0.007231,0.000046,0.000004,0.113076,0.000269,0.000005,0.000258,0.120891
83,0.008593,0.000038,0.000004,0.062159,0.000325,0.000004,0.012579,0.083708
30,0.025159,0.000076,0.000007,0.023088,0.000552,0.000012,0.001673,0.050576
38,0.014175,0.000041,0.000003,0.090594,0.000420,0.000007,0.001124,0.106371
63,0.010001,0.000041,0.000004,0.086090,0.000349,0.000004,0.003320,0.099814
49,0.009782,0.000037,0.000003,0.073062,0.000303,0.000004,0.000228,0.083422
29,0.010636,0.000046,0.000004,0.144554,0.000337,0.000004,0.002364,0.157954
31,0.012693,0.000048,0.000005,0.015031,0.000410,0.000009,0.001439,0.029644
22,0.015378,0.000078,0.000008,0.188855,0.000416,0.000007,0.005255,0.210008
49,0.018581,0.000092,0.000013,0.169101,0.000457,0.000010,0.001132,0.189392
31,0.011596,0.000043,0.000005,0.102547,0.000433,0.000004,0.000334,0.114965
30,0.006969,0.000042,0.000005,0.016234,0.000367,0.000006,0.002073,0.025702
51,0.010387,0.000049,0.000005,0.125054,0.000438,0.000006,0.004306,0.140254
17,0.008589,0.000042,0.000007,0.158808,0.000447,0.000007,0.019954,0.187862
84,0.013323,0.000037,0.000004,0.061092,0.000295,0.000004,0.004326,0.079087
38,0.007214,0.000037,0.000004,0.093896,0.000482,0.000009,0.000480,0.102125
52,0.008561,0.000047,0.000006,0.022167,0.000446,0.000006,0.004341,0.035582
50,0.008424,0.000033,0.000003,0.066095,0.000291,0.000005,0.000232,0.075086
64,0.028209,0.000074,0.000009,0.111151,0.000513,0.000008,0.000509,0.140478
39,0.010458,0.000037,0.000004,0.091273,0.000331,0.000004,0.000771,0.102882
51,0.008686,0.000035,0.000003,0.011675,0.000273,0.000004,0.000206,0.020883
90,0.015988,0.000081,0.000007,0.159233,0.000525,0.000011,0.003024,0.178876
52,0.008106,0.000034,0.000004,0.007537,0.000311,0.000004,0.000208,0.016206
32,0.012154,0.000046,0.000004,0.095980,0.000385,0.000006,0.000304,0.108882
53,0.008489,0.000045,0.000004,0.042537,0.000465,0.000006,0.004321,0.055876
32,0.012091,0.000051,0.000004,0.114913,0.000356,0.000005,0.001012,0.128438
85,0.017619,0.000043,0.000004,0.062100,0.000317,0.000004,0.004389,0.084482
31,0.006990,0.000041,0.000004,0.095426,0.000314,0.000005,0.002197,0.104981
39,0.010251,0.000046,0.000005,0.080927,0.000252,0.000004,0.000279,0.091767
23,0.011797,0.000062,0.000006,0.130444,0.000400,0.000007,0.010360,0.153085
50,0.022063,0.000079,0.000008,0.124606,0.000429,0.000007,0.000960,0.148160
33,0.009347,0.000037,0.000004,0.024999,0.000404,0.000007,0.001318,0.036121
53,0.008263,0.000035,0.000003,0.057830,0.000316,0.000004,0.000227,0.066680
40,0.011488,0.000043,0.000004,0.093797,0.000468,0.000006,0.000854,0.106671
65,0.016219,0.000072,0.000007,0.090678,0.000461,0.000007,0.000427,0.107875
86,0.007069,0.000032,0.000004,0.062699,0.000265,0.000004,0.004053,0.074133
40,0.007114,0.000040,0.000004,0.043285,0.000408,0.000006,0.000350,0.051212
18,0.010285,0.000049,0.000008,0.157318,0.000393,0.000007,0.020341,0.188412
34,0.008824,0.000037,0.000003,0.020340,0.000333,0.000004,0.023872,0.053434
91,0.016279,0.000059,0.000005,0.101395,0.000323,0.000005,0.001734,0.119808
32,0.007771,0.000044,0.000004,0.103450,0.000406,0.000005,0.002716,0.114401
35,0.010973,0.000038,0.000004,0.015114,0.000267,0.000004,0.001186,0.027590
66,0.012206,0.000041,0.000004,0.061532,0.000304,0.000004,0.000299,0.074394
54,0.007258,0.000031,0.000003,0.073198,0.000396,0.000005,0.000253,0.081147
33,0.011631,0.000049,0.000004,0.131500,0.000414,0.000007,0.000448,0.144056
54,0.009723,0.000048,0.000006,0.124179,0.000471,0.000007,0.004966,0.139408
87,0.008012,0.000038,0.000004,0.059299,0.000283,0.000005,0.004499,0.072145
41,0.011401,0.000048,0.000005,0.086930,0.000308,0.000004,0.000808,0.099510
55,0.011045,0.000038,0.000004,0.015114,0.000283,0.000004,0.000201,0.026691
67,0.007822,0.000032,0.000003,0.023201,0.000303,0.000004,0.000276,0.031645
24,0.015861,0.000048,0.000006,0.128639,0.000418,0.000009,0.002582,0.147572
41,0.009942,0.000043,0.000005,0.097621,0.000319,0.000005,0.000336,0.108273
51,0.012454,0.000047,0.000004,0.151270,0.000476,0.000006,0.001118,0.165382
36,0.009639,0.000043,0.000004,0.080049,0.000312,0.000004,0.001116,0.091174
92,0.009839,0.000039,0.000004,0.106141,0.000344,0.000006,0.002280,0.118658
33,0.009117,0.000045,0.000003,0.097270,0.000333,0.000005,0.002572,0.109351
42,0.007357,0.000044,0.000004,0.028903,0.000399,0.000006,0.000391,0.037107
88,0.008510,0.000035,0.000003,0.068134,0.000306,0.000004,0.004372,0.081372
34,0.011436,0.000043,0.000004,0.085131,0.000346,0.000005,0.000309,0.097277
56,0.007945,0.000033,0.000003,0.068388,0.000330,0.000004,0.000233,0.076938
68,0.006868,0.000032,0.000002,0.069535,0.000302,0.000004,0.000269,0.077014
42,0.010152,0.000045,0.000004,0.082076,0.000359,0.000004,0.000777,0.093425
89,0.007997,0.000035,0.000004,0.027275,0.000424,0.000005,0.004269,0.040027
19,0.009834,0.000063,0.000010,0.148958,0.000805,0.000020,0.026460,0.186157
35,0.008782,0.000040,0.000003,0.030374,0.000299,0.000005,0.000270,0.039776
55,0.008118,0.000047,0.000004,0.127909,0.000457,0.000007,0.004307,0.140858
69,0.009408,0.000032,0.000003,0.022657,0.000290,0.000004,0.000263,0.032660
43,0.009889,0.000046,0.000005,0.020197,0.000302,0.000004,0.000744,0.031191
64,0.026292,0.000057,0.000006,0.020787,0.000402,0.000005,0.000361,0.047917
93,0.012222,0.000044,0.000005,0.083459,0.000335,0.000004,0.002037,0.098114
43,0.006722,0.000037,0.000004,0.082188,0.000350,0.000006,0.000368,0.089678
36,0.008724,0.000038,0.000004,0.015809,0.000332,0.000005,0.000288,0.025203
37,0.010018,0.000043,0.000004,0.090502,0.000352,0.000004,0.001137,0.102065
57,0.014092,0.000042,0.000004,0.071817,0.000373,0.000005,0.000232,0.086565
20,0.010538,0.000056,0.000008,0.007984,0.000583,0.000010,0.023005,0.042196
34,0.009911,0.000042,0.000003,0.098308,0.000382,0.000004,0.002352,0.111009
25,0.011915,0.000052,0.000005,0.151615,0.000506,0.000009,0.002765,0.166874
44,0.007548,0.000039,0.000004,0.015561,0.000329,0.000004,0.000388,0.023877
90,0.009624,0.000043,0.000004,0.069648,0.000329,0.000006,0.004676,0.084336
58,0.009214,0.000036,0.000003,0.023711,0.000297,0.000005,0.000223,0.033491
70,0.010083,0.000033,0.000004,0.061958,0.000277,0.000004,0.000256,0.072618
52,0.012190,0.000046,0.000004,0.163536,0.000447,0.000007,0.001025,0.177261
91,0.008141,0.000035,0.000004,0.010113,0.000268,0.000004,0.004340,0.022910
26,0.016101,0.000071,0.000007,0.027576,0.000449,0.000008,0.002593,0.046812
56,0.011005,0.000039,0.000004,0.085958,0.000382,0.000005,0.002966,0.100365
65,0.010786,0.000042,0.000005,0.090102,0.000374,0.000005,0.000272,0.101588
38,0.008171,0.000038,0.000005,0.079203,0.000311,0.000004,0.000975,0.088712
37,0.009820,0.000068,0.000004,0.087337,0.000362,0.000005,0.000320,0.097917
94,0.008268,0.000036,0.000005,0.097376,0.000336,0.000005,0.001776,0.107808
45,0.006869,0.000039,0.000005,0.074375,0.000357,0.000005,0.000363,0.082016
44,0.017492,0.000051,0.000005,0.117600,0.000422,0.000009,0.001086,0.136673
35,0.008970,0.000038,0.000004,0.083222,0.000302,0.000004,0.002221,0.094768
66,0.009640,0.000040,0.000004,0.015080,0.000338,0.000005,0.000269,0.025379
71,0.009944,0.000043,0.000004,0.068440,0.000350,0.000005,0.000290,0.079084
59,0.008018,0.000033,0.000003,0.076244,0.000320,0.000005,0.000213,0.084838
92,0.009384,0.000041,0.000004,0.067149,0.000291,0.000005,0.004482,0.081362
95,0.011097,0.000049,0.000004,0.027212,0.000380,0.000006,0.002202,0.040958
67,0.009558,0.000040,0.000004,0.033456,0.000371,0.000008,0.000257,0.043697
45,0.012417,0.000049,0.000005,0.033101,0.000411,0.000008,0.001225,0.047222
96,0.008165,0.000034,0.000004,0.006926,0.000355,0.000006,0.001800,0.017297
93,0.009058,0.000041,0.000003,0.011058,0.000315,0.000004,0.004486,0.024972
21,0.011146,0.000046,0.000007,0.134708,0.000510,0.000009,0.023860,0.170300
27,0.010810,0.000047,0.000004,0.100937,0.000454,0.000010,0.004397,0.116672
68,0.010152,0.000039,0.000004,0.023722,0.000379,0.000007,0.000319,0.034624
94,0.007978,0.000035,0.000004,0.007338,0.000342,0.000005,0.005054,0.020762
46,0.006062,0.000038,0.000004,0.088181,0.000304,0.000004,0.000318,0.094913
38,0.009137,0.000037,0.000004,0.098405,0.000357,0.000005,0.000293,0.108241
72,0.008016,0.000032,0.000003,0.070386,0.000312,0.000004,0.000267,0.079023
60,0.010029,0.000038,0.000004,0.064419,0.000301,0.000005,0.000237,0.075035
57,0.009521,0.000041,0.000005,0.128440,0.000410,0.000009,0.004141,0.142580
69,0.009088,0.000038,0.000006,0.007738,0.000331,0.000004,0.000286,0.017495
39,0.010218,0.000039,0.000005,0.112786,0.000427,0.000007,0.001512,0.125002
36,0.007046,0.000039,0.000003,0.105124,0.000368,0.000005,0.002358,0.114948
28,0.009985,0.000041,0.000005,0.032279,0.000385,0.000005,0.002592,0.045304
70,0.009741,0.000041,0.000005,0.008047,0.000336,0.000004,0.000237,0.018414
58,0.008073,0.000046,0.000005,0.014878,0.000425,0.000009,0.004167,0.027611
47,0.009002,0.000044,0.000006,0.031507,0.000369,0.000005,0.000441,0.041378
53,0.016113,0.000090,0.000012,0.190707,0.000598,0.000011,0.001849,0.209391
40,0.014707,0.000055,0.000005,0.020034,0.000470,0.000009,0.001701,0.036991
22,0.011425,0.000047,0.000007,0.048421,0.000427,0.000007,0.020176,0.080519
97,0.008030,0.000039,0.000003,0.082996,0.000327,0.000004,0.001693,0.093098
37,0.008198,0.000046,0.000006,0.027166,0.000372,0.000004,0.002181,0.037978
95,0.008185,0.000034,0.000003,0.072481,0.000326,0.000004,0.004429,0.085470
29,0.010796,0.000041,0.000004,0.029612,0.000355,0.000008,0.002392,0.043216
73,0.010444,0.000035,0.000004,0.072548,0.000339,0.000005,0.000278,0.083656
61,0.008249,0.000034,0.000003,0.076617,0.000323,0.000004,0.000297,0.085530
54,0.019070,0.000068,0.000006,0.023543,0.000427,0.000006,0.001126,0.044253
39,0.011738,0.000040,0.000004,0.087555,0.000319,0.000005,0.000363,0.100027
74,0.008354,0.000034,0.000004,0.011298,0.000346,0.000005,0.000276,0.020320
71,0.010164,0.000042,0.000003,0.080034,0.000335,0.000005,0.000291,0.090879
55,0.009712,0.000045,0.000004,0.012198,0.000380,0.000006,0.000945,0.023296
48,0.007045,0.000041,0.000004,0.078171,0.000315,0.000004,0.000355,0.085938
46,0.010741,0.000052,0.000006,0.174409,0.000543,0.000007,0.001034,0.186799
30,0.012844,0.000052,0.000004,0.046392,0.000445,0.000009,0.002816,0.062567
38,0.005874,0.000035,0.000004,0.083702,0.000309,0.000004,0.002021,0.091955
98,0.010028,0.000042,0.000005,0.087021,0.000398,0.000007,0.001701,0.099206
96,0.007870,0.000036,0.000004,0.073398,0.000324,0.000006,0.004283,0.085927
62,0.009312,0.000037,0.000003,0.069624,0.000325,0.000004,0.000226,0.079533
41,0.014440,0.000066,0.000008,0.103657,0.000368,0.000004,0.001015,0.119564
40,0.010162,0.000047,0.000004,0.067757,0.000352,0.000005,0.000308,0.078638
72,0.013023,0.000052,0.000005,0.048935,0.000464,0.000009,0.000337,0.062830
75,0.008230,0.000032,0.000003,0.072822,0.000320,0.000004,0.000301,0.081715
59,0.008913,0.000043,0.000005,0.139098,0.000393,0.000009,0.003889,0.152359
23,0.010805,0.000045,0.000008,0.120039,0.000345,0.000005,0.014074,0.145329
39,0.009203,0.000037,0.000004,0.042746,0.000367,0.000006,0.002429,0.054798
76,0.008525,0.000034,0.000005,0.018125,0.000408,0.000004,0.000319,0.027426
49,0.007219,0.000042,0.000004,0.093652,0.000323,0.000005,0.000350,0.101597
97,0.009687,0.000035,0.000003,0.068288,0.000288,0.000004,0.004842,0.083154
99,0.011139,0.000037,0.000003,0.076510,0.000330,0.000004,0.001887,0.089916
24,0.009475,0.000037,0.000007,0.025879,0.000383,0.000005,0.013115,0.048908
63,0.009200,0.000040,0.000003,0.075816,0.000305,0.000004,0.000221,0.085590
56,0.011009,0.000044,0.000004,0.129749,0.000416,0.000008,0.001095,0.142331
41,0.009635,0.000041,0.000004,0.086877,0.000350,0.000004,0.000326,0.097240
31,0.013205,0.000053,0.000004,0.127325,0.000327,0.000005,0.002017,0.142942
77,0.008548,0.000036,0.000004,0.066773,0.000302,0.000004,0.000270,0.075941
57,0.008697,0.000044,0.000006,0.018845,0.000437,0.000008,0.000947,0.028991
42,0.009327,0.000043,0.000005,0.017078,0.000339,0.000005,0.000291,0.027091
47,0.018154,0.000053,0.000006,0.148384,0.000546,0.000010,0.001096,0.168257
40,0.009569,0.000040,0.000005,0.084674,0.000347,0.000004,0.002347,0.096991
73,0.012171,0.000050,0.000004,0.113711,0.000420,0.000005,0.000293,0.126658
98,0.008219,0.000036,0.000003,0.059630,0.000305,0.000005,0.004394,0.072595
42,0.016808,0.000086,0.000007,0.130156,0.000384,0.000007,0.001113,0.148568
41,0.009791,0.000042,0.000003,0.019531,0.000353,0.000005,0.002360,0.032092
50,0.008863,0.000042,0.000004,0.105555,0.000367,0.000005,0.000353,0.115193
60,0.008446,0.000045,0.000004,0.141289,0.000436,0.000008,0.004314,0.154552
99,0.006789,0.000031,0.000003,0.019747,0.000271,0.000005,0.003739,0.030591
58,0.011451,0.000050,0.000003,0.046646,0.000371,0.000007,0.000999,0.059534
100,0.010034,0.000043,0.000005,0.103470,0.000324,0.000005,0.001887,0.115773
25,0.009581,0.000040,0.000007,0.095437,0.000365,0.000004,0.013061,0.118508
78,0.009259,0.000035,0.000003,0.068357,0.000326,0.000004,0.000283,0.078270
32,0.009623,0.000038,0.000003,0.105062,0.000414,0.000005,0.002104,0.117263
43,0.009802,0.000049,0.000003,0.084276,0.000372,0.000005,0.000300,0.094810
43,0.010347,0.000042,0.000004,0.083231,0.000366,0.000004,0.001110,0.095110
74,0.011636,0.000044,0.000006,0.091857,0.000353,0.000004,0.000271,0.104176
26,0.010393,0.000042,0.000009,0.023321,0.000382,0.000005,0.019308,0.053470
100,0.012894,0.000051,0.000005,0.059283,0.000299,0.000005,0.003876,0.076418
79,0.009076,0.000032,0.000003,0.062154,0.000276,0.000004,0.000255,0.071803
42,0.007682,0.000069,0.000006,0.100417,0.000382,0.000005,0.002232,0.110800
51,0.009262,0.000042,0.000004,0.099829,0.000365,0.000006,0.000358,0.109870
48,0.011393,0.000047,0.000005,0.147804,0.000440,0.000009,0.001087,0.160792
101,0.011706,0.000040,0.000005,0.094543,0.000386,0.000006,0.001923,0.108615
101,0.007026,0.000033,0.000004,0.056660,0.000275,0.000004,0.003761,0.067769
33,0.011127,0.000038,0.000004,0.090316,0.000321,0.000004,0.002152,0.103972
44,0.010432,0.000039,0.000004,0.091094,0.000330,0.000005,0.000312,0.102219
61,0.008803,0.000045,0.000004,0.152535,0.000449,0.000009,0.004099,0.165952
80,0.007958,0.000032,0.000004,0.061338,0.000308,0.000004,0.000295,0.069941
75,0.008799,0.000040,0.000005,0.094125,0.000321,0.000006,0.000243,0.103540
44,0.009815,0.000038,0.000003,0.095264,0.000347,0.000005,0.001049,0.106528
59,0.013436,0.000080,0.000009,0.162525,0.000516,0.000010,0.001172,0.177780
45,0.010073,0.000039,0.000003,0.039342,0.000423,0.000008,0.000359,0.050253
62,0.008757,0.000044,0.000004,0.034288,0.000471,0.000007,0.004035,0.047617
43,0.007581,0.000042,0.000004,0.099227,0.000374,0.000005,0.002265,0.109507
102,0.007700,0.000037,0.000003,0.060027,0.000302,0.000005,0.004347,0.072425
27,0.011731,0.000047,0.000009,0.121845,0.000605,0.000007,0.021145,0.155410
81,0.009285,0.000036,0.000004,0.062912,0.000300,0.000004,0.000275,0.072820
102,0.010961,0.000038,0.000004,0.108161,0.000508,0.000006,0.001718,0.121409
52,0.013954,0.000050,0.000006,0.128435,0.000456,0.000006,0.000511,0.143422
34,0.010439,0.000039,0.000004,0.084474,0.000322,0.000004,0.002041,0.097330
53,0.007163,0.000050,0.000005,0.013200,0.000433,0.000006,0.000495,0.021356
76,0.010892,0.000040,0.000005,0.090709,0.000445,0.000005,0.000314,0.102416
45,0.011833,0.000047,0.000005,0.094250,0.000404,0.000005,0.001082,0.107629
103,0.011226,0.000037,0.000006,0.029118,0.000292,0.000006,0.001835,0.042527
103,0.008880,0.000036,0.000004,0.062789,0.000271,0.000005,0.003998,0.075986
46,0.010743,0.000044,0.000005,0.078143,0.000359,0.000004,0.000301,0.089603
49,0.009940,0.000047,0.000005,0.186748,0.000527,0.000012,0.001516,0.198803
82,0.008302,0.000038,0.000003,0.063071,0.000308,0.000004,0.000273,0.072003
60,0.018452,0.000061,0.000006,0.130947,0.000656,0.000025,0.002521,0.152683
63,0.009030,0.000053,0.000006,0.130959,0.000406,0.000007,0.004148,0.144620
104,0.007600,0.000032,0.000004,0.056190,0.000250,0.000004,0.003487,0.067573
46,0.009940,0.000044,0.000005,0.065194,0.000621,0.000007,0.001570,0.077398
35,0.009716,0.000038,0.000003,0.099922,0.000393,0.000006,0.006625,0.116713
44,0.012527,0.000056,0.000005,0.139073,0.000503,0.000011,0.005459,0.157649
50,0.014984,0.000058,0.000005,0.046479,0.000413,0.000010,0.001068,0.063023
54,0.008151,0.000054,0.000004,0.098764,0.000333,0.000005,0.000342,0.107655
105,0.006409,0.000029,0.000004,0.005105,0.000276,0.000006,0.003642,0.015476
28,0.013291,0.000047,0.000011,0.121147,0.000460,0.000006,0.020890,0.155863
104,0.009910,0.000039,0.000006,0.088064,0.000344,0.000004,0.001868,0.100242
83,0.010096,0.000036,0.000004,0.068115,0.000354,0.000004,0.000284,0.078895
47,0.010144,0.000035,0.000004,0.093182,0.000344,0.000004,0.000330,0.104046
105,0.010038,0.004088,0.000005,0.024425,0.000373,0.000006,0.001846,0.040790
106,0.007876,0.000037,0.000004,0.057122,0.000291,0.000006,0.004031,0.069372
106,0.008435,0.000039,0.000004,0.007172,0.000298,0.000005,0.001576,0.017534
64,0.018725,0.000042,0.000004,0.057243,0.000367,0.000005,0.000230,0.076618
77,0.012113,0.000049,0.000005,0.178545,0.000454,0.000007,0.000368,0.191547
84,0.009450,0.000030,0.000003,0.063351,0.000304,0.000005,0.000252,0.073399
36,0.010935,0.000047,0.000003,0.095088,0.000452,0.000004,0.002069,0.108603
55,0.007133,0.000039,0.000004,0.088935,0.000319,0.000004,0.000327,0.096765
107,0.007918,0.000039,0.000004,0.012719,0.000315,0.000005,0.001718,0.022723
61,0.012819,0.000047,0.000004,0.133295,0.000395,0.000005,0.000946,0.147518
48,0.010519,0.000042,0.000004,0.098584,0.000400,0.000005,0.000297,0.109855
37,0.011860,0.000040,0.000004,0.021433,0.000311,0.000004,0.001970,0.035627
51,0.009516,0.000044,0.000004,0.129052,0.000455,0.000010,0.001349,0.140436
45,0.009513,0.000045,0.000004,0.135859,0.000466,0.000010,0.002379,0.148285
107,0.008156,0.000038,0.000004,0.062120,0.000304,0.000006,0.004401,0.075033
65,0.008451,0.000036,0.000004,0.061540,0.000331,0.000005,0.000172,0.070541
29,0.010064,0.000045,0.000011,0.122543,0.000484,0.000006,0.016793,0.149957
47,0.012547,0.000048,0.000005,0.155160,0.000555,0.000012,0.002144,0.170480
85,0.008948,0.000037,0.000003,0.058937,0.000280,0.000004,0.000272,0.068483
38,0.008817,0.000037,0.000043,0.024344,0.000326,0.000004,0.001979,0.035556
46,0.010597,0.000056,0.000005,0.023424,0.000769,0.000024,0.003487,0.038369
78,0.011390,0.000036,0.000004,0.088917,0.000385,0.000005,0.000285,0.101024
108,0.009254,0.000040,0.000005,0.078490,0.000358,0.000004,0.001965,0.090122
56,0.006691,0.000038,0.000003,0.086591,0.000319,0.000004,0.000337,0.093987
108,0.006819,0.000030,0.000003,0.047038,0.000289,0.000004,0.003684,0.057872
52,0.014312,0.000054,0.000006,0.056432,0.000445,0.000009,0.001069,0.072335
66,0.008620,0.000036,0.000003,0.066075,0.000321,0.000007,0.000177,0.075242
109,0.007641,0.000033,0.000003,0.011045,0.000302,0.000004,0.004273,0.023306
49,0.011416,0.000042,0.000004,0.087371,0.000335,0.000004,0.000301,0.099476
109,0.009156,0.000037,0.000004,0.029082,0.000336,0.000004,0.001914,0.040540
86,0.011993,0.000043,0.000004,0.060733,0.000322,0.000004,0.000249,0.073350
67,0.008111,0.000032,0.000003,0.013701,0.000315,0.000004,0.000182,0.022350
39,0.009497,0.000034,0.000004,0.077342,0.000316,0.000005,0.002141,0.089345
110,0.007498,0.000035,0.000003,0.018641,0.000302,0.000004,0.004191,0.030678
50,0.009188,0.000037,0.000004,0.027790,0.000311,0.000005,0.000290,0.037627
110,0.010100,0.000045,0.000004,0.028592,0.000403,0.000005,0.002103,0.041258
57,0.007256,0.000045,0.000004,0.078572,0.000335,0.000005,0.000368,0.086588
62,0.016911,0.000068,0.000006,0.156156,0.000503,0.000008,0.001301,0.174958
79,0.010283,0.000040,0.000004,0.093484,0.000333,0.000005,0.000268,0.104420
48,0.011691,0.000048,0.000005,0.136548,0.000431,0.000009,0.001505,0.150244
87,0.009798,0.000036,0.000003,0.059580,0.000302,0.000004,0.000252,0.069978
68,0.007693,0.000032,0.000003,0.056833,0.000338,0.000004,0.000193,0.065098
47,0.009922,0.000051,0.000006,0.134730,0.000414,0.000008,0.003023,0.148163
30,0.012474,0.000057,0.000009,0.123399,0.000547,0.000008,0.039373,0.175879
58,0.007592,0.000040,0.000004,0.040091,0.000506,0.000009,0.000410,0.048655
111,0.007796,0.000043,0.000003,0.058846,0.000351,0.000005,0.004282,0.071330
80,0.011121,0.000043,0.000004,0.029749,0.000357,0.000005,0.000262,0.041544
88,0.007949,0.000033,0.000003,0.025354,0.000305,0.000004,0.000243,0.033895
40,0.010175,0.000037,0.000004,0.079328,0.000323,0.000005,0.002193,0.092071
53,0.011210,0.000073,0.000005,0.139327,0.000359,0.000007,0.001021,0.152011
69,0.008443,0.000033,0.000003,0.051179,0.000256,0.000004,0.000188,0.060106
111,0.010049,0.000041,0.000004,0.089270,0.000402,0.000006,0.001848,0.101626
51,0.011691,0.000043,0.000004,0.103632,0.000364,0.000005,0.000334,0.116076
54,0.012648,0.000050,0.000005,0.018069,0.000479,0.000008,0.001136,0.032402
112,0.008480,0.000034,0.000003,0.056127,0.000304,0.000004,0.004141,0.069099
70,0.007855,0.000039,0.000003,0.025401,0.000295,0.000004,0.000169,0.033769
89,0.008980,0.000034,0.000003,0.060513,0.000286,0.000004,0.000286,0.070109
59,0.008045,0.000042,0.000004,0.083428,0.000329,0.000004,0.000342,0.092197
81,0.009855,0.000043,0.000004,0.088556,0.000420,0.000004,0.000300,0.099185
31,0.011450,0.000044,0.000006,0.088289,0.000383,0.000004,0.014847,0.115031
60,0.006316,0.000039,0.000004,0.012638,0.000328,0.000004,0.000326,0.019659
64,0.011640,0.000082,0.000007,0.145989,0.000559,0.000011,0.003595,0.161900
49,0.012291,0.000047,0.000004,0.143791,0.000502,0.000007,0.001480,0.158129
63,0.016220,0.000060,0.000004,0.163030,0.000486,0.000007,0.001119,0.180939
41,0.009720,0.000035,0.000003,0.102766,0.000326,0.000005,0.002051,0.114913
61,0.006942,0.000036,0.000004,0.011142,0.000335,0.000005,0.000375,0.018842
113,0.007710,0.000033,0.000003,0.053219,0.000281,0.000004,0.004155,0.065412
48,0.008647,0.000046,0.000004,0.134407,0.000382,0.000009,0.002832,0.146335
71,0.008524,0.000036,0.000003,0.048707,0.000269,0.000004,0.000167,0.057713
90,0.008542,0.000038,0.000003,0.052420,0.000279,0.000004,0.000245,0.061533
52,0.010516,0.000041,0.000005,0.085781,0.000374,0.000004,0.000283,0.097008
112,0.013734,0.000052,0.000005,0.114409,0.000358,0.000005,0.002059,0.130629
49,0.012920,0.000075,0.000012,0.027649,0.000435,0.000008,0.003165,0.044274
82,0.010076,0.000042,0.000005,0.076841,0.000314,0.000005,0.000253,0.087538
114,0.007032,0.000033,0.000004,0.045158,0.000256,0.000004,0.003676,0.056167
91,0.007560,0.000031,0.000004,0.046611,0.000230,0.000004,0.000233,0.054675
32,0.009833,0.000044,0.000006,0.080374,0.000342,0.000005,0.013724,0.104335
62,0.007027,0.000041,0.000004,0.073674,0.000322,0.000005,0.000354,0.081430
72,0.011106,0.000031,0.000003,0.060962,0.000316,0.000005,0.000174,0.072601
42,0.011899,0.000057,0.000003,0.072589,0.000402,0.000004,0.002107,0.087069
55,0.009977,0.000048,0.000004,0.144621,0.000446,0.000008,0.001009,0.156120
73,0.009368,0.000037,0.000003,0.011626,0.000298,0.000004,0.000211,0.021549
53,0.010505,0.000038,0.000004,0.095275,0.000409,0.000005,0.000348,0.106585
115,0.007804,0.000039,0.000003,0.056593,0.000316,0.000005,0.004018,0.068783
65,0.008503,0.000053,0.000004,0.144806,0.000435,0.000007,0.003697,0.157513
92,0.007138,0.000030,0.000003,0.063335,0.000300,0.000004,0.000254,0.071067
83,0.009295,0.000038,0.000004,0.076976,0.000304,0.000005,0.000232,0.086857
113,0.009533,0.000036,0.000004,0.103169,0.000804,0.000020,0.005495,0.119072
116,0.008005,0.000036,0.000003,0.024858,0.000318,0.000004,0.004090,0.037321
74,0.008077,0.000033,0.000004,0.055880,0.000274,0.000004,0.000180,0.064454
63,0.007068,0.000035,0.000005,0.087838,0.000335,0.000004,0.000380,0.095667
43,0.010459,0.000037,0.000003,0.080866,0.000318,0.000004,0.002158,0.093852
50,0.007333,0.000041,0.000004,0.123237,0.000404,0.000010,0.002972,0.134012
50,0.012368,0.000065,0.000005,0.178885,0.000515,0.000010,0.001683,0.193540
114,0.009879,0.000041,0.000004,0.019089,0.000398,0.000009,0.002120,0.031550
33,0.010411,0.000047,0.000007,0.095862,0.000354,0.000005,0.012936,0.119628
84,0.013121,0.000049,0.000005,0.044852,0.000437,0.000008,0.000330,0.058807
93,0.007695,0.000031,0.000003,0.056808,0.000266,0.000004,0.000225,0.065035
51,0.012035,0.000045,0.000003,0.020338,0.000458,0.000008,0.001463,0.034358
115,0.010575,0.000046,0.000004,0.014811,0.000388,0.000009,0.002342,0.028182
94,0.008706,0.000033,0.000003,0.011722,0.000285,0.000004,0.000243,0.020999
117,0.007587,0.000035,0.000003,0.062430,0.000323,0.000006,0.003950,0.074339
75,0.007995,0.000035,0.000003,0.062331,0.000280,0.000004,0.000181,0.070831
56,0.012384,0.000054,0.000004,0.149474,0.000600,0.000012,0.001904,0.164439
54,0.011876,0.000043,0.000003,0.118929,0.000412,0.000009,0.000386,0.131662
44,0.010179,0.000040,0.000005,0.098704,0.000363,0.000005,0.002107,0.111410
95,0.007344,0.000031,0.000003,0.051119,0.000270,0.000004,0.000239,0.059013
34,0.008537,0.000037,0.000006,0.075994,0.000339,0.000004,0.012914,0.097838
66,0.009673,0.000043,0.000004,0.155197,0.000418,0.000009,0.002739,0.168094
76,0.008727,0.000035,0.000003,0.053686,0.000263,0.000005,0.000180,0.062900
118,0.007744,0.000035,0.000004,0.059950,0.000298,0.000004,0.003866,0.071905
51,0.010398,0.000049,0.000004,0.141286,0.000427,0.000009,0.002972,0.155153
119,0.007923,0.000036,0.000004,0.014514,0.000301,0.000004,0.003826,0.026613
77,0.013636,0.000054,0.000004,0.018514,0.000381,0.000004,0.000213,0.032812
96,0.006162,0.000033,0.000003,0.059914,0.000271,0.000004,0.000293,0.066684
52,0.009391,0.000047,0.000005,0.138753,0.000339,0.000004,0.000965,0.149508
52,0.008735,0.000045,0.000004,0.022078,0.000394,0.000009,0.002778,0.034049
116,0.010714,0.000050,0.000004,0.133798,0.000404,0.000008,0.002451,0.147437
85,0.011885,0.000062,0.000004,0.163213,0.000460,0.000011,0.000382,0.176022
97,0.009190,0.000033,0.000003,0.010219,0.000276,0.000004,0.000263,0.019991
57,0.014538,0.000047,0.000005,0.120492,0.000401,0.000006,0.001024,0.136523
45,0.010334,0.000036,0.000004,0.091830,0.000372,0.000005,0.001941,0.104530
35,0.008632,0.000034,0.000006,0.090950,0.000354,0.000004,0.013092,0.113079
120,0.008087,0.000040,0.000004,0.048160,0.000302,0.000005,0.003677,0.060280
55,0.011199,0.000053,0.000005,0.140062,0.000592,0.000012,0.000707,0.152637
78,0.008497,0.000034,0.000003,0.058037,0.000303,0.000005,0.000183,0.067063
67,0.009359,0.000050,0.000004,0.106953,0.000348,0.000006,0.002599,0.119326
58,0.016237,0.000065,0.000007,0.021954,0.000348,0.000008,0.001033,0.039658
117,0.011409,0.000043,0.000004,0.040355,0.000420,0.000010,0.002780,0.055028
79,0.006928,0.000033,0.000003,0.009099,0.000295,0.000005,0.000180,0.016544
98,0.007255,0.000032,0.000029,0.048266,0.000300,0.000004,0.000248,0.056137
80,0.007295,0.000031,0.000004,0.007072,0.000266,0.000004,0.000183,0.014855
53,0.010772,0.000056,0.000005,0.084046,0.000352,0.000004,0.001008,0.096248
99,0.015866,0.000038,0.000004,0.009774,0.000258,0.000004,0.000258,0.026203
121,0.009234,0.000037,0.000003,0.053539,0.000291,0.000004,0.003837,0.066951
46,0.010726,0.000039,0.000005,0.082264,0.000292,0.000004,0.002057,0.095394
100,0.007397,0.000033,0.000004,0.014965,0.000307,0.000004,0.000264,0.022977
68,0.008862,0.000041,0.000004,0.073812,0.000324,0.000005,0.002414,0.085467
53,0.008279,0.000043,0.000004,0.132792,0.000422,0.000009,0.002602,0.144158
118,0.015780,0.000064,0.000006,0.062295,0.000330,0.000005,0.001988,0.080476
36,0.010207,0.000039,0.000007,0.082908,0.000345,0.000004,0.013277,0.106796
81,0.007291,0.000032,0.000004,0.052836,0.000258,0.000004,0.000184,0.060610
86,0.010501,0.000051,0.000004,0.140320,0.000433,0.000008,0.000396,0.151718
56,0.013531,0.000044,0.000006,0.104230,0.000387,0.000008,0.000350,0.118561
122,0.007482,0.000032,0.000004,0.051380,0.000302,0.000004,0.004071,0.063278
69,0.009256,0.000042,0.000004,0.031090,0.000371,0.000005,0.002591,0.043365
101,0.007307,0.000030,0.000003,0.056553,0.000262,0.000004,0.000253,0.064415
54,0.011531,0.000040,0.000005,0.088596,0.000389,0.000005,0.001005,0.101576
102,0.006570,0.000034,0.000003,0.009971,0.000288,0.000005,0.000286,0.017159
59,0.011248,0.000050,0.000004,0.142022,0.000392,0.000008,0.001051,0.154785
82,0.008295,0.000035,0.000004,0.055296,0.000275,0.000004,0.000173,0.064083
123,0.006944,0.000036,0.000003,0.055491,0.000280,0.000004,0.003376,0.066139
47,0.010004,0.000042,0.000005,0.107483,0.000334,0.000005,0.002298,0.120178
119,0.011674,0.000040,0.000004,0.092898,0.000325,0.000005,0.001719,0.106671
37,0.010043,0.000039,0.000006,0.097978,0.000408,0.000004,0.012720,0.121215
103,0.007108,0.000031,0.000003,0.049184,0.000265,0.000004,0.000296,0.056895
124,0.008580,0.000038,0.000003,0.020943,0.000266,0.000004,0.003877,0.033716
83,0.008049,0.000036,0.000004,0.056027,0.000315,0.000005,0.000162,0.064599
55,0.011029,0.000043,0.000004,0.079478,0.000338,0.000004,0.001207,0.092108
70,0.009199,0.000049,0.000005,0.106055,0.000468,0.000007,0.003381,0.119174
54,0.008660,0.000048,0.000004,0.150889,0.000449,0.000008,0.002836,0.162903
87,0.013472,0.000046,0.000005,0.139216,0.000368,0.000006,0.000280,0.153395
57,0.012559,0.000059,0.000004,0.146789,0.000420,0.000008,0.000516,0.160363
64,0.017036,0.000067,0.000005,0.031440,0.000992,0.000019,0.000928,0.050505
104,0.006260,0.000027,0.000003,0.052720,0.000291,0.000004,0.000237,0.059545
55,0.009254,0.000045,0.000004,0.018688,0.000393,0.000009,0.002454,0.030855
84,0.008413,0.000032,0.000003,0.052621,0.000316,0.000004,0.000164,0.061555
125,0.007321,0.000031,0.000003,0.059362,0.000320,0.000005,0.004019,0.071066
60,0.009514,0.000041,0.000003,0.132273,0.000585,0.000010,0.001241,0.143678
48,0.015883,0.000052,0.000006,0.120071,0.000430,0.000008,0.002710,0.139166
38,0.010102,0.000043,0.000008,0.097023,0.000387,0.000005,0.013458,0.121035
56,0.009950,0.000039,0.000004,0.092579,0.000336,0.000004,0.000998,0.103914
105,0.009370,0.000036,0.000004,0.053490,0.000287,0.000004,0.000245,0.063438
120,0.014631,0.000047,0.000004,0.131383,0.000550,0.000012,0.002757,0.149392
85,0.007930,0.000031,0.000003,0.053097,0.000267,0.000004,0.000180,0.061514
88,0.010304,0.000041,0.000003,0.093923,0.000352,0.000004,0.000279,0.104909
126,0.008247,0.000035,0.000003,0.058626,0.000306,0.000004,0.003659,0.070885
39,0.009418,0.000036,0.000006,0.015085,0.000338,0.000004,0.014909,0.039805
71,0.011778,0.000046,0.000004,0.120380,0.000509,0.000007,0.003853,0.136587
58,0.010316,0.000043,0.000005,0.123910,0.000389,0.000008,0.000373,0.135051
106,0.007120,0.000038,0.000003,0.049247,0.000317,0.000004,0.000290,0.057021
56,0.012726,0.000082,0.000012,0.109438,0.000344,0.000004,0.002265,0.124877
86,0.007568,0.000032,0.000003,0.051464,0.000299,0.000005,0.000194,0.059569
72,0.009678,0.000047,0.000005,0.016928,0.000453,0.000006,0.003731,0.030858
59,0.010754,0.000041,0.000004,0.014578,0.000389,0.000008,0.000365,0.026145
65,0.027233,0.000081,0.000009,0.131078,0.000325,0.000004,0.000209,0.158941
127,0.008156,0.000034,0.000004,0.059162,0.000295,0.000004,0.003904,0.071562
49,0.012088,0.000042,0.000005,0.107872,0.000569,0.000009,0.003983,0.124576
61,0.012418,0.000065,0.000004,0.150125,0.000654,0.000014,0.001962,0.165250
107,0.007442,0.000030,0.000003,0.056935,0.000290,0.000005,0.000259,0.064969
89,0.011797,0.000057,0.000006,0.093712,0.000350,0.000006,0.000264,0.106195
40,0.009527,0.000039,0.000007,0.080428,0.000368,0.000004,0.013592,0.103972
87,0.007755,0.000031,0.000003,0.061692,0.000298,0.000004,0.000169,0.069954
121,0.011845,0.000046,0.000005,0.135451,0.000534,0.000011,0.003321,0.151220
57,0.008271,0.000043,0.000004,0.084904,0.000363,0.000005,0.002194,0.095791
57,0.017417,0.000084,0.000011,0.145277,0.000460,0.000011,0.001627,0.164900
122,0.010759,0.000047,0.000005,0.016851,0.000451,0.000011,0.002595,0.030726
73,0.009089,0.000053,0.000004,0.106194,0.000449,0.000008,0.003688,0.119496
108,0.009533,0.000034,0.000003,0.056147,0.000286,0.000004,0.000246,0.066254
88,0.008603,0.000027,0.000003,0.052243,0.000292,0.000004,0.000188,0.061361
89,0.008466,0.000033,0.000004,0.011377,0.000265,0.000004,0.000163,0.020314
41,0.008117,0.000037,0.000005,0.089135,0.000444,0.000005,0.012427,0.110176
50,0.016065,0.000059,0.000006,0.118303,0.000374,0.000008,0.002451,0.137275
60,0.014183,0.000088,0.000011,0.150735,0.000389,0.000008,0.000423,0.165844
66,0.016760,0.000059,0.000004,0.149617,0.000582,0.000011,0.000389,0.167430
58,0.008685,0.000035,0.000005,0.090462,0.000311,0.000005,0.002226,0.101735
109,0.008014,0.000039,0.000003,0.060365,0.000315,0.000004,0.000239,0.068982
62,0.010701,0.000045,0.000004,0.133116,0.000453,0.000010,0.001189,0.145526
90,0.010330,0.000037,0.000004,0.131500,0.000434,0.000009,0.000357,0.142676
74,0.006856,0.000039,0.000005,0.070204,0.000295,0.000005,0.002571,0.079981
90,0.006970,0.000035,0.000004,0.047730,0.000263,0.000004,0.000156,0.055163
64,0.010194,0.000049,0.000005,0.095561,0.000428,0.000007,0.003295,0.109552
75,0.010015,0.000041,0.000004,0.023077,0.000348,0.000004,0.002653,0.036147
67,0.015707,0.000045,0.000004,0.039696,0.000412,0.000007,0.000276,0.056150
58,0.012676,0.000048,0.000005,0.139395,0.000403,0.000008,0.001413,0.153957
64,0.018906,0.000070,0.000006,0.117946,0.000415,0.000004,0.008976,0.146348
110,0.008591,0.000033,0.000003,0.053752,0.000264,0.000004,0.000251,0.062900
123,0.009583,0.000048,0.000006,0.129015,0.000453,0.000012,0.002935,0.142061
111,0.007272,0.000032,0.000003,0.017376,0.000282,0.000004,0.000264,0.025236
91,0.008802,0.000034,0.000004,0.062742,0.000385,0.000005,0.000178,0.072152
42,0.008322,0.000037,0.000005,0.099077,0.000383,0.000005,0.011993,0.119831
59,0.010931,0.000052,0.000004,0.033972,0.000467,0.000011,0.001532,0.046977
112,0.007209,0.000033,0.000004,0.010797,0.000305,0.000004,0.000250,0.018604
61,0.014342,0.000048,0.000004,0.110344,0.000334,0.000005,0.000347,0.125427
92,0.010201,0.000035,0.000003,0.020198,0.000308,0.000004,0.000163,0.030914
65,0.007185,0.000041,0.000005,0.086476,0.000324,0.000005,0.003185,0.097227
76,0.006693,0.000036,0.000004,0.078755,0.000343,0.000005,0.002362,0.088206
51,0.011467,0.000059,0.000005,0.142910,0.000421,0.000008,0.002543,0.157420
59,0.008298,0.000042,0.000003,0.143353,0.000408,0.000010,0.002794,0.154918
63,0.017271,0.000075,0.000009,0.132116,0.000792,0.000019,0.002487,0.152781
91,0.011879,0.000045,0.000004,0.145308,0.000401,0.000008,0.000344,0.157993
113,0.007363,0.000030,0.000003,0.052233,0.000242,0.000004,0.000250,0.060128
66,0.007536,0.000040,0.000004,0.030829,0.000332,0.000005,0.003277,0.042029
68,0.010800,0.000044,0.000005,0.121943,0.000475,0.000008,0.000349,0.133630
93,0.008113,0.000044,0.000004,0.056105,0.000274,0.000004,0.000162,0.064708
92,0.010918,0.000045,0.000005,0.019748,0.000386,0.000008,0.000341,0.031455
62,0.009731,0.000040,0.000004,0.081821,0.000310,0.000004,0.000275,0.092186
43,0.015395,0.000048,0.000010,0.080945,0.000365,0.000004,0.012609,0.109383
93,0.010447,0.000044,0.000004,0.011082,0.000381,0.000008,0.000362,0.022333
67,0.010475,0.000076,0.000008,0.038934,0.000507,0.000009,0.004608,0.054626
77,0.009744,0.000045,0.000005,0.087424,0.000314,0.000004,0.002775,0.100319
124,0.015330,0.000054,0.000005,0.149658,0.000478,0.000008,0.002994,0.168538
114,0.007328,0.000037,0.000003,0.056228,0.000292,0.000004,0.000242,0.064142
65,0.016174,0.000055,0.000006,0.151700,0.000704,0.000017,0.012593,0.181258
60,0.008573,0.000037,0.000003,0.089549,0.000349,0.000005,0.001952,0.100473
94,0.007568,0.000034,0.000003,0.057718,0.000261,0.000004,0.000179,0.065769
60,0.011250,0.000052,0.000005,0.148488,0.000480,0.000010,0.001479,0.161770
125,0.011831,0.000045,0.000005,0.016108,0.000460,0.000011,0.002401,0.030870
95,0.006196,0.000027,0.000002,0.017138,0.000287,0.000005,0.000157,0.023814
52,0.011051,0.000044,0.000004,0.136167,0.000404,0.000008,0.002918,0.150604
63,0.008492,0.000038,0.000004,0.082306,0.000328,0.000004,0.000254,0.091429
44,0.009394,0.000037,0.000006,0.070626,0.000312,0.000004,0.012851,0.093236
115,0.009098,0.000033,0.000005,0.058373,0.000284,0.000004,0.000247,0.068046
69,0.013550,0.000047,0.000004,0.132293,0.000428,0.000006,0.000303,0.146636
78,0.009233,0.000045,0.000003,0.080726,0.000311,0.000004,0.002569,0.092899
116,0.009170,0.000035,0.000003,0.015307,0.000285,0.000004,0.000246,0.025053
96,0.007247,0.000029,0.000003,0.051387,0.000252,0.000004,0.000150,0.059074
53,0.013314,0.000048,0.000007,0.034299,0.000503,0.000009,0.003291,0.051479
61,0.007066,0.000038,0.000004,0.092418,0.000337,0.000005,0.002112,0.101987
117,0.007525,0.000033,0.000003,0.005700,0.000277,0.000004,0.000269,0.013815
94,0.010841,0.000045,0.000004,0.127518,0.000421,0.000007,0.000328,0.139170
118,0.007227,0.000033,0.000003,0.010945,0.000324,0.000005,0.000285,0.018825
68,0.008841,0.000056,0.000004,0.134682,0.000475,0.000009,0.004545,0.148620
54,0.011147,0.000051,0.000005,0.026699,0.000443,0.000009,0.002946,0.041308
61,0.011071,0.000047,0.000004,0.123258,0.000433,0.000008,0.001339,0.136167
45,0.007924,0.000037,0.000007,0.079417,0.000329,0.000004,0.018793,0.106515
126,0.011748,0.000045,0.000005,0.128531,0.000430,0.000009,0.002592,0.143367
97,0.008760,0.000033,0.000004,0.064004,0.000308,0.000004,0.000194,0.073308
79,0.009555,0.000041,0.000004,0.073165,0.000271,0.000004,0.002486,0.085532
119,0.007275,0.000030,0.000004,0.050250,0.000307,0.000004,0.000254,0.058127
66,0.015021,0.000068,0.000005,0.166446,0.000521,0.000009,0.008836,0.190914
62,0.007283,0.000037,0.000003,0.084591,0.000308,0.000004,0.002129,0.094361
98,0.008963,0.000039,0.000004,0.021439,0.000280,0.000004,0.000191,0.030922
70,0.010658,0.000043,0.000005,0.115882,0.000436,0.000009,0.000322,0.127361
62,0.011138,0.000043,0.000003,0.044596,0.000436,0.000008,0.001340,0.057571
99,0.006572,0.000029,0.000004,0.009623,0.000294,0.000005,0.000194,0.016723
63,0.007415,0.000040,0.000004,0.015754,0.000355,0.000007,0.001908,0.025489
120,0.008903,0.000030,0.000003,0.054050,0.000246,0.000004,0.000233,0.063472
80,0.009874,0.000042,0.000004,0.071154,0.000323,0.000004,0.002563,0.083970
46,0.009541,0.000046,0.000006,0.074368,0.000340,0.000005,0.012344,0.096656
95,0.010588,0.000047,0.000004,0.154112,0.000368,0.000010,0.000316,0.165449
69,0.009555,0.000041,0.000004,0.131489,0.000432,0.000008,0.004077,0.145615
100,0.006795,0.000029,0.000003,0.052836,0.000272,0.000004,0.000176,0.060116
55,0.011569,0.000053,0.000008,0.130188,0.000451,0.000010,0.002962,0.145247
101,0.009008,0.000039,0.000004,0.013664,0.000273,0.000004,0.000165,0.023159
121,0.007799,0.000033,0.000004,0.054814,0.000266,0.000004,0.000259,0.063182
71,0.009530,0.000045,0.000005,0.111345,0.000408,0.000007,0.000277,0.121622
127,0.011493,0.000047,0.000005,0.146359,0.000607,0.000010,0.003124,0.161653
47,0.010137,0.000048,0.000006,0.038705,0.000328,0.000004,0.012658,0.061892
67,0.011014,0.000045,0.000005,0.138567,0.000559,0.000008,0.009558,0.159767
81,0.008240,0.000034,0.000003,0.083402,0.000348,0.000004,0.002349,0.094388
63,0.011005,0.000044,0.000004,0.137918,0.000692,0.000008,0.001464,0.151150
102,0.007206,0.000036,0.000003,0.057030,0.000288,0.000004,0.000160,0.064729
82,0.008225,0.000036,0.000004,0.007024,0.000308,0.000004,0.002375,0.017983
122,0.007155,0.000035,0.000004,0.055815,0.000242,0.000004,0.000226,0.063483
68,0.010487,0.000048,0.000004,0.020723,0.000333,0.000004,0.006596,0.038202
56,0.012220,0.000051,0.000005,0.085207,0.000332,0.000004,0.002025,0.099849
96,0.009864,0.000042,0.000005,0.122153,0.000519,0.000013,0.000366,0.132967
70,0.008959,0.000059,0.000004,0.151833,0.000476,0.000009,0.005002,0.166353
103,0.008297,0.000030,0.000003,0.060427,0.000273,0.000004,0.000179,0.069214
123,0.010302,0.000044,0.000004,0.051147,0.000328,0.000003,0.000252,0.062086
104,0.008839,0.000031,0.000004,0.012613,0.000274,0.000004,0.000173,0.021940
83,0.014432,0.000066,0.000007,0.077402,0.000366,0.000005,0.002673,0.094960
72,0.011049,0.000047,0.000004,0.139150,0.000394,0.000008,0.000281,0.150936
48,0.012236,0.000045,0.000007,0.102428,0.000374,0.000005,0.046595,0.161702
69,0.011075,0.000041,0.000004,0.089068,0.000407,0.000006,0.007356,0.107964
84,0.010431,0.000042,0.000004,0.016478,0.000350,0.000005,0.002662,0.029980
124,0.009396,0.000033,0.000003,0.053529,0.000250,0.000004,0.000250,0.063469
64,0.019987,0.000078,0.000007,0.047294,0.000612,0.000009,0.000929,0.068924
97,0.014704,0.000060,0.000005,0.097711,0.000338,0.000005,0.000258,0.113084
57,0.011310,0.000056,0.000004,0.145487,0.000431,0.000009,0.002473,0.159779
49,0.013618,0.000052,0.000007,0.034286,0.000385,0.000004,0.012561,0.060918
105,0.007721,0.000045,0.000005,0.077436,0.000314,0.000004,0.000165,0.085692
125,0.006103,0.000030,0.000003,0.058957,0.000263,0.000004,0.000227,0.065589
50,0.007912,0.000034,0.000005,0.009641,0.000345,0.000004,0.011897,0.029845
71,0.009871,0.000045,0.000004,0.131055,0.000471,0.000010,0.004393,0.145858
65,0.012807,0.000044,0.000005,0.074698,0.000395,0.000006,0.000470,0.088427
73,0.011033,0.000051,0.000006,0.114508,0.000494,0.000009,0.000351,0.126460
58,0.012114,0.000046,0.000005,0.034204,0.000441,0.000010,0.004452,0.051285
106,0.009563,0.000036,0.000004,0.046139,0.000303,0.000004,0.000183,0.056234
66,0.010424,0.000045,0.000005,0.022736,0.000324,0.000004,0.000466,0.034006
98,0.012105,0.000062,0.000007,0.113195,0.000409,0.000006,0.000360,0.126149
126,0.008568,0.000029,0.000003,0.060504,0.000297,0.000004,0.000240,0.069649
70,0.010630,0.000038,0.000004,0.137901,0.000394,0.000006,0.008393,0.157375
85,0.012552,0.000047,0.000005,0.130647,0.000436,0.000009,0.002921,0.146627
67,0.009616,0.000039,0.000005,0.029194,0.000364,0.000004,0.000524,0.039749
107,0.007661,0.000035,0.000003,0.058367,0.000295,0.000004,0.000178,0.066544
51,0.009265,0.000040,0.000005,0.085088,0.000351,0.000004,0.012574,0.107336
108,0.007489,0.000030,0.000004,0.017987,0.000243,0.000004,0.000158,0.025917
127,0.009028,0.000034,0.000003,0.054833,0.000273,0.000004,0.000249,0.064427
72,0.010485,0.000047,0.000004,0.127579,0.000383,0.000007,0.004417,0.142932
74,0.013216,0.000052,0.000005,0.115617,0.000297,0.000005,0.000202,0.129395
52,0.009508,0.000035,0.000006,0.016056,0.000346,0.000004,0.013111,0.039072
59,0.009895,0.000044,0.000005,0.123078,0.000389,0.000008,0.002859,0.136288
73,0.008385,0.000042,0.000003,0.018818,0.000473,0.000009,0.005521,0.033258
71,0.009125,0.000046,0.000004,0.101260,0.000482,0.000008,0.009186,0.120117
68,0.009834,0.000041,0.000004,0.084258,0.000369,0.000005,0.000500,0.095016
53,0.008830,0.000037,0.000006,0.020175,0.000359,0.000004,0.015266,0.044687
99,0.011192,0.000050,0.000005,0.123646,0.000442,0.000007,0.000400,0.135747
109,0.008361,0.000032,0.000003,0.059938,0.000304,0.000004,0.000162,0.068807
86,0.011168,0.000049,0.000005,0.122783,0.000414,0.000009,0.003392,0.137827
75,0.009674,0.000041,0.000004,0.080379,0.000342,0.000005,0.000232,0.090679
100,0.011681,0.000051,0.000005,0.029651,0.000454,0.000007,0.000403,0.042255
64,0.021065,0.000075,0.000007,0.092865,0.000455,0.000005,0.013834,0.128320
110,0.008623,0.000030,0.000004,0.059410,0.000300,0.000004,0.000182,0.068555
69,0.009485,0.000039,0.000004,0.085559,0.000341,0.000004,0.000540,0.095979
87,0.009223,0.000054,0.000005,0.102736,0.000338,0.000005,0.002372,0.114740
76,0.010541,0.000040,0.000005,0.070777,0.000317,0.000005,0.000244,0.081931
74,0.009821,0.000053,0.000005,0.126711,0.000451,0.000009,0.005919,0.142980
60,0.013698,0.000045,0.000004,0.150025,0.000675,0.000008,0.002793,0.167270
111,0.008548,0.000034,0.000004,0.052266,0.000305,0.000004,0.000168,0.061331
72,0.015833,0.000048,0.000005,0.129933,0.000418,0.000005,0.009179,0.155430
54,0.012249,0.000052,0.000009,0.124529,0.000471,0.000009,0.020475,0.157805
77,0.009463,0.000039,0.000004,0.019799,0.000346,0.000005,0.000252,0.029910
101,0.011653,0.000057,0.000006,0.120692,0.000451,0.000008,0.000385,0.133256
78,0.009527,0.000041,0.000005,0.023412,0.000371,0.000005,0.000246,0.033610
75,0.010625,0.000043,0.000003,0.055996,0.000434,0.000008,0.004773,0.071892
55,0.012429,0.000049,0.000009,0.012006,0.000456,0.000010,0.021912,0.046881
112,0.007611,0.000032,0.000003,0.061211,0.000319,0.000004,0.000189,0.069373
88,0.008983,0.000038,0.000004,0.078725,0.000367,0.000007,0.003497,0.091630
70,0.021358,0.000064,0.000005,0.106968,0.000495,0.000009,0.000779,0.129686
65,0.010831,0.000044,0.000005,0.150598,0.000484,0.000011,0.020355,0.182338
76,0.009015,0.000043,0.000004,0.018625,0.000389,0.000008,0.004172,0.032266
113,0.007439,0.000033,0.000008,0.055682,0.000267,0.000004,0.000185,0.063620
79,0.009521,0.000042,0.000004,0.091293,0.000503,0.000004,0.000288,0.101660
61,0.013412,0.000052,0.000005,0.149633,0.000511,0.000011,0.003537,0.167169
102,0.013157,0.000047,0.000006,0.136505,0.000488,0.000008,0.000405,0.150620
114,0.006201,0.000027,0.000003,0.050152,0.000247,0.000004,0.000167,0.056803
73,0.015152,0.000056,0.000008,0.168647,0.000484,0.000009,0.009815,0.194180
71,0.009956,0.000052,0.000005,0.111408,0.000406,0.000009,0.000628,0.122471
56,0.012785,0.000050,0.000009,0.113732,0.000335,0.000004,0.013481,0.140402
89,0.011067,0.000052,0.000005,0.135471,0.000530,0.000008,0.004206,0.151349
72,0.010076,0.000046,0.000005,0.012146,0.000484,0.000008,0.000647,0.023417
103,0.013108,0.000044,0.000005,0.043796,0.000487,0.000007,0.000412,0.057872
64,0.020876,0.000073,0.000011,0.172688,0.000583,0.000007,0.002740,0.196998
77,0.007928,0.000048,0.000003,0.147381,0.000370,0.000009,0.004125,0.159875
80,0.008868,0.000039,0.000005,0.092654,0.000334,0.000005,0.000226,0.102133
90,0.010482,0.000050,0.000005,0.018963,0.000391,0.000006,0.003470,0.033376
115,0.008876,0.000032,0.000003,0.062298,0.000312,0.000004,0.000184,0.071713
81,0.011790,0.000037,0.000004,0.008170,0.000442,0.000008,0.000338,0.020797
91,0.010200,0.000053,0.000007,0.007971,0.000393,0.000006,0.003439,0.022076
116,0.008404,0.000032,0.000003,0.009185,0.000256,0.000004,0.000164,0.018051
78,0.008080,0.000043,0.000004,0.016799,0.000439,0.000009,0.004841,0.030223
65,0.010401,0.000053,0.000005,0.031172,0.000491,0.000006,0.002255,0.044391
128,0.010960,0.000047,0.000005,0.098411,0.000485,0.000005,0.002044,0.111971
82,0.010805,0.000045,0.000005,0.022924,0.000325,0.000004,0.000228,0.034337
62,0.012688,0.000068,0.000006,0.146733,0.000464,0.000010,0.003075,0.163054
66,0.024904,0.000063,0.000006,0.185427,0.000523,0.000013,0.020074,0.231025
74,0.009248,0.000040,0.000004,0.131839,0.000388,0.000007,0.008022,0.149559
117,0.007669,0.000037,0.000003,0.053593,0.000297,0.000004,0.000165,0.061771
73,0.012077,0.000051,0.000004,0.119851,0.000426,0.000008,0.000687,0.133110
57,0.013040,0.000062,0.000010,0.132349,0.000369,0.000004,0.013775,0.159621
104,0.011963,0.000051,0.000007,0.101061,0.000379,0.000006,0.000267,0.113737
66,0.011146,0.000046,0.000005,0.084733,0.000353,0.000004,0.002028,0.098323
83,0.010920,0.000038,0.000004,0.076372,0.000436,0.000010,0.000345,0.088132
118,0.007341,0.000032,0.000003,0.054564,0.000315,0.000006,0.000180,0.062443
129,0.025289,0.000034,0.000004,0.085276,0.000368,0.000005,0.001567,0.112550
79,0.008584,0.000046,0.000004,0.123377,0.000428,0.000008,0.004708,0.137168
92,0.011816,0.000056,0.000006,0.129742,0.000498,0.000008,0.003931,0.146065
80,0.008380,0.000048,0.000004,0.020950,0.000430,0.000009,0.004559,0.034390
58,0.009483,0.000040,0.000006,0.085204,0.000337,0.000004,0.013739,0.108819
105,0.010524,0.000042,0.000004,0.097011,0.000348,0.000005,0.000247,0.108185
93,0.011794,0.000052,0.000004,0.024859,0.000436,0.000007,0.003707,0.040867
63,0.016420,0.000044,0.000006,0.135581,0.000538,0.000019,0.002919,0.155537
119,0.008696,0.000038,0.000003,0.053952,0.000275,0.000004,0.000189,0.063159
84,0.010119,0.000055,0.000007,0.080679,0.000421,0.000005,0.000290,0.091578
74,0.011345,0.000066,0.000005,0.132718,0.000432,0.000010,0.000635,0.145215
67,0.009322,0.000038,0.000004,0.086319,0.000345,0.000004,0.001946,0.097982
130,0.010016,0.000040,0.000005,0.077211,0.000335,0.000004,0.001646,0.089263
94,0.012014,0.000051,0.000005,0.021708,0.000463,0.000007,0.003850,0.038107
106,0.011509,0.000048,0.000005,0.028863,0.000343,0.000005,0.000270,0.041047
67,0.013408,0.000051,0.000005,0.175648,0.000445,0.000007,0.016182,0.205757
75,0.010855,0.000051,0.000005,0.166089,0.000438,0.000007,0.008609,0.186063
131,0.009257,0.000035,0.000004,0.012965,0.000353,0.000005,0.001757,0.024382
68,0.009916,0.000053,0.000004,0.017080,0.000349,0.000005,0.001865,0.029276
75,0.011096,0.000062,0.000006,0.024368,0.000453,0.000008,0.000617,0.036617
120,0.010016,0.000037,0.000003,0.056326,0.000456,0.000005,0.000213,0.067061
95,0.011627,0.000052,0.000005,0.022971,0.000482,0.000008,0.003680,0.038834
121,0.008253,0.000038,0.000005,0.011012,0.000298,0.000004,0.000164,0.019777
76,0.011790,0.000047,0.000004,0.023032,0.000338,0.000004,0.000451,0.035671
85,0.008728,0.000032,0.000004,0.082034,0.000344,0.000004,0.000247,0.091395
59,0.009732,0.000044,0.000006,0.094945,0.000338,0.000005,0.015117,0.120196
81,0.007389,0.000039,0.000005,0.125454,0.000405,0.000007,0.004403,0.137715
107,0.009354,0.000045,0.000005,0.087478,0.000324,0.000006,0.000251,0.097466
69,0.008988,0.000041,0.000006,0.082071,0.000328,0.000005,0.001726,0.093170
132,0.009295,0.000040,0.000003,0.083415,0.000390,0.000005,0.001684,0.094838
122,0.007516,0.000035,0.000004,0.049203,0.000300,0.000004,0.000167,0.057231
64,0.021010,0.000090,0.000011,0.034061,0.000657,0.000009,0.000932,0.056777
68,0.011272,0.000047,0.000004,0.103977,0.000466,0.000010,0.014659,0.130448
76,0.012070,0.000043,0.000005,0.111227,0.000403,0.000004,0.007191,0.130950
108,0.011169,0.000041,0.000005,0.028794,0.000320,0.000006,0.000243,0.040582
77,0.009794,0.000041,0.000004,0.081508,0.000349,0.000005,0.000425,0.092130
65,0.015915,0.000060,0.000004,0.036844,0.000483,0.000012,0.000848,0.054173
77,0.010715,0.000052,0.000003,0.015774,0.000355,0.000004,0.007091,0.034003
96,0.010298,0.000054,0.000005,0.125718,0.000383,0.000008,0.002952,0.139427
123,0.007996,0.000038,0.000003,0.053261,0.000275,0.000004,0.000174,0.061755
86,0.010370,0.000054,0.000004,0.093979,0.000330,0.000004,0.000222,0.104967
60,0.010978,0.000047,0.000007,0.090230,0.000433,0.000005,0.013033,0.114747
124,0.009524,0.000033,0.000003,0.011558,0.000302,0.000005,0.000182,0.021609
133,0.010860,0.000045,0.000004,0.078529,0.000356,0.000005,0.001734,0.091541
82,0.008583,0.000058,0.000006,0.111857,0.000499,0.000009,0.004889,0.125909
70,0.010308,0.000044,0.000004,0.099625,0.000425,0.000006,0.002673,0.113094
78,0.010860,0.000048,0.000005,0.078038,0.000368,0.000005,0.000490,0.089818
83,0.008785,0.000046,0.000005,0.033955,0.000428,0.000010,0.004269,0.047508
125,0.007178,0.000032,0.000003,0.050366,0.000290,0.000004,0.000163,0.058039
109,0.009511,0.000036,0.000004,0.113303,0.000428,0.000007,0.000340,0.123633
69,0.010020,0.000038,0.000004,0.108650,0.000358,0.000005,0.015917,0.135001
79,0.008419,0.000037,0.000004,0.018161,0.000297,0.000004,0.000383,0.027308
66,0.012499,0.000042,0.000004,0.090983,0.000466,0.000009,0.000702,0.104711
126,0.006390,0.000027,0.000003,0.009103,0.000250,0.000004,0.000153,0.015932
87,0.009412,0.000040,0.000004,0.096297,0.000353,0.000004,0.000331,0.106445
61,0.008922,0.000047,0.000006,0.081334,0.000372,0.000004,0.012428,0.103122
134,0.010281,0.000044,0.000004,0.077257,0.000384,0.000007,0.001693,0.089677
127,0.007030,0.000028,0.000003,0.007390,0.000258,0.000004,0.000161,0.014876
78,0.009620,0.000036,0.000004,0.126442,0.000392,0.000007,0.009114,0.145624
88,0.013854,0.000052,0.000006,0.010407,0.000345,0.000005,0.000252,0.024923
97,0.011446,0.000054,0.000004,0.135747,0.000478,0.000008,0.005331,0.153080
71,0.009976,0.000042,0.000004,0.106038,0.000422,0.000007,0.002686,0.119183
80,0.009687,0.000040,0.000004,0.085505,0.000339,0.000005,0.000420,0.096003
64,0.016595,0.000070,0.000009,0.126199,0.000799,0.000014,0.021933,0.165634
135,0.009228,0.000038,0.000004,0.075812,0.000365,0.000005,0.001658,0.087114
70,0.012983,0.000040,0.000004,0.095600,0.000367,0.000006,0.014997,0.124006
110,0.013308,0.000050,0.000006,0.123209,0.000667,0.000023,0.000946,0.138220
84,0.010048,0.000045,0.000004,0.136692,0.000395,0.000010,0.004374,0.151578
89,0.009235,0.000035,0.000004,0.081599,0.000364,0.000004,0.000286,0.091529
67,0.013865,0.000052,0.000006,0.130671,0.000324,0.000004,0.000436,0.145361
81,0.008104,0.000039,0.000004,0.067423,0.000341,0.000004,0.000398,0.076317
136,0.009500,0.000051,0.000004,0.078533,0.000352,0.000004,0.001706,0.090158
79,0.011138,0.000054,0.000003,0.138991,0.000539,0.000008,0.009147,0.159904
98,0.014073,0.000050,0.000005,0.140261,0.000428,0.000009,0.003598,0.158433
72,0.011722,0.000059,0.000006,0.128550,0.000482,0.000008,0.002870,0.143704
62,0.011202,0.000079,0.000014,0.159336,0.000606,0.000010,0.025276,0.196533
90,0.007792,0.000033,0.000003,0.070033,0.000326,0.000004,0.000217,0.078410
91,0.010290,0.000044,0.000004,0.013433,0.000329,0.000004,0.000260,0.024365
71,0.015259,0.000050,0.000005,0.104024,0.000365,0.000005,0.013629,0.133346
65,0.011864,0.000050,0.000005,0.144703,0.000482,0.000009,0.018982,0.176104
82,0.010700,0.000040,0.000005,0.092725,0.000415,0.000004,0.000465,0.104358
85,0.007849,0.000042,0.000003,0.133892,0.000393,0.000007,0.004482,0.146675
111,0.013195,0.000047,0.000005,0.143511,0.000446,0.000011,0.000317,0.157536
63,0.018753,0.000079,0.000008,0.035191,0.000456,0.000008,0.018596,0.073101
137,0.009311,0.000039,0.000003,0.083757,0.000366,0.000004,0.001693,0.095180
68,0.015181,0.000064,0.000006,0.143327,0.000518,0.000015,0.001020,0.160140
72,0.010376,0.000039,0.000003,0.027109,0.000350,0.000005,0.013787,0.051677
80,0.009548,0.000042,0.000005,0.120001,0.000432,0.000009,0.008409,0.138456
73,0.009846,0.000042,0.000004,0.124464,0.000546,0.000008,0.002718,0.137638
99,0.011383,0.000050,0.000005,0.150863,0.000557,0.000011,0.004620,0.167500
83,0.010563,0.000040,0.000005,0.103930,0.000359,0.000005,0.000473,0.115379
92,0.010105,0.000039,0.000004,0.140370,0.000417,0.000007,0.000337,0.151284
138,0.009321,0.000040,0.000003,0.101629,0.000392,0.000005,0.001666,0.113062
112,0.010616,0.000041,0.000005,0.121306,0.000349,0.000005,0.000239,0.132563
69,0.013411,0.000057,0.000005,0.107003,0.000336,0.000005,0.000426,0.121246
66,0.009232,0.000047,0.000004,0.150532,0.000424,0.000009,0.017351,0.177609
86,0.008755,0.000050,0.000005,0.151810,0.000451,0.000008,0.004723,0.165810
81,0.010049,0.000043,0.000004,0.125677,0.000433,0.000007,0.008151,0.144374
74,0.012946,0.000051,0.000005,0.122895,0.000348,0.000005,0.001756,0.138013
73,0.014867,0.000081,0.000009,0.155745,0.000490,0.000010,0.017112,0.188327
84,0.009871,0.000051,0.000005,0.096977,0.000329,0.000004,0.000438,0.107678
139,0.009550,0.000044,0.000005,0.084113,0.000365,0.000004,0.001674,0.095763
113,0.011958,0.000039,0.000004,0.093850,0.000352,0.000006,0.000317,0.106529
70,0.009567,0.000044,0.000003,0.089410,0.000343,0.000004,0.000444,0.099819
75,0.009311,0.000042,0.000004,0.029736,0.000388,0.000004,0.001949,0.041444
82,0.011167,0.000045,0.000003,0.028441,0.000433,0.000007,0.009393,0.049498
85,0.010010,0.000043,0.000004,0.026076,0.000344,0.000005,0.000511,0.036996
93,0.011636,0.000043,0.000004,0.140006,0.000436,0.000009,0.000353,0.152492
100,0.013487,0.000060,0.000005,0.158829,0.000369,0.000005,0.002612,0.175374
76,0.009167,0.000047,0.000004,0.021004,0.000347,0.000004,0.002248,0.032831
94,0.010533,0.000046,0.000005,0.009115,0.000445,0.000008,0.000292,0.020450
83,0.009638,0.000038,0.000004,0.022194,0.000389,0.000007,0.008440,0.040719
87,0.010583,0.000048,0.000004,0.138645,0.000363,0.000005,0.003412,0.153067
140,0.009965,0.000041,0.000005,0.086149,0.000318,0.000005,0.001737,0.098226
84,0.016455,0.000087,0.000010,0.018402,0.000432,0.000008,0.010442,0.045844
67,0.009686,0.000045,0.000005,0.145893,0.000809,0.000020,0.025214,0.181680
86,0.009883,0.000043,0.000005,0.094148,0.000371,0.000005,0.000519,0.104977
114,0.010913,0.000038,0.000005,0.107783,0.000371,0.000005,0.000278,0.119394
71,0.009113,0.000044,0.000005,0.113036,0.000347,0.000005,0.000418,0.122971
101,0.010084,0.000042,0.000005,0.089195,0.000351,0.000006,0.002738,0.102425
87,0.009763,0.000039,0.000004,0.010633,0.000360,0.000005,0.000543,0.021351
74,0.021987,0.000077,0.000007,0.138021,0.000637,0.000013,0.023554,0.184331
68,0.016131,0.000108,0.000009,0.031748,0.000407,0.000009,0.021504,0.069929
102,0.016176,0.000058,0.000007,0.028059,0.000451,0.000011,0.003621,0.048394
88,0.009635,0.000046,0.000004,0.093371,0.000347,0.000005,0.003667,0.107081
77,0.018997,0.000050,0.000005,0.129160,0.000448,0.000009,0.002497,0.151174
141,0.009458,0.000041,0.000005,0.100472,0.000372,0.000005,0.001866,0.112226
95,0.012147,0.000051,0.000004,0.143124,0.000412,0.000007,0.000347,0.156096
103,0.009985,0.000047,0.000005,0.020999,0.000382,0.000010,0.003112,0.034548
69,0.011400,0.000059,0.000005,0.015153,0.000403,0.000008,0.021095,0.048133
115,0.011583,0.000042,0.000005,0.094153,0.000342,0.000004,0.000285,0.106416
89,0.010238,0.000042,0.000006,0.042792,0.000372,0.000005,0.003457,0.056917
88,0.010363,0.000041,0.000004,0.089653,0.000298,0.000004,0.000454,0.100820
78,0.012731,0.000054,0.000004,0.037643,0.000428,0.000008,0.002739,0.053617
116,0.008965,0.000039,0.000004,0.012588,0.000328,0.000006,0.000248,0.022180
85,0.013079,0.000050,0.000005,0.143073,0.000523,0.000009,0.008848,0.165597
72,0.012808,0.000065,0.000006,0.132849,0.000364,0.000004,0.000432,0.146533
89,0.012699,0.000048,0.000005,0.019074,0.000326,0.000004,0.000435,0.032593
90,0.009297,0.000039,0.000005,0.033497,0.000308,0.000004,0.003712,0.046867
79,0.010910,0.000052,0.000004,0.032874,0.000849,0.000021,0.005982,0.050704
142,0.010163,0.000044,0.000003,0.094782,0.000316,0.000006,0.001625,0.106945
86,0.012127,0.000048,0.000004,0.016552,0.000359,0.000006,0.008833,0.037938
104,0.011617,0.000047,0.000005,0.086522,0.000338,0.000004,0.002647,0.101188
75,0.011786,0.000056,0.000006,0.134374,0.000398,0.000010,0.019483,0.166123
96,0.011776,0.000061,0.000005,0.125131,0.000444,0.000008,0.000305,0.137734
117,0.009594,0.000040,0.000004,0.075000,0.000309,0.000004,0.000242,0.085197
105,0.009230,0.000040,0.000004,0.010222,0.000301,0.000004,0.002504,0.022312
87,0.009595,0.000040,0.000003,0.024884,0.000382,0.000006,0.007422,0.042342
73,0.009783,0.000037,0.000004,0.076812,0.000327,0.000005,0.000444,0.087414
97,0.010440,0.000041,0.000005,0.011191,0.000395,0.000007,0.000304,0.022387
90,0.010320,0.000045,0.000005,0.079328,0.000354,0.000004,0.000489,0.090549
70,0.010130,0.000049,0.000005,0.123157,0.000425,0.000010,0.021281,0.155069
76,0.014318,0.000043,0.000005,0.032183,0.000441,0.000008,0.017402,0.064412
91,0.009656,0.000038,0.000003,0.015014,0.000319,0.000004,0.000469,0.025507
91,0.007050,0.000037,0.000003,0.093758,0.000337,0.000004,0.003546,0.104743
143,0.009745,0.000044,0.000004,0.104229,0.000378,0.000006,0.002081,0.116495
92,0.008471,0.000037,0.000004,0.017789,0.000309,0.000004,0.000445,0.027062
77,0.010199,0.000043,0.000004,0.025174,0.000373,0.000007,0.015221,0.051033
144,0.010913,0.000042,0.000005,0.010437,0.000350,0.000005,0.001743,0.023500
80,0.010937,0.000050,0.000004,0.133255,0.000409,0.000008,0.002674,0.147343
106,0.009985,0.000041,0.000004,0.084605,0.000340,0.000005,0.002772,0.097759
74,0.009824,0.000046,0.000004,0.089481,0.000368,0.000005,0.000438,0.100169
98,0.011299,0.000048,0.000005,0.099410,0.000343,0.000005,0.000255,0.111368
118,0.011336,0.000043,0.000004,0.117469,0.000546,0.000009,0.000357,0.129769
107,0.009622,0.000043,0.000005,0.020560,0.000304,0.000004,0.002547,0.033091
78,0.011260,0.000076,0.000008,0.014253,0.000401,0.000009,0.016322,0.042345
92,0.008338,0.000037,0.000004,0.090497,0.000331,0.000004,0.003702,0.102919
99,0.009327,0.000036,0.000004,0.023665,0.000302,0.000004,0.000231,0.033572
108,0.009564,0.000041,0.000005,0.013625,0.000300,0.000004,0.002817,0.026367
93,0.009550,0.000039,0.000004,0.075063,0.000306,0.000004,0.000469,0.085439
88,0.012469,0.000056,0.000004,0.141839,0.000350,0.000004,0.007277,0.162006
71,0.012601,0.000043,0.000004,0.115977,0.000375,0.000006,0.016474,0.145492
145,0.010261,0.000044,0.000004,0.077720,0.000324,0.000004,0.001681,0.090044
75,0.009733,0.000042,0.000004,0.072284,0.000399,0.000005,0.000422,0.082890
93,0.007017,0.000037,0.000004,0.027611,0.000344,0.000006,0.003570,0.038595
109,0.012460,0.000050,0.000005,0.027290,0.000621,0.000012,0.005750,0.046199
81,0.010773,0.000045,0.000005,0.121902,0.000438,0.000007,0.002488,0.135665
119,0.012867,0.000058,0.000005,0.102506,0.000379,0.000006,0.000256,0.116081
100,0.009321,0.000040,0.000003,0.078304,0.000330,0.000005,0.000250,0.088256
94,0.009407,0.000037,0.000004,0.084114,0.000307,0.000004,0.000445,0.094319
89,0.009278,0.000037,0.000004,0.085280,0.000283,0.000004,0.005998,0.100890
120,0.008970,0.000047,0.000004,0.012852,0.000305,0.000004,0.000247,0.022433
95,0.008415,0.000037,0.000004,0.007566,0.000351,0.000005,0.000489,0.016871
146,0.009968,0.000044,0.000004,0.083963,0.000382,0.000004,0.001729,0.096101
76,0.009674,0.000039,0.000003,0.078972,0.000384,0.000005,0.000410,0.089489
121,0.008638,0.000034,0.000006,0.012501,0.000417,0.000006,0.000269,0.021875
96,0.009710,0.000038,0.000004,0.010243,0.000337,0.000005,0.000484,0.020823
94,0.007093,0.000039,0.000004,0.093357,0.000342,0.000007,0.003535,0.104381
147,0.009556,0.000037,0.000004,0.010119,0.000313,0.000004,0.001671,0.021711
79,0.018038,0.000048,0.000005,0.132439,0.000505,0.000015,0.020224,0.171289
90,0.010455,0.000041,0.000004,0.032506,0.000342,0.000005,0.006704,0.050063
72,0.011913,0.000053,0.000004,0.124773,0.000458,0.000007,0.019054,0.156271
148,0.009902,0.000039,0.000005,0.021794,0.000340,0.000005,0.001694,0.033786
97,0.009379,0.000038,0.000003,0.025122,0.004985,0.000010,0.000470,0.040014
101,0.009530,0.000039,0.000004,0.082358,0.000323,0.000005,0.000245,0.092506
110,0.011069,0.000047,0.000006,0.127725,0.000635,0.000010,0.005585,0.145088
149,0.009339,0.000038,0.000004,0.016591,0.000349,0.000004,0.001625,0.027957
77,0.009007,0.000038,0.000004,0.079416,0.000316,0.000004,0.000411,0.089199
64,0.018704,0.000076,0.000010,0.141272,0.000584,0.000010,0.010306,0.170980
122,0.009589,0.000040,0.000004,0.075256,0.000297,0.000004,0.000241,0.085434
95,0.009361,0.000042,0.000004,0.086137,0.000365,0.000007,0.003559,0.099480
82,0.012814,0.000048,0.000004,0.174909,0.000412,0.000008,0.002999,0.191202
98,0.008431,0.000040,0.000004,0.076807,0.000312,0.000004,0.000442,0.086043
91,0.009740,0.000040,0.000004,0.095507,0.000353,0.000004,0.007437,0.113090
102,0.010097,0.000037,0.000003,0.078640,0.000348,0.000005,0.000236,0.089367
80,0.013156,0.000046,0.000004,0.112921,0.000733,0.000020,0.020634,0.147527
150,0.009332,0.000037,0.000004,0.079522,0.000348,0.000005,0.001727,0.090981
78,0.016212,0.000054,0.000006,0.077532,0.000370,0.000004,0.000396,0.094581
73,0.012125,0.000052,0.000004,0.111422,0.000369,0.000004,0.013907,0.137893
123,0.010239,0.000041,0.000004,0.090443,0.000327,0.000005,0.000251,0.101314
99,0.008008,0.000036,0.000004,0.073417,0.000319,0.000004,0.000393,0.082184
111,0.011354,0.000049,0.000005,0.143263,0.000587,0.000012,0.003891,0.159171
96,0.007910,0.000041,0.000003,0.102785,0.000354,0.000007,0.003494,0.114601
65,0.013503,0.000055,0.000005,0.127503,0.000733,0.000009,0.013009,0.154823
151,0.009396,0.000043,0.000004,0.062009,0.000309,0.000004,0.001762,0.073535
79,0.010097,0.000038,0.000005,0.088704,0.000335,0.000004,0.000376,0.099561
74,0.008073,0.000034,0.000004,0.079537,0.000346,0.000005,0.012399,0.100404
92,0.014788,0.000050,0.000005,0.118616,0.000388,0.000004,0.006476,0.140336
83,0.013817,0.000088,0.000011,0.144665,0.000430,0.000009,0.002701,0.161727
66,0.013528,0.000072,0.000006,0.039662,0.000452,0.000011,0.008790,0.062530
124,0.009692,0.000037,0.000004,0.099190,0.000344,0.000006,0.000257,0.109532
112,0.013408,0.000056,0.000007,0.076504,0.000308,0.000005,0.002438,0.092732
103,0.015516,0.000075,0.000011,0.159995,0.000626,0.000009,0.000321,0.176560
100,0.008199,0.000034,0.000005,0.088270,0.000416,0.000005,0.000436,0.097368
97,0.008930,0.000037,0.000004,0.079102,0.000308,0.000005,0.003324,0.091716
84,0.009733,0.000044,0.000005,0.015516,0.000670,0.000021,0.005352,0.031353
67,0.011049,0.000054,0.000005,0.016441,0.000414,0.000009,0.008974,0.036954
81,0.016900,0.000085,0.000009,0.153748,0.000515,0.000009,0.017511,0.188788
75,0.008115,0.000036,0.000004,0.078364,0.000323,0.000006,0.012169,0.099024
125,0.008928,0.000035,0.000004,0.075790,0.000290,0.000005,0.000238,0.085292
93,0.009381,0.000034,0.000004,0.094530,0.000325,0.000006,0.005742,0.110028
82,0.011899,0.000049,0.000005,0.028604,0.000399,0.000008,0.016582,0.057554
113,0.009156,0.000067,0.000004,0.081956,0.000337,0.000005,0.002951,0.094484
152,0.011227,0.000053,0.000006,0.152859,0.000467,0.000009,0.002168,0.166797
101,0.010752,0.000048,0.000004,0.082667,0.000317,0.000004,0.000405,0.094200
98,0.008103,0.000040,0.000005,0.080852,0.000329,0.000005,0.003280,0.092620
126,0.010405,0.000044,0.000004,0.021659,0.000318,0.000006,0.000260,0.032699
94,0.022994,0.000040,0.000003,0.013101,0.000359,0.000004,0.007050,0.043558
80,0.011020,0.000044,0.000004,0.157405,0.000864,0.000013,0.000947,0.170311
102,0.009831,0.000054,0.000004,0.023254,0.000361,0.000005,0.000472,0.033985
104,0.010196,0.000046,0.000006,0.124319,0.000480,0.000010,0.000417,0.135482
76,0.008343,0.000035,0.000004,0.073916,0.000313,0.000004,0.012094,0.094716
81,0.011241,0.000054,0.000006,0.023141,0.000392,0.000007,0.000510,0.035356
114,0.009188,0.000052,0.000005,0.076232,0.000304,0.000004,0.002758,0.088550
68,0.010830,0.000056,0.000003,0.140753,0.000488,0.000010,0.008500,0.160650
85,0.012016,0.000066,0.000006,0.162942,0.000428,0.000008,0.002643,0.178117
127,0.009747,0.000036,0.000004,0.071904,0.000322,0.000004,0.000271,0.082293
77,0.009154,0.000037,0.000003,0.020665,0.000337,0.000005,0.013237,0.043446
99,0.008971,0.000036,0.000003,0.090459,0.000334,0.000006,0.003367,0.103179
153,0.009243,0.000046,0.000004,0.114331,0.000338,0.000005,0.001495,0.125468
103,0.009418,0.000036,0.000004,0.083923,0.000348,0.000005,0.000422,0.094159
95,0.009942,0.000039,0.000004,0.103712,0.000415,0.000006,0.009163,0.123291
105,0.015169,0.000044,0.000004,0.107657,0.000387,0.000007,0.000291,0.123562
82,0.011371,0.000045,0.000003,0.087183,0.000300,0.000004,0.000393,0.099304
115,0.010184,0.000045,0.000005,0.077347,0.000327,0.000005,0.002740,0.090660
83,0.012370,0.000051,0.000005,0.158305,0.000458,0.000009,0.019905,0.191112
154,0.009317,0.000038,0.000004,0.084524,0.000376,0.000004,0.001731,0.096001
78,0.010732,0.000041,0.000004,0.089335,0.000358,0.000004,0.014359,0.114840
100,0.007904,0.000036,0.000004,0.101841,0.000321,0.000005,0.003019,0.113135
104,0.010252,0.000063,0.000004,0.082227,0.000294,0.000004,0.000425,0.093271
155,0.007918,0.000033,0.000003,0.006879,0.000309,0.000004,0.001434,0.016586
69,0.010515,0.000044,0.000004,0.149092,0.000646,0.000015,0.012309,0.172640
83,0.009552,0.000043,0.000004,0.080711,0.000348,0.000004,0.000378,0.091043
96,0.010769,0.000044,0.000003,0.099064,0.000427,0.000009,0.009464,0.119793
116,0.009337,0.000042,0.000004,0.077912,0.000342,0.000004,0.002853,0.090501
86,0.012405,0.000047,0.000005,0.162052,0.000436,0.000008,0.003050,0.178011
101,0.006486,0.000036,0.000005,0.038138,0.000346,0.000006,0.003402,0.048425
87,0.011093,0.000047,0.000004,0.018491,0.000435,0.000009,0.002766,0.032853
106,0.012875,0.000048,0.000005,0.141144,0.000468,0.000008,0.000323,0.154875
102,0.008930,0.000043,0.000003,0.033753,0.000329,0.000006,0.003295,0.046366
156,0.009104,0.000039,0.000004,0.080328,0.000356,0.000005,0.001775,0.091618
105,0.009814,0.000041,0.000004,0.093243,0.000327,0.000004,0.000430,0.103868
79,0.009035,0.000038,0.000003,0.087814,0.000322,0.000004,0.014084,0.111308
84,0.012625,0.000051,0.000004,0.131552,0.000950,0.000019,0.018848,0.164060
84,0.009458,0.000035,0.000004,0.078914,0.000346,0.000005,0.000387,0.089151
107,0.026332,0.000050,0.000007,0.007834,0.000505,0.000015,0.000403,0.035153
80,0.007972,0.000036,0.000004,0.009896,0.000339,0.000005,0.012110,0.030368
117,0.009584,0.000040,0.000004,0.085192,0.000362,0.000005,0.002695,0.097889
85,0.009826,0.000036,0.000004,0.023108,0.000351,0.000004,0.000388,0.033719
97,0.009806,0.000041,0.000005,0.107676,0.000299,0.000005,0.005659,0.123498
70,0.013532,0.000045,0.000004,0.123128,0.000389,0.000007,0.008534,0.145649
86,0.009265,0.000040,0.000003,0.021917,0.000381,0.000006,0.000406,0.032023
106,0.008604,0.000037,0.000005,0.084868,0.000371,0.000007,0.000517,0.094415
88,0.009997,0.000044,0.000005,0.113391,0.000311,0.000005,0.001780,0.125538
103,0.007392,0.000039,0.000005,0.106594,0.000299,0.000005,0.003257,0.117597
108,0.009269,0.000041,0.000004,0.079657,0.000317,0.000004,0.000223,0.089518
157,0.009032,0.000038,0.000004,0.113455,0.000426,0.000009,0.002203,0.125175
85,0.010945,0.000053,0.000008,0.092213,0.000323,0.000004,0.011821,0.115376
118,0.012772,0.000045,0.000004,0.092896,0.000583,0.000005,0.002843,0.109164
98,0.009928,0.000035,0.000004,0.077221,0.000330,0.000004,0.006812,0.094341
87,0.008457,0.000036,0.000004,0.071658,0.000301,0.000004,0.000402,0.080865
81,0.009171,0.000041,0.000004,0.110793,0.000431,0.000008,0.018113,0.138569
119,0.009753,0.000045,0.000006,0.020899,0.000342,0.000005,0.002575,0.033632
158,0.010792,0.000046,0.000005,0.043804,0.000394,0.000008,0.002100,0.057157
89,0.008776,0.000034,0.000004,0.080321,0.000345,0.000004,0.001784,0.091273
109,0.009160,0.000046,0.000004,0.079100,0.000374,0.000005,0.000214,0.088905
159,0.010815,0.000047,0.000004,0.011043,0.000426,0.000010,0.002162,0.024516
120,0.008679,0.000035,0.000004,0.017946,0.000304,0.000005,0.002314,0.029293
104,0.006727,0.000040,0.000005,0.096675,0.000355,0.000005,0.003345,0.107159
71,0.011495,0.000045,0.000004,0.126524,0.000301,0.000004,0.006497,0.144876
110,0.009324,0.000033,0.000004,0.009042,0.000311,0.000004,0.000234,0.018954
86,0.007683,0.000033,0.000003,0.077946,0.000330,0.000005,0.010604,0.096611
90,0.010831,0.000040,0.000005,0.028942,0.000334,0.000004,0.001816,0.041976
111,0.008874,0.000045,0.000003,0.015922,0.000333,0.000005,0.000217,0.025401
88,0.009848,0.000041,0.000004,0.069406,0.000303,0.000004,0.000438,0.080048
107,0.016606,0.000049,0.000004,0.138586,0.000413,0.000007,0.000641,0.156312
72,0.009652,0.000038,0.000004,0.019964,0.000337,0.000004,0.006279,0.036285
99,0.010483,0.000036,0.000003,0.085049,0.000437,0.000004,0.006414,0.102444
89,0.008471,0.000036,0.000004,0.006994,0.000346,0.000005,0.000383,0.016241
112,0.009285,0.000045,0.000004,0.021030,0.000328,0.000005,0.000219,0.030918
100,0.009084,0.000039,0.000005,0.017979,0.000289,0.000004,0.005177,0.032583
105,0.008104,0.000033,0.000004,0.079379,0.000316,0.000004,0.003093,0.090939
121,0.009626,0.000041,0.000004,0.087497,0.000361,0.000005,0.002688,0.100231
87,0.009172,0.000038,0.000004,0.078148,0.000332,0.000004,0.012452,0.100157
82,0.010294,0.000047,0.000005,0.130846,0.000403,0.000008,0.017831,0.159442
91,0.009370,0.000038,0.000004,0.083282,0.000322,0.000004,0.001772,0.094796
73,0.009070,0.000036,0.000003,0.071514,0.000345,0.000004,0.006299,0.087279
113,0.007833,0.000033,0.000003,0.063166,0.000298,0.000005,0.000226,0.071567
106,0.007970,0.000039,0.000005,0.038921,0.000331,0.000006,0.003292,0.050571
160,0.011808,0.000035,0.000003,0.141574,0.000755,0.000021,0.002490,0.156691
88,0.009388,0.000039,0.000003,0.012339,0.000277,0.000004,0.012700,0.034759
83,0.009332,0.000051,0.000005,0.008416,0.000497,0.000012,0.020921,0.039244
90,0.009848,0.000042,0.000004,0.091873,0.000342,0.000004,0.000468,0.102585
114,0.009451,0.000039,0.000004,0.009581,0.000289,0.000004,0.000209,0.019579
122,0.009103,0.000038,0.000004,0.068846,0.000351,0.000005,0.002695,0.081049
101,0.007531,0.000036,0.000003,0.084338,0.000355,0.000004,0.006000,0.098272
91,0.010255,0.000042,0.000004,0.020159,0.000301,0.000004,0.000353,0.031120
89,0.008801,0.000032,0.000005,0.022079,0.000315,0.000004,0.012526,0.043768
84,0.010764,0.000049,0.000004,0.012314,0.000373,0.000008,0.019597,0.043118
108,0.010939,0.000048,0.000005,0.153877,0.000326,0.000005,0.000440,0.165643
74,0.009936,0.000038,0.000004,0.076127,0.000339,0.000004,0.006394,0.092849
107,0.008552,0.000039,0.000003,0.099329,0.000347,0.000007,0.003549,0.111832
115,0.009503,0.000040,0.000004,0.088101,0.000323,0.000004,0.000292,0.098271
123,0.009336,0.000038,0.000004,0.070279,0.000329,0.000004,0.002647,0.082644
85,0.010774,0.000045,0.000004,0.031388,0.000451,0.000009,0.018383,0.061062
92,0.009325,0.000037,0.000004,0.077709,0.000321,0.000004,0.000359,0.087760
102,0.009089,0.000033,0.000004,0.084184,0.000369,0.000005,0.006686,0.100377
124,0.009282,0.000039,0.000004,0.010089,0.000339,0.000005,0.002993,0.022760
92,0.015497,0.000056,0.000005,0.168790,0.000426,0.000007,0.002611,0.187398
161,0.011742,0.000057,0.000005,0.146905,0.000470,0.000010,0.002410,0.161609
125,0.009873,0.000056,0.000005,0.009704,0.000284,0.000004,0.002667,0.022601
90,0.007862,0.000036,0.000003,0.098225,0.000346,0.000005,0.011311,0.117796
75,0.009595,0.000036,0.000004,0.072488,0.000313,0.000004,0.006191,0.088637
162,0.010772,0.000043,0.000005,0.025666,0.000437,0.000009,0.002491,0.039431
76,0.009419,0.000039,0.000004,0.020134,0.000341,0.000005,0.006634,0.036582
109,0.015788,0.000079,0.000010,0.138061,0.000631,0.000012,0.000772,0.155360
116,0.008513,0.000037,0.000004,0.091601,0.000344,0.000005,0.000250,0.100756
108,0.008674,0.000036,0.000005,0.093395,0.000338,0.000005,0.003291,0.105750
91,0.010412,0.000043,0.000004,0.029864,0.000365,0.000005,0.013279,0.053979
93,0.009572,0.000039,0.000004,0.091965,0.000331,0.000006,0.000373,0.102293
103,0.009509,0.000041,0.000004,0.085961,0.000344,0.000003,0.005558,0.101427
86,0.010734,0.000046,0.000004,0.105429,0.000294,0.000005,0.013034,0.129552
77,0.009514,0.000037,0.000005,0.023022,0.000344,0.000004,0.006252,0.039186
94,0.009204,0.000041,0.000004,0.023558,0.000352,0.000005,0.000408,0.033576
126,0.009070,0.000038,0.000004,0.095327,0.000430,0.000008,0.003483,0.108368
92,0.010315,0.000039,0.000004,0.022853,0.000360,0.000004,0.013466,0.047050
93,0.012535,0.000047,0.000004,0.134710,0.000522,0.000004,0.001938,0.149774
163,0.011588,0.000046,0.000004,0.095647,0.000336,0.000005,0.001588,0.109220
117,0.009443,0.000042,0.000005,0.098372,0.000329,0.000004,0.000235,0.108433
109,0.008850,0.000039,0.000004,0.092869,0.000369,0.000005,0.003305,0.105447
104,0.009686,0.000031,0.000005,0.075915,0.000304,0.000005,0.005936,0.091890
110,0.011114,0.000038,0.000004,0.118199,0.000375,0.000007,0.000605,0.130348
78,0.008192,0.000033,0.000004,0.095343,0.000357,0.000004,0.005900,0.109841
95,0.011109,0.000037,0.000003,0.076430,0.000327,0.000005,0.000373,0.088288
105,0.010328,0.000039,0.000004,0.012390,0.000292,0.000004,0.006456,0.029519
87,0.009394,0.000036,0.000004,0.097933,0.000352,0.000005,0.013717,0.121450
127,0.010530,0.000049,0.000005,0.085413,0.000330,0.000004,0.002677,0.099015
94,0.010799,0.000041,0.000006,0.074835,0.000319,0.000004,0.001659,0.087670
164,0.009679,0.000038,0.000004,0.084333,0.000346,0.000006,0.001682,0.096095
118,0.009358,0.000043,0.000004,0.073542,0.000327,0.000004,0.006862,0.090149
110,0.008787,0.000038,0.000005,0.091262,0.000330,0.000005,0.003440,0.103875
93,0.012207,0.000049,0.000005,0.128313,0.000889,0.000022,0.020353,0.161848
96,0.009786,0.000040,0.000004,0.078830,0.000350,0.000005,0.000366,0.089385
79,0.009680,0.000037,0.000003,0.083403,0.000309,0.000004,0.006169,0.099613
111,0.009074,0.000038,0.000003,0.017343,0.000310,0.000005,0.003335,0.030115
106,0.009900,0.000041,0.000004,0.084918,0.000344,0.000004,0.006360,0.101578
97,0.007876,0.000034,0.000003,0.007044,0.000295,0.000004,0.000342,0.015601
88,0.009941,0.000039,0.000004,0.083288,0.000407,0.000005,0.013361,0.107066
165,0.008997,0.000041,0.000004,0.058544,0.000314,0.000004,0.001504,0.069414
98,0.008387,0.000039,0.000004,0.017653,0.000349,0.000004,0.000362,0.026800
111,0.012484,0.000047,0.000005,0.143230,0.000392,0.000010,0.000636,0.156810
119,0.008118,0.000033,0.000004,0.079763,0.000309,0.000005,0.000227,0.088461
95,0.011182,0.000041,0.000003,0.089998,0.000400,0.000006,0.001839,0.103476
107,0.009216,0.000047,0.000003,0.027350,0.000334,0.000005,0.006759,0.043720
108,0.008137,0.000034,0.000003,0.007075,0.000332,0.000005,0.005913,0.021507
80,0.009223,0.000035,0.000004,0.078533,0.000378,0.000004,0.006828,0.095011
112,0.007097,0.000038,0.000005,0.084849,0.000306,0.000006,0.003209,0.095517
109,0.007998,0.000036,0.000003,0.006679,0.000310,0.000004,0.006281,0.029408
166,0.009311,0.000037,0.000004,0.080914,0.000323,0.000005,0.001544,0.092143
89,0.010127,0.000040,0.000005,0.076676,0.000311,0.000004,0.013349,0.100519
99,0.009355,0.000037,0.000004,0.079707,0.000365,0.000005,0.000389,0.089866
110,0.009236,0.000040,0.000005,0.011573,0.000300,0.000004,0.006266,0.027434
120,0.010634,0.000041,0.000004,0.080372,0.000403,0.000006,0.000235,0.091697
167,0.009000,0.000040,0.000004,0.012909,0.000338,0.000007,0.001522,0.023826
96,0.011745,0.000042,0.000005,0.082086,0.000298,0.000005,0.001783,0.095969
94,0.012994,0.000057,0.000004,0.147454,0.000413,0.000008,0.022612,0.183554
168,0.009081,0.000038,0.000003,0.015274,0.000351,0.000004,0.001576,0.026333
112,0.010713,0.000049,0.000004,0.128465,0.000811,0.000021,0.001183,0.141253
169,0.008239,0.000037,0.000004,0.007422,0.000338,0.000004,0.001560,0.017609
81,0.009115,0.000037,0.000003,0.081642,0.000321,0.000004,0.006279,0.097410
113,0.007716,0.000034,0.000004,0.083595,0.000327,0.000005,0.003017,0.094705
90,0.009572,0.000039,0.000004,0.074425,0.000317,0.000005,0.013733,0.098103
100,0.009773,0.000039,0.000004,0.078952,0.000336,0.000004,0.000380,0.089491
82,0.009669,0.000037,0.000004,0.019872,0.000308,0.000004,0.007452,0.037353
121,0.010232,0.000044,0.000006,0.083827,0.000450,0.000008,0.000326,0.094898
97,0.008399,0.000039,0.000004,0.080209,0.000356,0.000004,0.001770,0.090788
111,0.009326,0.000043,0.000003,0.084693,0.000359,0.000006,0.006526,0.100962
113,0.029572,0.000060,0.000012,0.025788,0.000706,0.000017,0.001124,0.057293
170,0.009532,0.000035,0.000005,0.083649,0.000344,0.000004,0.001736,0.095311
114,0.005810,0.000033,0.000004,0.096928,0.000325,0.000005,0.002787,0.105898
95,0.010498,0.000048,0.000004,0.125992,0.000422,0.000008,0.023024,0.160008
101,0.008740,0.000032,0.000004,0.097274,0.000425,0.000007,0.000437,0.106923
91,0.011530,0.000041,0.000004,0.081886,0.000343,0.000004,0.014763,0.108581
122,0.009027,0.000052,0.000004,0.085363,0.000312,0.000004,0.000218,0.094982
83,0.009902,0.000041,0.000004,0.084979,0.000330,0.000004,0.007341,0.102608
112,0.008928,0.000039,0.000004,0.083509,0.000312,0.000004,0.006712,0.099515
98,0.011412,0.000042,0.000004,0.087771,0.000358,0.000004,0.001879,0.101477
171,0.009406,0.000040,0.000004,0.042595,0.000316,0.000006,0.001587,0.053959
114,0.010992,0.000043,0.000004,0.112300,0.000812,0.000024,0.001304,0.125488
84,0.008832,0.000045,0.000004,0.019554,0.000392,0.000007,0.007146,0.035991
102,0.009811,0.000040,0.000004,0.035921,0.000377,0.000005,0.000397,0.046557
115,0.007294,0.000040,0.000003,0.080601,0.000324,0.000005,0.003544,0.091819
99,0.009917,0.000046,0.000004,0.070693,0.000313,0.000003,0.001900,0.082884
92,0.010279,0.000041,0.000004,0.074938,0.000363,0.000005,0.013698,0.099336
123,0.014479,0.000038,0.000004,0.090868,0.000357,0.000005,0.000262,0.106015
113,0.009624,0.000045,0.000004,0.096026,0.000371,0.000005,0.006812,0.112893
103,0.007695,0.000034,0.000003,0.073422,0.000328,0.000004,0.000366,0.081856
93,0.008660,0.000034,0.000003,0.007372,0.000330,0.000005,0.012006,0.028419
85,0.009691,0.000049,0.000005,0.092884,0.000352,0.000008,0.006533,0.109528
96,0.011323,0.000046,0.000003,0.147538,0.000421,0.000008,0.018012,0.177361
172,0.009408,0.000037,0.000004,0.148075,0.000707,0.000010,0.002436,0.160694
116,0.008847,0.000040,0.000004,0.102810,0.000344,0.000006,0.003406,0.115463
124,0.008320,0.000034,0.000004,0.070962,0.000320,0.000005,0.000232,0.079877
115,0.012436,0.000050,0.000005,0.138391,0.000411,0.000006,0.000614,0.151918
100,0.010683,0.000040,0.000004,0.082344,0.000336,0.000004,0.002001,0.095417
125,0.009350,0.000040,0.000003,0.022833,0.000362,0.000004,0.000224,0.032818
104,0.008924,0.000039,0.000004,0.100469,0.000424,0.000006,0.000375,0.110245
101,0.009968,0.000049,0.000004,0.037908,0.000342,0.000004,0.002021,0.050302
94,0.009873,0.000039,0.000003,0.092718,0.000359,0.000006,0.019514,0.122524
86,0.009796,0.000039,0.000004,0.085160,0.000323,0.000004,0.006455,0.101785
114,0.009567,0.000040,0.000003,0.110994,0.000354,0.000004,0.014797,0.135765
105,0.009546,0.000034,0.000005,0.011411,0.000511,0.000010,0.000628,0.022153
117,0.007543,0.000037,0.000004,0.098850,0.000329,0.000005,0.003342,0.110117
87,0.009901,0.000035,0.000003,0.027514,0.000351,0.000005,0.006372,0.044190
102,0.008969,0.000039,0.000004,0.073200,0.000323,0.000005,0.001926,0.084473
126,0.009961,0.000044,0.000005,0.095831,0.000364,0.000006,0.000214,0.106428
88,0.009370,0.000041,0.000003,0.024503,0.000368,0.000004,0.006239,0.040536
173,0.011568,0.000049,0.000005,0.156165,0.000429,0.000009,0.002050,0.170283
115,0.009086,0.000037,0.000003,0.077353,0.000315,0.000004,0.007087,0.093889
97,0.011398,0.000046,0.000004,0.154337,0.000396,0.000009,0.016171,0.182371
116,0.009256,0.000045,0.000004,0.158169,0.000418,0.000007,0.000552,0.168458
106,0.011795,0.000042,0.000004,0.082718,0.000327,0.000004,0.000377,0.095271
107,0.009047,0.000037,0.000004,0.027004,0.000373,0.000006,0.000466,0.036943
95,0.015062,0.000045,0.000004,0.110429,0.000550,0.000010,0.021278,0.147388
118,0.007334,0.000040,0.000004,0.102923,0.000319,0.000005,0.003260,0.113891
98,0.010634,0.000047,0.000004,0.034500,0.000429,0.000008,0.017419,0.063050
108,0.010007,0.000040,0.000005,0.015258,0.000346,0.000006,0.000397,0.026063
89,0.009312,0.000035,0.000004,0.081838,0.000363,0.000003,0.007350,0.098914
127,0.009548,0.000040,0.000005,0.100260,0.000383,0.000004,0.000260,0.110502
116,0.009678,0.000039,0.000004,0.078066,0.000336,0.000004,0.006788,0.094923
103,0.011138,0.000042,0.000004,0.106055,0.000359,0.000005,0.001758,0.119366
119,0.007874,0.000044,0.000004,0.031843,0.000307,0.000007,0.002943,0.043027
117,0.009523,0.000036,0.000004,0.015481,0.000333,0.000004,0.006537,0.031927
117,0.010733,0.000044,0.000007,0.136681,0.000420,0.000008,0.000629,0.148527
174,0.010697,0.000041,0.000004,0.152579,0.000487,0.000008,0.002152,0.165974
96,0.011753,0.000036,0.000004,0.086115,0.000337,0.000006,0.013099,0.111356
109,0.009934,0.000043,0.000004,0.078229,0.000309,0.000005,0.000361,0.088888
90,0.009913,0.000039,0.000004,0.079429,0.000338,0.000004,0.006702,0.096437
120,0.006697,0.000036,0.000004,0.091557,0.000351,0.000006,0.003422,0.102079
118,0.009972,0.000042,0.000004,0.072267,0.000321,0.000003,0.006281,0.088898
104,0.010874,0.000039,0.000004,0.118072,0.000379,0.000004,0.002289,0.131668
99,0.018344,0.000092,0.000016,0.122616,0.000378,0.000007,0.021477,0.162943
121,0.008894,0.000039,0.000004,0.015035,0.000320,0.000004,0.003335,0.027638
110,0.009606,0.000042,0.000004,0.081101,0.000302,0.000004,0.000372,0.091435
97,0.009448,0.000052,0.000006,0.084317,0.000306,0.000005,0.013832,0.107974
91,0.009710,0.000037,0.000004,0.078358,0.000316,0.000004,0.006164,0.094600
118,0.010603,0.000045,0.000004,0.119766,0.000576,0.000014,0.001047,0.132068
111,0.009217,0.000038,0.000004,0.021004,0.000324,0.000005,0.000364,0.030959
175,0.010270,0.000039,0.000005,0.126683,0.000493,0.000009,0.002236,0.139744
100,0.011852,0.000062,0.000008,0.034759,0.000401,0.000009,0.017101,0.064202
122,0.006150,0.000034,0.000004,0.076249,0.000279,0.000004,0.002951,0.085677
98,0.009382,0.000056,0.000004,0.031051,0.000349,0.000005,0.013987,0.054843
119,0.010963,0.000040,0.000005,0.085150,0.000312,0.000004,0.006411,0.102892
119,0.012925,0.000057,0.000007,0.024653,0.000457,0.000007,0.000514,0.038626
105,0.010843,0.000039,0.000005,0.087576,0.000325,0.000007,0.001635,0.100437
120,0.009171,0.000045,0.000004,0.020776,0.000376,0.000007,0.000528,0.030912
99,0.009455,0.000036,0.000004,0.025420,0.000472,0.000010,0.017974,0.053383
92,0.009766,0.000037,0.000004,0.080939,0.000326,0.000005,0.006281,0.097382
112,0.009617,0.000036,0.000004,0.090628,0.000476,0.000004,0.000384,0.101152
120,0.009462,0.000056,0.000004,0.081864,0.000337,0.000004,0.006148,0.097882
123,0.008694,0.000043,0.000005,0.091184,0.000370,0.000006,0.003226,0.103534
176,0.010549,0.000042,0.000004,0.119532,0.000325,0.000005,0.001536,0.132000
106,0.009208,0.000041,0.000003,0.091071,0.000334,0.000004,0.001531,0.102199
101,0.010385,0.000041,0.000004,0.138259,0.000518,0.000010,0.020287,0.169513
100,0.010135,0.000042,0.000005,0.068661,0.000377,0.000005,0.010773,0.090011
113,0.009027,0.000039,0.000004,0.070108,0.000295,0.000005,0.000341,0.079821
121,0.007865,0.000033,0.000003,0.024668,0.000294,0.000004,0.015790,0.048666
93,0.009345,0.000039,0.000004,0.083934,0.000330,0.000004,0.005778,0.099439
121,0.015554,0.000076,0.000009,0.130924,0.000433,0.000008,0.000561,0.147569
94,0.008870,0.000034,0.000003,0.020401,0.000320,0.000004,0.006445,0.036084
124,0.008048,0.000040,0.000004,0.083098,0.000316,0.000005,0.003291,0.094808
177,0.009391,0.000038,0.000003,0.084069,0.000326,0.000005,0.001469,0.095307
107,0.010616,0.000041,0.000004,0.085108,0.000301,0.000005,0.001803,0.097884
114,0.008628,0.000037,0.000004,0.076201,0.000317,0.000004,0.000369,0.085561
125,0.006793,0.000034,0.000003,0.035459,0.000320,0.000005,0.002938,0.045556
101,0.009114,0.000039,0.000005,0.083446,0.000327,0.000005,0.012117,0.105058
122,0.009879,0.000039,0.000009,0.086351,0.000336,0.000004,0.006168,0.102792
95,0.009110,0.000042,0.000004,0.062885,0.000290,0.000004,0.005888,0.078229
178,0.008563,0.000035,0.000003,0.082928,0.000291,0.000005,0.001485,0.093315
108,0.009512,0.000037,0.000004,0.085947,0.000303,0.000005,0.001792,0.097606
115,0.007765,0.000036,0.000004,0.064461,0.000288,0.000004,0.000328,0.072889
102,0.009965,0.000040,0.000004,0.136427,0.000776,0.000026,0.018042,0.165289
122,0.011047,0.000046,0.000005,0.122576,0.000448,0.000010,0.000576,0.134714
179,0.008924,0.000038,0.000003,0.015822,0.000345,0.000004,0.001645,0.026788
64,0.019213,0.000064,0.000008,0.029894,0.000472,0.000004,0.001430,0.051098
109,0.009585,0.000041,0.000003,0.014620,0.000285,0.000004,0.001761,0.026304
102,0.009200,0.000039,0.000004,0.074638,0.000303,0.000005,0.013022,0.097217
123,0.009487,0.000033,0.000003,0.078976,0.000319,0.000004,0.006223,0.095051
126,0.008260,0.000033,0.000004,0.094921,0.000292,0.000005,0.003232,0.106753
96,0.009216,0.000035,0.000004,0.070968,0.000317,0.000004,0.006142,0.086692
65,0.011226,0.000042,0.000005,0.027124,0.000388,0.000005,0.001043,0.039839
110,0.013701,0.000044,0.000004,0.024277,0.000356,0.000005,0.001838,0.040230
127,0.009505,0.000044,0.000003,0.027982,0.000333,0.000005,0.003358,0.041236
116,0.014755,0.000042,0.000004,0.084562,0.000347,0.000005,0.000402,0.100121
180,0.009046,0.000037,0.000004,0.075615,0.000313,0.000004,0.001614,0.086642
123,0.011293,0.000033,0.000004,0.087713,0.000323,0.000004,0.000394,0.099768
103,0.008465,0.000035,0.000005,0.070958,0.000302,0.000004,0.011245,0.091021
124,0.009041,0.000042,0.000004,0.081001,0.000300,0.000005,0.006409,0.096809
97,0.010293,0.000044,0.000005,0.072069,0.000302,0.000004,0.006465,0.089188
181,0.009525,0.000038,0.000004,0.047365,0.000450,0.000006,0.001705,0.059097
66,0.010790,0.000048,0.000008,0.082228,0.000343,0.000006,0.000950,0.094378
111,0.009270,0.000038,0.000004,0.086689,0.000337,0.000005,0.002013,0.098365
103,0.012613,0.000043,0.000004,0.145748,0.000531,0.000018,0.020097,0.179071
117,0.009191,0.000034,0.000004,0.075781,0.000360,0.000005,0.000386,0.085764
182,0.011648,0.000050,0.000004,0.019961,0.000334,0.000006,0.001629,0.033637
124,0.008980,0.000036,0.000003,0.088206,0.000305,0.000004,0.000404,0.097940
98,0.008351,0.000039,0.000003,0.072090,0.000358,0.000004,0.005948,0.086801
183,0.009071,0.000038,0.000004,0.015858,0.000424,0.000010,0.001902,0.027314
104,0.009199,0.000035,0.000003,0.083837,0.000363,0.000005,0.013529,0.106981
125,0.009627,0.000044,0.000004,0.095217,0.000316,0.000004,0.006768,0.111985
67,0.013769,0.000041,0.000006,0.089124,0.000572,0.000012,0.001770,0.105306
99,0.009923,0.000042,0.000003,0.023513,0.000379,0.000005,0.006543,0.040415
118,0.010128,0.000043,0.000005,0.077166,0.000357,0.000004,0.000396,0.088101
112,0.010121,0.000037,0.000004,0.098177,0.000337,0.000004,0.001840,0.110528
68,0.009676,0.000044,0.000007,0.022383,0.000369,0.000004,0.001092,0.033579
125,0.008377,0.000036,0.000004,0.095632,0.000412,0.000005,0.000414,0.104883
104,0.011632,0.000050,0.000004,0.108204,0.000348,0.000005,0.013058,0.133308
126,0.011152,0.000041,0.000003,0.048416,0.000600,0.000005,0.006841,0.067074
184,0.010814,0.000039,0.000004,0.086578,0.000376,0.000006,0.001581,0.099405
105,0.010086,0.000044,0.000005,0.090348,0.000362,0.000005,0.013371,0.114230
127,0.011675,0.000046,0.000005,0.014864,0.000342,0.000005,0.006764,0.033708
119,0.009694,0.000039,0.000004,0.079763,0.000308,0.000004,0.000436,0.090251
100,0.014800,0.000085,0.000008,0.096334,0.000358,0.000004,0.006479,0.118076
113,0.011913,0.000043,0.000004,0.111697,0.000360,0.000005,0.002048,0.126077
126,0.009680,0.000042,0.000006,0.085568,0.000346,0.000004,0.000424,0.096074
69,0.010166,0.000042,0.000006,0.093488,0.000344,0.000004,0.001093,0.105149
105,0.009080,0.000041,0.000004,0.078687,0.000325,0.000005,0.012421,0.100570
101,0.009371,0.000037,0.000004,0.012078,0.000316,0.000005,0.005965,0.027780
185,0.016365,0.000053,0.000008,0.081152,0.000352,0.000005,0.001568,0.099508
102,0.008937,0.000036,0.000003,0.023853,0.000358,0.000004,0.006635,0.039834
120,0.009248,0.000037,0.000003,0.092652,0.000334,0.000004,0.000390,0.102671
106,0.008992,0.000035,0.000004,0.096090,0.000388,0.000005,0.014273,0.119796
127,0.009155,0.000040,0.000003,0.079227,0.000334,0.000004,0.000431,0.089198
70,0.009327,0.000038,0.000007,0.078542,0.000302,0.000003,0.001074,0.089298
114,0.011790,0.000040,0.000004,0.091221,0.000325,0.000005,0.002013,0.105404
186,0.009684,0.000037,0.000004,0.085348,0.000341,0.000005,0.001593,0.097019
106,0.007455,0.000032,0.000004,0.096389,0.000343,0.000005,0.011630,0.115867
115,0.009921,0.000045,0.000003,0.023200,0.000325,0.000004,0.001999,0.035503
121,0.009974,0.000048,0.000004,0.080309,0.000339,0.000004,0.000371,0.091052
107,0.008192,0.000034,0.000004,0.007201,0.000422,0.000008,0.012206,0.028074
103,0.009457,0.000036,0.000004,0.080569,0.000310,0.000008,0.006031,0.096420
71,0.026762,0.000053,0.000008,0.032514,0.000509,0.000008,0.001957,0.061817
107,0.008662,0.000036,0.000004,0.080777,0.000309,0.000005,0.011486,0.101287
122,0.009205,0.000043,0.000004,0.021793,0.000334,0.000004,0.000392,0.031778
104,0.010905,0.000047,0.000006,0.008559,0.000418,0.000010,0.008281,0.028235
116,0.009523,0.000038,0.000005,0.035170,0.000330,0.000004,0.001701,0.046778
187,0.009953,0.000038,0.000004,0.086165,0.000405,0.000005,0.001588,0.098163
117,0.009054,0.000036,0.000003,0.043476,0.000350,0.000004,0.002082,0.055010
108,0.008349,0.000039,0.000005,0.076579,0.000283,0.000004,0.011244,0.096510
72,0.016269,0.000043,0.000009,0.091580,0.000350,0.000004,0.000998,0.109260
108,0.008468,0.000036,0.000005,0.097245,0.000304,0.000005,0.010487,0.116562
188,0.008948,0.000037,0.000004,0.038136,0.000324,0.000005,0.001574,0.049035
123,0.008746,0.000033,0.000003,0.075462,0.000319,0.000005,0.000381,0.084953
118,0.009826,0.000041,0.000004,0.024022,0.000316,0.000004,0.001823,0.036040
109,0.009583,0.000036,0.000004,0.012309,0.000308,0.000004,0.013565,0.035818
105,0.011614,0.000048,0.000005,0.135543,0.000666,0.000009,0.009716,0.157631
73,0.008991,0.000038,0.000007,0.083298,0.000362,0.000004,0.001102,0.093806
189,0.009288,0.000038,0.000004,0.082462,0.000287,0.000004,0.001550,0.093640
109,0.015431,0.000059,0.000006,0.076667,0.000321,0.000004,0.012014,0.104509
119,0.008281,0.000038,0.000005,0.085255,0.000474,0.000006,0.001563,0.095635
110,0.009605,0.000042,0.000005,0.080490,0.000320,0.000004,0.014089,0.104569
124,0.010710,0.000045,0.000004,0.146365,0.000400,0.000005,0.000474,0.158006
74,0.007918,0.000035,0.000006,0.065015,0.000302,0.000004,0.000982,0.074267
106,0.012728,0.000054,0.000007,0.082290,0.000323,0.000005,0.006281,0.101696
190,0.009241,0.000039,0.000004,0.080228,0.000285,0.000005,0.001682,0.091490
120,0.012042,0.000049,0.000005,0.085012,0.000386,0.000006,0.001884,0.099389
110,0.008969,0.000039,0.000004,0.088060,0.000304,0.000004,0.012634,0.110020
191,0.008060,0.000034,0.000003,0.025563,0.000280,0.000005,0.001441,0.035391
111,0.009611,0.000041,0.000004,0.076276,0.000340,0.000005,0.012637,0.098921
125,0.009783,0.000034,0.000004,0.082174,0.000343,0.000005,0.000375,0.092721
75,0.008962,0.000034,0.000005,0.079659,0.000325,0.000004,0.000976,0.089971
111,0.008503,0.000038,0.000004,0.016968,0.000303,0.000006,0.011226,0.037055
107,0.008827,0.000034,0.000003,0.084937,0.000334,0.000005,0.006025,0.100172
121,0.010586,0.000037,0.000004,0.076071,0.000312,0.000004,0.001843,0.088863
76,0.008285,0.000035,0.000006,0.074581,0.000274,0.000005,0.000878,0.084069
112,0.009113,0.000039,0.000005,0.085036,0.000315,0.000006,0.013268,0.107787
126,0.008871,0.000037,0.000004,0.089629,0.000335,0.000005,0.000370,0.099254
112,0.009675,0.000040,0.000004,0.080006,0.000327,0.000005,0.012930,0.102996
108,0.008253,0.000039,0.000003,0.077506,0.000361,0.000004,0.005879,0.092054
122,0.008278,0.000038,0.000004,0.087151,0.000281,0.000004,0.001713,0.097477
77,0.014934,0.000046,0.000018,0.068047,0.000376,0.000004,0.000994,0.084428
113,0.009149,0.000039,0.000004,0.068098,0.000358,0.000006,0.018408,0.096077
127,0.009374,0.000038,0.000004,0.083082,0.000343,0.000005,0.000394,0.093242
109,0.009793,0.000044,0.000004,0.075874,0.000320,0.000004,0.005939,0.091985
113,0.009197,0.000037,0.000005,0.087220,0.000320,0.000005,0.012299,0.109090
114,0.009769,0.000037,0.000004,0.012379,0.000351,0.000004,0.012456,0.035007
78,0.008437,0.000037,0.000005,0.071222,0.000311,0.000004,0.000880,0.080903
123,0.011257,0.000043,0.000004,0.092525,0.000354,0.000004,0.001810,0.106005
114,0.011332,0.000038,0.000004,0.014872,0.000308,0.000004,0.014093,0.040657
110,0.008948,0.000041,0.000005,0.086369,0.000341,0.000005,0.006435,0.102149
115,0.009100,0.000043,0.000004,0.072229,0.000385,0.000005,0.013004,0.094777
79,0.008807,0.000040,0.000005,0.076795,0.000312,0.000004,0.001019,0.086986
111,0.009560,0.000036,0.000003,0.020882,0.000338,0.000005,0.006091,0.036922
124,0.011278,0.000053,0.000005,0.100331,0.000387,0.000004,0.001898,0.113960
115,0.009665,0.000043,0.000004,0.094682,0.000323,0.000004,0.011789,0.116518
125,0.009407,0.000048,0.000005,0.012474,0.000290,0.000004,0.001667,0.023904
116,0.009309,0.000039,0.000004,0.068058,0.000352,0.000004,0.013040,0.090814
80,0.009857,0.000041,0.000007,0.072955,0.000297,0.000004,0.000974,0.084139
112,0.007995,0.000042,0.000005,0.073283,0.000350,0.000004,0.004730,0.086415
116,0.009235,0.000045,0.000006,0.068960,0.000335,0.000005,0.011954,0.090546
117,0.008678,0.000040,0.000003,0.069461,0.000389,0.000004,0.012719,0.091301
126,0.009479,0.000045,0.000004,0.090126,0.000446,0.000011,0.001897,0.102013
81,0.008750,0.000037,0.000006,0.076137,0.000403,0.000006,0.000937,0.086283
118,0.007523,0.000037,0.000003,0.006247,0.000307,0.000004,0.010971,0.025102
113,0.008877,0.000038,0.000005,0.083850,0.000316,0.000005,0.005340,0.098436
117,0.008997,0.000040,0.000004,0.079808,0.000321,0.000004,0.011671,0.100851
82,0.008986,0.000033,0.000005,0.065446,0.000264,0.000004,0.000880,0.075621
127,0.010633,0.000047,0.000004,0.076697,0.000289,0.000004,0.001517,0.089196
119,0.008395,0.000042,0.000004,0.049482,0.000304,0.000004,0.010492,0.068729
83,0.007852,0.000030,0.000007,0.010745,0.000247,0.000004,0.000846,0.019735
114,0.008162,0.000034,0.000004,0.060823,0.000334,0.000004,0.005322,0.074689
118,0.008107,0.000032,0.000003,0.030056,0.000332,0.000004,0.009972,0.048522
120,0.008201,0.000040,0.000004,0.022126,0.000322,0.000005,0.009824,0.040528
121,0.008058,0.000033,0.000003,0.012761,0.000297,0.000005,0.009793,0.030955
84,0.007272,0.000030,0.000006,0.059115,0.000279,0.000004,0.000752,0.067461
119,0.008487,0.000036,0.000005,0.057264,0.000311,0.000014,0.010220,0.076343
115,0.008207,0.000036,0.000003,0.075689,0.000306,0.000004,0.005065,0.089317
122,0.007816,0.000030,0.000004,0.062564,0.000303,0.000004,0.010683,0.081410
85,0.008293,0.000033,0.000005,0.067069,0.000303,0.000005,0.000858,0.076571
116,0.007626,0.000030,0.000003,0.062501,0.000287,0.000004,0.005272,0.075729
120,0.008732,0.000036,0.000004,0.067064,0.000312,0.000006,0.010569,0.086729
117,0.009007,0.000035,0.000004,0.007997,0.000292,0.000004,0.005185,0.022530
121,0.008335,0.000033,0.000003,0.014767,0.000263,0.000004,0.011814,0.035225
86,0.007783,0.000038,0.000005,0.066539,0.000326,0.000005,0.000852,0.075554
123,0.007928,0.000033,0.000003,0.063070,0.000306,0.000006,0.009644,0.080996
124,0.007760,0.000032,0.000003,0.009307,0.000284,0.000005,0.010419,0.027815
118,0.008084,0.000030,0.000004,0.061886,0.000312,0.000004,0.004958,0.075282
122,0.007815,0.000032,0.000003,0.056525,0.000256,0.000004,0.009630,0.074272
87,0.008426,0.000035,0.000005,0.058846,0.000287,0.000004,0.000801,0.068407
125,0.007295,0.000036,0.000003,0.051485,0.000271,0.000004,0.008987,0.068088
119,0.007940,0.000035,0.000004,0.057597,0.000317,0.000004,0.004960,0.070862
88,0.007315,0.000035,0.000004,0.058050,0.000293,0.000004,0.000845,0.066549
123,0.008357,0.000036,0.000003,0.055778,0.000263,0.000004,0.009776,0.074222
89,0.007747,0.000037,0.000005,0.012702,0.000283,0.000004,0.000827,0.021608
126,0.007860,0.000031,0.000003,0.057669,0.000304,0.000004,0.010390,0.076266
120,0.007818,0.000030,0.000003,0.060323,0.000273,0.000004,0.004755,0.073212
90,0.007748,0.000034,0.000006,0.044533,0.000281,0.000004,0.000871,0.053480
124,0.007874,0.000032,0.000003,0.069242,0.000303,0.000004,0.009758,0.087222
127,0.006702,0.000028,0.000003,0.055028,0.000269,0.000004,0.008401,0.070441
121,0.008664,0.000047,0.000003,0.055887,0.000266,0.000004,0.004203,0.069079
91,0.007648,0.000030,0.000005,0.044842,0.000293,0.000004,0.000980,0.053806
125,0.007511,0.000029,0.000003,0.058004,0.000257,0.000005,0.009128,0.074941
92,0.008354,0.000031,0.000005,0.046148,0.000263,0.000004,0.000804,0.055612
122,0.008042,0.000033,0.000003,0.052328,0.000257,0.000004,0.004445,0.065118
126,0.006965,0.000030,0.000003,0.052891,0.000249,0.000004,0.008387,0.068533
93,0.006993,0.000033,0.000005,0.049196,0.000253,0.000004,0.000753,0.057241
123,0.007143,0.000034,0.000003,0.053027,0.000303,0.000006,0.004211,0.064733
127,0.007131,0.000031,0.000003,0.053405,0.000271,0.000004,0.008837,0.069686
94,0.007048,0.000031,0.000005,0.046605,0.000269,0.000004,0.000821,0.054786
124,0.006368,0.000039,0.000003,0.046293,0.000240,0.000004,0.003454,0.056405
95,0.005794,0.000028,0.000004,0.003653,0.000287,0.000005,0.000779,0.010553
125,0.006486,0.000029,0.000003,0.052158,0.000255,0.000004,0.004321,0.063261
96,0.007355,0.000027,0.000004,0.054627,0.000260,0.000004,0.000813,0.063094
97,0.005837,0.000034,0.000004,0.048249,0.000234,0.000003,0.000791,0.055157
126,0.006945,0.000033,0.000003,0.049009,0.000242,0.000004,0.004061,0.060301
98,0.007362,0.000033,0.000005,0.007185,0.000306,0.000005,0.000843,0.015742
127,0.006043,0.000029,0.000004,0.046611,0.000235,0.000004,0.003610,0.056540
99,0.005994,0.000032,0.000004,0.040855,0.000246,0.000003,0.000701,0.047839
100,0.006959,0.000032,0.000005,0.010874,0.000315,0.000005,0.000777,0.018970
101,0.006889,0.000033,0.000004,0.050489,0.000222,0.000003,0.000720,0.058363
102,0.006618,0.000035,0.000004,0.048749,0.000306,0.000004,0.000722,0.056441
103,0.006000,0.000028,0.000005,0.003870,0.000271,0.000005,0.000770,0.010951
104,0.007449,0.000032,0.000006,0.051382,0.000284,0.000004,0.000835,0.059996
105,0.006871,0.000029,0.000005,0.005167,0.000250,0.000004,0.000710,0.013039
106,0.006508,0.000029,0.000004,0.057556,0.000256,0.000004,0.000766,0.065127
107,0.006562,0.000033,0.000005,0.041540,0.000279,0.000004,0.000832,0.049257
108,0.006372,0.000037,0.000006,0.004104,0.000294,0.000004,0.000816,0.011635
109,0.007655,0.000032,0.000004,0.006743,0.000238,0.000004,0.000796,0.015475
110,0.006650,0.000030,0.000005,0.052011,0.000272,0.000004,0.000773,0.059748
111,0.006823,0.000034,0.000005,0.005879,0.000274,0.000004,0.000837,0.013860
112,0.006791,0.000032,0.000005,0.042726,0.000258,0.000004,0.000772,0.050590
113,0.006716,0.000037,0.000005,0.054165,0.000262,0.000004,0.000773,0.061964
114,0.006029,0.000034,0.000005,0.049740,0.000274,0.000004,0.000673,0.056762
115,0.007082,0.000034,0.000005,0.049263,0.000268,0.000004,0.000760,0.057418
116,0.006220,0.000026,0.000005,0.009538,0.000296,0.000005,0.000929,0.017023
117,0.005852,0.000032,0.000004,0.042758,0.000239,0.000004,0.000684,0.049575
118,0.005835,0.000026,0.000004,0.037926,0.000203,0.000004,0.000634,0.044634
119,0.005737,0.000025,0.000005,0.062181,0.000366,0.000005,0.000851,0.069173
120,0.007131,0.000035,0.000007,0.063002,0.000371,0.000005,0.000989,0.071543
121,0.008987,0.000044,0.000006,0.060521,0.000422,0.000005,0.001054,0.071043
122,0.008868,0.000043,0.000008,0.009559,0.000403,0.000006,0.001074,0.019966
123,0.008721,0.000043,0.000005,0.053140,0.000284,0.000004,0.000780,0.062980
124,0.006633,0.000029,0.000005,0.051080,0.000248,0.000004,0.000732,0.058734
125,0.006721,0.000028,0.000004,0.044926,0.000269,0.000004,0.000745,0.052700
126,0.007618,0.000031,0.000005,0.044301,0.000251,0.000004,0.000782,0.052995
127,0.006027,0.000026,0.000005,0.046787,0.000251,0.000004,0.000744,0.053847
128,0.011155,0.000027,0.000003,0.034498,0.000250,0.000004,0.003781,0.049723
129,0.006066,0.000029,0.000003,0.032681,0.000234,0.000004,0.003255,0.042276
130,0.006121,0.000030,0.000003,0.006817,0.000253,0.000004,0.003723,0.016954
131,0.006655,0.000031,0.000003,0.039011,0.000280,0.000004,0.003490,0.049480
132,0.006017,0.000028,0.000003,0.028110,0.000242,0.000004,0.003366,0.037775
133,0.006390,0.000036,0.000003,0.007930,0.000251,0.000005,0.003801,0.018420
134,0.005220,0.000026,0.000004,0.002393,0.000204,0.000004,0.003135,0.010988
135,0.006608,0.000030,0.000003,0.030068,0.000250,0.000004,0.003638,0.040605
136,0.006085,0.000031,0.000003,0.039284,0.000231,0.000005,0.003118,0.048762
137,0.005797,0.000028,0.000004,0.003614,0.000237,0.000004,0.003492,0.013180
138,0.006067,0.000033,0.000003,0.036724,0.000269,0.000004,0.003213,0.046317
139,0.006338,0.000036,0.000003,0.027836,0.000236,0.000004,0.003163,0.037621
140,0.010118,0.000064,0.000015,0.012911,0.000251,0.000004,0.003398,0.026764
141,0.006201,0.000026,0.000003,0.003952,0.000240,0.000004,0.003721,0.014151
142,0.006684,0.000032,0.000003,0.035686,0.000261,0.000004,0.003197,0.045870
143,0.006699,0.000035,0.000003,0.035812,0.000365,0.000004,0.003193,0.046122
144,0.006895,0.000038,0.000004,0.034799,0.000244,0.000004,0.003238,0.045228
145,0.006652,0.000031,0.000003,0.037923,0.000265,0.000004,0.003380,0.048260
146,0.004863,0.000024,0.000004,0.033832,0.000223,0.000004,0.003077,0.042030
147,0.006537,0.000032,0.000003,0.031789,0.000234,0.000004,0.003182,0.041786
148,0.006025,0.000031,0.000003,0.005332,0.000261,0.000005,0.003918,0.015580
149,0.006168,0.000030,0.000003,0.010040,0.000262,0.000004,0.003345,0.019856
150,0.006695,0.000032,0.000003,0.033456,0.000255,0.000004,0.003453,0.043901
151,0.006823,0.000034,0.000003,0.032049,0.000253,0.000004,0.005945,0.045119
152,0.007155,0.000032,0.000003,0.033421,0.000246,0.000005,0.003194,0.044059
153,0.005217,0.000028,0.000003,0.025008,0.000228,0.000004,0.002866,0.033358
154,0.006333,0.000031,0.000003,0.007644,0.000319,0.000004,0.003270,0.017608
155,0.005804,0.000026,0.000003,0.037618,0.000232,0.000004,0.003220,0.046910
156,0.005984,0.000037,0.000003,0.030007,0.000224,0.000004,0.003166,0.039428
157,0.005823,0.000026,0.000003,0.035380,0.000234,0.000005,0.003615,0.045089
158,0.005615,0.000028,0.000002,0.008100,0.000227,0.000004,0.003003,0.016983
159,0.006071,0.000033,0.000003,0.031411,0.000279,0.000004,0.003346,0.041151
160,0.005886,0.000027,0.000003,0.031082,0.000256,0.000004,0.003197,0.040457
161,0.005554,0.000028,0.000003,0.034623,0.000255,0.000004,0.002899,0.043370
162,0.005462,0.000029,0.000003,0.024690,0.000245,0.000004,0.002868,0.033305
163,0.006542,0.000035,0.000003,0.037529,0.000253,0.000004,0.003381,0.047752
164,0.005163,0.000027,0.000003,0.003374,0.000213,0.000004,0.002861,0.011647
165,0.005758,0.000025,0.000003,0.033889,0.000223,0.000005,0.003103,0.043008
166,0.005035,0.000024,0.000003,0.002403,0.000204,0.000004,0.002780,0.010455
167,0.005880,0.000029,0.000003,0.029627,0.000221,0.000004,0.003169,0.038937
168,0.005894,0.000032,0.000003,0.010250,0.000250,0.000004,0.003191,0.019627
169,0.005827,0.000027,0.000003,0.027597,0.000243,0.000004,0.003212,0.036916
170,0.008395,0.000029,0.000003,0.007116,0.000261,0.000005,0.003439,0.019250
171,0.005028,0.000028,0.000003,0.003851,0.000249,0.000005,0.003349,0.012516
172,0.005801,0.000027,0.000003,0.027997,0.000239,0.000004,0.002835,0.036909
173,0.006839,0.000031,0.000003,0.035186,0.000261,0.000003,0.003350,0.045678
174,0.006662,0.000034,0.000003,0.007670,0.000219,0.000004,0.003034,0.017629
175,0.004853,0.000026,0.000003,0.032345,0.000220,0.000004,0.002817,0.040270
176,0.005001,0.000026,0.000003,0.003387,0.000212,0.000004,0.002792,0.011427
177,0.005811,0.000027,0.000003,0.052687,0.000419,0.000005,0.003263,0.062225
178,0.006497,0.000043,0.000004,0.025486,0.000270,0.000004,0.003107,0.035414
179,0.006742,0.000035,0.000004,0.003820,0.000264,0.000005,0.003627,0.014500
180,0.005808,0.000027,0.000003,0.007550,0.000261,0.000005,0.003457,0.017115
181,0.006835,0.000035,0.000003,0.030760,0.000231,0.000003,0.002957,0.040826
182,0.005817,0.000030,0.000003,0.035256,0.000224,0.000004,0.003022,0.044360
183,0.005973,0.000030,0.000003,0.027059,0.000253,0.000004,0.003113,0.036438
184,0.005797,0.000027,0.000003,0.021275,0.000232,0.000004,0.003126,0.030468
185,0.005820,0.000030,0.000003,0.007691,0.000279,0.000004,0.003598,0.017429
186,0.005035,0.000025,0.000003,0.027533,0.000231,0.000004,0.002819,0.035652
187,0.005610,0.000027,0.000003,0.025431,0.000235,0.000004,0.003153,0.034467
188,0.005971,0.000034,0.000003,0.004957,0.000246,0.000004,0.003077,0.014296
189,0.005890,0.000030,0.000003,0.027332,0.000248,0.000004,0.003030,0.036540
190,0.006597,0.000032,0.000003,0.025399,0.000237,0.000004,0.003079,0.035354
191,0.005701,0.000029,0.000003,0.011048,0.000256,0.000005,0.003564,0.020608
128,0.011602,0.000053,0.000006,0.027996,0.000212,0.000004,0.000368,0.040243
129,0.005692,0.000025,0.000002,0.007083,0.000275,0.000005,0.000455,0.013538
130,0.006680,0.000038,0.000003,0.007953,0.000247,0.000004,0.000395,0.015322
131,0.005660,0.000026,0.000003,0.034582,0.000294,0.000005,0.000418,0.040990
132,0.007123,0.000031,0.000004,0.030287,0.000217,0.000004,0.000388,0.038055
133,0.005544,0.000031,0.000002,0.003214,0.000218,0.000004,0.000386,0.009401
134,0.005785,0.000037,0.000002,0.028118,0.000242,0.000004,0.000384,0.034574
135,0.005785,0.000033,0.000003,0.007497,0.000246,0.000005,0.000444,0.014016
136,0.005344,0.000025,0.000002,0.005718,0.000223,0.000004,0.000402,0.011720
137,0.005517,0.000023,0.000002,0.002860,0.000199,0.000004,0.000375,0.008981
138,0.005481,0.000028,0.000003,0.030790,0.000216,0.000004,0.000350,0.036874
139,0.005799,0.000027,0.000002,0.010751,0.000231,0.000004,0.000407,0.017225
140,0.005401,0.000023,0.000002,0.030836,0.000228,0.000004,0.000392,0.036889
141,0.005771,0.000028,0.000003,0.029517,0.000220,0.000004,0.000395,0.035940
142,0.005794,0.000027,0.000003,0.023640,0.000213,0.000004,0.000377,0.030060
143,0.005494,0.000024,0.000003,0.024279,0.000224,0.000004,0.000373,0.030403
144,0.006144,0.000028,0.000003,0.026149,0.000248,0.000004,0.000388,0.032966
145,0.006602,0.000037,0.000003,0.003438,0.000244,0.000005,0.000448,0.010778
146,0.005450,0.000023,0.000002,0.004324,0.000194,0.000003,0.000365,0.010364
147,0.005182,0.000026,0.000002,0.028844,0.000224,0.000004,0.000390,0.034674
148,0.005528,0.000027,0.000002,0.033709,0.000227,0.000004,0.000398,0.039897
149,0.005852,0.000028,0.000003,0.031169,0.000238,0.000004,0.000431,0.037727
150,0.005867,0.000034,0.000002,0.007308,0.000212,0.000004,0.000383,0.013813
151,0.005441,0.000024,0.000002,0.028405,0.000243,0.000004,0.000400,0.034522
152,0.005878,0.000058,0.000003,0.024110,0.000213,0.000004,0.000379,0.030647
153,0.005630,0.000030,0.000002,0.029977,0.000238,0.000004,0.000457,0.036341
154,0.005745,0.000032,0.000003,0.032851,0.000240,0.000004,0.000372,0.039249
155,0.005705,0.000028,0.000002,0.029984,0.000244,0.000004,0.000413,0.036383
156,0.005677,0.000025,0.000003,0.022921,0.000247,0.000004,0.000398,0.029279
157,0.005637,0.000025,0.000003,0.022911,0.000229,0.000004,0.000387,0.029198
158,0.004638,0.000021,0.000003,0.024134,0.000215,0.000004,0.000368,0.029383
159,0.005507,0.000022,0.000002,0.007022,0.000208,0.000004,0.000398,0.013166
160,0.004643,0.000020,0.000002,0.027536,0.000230,0.000004,0.000367,0.032805
161,0.006229,0.000029,0.000002,0.027925,0.000224,0.000004,0.000411,0.034827
162,0.005110,0.000026,0.000003,0.030200,0.000236,0.000004,0.000371,0.035952
163,0.005710,0.000027,0.000003,0.025831,0.000220,0.000004,0.000391,0.032188
164,0.005658,0.000029,0.000003,0.031668,0.000219,0.000004,0.000385,0.037968
165,0.005565,0.000027,0.000002,0.027933,0.000220,0.000004,0.000376,0.034130
166,0.005466,0.000025,0.000002,0.030791,0.000221,0.000004,0.000397,0.036908
167,0.005188,0.000025,0.000003,0.026676,0.000227,0.000004,0.000375,0.032501
168,0.005769,0.000028,0.000002,0.026922,0.000219,0.000004,0.000426,0.033373
169,0.005559,0.000025,0.000002,0.032308,0.000226,0.000004,0.000401,0.038527
170,0.005726,0.000026,0.000002,0.030297,0.000227,0.000004,0.000411,0.036695
171,0.005727,0.000028,0.000002,0.034355,0.000225,0.000004,0.000401,0.040744
172,0.005737,0.000028,0.000003,0.005925,0.000226,0.000004,0.000410,0.012335
173,0.005818,0.000026,0.000003,0.024204,0.000224,0.000004,0.000396,0.030676
174,0.004847,0.000026,0.000002,0.032981,0.000223,0.000004,0.000384,0.038469
128,0.015289,0.000028,0.000003,0.040350,0.000260,0.000004,0.000302,0.056238
175,0.006227,0.000032,0.000003,0.034500,0.000268,0.000004,0.000455,0.041491
129,0.005182,0.000024,0.000003,0.029920,0.000222,0.000004,0.000248,0.035606
176,0.006005,0.000028,0.000002,0.034139,0.000228,0.000005,0.000398,0.040808
130,0.005829,0.000028,0.000002,0.036514,0.000236,0.000004,0.000269,0.042885
177,0.006788,0.000031,0.000003,0.036913,0.000236,0.000004,0.000395,0.044371
131,0.005645,0.000032,0.000003,0.038656,0.000237,0.000004,0.000275,0.044854
132,0.006072,0.000034,0.000003,0.009678,0.000230,0.000003,0.000274,0.016296
133,0.005848,0.000031,0.000003,0.003669,0.000241,0.000004,0.000290,0.010089
178,0.008694,0.000035,0.000003,0.032448,0.000226,0.000004,0.000424,0.041835
134,0.005815,0.000026,0.000003,0.011352,0.000275,0.000005,0.000334,0.017812
179,0.005869,0.000031,0.000003,0.008408,0.000236,0.000004,0.000445,0.014997
135,0.005790,0.000028,0.000002,0.005369,0.000261,0.000004,0.000331,0.011788
136,0.006562,0.000030,0.000003,0.029276,0.000274,0.000004,0.000280,0.036431
180,0.006717,0.000031,0.000003,0.041585,0.000248,0.000004,0.000439,0.049030
181,0.006030,0.000028,0.000003,0.032101,0.000209,0.000005,0.000393,0.038770
137,0.006000,0.000030,0.000003,0.038819,0.000281,0.000004,0.000362,0.045502
182,0.005778,0.000028,0.000003,0.033596,0.000241,0.000004,0.000387,0.040038
138,0.006852,0.000028,0.000003,0.030293,0.000245,0.000004,0.000265,0.037691
139,0.005630,0.000025,0.000003,0.007561,0.000238,0.000004,0.000289,0.013752
183,0.006017,0.000030,0.000003,0.039956,0.000222,0.000004,0.000386,0.046620
140,0.005019,0.000021,0.000002,0.021666,0.000239,0.000003,0.000256,0.027210
184,0.004995,0.000028,0.000003,0.007060,0.000232,0.000005,0.000408,0.012733
141,0.006755,0.000032,0.000003,0.026517,0.000241,0.000004,0.000299,0.033853
185,0.006617,0.000030,0.000003,0.034702,0.000234,0.000004,0.000405,0.041997
142,0.005841,0.000029,0.000003,0.029312,0.000242,0.000004,0.000283,0.035715
186,0.006098,0.000028,0.000003,0.034060,0.000238,0.000004,0.000422,0.040854
143,0.005775,0.000027,0.000003,0.027850,0.000252,0.000004,0.000306,0.034219
187,0.006303,0.000036,0.000003,0.032609,0.000213,0.000004,0.000403,0.039573
144,0.005816,0.000029,0.000003,0.039289,0.000292,0.000004,0.000305,0.045742
145,0.005806,0.000026,0.000002,0.025479,0.000237,0.000004,0.000278,0.031835
188,0.005651,0.000030,0.000003,0.039937,0.000228,0.000004,0.000407,0.046262
146,0.006601,0.000030,0.000003,0.005190,0.000284,0.000005,0.000308,0.012423
189,0.005980,0.000027,0.000003,0.036234,0.000224,0.000004,0.000403,0.042876
147,0.005659,0.000026,0.000003,0.024039,0.000204,0.000004,0.000280,0.030217
190,0.005629,0.000027,0.000002,0.008277,0.000290,0.000004,0.000479,0.014712
191,0.006899,0.000032,0.000003,0.008594,0.000237,0.000004,0.000394,0.016165
148,0.005537,0.000024,0.000003,0.034680,0.000233,0.000005,0.000272,0.040755
149,0.005645,0.000025,0.000003,0.029606,0.000222,0.000004,0.000288,0.035796
150,0.005736,0.000026,0.000003,0.027189,0.000237,0.000004,0.000285,0.033482
151,0.005716,0.000027,0.000003,0.007013,0.000206,0.000004,0.003424,0.016405
152,0.009979,0.000037,0.000004,0.006780,0.000305,0.000004,0.000255,0.017367
153,0.006220,0.000025,0.000003,0.030796,0.000217,0.000004,0.000284,0.037552
154,0.004743,0.000022,0.000003,0.006426,0.000221,0.000004,0.000261,0.011683
155,0.006377,0.000030,0.000003,0.034937,0.000304,0.000004,0.000305,0.041961
156,0.006168,0.000031,0.000003,0.026506,0.000306,0.000004,0.000295,0.033315
157,0.006438,0.000035,0.000003,0.007653,0.000251,0.000005,0.000324,0.014712
158,0.005495,0.000024,0.000003,0.028912,0.000226,0.000004,0.000292,0.034958
159,0.005590,0.000027,0.000002,0.006318,0.000217,0.000003,0.000269,0.012428
160,0.005392,0.000026,0.000003,0.024621,0.000235,0.000004,0.000301,0.030584
161,0.005704,0.000032,0.000003,0.004968,0.000234,0.000004,0.000280,0.011226
162,0.005547,0.000023,0.000002,0.007529,0.000259,0.000004,0.000323,0.013691
163,0.006527,0.000029,0.000003,0.023262,0.000252,0.000004,0.000292,0.030372
164,0.005444,0.000024,0.000003,0.026399,0.000226,0.000004,0.000277,0.032379
165,0.005537,0.000024,0.000002,0.025909,0.000271,0.000004,0.000304,0.032054
166,0.006335,0.000026,0.000003,0.032020,0.000217,0.000003,0.000343,0.038950
167,0.006101,0.000023,0.000003,0.027806,0.000237,0.000004,0.000286,0.034462
168,0.004813,0.000022,0.000002,0.017797,0.000238,0.000004,0.000258,0.023136
169,0.005950,0.000031,0.000003,0.024292,0.000249,0.000004,0.000275,0.030806
170,0.005670,0.000029,0.000003,0.003146,0.000218,0.000004,0.000285,0.009358
171,0.004610,0.000020,0.000003,0.004430,0.000208,0.000004,0.000256,0.009532
172,0.006925,0.000030,0.000003,0.008425,0.000246,0.000004,0.000324,0.015960
173,0.005334,0.000022,0.000002,0.006083,0.000245,0.000003,0.000294,0.011987
174,0.005748,0.000034,0.000002,0.007215,0.000236,0.000004,0.000312,0.013554
175,0.005313,0.000025,0.000003,0.002295,0.000235,0.000005,0.000308,0.008187
176,0.011023,0.000030,0.000003,0.029529,0.000211,0.000004,0.000269,0.041071
177,0.005501,0.000023,0.000003,0.029204,0.000220,0.000004,0.000275,0.035232
178,0.010520,0.000036,0.000003,0.004122,0.000257,0.000004,0.000275,0.015223
179,0.005578,0.000026,0.000003,0.026599,0.000243,0.000004,0.000290,0.032745
180,0.005657,0.000024,0.000002,0.021635,0.000230,0.000004,0.000280,0.027835
181,0.005602,0.000025,0.000003,0.022600,0.000240,0.000004,0.000253,0.028729
182,0.006379,0.000030,0.000003,0.020895,0.000240,0.000004,0.000297,0.027850
183,0.005668,0.000029,0.000003,0.009985,0.000211,0.000003,0.000265,0.016166
184,0.005402,0.000022,0.000003,0.019916,0.000214,0.000003,0.000273,0.025836
185,0.004718,0.000021,0.000003,0.024127,0.000209,0.000004,0.000266,0.029350
186,0.004794,0.000022,0.000003,0.023613,0.000217,0.000004,0.000255,0.028909
187,0.005484,0.000024,0.000003,0.030520,0.000328,0.000004,0.000313,0.036681
188,0.005177,0.000023,0.000003,0.024787,0.000210,0.000004,0.000263,0.030469
189,0.005500,0.000026,0.000002,0.027841,0.000225,0.000004,0.000266,0.033867
190,0.005560,0.000023,0.000003,0.029422,0.000264,0.000004,0.000300,0.035577
191,0.005724,0.000029,0.000002,0.006192,0.000270,0.000004,0.000341,0.012564
128,0.010586,0.000047,0.000004,0.024984,0.000283,0.000004,0.000210,0.036120
129,0.006046,0.000028,0.000003,0.030434,0.000225,0.000004,0.000195,0.036936
130,0.006204,0.000026,0.000002,0.009235,0.000226,0.000004,0.000219,0.015918
131,0.008382,0.000031,0.000004,0.032941,0.000230,0.000004,0.000170,0.041763
132,0.005339,0.000024,0.000003,0.002736,0.000252,0.000004,0.000194,0.008555
133,0.006796,0.000035,0.000003,0.014642,0.000237,0.000003,0.000193,0.021912
134,0.005722,0.000027,0.000003,0.039362,0.000239,0.000004,0.000201,0.045559
135,0.005770,0.000027,0.000003,0.035127,0.000220,0.000004,0.000178,0.041330
136,0.005883,0.000027,0.000003,0.056492,0.000244,0.000004,0.000185,0.062840
137,0.006336,0.000028,0.000003,0.006375,0.000237,0.000004,0.000197,0.013181
138,0.005432,0.000028,0.000003,0.041136,0.000241,0.000004,0.000184,0.047029
139,0.006146,0.000028,0.000003,0.004003,0.000226,0.000004,0.000183,0.010594
140,0.006197,0.000031,0.000003,0.034348,0.000242,0.000004,0.000199,0.041027
141,0.006117,0.000028,0.000003,0.034144,0.000220,0.000004,0.000173,0.040690
142,0.005977,0.000027,0.000002,0.011895,0.000240,0.000004,0.000203,0.018351
143,0.006135,0.000034,0.000003,0.037135,0.000246,0.000004,0.000201,0.043761
144,0.006802,0.000031,0.000003,0.030661,0.000235,0.000004,0.000177,0.037916
145,0.005875,0.000027,0.000003,0.004473,0.000247,0.000004,0.000208,0.010839
146,0.006048,0.000032,0.000004,0.030044,0.000209,0.000004,0.000178,0.036521
147,0.006203,0.000032,0.000003,0.038112,0.000229,0.000004,0.000194,0.044779
148,0.005914,0.000028,0.000003,0.005256,0.000238,0.000004,0.000184,0.011628
149,0.005371,0.000029,0.000003,0.037391,0.000236,0.000004,0.000187,0.043224
150,0.006368,0.000028,0.000003,0.037040,0.000219,0.000004,0.000198,0.043861
151,0.006051,0.000031,0.000002,0.035883,0.000251,0.000005,0.000188,0.042414
152,0.005950,0.000029,0.000003,0.009442,0.000233,0.000004,0.000178,0.015841
153,0.007503,0.000027,0.000003,0.003627,0.000220,0.000004,0.000195,0.011580
154,0.006070,0.000033,0.000003,0.047318,0.000230,0.000004,0.000200,0.053862
155,0.006066,0.000029,0.000003,0.052379,0.000273,0.000004,0.000244,0.058999
156,0.006903,0.000029,0.000003,0.008455,0.000254,0.000004,0.000193,0.015843
157,0.006922,0.000034,0.000004,0.034686,0.000223,0.000004,0.000192,0.042067
158,0.005999,0.000029,0.000003,0.004406,0.000252,0.000004,0.000222,0.010919
159,0.006762,0.000031,0.000003,0.033099,0.000253,0.000004,0.000176,0.040331
160,0.006309,0.000037,0.000003,0.033524,0.000226,0.000004,0.000199,0.040304
161,0.005223,0.000031,0.000003,0.035037,0.000236,0.000004,0.000190,0.040725
162,0.006192,0.000034,0.000003,0.008221,0.000248,0.000004,0.000185,0.014889
163,0.006095,0.000033,0.000003,0.030628,0.000236,0.000004,0.000194,0.037196
164,0.006118,0.000029,0.000003,0.005748,0.000212,0.000004,0.000191,0.012307
165,0.006105,0.000033,0.000003,0.037215,0.000242,0.000004,0.000203,0.043807
166,0.005813,0.000026,0.000003,0.035199,0.000218,0.000004,0.000190,0.041454
167,0.005753,0.000028,0.000003,0.031357,0.000227,0.000004,0.000187,0.037560
168,0.004900,0.000023,0.000003,0.030831,0.000212,0.000004,0.000176,0.036152
169,0.004946,0.000026,0.000003,0.032290,0.000232,0.000004,0.000181,0.037683
170,0.006699,0.000028,0.000003,0.007651,0.000222,0.000004,0.000187,0.014796
171,0.005023,0.000024,0.000003,0.028504,0.000222,0.000004,0.000181,0.033963
172,0.005941,0.000027,0.000003,0.032934,0.000225,0.000004,0.000192,0.039328
173,0.005714,0.000025,0.000003,0.029009,0.000226,0.000004,0.000190,0.035172
174,0.014738,0.000029,0.000003,0.004923,0.000232,0.000004,0.000179,0.020110
175,0.006418,0.000033,0.000003,0.029366,0.000237,0.000004,0.000199,0.036262
176,0.005925,0.000025,0.000003,0.007930,0.000255,0.000004,0.000187,0.014331
177,0.006067,0.000026,0.000003,0.007389,0.000242,0.000004,0.000202,0.013934
178,0.005944,0.000026,0.000002,0.033997,0.000258,0.000004,0.000188,0.040420
179,0.005800,0.000028,0.000003,0.008217,0.000241,0.000004,0.000182,0.014477
180,0.005207,0.000024,0.000003,0.002310,0.000200,0.000004,0.000170,0.007920
181,0.005763,0.000029,0.000003,0.029719,0.000218,0.000004,0.000191,0.035928
182,0.008539,0.000027,0.000003,0.030182,0.000233,0.000004,0.000193,0.039183
183,0.005054,0.000024,0.000003,0.006408,0.000208,0.000004,0.000167,0.011869
184,0.005119,0.000024,0.000003,0.033177,0.000239,0.000004,0.000177,0.038744
185,0.006041,0.000026,0.000003,0.031802,0.000224,0.000004,0.000189,0.038292
186,0.005988,0.000027,0.000003,0.015935,0.000258,0.000004,0.000195,0.022412
187,0.006276,0.000030,0.000003,0.038857,0.000242,0.000004,0.000195,0.045608
188,0.006052,0.000028,0.000003,0.036329,0.000248,0.000004,0.000198,0.042864
189,0.007084,0.000030,0.000003,0.009744,0.000247,0.000004,0.000199,0.017313
190,0.005337,0.000030,0.000003,0.002904,0.000246,0.000004,0.000211,0.008737
191,0.006933,0.000033,0.000004,0.027511,0.000211,0.000004,0.000194,0.034892
128,0.018297,0.000049,0.000004,0.028606,0.000232,0.000004,0.000542,0.047738
129,0.005569,0.000021,0.000003,0.021216,0.000245,0.000004,0.000548,0.027608
130,0.005634,0.000022,0.000002,0.019469,0.000217,0.000004,0.000545,0.025896
131,0.004661,0.000019,0.000002,0.015275,0.000198,0.000004,0.000456,0.020617
132,0.005426,0.000022,0.000002,0.019055,0.000231,0.000004,0.000518,0.025261
133,0.005904,0.000030,0.000003,0.008711,0.000234,0.000004,0.000623,0.015511
134,0.005503,0.000021,0.000002,0.028843,0.000225,0.000004,0.000562,0.035162
135,0.005505,0.000023,0.000002,0.005855,0.000225,0.000005,0.000644,0.012262
136,0.005142,0.000022,0.000003,0.022625,0.000206,0.000004,0.000475,0.028479
137,0.005538,0.000024,0.000003,0.028114,0.000220,0.000004,0.000516,0.034421
138,0.004885,0.000020,0.000002,0.022394,0.000218,0.000004,0.000482,0.028007
139,0.005875,0.000025,0.000003,0.008298,0.000235,0.000004,0.000590,0.015033
140,0.006194,0.000028,0.000003,0.023141,0.000214,0.000004,0.000502,0.030090
141,0.007167,0.000040,0.000005,0.022976,0.000211,0.000004,0.000501,0.030908
142,0.005552,0.000022,0.000002,0.024543,0.000206,0.000004,0.000540,0.030873
143,0.005770,0.000022,0.000003,0.027406,0.000209,0.000004,0.000514,0.033930
144,0.005602,0.000021,0.000003,0.004715,0.000229,0.000004,0.000601,0.011177
145,0.007177,0.000034,0.000004,0.004354,0.000224,0.000004,0.000618,0.012418
146,0.006197,0.000024,0.000003,0.027685,0.000347,0.000004,0.000557,0.034823
147,0.005885,0.000028,0.000004,0.027159,0.000259,0.000004,0.000629,0.033971
148,0.005758,0.000022,0.000002,0.025593,0.000234,0.000005,0.000576,0.032192
149,0.005270,0.000021,0.000003,0.022706,0.000229,0.000004,0.000483,0.028718
150,0.006052,0.000024,0.000002,0.025775,0.000232,0.000004,0.000560,0.032652
151,0.005142,0.000023,0.000003,0.023379,0.000240,0.000003,0.000498,0.029291
152,0.006169,0.000028,0.000003,0.020314,0.000236,0.000004,0.000515,0.027271
153,0.004913,0.000024,0.000003,0.020748,0.000230,0.000004,0.000528,0.026453
154,0.005805,0.000027,0.000002,0.023530,0.000213,0.000004,0.000513,0.030097
155,0.004711,0.000019,0.000003,0.018018,0.000222,0.000004,0.000493,0.023473
156,0.005902,0.000030,0.000003,0.009883,0.000234,0.000005,0.000632,0.016692
157,0.005472,0.000021,0.000003,0.031584,0.000286,0.000004,0.000524,0.037895
158,0.010554,0.000025,0.000003,0.024954,0.000230,0.000004,0.000526,0.036298
159,0.005036,0.000021,0.000003,0.025361,0.000206,0.000004,0.000482,0.031114
160,0.005085,0.000022,0.000002,0.018213,0.000230,0.000004,0.000499,0.024057
161,0.005803,0.000027,0.000002,0.020785,0.000227,0.000004,0.000511,0.027362
162,0.006391,0.000030,0.000003,0.007272,0.000212,0.000004,0.000493,0.014408
163,0.005596,0.000025,0.000002,0.007335,0.000252,0.000005,0.000579,0.013797
164,0.005538,0.000025,0.000003,0.020248,0.000213,0.000004,0.000508,0.026541
165,0.005699,0.000023,0.000002,0.025887,0.000221,0.000004,0.000534,0.032372
166,0.005091,0.000019,0.000002,0.017949,0.000204,0.000004,0.000456,0.023726
167,0.005518,0.000023,0.000002,0.019924,0.000219,0.000004,0.000537,0.026230
168,0.006465,0.000030,0.000003,0.028282,0.000234,0.000003,0.000658,0.035679
169,0.006375,0.000024,0.000002,0.019883,0.000238,0.000004,0.000592,0.027122
170,0.005617,0.000024,0.000003,0.020363,0.000238,0.000004,0.000656,0.026907
171,0.005964,0.000027,0.000002,0.025641,0.000220,0.000004,0.000568,0.032427
172,0.006437,0.000029,0.000003,0.022601,0.000224,0.000004,0.000551,0.029851
173,0.006740,0.000032,0.000003,0.021688,0.000231,0.000004,0.000514,0.029214
174,0.005760,0.000038,0.000002,0.020368,0.000238,0.000004,0.000544,0.026956
175,0.005824,0.000026,0.000003,0.006755,0.000207,0.000004,0.000496,0.013316
176,0.005250,0.000021,0.000003,0.004714,0.000219,0.000005,0.000612,0.010826
177,0.006317,0.000024,0.000003,0.025109,0.000226,0.000004,0.000598,0.032282
178,0.004723,0.000019,0.000002,0.002951,0.000209,0.000005,0.000589,0.008500
179,0.005192,0.000021,0.000003,0.006388,0.000235,0.000004,0.000544,0.012389
180,0.006655,0.000037,0.000003,0.011673,0.000218,0.000004,0.000529,0.019121
181,0.005590,0.000029,0.000003,0.029899,0.000218,0.000004,0.000530,0.036275
182,0.005516,0.000023,0.000003,0.026568,0.000225,0.000004,0.000518,0.032859
183,0.006123,0.000026,0.000003,0.022429,0.000215,0.000004,0.000557,0.029358
184,0.005548,0.000023,0.000002,0.010853,0.000255,0.000005,0.000644,0.017332
185,0.005759,0.000027,0.000003,0.022139,0.000223,0.000004,0.000511,0.028668
186,0.006714,0.000031,0.000003,0.024761,0.000222,0.000004,0.000538,0.032276
128,0.012380,0.000035,0.000003,0.007835,0.000238,0.000004,0.004331,0.024829
187,0.006112,0.000029,0.000003,0.038370,0.000231,0.000004,0.000537,0.045287
129,0.007040,0.000034,0.000003,0.040413,0.000251,0.000004,0.003965,0.051715
188,0.005684,0.000027,0.000003,0.030823,0.000220,0.000004,0.000503,0.037266
189,0.006215,0.000032,0.000003,0.008349,0.000240,0.000004,0.000560,0.015406
130,0.005992,0.000026,0.000003,0.046504,0.000252,0.000004,0.004007,0.056791
131,0.005354,0.000031,0.000003,0.003766,0.000241,0.000004,0.003145,0.012549
190,0.005992,0.000029,0.000003,0.039454,0.000229,0.000004,0.000535,0.046249
132,0.006344,0.000031,0.000003,0.007545,0.000245,0.000005,0.003991,0.018166
191,0.006549,0.000031,0.000003,0.038453,0.000235,0.000004,0.000582,0.045859
133,0.005866,0.000026,0.000002,0.038802,0.000247,0.000004,0.003909,0.048860
134,0.005776,0.000026,0.000003,0.040893,0.000222,0.000004,0.005829,0.052757
135,0.006009,0.000026,0.000003,0.038177,0.000225,0.000004,0.003381,0.047828
136,0.005976,0.000029,0.000004,0.003628,0.000239,0.000005,0.004185,0.014069
137,0.006732,0.000034,0.000003,0.011211,0.000226,0.000004,0.003284,0.021497
138,0.005692,0.000034,0.000003,0.035844,0.000247,0.000004,0.003410,0.045238
139,0.006102,0.000029,0.000003,0.032649,0.000248,0.000004,0.003564,0.042605
140,0.013445,0.000032,0.000004,0.026384,0.000225,0.000004,0.003844,0.043945
141,0.006050,0.000026,0.000003,0.032795,0.000235,0.000004,0.003374,0.042490
142,0.005902,0.000034,0.000003,0.007459,0.000257,0.000005,0.003876,0.017540
143,0.005727,0.000024,0.000002,0.032453,0.000249,0.000004,0.003392,0.041856
144,0.006587,0.000028,0.000003,0.029663,0.000218,0.000004,0.003218,0.039725
145,0.005092,0.000024,0.000003,0.032646,0.000225,0.000004,0.002920,0.040917
146,0.006165,0.000028,0.000003,0.010447,0.000216,0.000004,0.003262,0.020128
147,0.005640,0.000026,0.000004,0.006945,0.000200,0.000004,0.003216,0.016038
148,0.005563,0.000028,0.000003,0.041106,0.000384,0.000004,0.003285,0.050386
149,0.006240,0.000032,0.000004,0.034969,0.000216,0.000004,0.003766,0.045235
150,0.005914,0.000028,0.000003,0.026409,0.000211,0.000004,0.003754,0.036325
151,0.005564,0.000028,0.000002,0.029487,0.000230,0.000004,0.003894,0.039213
152,0.006881,0.000035,0.000003,0.028135,0.000204,0.000004,0.003822,0.039087
153,0.005631,0.000027,0.000003,0.034371,0.000251,0.000004,0.005560,0.045856
154,0.005871,0.000030,0.000003,0.030069,0.000252,0.000005,0.002967,0.039200
155,0.004879,0.000030,0.000003,0.006584,0.000227,0.000004,0.002908,0.014640
156,0.006374,0.000029,0.000004,0.010082,0.000272,0.000004,0.003372,0.020141
157,0.005301,0.000026,0.000003,0.028290,0.000203,0.000004,0.002992,0.036823
158,0.006348,0.000034,0.000003,0.038513,0.000239,0.000004,0.003452,0.048599
159,0.005959,0.000032,0.000003,0.031109,0.000224,0.000004,0.003213,0.040547
160,0.008489,0.000033,0.000003,0.035345,0.000222,0.000004,0.003176,0.047275
161,0.006491,0.000028,0.000003,0.033554,0.000227,0.000004,0.003491,0.043802
162,0.005827,0.000026,0.000003,0.031243,0.000259,0.000004,0.003280,0.040645
163,0.005839,0.000027,0.000003,0.024946,0.000238,0.000004,0.003250,0.034311
164,0.005834,0.000031,0.000003,0.006992,0.000217,0.000004,0.002991,0.016074
165,0.006144,0.000028,0.000003,0.007684,0.000201,0.000004,0.003010,0.017078
166,0.005898,0.000029,0.000003,0.041198,0.000243,0.000004,0.004374,0.051751
167,0.006406,0.000030,0.000003,0.028799,0.000234,0.000004,0.003262,0.038741
168,0.005994,0.000032,0.000003,0.028050,0.000215,0.000004,0.003223,0.037524
169,0.005913,0.000027,0.000002,0.035862,0.000263,0.000004,0.003307,0.045384
170,0.005844,0.000025,0.000002,0.031228,0.000254,0.000004,0.003219,0.040581
171,0.006369,0.000030,0.000004,0.042304,0.000249,0.000004,0.003377,0.052342
172,0.005910,0.000026,0.000002,0.030606,0.000224,0.000004,0.003339,0.040115
173,0.005927,0.000029,0.000003,0.007109,0.000203,0.000004,0.002988,0.016266
174,0.005476,0.000024,0.000002,0.034420,0.000196,0.000004,0.003106,0.043233
175,0.005491,0.000024,0.000003,0.006586,0.000241,0.000004,0.003188,0.015541
176,0.006050,0.000030,0.000003,0.029101,0.000209,0.000004,0.003145,0.038546
177,0.006434,0.000030,0.000003,0.039816,0.000223,0.000004,0.003147,0.049660
178,0.005656,0.000026,0.000003,0.036147,0.000227,0.000004,0.003081,0.045147
179,0.005561,0.000024,0.000003,0.003387,0.000207,0.000004,0.003189,0.012377
180,0.005668,0.000029,0.000002,0.036899,0.000224,0.000004,0.003218,0.046048
181,0.011427,0.000030,0.000004,0.030797,0.000227,0.000004,0.003026,0.045517
182,0.005777,0.000028,0.000003,0.044701,0.000397,0.000005,0.003356,0.054277
183,0.005340,0.000027,0.000003,0.006592,0.000204,0.000004,0.002874,0.015048
184,0.005006,0.000024,0.000003,0.032479,0.000215,0.000004,0.002930,0.040665
185,0.004968,0.000023,0.000003,0.008256,0.000202,0.000004,0.002938,0.016398
186,0.005030,0.000025,0.000002,0.035142,0.000250,0.000004,0.002994,0.043450
187,0.005952,0.000026,0.000003,0.033514,0.000232,0.000004,0.003278,0.043012
188,0.005947,0.000027,0.000003,0.028997,0.000219,0.000004,0.003303,0.038504
189,0.006168,0.000033,0.000003,0.008528,0.000241,0.000004,0.003485,0.018467
190,0.005199,0.000026,0.000002,0.029809,0.000209,0.000004,0.002891,0.038144
191,0.005813,0.000028,0.000003,0.032786,0.000227,0.000004,0.003287,0.042150
128,0.014287,0.000033,0.000003,0.023591,0.000254,0.000004,0.005179,0.043354
129,0.005632,0.000025,0.000002,0.031722,0.000232,0.000004,0.004909,0.042529
130,0.005490,0.000027,0.000002,0.021863,0.000236,0.000004,0.004445,0.032070
131,0.004923,0.000025,0.000003,0.002227,0.000211,0.000004,0.003986,0.011382
132,0.005362,0.000024,0.000003,0.028812,0.000225,0.000004,0.004612,0.039046
133,0.005382,0.000023,0.000002,0.024190,0.000258,0.000004,0.004093,0.033956
134,0.005645,0.000025,0.000003,0.027304,0.000236,0.000003,0.004870,0.038090
135,0.004683,0.000028,0.000002,0.005871,0.000234,0.000004,0.004725,0.015550
136,0.005751,0.000023,0.000002,0.026943,0.000226,0.000004,0.004829,0.037781
137,0.005351,0.000022,0.000002,0.033094,0.000237,0.000003,0.004332,0.043045
138,0.006058,0.000028,0.000003,0.004004,0.000260,0.000004,0.005292,0.015653
139,0.005092,0.000026,0.000003,0.022996,0.000232,0.000003,0.004041,0.032397
140,0.004926,0.000027,0.000003,0.002379,0.000212,0.000003,0.004315,0.011870
141,0.006534,0.000029,0.000004,0.003854,0.000194,0.000004,0.004256,0.014877
142,0.006650,0.000028,0.000003,0.023958,0.000228,0.000004,0.004657,0.035532
143,0.005091,0.000023,0.000002,0.020745,0.000226,0.000004,0.004155,0.030249
144,0.004811,0.000026,0.000003,0.006038,0.000216,0.000004,0.004654,0.015754
145,0.006056,0.000026,0.000002,0.026589,0.000213,0.000004,0.004400,0.037293
146,0.004990,0.000023,0.000002,0.002874,0.000205,0.000004,0.003902,0.012003
147,0.005384,0.000024,0.000003,0.032604,0.000225,0.000004,0.004426,0.042673
148,0.006103,0.000027,0.000003,0.028079,0.000221,0.000004,0.004436,0.038877
149,0.005543,0.000025,0.000002,0.022642,0.000240,0.000004,0.004173,0.032632
150,0.005613,0.000029,0.000003,0.027270,0.000223,0.000003,0.004334,0.037478
151,0.005671,0.000028,0.000002,0.033422,0.000362,0.000004,0.004580,0.044082
152,0.006086,0.000027,0.000004,0.028015,0.000253,0.000004,0.004306,0.038697
153,0.005399,0.000024,0.000003,0.002324,0.000235,0.000004,0.004514,0.012507
154,0.005637,0.000025,0.000002,0.030981,0.000232,0.000003,0.004330,0.041215
155,0.006263,0.000028,0.000003,0.025866,0.000226,0.000004,0.004464,0.036857
156,0.005647,0.000028,0.000004,0.019781,0.000225,0.000004,0.004384,0.030076
157,0.006392,0.000033,0.000003,0.023239,0.000225,0.000004,0.004339,0.034238
158,0.006325,0.000032,0.000003,0.027105,0.000257,0.000004,0.004673,0.038402
159,0.005502,0.000024,0.000002,0.006889,0.000239,0.000004,0.005000,0.017663
160,0.005474,0.000030,0.000003,0.002219,0.000227,0.000004,0.004570,0.012530
161,0.005444,0.000022,0.000003,0.029244,0.000269,0.000004,0.004276,0.039265
162,0.006335,0.000029,0.000003,0.023331,0.000215,0.000004,0.004272,0.034192
163,0.005474,0.000027,0.000003,0.023062,0.000250,0.000004,0.004440,0.033263
164,0.005045,0.000028,0.000003,0.006344,0.000240,0.000005,0.004631,0.016299
165,0.005338,0.000023,0.000003,0.025505,0.000211,0.000004,0.004106,0.035193
166,0.005563,0.000026,0.000002,0.025968,0.000222,0.000004,0.004114,0.035904
167,0.004692,0.000023,0.000003,0.027208,0.000233,0.000003,0.003687,0.035852
168,0.004676,0.000022,0.000002,0.024253,0.000207,0.000003,0.003663,0.032831
169,0.005385,0.000027,0.000002,0.022767,0.000225,0.000004,0.004237,0.032652
170,0.005609,0.000028,0.000003,0.028356,0.000266,0.000004,0.004608,0.038878
171,0.006161,0.000028,0.000003,0.006969,0.000245,0.000004,0.004855,0.018267
172,0.006366,0.000036,0.000003,0.009877,0.000219,0.000004,0.003987,0.020495
173,0.006087,0.000028,0.000003,0.026784,0.000226,0.000003,0.004169,0.037304
174,0.005418,0.000022,0.000002,0.004960,0.000226,0.000004,0.003947,0.014582
175,0.004724,0.000023,0.000002,0.020533,0.000227,0.000004,0.003646,0.029163
176,0.005386,0.000025,0.000003,0.027244,0.000231,0.000004,0.004018,0.036914
177,0.005421,0.000025,0.000002,0.020588,0.000226,0.000003,0.004030,0.030298
178,0.005342,0.000021,0.000002,0.003626,0.000224,0.000004,0.004809,0.014032
179,0.006212,0.000029,0.000003,0.022042,0.000236,0.000004,0.004091,0.032620
180,0.004588,0.000021,0.000003,0.025042,0.000204,0.000003,0.003420,0.033285
181,0.004632,0.000021,0.000003,0.022685,0.000216,0.000004,0.003797,0.031363
182,0.006854,0.000026,0.000002,0.020376,0.000238,0.000004,0.004620,0.032123
183,0.005459,0.000028,0.000003,0.021548,0.000202,0.000004,0.004153,0.031400
184,0.005388,0.000023,0.000002,0.025633,0.000222,0.000004,0.004193,0.035469
185,0.005398,0.000026,0.000002,0.026658,0.000218,0.000003,0.004420,0.036730
186,0.005521,0.000026,0.000003,0.006547,0.000219,0.000003,0.004352,0.016675
187,0.006247,0.000026,0.000003,0.021053,0.000231,0.000004,0.003983,0.031550
188,0.005255,0.000021,0.000002,0.017545,0.000216,0.000004,0.003993,0.027039
189,0.005328,0.000021,0.000002,0.020607,0.000221,0.000004,0.003902,0.030088
190,0.005222,0.000023,0.000003,0.020866,0.000217,0.000003,0.003690,0.030027
191,0.005423,0.000023,0.000002,0.019362,0.000221,0.000004,0.003955,0.028992
128,0.014289,0.000031,0.000003,0.027208,0.000254,0.000004,0.000318,0.042108
129,0.004860,0.000022,0.000002,0.017685,0.000229,0.000003,0.000256,0.023061
130,0.005554,0.000025,0.000003,0.008235,0.000261,0.000005,0.000311,0.014395
131,0.006214,0.000032,0.000003,0.031632,0.000231,0.000004,0.000252,0.038370
132,0.005533,0.000024,0.000002,0.005942,0.000268,0.000004,0.000316,0.012091
133,0.006295,0.000033,0.000003,0.023906,0.000233,0.000004,0.000286,0.030762
134,0.005493,0.000023,0.000003,0.023505,0.000226,0.000004,0.000258,0.029514
135,0.005601,0.000026,0.000002,0.005312,0.000221,0.000004,0.000251,0.011418
136,0.005274,0.000027,0.000003,0.018537,0.000232,0.000004,0.000245,0.024323
137,0.005655,0.000027,0.000003,0.006148,0.000257,0.000006,0.000310,0.012408
138,0.005426,0.000028,0.000003,0.007988,0.000245,0.000006,0.000270,0.013967
139,0.006485,0.000030,0.000003,0.029891,0.000247,0.000004,0.000365,0.037026
140,0.006075,0.000025,0.000003,0.024954,0.000228,0.000005,0.000263,0.031555
141,0.005929,0.000025,0.000003,0.021912,0.000232,0.000004,0.000284,0.028390
142,0.006014,0.000033,0.000003,0.025481,0.000253,0.000004,0.000273,0.032063
143,0.005015,0.000026,0.000002,0.023470,0.000228,0.000005,0.000260,0.029009
144,0.005652,0.000022,0.000003,0.029414,0.000262,0.000004,0.000285,0.035644
145,0.005800,0.000024,0.000003,0.029517,0.000267,0.000004,0.000275,0.035892
146,0.010372,0.000030,0.000004,0.031844,0.000266,0.000004,0.000497,0.043019
147,0.006102,0.000031,0.000002,0.028136,0.000242,0.000005,0.000274,0.034795
148,0.005884,0.000026,0.000003,0.038689,0.000357,0.000012,0.000311,0.045287
149,0.005320,0.000022,0.000004,0.034808,0.000208,0.000004,0.000245,0.040612
150,0.005836,0.000025,0.000002,0.027261,0.000265,0.000004,0.000288,0.033684
151,0.006932,0.000036,0.000003,0.035428,0.000315,0.000004,0.000282,0.043002
152,0.005845,0.000027,0.000003,0.028109,0.000247,0.000005,0.000250,0.034486
153,0.005561,0.000030,0.000003,0.028111,0.000230,0.000004,0.000268,0.034209
154,0.006558,0.000034,0.000003,0.027656,0.000235,0.000004,0.000259,0.034751
155,0.005263,0.000027,0.000003,0.039948,0.000262,0.000004,0.000344,0.045853
156,0.008201,0.000034,0.000004,0.031394,0.000282,0.000004,0.000313,0.040233
157,0.006264,0.000036,0.000003,0.035923,0.000260,0.000004,0.000310,0.042801
158,0.005209,0.000029,0.000003,0.030731,0.000258,0.000004,0.000258,0.036493
159,0.006091,0.000035,0.000002,0.008596,0.000244,0.000004,0.000300,0.015275
160,0.005442,0.000024,0.000002,0.032597,0.000273,0.000004,0.000271,0.038616
161,0.005235,0.000030,0.000003,0.006097,0.000249,0.000005,0.000291,0.011911
162,0.006574,0.000030,0.000003,0.009036,0.000262,0.000004,0.000300,0.016212
163,0.005123,0.000028,0.000002,0.002643,0.000242,0.000004,0.000246,0.008290
164,0.005801,0.000026,0.000003,0.031687,0.000241,0.000005,0.000274,0.038039
165,0.006147,0.000029,0.000003,0.034640,0.000244,0.000004,0.000250,0.041319
166,0.006506,0.000030,0.000003,0.035464,0.000267,0.000004,0.000265,0.042541
167,0.005987,0.000033,0.000003,0.041177,0.000393,0.000005,0.000303,0.047907
168,0.005410,0.000026,0.000003,0.004923,0.000219,0.000003,0.000231,0.010817
169,0.006456,0.000028,0.000003,0.035572,0.000255,0.000004,0.000259,0.042578
170,0.005771,0.000027,0.000003,0.034831,0.000229,0.000004,0.000267,0.041133
171,0.005776,0.000028,0.000003,0.036344,0.000249,0.000004,0.000268,0.042673
172,0.005852,0.000026,0.000002,0.006967,0.000252,0.000005,0.000298,0.013404
173,0.005529,0.000026,0.000003,0.008247,0.000238,0.000004,0.000239,0.014287
174,0.006938,0.000031,0.000003,0.030495,0.000238,0.000004,0.000245,0.037955
175,0.007036,0.000031,0.000003,0.031490,0.000251,0.000004,0.000252,0.039069
176,0.006095,0.000033,0.000003,0.034515,0.000308,0.000004,0.000281,0.041241
177,0.006536,0.000032,0.000003,0.030207,0.000242,0.000004,0.000272,0.037297
178,0.006676,0.000038,0.000003,0.042967,0.000258,0.000004,0.000264,0.050212
128,0.010975,0.000069,0.000007,0.033986,0.000244,0.000004,0.002760,0.048049
129,0.003816,0.000024,0.000002,0.002404,0.000217,0.000004,0.002476,0.008946
130,0.004381,0.000027,0.000004,0.007563,0.000245,0.000004,0.002628,0.014854
179,0.006207,0.000027,0.000003,0.041967,0.000224,0.000005,0.000279,0.048714
131,0.006508,0.000046,0.000005,0.028088,0.000255,0.000005,0.002537,0.037447
132,0.004537,0.000028,0.000003,0.006760,0.000284,0.000005,0.003383,0.015003
180,0.013326,0.000032,0.000003,0.042630,0.000240,0.000004,0.000325,0.056562
133,0.005071,0.000030,0.000003,0.010856,0.000220,0.000004,0.002768,0.018956
134,0.003609,0.000024,0.000003,0.003742,0.000223,0.000004,0.002490,0.010098
181,0.006475,0.000030,0.000003,0.041654,0.000241,0.000004,0.000272,0.048681
135,0.004367,0.000029,0.000003,0.033492,0.000236,0.000004,0.002809,0.040944
136,0.003733,0.000028,0.000003,0.002717,0.000211,0.000003,0.002662,0.009361
182,0.007015,0.000034,0.000003,0.042365,0.000248,0.000004,0.000296,0.049966
137,0.005222,0.000031,0.000003,0.036677,0.000244,0.000004,0.002841,0.045027
138,0.004462,0.000028,0.000002,0.010290,0.000254,0.000005,0.003131,0.018178
183,0.006351,0.000029,0.000003,0.045551,0.000263,0.000004,0.000279,0.052482
139,0.004236,0.000026,0.000003,0.035137,0.000228,0.000004,0.002730,0.042368
184,0.008078,0.000031,0.000003,0.042690,0.000237,0.000004,0.000261,0.051307
140,0.004277,0.000029,0.000003,0.026592,0.000233,0.000004,0.002563,0.033706
141,0.004285,0.000034,0.000004,0.002605,0.000244,0.000004,0.002899,0.010078
185,0.007397,0.000030,0.000003,0.042893,0.000243,0.000004,0.000265,0.050837
142,0.004423,0.000028,0.000003,0.030081,0.000255,0.000004,0.002760,0.037559
143,0.004055,0.000030,0.000003,0.008332,0.000231,0.000004,0.002615,0.015273
186,0.006200,0.000032,0.000003,0.050135,0.000299,0.000004,0.000289,0.056964
144,0.004451,0.000027,0.000003,0.031506,0.000249,0.000004,0.002750,0.038993
187,0.007164,0.000026,0.000003,0.014020,0.000299,0.000004,0.000286,0.021802
145,0.004368,0.000034,0.000002,0.028008,0.000248,0.000004,0.002693,0.035360
188,0.005510,0.000033,0.000003,0.035259,0.000233,0.000004,0.000264,0.041308
146,0.004860,0.000034,0.000003,0.029381,0.000238,0.000004,0.002669,0.037193
189,0.007483,0.000034,0.000003,0.038937,0.000241,0.000004,0.000265,0.046968
147,0.004391,0.000031,0.000003,0.037637,0.000240,0.000005,0.003185,0.045496
148,0.004739,0.000031,0.000003,0.003414,0.000219,0.000004,0.002637,0.011048
190,0.006913,0.000029,0.000003,0.044147,0.000263,0.000004,0.000273,0.051634
149,0.004378,0.000031,0.000003,0.032248,0.000230,0.000004,0.002752,0.039649
191,0.006522,0.000030,0.000003,0.044042,0.000244,0.000004,0.000236,0.051082
150,0.004506,0.000035,0.000003,0.028814,0.000219,0.000004,0.002444,0.036028
151,0.004277,0.000029,0.000003,0.035555,0.000236,0.000004,0.002765,0.042872
152,0.004205,0.000029,0.000002,0.028861,0.000224,0.000004,0.002608,0.035937
153,0.004079,0.000024,0.000003,0.003342,0.000210,0.000004,0.002569,0.010232
154,0.004612,0.000027,0.000003,0.028685,0.000230,0.000004,0.002611,0.036174
155,0.004249,0.000029,0.000003,0.022750,0.000245,0.000004,0.002598,0.029880
156,0.004089,0.000025,0.000003,0.027110,0.000214,0.000004,0.002672,0.034121
157,0.003889,0.000023,0.000003,0.010857,0.000271,0.000005,0.003014,0.018066
158,0.004122,0.000030,0.000003,0.021784,0.000229,0.000004,0.002303,0.028478
159,0.003652,0.000023,0.000003,0.023781,0.000221,0.000004,0.002355,0.030041
160,0.008875,0.000059,0.000006,0.021007,0.000218,0.000004,0.002353,0.032525
161,0.004177,0.000031,0.000003,0.026396,0.000229,0.000004,0.002564,0.033407
162,0.003976,0.000023,0.000002,0.004468,0.000216,0.000004,0.002654,0.011346
163,0.004534,0.000033,0.000003,0.007907,0.000233,0.000006,0.002743,0.015461
164,0.003874,0.000022,0.000002,0.028596,0.000243,0.000005,0.002527,0.035273
165,0.005981,0.000066,0.000005,0.029621,0.000236,0.000004,0.002606,0.038523
166,0.004995,0.000030,0.000003,0.018930,0.000222,0.000004,0.002527,0.026714
167,0.006330,0.000039,0.000004,0.019638,0.000245,0.000005,0.002569,0.028834
168,0.004758,0.000028,0.000003,0.003199,0.000229,0.000004,0.002855,0.011079
169,0.005654,0.000054,0.000003,0.003870,0.000352,0.000007,0.002953,0.012897
170,0.005399,0.000033,0.000003,0.020463,0.000234,0.000004,0.002501,0.028641
171,0.005627,0.000036,0.000004,0.019278,0.000227,0.000004,0.002610,0.027788
172,0.005073,0.000035,0.000003,0.020746,0.000230,0.000012,0.002531,0.028634
173,0.005055,0.000033,0.000003,0.026416,0.000231,0.000004,0.002559,0.034306
174,0.005441,0.000034,0.000003,0.027256,0.000213,0.000004,0.002555,0.035510
175,0.006419,0.000039,0.000004,0.012146,0.000249,0.000005,0.002956,0.021820
176,0.005445,0.000035,0.000003,0.018674,0.000223,0.000004,0.002570,0.026956
177,0.005287,0.000032,0.000003,0.025961,0.000225,0.000004,0.002537,0.034052
178,0.006256,0.000039,0.000004,0.019709,0.000227,0.000005,0.002550,0.028793
179,0.004489,0.000027,0.000002,0.021747,0.000241,0.000004,0.002508,0.029021
180,0.006359,0.000040,0.000004,0.027789,0.000229,0.000004,0.002501,0.036929
181,0.005861,0.000030,0.000003,0.024586,0.000238,0.000004,0.002555,0.033281
182,0.005232,0.000031,0.000003,0.020787,0.000229,0.000004,0.002602,0.028891
183,0.004804,0.000029,0.000003,0.019821,0.000229,0.000004,0.002532,0.027425
184,0.004962,0.000025,0.000003,0.019029,0.000245,0.000004,0.002420,0.026692
185,0.004606,0.000030,0.000003,0.020888,0.000215,0.000004,0.002255,0.028004
186,0.005235,0.000032,0.000003,0.007790,0.000252,0.000005,0.003114,0.016434
187,0.005983,0.000041,0.000004,0.007641,0.000233,0.000004,0.002758,0.016668
188,0.004847,0.000030,0.000003,0.021979,0.000222,0.000004,0.002329,0.029416
189,0.005631,0.000035,0.000004,0.024884,0.000227,0.000004,0.002532,0.033321
190,0.006306,0.000039,0.000004,0.022420,0.000241,0.000004,0.002649,0.031667
191,0.005367,0.000035,0.000003,0.007839,0.000221,0.000004,0.002566,0.016039
128,0.016214,0.000029,0.000003,0.034062,0.000248,0.000004,0.006808,0.057374
129,0.010231,0.000033,0.000003,0.007467,0.000251,0.000004,0.006536,0.024529
130,0.007498,0.000034,0.000004,0.031914,0.000235,0.000004,0.005190,0.044883
131,0.009862,0.000034,0.000003,0.036873,0.000275,0.000004,0.006153,0.053208
132,0.006523,0.000031,0.000004,0.036929,0.000264,0.000004,0.005136,0.048896
133,0.007341,0.000030,0.000003,0.035432,0.000214,0.000004,0.004806,0.047835
134,0.007999,0.000038,0.000003,0.036247,0.000235,0.000004,0.005960,0.050491
135,0.008186,0.000031,0.000004,0.011435,0.000240,0.000004,0.005604,0.025508
136,0.007008,0.000034,0.000003,0.035292,0.000233,0.000004,0.006213,0.048791
137,0.008657,0.000031,0.000003,0.003645,0.000255,0.000005,0.006168,0.018769
138,0.006301,0.000029,0.000003,0.032200,0.000254,0.000004,0.005740,0.044536
139,0.008371,0.000038,0.000004,0.037120,0.000252,0.000004,0.006009,0.051803
140,0.006821,0.000030,0.000003,0.034071,0.000232,0.000004,0.005912,0.047079
141,0.006948,0.000035,0.000004,0.031892,0.000236,0.000004,0.005081,0.044203
142,0.008503,0.000042,0.000004,0.006950,0.000218,0.000004,0.006299,0.022027
143,0.007194,0.000033,0.000004,0.037811,0.000223,0.000004,0.005123,0.050396
144,0.010984,0.000035,0.000003,0.035251,0.000242,0.000004,0.005582,0.052104
145,0.006901,0.000028,0.000002,0.038950,0.000237,0.000004,0.007906,0.054033
146,0.007506,0.000036,0.000003,0.038428,0.000263,0.000004,0.005712,0.051956
147,0.009240,0.000031,0.000002,0.009080,0.000229,0.000004,0.006715,0.025305
148,0.008121,0.000036,0.000003,0.032006,0.000251,0.000004,0.005484,0.045910
149,0.009596,0.000036,0.000003,0.029516,0.000250,0.000004,0.005093,0.044504
150,0.008393,0.000037,0.000003,0.032374,0.000270,0.000004,0.005415,0.046502
151,0.007864,0.000031,0.000003,0.004369,0.000238,0.000004,0.005757,0.018271
152,0.007465,0.000035,0.000004,0.002822,0.000320,0.000006,0.005089,0.015745
153,0.007522,0.000033,0.000003,0.026517,0.000241,0.000004,0.006037,0.040362
154,0.007191,0.000032,0.000004,0.025059,0.000233,0.000004,0.004934,0.037463
155,0.007317,0.000037,0.000003,0.009160,0.000221,0.000004,0.005715,0.022462
128,0.013808,0.000078,0.000006,0.005791,0.000273,0.000004,0.004278,0.024242
156,0.007399,0.000038,0.000004,0.030061,0.000210,0.000004,0.005559,0.043278
129,0.009198,0.000034,0.000003,0.032550,0.000245,0.000004,0.004512,0.046549
157,0.016399,0.000056,0.000005,0.040115,0.000265,0.000004,0.006139,0.062988
130,0.008235,0.000036,0.000003,0.033389,0.000234,0.000004,0.004305,0.046209
158,0.007911,0.000035,0.000003,0.032840,0.000241,0.000004,0.005420,0.046457
131,0.008001,0.000049,0.000003,0.034564,0.000227,0.000004,0.004559,0.047411
159,0.009669,0.000034,0.000004,0.030054,0.000223,0.000004,0.005197,0.045190
132,0.009306,0.000042,0.000003,0.033590,0.000243,0.000004,0.004695,0.047886
160,0.008096,0.000043,0.000004,0.033653,0.000230,0.000004,0.004548,0.046581
133,0.006946,0.000034,0.000003,0.021954,0.000215,0.000003,0.003425,0.032584
161,0.007209,0.000030,0.000003,0.006885,0.000237,0.000004,0.006102,0.020474
134,0.006950,0.000032,0.000003,0.004395,0.000275,0.000005,0.003979,0.015643
162,0.007919,0.000042,0.000005,0.008045,0.000228,0.000004,0.005941,0.022187
135,0.007669,0.000031,0.000003,0.031835,0.000232,0.000004,0.003925,0.043704
163,0.008283,0.000042,0.000003,0.028698,0.000234,0.000004,0.005276,0.042546
136,0.008561,0.000030,0.000003,0.026556,0.000230,0.000004,0.004028,0.039416
164,0.009116,0.000032,0.000003,0.040026,0.000256,0.000005,0.006199,0.055641
137,0.007875,0.000035,0.000004,0.041457,0.000227,0.000004,0.004498,0.054104
138,0.007442,0.000034,0.000003,0.008215,0.000248,0.000004,0.004349,0.020300
165,0.009934,0.000045,0.000004,0.042419,0.000291,0.000005,0.005769,0.058472
139,0.009488,0.000041,0.000004,0.029187,0.000262,0.000004,0.005236,0.044227
166,0.007121,0.000038,0.000004,0.043839,0.000242,0.000004,0.004653,0.055906
140,0.007112,0.000032,0.000004,0.025183,0.000214,0.000004,0.003591,0.036143
167,0.005938,0.000031,0.000002,0.037690,0.000246,0.000004,0.006214,0.050130
141,0.009360,0.000028,0.000003,0.037061,0.000225,0.000004,0.004130,0.050816
168,0.008600,0.000034,0.000003,0.040278,0.000364,0.000004,0.005903,0.055206
142,0.009395,0.000033,0.000003,0.033875,0.000248,0.000004,0.004193,0.047755
169,0.011833,0.000034,0.000004,0.034066,0.000232,0.000004,0.006225,0.052402
143,0.006937,0.000032,0.000003,0.034928,0.000235,0.000004,0.004190,0.046333
144,0.005162,0.000029,0.000003,0.003399,0.000207,0.000004,0.003688,0.012496
170,0.008274,0.000044,0.000004,0.023346,0.000229,0.000004,0.005359,0.037265
171,0.008778,0.000030,0.000003,0.016515,0.000278,0.000004,0.006047,0.031661
145,0.008875,0.000026,0.000003,0.031086,0.000227,0.000004,0.004255,0.044479
172,0.007339,0.000033,0.000003,0.012944,0.000254,0.000004,0.005704,0.026285
146,0.004860,0.000024,0.000002,0.040276,0.000247,0.000004,0.004450,0.049867
173,0.006091,0.000029,0.000003,0.039481,0.000237,0.000004,0.006339,0.052190
147,0.007330,0.000031,0.000003,0.033830,0.000232,0.000004,0.004335,0.045769
148,0.005985,0.000026,0.000003,0.004529,0.000217,0.000004,0.004333,0.015100
174,0.006906,0.000030,0.000003,0.053691,0.000366,0.000007,0.009530,0.070539
149,0.004945,0.000023,0.000002,0.032997,0.000226,0.000004,0.003830,0.042032
150,0.006641,0.000049,0.000004,0.055621,0.000295,0.000006,0.007153,0.069776
175,0.009799,0.000039,0.000004,0.063540,0.000312,0.000007,0.007662,0.081369
151,0.007771,0.000034,0.000003,0.011048,0.000341,0.000007,0.007711,0.026921
176,0.008246,0.000042,0.000005,0.057267,0.000282,0.000006,0.007534,0.073388
152,0.007313,0.000041,0.000003,0.065414,0.000313,0.000007,0.006044,0.079141
177,0.007173,0.000038,0.000004,0.060599,0.000309,0.000006,0.008776,0.076912
153,0.007278,0.000033,0.000003,0.067865,0.000295,0.000006,0.006026,0.081512
154,0.006059,0.000029,0.000003,0.002866,0.000258,0.000005,0.005480,0.014706
178,0.008530,0.000037,0.000003,0.074430,0.000318,0.000007,0.009196,0.092527
128,0.012539,0.000035,0.000004,0.011366,0.000252,0.000004,0.007520,0.031724
179,0.014962,0.000032,0.000003,0.008706,0.000303,0.000004,0.006720,0.030734
155,0.007234,0.000038,0.000003,0.069310,0.000313,0.000006,0.006940,0.083850
129,0.006498,0.000027,0.000003,0.045280,0.000258,0.000005,0.006430,0.058505
180,0.006508,0.000032,0.000003,0.044488,0.000264,0.000004,0.006592,0.057895
130,0.006738,0.000029,0.000003,0.041784,0.000252,0.000005,0.006767,0.055583
156,0.007608,0.000033,0.000003,0.069251,0.000309,0.000007,0.006710,0.083927
181,0.006786,0.000032,0.000003,0.037757,0.000249,0.000004,0.006724,0.051560
131,0.006519,0.000034,0.000003,0.046144,0.000239,0.000004,0.006616,0.059564
157,0.006719,0.000032,0.000003,0.060366,0.000286,0.000006,0.006196,0.073615
182,0.007555,0.000034,0.000003,0.051232,0.000310,0.000004,0.006750,0.065895
158,0.007572,0.000041,0.000003,0.009733,0.000349,0.000006,0.007005,0.024716
132,0.006108,0.000029,0.000003,0.038581,0.000246,0.000004,0.006470,0.051446
183,0.007038,0.000030,0.000002,0.008600,0.000249,0.000004,0.007141,0.023067
133,0.006218,0.000030,0.000003,0.044084,0.000248,0.000004,0.006678,0.057270
184,0.006066,0.000030,0.000003,0.040593,0.000246,0.000004,0.007140,0.054087
159,0.007666,0.000034,0.000003,0.063137,0.000290,0.000007,0.006645,0.077787
134,0.006205,0.000028,0.000002,0.045199,0.000282,0.000005,0.006368,0.058094
185,0.006100,0.000032,0.000003,0.046233,0.000260,0.000004,0.006452,0.059090
160,0.007513,0.000037,0.000003,0.061464,0.000281,0.000006,0.006660,0.075970
135,0.006239,0.000030,0.000003,0.042647,0.000267,0.000004,0.006641,0.055835
186,0.006002,0.000041,0.000004,0.045331,0.000235,0.000004,0.006678,0.058299
187,0.006452,0.000036,0.000002,0.008557,0.000289,0.000007,0.007156,0.022504
161,0.007767,0.000036,0.000003,0.055776,0.000260,0.000004,0.004668,0.068519
136,0.006283,0.000029,0.000003,0.047513,0.000267,0.000004,0.006289,0.060394
162,0.005623,0.000028,0.000003,0.004270,0.000230,0.000004,0.004040,0.014201
188,0.006548,0.000030,0.000003,0.045282,0.000225,0.000004,0.006487,0.058586
163,0.006170,0.000027,0.000002,0.039193,0.000223,0.000004,0.004670,0.050295
137,0.006441,0.000034,0.000003,0.040180,0.000274,0.000005,0.006609,0.053550
189,0.006380,0.000032,0.000003,0.008746,0.000270,0.000004,0.006888,0.022329
164,0.006508,0.000035,0.000003,0.011151,0.000228,0.000004,0.004416,0.022348
190,0.007861,0.000038,0.000004,0.010074,0.000241,0.000004,0.006177,0.024402
138,0.007069,0.000035,0.000003,0.042875,0.000250,0.000004,0.006722,0.056964
165,0.005868,0.000031,0.000003,0.035337,0.000238,0.000004,0.004039,0.045523
166,0.009123,0.000034,0.000004,0.003414,0.000267,0.000006,0.004993,0.017845
191,0.006374,0.000029,0.000003,0.048293,0.000253,0.000004,0.006239,0.061199
139,0.006519,0.000027,0.000002,0.031433,0.000235,0.000004,0.006233,0.044458
167,0.006002,0.000025,0.000003,0.047075,0.000257,0.000004,0.004501,0.057870
140,0.006401,0.000032,0.000003,0.047958,0.000283,0.000005,0.008057,0.062743
168,0.006624,0.000030,0.000002,0.043859,0.000284,0.000004,0.004634,0.055441
141,0.006567,0.000031,0.000004,0.044036,0.000251,0.000004,0.006395,0.057295
142,0.006512,0.000030,0.000003,0.013663,0.000259,0.000005,0.005802,0.026278
169,0.006361,0.000033,0.000002,0.039144,0.000233,0.000004,0.004542,0.050324
170,0.005934,0.000030,0.000003,0.040597,0.000219,0.000004,0.004360,0.051151
143,0.006315,0.000029,0.000003,0.042155,0.000243,0.000004,0.005733,0.054488
144,0.005538,0.000029,0.000003,0.006049,0.000244,0.000005,0.006528,0.018401
171,0.006021,0.000030,0.000003,0.012232,0.000239,0.000004,0.004282,0.022814
145,0.005125,0.000025,0.000003,0.037223,0.000226,0.000004,0.004976,0.047586
172,0.006043,0.000026,0.000003,0.033623,0.000215,0.000004,0.004186,0.044104
146,0.005080,0.000027,0.000003,0.007687,0.000231,0.000004,0.005625,0.018663
173,0.005857,0.000026,0.000003,0.034445,0.000242,0.000004,0.004404,0.044986
147,0.006214,0.000032,0.000002,0.042383,0.000252,0.000004,0.006679,0.055570
174,0.006232,0.000033,0.000002,0.040345,0.000260,0.000004,0.004183,0.051063
148,0.006213,0.000029,0.000003,0.043910,0.000241,0.000005,0.005727,0.056133
175,0.006354,0.000036,0.000003,0.035761,0.000231,0.000004,0.004271,0.046662
149,0.005195,0.000025,0.000003,0.034601,0.000245,0.000004,0.005344,0.045420
176,0.006536,0.000033,0.000003,0.034986,0.000223,0.000004,0.004610,0.046399
150,0.006174,0.000028,0.000003,0.050545,0.000856,0.000005,0.006325,0.063941
177,0.006366,0.000030,0.000003,0.040272,0.000229,0.000004,0.004323,0.051230
151,0.005816,0.000028,0.000002,0.013660,0.000257,0.000004,0.006231,0.026004
178,0.005765,0.000027,0.000002,0.039468,0.000216,0.000004,0.004426,0.049912
152,0.007054,0.000038,0.000003,0.012620,0.000240,0.000004,0.005871,0.025835
179,0.005870,0.000028,0.000003,0.040352,0.000226,0.000004,0.004336,0.050823
153,0.005244,0.000026,0.000002,0.041409,0.000228,0.000004,0.004857,0.051774
180,0.006616,0.000032,0.000003,0.007394,0.000240,0.000004,0.004441,0.018734
154,0.005785,0.000028,0.000002,0.038710,0.000249,0.000004,0.005913,0.050696
181,0.006449,0.000035,0.000002,0.037485,0.000239,0.000004,0.004855,0.049073
182,0.007040,0.000034,0.000003,0.008809,0.000262,0.000004,0.004242,0.020398
155,0.006075,0.000028,0.000003,0.042170,0.000227,0.000004,0.005650,0.054161
183,0.006340,0.000037,0.000002,0.034287,0.000237,0.000004,0.004512,0.045424
156,0.005160,0.000025,0.000003,0.039780,0.000231,0.000004,0.005169,0.050377
184,0.006337,0.000034,0.000003,0.008120,0.000244,0.000004,0.004334,0.019078
157,0.005811,0.000030,0.000003,0.038483,0.000250,0.000004,0.006544,0.051131
185,0.005788,0.000026,0.000003,0.042561,0.000230,0.000004,0.004718,0.053335
186,0.005944,0.000025,0.000002,0.006418,0.000226,0.000004,0.004609,0.017233
158,0.006217,0.000032,0.000003,0.010547,0.000282,0.000005,0.006110,0.023200
187,0.005948,0.000027,0.000002,0.041345,0.000258,0.000004,0.004522,0.052110
159,0.005959,0.000028,0.000002,0.040650,0.000243,0.000005,0.006006,0.052897
160,0.006137,0.000029,0.000003,0.006829,0.000281,0.000004,0.007039,0.020327
188,0.006078,0.000026,0.000002,0.040116,0.000223,0.000004,0.004245,0.050699
189,0.005215,0.000026,0.000003,0.007201,0.000208,0.000004,0.003932,0.016592
161,0.006428,0.000026,0.000003,0.041514,0.000256,0.000005,0.005994,0.054232
190,0.006084,0.000028,0.000003,0.034989,0.000247,0.000004,0.004463,0.045822
162,0.007057,0.000037,0.000003,0.041996,0.000251,0.000004,0.006139,0.055494
191,0.006155,0.000026,0.000003,0.009924,0.000230,0.000004,0.004485,0.020832
163,0.006174,0.000033,0.000003,0.004987,0.000234,0.000004,0.005770,0.017211
164,0.006043,0.000027,0.000003,0.004039,0.000217,0.000004,0.005556,0.015895
165,0.006567,0.000031,0.000003,0.041499,0.000246,0.000004,0.006343,0.054697
128,0.014089,0.000032,0.000003,0.047864,0.000243,0.000004,0.000795,0.063034
166,0.006546,0.000034,0.000003,0.042641,0.000257,0.000005,0.006514,0.056005
129,0.006270,0.000031,0.000003,0.041257,0.000264,0.000004,0.000826,0.048658
130,0.006445,0.000033,0.000004,0.034342,0.000238,0.000004,0.000843,0.041911
167,0.006556,0.000034,0.000003,0.043485,0.000247,0.000004,0.006045,0.056377
131,0.006236,0.000028,0.000003,0.040876,0.000242,0.000004,0.000820,0.048212
168,0.006122,0.000027,0.000003,0.043252,0.000224,0.000004,0.005869,0.055506
132,0.006096,0.000026,0.000003,0.043812,0.000237,0.000004,0.000755,0.050935
169,0.005490,0.000028,0.000003,0.038873,0.000218,0.000004,0.005405,0.050024
133,0.005394,0.000025,0.000002,0.008266,0.000247,0.000004,0.000721,0.014662
134,0.006395,0.000030,0.000003,0.039683,0.000246,0.000004,0.000747,0.047111
170,0.006605,0.000032,0.000003,0.048078,0.000248,0.000004,0.005836,0.060812
135,0.005352,0.000027,0.000003,0.036428,0.000233,0.000004,0.000797,0.042845
171,0.005676,0.000028,0.000003,0.043576,0.000242,0.000004,0.005582,0.055115
136,0.006370,0.000027,0.000003,0.044262,0.000257,0.000005,0.000860,0.051788
172,0.005986,0.000033,0.000003,0.042790,0.000235,0.000004,0.005357,0.054413
137,0.005771,0.000025,0.000003,0.041029,0.000254,0.000004,0.000770,0.047858
138,0.006722,0.000029,0.000003,0.009914,0.000275,0.000005,0.000854,0.017806
173,0.006186,0.000029,0.000003,0.040501,0.000241,0.000004,0.006389,0.053356
139,0.006773,0.000028,0.000002,0.005640,0.000245,0.000004,0.000918,0.013614
140,0.007095,0.000034,0.000004,0.039832,0.000278,0.000004,0.000835,0.048086
174,0.006943,0.000032,0.000003,0.046016,0.000269,0.000005,0.006329,0.059602
175,0.006503,0.000029,0.000003,0.009036,0.000280,0.000004,0.006390,0.022250
141,0.007381,0.000032,0.000003,0.046663,0.000257,0.000004,0.000844,0.055187
176,0.006537,0.000030,0.000002,0.043619,0.000235,0.000004,0.005913,0.056345
142,0.006639,0.000036,0.000003,0.044980,0.000249,0.000004,0.000797,0.052710
177,0.006816,0.000032,0.000004,0.040071,0.000250,0.000004,0.005924,0.053106
143,0.006323,0.000029,0.000003,0.041942,0.000270,0.000004,0.000841,0.049413
178,0.006244,0.000031,0.000002,0.041177,0.000259,0.000004,0.009041,0.056763
144,0.006497,0.000031,0.000003,0.039171,0.000245,0.000004,0.000858,0.046812
145,0.006128,0.000026,0.000003,0.008116,0.000232,0.000004,0.000897,0.015409
179,0.006199,0.000032,0.000003,0.039505,0.000236,0.000004,0.006233,0.052216
180,0.006187,0.000029,0.000003,0.004781,0.000259,0.000005,0.005985,0.017254
146,0.010144,0.000051,0.000004,0.040764,0.000349,0.000004,0.000848,0.052174
181,0.005510,0.000032,0.000003,0.004560,0.000237,0.000004,0.005274,0.015624
147,0.006635,0.000033,0.000004,0.042790,0.000236,0.000004,0.000881,0.050587
182,0.006453,0.000028,0.000003,0.041728,0.000235,0.000004,0.006290,0.054745
148,0.006162,0.000026,0.000002,0.004041,0.000230,0.000005,0.000869,0.011338
149,0.006350,0.000027,0.000003,0.039756,0.000242,0.000004,0.000879,0.047265
183,0.006283,0.000030,0.000003,0.047723,0.000233,0.000004,0.005988,0.060268
150,0.005356,0.000025,0.000002,0.008402,0.000260,0.000005,0.000947,0.015001
184,0.007160,0.000033,0.000003,0.042505,0.000234,0.000004,0.006191,0.056134
151,0.007287,0.000035,0.000003,0.039090,0.000245,0.000004,0.000891,0.047558
185,0.006312,0.000031,0.000003,0.041056,0.000261,0.000004,0.006152,0.053824
152,0.007279,0.000031,0.000003,0.043843,0.000244,0.000004,0.000809,0.052217
153,0.006376,0.000031,0.000003,0.047121,0.000301,0.000004,0.000885,0.054724
186,0.006196,0.000029,0.000003,0.049272,0.000241,0.000004,0.006365,0.062116
154,0.007114,0.000029,0.000003,0.006998,0.000268,0.000004,0.000903,0.015324
187,0.005938,0.000029,0.000003,0.040988,0.000233,0.000004,0.005566,0.052767
155,0.006638,0.000035,0.000003,0.047366,0.000252,0.000004,0.000886,0.055186
156,0.006251,0.000036,0.000003,0.008986,0.000296,0.000005,0.000983,0.016563
188,0.006391,0.000030,0.000002,0.040954,0.000256,0.000004,0.006142,0.053786
189,0.006345,0.000031,0.000003,0.004186,0.000218,0.000004,0.006236,0.017028
157,0.006315,0.000030,0.000004,0.044405,0.000273,0.000004,0.000911,0.051945
190,0.006558,0.000031,0.000003,0.039219,0.000239,0.000004,0.006029,0.052088
158,0.006300,0.000031,0.000002,0.044041,0.000285,0.000004,0.000930,0.051597
159,0.005537,0.000029,0.000003,0.003057,0.000239,0.000004,0.000766,0.009639
191,0.006276,0.000029,0.000003,0.040820,0.000233,0.000004,0.005732,0.053100
160,0.006324,0.000036,0.000003,0.040943,0.000255,0.000004,0.000898,0.048465
161,0.006250,0.000031,0.000003,0.046875,0.000263,0.000004,0.001037,0.054466
162,0.006875,0.000034,0.000003,0.033118,0.000239,0.000004,0.000899,0.041174
163,0.006057,0.000031,0.000003,0.036381,0.000234,0.000004,0.000799,0.043511
164,0.006242,0.000028,0.000003,0.034430,0.000224,0.000004,0.000830,0.041763
165,0.005662,0.000024,0.000002,0.034817,0.000283,0.000005,0.000800,0.041596
166,0.005966,0.000026,0.000002,0.033711,0.000252,0.000004,0.000739,0.040703
167,0.006839,0.000031,0.000003,0.038192,0.000249,0.000004,0.000757,0.046079
168,0.005282,0.000023,0.000004,0.002377,0.000203,0.000004,0.000650,0.008546
169,0.006538,0.000027,0.000003,0.003726,0.000250,0.000004,0.000814,0.011365
170,0.005898,0.000029,0.000002,0.007474,0.000251,0.000004,0.000797,0.014458
171,0.005275,0.000032,0.000003,0.025085,0.000236,0.000004,0.000676,0.031314
172,0.006059,0.000032,0.000003,0.028440,0.000213,0.000004,0.000742,0.035495
173,0.005401,0.000027,0.000003,0.027328,0.000239,0.000004,0.000699,0.033704
174,0.006052,0.000027,0.000002,0.033862,0.000238,0.000004,0.000750,0.040938
175,0.005374,0.000029,0.000003,0.002607,0.000214,0.000004,0.000659,0.008892
176,0.005774,0.000026,0.000003,0.004436,0.000232,0.000005,0.000759,0.011236
177,0.005634,0.000025,0.000003,0.003307,0.000243,0.000004,0.000847,0.010066
178,0.006393,0.000028,0.000003,0.003457,0.000214,0.000004,0.000830,0.010931
179,0.005704,0.000030,0.000002,0.031343,0.000237,0.000004,0.000711,0.038033
180,0.006371,0.000032,0.000003,0.032565,0.000240,0.000004,0.000765,0.039982
181,0.005275,0.000026,0.000003,0.036864,0.000244,0.000004,0.000640,0.043059
182,0.006577,0.000031,0.000003,0.035757,0.000254,0.000004,0.000781,0.043409
183,0.006066,0.000030,0.000002,0.006369,0.000243,0.000004,0.000721,0.013438
184,0.005915,0.000027,0.000003,0.025769,0.000239,0.000004,0.000717,0.032678
185,0.006189,0.000031,0.000002,0.035235,0.000230,0.000004,0.000750,0.042443
186,0.006133,0.000027,0.000003,0.008194,0.000259,0.000005,0.000857,0.015481
187,0.006142,0.000030,0.000002,0.024393,0.000239,0.000004,0.000755,0.031567
188,0.005885,0.000028,0.000003,0.027554,0.000229,0.000004,0.000800,0.034506
189,0.006322,0.000030,0.000003,0.008334,0.000267,0.000005,0.000873,0.015837
190,0.006375,0.000032,0.000002,0.004995,0.000250,0.000004,0.000717,0.012378
191,0.005159,0.000023,0.000003,0.028600,0.000238,0.000004,0.000651,0.034681
128,0.015774,0.000040,0.000004,0.030410,0.000302,0.000004,0.008121,0.054663
129,0.006270,0.000035,0.000003,0.032601,0.000245,0.000004,0.006882,0.046044
130,0.006730,0.000034,0.000003,0.027296,0.000263,0.000004,0.006320,0.040653
131,0.005189,0.000027,0.000002,0.031152,0.000235,0.000004,0.005290,0.041903
132,0.005554,0.000029,0.000002,0.007676,0.000227,0.000004,0.006735,0.020231
133,0.006835,0.000034,0.000003,0.027369,0.000231,0.000004,0.006092,0.040573
134,0.005747,0.000026,0.000003,0.028710,0.000233,0.000004,0.006345,0.041073
135,0.005022,0.000026,0.000002,0.031700,0.000231,0.000004,0.006065,0.043053
136,0.005649,0.000025,0.000003,0.037430,0.000231,0.000004,0.006337,0.049683
137,0.005124,0.000028,0.000002,0.007116,0.000249,0.000004,0.006085,0.018612
138,0.005713,0.000027,0.000003,0.028286,0.000241,0.000004,0.006838,0.041116
139,0.005888,0.000031,0.000003,0.028499,0.000227,0.000004,0.006139,0.040794
140,0.005386,0.000025,0.000002,0.003006,0.000204,0.000004,0.007078,0.015709
141,0.006230,0.000027,0.000003,0.011398,0.000248,0.000004,0.006260,0.024175
142,0.006494,0.000029,0.000003,0.010368,0.000242,0.000004,0.006013,0.023157
143,0.004889,0.000023,0.000003,0.003095,0.000210,0.000004,0.005100,0.013327
144,0.005524,0.000027,0.000002,0.028447,0.000228,0.000004,0.006080,0.040315
145,0.006531,0.000034,0.000003,0.031224,0.000240,0.000004,0.005989,0.044029
146,0.006138,0.000031,0.000003,0.032353,0.000223,0.000004,0.005923,0.044677
147,0.006018,0.000028,0.000003,0.034089,0.000227,0.000004,0.005834,0.046206
148,0.006786,0.000038,0.000003,0.032558,0.000254,0.000005,0.006365,0.046012
149,0.006681,0.000034,0.000005,0.034049,0.000226,0.000004,0.005655,0.046659
150,0.010971,0.000033,0.000003,0.032137,0.000224,0.000004,0.005335,0.048710
151,0.010962,0.000034,0.000003,0.009559,0.000248,0.000005,0.006325,0.027139
152,0.005754,0.000028,0.000002,0.027004,0.000249,0.000004,0.005961,0.039007
153,0.005659,0.000031,0.000003,0.030005,0.000235,0.000003,0.006060,0.042000
154,0.005759,0.000026,0.000003,0.025616,0.000229,0.000004,0.006122,0.037763
155,0.005859,0.000026,0.000002,0.031535,0.000231,0.000003,0.006053,0.043714
156,0.005515,0.000027,0.000003,0.029134,0.000212,0.000004,0.006076,0.040976
157,0.005711,0.000025,0.000003,0.008671,0.000740,0.000016,0.010717,0.025887
158,0.011034,0.000033,0.000004,0.004625,0.000271,0.000005,0.006556,0.022532
159,0.006011,0.000034,0.000003,0.031839,0.000219,0.000004,0.006242,0.044355
160,0.005604,0.000026,0.000002,0.014806,0.000249,0.000004,0.006203,0.026899
161,0.005923,0.000030,0.000003,0.030809,0.000242,0.000004,0.006233,0.043247
162,0.006354,0.000034,0.000003,0.039622,0.000363,0.000004,0.006407,0.052804
163,0.006164,0.000028,0.000003,0.029745,0.000257,0.000004,0.006364,0.042570
164,0.005843,0.000027,0.000002,0.030571,0.000223,0.000004,0.005779,0.042454
165,0.005581,0.000024,0.000002,0.028703,0.000219,0.000004,0.005803,0.040340
166,0.005717,0.000029,0.000003,0.036093,0.000215,0.000004,0.005790,0.047855
167,0.005994,0.000032,0.000003,0.032916,0.000231,0.000004,0.006240,0.045424
168,0.006331,0.000033,0.000002,0.005032,0.000240,0.000004,0.006209,0.017855
169,0.005430,0.000026,0.000002,0.034092,0.000230,0.000004,0.005674,0.045463
170,0.004860,0.000026,0.000002,0.031612,0.000224,0.000004,0.005381,0.042114
171,0.005834,0.000029,0.000003,0.029353,0.000242,0.000004,0.006173,0.041641
172,0.005869,0.000034,0.000003,0.006937,0.000219,0.000011,0.005386,0.018463
173,0.009712,0.000025,0.000003,0.003370,0.000221,0.000004,0.006261,0.019600
174,0.005822,0.000031,0.000003,0.032794,0.000221,0.000004,0.006014,0.044891
175,0.005799,0.000031,0.000003,0.027821,0.000216,0.000004,0.005636,0.039515
176,0.006181,0.000028,0.000003,0.035478,0.000236,0.000004,0.006713,0.048646
177,0.005208,0.000026,0.000003,0.002685,0.000201,0.000004,0.005771,0.013902
128,0.013759,0.000069,0.000011,0.039852,0.000263,0.000004,0.003048,0.057017
129,0.005559,0.000027,0.000005,0.007743,0.000225,0.000004,0.002333,0.015899
178,0.005896,0.000031,0.000003,0.039149,0.000232,0.000004,0.006633,0.051951
130,0.006295,0.000029,0.000005,0.042167,0.000242,0.000004,0.002421,0.051165
131,0.005583,0.000026,0.000005,0.002967,0.000247,0.000005,0.002559,0.011395
179,0.006802,0.000031,0.000003,0.038103,0.000231,0.000004,0.006464,0.051641
132,0.007068,0.000041,0.000008,0.033160,0.000294,0.000004,0.002343,0.042921
180,0.009966,0.000027,0.000003,0.037124,0.000233,0.000004,0.006211,0.053572
133,0.006795,0.000032,0.000004,0.041060,0.000251,0.000004,0.002505,0.050655
134,0.006515,0.000027,0.000004,0.009287,0.000232,0.000004,0.002424,0.018497
181,0.011298,0.000033,0.000003,0.038620,0.000250,0.000004,0.006791,0.057002
182,0.006037,0.000028,0.000003,0.009773,0.000351,0.000005,0.007425,0.023628
135,0.006884,0.000032,0.000004,0.041072,0.000248,0.000003,0.002608,0.050856
183,0.006730,0.000029,0.000003,0.041768,0.000254,0.000004,0.006686,0.055477
136,0.006358,0.000028,0.000004,0.040757,0.000259,0.000004,0.002498,0.049910
184,0.005178,0.000026,0.000002,0.035123,0.000228,0.000004,0.005973,0.046539
137,0.006340,0.000029,0.000005,0.040074,0.000222,0.000004,0.002644,0.049321
185,0.006228,0.000033,0.000003,0.007827,0.000236,0.000004,0.006504,0.020839
138,0.007152,0.000029,0.000005,0.004908,0.000259,0.000005,0.002660,0.015022
186,0.009524,0.000031,0.000003,0.004859,0.000243,0.000004,0.006821,0.021489
139,0.006257,0.000030,0.000004,0.007672,0.000286,0.000004,0.002861,0.017118
140,0.005343,0.000023,0.000004,0.002866,0.000212,0.000004,0.002261,0.010715
141,0.006791,0.000030,0.000005,0.009716,0.000279,0.000004,0.002947,0.019778
187,0.011184,0.000030,0.000003,0.036979,0.000256,0.000004,0.006930,0.055390
142,0.006452,0.000028,0.000005,0.041810,0.000307,0.000004,0.002681,0.051291
188,0.006222,0.000031,0.000002,0.040902,0.000271,0.000004,0.006799,0.054236
143,0.007096,0.000031,0.000005,0.009169,0.000264,0.000004,0.002608,0.019181
189,0.006225,0.000027,0.000003,0.003645,0.000217,0.000004,0.006316,0.016441
190,0.009851,0.000028,0.000003,0.004154,0.000250,0.000004,0.006956,0.021251
144,0.005961,0.000025,0.000004,0.038905,0.000270,0.000004,0.002509,0.047682
191,0.006375,0.000032,0.000003,0.005858,0.000239,0.000004,0.006827,0.019343
145,0.005537,0.000029,0.000005,0.007374,0.000251,0.000004,0.002470,0.015673
146,0.006659,0.000027,0.000005,0.004242,0.000245,0.000004,0.002872,0.014057
147,0.007329,0.000031,0.000004,0.038273,0.000269,0.000004,0.002547,0.048461
148,0.006691,0.000032,0.000005,0.040155,0.000244,0.000004,0.002472,0.049606
149,0.006142,0.000028,0.000004,0.036441,0.000223,0.000004,0.002630,0.045476
150,0.005985,0.000028,0.000004,0.041278,0.000262,0.000004,0.002560,0.050123
151,0.009116,0.000037,0.000005,0.012337,0.000267,0.000004,0.002832,0.024602
152,0.005929,0.000029,0.000004,0.040886,0.000228,0.000004,0.002462,0.049545
153,0.006020,0.000028,0.000005,0.039389,0.000256,0.000004,0.002522,0.048227
154,0.007413,0.000033,0.000004,0.036887,0.000254,0.000004,0.002424,0.047022
155,0.006158,0.000033,0.000004,0.035742,0.000230,0.000003,0.002471,0.044643
156,0.006149,0.000028,0.000005,0.031269,0.000225,0.000003,0.002477,0.040160
157,0.005456,0.000027,0.000004,0.035853,0.000223,0.000004,0.002175,0.043747
158,0.006299,0.000026,0.000005,0.034114,0.000255,0.000004,0.002454,0.043161
159,0.005040,0.000023,0.000004,0.032207,0.000237,0.000004,0.002260,0.039778
160,0.007335,0.000030,0.000005,0.041199,0.000283,0.000004,0.002842,0.051701
161,0.006497,0.000029,0.000004,0.008306,0.000260,0.000004,0.002714,0.017817
162,0.006166,0.000027,0.000004,0.038702,0.000249,0.000003,0.002414,0.047568
163,0.006456,0.000029,0.000004,0.006420,0.000262,0.000004,0.003116,0.016295
164,0.006013,0.000031,0.000004,0.032191,0.000230,0.000004,0.002494,0.040971
165,0.006515,0.000030,0.000005,0.034784,0.000231,0.000004,0.002476,0.044048
166,0.006360,0.000033,0.000005,0.004086,0.000255,0.000005,0.002748,0.013494
167,0.007133,0.000033,0.000004,0.005069,0.000256,0.000005,0.002729,0.015233
168,0.006161,0.000026,0.000004,0.033787,0.000223,0.000003,0.002417,0.042625
169,0.005814,0.000027,0.000004,0.038766,0.000227,0.000004,0.002595,0.047440
170,0.005957,0.000026,0.000004,0.042915,0.000244,0.000004,0.002447,0.051600
171,0.006397,0.000027,0.000004,0.039536,0.000231,0.000004,0.002603,0.048806
172,0.006301,0.000026,0.000004,0.036305,0.000221,0.000004,0.002463,0.045327
173,0.005868,0.000026,0.000004,0.035616,0.000238,0.000004,0.002402,0.044161
174,0.006393,0.000027,0.000004,0.039681,0.000239,0.000004,0.002495,0.048847
175,0.006248,0.000031,0.000004,0.038035,0.000243,0.000004,0.002509,0.047079
176,0.006553,0.000029,0.000005,0.042316,0.000233,0.000004,0.002404,0.051547
177,0.006761,0.000029,0.000004,0.033044,0.000229,0.000004,0.002358,0.042432
178,0.006277,0.000029,0.000004,0.038982,0.000228,0.000004,0.002509,0.048038
179,0.008291,0.000029,0.000004,0.035877,0.000256,0.000004,0.002397,0.046861
180,0.005439,0.000027,0.000004,0.041079,0.000220,0.000003,0.002248,0.049024
181,0.006167,0.000027,0.000004,0.036511,0.000220,0.000004,0.002386,0.045322
182,0.006142,0.000027,0.000004,0.033820,0.000233,0.000004,0.002407,0.042640
183,0.005930,0.000028,0.000003,0.007543,0.000264,0.000004,0.002830,0.016606
184,0.006075,0.000032,0.000004,0.034182,0.000216,0.000003,0.002318,0.042834
185,0.006563,0.000032,0.000005,0.038901,0.000235,0.000004,0.002360,0.048103
186,0.006709,0.000027,0.000004,0.037059,0.000231,0.000004,0.002368,0.046406
187,0.010321,0.000030,0.000004,0.042758,0.000217,0.000004,0.002445,0.055782
188,0.005921,0.000029,0.000004,0.033203,0.000234,0.000004,0.002408,0.041807
189,0.008644,0.000023,0.000004,0.006955,0.000213,0.000004,0.002182,0.018027
190,0.006410,0.000028,0.000004,0.004704,0.000270,0.000004,0.002827,0.014251
191,0.012446,0.000032,0.000005,0.042121,0.000234,0.000004,0.002452,0.057297
