sample_idx,h5_read,crop_timestamps,pad_timestamps,fill_missing,subset_sample,ndvi,normalize,total
0,3.745076,0.000035,0.000005,0.040434,0.000332,0.000006,0.002466,3.788361
0,3.854197,0.000036,0.000005,0.060606,0.000387,0.000006,0.000445,3.915688
0,3.887712,0.000044,0.000006,0.017290,0.000402,0.000007,0.007397,3.912879
0,3.969900,0.000037,0.000005,0.019602,0.000320,0.000005,0.002257,3.992136
0,4.226616,0.000040,0.000007,0.026974,0.000378,0.000005,0.000580,4.254608
0,4.825902,0.000049,0.000005,0.039852,0.000380,0.000005,0.000370,4.866567
0,3.686581,0.000048,0.000008,0.014012,0.000360,0.000005,0.000664,3.701687
0,5.788766,0.000036,0.000005,0.035707,0.000329,0.000005,0.000692,5.825547
0,5.799797,0.000041,0.000005,0.032814,0.000333,0.000005,0.001543,5.834547
1,0.008994,0.000065,0.000008,0.041275,0.000323,0.000004,0.000543,0.051213
2,0.007414,0.000034,0.000003,0.017783,0.000298,0.000004,0.000521,0.026059
1,0.005470,0.000036,0.000005,0.094964,0.000394,0.000006,0.000478,0.101357
1,0.005108,0.000033,0.000003,0.100437,0.000393,0.000006,0.000216,0.106198
1,0.011314,0.000073,0.000009,0.088111,0.000374,0.000007,0.000821,0.100715
2,0.006202,0.000034,0.000003,0.013084,0.000310,0.000005,0.000188,0.019829
1,0.008949,0.000052,0.000006,0.111583,0.000482,0.000006,0.008624,0.129715
3,0.006750,0.000030,0.000003,0.038392,0.000282,0.000004,0.000542,0.046006
2,0.007232,0.000041,0.000004,0.046421,0.000378,0.000005,0.000498,0.054581
1,0.007005,0.000046,0.000005,0.148626,0.000574,0.000011,0.008784,0.165073
1,0.012603,0.000049,0.000006,0.150760,0.000791,0.000010,0.001352,0.165581
1,0.008417,0.000079,0.000008,0.163712,0.000485,0.000009,0.000336,0.173052
1,0.010656,0.000066,0.000005,0.156727,0.000494,0.000010,0.003917,0.171892
1,0.011238,0.000079,0.000014,0.163222,0.001007,0.000010,0.004743,0.180325
4,0.005018,0.000028,0.000003,0.044953,0.000304,0.000004,0.000506,0.050820
5,0.005646,0.000027,0.000003,0.008477,0.000268,0.000004,0.000478,0.014905
2,0.007413,0.000039,0.000006,0.108228,0.000420,0.000006,0.001266,0.117385
2,0.007758,0.000034,0.000004,0.083732,0.000325,0.000005,0.007426,0.099290
3,0.007096,0.000040,0.000004,0.108387,0.000362,0.000005,0.000256,0.116152
6,0.005255,0.000033,0.000003,0.041658,0.000269,0.000003,0.000551,0.047775
3,0.009254,0.000045,0.000003,0.098416,0.000358,0.000004,0.000436,0.108519
4,0.008406,0.000038,0.000005,0.029150,0.000392,0.000005,0.000208,0.038207
2,0.013356,0.000055,0.000006,0.108228,0.000369,0.000005,0.000649,0.122672
7,0.004515,0.000032,0.000003,0.039295,0.000274,0.000004,0.000594,0.044720
8,0.003911,0.000025,0.000003,0.033449,0.000234,0.000005,0.000526,0.038154
2,0.013129,0.000081,0.000006,0.143675,0.000445,0.000009,0.002994,0.160348
2,0.008980,0.000044,0.000004,0.161915,0.000429,0.000012,0.004740,0.176135
3,0.012292,0.000065,0.000007,0.107086,0.000378,0.000005,0.000882,0.120721
9,0.003915,0.000025,0.000003,0.006535,0.000238,0.000003,0.000470,0.011192
2,0.008826,0.000046,0.000005,0.170467,0.000487,0.000009,0.000335,0.180179
10,0.004448,0.000036,0.000003,0.008057,0.000293,0.000004,0.000537,0.013381
3,0.009823,0.000038,0.000004,0.116466,0.000430,0.000006,0.009282,0.136057
2,0.009749,0.000038,0.000003,0.173245,0.000919,0.000024,0.010934,0.194930
11,0.004705,0.000030,0.000003,0.004934,0.000255,0.000004,0.000549,0.010484
5,0.006555,0.000038,0.000004,0.088251,0.000324,0.000004,0.000190,0.095371
4,0.006556,0.000041,0.000005,0.112306,0.000331,0.000004,0.000394,0.119640
3,0.006309,0.000035,0.000005,0.095472,0.000365,0.000004,0.000656,0.102852
12,0.004963,0.000032,0.000003,0.033664,0.000261,0.000003,0.000543,0.039472
5,0.008936,0.000038,0.000004,0.025793,0.000374,0.000004,0.000434,0.035587
13,0.004381,0.000028,0.000003,0.003516,0.000289,0.000004,0.000533,0.008756
4,0.009865,0.000047,0.000006,0.100898,0.000344,0.000005,0.000865,0.112037
14,0.004080,0.000030,0.000003,0.036774,0.000225,0.000003,0.000471,0.041589
15,0.004341,0.000028,0.000003,0.003202,0.000236,0.000003,0.000523,0.008339
4,0.009651,0.000043,0.000004,0.097555,0.000361,0.000004,0.009252,0.116879
5,0.007664,0.000043,0.000005,0.017577,0.000343,0.000005,0.000832,0.026476
3,0.014732,0.000076,0.000007,0.129362,0.000503,0.000012,0.004885,0.149589
0,6.392973,0.000058,0.000009,0.038629,0.000497,0.000008,0.001024,6.433213
16,0.010412,0.000034,0.000004,0.003956,0.000301,0.000004,0.000624,0.015336
4,0.009378,0.000067,0.000005,0.104611,0.000485,0.000006,0.000880,0.115440
6,0.008655,0.000039,0.000004,0.122881,0.000397,0.000005,0.000241,0.132225
3,0.008992,0.000052,0.000005,0.164241,0.000450,0.000009,0.000353,0.174106
3,0.011245,0.000048,0.000006,0.152867,0.000514,0.000011,0.004442,0.169145
17,0.005585,0.000029,0.000003,0.038759,0.000252,0.000003,0.000537,0.045171
3,0.021208,0.000049,0.000005,0.184558,0.000501,0.000010,0.003275,0.209618
6,0.007154,0.000040,0.000003,0.120002,0.000371,0.000005,0.000438,0.128017
4,0.013710,0.000052,0.000005,0.028315,0.000586,0.000012,0.005930,0.048622
18,0.004498,0.000031,0.000003,0.045876,0.000267,0.000003,0.000533,0.051214
6,0.006653,0.000038,0.000006,0.111834,0.000369,0.000007,0.000729,0.119641
1,0.008437,0.000054,0.000005,0.109380,0.000402,0.000005,0.000781,0.119070
7,0.007649,0.000035,0.000005,0.095768,0.000334,0.000004,0.000202,0.104001
5,0.009136,0.000038,0.000004,0.116343,0.000390,0.000007,0.009385,0.135309
0,6.417096,0.000073,0.000010,0.148923,0.000638,0.000013,0.000684,6.567452
5,0.009428,0.000063,0.000005,0.121780,0.000393,0.000005,0.000674,0.132352
4,0.010714,0.000040,0.000004,0.139689,0.000415,0.000010,0.004556,0.155439
19,0.008248,0.000031,0.000003,0.039904,0.000269,0.000003,0.000542,0.049003
6,0.007895,0.000038,0.000004,0.020835,0.000371,0.000007,0.010163,0.039326
7,0.009550,0.000043,0.000005,0.110636,0.000365,0.000005,0.000455,0.121063
20,0.004827,0.000030,0.000003,0.041608,0.000286,0.000003,0.000549,0.047310
2,0.007502,0.000040,0.000005,0.094047,0.000358,0.000007,0.000919,0.102884
21,0.004690,0.000029,0.000004,0.007207,0.000251,0.000004,0.000543,0.012732
8,0.009274,0.000041,0.000005,0.101793,0.000396,0.000005,0.000212,0.111727
4,0.009375,0.000054,0.000005,0.197749,0.000460,0.000010,0.000352,0.208011
0,6.604571,0.000065,0.000007,0.047854,0.000696,0.000014,0.025368,6.678590
4,0.012880,0.000083,0.000009,0.182086,0.000785,0.000023,0.005899,0.201779
22,0.004717,0.000029,0.000003,0.037401,0.000266,0.000004,0.000529,0.042952
7,0.007551,0.000042,0.000004,0.156436,0.000607,0.000012,0.002212,0.166874
5,0.012531,0.000056,0.000004,0.167168,0.000499,0.000009,0.004637,0.184915
1,0.012665,0.000095,0.000015,0.139519,0.000439,0.000009,0.000384,0.153132
8,0.006633,0.000037,0.000003,0.113863,0.000369,0.000005,0.000419,0.121334
6,0.008054,0.000040,0.000006,0.144625,0.000418,0.000009,0.000912,0.154073
23,0.004034,0.000028,0.000003,0.044682,0.000257,0.000004,0.000477,0.049488
0,6.644432,0.000052,0.000009,0.119033,0.000647,0.000008,0.001424,6.765623
5,0.014362,0.000053,0.000005,0.162672,0.000445,0.000009,0.005127,0.182686
9,0.006804,0.000036,0.000005,0.093519,0.000373,0.000006,0.000286,0.101034
8,0.014054,0.000067,0.000011,0.041198,0.000425,0.000006,0.000993,0.056761
3,0.007419,0.000043,0.000004,0.105350,0.000347,0.000005,0.000823,0.113996
7,0.008564,0.000039,0.000004,0.171532,0.000477,0.000011,0.012958,0.193595
24,0.004429,0.000028,0.000003,0.039336,0.000289,0.000004,0.000542,0.044634
25,0.004625,0.000029,0.000003,0.043232,0.000338,0.000004,0.000680,0.048913
5,0.008268,0.000052,0.000005,0.168486,0.000509,0.000008,0.000329,0.177663
9,0.009697,0.000048,0.000004,0.107098,0.000460,0.000006,0.000672,0.117989
0,6.703633,0.000078,0.000012,0.158244,0.000709,0.000012,0.000803,6.863505
5,0.015693,0.000053,0.000006,0.171270,0.000559,0.000014,0.004084,0.191693
6,0.013749,0.000056,0.000006,0.027291,0.000429,0.000009,0.000359,0.041904
26,0.005506,0.000030,0.000003,0.039958,0.000259,0.000003,0.000553,0.046316
6,0.009477,0.000051,0.000006,0.171570,0.000399,0.000007,0.003486,0.185002
1,0.021108,0.000145,0.000026,0.174420,0.000831,0.000014,0.038710,0.235272
1,0.008910,0.000047,0.000006,0.134051,0.000488,0.000008,0.001377,0.144895
27,0.004906,0.000030,0.000003,0.012750,0.000314,0.000004,0.000666,0.018677
2,0.011717,0.000057,0.000006,0.189843,0.000539,0.000010,0.000456,0.202633
4,0.008651,0.000052,0.000004,0.142973,0.000534,0.000018,0.001471,0.153717
9,0.010452,0.000057,0.000011,0.164241,0.000503,0.000009,0.001221,0.176504
7,0.021735,0.000050,0.000006,0.193932,0.000517,0.000010,0.001176,0.217432
2,0.009992,0.000036,0.000005,0.032099,0.000421,0.000006,0.001147,0.043713
28,0.004703,0.000031,0.000003,0.037208,0.000277,0.000003,0.000553,0.042782
10,0.017136,0.000058,0.000006,0.174982,0.000528,0.000009,0.000294,0.193018
6,0.018068,0.000060,0.000005,0.055433,0.000609,0.000009,0.003365,0.077563
29,0.004374,0.000030,0.000004,0.013112,0.000259,0.000004,0.000523,0.018308
6,0.009100,0.000050,0.000005,0.209503,0.000558,0.000011,0.004849,0.224083
8,0.009386,0.000049,0.000005,0.178294,0.000471,0.000012,0.013055,0.201282
0,6.799001,0.000087,0.000015,0.198102,0.000833,0.000016,0.011616,7.009699
30,0.004098,0.000026,0.000003,0.016715,0.000283,0.000004,0.000589,0.021721
7,0.011704,0.000064,0.000005,0.031557,0.000398,0.000004,0.002613,0.046353
3,0.009725,0.000059,0.000005,0.053801,0.000559,0.000010,0.001674,0.065843
8,0.007008,0.000045,0.000006,0.008496,0.000398,0.000005,0.002389,0.018356
31,0.005853,0.000029,0.000003,0.039864,0.000246,0.000004,0.000534,0.046534
1,0.009850,0.000051,0.000006,0.191689,0.000485,0.000009,0.000618,0.202717
1,0.009524,0.000058,0.000006,0.042895,0.000565,0.000012,0.002904,0.055975
10,0.009369,0.000053,0.000004,0.204709,0.000582,0.000009,0.000625,0.215360
7,0.013282,0.000056,0.000005,0.050250,0.000497,0.000010,0.005684,0.069795
9,0.013974,0.000071,0.000007,0.042950,0.000436,0.000010,0.012554,0.070013
32,0.004506,0.000031,0.000003,0.042049,0.000272,0.000003,0.000584,0.047450
7,0.007473,0.000079,0.000015,0.211283,0.000652,0.000012,0.000421,0.219942
5,0.007603,0.000048,0.000005,0.177537,0.000554,0.000011,0.001239,0.187008
7,0.011529,0.000042,0.000005,0.197831,0.000462,0.000010,0.004490,0.214380
2,0.011719,0.000053,0.000006,0.168203,0.000328,0.000004,0.028768,0.209090
33,0.005643,0.000031,0.000003,0.013444,0.000290,0.000004,0.000535,0.019952
3,0.009862,0.000052,0.000004,0.194665,0.000490,0.000012,0.000401,0.205491
8,0.010312,0.000050,0.000004,0.196712,0.000465,0.000011,0.000860,0.208422
11,0.015674,0.000096,0.000011,0.181748,0.000850,0.000023,0.000449,0.198858
34,0.004151,0.000030,0.000003,0.040659,0.000265,0.000004,0.000500,0.045614
8,0.014119,0.000051,0.000006,0.050432,0.000462,0.000007,0.000272,0.065351
4,0.012127,0.000057,0.000005,0.041089,0.000446,0.000010,0.000440,0.054181
6,0.011078,0.000055,0.000005,0.052034,0.000567,0.000012,0.001395,0.065156
10,0.014777,0.000059,0.000008,0.219436,0.000504,0.000010,0.001268,0.236070
2,0.009792,0.000050,0.000006,0.131776,0.000435,0.000006,0.000506,0.142575
4,0.013220,0.000053,0.000006,0.162648,0.000804,0.000012,0.001986,0.178739
9,0.009519,0.000073,0.000009,0.171560,0.000489,0.000008,0.003383,0.185051
35,0.006040,0.000031,0.000003,0.049314,0.000259,0.000003,0.000533,0.056186
12,0.013868,0.000052,0.000007,0.053073,0.000566,0.000013,0.000276,0.067860
8,0.008287,0.000051,0.000004,0.155899,0.000452,0.000009,0.004749,0.169463
3,0.007909,0.000046,0.000005,0.100018,0.000411,0.000006,0.018736,0.127139
2,0.009393,0.000052,0.000005,0.178849,0.000507,0.000008,0.002949,0.191773
5,0.011230,0.000054,0.000005,0.049658,0.000507,0.000008,0.001812,0.063284
13,0.009231,0.000046,0.000005,0.029847,0.000494,0.000012,0.000300,0.039936
36,0.004616,0.000029,0.000003,0.044167,0.000248,0.000003,0.000559,0.049628
11,0.031068,0.000124,0.000019,0.183918,0.000456,0.000007,0.000771,0.216369
9,0.009007,0.000065,0.000004,0.037288,0.000334,0.000006,0.003175,0.049885
10,0.009667,0.000052,0.000005,0.197761,0.000613,0.000012,0.019820,0.227939
8,0.025015,0.000085,0.000007,0.162476,0.000485,0.000010,0.004661,0.192752
7,0.015975,0.000044,0.000006,0.121465,0.000481,0.000007,0.000863,0.138848
3,0.008805,0.000045,0.000006,0.112708,0.000411,0.000005,0.000427,0.122409
6,0.020342,0.000053,0.000005,0.025716,0.000458,0.000007,0.001716,0.048307
9,0.012955,0.000091,0.000011,0.159444,0.000514,0.000008,0.000967,0.173998
37,0.005625,0.000039,0.000003,0.049721,0.000252,0.000003,0.000545,0.056190
10,0.012781,0.000078,0.000008,0.037233,0.000464,0.000005,0.003709,0.054285
5,0.019183,0.000053,0.000005,0.168107,0.000443,0.000008,0.000427,0.188233
11,0.014190,0.000063,0.000009,0.179143,0.000503,0.000009,0.001207,0.195133
4,0.007600,0.000038,0.000005,0.109607,0.000389,0.000005,0.017008,0.134661
38,0.005153,0.000033,0.000004,0.049543,0.000267,0.000004,0.000543,0.055549
10,0.018901,0.000053,0.000005,0.160224,0.000535,0.000009,0.003290,0.183029
9,0.020170,0.000056,0.000008,0.212373,0.000516,0.000010,0.000340,0.233478
8,0.008032,0.000043,0.000005,0.104318,0.000421,0.000005,0.000808,0.113641
39,0.004527,0.000031,0.000004,0.040727,0.000235,0.000004,0.000481,0.046011
6,0.010210,0.000051,0.000005,0.058435,0.000468,0.000010,0.000430,0.069614
3,0.009677,0.000054,0.000005,0.181051,0.000446,0.000007,0.002976,0.194228
11,0.010476,0.000044,0.000005,0.124845,0.000380,0.000005,0.010242,0.146007
14,0.009508,0.000053,0.000004,0.185838,0.000484,0.000009,0.000272,0.196173
12,0.015965,0.000062,0.000006,0.171904,0.000508,0.000009,0.000648,0.189109
40,0.007279,0.000030,0.000003,0.052247,0.000313,0.000005,0.000672,0.060553
4,0.009555,0.000047,0.000005,0.045810,0.000543,0.000010,0.003265,0.059246
9,0.021734,0.000062,0.000006,0.170733,0.000539,0.000010,0.004982,0.198076
7,0.008559,0.000046,0.000004,0.171976,0.000490,0.000007,0.001515,0.182606
12,0.008097,0.000050,0.000004,0.058498,0.000400,0.000006,0.009760,0.076826
10,0.014491,0.000095,0.000015,0.175062,0.000461,0.000007,0.001031,0.191169
4,0.008030,0.000043,0.000005,0.197696,0.001136,0.000029,0.001441,0.208394
11,0.010760,0.000060,0.000005,0.166404,0.000608,0.000009,0.004858,0.182717
5,0.009974,0.000079,0.000003,0.024393,0.000452,0.000008,0.002994,0.037912
5,0.010868,0.000041,0.000004,0.143670,0.000450,0.000008,0.021145,0.176201
41,0.007311,0.000033,0.000003,0.045878,0.000246,0.000004,0.000527,0.054005
6,0.009313,0.000055,0.000005,0.018155,0.000453,0.000007,0.003962,0.031962
13,0.007903,0.000043,0.000004,0.038677,0.000379,0.000004,0.009384,0.056401
12,0.007257,0.000027,0.000004,0.193276,0.000364,0.000004,0.009699,0.210642
11,0.012301,0.000042,0.000006,0.166098,0.000308,0.000006,0.002821,0.181592
12,0.009967,0.000095,0.000017,0.051231,0.000747,0.000011,0.005430,0.067510
42,0.006444,0.000030,0.000003,0.045309,0.000268,0.000004,0.000547,0.052608
7,0.011249,0.000079,0.000004,0.017081,0.000517,0.000011,0.004185,0.033139
10,0.012092,0.000099,0.000011,0.193010,0.000501,0.000011,0.000342,0.206072
6,0.019856,0.000099,0.000012,0.018361,0.000510,0.000010,0.023654,0.062519
9,0.017314,0.000051,0.000006,0.167927,0.000503,0.000008,0.001148,0.186965
7,0.019283,0.000100,0.000013,0.177738,0.000995,0.000026,0.000671,0.198836
8,0.010455,0.000052,0.000005,0.128159,0.000526,0.000011,0.002958,0.142180
43,0.006833,0.000029,0.000003,0.034343,0.000250,0.000004,0.000556,0.042021
13,0.010486,0.000041,0.000004,0.201746,0.000247,0.000004,0.000330,0.212861
15,0.019643,0.000073,0.000005,0.209358,0.000552,0.000011,0.000338,0.229985
44,0.004942,0.000029,0.000003,0.037606,0.000231,0.000004,0.000482,0.043299
10,0.011620,0.000061,0.000005,0.178800,0.000606,0.000012,0.005582,0.196695
11,0.009500,0.000051,0.000007,0.175765,0.000434,0.000009,0.000981,0.186757
8,0.021458,0.000054,0.000008,0.052808,0.000484,0.000008,0.000457,0.075283
14,0.009496,0.000054,0.000005,0.124896,0.000514,0.000010,0.013109,0.148094
5,0.012756,0.000053,0.000006,0.197606,0.000651,0.000015,0.000724,0.211820
12,0.008332,0.000051,0.000006,0.022325,0.000842,0.000022,0.002124,0.033715
45,0.007490,0.000031,0.000003,0.045143,0.000287,0.000004,0.000533,0.053494
9,0.009917,0.000060,0.000005,0.029080,0.000471,0.000008,0.000416,0.039961
11,0.017495,0.000051,0.000007,0.142249,0.000295,0.000004,0.000202,0.160305
6,0.011863,0.000061,0.000007,0.027192,0.000830,0.000011,0.000673,0.040646
12,0.018449,0.000114,0.000011,0.176091,0.000518,0.000006,0.003175,0.198372
46,0.005316,0.000031,0.000003,0.038827,0.000283,0.000003,0.000541,0.045009
13,0.011970,0.000108,0.000019,0.185356,0.000755,0.000011,0.005620,0.203850
7,0.013112,0.000087,0.000007,0.144352,0.000292,0.000005,0.031969,0.189842
13,0.016359,0.000053,0.000007,0.211039,0.001064,0.000025,0.003405,0.231972
10,0.009288,0.000055,0.000006,0.189839,0.000495,0.000008,0.001108,0.200806
9,0.012776,0.000074,0.000006,0.157856,0.000644,0.000011,0.002588,0.173965
13,0.011887,0.000053,0.000005,0.020078,0.000428,0.000008,0.003357,0.035829
8,0.011976,0.000082,0.000009,0.201508,0.000550,0.000012,0.003505,0.217652
47,0.005064,0.000032,0.000004,0.045325,0.000284,0.000003,0.000584,0.051299
16,0.009526,0.000055,0.000004,0.175319,0.000367,0.000005,0.000271,0.185552
14,0.010127,0.000069,0.000006,0.193135,0.000561,0.000010,0.000696,0.204612
48,0.004132,0.000029,0.000004,0.044106,0.000253,0.000004,0.000527,0.049056
13,0.013632,0.000059,0.000006,0.156114,0.000446,0.000008,0.000936,0.171210
17,0.011726,0.000058,0.000005,0.040270,0.000461,0.000009,0.000294,0.052826
11,0.010104,0.000073,0.000006,0.226044,0.000502,0.000010,0.004436,0.241185
10,0.009586,0.000057,0.000005,0.188721,0.000490,0.000008,0.000453,0.199325
49,0.006331,0.000031,0.000003,0.045977,0.000285,0.000004,0.000587,0.053221
15,0.009611,0.000069,0.000004,0.209448,0.000502,0.000012,0.012868,0.232525
10,0.012561,0.000059,0.000005,0.126107,0.000403,0.000005,0.001344,0.140492
7,0.008851,0.000055,0.000007,0.192471,0.000791,0.000017,0.001095,0.203295
8,0.010075,0.000056,0.000007,0.150452,0.000439,0.000010,0.023317,0.184367
12,0.013887,0.000057,0.000005,0.203949,0.000489,0.000008,0.000396,0.218795
50,0.005420,0.000029,0.000003,0.039529,0.000240,0.000004,0.000522,0.045750
9,0.013588,0.000066,0.000007,0.162435,0.000459,0.000006,0.002398,0.178968
14,0.011926,0.000109,0.000018,0.196052,0.000623,0.000011,0.006222,0.214972
11,0.020722,0.000054,0.000005,0.040900,0.000506,0.000010,0.000471,0.062674
14,0.011380,0.000067,0.000013,0.188960,0.000930,0.000029,0.003057,0.204456
14,0.009587,0.000050,0.000004,0.187064,0.000475,0.000008,0.003325,0.200524
11,0.011159,0.000063,0.000006,0.213985,0.000582,0.000011,0.001237,0.227051
10,0.009869,0.000048,0.000005,0.033084,0.000453,0.000006,0.003606,0.047085
51,0.007973,0.000038,0.000003,0.046365,0.000279,0.000003,0.000629,0.055296
15,0.012519,0.000055,0.000006,0.182682,0.000494,0.000006,0.000689,0.196458
52,0.007690,0.000031,0.000003,0.012705,0.000247,0.000004,0.000587,0.021268
16,0.008123,0.000038,0.000005,0.114470,0.000456,0.000008,0.009650,0.132762
15,0.026366,0.000112,0.000013,0.050467,0.000750,0.000018,0.002511,0.080247
18,0.008458,0.000055,0.000007,0.170761,0.000453,0.000009,0.000267,0.180014
11,0.016103,0.000053,0.000006,0.148682,0.000438,0.000006,0.001194,0.166490
53,0.007875,0.000036,0.000005,0.046886,0.000292,0.000004,0.000587,0.055687
14,0.010021,0.000057,0.000005,0.217345,0.000497,0.000008,0.000949,0.228890
9,0.014798,0.000065,0.000009,0.157074,0.000410,0.000005,0.012127,0.184493
12,0.010361,0.000084,0.000005,0.147345,0.000551,0.000010,0.000481,0.158840
12,0.012664,0.000051,0.000005,0.226100,0.000476,0.000010,0.004999,0.244317
17,0.009085,0.000117,0.000006,0.063173,0.006198,0.000020,0.012212,0.090822
15,0.009545,0.000093,0.000063,0.159693,0.000722,0.000012,0.005146,0.175287
54,0.005901,0.000037,0.000003,0.043224,0.000272,0.000003,0.000597,0.050041
13,0.010695,0.000050,0.000006,0.017357,0.000411,0.000005,0.004199,0.032735
13,0.012462,0.000054,0.000006,0.209149,0.001041,0.000023,0.001030,0.223784
8,0.016888,0.000057,0.000007,0.225713,0.000527,0.000010,0.000582,0.243791
16,0.009977,0.000060,0.000006,0.133731,0.000927,0.000024,0.001853,0.146589
15,0.013394,0.000057,0.000006,0.192237,0.000412,0.000005,0.003497,0.209625
13,0.011804,0.000049,0.000004,0.043684,0.000425,0.000005,0.000335,0.056309
16,0.013791,0.000071,0.000010,0.118216,0.000352,0.000005,0.000970,0.133421
11,0.026359,0.000085,0.000009,0.164035,0.000718,0.000014,0.005566,0.196799
55,0.006136,0.000031,0.000003,0.053945,0.000314,0.000004,0.000640,0.061078
12,0.011267,0.000052,0.000005,0.202341,0.000481,0.000009,0.009318,0.223485
18,0.010300,0.000052,0.000006,0.065478,0.000432,0.000006,0.010768,0.087053
14,0.017845,0.000068,0.000004,0.034399,0.000771,0.000017,0.000544,0.053656
12,0.008810,0.000037,0.000005,0.141729,0.000421,0.000007,0.001409,0.152428
17,0.008355,0.000042,0.000008,0.037779,0.000373,0.000004,0.000979,0.047546
17,0.009450,0.000058,0.000006,0.056765,0.000475,0.000007,0.000658,0.067426
15,0.012584,0.000075,0.000007,0.012088,0.000456,0.000008,0.000349,0.025574
56,0.007339,0.000032,0.000003,0.056091,0.000300,0.000003,0.000573,0.064348
19,0.010450,0.000061,0.000006,0.021209,0.000515,0.000008,0.013889,0.046151
15,0.011379,0.000051,0.000007,0.176053,0.000549,0.000013,0.001042,0.189104
10,0.008052,0.000042,0.000005,0.126621,0.000431,0.000009,0.030980,0.166154
19,0.011986,0.000057,0.000007,0.225241,0.000515,0.000009,0.000294,0.238113
18,0.009892,0.000075,0.000005,0.044443,0.000487,0.000009,0.000666,0.055583
57,0.012097,0.000032,0.000004,0.038193,0.000293,0.000004,0.000593,0.051218
20,0.009682,0.000059,0.000007,0.031763,0.000270,0.000005,0.018729,0.060525
16,0.010444,0.000084,0.000019,0.180289,0.000669,0.000014,0.007423,0.198958
16,0.014638,0.000056,0.000005,0.042542,0.000422,0.000008,0.001005,0.058685
20,0.029581,0.000060,0.000006,0.023348,0.000740,0.000015,0.000420,0.054177
14,0.007850,0.000044,0.000003,0.173117,0.000365,0.000005,0.000330,0.181719
18,0.008496,0.000039,0.000007,0.120021,0.000363,0.000005,0.000889,0.129824
14,0.009458,0.000055,0.000005,0.200896,0.000460,0.000008,0.004555,0.215449
58,0.015444,0.000028,0.000004,0.045059,0.000290,0.000004,0.000564,0.061395
16,0.016863,0.000066,0.000005,0.188994,0.000495,0.000008,0.003441,0.209884
59,0.005823,0.000033,0.000003,0.008946,0.000278,0.000004,0.000559,0.015648
13,0.011961,0.000055,0.000006,0.169286,0.000470,0.000009,0.001123,0.182920
9,0.011281,0.000059,0.000006,0.230820,0.000534,0.000009,0.000546,0.243264
12,0.026904,0.000107,0.000014,0.217547,0.000445,0.000009,0.003235,0.248270
16,0.009735,0.000055,0.000006,0.185498,0.000477,0.000009,0.000389,0.196175
13,0.009749,0.000046,0.000006,0.211222,0.000452,0.000008,0.001386,0.222876
21,0.009872,0.000050,0.000005,0.101393,0.000402,0.000007,0.009871,0.121608
60,0.006736,0.000033,0.000003,0.046379,0.000275,0.000004,0.000564,0.053997
11,0.008714,0.000053,0.000006,0.161001,0.000507,0.000010,0.022904,0.193207
10,0.011488,0.000059,0.000005,0.050224,0.000502,0.000009,0.000613,0.062906
19,0.014840,0.000041,0.000036,0.098942,0.000345,0.000006,0.000879,0.115096
61,0.014770,0.000032,0.000003,0.013236,0.000290,0.000003,0.000572,0.028908
22,0.007087,0.000035,0.000006,0.014986,0.000400,0.000005,0.010350,0.032879
14,0.011601,0.000051,0.000004,0.022164,0.000453,0.000007,0.001613,0.035903
17,0.009960,0.000053,0.000005,0.039237,0.000506,0.000010,0.000385,0.050161
62,0.006318,0.000030,0.000004,0.008325,0.000269,0.000004,0.000573,0.015526
19,0.007883,0.000033,0.000003,0.210892,0.000580,0.000011,0.000754,0.220165
17,0.012879,0.000077,0.000009,0.191444,0.000759,0.000012,0.005521,0.210716
17,0.010193,0.000050,0.000007,0.140175,0.000491,0.000013,0.002989,0.153924
23,0.007984,0.000045,0.000005,0.034090,0.000742,0.000013,0.016956,0.059849
63,0.006267,0.000027,0.000003,0.041295,0.000265,0.000003,0.000525,0.048388
21,0.013570,0.000073,0.000009,0.198632,0.000568,0.000014,0.000344,0.213217
17,0.021346,0.000053,0.000004,0.219868,0.000567,0.000012,0.000983,0.242839
15,0.008227,0.000041,0.000004,0.208848,0.000478,0.000014,0.000800,0.218421
15,0.009945,0.000055,0.000006,0.193416,0.000504,0.000009,0.005044,0.208989
14,0.018700,0.000060,0.000006,0.168093,0.000439,0.000008,0.001177,0.188494
24,0.008492,0.000047,0.000005,0.023883,0.000431,0.000009,0.011995,0.044873
16,0.008272,0.000051,0.000005,0.018033,0.000480,0.000008,0.004450,0.031314
18,0.019365,0.000043,0.000006,0.058130,0.000786,0.000014,0.009214,0.087568
11,0.008134,0.000047,0.000006,0.159198,0.000454,0.000007,0.000553,0.168403
22,0.016590,0.000106,0.000013,0.066195,0.000995,0.000032,0.000722,0.084662
13,0.011373,0.000058,0.000005,0.199017,0.000483,0.000008,0.003096,0.214049
20,0.011616,0.000062,0.000009,0.164341,0.000397,0.000005,0.000895,0.177330
17,0.009896,0.000055,0.000007,0.031032,0.000505,0.000009,0.004860,0.046372
18,0.022451,0.000071,0.000006,0.167735,0.000471,0.000010,0.000341,0.191088
15,0.009133,0.000080,0.000004,0.193245,0.000443,0.000009,0.001659,0.204582
19,0.014077,0.000096,0.000008,0.039604,0.000824,0.000014,0.008274,0.062912
18,0.008304,0.000048,0.000006,0.025690,0.000229,0.000003,0.007364,0.041661
20,0.011461,0.000053,0.000006,0.170770,0.000497,0.000009,0.000611,0.183413
12,0.015192,0.000073,0.000009,0.183632,0.000603,0.000012,0.036735,0.236274
16,0.007289,0.000028,0.000003,0.023304,0.000430,0.000008,0.001446,0.032520
12,0.011124,0.000056,0.000006,0.073476,0.000516,0.000011,0.000571,0.085766
18,0.013250,0.000056,0.000006,0.188442,0.000532,0.000013,0.003490,0.205799
17,0.009338,0.000077,0.000005,0.036981,0.000498,0.000008,0.001674,0.048591
13,0.014088,0.000055,0.000006,0.020866,0.000947,0.000023,0.028022,0.064020
18,0.021565,0.000073,0.000007,0.178616,0.000568,0.000011,0.001203,0.202049
15,0.009447,0.000077,0.000005,0.179540,0.000459,0.000006,0.001138,0.190684
25,0.009747,0.000037,0.000004,0.175539,0.000485,0.000010,0.013669,0.199502
16,0.013121,0.000052,0.000004,0.200720,0.000510,0.000010,0.000477,0.214900
21,0.009886,0.000043,0.000006,0.126300,0.000354,0.000006,0.000910,0.137511
13,0.011406,0.000077,0.000006,0.057000,0.000495,0.000008,0.000582,0.069582
19,0.015224,0.000042,0.000004,0.060628,0.000555,0.000012,0.001011,0.077487
23,0.016970,0.000100,0.000013,0.193058,0.000460,0.000006,0.000277,0.210887
21,0.012120,0.000054,0.000004,0.160574,0.000563,0.000013,0.000692,0.174028
14,0.009584,0.000072,0.000005,0.216396,0.000467,0.000009,0.002927,0.229469
20,0.019308,0.000112,0.000005,0.165107,0.000567,0.000022,0.008119,0.193254
19,0.018545,0.000054,0.000006,0.187017,0.000483,0.000008,0.000413,0.206533
19,0.010285,0.000052,0.000005,0.146443,0.000476,0.000009,0.003685,0.160965
19,0.017235,0.000054,0.000007,0.183934,0.000531,0.000009,0.005355,0.207138
14,0.011906,0.000044,0.000004,0.118330,0.000424,0.000005,0.000399,0.131116
24,0.015624,0.000053,0.000006,0.072316,0.000504,0.000011,0.000278,0.088797
22,0.010755,0.000047,0.000006,0.164956,0.000393,0.000005,0.000986,0.177158
18,0.013057,0.000160,0.000018,0.184591,0.000452,0.000008,0.001611,0.199909
14,0.007836,0.000045,0.000007,0.169563,0.000866,0.000024,0.024467,0.202819
16,0.009525,0.000052,0.000005,0.197035,0.000922,0.000020,0.002972,0.210544
25,0.011928,0.000054,0.000005,0.021085,0.000505,0.000009,0.000289,0.033880
17,0.018163,0.000057,0.000007,0.178937,0.000434,0.000008,0.000396,0.198005
26,0.017215,0.000053,0.000006,0.009842,0.000431,0.000010,0.000270,0.027832
26,0.007329,0.000032,0.000003,0.212116,0.000472,0.000006,0.013596,0.233565
15,0.009326,0.000044,0.000005,0.087129,0.000404,0.000006,0.000436,0.097353
27,0.009436,0.000053,0.000006,0.015046,0.000494,0.000008,0.000278,0.025325
20,0.034382,0.000063,0.000015,0.189033,0.000559,0.000010,0.001059,0.225134
15,0.019907,0.000059,0.000005,0.182504,0.000493,0.000009,0.003194,0.206180
20,0.011703,0.000052,0.000005,0.166320,0.000431,0.000012,0.003562,0.182093
23,0.008091,0.000061,0.000005,0.135806,0.000491,0.000007,0.000928,0.145395
20,0.011145,0.000063,0.000007,0.203450,0.000503,0.000011,0.000380,0.215564
20,0.010571,0.000058,0.000005,0.191611,0.000427,0.000007,0.004431,0.207122
21,0.013814,0.000074,0.000007,0.217400,0.000620,0.000010,0.005047,0.236985
22,0.028145,0.000092,0.000009,0.217248,0.000488,0.000008,0.000648,0.246644
16,0.007856,0.000041,0.000005,0.105807,0.000407,0.000005,0.000427,0.114552
16,0.010489,0.000054,0.000005,0.043094,0.000508,0.000008,0.002954,0.057123
21,0.010405,0.000055,0.000005,0.039696,0.000448,0.000010,0.000358,0.050982
27,0.008446,0.000046,0.000004,0.135963,0.000362,0.000005,0.008723,0.153562
17,0.007690,0.000040,0.000005,0.026423,0.000384,0.000005,0.000443,0.034993
17,0.020201,0.000068,0.000007,0.191573,0.000922,0.000024,0.002892,0.215696
18,0.021831,0.000054,0.000005,0.198025,0.000590,0.000013,0.000543,0.221068
15,0.023840,0.000088,0.000013,0.174171,0.000410,0.000006,0.035802,0.234341
28,0.010251,0.000050,0.000007,0.167647,0.000497,0.000009,0.000299,0.178765
22,0.009454,0.000053,0.000005,0.054228,0.000510,0.000008,0.000361,0.064623
28,0.009920,0.000054,0.000005,0.042120,0.000445,0.000008,0.010049,0.062609
24,0.008391,0.000043,0.000005,0.114426,0.000356,0.000005,0.000936,0.124169
19,0.008747,0.000049,0.000004,0.254710,0.000463,0.000008,0.001589,0.265580
29,0.007395,0.000044,0.000006,0.024054,0.000369,0.000004,0.008752,0.040634
16,0.009576,0.000049,0.000005,0.035754,0.000510,0.000010,0.024533,0.070448
20,0.012609,0.000053,0.000006,0.027915,0.000483,0.000008,0.001596,0.042678
21,0.009651,0.000052,0.000005,0.187961,0.000519,0.000009,0.003437,0.201643
21,0.019643,0.000051,0.000005,0.202285,0.000551,0.000012,0.001064,0.223619
18,0.010614,0.000043,0.000004,0.109199,0.000423,0.000005,0.000458,0.120750
22,0.009029,0.000090,0.000005,0.172267,0.000612,0.000010,0.005364,0.187390
64,0.457178,0.000085,0.000009,0.087558,0.000639,0.000009,0.006084,0.551575
21,0.010795,0.000056,0.000005,0.183630,0.000486,0.000010,0.006529,0.201527
22,0.014997,0.000049,0.000006,0.032258,0.000450,0.000009,0.000939,0.048716
23,0.013339,0.000055,0.000005,0.214252,0.000494,0.000010,0.000775,0.228936
25,0.007277,0.000046,0.000007,0.110537,0.000347,0.000005,0.000825,0.119050
17,0.009461,0.000056,0.000004,0.192853,0.000455,0.000009,0.002985,0.205833
65,0.008246,0.000047,0.000004,0.054861,0.000314,0.000004,0.003549,0.067028
29,0.010160,0.000052,0.000005,0.182149,0.000478,0.000009,0.000294,0.193152
30,0.016859,0.000062,0.000005,0.102941,0.000741,0.000015,0.016292,0.136930
18,0.010394,0.000073,0.000005,0.207797,0.000543,0.000011,0.001525,0.220359
19,0.012504,0.000061,0.000006,0.223343,0.000550,0.000010,0.000506,0.236986
19,0.007814,0.000046,0.000004,0.136471,0.000399,0.000005,0.000459,0.145203
21,0.011224,0.000057,0.000005,0.148738,0.000433,0.000007,0.001623,0.162096
66,0.009994,0.000037,0.000004,0.049365,0.000310,0.000004,0.003738,0.063461
23,0.009724,0.000051,0.000004,0.225238,0.000541,0.000012,0.000387,0.235960
30,0.009178,0.000052,0.000007,0.044371,0.000480,0.000009,0.000282,0.054383
22,0.010434,0.000048,0.000004,0.189446,0.000704,0.000019,0.004406,0.205072
67,0.014643,0.000034,0.000005,0.051028,0.000279,0.000007,0.003585,0.069585
26,0.011894,0.000049,0.000008,0.165343,0.000401,0.000005,0.001005,0.178711
17,0.018213,0.000056,0.000005,0.218068,0.000480,0.000013,0.023541,0.260386
22,0.014781,0.000094,0.000013,0.200435,0.000837,0.000013,0.005119,0.221305
24,0.013542,0.000061,0.000003,0.175513,0.000501,0.000010,0.000618,0.190255
23,0.010198,0.000092,0.000005,0.235961,0.000720,0.000010,0.005486,0.252484
23,0.019441,0.000050,0.000005,0.209261,0.000567,0.000008,0.009078,0.238423
18,0.011907,0.000057,0.000007,0.217237,0.000502,0.000009,0.003560,0.233290
68,0.014347,0.000037,0.000004,0.050859,0.000426,0.000007,0.006283,0.071969
20,0.010089,0.000050,0.000005,0.136979,0.000507,0.000007,0.000576,0.148218
31,0.013134,0.000055,0.000007,0.183452,0.000527,0.000008,0.012082,0.209277
20,0.012418,0.000056,0.000004,0.174634,0.000477,0.000009,0.000459,0.188065
19,0.013927,0.000058,0.000005,0.207684,0.000927,0.000023,0.003333,0.225966
69,0.007016,0.000033,0.000003,0.043771,0.000233,0.000004,0.003481,0.054546
21,0.007721,0.000041,0.000004,0.050060,0.000422,0.000006,0.000401,0.058659
31,0.008830,0.000027,0.000003,0.181605,0.000438,0.000010,0.000278,0.191195
27,0.011307,0.000046,0.000007,0.123805,0.000396,0.000005,0.000939,0.136510
22,0.010161,0.000053,0.000006,0.210041,0.000432,0.000007,0.001538,0.222245
20,0.012047,0.000049,0.000006,0.029511,0.000481,0.000009,0.001323,0.043438
24,0.019480,0.000061,0.000007,0.212901,0.000440,0.000008,0.000345,0.233248
70,0.006934,0.000033,0.000003,0.046412,0.000304,0.000004,0.003672,0.057366
23,0.019840,0.000056,0.000004,0.195712,0.000437,0.000009,0.003809,0.219877
24,0.010729,0.000089,0.000006,0.158375,0.000618,0.000010,0.004750,0.174587
23,0.011497,0.000057,0.000006,0.175810,0.000504,0.000014,0.007172,0.195072
23,0.011363,0.000055,0.000005,0.045363,0.000493,0.000008,0.001566,0.058862
21,0.009385,0.000051,0.000005,0.031337,0.000479,0.000010,0.001169,0.042446
71,0.006976,0.000033,0.000003,0.048987,0.000278,0.000004,0.016398,0.072684
25,0.020777,0.000043,0.000004,0.226685,0.000749,0.000024,0.001489,0.249780
19,0.012822,0.000055,0.000007,0.184834,0.000515,0.000008,0.003200,0.201449
22,0.009874,0.000048,0.000005,0.142335,0.000412,0.000005,0.000432,0.153116
21,0.009767,0.000052,0.000005,0.172303,0.000542,0.000011,0.000459,0.183144
28,0.027296,0.000048,0.000007,0.114570,0.000437,0.000006,0.001109,0.143480
24,0.016353,0.000049,0.000007,0.215982,0.000586,0.000010,0.000951,0.233946
72,0.010142,0.000045,0.000003,0.044147,0.000278,0.000004,0.004021,0.058644
23,0.008160,0.000049,0.000004,0.034655,0.000525,0.000009,0.000640,0.044050
32,0.017053,0.000052,0.000007,0.202651,0.001163,0.000034,0.022498,0.243467
24,0.009580,0.000046,0.000004,0.149255,0.000424,0.000005,0.001195,0.160514
32,0.021900,0.000062,0.000006,0.212212,0.000592,0.000011,0.000405,0.235194
24,0.008507,0.000058,0.000005,0.174498,0.000520,0.000011,0.003210,0.186819
73,0.007045,0.000033,0.000003,0.056323,0.000352,0.000004,0.003823,0.067593
33,0.010340,0.000048,0.000006,0.017561,0.000387,0.000007,0.000251,0.028604
24,0.018416,0.000065,0.000006,0.171832,0.000536,0.000011,0.005962,0.196841
25,0.009579,0.000079,0.000005,0.220082,0.000496,0.000009,0.000467,0.230724
29,0.007138,0.000043,0.000006,0.109873,0.000345,0.000005,0.000871,0.118288
18,0.015378,0.000051,0.000005,0.367953,0.000442,0.000008,0.023646,0.407495
22,0.009287,0.000048,0.000005,0.194811,0.000498,0.000010,0.001133,0.205800
25,0.011787,0.000110,0.000018,0.208759,0.000895,0.000011,0.007473,0.229076
20,0.010048,0.000060,0.000005,0.152038,0.000673,0.000020,0.005410,0.168269
74,0.014376,0.000032,0.000004,0.054068,0.000307,0.000004,0.004603,0.073399
34,0.012283,0.000094,0.000010,0.051172,0.000646,0.000012,0.000342,0.064568
22,0.012321,0.000054,0.000004,0.167981,0.000481,0.000010,0.000459,0.181318
26,0.013830,0.000071,0.000007,0.190870,0.000715,0.000014,0.001475,0.206993
33,0.020345,0.000047,0.000006,0.105762,0.000349,0.000004,0.009724,0.136247
75,0.015695,0.000033,0.000003,0.005670,0.000269,0.000003,0.003487,0.025164
25,0.015577,0.000053,0.000005,0.177486,0.000518,0.000010,0.000984,0.194644
25,0.011037,0.000038,0.000003,0.116805,0.000360,0.000005,0.001208,0.129463
76,0.005677,0.000027,0.000003,0.003107,0.000222,0.000003,0.003176,0.012219
30,0.009299,0.000049,0.000009,0.118633,0.000345,0.000005,0.000982,0.129328
25,0.012891,0.000050,0.000004,0.139564,0.000961,0.000025,0.007973,0.161481
23,0.009677,0.000050,0.000004,0.061910,0.000263,0.000004,0.000225,0.072135
34,0.007703,0.000042,0.000004,0.046535,0.000699,0.000015,0.010588,0.065593
24,0.032293,0.000113,0.000012,0.190581,0.000564,0.000010,0.000609,0.224191
77,0.006491,0.000030,0.000003,0.051495,0.000315,0.000006,0.004867,0.063212
26,0.011365,0.000050,0.000004,0.182682,0.000522,0.000010,0.000381,0.195021
78,0.006908,0.000032,0.000003,0.036480,0.000269,0.000003,0.003716,0.047414
19,0.009329,0.000050,0.000005,0.178314,0.000474,0.000010,0.024797,0.212990
26,0.008125,0.000040,0.000005,0.118833,0.000491,0.000007,0.001320,0.128827
25,0.013169,0.000054,0.000007,0.211576,0.000450,0.000007,0.004504,0.229778
79,0.013812,0.000034,0.000004,0.005317,0.000288,0.000004,0.003704,0.023167
23,0.010071,0.000057,0.000004,0.214106,0.000377,0.000005,0.009316,0.233948
21,0.016102,0.000094,0.000006,0.198243,0.000458,0.000009,0.003286,0.218207
35,0.013754,0.000072,0.000009,0.177867,0.000556,0.000012,0.000412,0.192688
26,0.032864,0.000044,0.000005,0.169492,0.000706,0.000010,0.026977,0.230119
35,0.017326,0.000066,0.000005,0.078246,0.000539,0.000011,0.013243,0.109450
27,0.015325,0.000076,0.000007,0.181556,0.000693,0.000013,0.001653,0.199334
26,0.022146,0.000059,0.000007,0.013800,0.000446,0.000009,0.004277,0.040754
80,0.024963,0.000044,0.000004,0.011062,0.000265,0.000004,0.003522,0.039869
20,0.008044,0.000040,0.000004,0.017731,0.000528,0.000013,0.023305,0.049678
31,0.017836,0.000056,0.000007,0.132972,0.000399,0.000007,0.000873,0.152158
24,0.014142,0.000090,0.000009,0.154978,0.000466,0.000008,0.001002,0.170710
81,0.006666,0.000029,0.000003,0.040538,0.000243,0.000004,0.003574,0.051062
27,0.007795,0.000044,0.000004,0.094951,0.000345,0.000004,0.001172,0.104321
26,0.012811,0.000065,0.000007,0.166905,0.000592,0.000015,0.004311,0.184716
82,0.005633,0.000026,0.000003,0.002981,0.000200,0.000004,0.002751,0.011600
26,0.012541,0.000051,0.000006,0.263216,0.001134,0.000009,0.001117,0.278081
25,0.010275,0.000050,0.000005,0.199076,0.000411,0.000007,0.000460,0.210291
27,0.016390,0.000103,0.000017,0.084743,0.000613,0.000009,0.005084,0.106972
27,0.010305,0.000054,0.000005,0.184767,0.000466,0.000009,0.000383,0.195993
83,0.007352,0.000033,0.000004,0.046748,0.000269,0.000004,0.003737,0.058149
25,0.028690,0.000073,0.000007,0.073592,0.000569,0.000008,0.000455,0.103400
24,0.008416,0.000051,0.000005,0.178618,0.000438,0.000008,0.009461,0.197008
22,0.010958,0.000053,0.000007,0.186697,0.000488,0.000010,0.003461,0.201687
36,0.017642,0.000050,0.000006,0.166311,0.000553,0.000011,0.011754,0.196337
36,0.014098,0.000050,0.000006,0.200856,0.000520,0.000010,0.000291,0.215836
32,0.010582,0.000044,0.000006,0.170604,0.000916,0.000015,0.002456,0.184637
84,0.006946,0.000031,0.000004,0.060295,0.000283,0.000005,0.003784,0.071354
21,0.009327,0.000048,0.000005,0.166769,0.000519,0.000009,0.024208,0.200899
28,0.015173,0.000056,0.000005,0.193409,0.000492,0.000008,0.000754,0.209906
28,0.014645,0.000042,0.000004,0.141510,0.000398,0.000005,0.001073,0.157682
27,0.009559,0.000059,0.000006,0.207439,0.000561,0.000011,0.004504,0.222149
37,0.008402,0.000052,0.000004,0.017641,0.000427,0.000008,0.000268,0.026805
85,0.006806,0.000030,0.000003,0.046774,0.000291,0.000004,0.012398,0.066313
29,0.011384,0.000041,0.000005,0.041659,0.000495,0.000007,0.002050,0.055651
27,0.015777,0.000054,0.000006,0.169868,0.000432,0.000011,0.000965,0.187124
26,0.011347,0.000054,0.000007,0.183348,0.000459,0.000008,0.000573,0.195802
33,0.022103,0.000054,0.000007,0.060248,0.000503,0.000011,0.001205,0.084140
27,0.021139,0.000071,0.000007,0.204852,0.000508,0.000009,0.003493,0.230087
22,0.009808,0.000051,0.000005,0.059045,0.000720,0.000017,0.030870,0.100529
28,0.009678,0.000052,0.000005,0.175081,0.000429,0.000010,0.000421,0.185682
34,0.008107,0.000048,0.000008,0.009491,0.000397,0.000009,0.001123,0.019193
30,0.009250,0.000049,0.000004,0.027838,0.000437,0.000007,0.001417,0.039009
86,0.014231,0.000033,0.000004,0.045488,0.000301,0.000004,0.003305,0.063370
28,0.015448,0.000109,0.000019,0.220476,0.000688,0.000012,0.005698,0.242459
31,0.010454,0.000050,0.000004,0.016994,0.000430,0.000005,0.001440,0.029384
37,0.010901,0.000043,0.000003,0.147394,0.000540,0.000011,0.010189,0.169092
26,0.026317,0.000066,0.000008,0.180500,0.000261,0.000004,0.000289,0.207447
25,0.014881,0.000057,0.000004,0.210988,0.000511,0.000010,0.001200,0.227663
23,0.010540,0.000052,0.000005,0.206828,0.000483,0.000009,0.003259,0.221187
38,0.007200,0.000028,0.000004,0.029738,0.000403,0.000006,0.010419,0.047807
87,0.007796,0.000036,0.000003,0.056850,0.000238,0.000004,0.003369,0.068301
29,0.008495,0.000055,0.000004,0.191384,0.000412,0.000007,0.000646,0.201012
38,0.009862,0.000054,0.000005,0.185125,0.000500,0.000010,0.000312,0.195885
26,0.009794,0.000050,0.000005,0.017291,0.000416,0.000006,0.001102,0.028676
28,0.010629,0.000051,0.000004,0.202939,0.000447,0.000012,0.004378,0.218470
30,0.010110,0.000053,0.000006,0.022893,0.000444,0.000009,0.000587,0.034107
27,0.009519,0.000051,0.000006,0.174244,0.000619,0.000011,0.000817,0.185277
28,0.010265,0.000051,0.000006,0.175382,0.000521,0.000011,0.003470,0.189717
88,0.007331,0.000038,0.000004,0.061951,0.000382,0.000006,0.009252,0.078974
27,0.009399,0.000051,0.000004,0.047309,0.000477,0.000008,0.001172,0.058428
35,0.009008,0.000058,0.000007,0.183506,0.000660,0.000011,0.001259,0.194517
32,0.008958,0.000041,0.000003,0.149255,0.000392,0.000023,0.001245,0.159924
29,0.009606,0.000056,0.000007,0.188857,0.000565,0.000013,0.000387,0.199498
28,0.031396,0.000054,0.000007,0.205117,0.000615,0.000020,0.001862,0.239085
89,0.007895,0.000033,0.000003,0.014689,0.000290,0.000003,0.003212,0.026130
39,0.009626,0.000041,0.000004,0.108129,0.000403,0.000005,0.008160,0.126376
33,0.009141,0.000042,0.000004,0.019261,0.000396,0.000004,0.001021,0.029876
29,0.038361,0.000278,0.000009,0.179686,0.008728,0.000009,0.005775,0.232871
27,0.011366,0.000052,0.000004,0.192389,0.000606,0.000012,0.000660,0.205097
34,0.006997,0.000039,0.000004,0.036742,0.000332,0.000004,0.001039,0.045163
90,0.015324,0.000036,0.000004,0.052661,0.000255,0.000004,0.003490,0.071779
24,0.013091,0.000057,0.000005,0.183423,0.000454,0.000007,0.003139,0.200186
23,0.017336,0.000046,0.000005,0.101146,0.000448,0.000005,0.188472,0.307476
39,0.009744,0.000059,0.000006,0.177535,0.000423,0.000005,0.000233,0.188009
91,0.007062,0.000029,0.000003,0.008490,0.000312,0.000004,0.004810,0.020715
35,0.008242,0.000036,0.000005,0.019722,0.000382,0.000005,0.001102,0.029500
29,0.009890,0.000052,0.000005,0.186455,0.000580,0.000013,0.004804,0.201811
31,0.020445,0.000072,0.000006,0.184279,0.000444,0.000009,0.000560,0.205820
29,0.010296,0.000050,0.000005,0.180212,0.000494,0.000008,0.003447,0.194525
24,0.012307,0.000053,0.000006,0.020553,0.000500,0.000006,0.028488,0.061927
29,0.015386,0.000041,0.000006,0.142236,0.000797,0.000027,0.002473,0.160985
36,0.010342,0.000048,0.000008,0.163659,0.000382,0.000004,0.000849,0.175299
92,0.007213,0.000032,0.000003,0.057571,0.000337,0.000005,0.004174,0.069341
28,0.011377,0.000060,0.000006,0.207388,0.000553,0.000010,0.000535,0.219934
28,0.017162,0.000113,0.000011,0.184796,0.000501,0.000009,0.001111,0.203710
30,0.012390,0.000030,0.000003,0.041750,0.000449,0.000010,0.004077,0.058716
30,0.019164,0.000054,0.000005,0.174477,0.000386,0.000009,0.000329,0.194429
36,0.008285,0.000054,0.000004,0.102168,0.000291,0.000004,0.001010,0.111821
40,0.010479,0.000043,0.000005,0.184135,0.000498,0.000008,0.010139,0.205321
28,0.012002,0.000053,0.000006,0.144982,0.000369,0.000005,0.000377,0.157796
30,0.007590,0.000045,0.000004,0.023782,0.000280,0.000004,0.001663,0.033373
30,0.013855,0.000049,0.000006,0.151929,0.000299,0.000005,0.002905,0.169054
37,0.007853,0.000045,0.000005,0.053213,0.000280,0.000004,0.000746,0.062149
25,0.010305,0.000058,0.000005,0.141876,0.000296,0.000004,0.001665,0.154213
40,0.010167,0.000047,0.000005,0.139778,0.000327,0.000007,0.000206,0.150539
37,0.007366,0.000038,0.000004,0.011445,0.000326,0.000008,0.000845,0.020035
32,0.019517,0.000068,0.000008,0.100267,0.000257,0.000004,0.000294,0.120417
93,0.009256,0.000042,0.000005,0.008490,0.000253,0.000003,0.003310,0.021364
25,0.009805,0.000042,0.000006,0.058478,0.000277,0.000004,0.008306,0.076921
29,0.009178,0.000030,0.000003,0.009257,0.000236,0.000004,0.000589,0.019301
30,0.013293,0.000038,0.000005,0.078603,0.000290,0.000004,0.000470,0.092707
31,0.006274,0.000037,0.000003,0.024553,0.000692,0.000015,0.002671,0.034250
31,0.006897,0.000030,0.000003,0.015618,0.000233,0.000004,0.000196,0.022982
29,0.009455,0.000045,0.000005,0.052042,0.000250,0.000004,0.000276,0.062079
29,0.009102,0.000028,0.000003,0.050705,0.000236,0.000004,0.000249,0.060327
31,0.006907,0.000041,0.000003,0.019472,0.000353,0.000005,0.002367,0.029156
41,0.012940,0.000038,0.000006,0.053077,0.000276,0.000005,0.004587,0.070933
26,0.011026,0.000031,0.000003,0.011705,0.000330,0.000005,0.002152,0.025257
38,0.005117,0.000030,0.000003,0.050803,0.000237,0.000005,0.000683,0.056882
31,0.006086,0.000035,0.000003,0.073197,0.000248,0.000004,0.001554,0.081131
33,0.009481,0.000034,0.000003,0.014507,0.000275,0.000004,0.000333,0.024638
94,0.007867,0.000037,0.000003,0.004332,0.000282,0.000005,0.003991,0.016521
38,0.007791,0.000048,0.000006,0.054540,0.000241,0.000004,0.000540,0.063172
41,0.005921,0.000041,0.000004,0.071300,0.000324,0.000008,0.000207,0.077809
26,0.009046,0.000041,0.000004,0.012667,0.000348,0.000005,0.006892,0.029010
30,0.004761,0.000033,0.000003,0.029123,0.000238,0.000004,0.000530,0.034695
31,0.009896,0.000041,0.000005,0.039938,0.000230,0.000003,0.000428,0.050543
32,0.007913,0.000034,0.000003,0.054393,0.000364,0.000006,0.003093,0.065810
32,0.005872,0.000035,0.000003,0.070685,0.000238,0.000005,0.000178,0.077017
30,0.007223,0.000032,0.000003,0.057626,0.000242,0.000004,0.000264,0.065397
30,0.006198,0.000036,0.000004,0.045783,0.000255,0.000004,0.000234,0.052515
32,0.009321,0.000035,0.000003,0.047993,0.000289,0.000012,0.002373,0.060030
42,0.008399,0.000039,0.000003,0.074772,0.000338,0.000007,0.007274,0.090838
27,0.006259,0.000042,0.000004,0.046012,0.000236,0.000003,0.001597,0.054158
34,0.007311,0.000034,0.000003,0.005161,0.000279,0.000005,0.000370,0.013166
39,0.007611,0.000040,0.000003,0.048071,0.000240,0.000004,0.000714,0.056686
32,0.008311,0.000031,0.000004,0.045505,0.000286,0.000004,0.001602,0.055745
95,0.010205,0.000033,0.000003,0.041570,0.000271,0.000004,0.003331,0.055421
27,0.005040,0.000033,0.000003,0.043133,0.000297,0.000004,0.008150,0.056667
39,0.008150,0.000038,0.000004,0.067651,0.000241,0.000004,0.000534,0.076625
42,0.008248,0.000039,0.000004,0.070460,0.000321,0.000006,0.000218,0.079300
31,0.006637,0.000034,0.000004,0.050286,0.000263,0.000004,0.000594,0.057825
32,0.011684,0.000030,0.000003,0.049571,0.000260,0.000004,0.000443,0.061998
33,0.008915,0.000033,0.000003,0.046349,0.000235,0.000004,0.002064,0.057607
31,0.008651,0.000035,0.000003,0.051233,0.000254,0.000004,0.000273,0.060454
33,0.006235,0.000039,0.000003,0.067464,0.000230,0.000004,0.000191,0.074169
28,0.005652,0.000032,0.000004,0.016493,0.000254,0.000004,0.001420,0.023863
35,0.006041,0.000037,0.000003,0.012759,0.000251,0.000004,0.000329,0.019425
31,0.009929,0.000030,0.000003,0.054880,0.000237,0.000004,0.000259,0.065346
40,0.006620,0.000032,0.000003,0.009037,0.000246,0.000004,0.000720,0.016666
43,0.011501,0.000034,0.000003,0.049578,0.000242,0.000004,0.004175,0.065542
33,0.017627,0.000038,0.000004,0.077912,0.000364,0.000007,0.002314,0.098269
33,0.014230,0.000029,0.000003,0.043479,0.000252,0.000004,0.001572,0.059571
96,0.008095,0.000036,0.000004,0.039855,0.000256,0.000005,0.003408,0.051663
43,0.004611,0.000031,0.000003,0.014890,0.000374,0.000008,0.000251,0.020171
32,0.007683,0.000060,0.000004,0.020289,0.000264,0.000004,0.000564,0.028872
40,0.011205,0.000071,0.000008,0.044498,0.000237,0.000004,0.000544,0.056570
28,0.008619,0.000044,0.000005,0.044819,0.000237,0.000004,0.010368,0.064099
34,0.007899,0.000034,0.000004,0.014885,0.000259,0.000004,0.002211,0.025300
33,0.010484,0.000037,0.000004,0.050155,0.000284,0.000004,0.000456,0.061427
34,0.005091,0.000032,0.000003,0.043230,0.000248,0.000004,0.000206,0.048814
32,0.008578,0.000044,0.000004,0.056741,0.000270,0.000005,0.000276,0.065919
29,0.007023,0.000036,0.000003,0.018782,0.000334,0.000008,0.001860,0.028054
36,0.006008,0.000037,0.000004,0.019062,0.000249,0.000004,0.000320,0.025686
32,0.009025,0.000036,0.000003,0.050294,0.000230,0.000005,0.000237,0.059831
41,0.007710,0.000037,0.000004,0.047393,0.000245,0.000004,0.000726,0.056122
34,0.011587,0.000043,0.000004,0.011618,0.000312,0.000007,0.003050,0.026627
44,0.009064,0.000031,0.000003,0.048604,0.000351,0.000007,0.007385,0.065450
34,0.008523,0.000031,0.000003,0.050839,0.000369,0.000007,0.003366,0.063147
97,0.020641,0.000033,0.000003,0.035902,0.000252,0.000004,0.003676,0.060514
44,0.006452,0.000041,0.000003,0.044695,0.000245,0.000004,0.000167,0.051609
35,0.006883,0.000046,0.000003,0.010400,0.000426,0.000008,0.003381,0.021153
33,0.012499,0.000031,0.000003,0.044464,0.000278,0.000004,0.000561,0.057845
29,0.005780,0.000026,0.000004,0.043131,0.000233,0.000004,0.007022,0.056205
41,0.006252,0.000036,0.000004,0.059857,0.000237,0.000004,0.000542,0.066935
34,0.011664,0.000036,0.000004,0.013396,0.000260,0.000004,0.000432,0.025797
35,0.009933,0.000032,0.000003,0.008198,0.000236,0.000003,0.000196,0.018602
33,0.007448,0.000036,0.000003,0.058299,0.000321,0.000007,0.000373,0.066491
30,0.008145,0.000038,0.000004,0.014560,0.000273,0.000004,0.001541,0.024569
37,0.007220,0.000033,0.000004,0.009855,0.000307,0.000007,0.000428,0.017856
35,0.007989,0.000040,0.000004,0.007458,0.000261,0.000005,0.002481,0.018243
33,0.009637,0.000045,0.000004,0.049139,0.000234,0.000004,0.000233,0.059298
42,0.006732,0.000040,0.000004,0.044745,0.000233,0.000004,0.000708,0.052469
45,0.011409,0.000029,0.000003,0.051918,0.000535,0.000009,0.006282,0.070198
98,0.008032,0.000039,0.000004,0.026023,0.000292,0.000004,0.003291,0.037688
35,0.007482,0.000035,0.000004,0.049377,0.000429,0.000009,0.002899,0.060241
45,0.005263,0.000034,0.000003,0.044978,0.000247,0.000004,0.000152,0.050684
34,0.006733,0.000042,0.000004,0.041022,0.000248,0.000004,0.000555,0.048612
36,0.007977,0.000030,0.000002,0.055890,0.000236,0.000004,0.002066,0.066208
42,0.007383,0.000037,0.000004,0.050424,0.000261,0.000004,0.000569,0.058685
30,0.013253,0.000092,0.000005,0.057534,0.000311,0.000004,0.007933,0.079137
35,0.009463,0.000031,0.000003,0.039976,0.000252,0.000004,0.000457,0.050189
36,0.004964,0.000032,0.000003,0.043521,0.000246,0.000003,0.000199,0.048969
34,0.005523,0.000038,0.000004,0.008978,0.000233,0.000004,0.000267,0.015048
31,0.008254,0.000029,0.000003,0.041907,0.000242,0.000004,0.001448,0.051889
38,0.005036,0.000037,0.000003,0.011914,0.000225,0.000004,0.000306,0.017527
36,0.009119,0.000046,0.000004,0.056174,0.000257,0.000004,0.002618,0.068224
34,0.006042,0.000036,0.000004,0.038367,0.000232,0.000004,0.000222,0.044908
43,0.006625,0.000038,0.000004,0.061876,0.000332,0.000006,0.001132,0.070017
99,0.008762,0.000043,0.000005,0.012174,0.000222,0.000004,0.002886,0.024098
46,0.009992,0.000058,0.000007,0.063323,0.000270,0.000005,0.004838,0.078497
36,0.004893,0.000028,0.000003,0.057941,0.000261,0.000004,0.001498,0.064629
46,0.004837,0.000031,0.000003,0.037687,0.000217,0.000004,0.000155,0.042936
35,0.005966,0.000029,0.000003,0.036272,0.000242,0.000004,0.000514,0.043032
43,0.007466,0.000050,0.000006,0.011137,0.000351,0.000008,0.001002,0.020022
37,0.010514,0.000048,0.000005,0.036005,0.000221,0.000004,0.001820,0.048620
31,0.009611,0.000031,0.000003,0.029145,0.000248,0.000004,0.007201,0.046248
36,0.010991,0.000026,0.000003,0.036280,0.000262,0.000004,0.000467,0.048036
37,0.006204,0.000041,0.000005,0.053660,0.000244,0.000004,0.000202,0.060361
35,0.006148,0.000038,0.000004,0.042684,0.000263,0.000004,0.000273,0.049416
32,0.006286,0.000039,0.000003,0.046430,0.000258,0.000004,0.001382,0.054405
39,0.006309,0.000040,0.000004,0.045369,0.000240,0.000004,0.000284,0.052253
35,0.005111,0.000034,0.000003,0.013389,0.000345,0.000006,0.000207,0.019097
37,0.009176,0.000034,0.000003,0.051775,0.000252,0.000004,0.002324,0.063572
44,0.010529,0.000065,0.000004,0.042924,0.000232,0.000004,0.000681,0.054442
100,0.006355,0.000028,0.000003,0.035087,0.000272,0.000004,0.003009,0.044762
37,0.007350,0.000026,0.000003,0.012027,0.000250,0.000004,0.001597,0.021261
47,0.009182,0.000029,0.000003,0.041510,0.000246,0.000004,0.004336,0.055314
47,0.012604,0.000033,0.000003,0.045527,0.000239,0.000004,0.000150,0.058562
36,0.008309,0.000035,0.000004,0.044010,0.000234,0.000004,0.000534,0.053134
38,0.008129,0.000031,0.000003,0.007058,0.000232,0.000004,0.000191,0.015650
44,0.008686,0.000031,0.000003,0.062424,0.000298,0.000007,0.000801,0.072253
32,0.007720,0.000028,0.000003,0.044521,0.000302,0.000004,0.007857,0.060444
37,0.009551,0.000031,0.000004,0.043357,0.000271,0.000005,0.000436,0.053656
38,0.006527,0.000038,0.000004,0.075747,0.000311,0.000006,0.003309,0.085947
36,0.007390,0.000035,0.000004,0.049286,0.000231,0.000004,0.000260,0.057213
40,0.007290,0.000037,0.000003,0.011423,0.000247,0.000004,0.000344,0.019350
33,0.008025,0.000033,0.000003,0.047141,0.000231,0.000004,0.001548,0.056991
36,0.006362,0.000031,0.000003,0.010189,0.000236,0.000004,0.000215,0.017042
38,0.009297,0.000034,0.000003,0.041209,0.000220,0.000005,0.002188,0.052958
101,0.007273,0.000032,0.000003,0.026961,0.000279,0.000005,0.003359,0.037917
45,0.006900,0.000040,0.000004,0.042454,0.000371,0.000006,0.001000,0.050779
48,0.009649,0.000027,0.000002,0.008790,0.000220,0.000004,0.003954,0.022651
38,0.004979,0.000031,0.000003,0.038401,0.000280,0.000004,0.001475,0.045177
39,0.006149,0.000039,0.000003,0.013772,0.000331,0.000007,0.000275,0.020579
48,0.006856,0.000030,0.000003,0.047508,0.000221,0.000004,0.000169,0.054792
45,0.011534,0.000036,0.000005,0.014365,0.000309,0.000006,0.001005,0.027264
37,0.007724,0.000034,0.000004,0.047202,0.000236,0.000004,0.000534,0.055739
39,0.007682,0.000039,0.000004,0.014136,0.000252,0.000004,0.002079,0.024199
33,0.010826,0.000044,0.000006,0.045748,0.000263,0.000004,0.007746,0.064642
38,0.009713,0.000032,0.000004,0.041817,0.000238,0.000004,0.000453,0.052263
41,0.006981,0.000048,0.000005,0.003457,0.000248,0.000005,0.000341,0.011088
37,0.006384,0.000037,0.000004,0.044937,0.000232,0.000004,0.000246,0.051846
34,0.008095,0.000038,0.000003,0.044571,0.000264,0.000004,0.001384,0.054362
37,0.007319,0.000029,0.000003,0.044263,0.000336,0.000004,0.000223,0.052180
102,0.007481,0.000031,0.000003,0.024181,0.000255,0.000004,0.003093,0.035052
46,0.008361,0.000031,0.000003,0.017667,0.000242,0.000004,0.000713,0.027023
39,0.008007,0.000035,0.000003,0.047112,0.000250,0.000004,0.002146,0.057561
42,0.008848,0.000056,0.000005,0.035217,0.000388,0.000004,0.000586,0.045112
39,0.011721,0.000034,0.000003,0.072165,0.000571,0.000011,0.004112,0.088629
38,0.007871,0.000044,0.000005,0.074495,0.000468,0.000011,0.001147,0.084050
40,0.019336,0.000082,0.000011,0.042664,0.000553,0.000009,0.004960,0.067626
43,0.015477,0.000103,0.000014,0.019903,0.000687,0.000012,0.001238,0.037444
103,0.024892,0.000028,0.000004,0.048299,0.000281,0.000004,0.003812,0.077325
49,0.011156,0.000031,0.000003,0.107250,0.000369,0.000004,0.009058,0.127880
40,0.010475,0.000050,0.000005,0.148110,0.000446,0.000009,0.000368,0.159465
104,0.012587,0.000033,0.000004,0.044726,0.000245,0.000004,0.003394,0.060999
105,0.006082,0.000031,0.000003,0.003931,0.000286,0.000003,0.003277,0.013619
49,0.005001,0.000031,0.000003,0.185396,0.000847,0.000016,0.000581,0.191886
39,0.015827,0.000055,0.000007,0.172535,0.000480,0.000009,0.000907,0.189831
38,0.007527,0.000049,0.000006,0.180289,0.000524,0.000012,0.000555,0.188968
40,0.009281,0.000147,0.000009,0.185846,0.000415,0.000008,0.002970,0.198681
34,0.021120,0.000078,0.000007,0.160814,0.000628,0.000009,0.023445,0.206127
46,0.005759,0.000037,0.000005,0.211792,0.000628,0.000013,0.001851,0.220096
35,0.020227,0.000060,0.000006,0.191408,0.000575,0.000015,0.004240,0.216548
106,0.007269,0.000032,0.000003,0.050480,0.000297,0.000004,0.003496,0.061587
50,0.007977,0.000028,0.000003,0.034718,0.000558,0.000013,0.000329,0.043630
47,0.010286,0.000097,0.000006,0.196461,0.000749,0.000015,0.012143,0.219767
38,0.010289,0.000054,0.000007,0.218724,0.000504,0.000011,0.000465,0.230061
39,0.009536,0.000051,0.000004,0.141834,0.000926,0.000021,0.003129,0.155511
41,0.014488,0.000055,0.000004,0.037417,0.000561,0.000011,0.005249,0.057796
40,0.025818,0.000134,0.000019,0.055229,0.000540,0.000010,0.001121,0.082880
40,0.012514,0.000052,0.000006,0.177469,0.000482,0.000010,0.003230,0.193775
44,0.013086,0.000061,0.000005,0.175418,0.000959,0.000011,0.001816,0.191369
41,0.012657,0.000052,0.000003,0.183761,0.000542,0.000011,0.005420,0.202456
50,0.011928,0.000046,0.000004,0.164607,0.000705,0.000010,0.015868,0.193183
107,0.014724,0.000032,0.000003,0.059892,0.000404,0.000008,0.004324,0.079393
40,0.010523,0.000060,0.000005,0.060890,0.000653,0.000013,0.001630,0.073786
41,0.012396,0.000034,0.000003,0.026836,0.000457,0.000057,0.003213,0.043004
41,0.009498,0.000055,0.000004,0.020757,0.000445,0.000009,0.001156,0.031933
42,0.023592,0.000066,0.000007,0.033880,0.000448,0.000008,0.005019,0.063029
45,0.025855,0.000050,0.000004,0.044992,0.000729,0.000017,0.001308,0.072964
41,0.009635,0.000054,0.000004,0.202724,0.000442,0.000010,0.000342,0.213217
108,0.006452,0.000029,0.000003,0.042562,0.000278,0.000003,0.003366,0.052697
35,0.012374,0.000039,0.000005,0.133359,0.000479,0.000005,0.017646,0.163913
41,0.027125,0.000059,0.000006,0.069266,0.000541,0.000012,0.001011,0.098029
42,0.009260,0.000046,0.000004,0.013159,0.000420,0.000008,0.001262,0.024171
46,0.008156,0.000050,0.000005,0.013250,0.000452,0.000008,0.000603,0.022530
109,0.007231,0.000039,0.000003,0.013915,0.000276,0.000003,0.003545,0.025016
42,0.011765,0.000057,0.000006,0.026184,0.001092,0.000028,0.001159,0.040306
51,0.013524,0.000055,0.000004,0.075160,0.000247,0.000005,0.016623,0.105629
47,0.013480,0.000057,0.000008,0.192794,0.000430,0.000009,0.001248,0.208038
48,0.012509,0.000091,0.000011,0.173376,0.000790,0.000020,0.004346,0.191161
39,0.015400,0.000057,0.000008,0.175479,0.000471,0.000009,0.000462,0.191891
39,0.020330,0.000055,0.000006,0.216927,0.000468,0.000007,0.000594,0.238395
51,0.012732,0.000064,0.000006,0.189058,0.000769,0.000012,0.000374,0.203025
110,0.009388,0.000043,0.000005,0.018335,0.000276,0.000003,0.003533,0.031589
43,0.015002,0.000058,0.000006,0.015428,0.000686,0.000015,0.000460,0.031665
52,0.013371,0.000055,0.000006,0.023821,0.000469,0.000008,0.012720,0.050462
36,0.015007,0.000109,0.000012,0.224701,0.000518,0.000009,0.002958,0.243323
42,0.009736,0.000053,0.000004,0.211761,0.000532,0.000009,0.005347,0.227454
111,0.016028,0.000034,0.000003,0.042951,0.000255,0.000005,0.003564,0.062845
37,0.010102,0.000058,0.000005,0.033158,0.000404,0.000009,0.002969,0.046715
40,0.009532,0.000056,0.000006,0.076255,0.000525,0.000010,0.000609,0.087001
40,0.011577,0.000073,0.000017,0.091941,0.000435,0.000006,0.000462,0.104516
43,0.012340,0.000074,0.000011,0.155328,0.000442,0.000006,0.001135,0.169345
42,0.011200,0.000107,0.000009,0.208070,0.000534,0.000008,0.003600,0.223540
38,0.009269,0.000057,0.000006,0.038347,0.000815,0.000012,0.003319,0.051833
112,0.007227,0.000037,0.000004,0.050978,0.000314,0.000004,0.003685,0.062265
43,0.012923,0.000055,0.000005,0.205080,0.000498,0.000012,0.005043,0.223629
47,0.008851,0.000037,0.000003,0.192250,0.000498,0.000008,0.000673,0.202328
36,0.012894,0.000047,0.000005,0.177058,0.000469,0.000007,0.050916,0.241406
42,0.014172,0.000053,0.000006,0.219509,0.000879,0.000011,0.001215,0.235856
49,0.011301,0.000059,0.000006,0.171725,0.000619,0.000008,0.001629,0.185356
113,0.007412,0.000037,0.000004,0.049986,0.000295,0.000004,0.003618,0.061360
52,0.016481,0.000057,0.000006,0.177562,0.000640,0.000011,0.000367,0.195131
48,0.009950,0.000053,0.000007,0.202748,0.000464,0.000010,0.001266,0.214507
41,0.007810,0.000041,0.000003,0.115959,0.000384,0.000005,0.000339,0.124545
43,0.011792,0.000058,0.000005,0.158348,0.000427,0.000008,0.003995,0.174647
43,0.027491,0.000066,0.000007,0.025150,0.000523,0.000008,0.000999,0.054253
53,0.012753,0.000053,0.000007,0.173459,0.000568,0.000010,0.018592,0.205460
53,0.014755,0.000070,0.000011,0.021174,0.000461,0.000008,0.000307,0.036791
114,0.006313,0.000029,0.000004,0.036697,0.000246,0.000003,0.003470,0.046768
42,0.007131,0.000046,0.000006,0.018101,0.000342,0.000004,0.000331,0.025963
44,0.013783,0.000077,0.000008,0.246696,0.000637,0.000013,0.000497,0.261718
44,0.029291,0.000057,0.000007,0.024306,0.000461,0.000007,0.001000,0.055138
41,0.011189,0.000053,0.000005,0.210418,0.000925,0.000021,0.001264,0.223889
115,0.006787,0.000028,0.000003,0.052339,0.000276,0.000004,0.003503,0.062943
39,0.011342,0.000059,0.000008,0.168864,0.000517,0.000010,0.003397,0.184207
43,0.012929,0.000054,0.000005,0.197078,0.000467,0.000007,0.003484,0.214036
44,0.011457,0.000053,0.000006,0.204841,0.000443,0.000009,0.001034,0.217853
116,0.007975,0.000032,0.000003,0.024081,0.000377,0.000004,0.003636,0.036120
44,0.011773,0.000046,0.000004,0.189403,0.001344,0.000014,0.018497,0.221104
42,0.009628,0.000058,0.000007,0.052691,0.000501,0.000007,0.000867,0.063770
48,0.020385,0.000067,0.000005,0.202104,0.000440,0.000007,0.000704,0.223720
43,0.011008,0.000068,0.000008,0.117214,0.000403,0.000006,0.000362,0.129072
44,0.009694,0.000053,0.000005,0.146473,0.000601,0.000012,0.011479,0.168333
50,0.017817,0.000047,0.000007,0.206965,0.000682,0.000009,0.001639,0.227173
37,0.019382,0.000079,0.000009,0.186434,0.000989,0.000033,0.032581,0.239519
49,0.008697,0.000047,0.000007,0.200242,0.000457,0.000010,0.001059,0.210528
117,0.017943,0.000036,0.000004,0.053963,0.000260,0.000004,0.003569,0.075784
54,0.013711,0.000051,0.000005,0.162251,0.000445,0.000007,0.017692,0.194173
54,0.009625,0.000055,0.000006,0.186219,0.000461,0.000009,0.000317,0.196697
45,0.009199,0.000053,0.000004,0.020423,0.000525,0.000009,0.004833,0.035058
51,0.010146,0.000097,0.000005,0.027036,0.000682,0.000012,0.002827,0.040816
118,0.007902,0.000029,0.000003,0.049135,0.000312,0.000003,0.003508,0.060898
45,0.015687,0.000062,0.000006,0.203194,0.000545,0.000010,0.000428,0.219940
55,0.019609,0.000046,0.000006,0.033875,0.000741,0.000016,0.000409,0.054710
50,0.015098,0.000047,0.000006,0.065846,0.000865,0.000015,0.001508,0.083394
43,0.008474,0.000047,0.000005,0.120853,0.000405,0.000008,0.000471,0.130269
45,0.017033,0.000055,0.000007,0.206217,0.001122,0.000030,0.002026,0.226512
44,0.011991,0.000044,0.000005,0.119668,0.000371,0.000005,0.000396,0.132482
40,0.010151,0.000055,0.000004,0.184261,0.000478,0.000010,0.003357,0.198328
119,0.014716,0.000034,0.000004,0.013538,0.000296,0.000004,0.003602,0.032199
44,0.008606,0.000040,0.000006,0.018280,0.000376,0.000004,0.000525,0.027842
44,0.016882,0.000096,0.000011,0.194685,0.000530,0.000010,0.003610,0.215836
45,0.011748,0.000051,0.000005,0.220337,0.000534,0.000009,0.001320,0.234013
56,0.009408,0.000050,0.000005,0.059319,0.000537,0.000008,0.000324,0.069654
45,0.014164,0.000073,0.000006,0.190735,0.000726,0.000017,0.008625,0.214363
45,0.007882,0.000048,0.000004,0.054656,0.000376,0.000005,0.000369,0.063346
120,0.006812,0.000031,0.000003,0.057009,0.000371,0.000005,0.003668,0.067903
49,0.008392,0.000056,0.000004,0.209049,0.000802,0.000015,0.001105,0.219435
46,0.017411,0.000071,0.000006,0.032160,0.000517,0.000013,0.004780,0.055012
45,0.007873,0.000057,0.000005,0.104796,0.000357,0.000004,0.000395,0.113492
46,0.009178,0.000055,0.000005,0.195987,0.000458,0.000007,0.004525,0.210226
121,0.014867,0.000032,0.000003,0.050599,0.000312,0.000004,0.003476,0.069297
55,0.014762,0.000054,0.000006,0.223858,0.000547,0.000013,0.016051,0.255304
46,0.012566,0.000051,0.000009,0.161479,0.000621,0.000012,0.001274,0.176023
52,0.014208,0.000095,0.000012,0.223762,0.000660,0.000008,0.001637,0.240393
38,0.017283,0.000068,0.000010,0.247480,0.000490,0.000010,0.023631,0.288986
46,0.014980,0.000069,0.000005,0.199031,0.000480,0.000012,0.000429,0.215014
47,0.010603,0.000061,0.000005,0.037004,0.000468,0.000010,0.004520,0.052680
122,0.007608,0.000034,0.000004,0.038834,0.000303,0.000004,0.003519,0.050310
51,0.008344,0.000048,0.000009,0.205528,0.000472,0.000008,0.001281,0.215700
46,0.007969,0.000042,0.000005,0.127851,0.000466,0.000007,0.000444,0.136790
45,0.024021,0.000067,0.000006,0.190138,0.000493,0.000009,0.003301,0.218044
46,0.010817,0.000051,0.000007,0.185566,0.000565,0.000014,0.001478,0.198508
41,0.013023,0.000056,0.000004,0.233286,0.000560,0.000010,0.003519,0.250468
123,0.005755,0.000029,0.000003,0.049288,0.000292,0.000005,0.003231,0.058609
39,0.013819,0.000058,0.000006,0.021555,0.000519,0.000008,0.033538,0.069513
46,0.009148,0.000040,0.000004,0.120746,0.000377,0.000004,0.000486,0.130809
52,0.012362,0.000054,0.000007,0.057230,0.000519,0.000009,0.001171,0.071360
46,0.009928,0.000054,0.000004,0.021323,0.000453,0.000008,0.003273,0.035057
57,0.011732,0.000049,0.000005,0.219338,0.000590,0.000010,0.000307,0.232035
50,0.016582,0.000068,0.000009,0.194639,0.000370,0.000005,0.000595,0.212276
124,0.007583,0.000030,0.000003,0.020354,0.000316,0.000005,0.004386,0.032683
47,0.012426,0.000053,0.000006,0.159681,0.000489,0.000009,0.005498,0.178176
47,0.012549,0.000095,0.000005,0.046628,0.000535,0.000009,0.001256,0.061086
47,0.009349,0.000047,0.000006,0.038419,0.000410,0.000006,0.000432,0.048676
125,0.007839,0.000038,0.000003,0.057274,0.000306,0.000005,0.003672,0.069143
53,0.012918,0.000111,0.000020,0.176837,0.000684,0.000008,0.001825,0.192411
47,0.017978,0.000048,0.000007,0.176945,0.000458,0.000010,0.002619,0.198082
48,0.009225,0.000054,0.000005,0.186181,0.000463,0.000007,0.005018,0.200962
47,0.009899,0.000050,0.000006,0.177888,0.000511,0.000010,0.000495,0.188865
47,0.013768,0.000076,0.000007,0.195686,0.000633,0.000012,0.000466,0.210656
56,0.018901,0.000060,0.000006,0.200273,0.000437,0.000005,0.011066,0.230757
42,0.014404,0.000056,0.000004,0.139653,0.000564,0.000010,0.002986,0.157689
126,0.007998,0.000034,0.000003,0.048720,0.000277,0.000004,0.003596,0.060636
48,0.008261,0.000048,0.000005,0.110352,0.000289,0.000005,0.006762,0.125735
48,0.007813,0.000053,0.000006,0.129196,0.000497,0.000009,0.000700,0.138278
58,0.010162,0.000047,0.000006,0.164748,0.000390,0.000006,0.000227,0.175589
53,0.010730,0.000049,0.000006,0.178289,0.000472,0.000008,0.001191,0.190754
51,0.011114,0.000062,0.000005,0.191525,0.000775,0.000021,0.001088,0.204603
47,0.009363,0.000054,0.000005,0.201691,0.000466,0.000010,0.003253,0.214852
54,0.011987,0.000056,0.000007,0.021246,0.000432,0.000008,0.001214,0.034960
40,0.020228,0.000048,0.000006,0.196409,0.001141,0.000029,0.033270,0.251146
127,0.017275,0.000032,0.000004,0.051589,0.000304,0.000004,0.003750,0.072964
48,0.012613,0.000054,0.000004,0.207242,0.000588,0.000010,0.005057,0.225581
57,0.011658,0.000041,0.000005,0.111660,0.000390,0.000004,0.018275,0.142042
49,0.007879,0.000043,0.000006,0.101092,0.000391,0.000005,0.000423,0.109840
59,0.009905,0.000043,0.000004,0.096461,0.000366,0.000005,0.000221,0.107008
49,0.021912,0.000059,0.000006,0.021995,0.000444,0.000009,0.004523,0.048959
58,0.009768,0.000043,0.000004,0.014963,0.000335,0.000005,0.010073,0.035199
48,0.012521,0.000052,0.000005,0.180603,0.000485,0.000009,0.000480,0.194159
48,0.021379,0.000058,0.000007,0.195556,0.000489,0.000008,0.000768,0.218268
49,0.011971,0.000057,0.000007,0.190022,0.000499,0.000009,0.004944,0.207519
54,0.024880,0.000099,0.000012,0.202394,0.000530,0.000008,0.001556,0.229489
43,0.012940,0.000051,0.000005,0.173885,0.000656,0.000013,0.007533,0.195113
48,0.013213,0.000073,0.000010,0.205125,0.000497,0.000011,0.000338,0.219273
49,0.019544,0.000076,0.000008,0.187191,0.000898,0.000025,0.002767,0.210519
48,0.009747,0.000049,0.000004,0.174508,0.000491,0.000010,0.003653,0.188474
50,0.009825,0.000051,0.000005,0.127444,0.000413,0.000005,0.000417,0.138163
55,0.008224,0.000046,0.000008,0.191298,0.000483,0.000009,0.001114,0.201192
52,0.013404,0.000068,0.000007,0.204954,0.000547,0.000012,0.000745,0.219743
60,0.007962,0.000047,0.000006,0.142085,0.000544,0.000010,0.000310,0.150970
49,0.010150,0.000054,0.000006,0.023794,0.000245,0.000004,0.005968,0.040233
59,0.011429,0.000042,0.000004,0.124111,0.000404,0.000006,0.017677,0.153682
41,0.015372,0.000068,0.000009,0.197799,0.000679,0.000014,0.034015,0.247969
49,0.012042,0.000053,0.000006,0.172365,0.000888,0.000024,0.000943,0.186331
49,0.021911,0.000076,0.000011,0.195785,0.000597,0.000013,0.001444,0.219847
55,0.027409,0.000058,0.000006,0.178587,0.000420,0.000007,0.001566,0.208060
49,0.020787,0.000060,0.000005,0.175144,0.000435,0.000008,0.000369,0.196812
50,0.012740,0.000051,0.000004,0.222710,0.000860,0.000013,0.011293,0.247690
50,0.009970,0.000050,0.000005,0.201435,0.000465,0.000008,0.004570,0.216514
50,0.010603,0.000048,0.000005,0.043076,0.000558,0.000011,0.000475,0.054783
44,0.013494,0.000041,0.000004,0.215666,0.000516,0.000009,0.003143,0.232884
50,0.020700,0.000052,0.000005,0.170086,0.000547,0.000012,0.001573,0.192983
51,0.009961,0.000049,0.000005,0.153822,0.000722,0.000009,0.000681,0.165255
50,0.008385,0.000051,0.000005,0.154563,0.000460,0.000009,0.003325,0.166811
60,0.012073,0.000044,0.000004,0.140881,0.000450,0.000008,0.010443,0.163914
61,0.020778,0.000055,0.000007,0.178175,0.000692,0.000013,0.008738,0.208472
56,0.011929,0.000057,0.000007,0.216799,0.000501,0.000009,0.001374,0.230684
53,0.017834,0.000058,0.000006,0.203118,0.000622,0.000014,0.001002,0.222662
54,0.014759,0.000055,0.000005,0.045999,0.000730,0.000016,0.001207,0.062780
51,0.018988,0.000056,0.000006,0.156854,0.000452,0.000010,0.004377,0.180753
42,0.010860,0.000043,0.000005,0.202152,0.000725,0.000016,0.032853,0.246669
50,0.021173,0.000051,0.000006,0.168473,0.000443,0.000009,0.000368,0.190527
50,0.023241,0.000071,0.000007,0.189289,0.000499,0.000011,0.001433,0.214564
51,0.014993,0.000099,0.000013,0.172547,0.000655,0.000015,0.001726,0.190058
51,0.009086,0.000034,0.000003,0.026974,0.000497,0.000010,0.000427,0.037035
56,0.018543,0.000058,0.000006,0.213158,0.000498,0.000007,0.001669,0.233947
45,0.012746,0.000057,0.000005,0.194016,0.000616,0.000011,0.003464,0.210941
51,0.021997,0.000054,0.000005,0.195720,0.000378,0.000005,0.000333,0.218495
61,0.011179,0.000044,0.000004,0.138116,0.000479,0.000008,0.013588,0.163431
62,0.011885,0.000049,0.000006,0.126567,0.000453,0.000006,0.000298,0.139268
51,0.013864,0.000057,0.000005,0.233910,0.000541,0.000011,0.004568,0.252968
52,0.012209,0.000056,0.000007,0.017167,0.000696,0.000011,0.000711,0.030867
52,0.012452,0.000109,0.000020,0.215494,0.000601,0.000022,0.001054,0.229763
51,0.027889,0.000057,0.000008,0.038375,0.000459,0.000010,0.001124,0.067931
51,0.012463,0.000050,0.000005,0.197222,0.000473,0.000008,0.003134,0.213363
53,0.011881,0.000102,0.000012,0.013765,0.000575,0.000008,0.000620,0.026969
57,0.014719,0.000044,0.000006,0.193486,0.000566,0.000010,0.001259,0.210099
52,0.013524,0.000103,0.000015,0.057398,0.000955,0.000026,0.008928,0.080964
52,0.019260,0.000058,0.000005,0.035697,0.000421,0.000008,0.003171,0.058631
52,0.009478,0.000041,0.000004,0.111674,0.000388,0.000005,0.000375,0.121970
55,0.011336,0.000090,0.000007,0.177946,0.000440,0.000007,0.000691,0.190523
58,0.013336,0.000052,0.000007,0.035360,0.000481,0.000012,0.001480,0.050735
52,0.022224,0.000079,0.000007,0.164808,0.000533,0.000011,0.006800,0.194476
43,0.022033,0.000049,0.000005,0.158754,0.000517,0.000009,0.024380,0.205760
53,0.009834,0.000050,0.000007,0.065211,0.000528,0.000010,0.005067,0.080718
57,0.015062,0.000095,0.000014,0.171252,0.000472,0.000011,0.001611,0.188525
46,0.013000,0.000052,0.000006,0.194893,0.000819,0.000010,0.005785,0.214578
62,0.013429,0.000047,0.000006,0.174387,0.000764,0.000013,0.017740,0.206396
52,0.014802,0.000076,0.000009,0.222008,0.000432,0.000005,0.001040,0.238376
63,0.014142,0.000088,0.000011,0.187704,0.000425,0.000009,0.000293,0.202676
53,0.014346,0.000067,0.000008,0.191010,0.000694,0.000016,0.000558,0.206707
52,0.019264,0.000039,0.000005,0.172701,0.000606,0.000010,0.001241,0.193877
54,0.010079,0.000100,0.000020,0.165074,0.000560,0.000010,0.000574,0.176425
53,0.011398,0.000049,0.000006,0.137919,0.000451,0.000006,0.000479,0.150311
56,0.009160,0.000048,0.000005,0.173801,0.000481,0.000008,0.000591,0.184101
53,0.015928,0.000052,0.000005,0.155554,0.000469,0.000011,0.011963,0.184002
53,0.012908,0.000051,0.000006,0.195677,0.000529,0.000008,0.003149,0.212338
59,0.010239,0.000063,0.000006,0.177318,0.000891,0.000023,0.003323,0.191886
54,0.013286,0.000058,0.000006,0.049139,0.000416,0.000004,0.000401,0.063314
58,0.022061,0.000100,0.000014,0.139803,0.000405,0.000004,0.001293,0.163688
53,0.013194,0.000050,0.000005,0.141305,0.000502,0.000009,0.001301,0.156373
54,0.011838,0.000056,0.000006,0.174962,0.000985,0.000026,0.007463,0.195349
54,0.008572,0.000053,0.000006,0.154297,0.000431,0.000007,0.000326,0.163697
59,0.007927,0.000036,0.000003,0.038909,0.000394,0.000005,0.001097,0.048377
55,0.008052,0.000055,0.000004,0.051352,0.000384,0.000004,0.000332,0.060186
44,0.034126,0.000112,0.000015,0.200196,0.000606,0.000011,0.027684,0.262783
63,0.015630,0.000050,0.000005,0.173982,0.000661,0.000009,0.013373,0.203733
55,0.019963,0.000063,0.000006,0.152423,0.000376,0.000005,0.000398,0.173235
54,0.014560,0.000053,0.000005,0.033957,0.000426,0.000006,0.001146,0.050158
53,0.039842,0.000072,0.000009,0.151482,0.000783,0.000014,0.003332,0.195552
55,0.012060,0.000049,0.000006,0.027418,0.000430,0.000008,0.000376,0.040353
47,0.014242,0.000059,0.000006,0.211965,0.000502,0.000008,0.003591,0.230382
55,0.011262,0.000048,0.000032,0.013446,0.000470,0.000009,0.001067,0.026343
54,0.035468,0.000083,0.000012,0.031791,0.000375,0.000005,0.000714,0.068455
57,0.011895,0.000052,0.000005,0.180013,0.000527,0.000014,0.000814,0.193327
60,0.017691,0.000084,0.000014,0.167616,0.000415,0.000010,0.001066,0.186903
54,0.012971,0.000056,0.000006,0.186244,0.000503,0.000009,0.003231,0.203028
54,0.012696,0.000052,0.000005,0.190662,0.000544,0.000012,0.005086,0.209068
56,0.007902,0.000046,0.000005,0.117356,0.000348,0.000004,0.000375,0.126040
56,0.006861,0.000048,0.000006,0.163309,0.000516,0.000010,0.000458,0.171213
55,0.009379,0.000057,0.000006,0.182752,0.000431,0.000006,0.004508,0.197148
58,0.010597,0.000055,0.000005,0.047498,0.000496,0.000011,0.000721,0.059391
55,0.012077,0.000051,0.000006,0.024680,0.000454,0.000011,0.003046,0.040334
60,0.007629,0.000041,0.000004,0.177255,0.000494,0.000008,0.001684,0.187126
56,0.009582,0.000053,0.000005,0.159397,0.000538,0.000012,0.000369,0.169959
59,0.009327,0.000052,0.000005,0.034331,0.000463,0.000009,0.000598,0.044791
48,0.013297,0.000035,0.000003,0.175518,0.000468,0.000008,0.002856,0.192193
56,0.010781,0.000054,0.000005,0.164540,0.000449,0.000007,0.001182,0.177026
55,0.019489,0.000050,0.000005,0.119741,0.000453,0.000008,0.000955,0.140708
45,0.023518,0.000056,0.000007,0.185926,0.000510,0.000007,0.028878,0.238918
57,0.017010,0.000049,0.000005,0.106812,0.000482,0.000008,0.000613,0.124985
57,0.010857,0.000053,0.000006,0.024084,0.000407,0.000007,0.000960,0.036381
58,0.007417,0.000042,0.000005,0.037169,0.000399,0.000006,0.000401,0.045442
61,0.014326,0.000054,0.000006,0.188388,0.000455,0.000009,0.001242,0.204490
57,0.012535,0.000055,0.000005,0.149239,0.000419,0.000009,0.000446,0.162713
58,0.012121,0.000046,0.000005,0.057255,0.000486,0.000008,0.001153,0.071086
55,0.013716,0.000049,0.000004,0.197343,0.000850,0.000014,0.006733,0.218719
56,0.012725,0.000052,0.000006,0.166011,0.000286,0.000004,0.002504,0.181600
56,0.019952,0.000080,0.000010,0.169186,0.000576,0.000013,0.004976,0.194803
61,0.009323,0.000050,0.000004,0.198884,0.000515,0.000008,0.001757,0.210550
60,0.010422,0.000047,0.000004,0.167760,0.000405,0.000009,0.000675,0.179328
49,0.012587,0.000056,0.000005,0.156362,0.000642,0.000012,0.004251,0.173948
57,0.013531,0.000055,0.000007,0.207259,0.000398,0.000006,0.000294,0.221553
59,0.007537,0.000045,0.000004,0.100710,0.000388,0.000006,0.000476,0.109170
56,0.018480,0.000051,0.000006,0.172461,0.000472,0.000009,0.000909,0.192395
62,0.009621,0.000049,0.000004,0.048244,0.000297,0.000004,0.001534,0.059763
60,0.006392,0.000040,0.000005,0.017851,0.000341,0.000004,0.000365,0.025001
46,0.019308,0.000051,0.000005,0.159878,0.000508,0.000010,0.029309,0.209077
58,0.011954,0.000043,0.000004,0.030378,0.000331,0.000004,0.000311,0.043029
61,0.007937,0.000049,0.000005,0.012933,0.000435,0.000008,0.000648,0.022022
58,0.008177,0.000050,0.000007,0.148832,0.000574,0.000012,0.000784,0.158447
62,0.011935,0.000051,0.000007,0.182536,0.000429,0.000009,0.001162,0.196138
56,0.022175,0.000061,0.000007,0.136033,0.000426,0.000007,0.004580,0.163297
59,0.017888,0.000044,0.000005,0.016459,0.000420,0.000008,0.000377,0.035205
57,0.012456,0.000053,0.000005,0.164995,0.000467,0.000009,0.003311,0.181307
50,0.014046,0.000052,0.000004,0.119339,0.000468,0.000008,0.003120,0.137046
64,0.025353,0.000101,0.000013,0.041540,0.000568,0.000008,0.002815,0.070408
59,0.019641,0.000058,0.000005,0.188958,0.000472,0.000009,0.001071,0.210222
57,0.011917,0.000054,0.000006,0.171882,0.000409,0.000008,0.004618,0.188907
47,0.011886,0.000063,0.000006,0.060055,0.000516,0.000008,0.030640,0.103185
58,0.008222,0.000043,0.000005,0.015974,0.000415,0.000007,0.004443,0.029118
61,0.015688,0.000101,0.000012,0.177192,0.000478,0.000009,0.000696,0.194183
57,0.012495,0.000047,0.000005,0.062358,0.000553,0.000010,0.005807,0.081287
59,0.010509,0.000038,0.000003,0.130415,0.000362,0.000006,0.000273,0.141610
57,0.026104,0.000053,0.000007,0.165894,0.000449,0.000009,0.000997,0.193520
63,0.009267,0.000052,0.000004,0.169517,0.000432,0.000007,0.001509,0.180798
62,0.009272,0.000056,0.000007,0.157094,0.000423,0.000024,0.000332,0.167210
58,0.016091,0.000029,0.000005,0.033551,0.000417,0.000010,0.000889,0.051000
63,0.013750,0.000053,0.000006,0.165490,0.000439,0.000008,0.001215,0.180967
65,0.008740,0.000046,0.000006,0.141635,0.000467,0.000008,0.002775,0.153721
60,0.012138,0.000051,0.000005,0.173885,0.000458,0.000009,0.000421,0.186972
60,0.011803,0.000040,0.000004,0.093742,0.000352,0.000005,0.000266,0.106215
58,0.013189,0.000051,0.000005,0.181321,0.000539,0.000012,0.003187,0.198314
51,0.015755,0.000066,0.000006,0.186557,0.000491,0.000008,0.002395,0.205284
60,0.013883,0.000053,0.000005,0.194376,0.000776,0.000013,0.001785,0.210918
62,0.011966,0.000055,0.000006,0.159907,0.000609,0.000015,0.000768,0.173333
59,0.008724,0.000046,0.000006,0.169748,0.000453,0.000012,0.004333,0.183332
48,0.014067,0.000053,0.000006,0.197858,0.000594,0.000012,0.024599,0.237201
58,0.018883,0.000065,0.000005,0.173452,0.001300,0.000022,0.008407,0.202161
63,0.008224,0.000053,0.000005,0.151738,0.000439,0.000009,0.000539,0.161012
61,0.010973,0.000041,0.000004,0.094253,0.000336,0.000005,0.000304,0.105920
59,0.018327,0.000046,0.000005,0.149020,0.000473,0.000010,0.000850,0.168743
49,0.013957,0.000048,0.000005,0.039713,0.000528,0.000010,0.024072,0.078343
61,0.013592,0.000054,0.000004,0.146736,0.000487,0.000010,0.000537,0.161425
66,0.008316,0.000045,0.000005,0.168837,0.000525,0.000009,0.002524,0.180270
59,0.011736,0.000052,0.000005,0.155532,0.000489,0.000010,0.003238,0.171071
52,0.010413,0.000052,0.000005,0.150687,0.000441,0.000010,0.002883,0.164501
67,0.015084,0.000053,0.000005,0.026761,0.000451,0.000008,0.003053,0.045425
61,0.021176,0.000051,0.000007,0.147313,0.000628,0.000023,0.002112,0.171323
50,0.013334,0.000055,0.000006,0.033602,0.000423,0.000008,0.018902,0.066338
63,0.014320,0.000060,0.000005,0.165505,0.000602,0.000011,0.000703,0.181216
60,0.011777,0.000050,0.000004,0.164390,0.000789,0.000026,0.008530,0.185578
62,0.010202,0.000036,0.000003,0.131736,0.000570,0.000011,0.000674,0.143252
59,0.013329,0.000051,0.000007,0.159949,0.000565,0.000014,0.006200,0.180128
53,0.017869,0.000094,0.000010,0.047162,0.000577,0.000010,0.003659,0.069394
60,0.018211,0.000048,0.000007,0.141114,0.000464,0.000009,0.000790,0.160650
54,0.012895,0.000095,0.000011,0.044016,0.000545,0.000011,0.003856,0.061440
60,0.016241,0.000065,0.000006,0.045485,0.000474,0.000011,0.004917,0.067209
62,0.012842,0.000060,0.000007,0.164251,0.000512,0.000009,0.000505,0.178192
68,0.012560,0.000050,0.000006,0.125547,0.000454,0.000011,0.002596,0.141233
61,0.012310,0.000056,0.000004,0.012712,0.000434,0.000011,0.005137,0.030674
60,0.013209,0.000053,0.000004,0.168326,0.000508,0.000009,0.002996,0.185115
62,0.012279,0.000048,0.000005,0.013182,0.000561,0.000012,0.006696,0.032793
51,0.012137,0.000047,0.000005,0.141200,0.000510,0.000012,0.025543,0.179465
61,0.012686,0.000056,0.000005,0.161638,0.000492,0.000009,0.004692,0.179588
62,0.030230,0.000087,0.000007,0.171183,0.000704,0.000011,0.001203,0.203432
63,0.013253,0.000047,0.000004,0.158757,0.000490,0.000007,0.000403,0.172966
69,0.020911,0.000047,0.000004,0.054997,0.000345,0.000006,0.001972,0.078290
52,0.014017,0.000062,0.000006,0.027480,0.000544,0.000011,0.026608,0.068740
61,0.013433,0.000051,0.000005,0.174974,0.000450,0.000009,0.000904,0.189834
62,0.013895,0.000076,0.000009,0.046054,0.000437,0.000009,0.004513,0.065005
63,0.016031,0.000085,0.000012,0.149128,0.000494,0.000006,0.000429,0.166191
55,0.016879,0.000094,0.000014,0.161521,0.000607,0.000009,0.003270,0.182403
53,0.013922,0.000065,0.000007,0.030325,0.000415,0.000006,0.022523,0.067275
61,0.012362,0.000053,0.000006,0.174996,0.000500,0.000008,0.003041,0.190973
70,0.008884,0.000035,0.000004,0.121379,0.000411,0.000008,0.002265,0.132993
63,0.014608,0.000057,0.000005,0.153533,0.000641,0.000009,0.006696,0.175561
63,0.026190,0.000054,0.000006,0.131550,0.000472,0.000005,0.000808,0.159091
63,0.017554,0.000049,0.000004,0.141324,0.000447,0.000008,0.004334,0.163728
62,0.013465,0.000056,0.000006,0.160949,0.000622,0.000008,0.001005,0.176125
56,0.015215,0.000067,0.000008,0.154625,0.000480,0.000009,0.003053,0.173469
54,0.013298,0.000053,0.000006,0.140461,0.000593,0.000013,0.022503,0.176938
62,0.012329,0.000046,0.000005,0.148350,0.000424,0.000008,0.003139,0.164312
71,0.013470,0.000047,0.000004,0.145672,0.000443,0.000010,0.002850,0.162506
63,0.011127,0.000045,0.000005,0.019572,0.000429,0.000007,0.002641,0.033834
55,0.013456,0.000062,0.000008,0.011613,0.000433,0.000008,0.021791,0.047382
57,0.014152,0.000054,0.000005,0.105194,0.000525,0.000007,0.002699,0.122653
63,0.021178,0.000048,0.000006,0.157531,0.000536,0.000011,0.001030,0.180346
58,0.011833,0.000063,0.000007,0.037059,0.000399,0.000008,0.002737,0.052113
72,0.012485,0.000052,0.000005,0.143403,0.000400,0.000007,0.003023,0.159384
64,0.031400,0.000054,0.000014,0.103662,0.000434,0.000006,0.003813,0.139395
56,0.011421,0.000048,0.000006,0.124829,0.000447,0.000010,0.021073,0.157840
59,0.009345,0.000040,0.000004,0.110277,0.000452,0.000008,0.002830,0.122967
65,0.018144,0.000041,0.000005,0.086413,0.000352,0.000004,0.003501,0.108467
57,0.012686,0.000048,0.000006,0.096192,0.000353,0.000005,0.014204,0.123503
73,0.012710,0.000055,0.000005,0.149501,0.000486,0.000008,0.002836,0.165612
66,0.012249,0.000050,0.000006,0.035675,0.000434,0.000008,0.004969,0.053399
74,0.012368,0.000045,0.000006,0.033258,0.000502,0.000010,0.003015,0.049213
64,0.019731,0.000093,0.000007,0.040217,0.000657,0.000010,0.000547,0.061272
60,0.014382,0.000047,0.000004,0.127748,0.000584,0.000009,0.003199,0.145988
67,0.022166,0.000054,0.000005,0.032583,0.000486,0.000008,0.004868,0.060179
58,0.009679,0.000041,0.000003,0.102669,0.000516,0.000008,0.017066,0.130000
75,0.015497,0.000056,0.000004,0.120974,0.000446,0.000006,0.002730,0.139721
65,0.015060,0.000060,0.000007,0.139758,0.000432,0.000008,0.000419,0.155750
61,0.014011,0.000053,0.000006,0.131882,0.000510,0.000007,0.003124,0.149602
68,0.021154,0.000061,0.000006,0.133858,0.000521,0.000010,0.005056,0.160678
64,0.031284,0.000073,0.000008,0.023250,0.000496,0.000006,0.002873,0.058003
66,0.012110,0.000054,0.000005,0.017400,0.000480,0.000009,0.000484,0.030547
59,0.010082,0.000049,0.000006,0.125089,0.000480,0.000009,0.021529,0.157255
65,0.013982,0.000048,0.000005,0.031148,0.000441,0.000007,0.000656,0.046289
67,0.012156,0.000054,0.000005,0.029728,0.000462,0.000010,0.000431,0.042850
64,0.033222,0.000065,0.000007,0.174769,0.000552,0.000010,0.003240,0.211878
68,0.012001,0.000060,0.000005,0.030254,0.000489,0.000009,0.000421,0.043247
64,0.028660,0.000076,0.000010,0.152236,0.000521,0.000009,0.000349,0.181866
69,0.013120,0.000037,0.000003,0.007553,0.000341,0.000004,0.000282,0.021343
76,0.012993,0.000048,0.000004,0.165249,0.000372,0.000006,0.002516,0.181195
69,0.013396,0.000048,0.000006,0.115614,0.000343,0.000005,0.003555,0.132972
65,0.015995,0.000083,0.000007,0.033962,0.000462,0.000009,0.003336,0.053861
62,0.013457,0.000053,0.000005,0.131992,0.000428,0.000007,0.003016,0.148967
70,0.008662,0.000037,0.000004,0.007539,0.000322,0.000004,0.000281,0.016851
66,0.024861,0.000058,0.000005,0.118266,0.000458,0.000007,0.000636,0.144295
64,0.026792,0.000081,0.000007,0.134151,0.000805,0.000010,0.022751,0.184626
60,0.012089,0.000049,0.000005,0.155290,0.000381,0.000008,0.026722,0.194559
71,0.009880,0.000037,0.000004,0.092456,0.000430,0.000009,0.000295,0.103114
70,0.021179,0.000074,0.000006,0.101427,0.000397,0.000005,0.003681,0.126776
65,0.012193,0.000055,0.000005,0.139855,0.000859,0.000024,0.000682,0.153683
66,0.012536,0.000055,0.000007,0.122528,0.000472,0.000010,0.003838,0.139454
63,0.017350,0.000041,0.000003,0.121587,0.000397,0.000006,0.002608,0.141997
77,0.010454,0.000044,0.000005,0.139836,0.000640,0.000019,0.005008,0.156020
67,0.020997,0.000051,0.000004,0.104031,0.000481,0.000008,0.000601,0.126178
72,0.013664,0.000063,0.000006,0.066739,0.000450,0.000010,0.000392,0.081328
78,0.017273,0.000055,0.000005,0.024093,0.000487,0.000010,0.003148,0.045081
67,0.014279,0.000046,0.000006,0.085097,0.000424,0.000007,0.002878,0.102745
79,0.012056,0.000055,0.000006,0.026805,0.000435,0.000009,0.002951,0.042326
71,0.011232,0.000044,0.000004,0.106583,0.000396,0.000008,0.003866,0.122139
61,0.010703,0.000081,0.000009,0.142235,0.000480,0.000007,0.018977,0.172504
68,0.012261,0.000055,0.000007,0.016164,0.000476,0.000007,0.003793,0.032773
65,0.014421,0.000066,0.000007,0.160188,0.000560,0.000010,0.022722,0.197985
66,0.011674,0.000053,0.000005,0.163647,0.000642,0.000012,0.000572,0.176616
68,0.019607,0.000045,0.000004,0.097387,0.000309,0.000005,0.000455,0.117816
67,0.017035,0.000046,0.000006,0.030003,0.000450,0.000009,0.000256,0.047809
73,0.013275,0.000086,0.000007,0.151458,0.000586,0.000009,0.000364,0.165788
72,0.011614,0.000046,0.000007,0.107559,0.000484,0.000010,0.005408,0.125140
69,0.011957,0.000052,0.000006,0.086847,0.000340,0.000004,0.001931,0.101144
80,0.011891,0.000048,0.000005,0.118935,0.000453,0.000010,0.003086,0.134437
69,0.010447,0.000053,0.000005,0.075074,0.000320,0.000005,0.000426,0.086335
64,0.016159,0.000065,0.000006,0.134294,0.000560,0.000009,0.010630,0.161742
73,0.026132,0.000044,0.000005,0.017385,0.000317,0.000005,0.003772,0.047665
70,0.010139,0.000037,0.000005,0.091695,0.000573,0.000011,0.003539,0.106008
66,0.013284,0.000050,0.000005,0.159992,0.000594,0.000010,0.022330,0.196277
70,0.017298,0.000050,0.000004,0.098190,0.000424,0.000006,0.000444,0.116418
62,0.018688,0.000085,0.000013,0.194954,0.000543,0.000008,0.033496,0.247800
68,0.011789,0.000053,0.000004,0.153796,0.000415,0.000010,0.000286,0.166356
81,0.012611,0.000049,0.000005,0.158516,0.000436,0.000009,0.004004,0.175640
74,0.021566,0.000054,0.000007,0.115026,0.000386,0.000006,0.003878,0.140929
65,0.022219,0.000052,0.000005,0.142299,0.000474,0.000010,0.009862,0.174930
71,0.012463,0.000061,0.000010,0.078934,0.000404,0.000005,0.002635,0.094521
74,0.021339,0.000054,0.000005,0.210724,0.000464,0.000008,0.000474,0.233072
63,0.014150,0.000058,0.000005,0.044938,0.000671,0.000013,0.024718,0.084566
64,0.023811,0.000068,0.000009,0.160550,0.000578,0.000009,0.000588,0.185624
71,0.008626,0.000038,0.000003,0.098287,0.000355,0.000005,0.000410,0.107728
75,0.017779,0.000062,0.000005,0.040676,0.000382,0.000006,0.003850,0.062767
76,0.015255,0.000040,0.000004,0.010867,0.000405,0.000006,0.003105,0.029689
67,0.013960,0.000057,0.000005,0.177279,0.000503,0.000007,0.021739,0.213561
69,0.017827,0.000071,0.000006,0.162491,0.000440,0.000011,0.000345,0.181195
82,0.016623,0.000047,0.000005,0.132737,0.000512,0.000011,0.003111,0.153056
72,0.012046,0.000047,0.000006,0.125597,0.000616,0.000012,0.004415,0.142751
66,0.013309,0.000052,0.000005,0.144930,0.000558,0.000008,0.010996,0.169871
72,0.017552,0.000042,0.000004,0.116329,0.000450,0.000010,0.000591,0.134985
75,0.012053,0.000050,0.000004,0.157937,0.000531,0.000011,0.000341,0.170933
83,0.023396,0.000057,0.000005,0.035504,0.000535,0.000012,0.003711,0.063231
77,0.018088,0.000041,0.000004,0.098452,0.000369,0.000006,0.003872,0.120839
70,0.014369,0.000063,0.000006,0.062487,0.000446,0.000008,0.000257,0.077640
78,0.018031,0.000042,0.000004,0.016230,0.000350,0.000004,0.003556,0.038221
73,0.013847,0.000061,0.000008,0.111171,0.000303,0.000005,0.001821,0.127220
65,0.027919,0.000058,0.000006,0.209393,0.000511,0.000009,0.000651,0.238555
73,0.017890,0.000039,0.000004,0.082929,0.000363,0.000004,0.000391,0.101621
67,0.012481,0.000047,0.000005,0.143599,0.000622,0.000008,0.011042,0.167818
76,0.012774,0.000051,0.000004,0.148228,0.000421,0.000008,0.000387,0.161878
68,0.015757,0.000061,0.000005,0.187069,0.000561,0.000010,0.022365,0.225840
71,0.014135,0.000055,0.000005,0.126624,0.000478,0.000008,0.000300,0.141608
74,0.010615,0.000047,0.000007,0.088366,0.000320,0.000004,0.002184,0.101552
84,0.013582,0.000066,0.000008,0.157469,0.000634,0.000013,0.004564,0.176346
68,0.012988,0.000055,0.000005,0.030096,0.000491,0.000010,0.011251,0.054910
79,0.018625,0.000041,0.000004,0.134861,0.000459,0.000010,0.005306,0.159316
75,0.011092,0.000046,0.000005,0.024815,0.000352,0.000005,0.002273,0.038598
76,0.009779,0.000044,0.000007,0.022889,0.000362,0.000004,0.002094,0.035185
74,0.012148,0.000044,0.000005,0.160505,0.000361,0.000006,0.000546,0.173619
80,0.020410,0.000047,0.000005,0.024378,0.000367,0.000005,0.006170,0.051393
66,0.023120,0.000059,0.000005,0.161669,0.000470,0.000009,0.000549,0.185887
72,0.010135,0.000044,0.000004,0.158318,0.000469,0.000010,0.000260,0.169244
85,0.014718,0.000056,0.000006,0.139136,0.000434,0.000011,0.002877,0.157250
67,0.024539,0.000055,0.000005,0.046039,0.000596,0.000024,0.000713,0.071977
77,0.012161,0.000054,0.000005,0.190428,0.000445,0.000008,0.000366,0.203470
69,0.012661,0.000056,0.000005,0.139270,0.000508,0.000008,0.009553,0.162072
69,0.014071,0.000067,0.000005,0.169278,0.000439,0.000008,0.020651,0.204531
73,0.013908,0.000055,0.000005,0.018826,0.000397,0.000008,0.000290,0.033494
77,0.008740,0.000037,0.000005,0.116744,0.000449,0.000010,0.004702,0.130698
75,0.019128,0.000041,0.000004,0.112494,0.000500,0.000011,0.000693,0.132879
81,0.021641,0.000064,0.000007,0.119215,0.000435,0.000007,0.004321,0.145700
78,0.012010,0.000049,0.000006,0.031473,0.000416,0.000009,0.003292,0.047264
64,0.021866,0.000078,0.000008,0.152601,0.000818,0.000011,0.027388,0.202794
86,0.014788,0.000045,0.000004,0.118945,0.000457,0.000011,0.002514,0.136775
79,0.012472,0.000053,0.000006,0.030652,0.000501,0.000010,0.003134,0.046837
68,0.018996,0.000045,0.000006,0.170476,0.000700,0.000017,0.000785,0.191035
87,0.012511,0.000050,0.000004,0.039598,0.000381,0.000006,0.002013,0.054570
78,0.011944,0.000054,0.000004,0.165252,0.000478,0.000009,0.000401,0.178146
74,0.011793,0.000049,0.000005,0.165064,0.000481,0.000009,0.000306,0.177711
76,0.024160,0.000055,0.000005,0.135404,0.000451,0.000010,0.000689,0.160783
70,0.012529,0.000053,0.000004,0.185650,0.000480,0.000010,0.010957,0.209693
70,0.016262,0.000060,0.000004,0.177566,0.000850,0.000019,0.025465,0.220241
65,0.013387,0.000057,0.000005,0.114677,0.000399,0.000007,0.016455,0.144995
69,0.024783,0.000053,0.000006,0.045263,0.000534,0.000014,0.000626,0.071286
82,0.025395,0.000096,0.000012,0.169703,0.000484,0.000009,0.005166,0.200872
88,0.010306,0.000044,0.000004,0.100359,0.000425,0.000006,0.002116,0.113267
80,0.012223,0.000094,0.000013,0.153620,0.000441,0.000009,0.003200,0.169608
77,0.012642,0.000051,0.000004,0.105559,0.000422,0.000007,0.000412,0.119101
83,0.014113,0.000059,0.000006,0.047241,0.000443,0.000007,0.005260,0.067140
79,0.012174,0.000055,0.000006,0.172894,0.000445,0.000008,0.000390,0.185976
71,0.016399,0.000059,0.000004,0.117550,0.000367,0.000004,0.015213,0.149606
66,0.008795,0.000037,0.000004,0.109273,0.000391,0.000005,0.014310,0.132822
71,0.010521,0.000050,0.000005,0.148688,0.000427,0.000007,0.009410,0.169118
75,0.011991,0.000050,0.000006,0.204502,0.000517,0.000010,0.000305,0.217384
89,0.012292,0.000040,0.000004,0.098605,0.000406,0.000005,0.002159,0.113518
80,0.012219,0.000051,0.000005,0.037534,0.000402,0.000007,0.000373,0.050597
78,0.020590,0.000047,0.000005,0.089019,0.000406,0.000005,0.000402,0.110478
70,0.022251,0.000052,0.000006,0.167483,0.000421,0.000006,0.000396,0.190620
72,0.010109,0.000044,0.000004,0.032304,0.000375,0.000004,0.019403,0.062253
81,0.016693,0.000050,0.000007,0.133656,0.000512,0.000010,0.002535,0.153471
67,0.008938,0.000040,0.000004,0.091047,0.000411,0.000006,0.020433,0.120893
84,0.012355,0.000052,0.000005,0.160316,0.000442,0.000010,0.005389,0.178579
72,0.012049,0.000053,0.000005,0.160406,0.000553,0.000008,0.010173,0.183270
68,0.014820,0.000061,0.000006,0.036388,0.000582,0.000010,0.026944,0.078826
76,0.013653,0.000045,0.000007,0.172490,0.000481,0.000008,0.000314,0.187003
81,0.012209,0.000051,0.000005,0.168000,0.000482,0.000007,0.000450,0.181212
90,0.017673,0.000066,0.000007,0.171870,0.000883,0.000024,0.007213,0.197747
79,0.022096,0.000060,0.000006,0.157413,0.000527,0.000012,0.000629,0.180751
73,0.012426,0.000053,0.000006,0.132888,0.000563,0.000009,0.021352,0.167307
82,0.012380,0.000050,0.000006,0.173702,0.000486,0.000011,0.003269,0.189916
69,0.014489,0.000063,0.000005,0.023510,0.000539,0.000013,0.026767,0.065399
64,0.019354,0.000077,0.000013,0.199979,0.000754,0.000010,0.005098,0.225304
77,0.013051,0.000054,0.000005,0.046248,0.000374,0.000004,0.000238,0.059978
64,0.019732,0.000082,0.000011,0.056155,0.000495,0.000005,0.000708,0.077194
71,0.022935,0.000067,0.000005,0.194241,0.000493,0.000008,0.000438,0.218191
85,0.021204,0.000052,0.000006,0.171097,0.000517,0.000024,0.005131,0.198041
73,0.012917,0.000057,0.000006,0.191635,0.000485,0.000008,0.011011,0.216134
80,0.011692,0.000062,0.000005,0.166501,0.000509,0.000010,0.000564,0.179352
82,0.010926,0.000047,0.000004,0.184668,0.000428,0.000008,0.000350,0.196436
91,0.017857,0.000068,0.000007,0.177767,0.000854,0.000029,0.005221,0.201814
65,0.012214,0.000042,0.000006,0.147091,0.000544,0.000009,0.000739,0.160653
74,0.014132,0.000057,0.000007,0.180206,0.000504,0.000010,0.029410,0.224342
83,0.012675,0.000054,0.000007,0.176170,0.000663,0.000017,0.004520,0.194118
70,0.015764,0.000073,0.000006,0.163082,0.000635,0.000013,0.019070,0.198655
65,0.013902,0.000060,0.000005,0.184973,0.000549,0.000011,0.004947,0.204460
81,0.034956,0.000070,0.000007,0.034450,0.000502,0.000010,0.000645,0.070647
66,0.014245,0.000059,0.000005,0.042488,0.000590,0.000011,0.000926,0.058333
84,0.016445,0.000061,0.000010,0.019044,0.000560,0.000011,0.005432,0.041575
64,0.023181,0.000077,0.000006,0.161924,0.001564,0.000027,0.019958,0.206766
78,0.014958,0.000052,0.000006,0.212975,0.000654,0.000027,0.000626,0.229306
72,0.020788,0.000057,0.000006,0.225308,0.000479,0.000011,0.000473,0.247128
86,0.017045,0.000061,0.000005,0.193246,0.000419,0.000008,0.003822,0.214613
67,0.013103,0.000050,0.000004,0.023367,0.000378,0.000005,0.000539,0.037450
79,0.016773,0.000049,0.000005,0.018824,0.000452,0.000011,0.000276,0.036393
83,0.013291,0.000028,0.000003,0.138031,0.000483,0.000007,0.000382,0.152231
74,0.012740,0.000042,0.000005,0.146466,0.000591,0.000011,0.009979,0.169859
80,0.012963,0.000094,0.000010,0.022188,0.000505,0.000011,0.000375,0.036150
71,0.011387,0.000040,0.000005,0.115622,0.000551,0.000009,0.028213,0.155845
92,0.017083,0.000066,0.000007,0.188873,0.000408,0.000007,0.002639,0.209095
84,0.014060,0.000056,0.000005,0.058833,0.000407,0.000007,0.000413,0.073783
82,0.012817,0.000057,0.000005,0.163344,0.000814,0.000026,0.001399,0.178474
64,0.019912,0.000080,0.000008,0.038303,0.000656,0.000013,0.000460,0.059444
66,0.017384,0.000053,0.000006,0.188483,0.000540,0.000010,0.004482,0.210970
85,0.014561,0.000063,0.000007,0.186201,0.000455,0.000009,0.003248,0.204557
73,0.032152,0.000062,0.000007,0.154703,0.000542,0.000007,0.000519,0.187996
87,0.021106,0.000051,0.000006,0.155881,0.000562,0.000011,0.005396,0.183022
65,0.046536,0.000055,0.000005,0.166282,0.000498,0.000009,0.010328,0.223724
74,0.017485,0.000050,0.000006,0.006979,0.000431,0.000005,0.000384,0.025342
81,0.012947,0.000057,0.000005,0.168134,0.000960,0.000024,0.000604,0.182745
68,0.041811,0.000056,0.000005,0.186256,0.000484,0.000009,0.000718,0.229347
75,0.013379,0.000053,0.000005,0.285390,0.000839,0.000007,0.016280,0.316006
75,0.008400,0.000043,0.000006,0.036734,0.000421,0.000005,0.000404,0.046018
75,0.022353,0.000057,0.000005,0.196257,0.001284,0.000029,0.021425,0.241423
93,0.012671,0.000056,0.000005,0.164078,0.000454,0.000009,0.002806,0.180089
66,0.011999,0.000060,0.000006,0.070497,0.000573,0.000011,0.012383,0.095540
76,0.008922,0.000048,0.000005,0.016988,0.000414,0.000005,0.000473,0.026859
76,0.020458,0.000055,0.000012,0.019419,0.000440,0.000006,0.015117,0.055519
72,0.016960,0.000052,0.000004,0.179140,0.000500,0.000008,0.025536,0.222212
65,0.013642,0.000061,0.000004,0.169087,0.000703,0.000010,0.000390,0.183901
83,0.029000,0.000044,0.000005,0.166137,0.000829,0.000027,0.001263,0.197316
88,0.018847,0.000044,0.000006,0.117653,0.000400,0.000005,0.004440,0.141403
85,0.012324,0.000065,0.000006,0.203697,0.000711,0.000011,0.000613,0.217448
67,0.013874,0.000059,0.000007,0.022677,0.000515,0.000009,0.011339,0.048496
77,0.015194,0.000050,0.000003,0.029024,0.000459,0.000007,0.012515,0.057264
77,0.009248,0.000051,0.000005,0.049815,0.000468,0.000005,0.000358,0.059954
67,0.014747,0.000053,0.000004,0.190915,0.000654,0.000011,0.004888,0.211289
82,0.020651,0.000067,0.000007,0.107034,0.000393,0.000005,0.000264,0.128423
86,0.012797,0.000056,0.000007,0.176753,0.000404,0.000006,0.002510,0.192541
78,0.019443,0.000045,0.000003,0.010046,0.000384,0.000005,0.013898,0.043835
89,0.011577,0.000043,0.000005,0.049722,0.000451,0.000006,0.004250,0.066062
78,0.009814,0.000054,0.000008,0.037717,0.000472,0.000006,0.000366,0.048441
87,0.011935,0.000046,0.000007,0.018449,0.000519,0.000010,0.004450,0.035426
69,0.013153,0.000055,0.000004,0.165595,0.000454,0.000009,0.000725,0.180004
79,0.009563,0.000046,0.000004,0.034240,0.000402,0.000005,0.000369,0.044632
90,0.012412,0.000047,0.000005,0.038318,0.000371,0.000004,0.004092,0.055257
84,0.028033,0.000099,0.000008,0.112523,0.000401,0.000007,0.000418,0.141493
80,0.007992,0.000043,0.000005,0.031592,0.000445,0.000004,0.000380,0.040466
94,0.011064,0.000057,0.000005,0.197041,0.000492,0.000009,0.002610,0.211290
85,0.010320,0.000037,0.000004,0.027734,0.000383,0.000005,0.000494,0.038980
86,0.023612,0.000069,0.000008,0.151491,0.000491,0.000009,0.000353,0.176036
76,0.016322,0.000074,0.000005,0.193994,0.000721,0.000019,0.015519,0.226667
83,0.012470,0.000044,0.000005,0.133710,0.000397,0.000006,0.000234,0.146869
73,0.016323,0.000067,0.000007,0.155195,0.000486,0.000010,0.029159,0.201263
66,0.020132,0.000068,0.000005,0.181777,0.000498,0.000010,0.000392,0.202887
81,0.009420,0.000044,0.000006,0.034293,0.000419,0.000004,0.000362,0.044552
79,0.009135,0.000044,0.000004,0.110965,0.001120,0.000027,0.021694,0.143022
68,0.017737,0.000087,0.000011,0.152252,0.000698,0.000012,0.006957,0.177768
68,0.022867,0.000126,0.000016,0.167234,0.000473,0.000010,0.013373,0.204112
86,0.010599,0.000057,0.000005,0.036181,0.000447,0.000005,0.000498,0.047798
88,0.016728,0.000050,0.000009,0.135072,0.000423,0.000006,0.002820,0.155118
77,0.013453,0.000061,0.000006,0.021265,0.000493,0.000008,0.011122,0.046422
95,0.013901,0.000051,0.000005,0.050069,0.001187,0.000028,0.007198,0.072466
82,0.007666,0.000044,0.000006,0.036633,0.000379,0.000004,0.000327,0.045061
70,0.013235,0.000054,0.000006,0.156212,0.001127,0.000021,0.002201,0.172874
91,0.017989,0.000040,0.000004,0.117093,0.000395,0.000006,0.003923,0.139459
67,0.013112,0.000054,0.000006,0.069579,0.000678,0.000018,0.000773,0.084228
69,0.013829,0.000052,0.000004,0.040992,0.000438,0.000006,0.004599,0.059931
96,0.014620,0.000064,0.000008,0.010313,0.000528,0.000013,0.005120,0.030687
83,0.009159,0.000045,0.000006,0.041547,0.000463,0.000005,0.000348,0.051577
87,0.015720,0.000053,0.000005,0.127131,0.000440,0.000005,0.000312,0.143671
87,0.015814,0.000041,0.000006,0.089444,0.000389,0.000005,0.000392,0.106094
80,0.015347,0.000050,0.000005,0.103899,0.000447,0.000008,0.016274,0.136039
84,0.015589,0.000056,0.000006,0.145377,0.000534,0.000007,0.000335,0.161911
89,0.010844,0.000050,0.000008,0.147040,0.000458,0.000007,0.002759,0.161175
74,0.012979,0.000077,0.000009,0.158321,0.000446,0.000008,0.035892,0.207755
69,0.013842,0.000060,0.000006,0.157499,0.000520,0.000008,0.010436,0.182384
71,0.025428,0.000050,0.000007,0.131894,0.000454,0.000008,0.000563,0.158411
78,0.011791,0.000051,0.000005,0.184763,0.000487,0.000008,0.011676,0.208796
97,0.011955,0.000045,0.000004,0.150310,0.000537,0.000011,0.003594,0.166474
68,0.018022,0.000092,0.000010,0.151641,0.000857,0.000022,0.000641,0.171292
72,0.010471,0.000047,0.000004,0.015472,0.000373,0.000009,0.000791,0.027177
88,0.010833,0.000045,0.000003,0.110403,0.000403,0.000009,0.000571,0.122274
92,0.030699,0.000072,0.000006,0.150796,0.000484,0.000009,0.007143,0.189218
70,0.012603,0.000057,0.000005,0.168297,0.000453,0.000017,0.003025,0.184463
90,0.021612,0.000048,0.000006,0.055377,0.001031,0.000027,0.007049,0.085167
89,0.018378,0.000048,0.000005,0.009110,0.000399,0.000008,0.000499,0.028453
84,0.008858,0.000040,0.000005,0.167830,0.001405,0.000012,0.001248,0.179424
85,0.012574,0.000054,0.000009,0.137587,0.000444,0.000006,0.000281,0.150959
88,0.019913,0.000088,0.000009,0.160480,0.000711,0.000010,0.000455,0.181677
81,0.018403,0.000057,0.000006,0.131098,0.000477,0.000006,0.015688,0.165751
93,0.014076,0.000055,0.000006,0.042964,0.000471,0.000009,0.005710,0.063303
75,0.010605,0.000048,0.000005,0.129481,0.000586,0.000012,0.030687,0.171442
82,0.013547,0.000057,0.000006,0.026514,0.000400,0.000005,0.015178,0.055716
70,0.012010,0.000051,0.000004,0.163210,0.000506,0.000009,0.010438,0.186241
98,0.013941,0.000042,0.000005,0.127489,0.000440,0.000007,0.002611,0.144544
86,0.012233,0.000053,0.000006,0.102984,0.000383,0.000005,0.000238,0.115905
69,0.014138,0.000052,0.000005,0.167840,0.000611,0.000011,0.000505,0.183173
73,0.016520,0.000081,0.000011,0.165353,0.000354,0.000007,0.000526,0.182856
90,0.022089,0.000053,0.000004,0.137316,0.000595,0.000009,0.000613,0.160683
91,0.013204,0.000058,0.000008,0.155897,0.000462,0.000009,0.003565,0.173213
71,0.013854,0.000052,0.000004,0.178326,0.000508,0.000008,0.003894,0.196655
79,0.013457,0.000050,0.000005,0.201695,0.000538,0.000010,0.010989,0.226756
85,0.030497,0.000063,0.000008,0.167118,0.000547,0.000009,0.000509,0.198758
91,0.021463,0.000053,0.000004,0.028383,0.000404,0.000009,0.000546,0.050869
72,0.012744,0.000045,0.000005,0.024073,0.000472,0.000006,0.006212,0.043573
89,0.016194,0.000066,0.000006,0.191962,0.000643,0.000011,0.000442,0.209329
94,0.020558,0.000052,0.000006,0.177591,0.000566,0.000011,0.010582,0.209378
76,0.016235,0.000036,0.000004,0.139000,0.000403,0.000007,0.020206,0.175902
83,0.011973,0.000050,0.000005,0.134830,0.000545,0.000011,0.022846,0.170271
99,0.016629,0.000057,0.000007,0.142197,0.000867,0.000026,0.007533,0.167335
87,0.010959,0.000042,0.000004,0.135463,0.000363,0.000006,0.000223,0.147063
71,0.012257,0.000058,0.000004,0.167222,0.000466,0.000007,0.010379,0.190406
70,0.015519,0.000059,0.000006,0.152783,0.000453,0.000010,0.000335,0.169172
77,0.018135,0.000088,0.000009,0.032612,0.000502,0.000010,0.023710,0.075079
72,0.012349,0.000055,0.000007,0.029241,0.000479,0.000007,0.016437,0.058589
74,0.031152,0.000053,0.000005,0.170628,0.000896,0.000017,0.001973,0.204736
80,0.012380,0.000053,0.000005,0.155305,0.000684,0.000016,0.013765,0.182225
73,0.021260,0.000051,0.000006,0.144664,0.000466,0.000007,0.003889,0.170355
92,0.024931,0.000058,0.000006,0.147216,0.000548,0.000011,0.000756,0.173535
92,0.013641,0.000052,0.000007,0.216162,0.000416,0.000006,0.002497,0.232789
75,0.021317,0.000057,0.000006,0.034074,0.000511,0.000009,0.000691,0.056673
86,0.034337,0.000064,0.000006,0.171410,0.000488,0.000009,0.000425,0.206746
88,0.012482,0.000044,0.000004,0.119529,0.000495,0.000012,0.000330,0.132904
90,0.018491,0.000071,0.000007,0.174719,0.000523,0.000010,0.000428,0.194254
95,0.014113,0.000053,0.000006,0.164133,0.000552,0.000009,0.005495,0.184391
76,0.012584,0.000056,0.000007,0.027811,0.000447,0.000010,0.000678,0.041601
89,0.011976,0.000045,0.000004,0.021566,0.000327,0.000004,0.000220,0.034144
84,0.015911,0.000053,0.000004,0.168747,0.000552,0.000011,0.026802,0.212091
78,0.015569,0.000072,0.000007,0.123132,0.000370,0.000005,0.019369,0.158536
100,0.019400,0.000049,0.000005,0.199264,0.000581,0.000013,0.004051,0.223375
71,0.018973,0.000099,0.000010,0.185668,0.000452,0.000009,0.000298,0.205514
93,0.012320,0.000044,0.000007,0.102311,0.000420,0.000009,0.002189,0.117308
73,0.014391,0.000055,0.000007,0.166407,0.000430,0.000009,0.009410,0.190719
74,0.013988,0.000051,0.000007,0.146474,0.000437,0.000008,0.003759,0.164732
90,0.009596,0.000042,0.000006,0.089222,0.000325,0.000004,0.000192,0.099391
81,0.012822,0.000052,0.000005,0.169620,0.000464,0.000008,0.010296,0.193280
93,0.018634,0.000051,0.000005,0.159011,0.000433,0.000008,0.000529,0.178678
75,0.012737,0.000048,0.000006,0.033726,0.000505,0.000008,0.004809,0.051852
77,0.012616,0.000054,0.000005,0.141186,0.000470,0.000009,0.000712,0.155061
94,0.012232,0.000050,0.000005,0.043447,0.000535,0.000011,0.000693,0.056982
87,0.029845,0.000052,0.000005,0.187146,0.000452,0.000009,0.000543,0.218060
82,0.024520,0.000070,0.000008,0.036173,0.000520,0.000008,0.010711,0.072021
94,0.010447,0.000041,0.000007,0.097046,0.000470,0.000010,0.003680,0.111712
85,0.011169,0.000055,0.000004,0.139186,0.000496,0.000008,0.019373,0.170303
91,0.015780,0.000077,0.000008,0.204865,0.000590,0.000010,0.000523,0.221858
96,0.022353,0.000052,0.000007,0.196442,0.000474,0.000011,0.005176,0.224526
79,0.011838,0.000056,0.000007,0.133170,0.000478,0.000007,0.023638,0.169205
101,0.019595,0.000048,0.000004,0.144411,0.000579,0.000013,0.004178,0.168843
83,0.011026,0.000045,0.000005,0.026604,0.000481,0.000009,0.009766,0.047946
91,0.011678,0.000042,0.000004,0.117688,0.000513,0.000008,0.000286,0.130224
72,0.012690,0.000049,0.000005,0.162600,0.000507,0.000011,0.000330,0.176196
92,0.019121,0.000074,0.000008,0.030265,0.000703,0.000019,0.000930,0.051128
80,0.010515,0.000046,0.000005,0.011849,0.000496,0.000007,0.020492,0.043422
74,0.012324,0.000051,0.000005,0.154629,0.000519,0.000009,0.010066,0.177614
88,0.016297,0.000046,0.000006,0.069037,0.000577,0.000012,0.000542,0.086522
84,0.013742,0.000052,0.000008,0.027342,0.000428,0.000009,0.010631,0.052227
93,0.017640,0.000057,0.000006,0.012882,0.000456,0.000010,0.000439,0.031496
92,0.013997,0.000049,0.000004,0.040144,0.000429,0.000007,0.000270,0.054905
78,0.013006,0.000053,0.000005,0.144129,0.000441,0.000009,0.000729,0.158377
95,0.021789,0.000053,0.000006,0.126210,0.000396,0.000006,0.000500,0.148964
76,0.012274,0.000061,0.000005,0.178418,0.000448,0.000008,0.003532,0.194756
79,0.011151,0.000052,0.000005,0.023879,0.000407,0.000008,0.000598,0.036106
97,0.022335,0.000064,0.000005,0.155121,0.000438,0.000007,0.005557,0.183537
95,0.016338,0.000058,0.000006,0.187635,0.000495,0.000006,0.002430,0.206991
86,0.014385,0.000049,0.000004,0.164198,0.000587,0.000010,0.023916,0.203163
73,0.012489,0.000051,0.000004,0.146093,0.000513,0.000010,0.000397,0.159562
93,0.012483,0.000055,0.000005,0.120528,0.000374,0.000006,0.000219,0.133673
75,0.020894,0.000096,0.000009,0.141370,0.000417,0.000008,0.009048,0.171854
96,0.011298,0.000042,0.000006,0.104405,0.000513,0.000005,0.000431,0.116706
81,0.012189,0.000054,0.000005,0.158436,0.000366,0.000005,0.015041,0.186104
94,0.013749,0.000053,0.000005,0.150425,0.000549,0.000008,0.000401,0.165195
102,0.017520,0.000052,0.000005,0.212015,0.000451,0.000007,0.002658,0.232717
97,0.009172,0.000039,0.000004,0.008315,0.000321,0.000004,0.000394,0.018252
89,0.030262,0.000057,0.000006,0.158013,0.000482,0.000010,0.000720,0.189562
85,0.024987,0.000052,0.000005,0.156547,0.001117,0.000036,0.012667,0.195421
76,0.012895,0.000056,0.000005,0.027935,0.000565,0.000013,0.013546,0.055027
98,0.015813,0.000039,0.000004,0.019966,0.000327,0.000005,0.000407,0.036565
96,0.012557,0.000042,0.000007,0.096878,0.000345,0.000005,0.002372,0.112213
80,0.012508,0.000050,0.000005,0.147798,0.000684,0.000014,0.001232,0.162303
103,0.022376,0.000050,0.000005,0.037277,0.000429,0.000010,0.002899,0.063055
77,0.013088,0.000045,0.000006,0.170084,0.000513,0.000008,0.003849,0.187604
86,0.017773,0.000041,0.000004,0.020531,0.000557,0.000011,0.016894,0.055825
94,0.010306,0.000043,0.000006,0.111072,0.000337,0.000004,0.000236,0.122007
77,0.012759,0.000061,0.000005,0.040528,0.000692,0.000016,0.011550,0.065625
98,0.021815,0.000054,0.000006,0.160574,0.000440,0.000009,0.005105,0.188013
74,0.011535,0.000058,0.000005,0.166238,0.000456,0.000012,0.000396,0.178709
87,0.010852,0.000049,0.000004,0.028010,0.000452,0.000008,0.009218,0.048605
87,0.011942,0.000045,0.000004,0.165338,0.000419,0.000031,0.020034,0.197824
82,0.010344,0.000037,0.000006,0.115437,0.000490,0.000008,0.021947,0.148280
95,0.013984,0.000038,0.000004,0.029008,0.000334,0.000007,0.000258,0.043635
97,0.009053,0.000043,0.000009,0.086271,0.000318,0.000004,0.001906,0.097610
99,0.017637,0.000042,0.000005,0.095051,0.000359,0.000005,0.000427,0.113530
90,0.026737,0.000075,0.000008,0.130129,0.000453,0.000007,0.000479,0.157892
88,0.011032,0.000046,0.000005,0.015507,0.000406,0.000007,0.018798,0.045814
83,0.017360,0.000047,0.000006,0.008929,0.000400,0.000008,0.018633,0.045394
95,0.014962,0.000092,0.000005,0.177952,0.000570,0.000015,0.000442,0.194047
81,0.012326,0.000043,0.000004,0.142242,0.000415,0.000007,0.000586,0.155631
104,0.012805,0.000054,0.000006,0.161307,0.000662,0.000013,0.006763,0.181643
84,0.020227,0.000043,0.000005,0.013338,0.000498,0.000011,0.028323,0.062460
78,0.013269,0.000084,0.000004,0.154435,0.000484,0.000010,0.003993,0.172289
89,0.011759,0.000051,0.000005,0.034507,0.000449,0.000006,0.023276,0.070066
75,0.014161,0.000057,0.000005,0.117168,0.000411,0.000005,0.000259,0.132069
96,0.009850,0.000037,0.000004,0.104451,0.000335,0.000006,0.000210,0.114895
100,0.010899,0.000043,0.000005,0.094915,0.000378,0.000004,0.000471,0.106718
98,0.011805,0.000044,0.000008,0.109339,0.000360,0.000004,0.002218,0.123786
99,0.021603,0.000051,0.000005,0.147166,0.000473,0.000008,0.005713,0.175029
105,0.014485,0.000052,0.000005,0.032720,0.000453,0.000008,0.002798,0.050530
78,0.019047,0.000056,0.000007,0.166272,0.000528,0.000009,0.008714,0.194661
91,0.027825,0.000041,0.000005,0.130334,0.000439,0.000008,0.000440,0.159098
106,0.010242,0.000044,0.000003,0.008954,0.000409,0.000011,0.002596,0.022267
85,0.016812,0.000074,0.000006,0.036290,0.000565,0.000008,0.022270,0.076035
88,0.020905,0.000053,0.000006,0.162868,0.000459,0.000010,0.009959,0.194273
76,0.008886,0.000042,0.000004,0.081666,0.000346,0.000006,0.000251,0.091204
96,0.015038,0.000071,0.000008,0.147342,0.000642,0.000012,0.000699,0.163822
107,0.017245,0.000048,0.000004,0.015047,0.000462,0.000009,0.002529,0.035353
101,0.017804,0.000046,0.000005,0.100685,0.000369,0.000006,0.000404,0.119322
82,0.011979,0.000048,0.000004,0.161021,0.000410,0.000009,0.000666,0.174145
77,0.010700,0.000046,0.000004,0.026280,0.000414,0.000007,0.000244,0.037698
99,0.012046,0.000060,0.000005,0.124275,0.000461,0.000009,0.003422,0.140289
78,0.011040,0.000047,0.000004,0.027864,0.000405,0.000006,0.000259,0.039626
79,0.012935,0.000047,0.000006,0.162396,0.000558,0.000007,0.004420,0.180383
97,0.016537,0.000067,0.000006,0.161996,0.000610,0.000016,0.000333,0.179575
102,0.011219,0.000044,0.000005,0.041881,0.000361,0.000004,0.000416,0.053935
90,0.011171,0.000052,0.000006,0.176948,0.000433,0.000008,0.020999,0.209625
79,0.011833,0.000050,0.000004,0.161832,0.000652,0.000010,0.009935,0.184338
100,0.017621,0.000051,0.000005,0.169375,0.000514,0.000011,0.004704,0.192292
98,0.017455,0.000100,0.000011,0.041707,0.000413,0.000009,0.000280,0.059979
97,0.016200,0.000053,0.000005,0.136387,0.000326,0.000004,0.000281,0.153257
89,0.017408,0.000042,0.000006,0.159910,0.000562,0.000008,0.008550,0.186516
86,0.011993,0.000046,0.000004,0.157182,0.000465,0.000007,0.021366,0.191074
108,0.012075,0.000049,0.000005,0.144482,0.000494,0.000010,0.002763,0.159888
92,0.019739,0.000048,0.000005,0.177823,0.000439,0.000006,0.000382,0.198445
99,0.010098,0.000042,0.000004,0.014928,0.000385,0.000006,0.000254,0.025723
91,0.013848,0.000057,0.000006,0.032836,0.000477,0.000010,0.021334,0.068578
100,0.012773,0.000051,0.000007,0.102336,0.000539,0.000012,0.003645,0.119373
103,0.015864,0.000037,0.000004,0.082307,0.000319,0.000004,0.000394,0.098931
79,0.010368,0.000040,0.000004,0.106648,0.000397,0.000006,0.000274,0.117740
83,0.012078,0.000051,0.000005,0.166813,0.000695,0.000009,0.000683,0.180347
101,0.021385,0.000054,0.000006,0.057572,0.000443,0.000005,0.004355,0.083828
90,0.014461,0.000057,0.000007,0.046517,0.000577,0.000009,0.010817,0.072457
80,0.013406,0.000052,0.000005,0.140741,0.000409,0.000005,0.002989,0.157615
109,0.015224,0.000052,0.000006,0.045457,0.000547,0.000012,0.005153,0.066460
92,0.017378,0.000069,0.000007,0.028617,0.000513,0.000010,0.019622,0.066226
101,0.014077,0.000054,0.000009,0.050591,0.000466,0.000009,0.003145,0.068362
98,0.010453,0.000044,0.000003,0.105306,0.000375,0.000004,0.000310,0.116499
93,0.011099,0.000039,0.000005,0.104438,0.000437,0.000007,0.000440,0.116468
110,0.014166,0.000061,0.000007,0.036387,0.000481,0.000012,0.003576,0.054700
104,0.016245,0.000042,0.000005,0.102579,0.000409,0.000008,0.000381,0.119673
80,0.014085,0.000054,0.000007,0.142399,0.000515,0.000007,0.009855,0.166935
102,0.028887,0.000053,0.000007,0.048123,0.000503,0.000011,0.005931,0.083526
80,0.013934,0.000046,0.000005,0.112167,0.000444,0.000007,0.000238,0.126842
105,0.009223,0.000041,0.000005,0.011701,0.000327,0.000004,0.000390,0.021694
94,0.017774,0.000039,0.000004,0.020967,0.000375,0.000005,0.000423,0.039592
100,0.010555,0.000051,0.000004,0.149925,0.000409,0.000008,0.000255,0.161212
81,0.012423,0.000056,0.000005,0.009945,0.000477,0.000012,0.000434,0.023359
87,0.011866,0.000050,0.000006,0.161779,0.000492,0.000010,0.028045,0.202261
84,0.011761,0.000053,0.000007,0.150390,0.000434,0.000009,0.000671,0.163330
101,0.013729,0.000054,0.000006,0.033097,0.000476,0.000009,0.000316,0.047691
102,0.010549,0.000049,0.000007,0.127969,0.000609,0.000014,0.004662,0.143869
99,0.011153,0.000060,0.000005,0.111979,0.000345,0.000004,0.000285,0.123834
82,0.017559,0.000053,0.000005,0.027835,0.000393,0.000007,0.000378,0.046234
85,0.012473,0.000052,0.000005,0.030998,0.000452,0.000009,0.000640,0.044636
95,0.010559,0.000043,0.000005,0.098850,0.000340,0.000004,0.000383,0.110188
100,0.011604,0.000053,0.000004,0.030806,0.000365,0.000006,0.000285,0.043125
81,0.011759,0.000050,0.000006,0.199574,0.000554,0.000008,0.003372,0.215343
93,0.011577,0.000052,0.000005,0.187118,0.000492,0.000010,0.019470,0.218735
91,0.017076,0.000054,0.000006,0.203319,0.000566,0.000007,0.011530,0.232569
111,0.014211,0.000052,0.000005,0.158759,0.000921,0.000030,0.007052,0.181043
82,0.011396,0.000051,0.000006,0.009062,0.000405,0.000007,0.003503,0.024438
81,0.012826,0.000054,0.000004,0.170368,0.000545,0.000008,0.010386,0.194201
106,0.027222,0.000055,0.000005,0.156473,0.000434,0.000009,0.000632,0.184840
103,0.020502,0.000050,0.000006,0.173844,0.000596,0.000008,0.005577,0.200604
83,0.012290,0.000053,0.000005,0.134481,0.000505,0.000013,0.000442,0.147795
88,0.019216,0.000054,0.000003,0.143789,0.000474,0.000008,0.024375,0.187930
82,0.013267,0.000060,0.000006,0.027519,0.000481,0.000007,0.009560,0.050912
96,0.014570,0.000041,0.000005,0.102777,0.000364,0.000006,0.000329,0.118095
107,0.012561,0.000054,0.000005,0.034141,0.000529,0.000010,0.000687,0.047995
102,0.012457,0.000051,0.000005,0.165549,0.000443,0.000009,0.000276,0.178793
101,0.010264,0.000046,0.000004,0.120301,0.000418,0.000006,0.000282,0.131325
103,0.013748,0.000051,0.000007,0.183410,0.000592,0.000010,0.003387,0.201216
86,0.012538,0.000052,0.000004,0.168068,0.000476,0.000010,0.000632,0.181788
97,0.022750,0.000059,0.000007,0.021282,0.000534,0.000011,0.000532,0.045183
108,0.026486,0.000052,0.000005,0.022541,0.000430,0.000009,0.000555,0.050084
87,0.012170,0.000053,0.000004,0.013411,0.000448,0.000007,0.000661,0.026762
83,0.013293,0.000055,0.000004,0.156528,0.000410,0.000009,0.003971,0.174279
94,0.011998,0.000051,0.000004,0.180640,0.000451,0.000008,0.019827,0.212989
112,0.016430,0.000079,0.000009,0.182200,0.000464,0.000010,0.003017,0.202217
92,0.026018,0.000057,0.000007,0.172566,0.000533,0.000008,0.011850,0.211054
84,0.013369,0.000057,0.000006,0.022841,0.000499,0.000008,0.003977,0.040768
102,0.010672,0.000044,0.000004,0.115474,0.000417,0.000006,0.000318,0.126938
84,0.014474,0.000048,0.000005,0.157768,0.000664,0.000011,0.000415,0.173393
89,0.012922,0.000050,0.000005,0.143443,0.000442,0.000007,0.023052,0.179931
104,0.021214,0.000046,0.000007,0.188372,0.000870,0.000023,0.007317,0.217862
103,0.010994,0.000042,0.000005,0.032593,0.000347,0.000004,0.000259,0.044247
83,0.018252,0.000094,0.000012,0.165765,0.000554,0.000010,0.010648,0.195345
103,0.013566,0.000052,0.000006,0.175776,0.000453,0.000009,0.000288,0.190154
109,0.012811,0.000053,0.000005,0.149386,0.000469,0.000008,0.000576,0.163315
84,0.010689,0.000049,0.000004,0.023885,0.000433,0.000009,0.008853,0.043935
88,0.012291,0.000050,0.000005,0.157694,0.000470,0.000008,0.000751,0.171278
104,0.013902,0.000051,0.000007,0.188602,0.000463,0.000009,0.003013,0.206056
104,0.014017,0.000050,0.000006,0.029949,0.000638,0.000018,0.000489,0.045179
98,0.023359,0.000055,0.000006,0.175003,0.000573,0.000010,0.000506,0.199520
89,0.018546,0.000055,0.000007,0.019078,0.000392,0.000004,0.000554,0.038640
113,0.012381,0.000052,0.000006,0.164401,0.000498,0.000011,0.002941,0.180302
99,0.022938,0.000051,0.000005,0.037776,0.000728,0.000011,0.000604,0.062127
85,0.018481,0.000105,0.000014,0.162174,0.000532,0.000007,0.003894,0.185219
114,0.011035,0.000048,0.000006,0.013012,0.000422,0.000008,0.002566,0.027108
95,0.011727,0.000057,0.000004,0.177218,0.000634,0.000010,0.021253,0.210940
104,0.010794,0.000043,0.000004,0.126803,0.000359,0.000005,0.000273,0.138283
85,0.011094,0.000044,0.000005,0.155766,0.000470,0.000010,0.000399,0.167794
90,0.014147,0.000085,0.000006,0.138568,0.000455,0.000010,0.025820,0.179102
93,0.014132,0.000054,0.000010,0.213420,0.000468,0.000009,0.009147,0.237255
105,0.014150,0.000052,0.000006,0.161831,0.000481,0.000009,0.005674,0.182215
115,0.018827,0.000095,0.000014,0.020394,0.000485,0.000010,0.003576,0.043411
100,0.024176,0.000061,0.000010,0.036756,0.000497,0.000010,0.000498,0.062015
90,0.015901,0.000049,0.000006,0.095229,0.000862,0.000014,0.000861,0.112930
110,0.012728,0.000053,0.000005,0.165625,0.000404,0.000007,0.000621,0.179451
94,0.012249,0.000055,0.000005,0.017623,0.000450,0.000009,0.011350,0.041755
105,0.018046,0.000054,0.000007,0.166202,0.000431,0.000011,0.000274,0.185029
105,0.012077,0.000048,0.000005,0.171520,0.000747,0.000012,0.004814,0.189239
106,0.013665,0.000051,0.000005,0.056299,0.000451,0.000010,0.005694,0.076185
111,0.012549,0.000053,0.000005,0.030886,0.000401,0.000009,0.000553,0.044462
91,0.020158,0.000054,0.000006,0.023942,0.000616,0.000011,0.001328,0.046121
85,0.011970,0.000052,0.000005,0.192145,0.000499,0.000009,0.009820,0.214512
105,0.010871,0.000040,0.000005,0.121360,0.000430,0.000009,0.000282,0.133001
92,0.010824,0.000045,0.000005,0.023955,0.000421,0.000007,0.000582,0.035845
86,0.014050,0.000052,0.000005,0.181560,0.000514,0.000008,0.004234,0.200433
106,0.018976,0.000083,0.000005,0.034991,0.000518,0.000007,0.000361,0.054949
86,0.012706,0.000052,0.000005,0.190397,0.000500,0.000009,0.000420,0.204097
91,0.015846,0.000075,0.000008,0.148737,0.000919,0.000026,0.027830,0.193458
116,0.014480,0.000057,0.000005,0.156836,0.000455,0.000011,0.006786,0.178648
106,0.014081,0.000053,0.000005,0.130344,0.000556,0.000012,0.000351,0.145409
96,0.017207,0.000093,0.000011,0.213626,0.000472,0.000008,0.019704,0.251154
101,0.023773,0.000052,0.000007,0.187846,0.000499,0.000011,0.000520,0.212714
95,0.012409,0.000056,0.000006,0.182857,0.000483,0.000008,0.010476,0.206308
112,0.012011,0.000050,0.000005,0.152008,0.000470,0.000005,0.000467,0.165021
93,0.020477,0.000050,0.000005,0.125569,0.000607,0.000012,0.000824,0.147552
117,0.021483,0.000060,0.000007,0.047061,0.000546,0.000012,0.005092,0.074273
106,0.014446,0.000049,0.000006,0.177048,0.000582,0.000011,0.003164,0.195316
102,0.019158,0.000054,0.000006,0.019574,0.000484,0.000010,0.000493,0.039786
86,0.018371,0.000130,0.000016,0.160452,0.000485,0.000010,0.009928,0.189404
107,0.020807,0.000053,0.000006,0.187042,0.000492,0.000009,0.005452,0.213871
107,0.011387,0.000060,0.000005,0.146692,0.000519,0.000006,0.000453,0.159125
87,0.011466,0.000049,0.000006,0.148259,0.000596,0.000012,0.005163,0.165564
118,0.012701,0.000051,0.000005,0.056279,0.000459,0.000008,0.002794,0.072305
87,0.017297,0.000118,0.000015,0.034084,0.000615,0.000014,0.011593,0.063750
87,0.012328,0.000051,0.000005,0.162577,0.000472,0.000011,0.000362,0.175815
92,0.017760,0.000060,0.000007,0.126280,0.000609,0.000011,0.027256,0.171997
113,0.018454,0.000048,0.000005,0.091821,0.000364,0.000005,0.000417,0.111117
108,0.013840,0.000057,0.000004,0.034822,0.000519,0.000006,0.000420,0.049671
88,0.014370,0.000052,0.000005,0.017412,0.000850,0.000026,0.000645,0.033366
93,0.013843,0.000061,0.000006,0.010883,0.000526,0.000013,0.022826,0.048171
107,0.018204,0.000055,0.000007,0.169567,0.000461,0.000010,0.000288,0.188596
88,0.017195,0.000073,0.000007,0.034786,0.000461,0.000009,0.009856,0.062400
97,0.011517,0.000050,0.000004,0.161503,0.000504,0.000008,0.018972,0.192569
96,0.013549,0.000053,0.000005,0.148402,0.000554,0.000012,0.010220,0.172805
103,0.023350,0.000063,0.000007,0.125002,0.000341,0.000004,0.000303,0.149074
94,0.017803,0.000055,0.000006,0.166047,0.000498,0.000007,0.000710,0.185132
107,0.018103,0.000076,0.000013,0.161050,0.000555,0.000013,0.004028,0.183849
108,0.011547,0.000046,0.000005,0.034725,0.000427,0.000008,0.000243,0.047006
114,0.010542,0.000043,0.000004,0.103189,0.000376,0.000005,0.000449,0.114610
95,0.011347,0.000047,0.000005,0.009372,0.000427,0.000009,0.000625,0.021839
109,0.013298,0.000058,0.000005,0.098348,0.000411,0.000005,0.000286,0.112415
108,0.022565,0.000054,0.000009,0.169772,0.000479,0.000008,0.010063,0.202966
98,0.012132,0.000051,0.000005,0.041195,0.000500,0.000007,0.022838,0.076739
119,0.012322,0.000051,0.000005,0.135494,0.000445,0.000006,0.002034,0.150366
88,0.030401,0.000054,0.000005,0.152116,0.000613,0.000012,0.004670,0.187882
96,0.020345,0.000047,0.000004,0.012499,0.000415,0.000010,0.000630,0.033958
104,0.015399,0.000042,0.000007,0.101396,0.000429,0.000005,0.000324,0.117604
97,0.011288,0.000045,0.000005,0.105815,0.000382,0.000005,0.007391,0.124942
89,0.012885,0.000050,0.000005,0.155290,0.000579,0.000014,0.000515,0.169347
97,0.019800,0.000117,0.000015,0.036253,0.000518,0.000011,0.014725,0.071451
110,0.011390,0.000044,0.000003,0.088604,0.000339,0.000005,0.000320,0.100708
94,0.016180,0.000082,0.000007,0.157735,0.000583,0.000009,0.023079,0.197685
89,0.012213,0.000051,0.000005,0.164361,0.001009,0.000026,0.013813,0.191493
115,0.015266,0.000039,0.000003,0.132640,0.000442,0.000010,0.000540,0.148948
98,0.012537,0.000046,0.000004,0.092098,0.000369,0.000007,0.008314,0.113385
109,0.014203,0.000053,0.000008,0.190147,0.000502,0.000011,0.000290,0.205218
105,0.018769,0.000041,0.000006,0.101406,0.000362,0.000004,0.000340,0.120931
108,0.024055,0.000047,0.000007,0.181868,0.000459,0.000011,0.003886,0.210344
120,0.013311,0.000056,0.000006,0.167451,0.000508,0.000011,0.002960,0.184317
109,0.025884,0.000057,0.000008,0.155630,0.000477,0.000009,0.005238,0.187314
99,0.011821,0.000056,0.000005,0.180558,0.000423,0.000007,0.018175,0.211056
90,0.013798,0.000084,0.000011,0.140055,0.000455,0.000008,0.000327,0.154744
109,0.014629,0.000056,0.000009,0.023715,0.000506,0.000012,0.003947,0.042886
89,0.013723,0.000057,0.000006,0.190226,0.000577,0.000012,0.006493,0.211107
111,0.010942,0.000048,0.000004,0.148253,0.000519,0.000010,0.000426,0.160208
91,0.018984,0.000106,0.000013,0.019429,0.000552,0.000014,0.000398,0.039503
98,0.018719,0.000067,0.000009,0.149418,0.000402,0.000012,0.000709,0.169343
90,0.016032,0.000066,0.000007,0.024116,0.000450,0.000007,0.003653,0.044343
110,0.016556,0.000056,0.000006,0.035362,0.000472,0.000010,0.003227,0.055700
100,0.011850,0.000055,0.000005,0.034746,0.000441,0.000008,0.020518,0.067630
99,0.011609,0.000042,0.000005,0.101072,0.000378,0.000006,0.008101,0.121224
91,0.011391,0.000051,0.000006,0.008933,0.000409,0.000007,0.003502,0.024306
95,0.021907,0.000092,0.000009,0.152765,0.000473,0.000007,0.023894,0.199157
90,0.020521,0.000057,0.000004,0.163101,0.000474,0.000010,0.010519,0.194696
106,0.019195,0.000043,0.000004,0.128069,0.000446,0.000007,0.000437,0.148205
116,0.028297,0.000045,0.000005,0.164655,0.000456,0.000009,0.000570,0.194043
100,0.009293,0.000038,0.000006,0.022361,0.000360,0.000004,0.007220,0.039290
64,0.019498,0.000225,0.000024,0.047978,0.000821,0.000012,0.002106,0.070685
121,0.013030,0.000063,0.000006,0.168423,0.000435,0.000009,0.002843,0.184818
110,0.014773,0.000054,0.000005,0.207079,0.000534,0.000011,0.000306,0.222766
65,0.014081,0.000054,0.000006,0.033631,0.000404,0.000005,0.001332,0.049521
122,0.010669,0.000048,0.000006,0.016201,0.000426,0.000008,0.002545,0.029915
110,0.027069,0.000054,0.000006,0.181183,0.000484,0.000009,0.006229,0.215046
99,0.018445,0.000048,0.000005,0.131451,0.000483,0.000008,0.000664,0.151109
112,0.013113,0.000073,0.000007,0.166705,0.000535,0.000010,0.000424,0.180872
107,0.019087,0.000045,0.000009,0.121689,0.000448,0.000008,0.000452,0.141741
111,0.019152,0.000070,0.000011,0.165368,0.000500,0.000013,0.003252,0.188377
111,0.023649,0.000059,0.000009,0.026668,0.000361,0.000005,0.005407,0.056164
92,0.018461,0.000062,0.000005,0.195188,0.000546,0.000012,0.000439,0.214721
101,0.014039,0.000053,0.000005,0.157700,0.000490,0.000010,0.027215,0.199535
101,0.009855,0.000041,0.000006,0.139032,0.000398,0.000007,0.007951,0.157296
91,0.012237,0.000053,0.000005,0.167047,0.000471,0.000007,0.010353,0.190187
66,0.009809,0.000040,0.000005,0.095190,0.000396,0.000004,0.001228,0.106681
96,0.014428,0.000050,0.000005,0.156128,0.000500,0.000008,0.030124,0.201254
117,0.020449,0.000099,0.000014,0.166391,0.000524,0.000010,0.000636,0.188134
92,0.013293,0.000057,0.000005,0.205409,0.000601,0.000010,0.007350,0.226743
123,0.029846,0.000053,0.000007,0.134448,0.000483,0.000010,0.002710,0.167570
93,0.014639,0.000056,0.000005,0.034801,0.000534,0.000009,0.004108,0.054164
111,0.014243,0.000053,0.000004,0.173355,0.000455,0.000009,0.000289,0.188412
100,0.023127,0.000105,0.000014,0.166970,0.000562,0.000015,0.000803,0.191603
112,0.012821,0.000067,0.000009,0.128558,0.000667,0.000012,0.006079,0.148222
94,0.012696,0.000059,0.000006,0.028263,0.000565,0.000008,0.003924,0.045529
67,0.011636,0.000041,0.000005,0.112261,0.000523,0.000006,0.001696,0.126178
102,0.013718,0.000062,0.000006,0.125217,0.000415,0.000006,0.011124,0.150558
112,0.014704,0.000048,0.000007,0.155070,0.000426,0.000008,0.002843,0.173117
113,0.015976,0.000065,0.000006,0.209995,0.000575,0.000011,0.000536,0.227171
93,0.018719,0.000062,0.000005,0.177050,0.000501,0.000008,0.000383,0.196732
95,0.012385,0.000052,0.000005,0.029578,0.000520,0.000010,0.003901,0.046462
108,0.025387,0.000059,0.000007,0.196239,0.000541,0.000011,0.000549,0.222802
68,0.012685,0.000142,0.000016,0.038210,0.000652,0.000013,0.002046,0.053775
94,0.010798,0.000049,0.000006,0.009288,0.000449,0.000008,0.000360,0.020963
118,0.021172,0.000053,0.000004,0.166793,0.000503,0.000009,0.000640,0.189181
97,0.014427,0.000075,0.000007,0.154386,0.000518,0.000025,0.038121,0.207574
102,0.031508,0.000056,0.000005,0.189743,0.000480,0.000008,0.020845,0.242654
92,0.018781,0.000054,0.000005,0.207539,0.000523,0.000008,0.010028,0.236949
113,0.012236,0.000042,0.000005,0.113439,0.000441,0.000005,0.003675,0.129851
101,0.018484,0.000063,0.000007,0.154305,0.000610,0.000009,0.000744,0.174229
124,0.021670,0.000073,0.000005,0.185088,0.000460,0.000010,0.002915,0.210231
112,0.022394,0.000107,0.000015,0.182991,0.000596,0.000011,0.000381,0.206503
114,0.012916,0.000046,0.000004,0.129500,0.000421,0.000008,0.000317,0.143216
98,0.014774,0.000057,0.000005,0.056369,0.000463,0.000010,0.024406,0.096093
103,0.010401,0.000036,0.000004,0.153547,0.000486,0.000009,0.009528,0.174023
125,0.012374,0.000050,0.000005,0.017113,0.000475,0.000009,0.002746,0.032783
102,0.014138,0.000061,0.000005,0.035853,0.000644,0.000013,0.001234,0.051958
109,0.020741,0.000047,0.000005,0.135399,0.000589,0.000010,0.000574,0.157373
96,0.011014,0.000047,0.000006,0.159488,0.000457,0.000008,0.003452,0.174482
113,0.013850,0.000053,0.000007,0.192546,0.000497,0.000012,0.003394,0.210369
69,0.022263,0.000053,0.000006,0.150911,0.000434,0.000005,0.001236,0.174913
99,0.012684,0.000070,0.000005,0.034871,0.000460,0.000009,0.023505,0.071616
119,0.020854,0.000052,0.000006,0.175788,0.000424,0.000009,0.000616,0.197757
95,0.015144,0.000085,0.000007,0.203193,0.000573,0.000011,0.000396,0.219415
114,0.018255,0.000046,0.000004,0.156826,0.000477,0.000006,0.004927,0.180551
93,0.012338,0.000052,0.000006,0.194698,0.000729,0.000010,0.010710,0.218568
115,0.011381,0.000045,0.000005,0.140308,0.000500,0.000008,0.000393,0.152649
103,0.012282,0.000049,0.000006,0.207845,0.000497,0.000011,0.028383,0.249089
113,0.018872,0.000061,0.000006,0.169502,0.000622,0.000014,0.000387,0.189474
70,0.010497,0.000042,0.000040,0.112881,0.000578,0.000009,0.001969,0.126023
116,0.010922,0.000052,0.000006,0.016682,0.000392,0.000008,0.000330,0.028395
104,0.025327,0.000048,0.000011,0.148175,0.000467,0.000011,0.010162,0.184211
103,0.014892,0.000051,0.000006,0.156217,0.000560,0.000013,0.001267,0.173020
94,0.014209,0.000070,0.000007,0.030919,0.000522,0.000008,0.010291,0.056038
126,0.012855,0.000054,0.000005,0.182017,0.000501,0.000010,0.002788,0.198237
105,0.010967,0.000054,0.000007,0.009672,0.000451,0.000007,0.011505,0.032675
110,0.029616,0.000048,0.000006,0.160221,0.000488,0.000009,0.000468,0.190862
114,0.015001,0.000055,0.000007,0.174618,0.000557,0.000010,0.003153,0.193408
71,0.012877,0.000052,0.000006,0.045076,0.000500,0.000007,0.001944,0.060472
97,0.012830,0.000047,0.000004,0.185745,0.000680,0.000010,0.004679,0.204005
100,0.011189,0.000066,0.000004,0.130158,0.000480,0.000010,0.021023,0.162941
120,0.012704,0.000054,0.000004,0.184003,0.000659,0.000016,0.001206,0.198656
115,0.013671,0.000063,0.000006,0.148689,0.000482,0.000007,0.005807,0.168735
115,0.013308,0.000057,0.000006,0.035592,0.000504,0.000007,0.003159,0.052643
111,0.029310,0.000074,0.000008,0.047337,0.000697,0.000010,0.000533,0.077976
96,0.014741,0.000065,0.000006,0.199034,0.000521,0.000012,0.000403,0.214788
114,0.017072,0.000086,0.000011,0.148397,0.000499,0.000009,0.000245,0.166324
117,0.014404,0.000060,0.000005,0.143633,0.000513,0.000012,0.000371,0.159003
97,0.016598,0.000058,0.000004,0.015159,0.000565,0.000012,0.000428,0.032829
104,0.016309,0.000048,0.000006,0.141570,0.000464,0.000008,0.000986,0.159399
116,0.012387,0.000061,0.000006,0.058623,0.001094,0.000029,0.007164,0.079375
95,0.015673,0.000100,0.000008,0.142642,0.000483,0.000009,0.010549,0.169476
112,0.028255,0.000052,0.000007,0.035968,0.000615,0.000011,0.000610,0.065528
104,0.014475,0.000059,0.000006,0.192940,0.000400,0.000005,0.015525,0.223420
106,0.013388,0.000055,0.000005,0.163294,0.000499,0.000010,0.022988,0.200279
98,0.012486,0.000054,0.000005,0.173481,0.000532,0.000009,0.004024,0.190603
127,0.017780,0.000069,0.000008,0.215421,0.000549,0.000010,0.003239,0.237087
72,0.018051,0.000072,0.000009,0.189984,0.000639,0.000011,0.002127,0.210903
121,0.021893,0.000051,0.000005,0.162631,0.000486,0.000008,0.000623,0.185705
101,0.019739,0.000071,0.000007,0.167325,0.000482,0.000008,0.038590,0.226237
117,0.015137,0.000062,0.000007,0.083611,0.000554,0.000012,0.004414,0.103808
116,0.021811,0.000061,0.000006,0.163039,0.001200,0.000029,0.005876,0.192034
118,0.013526,0.000052,0.000004,0.134560,0.000453,0.000008,0.000307,0.148914
105,0.010417,0.000041,0.000005,0.094091,0.000364,0.000005,0.015552,0.120485
107,0.021718,0.000078,0.000007,0.043624,0.001294,0.000027,0.016348,0.083108
122,0.012517,0.000060,0.000006,0.034793,0.000489,0.000010,0.000657,0.048538
118,0.018473,0.000060,0.000006,0.039091,0.000510,0.000009,0.003616,0.061777
105,0.014732,0.000056,0.000007,0.174952,0.000537,0.000013,0.000806,0.191112
108,0.011415,0.000050,0.000006,0.009893,0.000465,0.000008,0.010892,0.032743
115,0.021866,0.000058,0.000006,0.189671,0.001042,0.000022,0.000762,0.213447
98,0.013449,0.000042,0.000004,0.185656,0.000790,0.000017,0.000607,0.200579
96,0.012421,0.000059,0.000005,0.162309,0.000529,0.000010,0.010492,0.185839
113,0.029334,0.000053,0.000005,0.157899,0.000563,0.000012,0.000587,0.188461
116,0.013235,0.000060,0.000008,0.021838,0.000508,0.000012,0.000290,0.035955
109,0.017786,0.000071,0.000006,0.010882,0.000467,0.000007,0.010314,0.039545
99,0.012436,0.000052,0.000006,0.030885,0.000454,0.000007,0.000354,0.044197
99,0.012989,0.000053,0.000006,0.166306,0.000530,0.000010,0.003969,0.183874
110,0.018238,0.000050,0.000006,0.015064,0.000457,0.000009,0.009633,0.043469
117,0.015625,0.000064,0.000008,0.150375,0.000431,0.000006,0.003867,0.170383
106,0.009202,0.000040,0.000004,0.125991,0.000428,0.000007,0.014682,0.150364
119,0.011099,0.000051,0.000006,0.170514,0.000502,0.000008,0.000386,0.182572
73,0.039638,0.000118,0.000019,0.190914,0.000491,0.000008,0.001572,0.232769
102,0.018606,0.000090,0.000010,0.178960,0.000492,0.000008,0.024288,0.222465
123,0.012887,0.000057,0.000006,0.169399,0.000436,0.000008,0.000633,0.183435
120,0.011040,0.000050,0.000007,0.018420,0.000466,0.000010,0.000361,0.030359
106,0.011313,0.000043,0.000005,0.147811,0.000466,0.000008,0.000625,0.160278
119,0.011105,0.000052,0.000008,0.159458,0.000476,0.000012,0.005337,0.176467
107,0.010119,0.000040,0.000006,0.014664,0.000318,0.000005,0.032735,0.057898
97,0.011975,0.000054,0.000004,0.160202,0.000473,0.000007,0.009958,0.182685
121,0.011511,0.000052,0.000006,0.020372,0.000787,0.000024,0.000813,0.033574
114,0.025636,0.000049,0.000005,0.149833,0.000419,0.000010,0.000474,0.176432
100,0.012551,0.000054,0.000005,0.158326,0.000491,0.000013,0.000414,0.171859
117,0.018435,0.000089,0.000013,0.175884,0.000865,0.000023,0.000697,0.196017
118,0.023201,0.000061,0.000007,0.132753,0.000467,0.000006,0.005242,0.161750
100,0.011983,0.000050,0.000006,0.192510,0.000446,0.000009,0.004043,0.209056
111,0.012768,0.000056,0.000006,0.170695,0.000452,0.000010,0.010914,0.194910
74,0.010826,0.000044,0.000006,0.161267,0.000549,0.000009,0.002400,0.175118
103,0.011500,0.000053,0.000005,0.152176,0.000433,0.000007,0.016234,0.180422
120,0.015059,0.000049,0.000008,0.156390,0.000457,0.000008,0.003231,0.175213
124,0.012624,0.000057,0.000004,0.182707,0.000529,0.000013,0.000686,0.196630
119,0.024657,0.000061,0.000007,0.053739,0.000972,0.000023,0.010679,0.090151
107,0.012032,0.000058,0.000005,0.184449,0.000522,0.000010,0.000633,0.197719
98,0.010745,0.000052,0.000005,0.158747,0.000500,0.000008,0.009009,0.179077
122,0.018072,0.000090,0.000010,0.165370,0.000486,0.000012,0.000389,0.184434
108,0.011333,0.000060,0.000007,0.168114,0.001102,0.000024,0.021021,0.201675
115,0.024631,0.000057,0.000006,0.182406,0.000479,0.000009,0.000527,0.208120
101,0.012820,0.000056,0.000006,0.174611,0.000471,0.000009,0.000352,0.188328
118,0.012448,0.000052,0.000006,0.177123,0.000476,0.000008,0.000266,0.190381
99,0.013361,0.000060,0.000004,0.034577,0.000502,0.000010,0.010060,0.058584
75,0.018681,0.000090,0.000012,0.111716,0.000355,0.000005,0.001206,0.132071
116,0.022630,0.000055,0.000006,0.036775,0.000514,0.000012,0.000501,0.060500
104,0.014774,0.000058,0.000006,0.104283,0.000384,0.000005,0.022603,0.142126
101,0.012502,0.000051,0.000006,0.175787,0.000727,0.000017,0.004747,0.193846
112,0.022774,0.000056,0.000005,0.170092,0.001238,0.000026,0.016733,0.210933
102,0.012399,0.000055,0.000006,0.027803,0.000498,0.000008,0.003840,0.044620
117,0.024304,0.000051,0.000006,0.024238,0.000637,0.000009,0.000510,0.049770
125,0.017196,0.000053,0.000006,0.155525,0.000475,0.000010,0.000638,0.173911
121,0.016995,0.000058,0.000008,0.160375,0.000420,0.000007,0.002834,0.180706
108,0.012360,0.000052,0.000004,0.170587,0.000701,0.000015,0.001367,0.185095
103,0.010252,0.000048,0.000005,0.024412,0.000455,0.000008,0.003392,0.038583
123,0.015167,0.000063,0.000006,0.169215,0.000547,0.000012,0.000437,0.185452
118,0.018496,0.000057,0.000007,0.034424,0.000539,0.000011,0.000498,0.054040
120,0.024233,0.000058,0.000007,0.189631,0.000513,0.000011,0.005820,0.220283
109,0.015876,0.000071,0.000008,0.139555,0.000464,0.000007,0.027941,0.183934
102,0.012800,0.000055,0.000004,0.157235,0.000432,0.000009,0.000355,0.170895
76,0.009617,0.000040,0.000006,0.129786,0.000329,0.000004,0.001144,0.140931
119,0.014101,0.000049,0.000006,0.170566,0.000931,0.000021,0.000694,0.186379
100,0.012302,0.000051,0.000007,0.170790,0.000460,0.000011,0.009854,0.193488
121,0.021920,0.000055,0.000007,0.019874,0.000541,0.000012,0.005543,0.047963
101,0.012242,0.000056,0.000007,0.018051,0.000561,0.000010,0.010802,0.041741
105,0.022720,0.000058,0.000006,0.169980,0.000568,0.000010,0.019994,0.213344
77,0.013971,0.000066,0.000005,0.087778,0.000387,0.000004,0.001314,0.103531
126,0.027989,0.000089,0.000009,0.144625,0.001048,0.000031,0.001675,0.175479
122,0.011833,0.000039,0.000007,0.168802,0.000503,0.000016,0.003660,0.184869
113,0.029756,0.000051,0.000005,0.175873,0.000498,0.000009,0.012840,0.219044
102,0.012462,0.000061,0.000005,0.036396,0.000499,0.000009,0.010243,0.059687
120,0.011428,0.000047,0.000005,0.099544,0.000347,0.000004,0.000215,0.111592
109,0.012990,0.000053,0.000004,0.171844,0.000627,0.000016,0.000649,0.186192
121,0.011016,0.000053,0.000005,0.019753,0.000446,0.000007,0.000280,0.031561
104,0.012500,0.000056,0.000007,0.185769,0.000897,0.000031,0.007592,0.206872
119,0.021643,0.000057,0.000006,0.183186,0.000709,0.000011,0.000577,0.206195
103,0.012371,0.000056,0.000006,0.194191,0.000496,0.000008,0.000378,0.207514
105,0.012681,0.000050,0.000005,0.013259,0.000428,0.000008,0.004726,0.031169
78,0.009526,0.000038,0.000006,0.098208,0.000528,0.000013,0.001670,0.109997
122,0.020270,0.000051,0.000007,0.157027,0.000423,0.000008,0.005035,0.182831
124,0.014584,0.000062,0.000007,0.229522,0.000541,0.000011,0.000422,0.245158
110,0.011996,0.000051,0.000006,0.212431,0.000901,0.000011,0.019973,0.245416
106,0.010638,0.000044,0.000004,0.137996,0.000805,0.000024,0.029541,0.179068
111,0.013159,0.000066,0.000013,0.024693,0.000473,0.000008,0.016980,0.055404
127,0.028821,0.000051,0.000005,0.161553,0.000507,0.000009,0.000587,0.191538
122,0.012669,0.000053,0.000005,0.119324,0.000396,0.000006,0.000213,0.132667
110,0.019522,0.000044,0.000005,0.145450,0.000468,0.000009,0.000650,0.166157
103,0.012400,0.000057,0.000006,0.166484,0.000436,0.000008,0.009862,0.189267
123,0.029487,0.000055,0.000007,0.171210,0.001089,0.000027,0.008221,0.210108
114,0.013422,0.000060,0.000008,0.200774,0.000553,0.000013,0.011828,0.226672
104,0.010399,0.000055,0.000005,0.008870,0.000463,0.000010,0.010884,0.030707
106,0.012567,0.000051,0.000005,0.149094,0.000422,0.000006,0.003074,0.165226
120,0.025551,0.000057,0.000006,0.159345,0.000889,0.000016,0.000511,0.186384
104,0.010904,0.000049,0.000008,0.150048,0.000380,0.000008,0.014955,0.176369
79,0.013748,0.000051,0.000006,0.158326,0.000332,0.000004,0.001254,0.173730
125,0.016935,0.000072,0.000009,0.149553,0.000549,0.000010,0.000422,0.167557
128,0.019338,0.000071,0.000007,0.175696,0.000572,0.000011,0.003125,0.198830
107,0.010969,0.000041,0.000005,0.024357,0.000333,0.000005,0.002923,0.038638
107,0.013064,0.000055,0.000007,0.127122,0.000499,0.000008,0.017438,0.158205
123,0.031817,0.000096,0.000011,0.176447,0.000642,0.000023,0.011627,0.220673
108,0.014374,0.000052,0.000006,0.019136,0.000901,0.000022,0.006059,0.040561
126,0.016150,0.000065,0.000004,0.045472,0.000998,0.000014,0.000730,0.063454
121,0.030924,0.000052,0.000005,0.048878,0.000417,0.000005,0.000360,0.080644
112,0.012410,0.000060,0.000005,0.163703,0.000420,0.000007,0.019423,0.196042
123,0.015409,0.000096,0.000015,0.167403,0.000482,0.000010,0.000309,0.183728
111,0.012341,0.000049,0.000005,0.174105,0.000595,0.000010,0.000691,0.187810
80,0.010518,0.000044,0.000005,0.095115,0.000461,0.000007,0.001769,0.107928
122,0.008192,0.000051,0.000007,0.028123,0.000408,0.000006,0.000346,0.037136
109,0.012282,0.000049,0.000005,0.037356,0.000630,0.000008,0.003775,0.054128
115,0.016339,0.000059,0.000006,0.138628,0.000481,0.000009,0.013414,0.168953
124,0.015074,0.000053,0.000007,0.169001,0.000384,0.000004,0.003083,0.187615
105,0.012634,0.000059,0.000005,0.135440,0.000346,0.000005,0.000260,0.148750
105,0.012197,0.000052,0.000005,0.148919,0.000575,0.000011,0.010952,0.172721
124,0.014182,0.000056,0.000005,0.030547,0.000528,0.000011,0.000233,0.045565
123,0.007943,0.000039,0.000005,0.028365,0.000373,0.000005,0.000307,0.037041
108,0.009621,0.000039,0.000005,0.101548,0.000349,0.000005,0.015312,0.126888
125,0.010499,0.000051,0.000006,0.016122,0.000399,0.000008,0.002585,0.029680
124,0.031158,0.000058,0.000004,0.028580,0.000443,0.000005,0.000407,0.060657
129,0.017879,0.000088,0.000013,0.168551,0.000489,0.000009,0.002513,0.189551
109,0.011067,0.000046,0.000005,0.015513,0.000380,0.000005,0.024027,0.051051
112,0.012872,0.000052,0.000007,0.106721,0.000371,0.000005,0.000865,0.120906
81,0.013445,0.000061,0.000006,0.103955,0.000456,0.000007,0.001667,0.119606
127,0.015363,0.000052,0.000005,0.157824,0.000545,0.000010,0.000488,0.174294
124,0.024490,0.000050,0.000007,0.169953,0.001093,0.000028,0.010777,0.206409
125,0.008572,0.000040,0.000006,0.032185,0.000398,0.000006,0.000299,0.041510
113,0.012577,0.000055,0.000006,0.027256,0.000431,0.000006,0.000674,0.041009
113,0.011908,0.000052,0.000005,0.152182,0.000486,0.000007,0.012340,0.176987
106,0.013811,0.000056,0.000007,0.109364,0.000385,0.000005,0.007247,0.130883
125,0.014571,0.000057,0.000007,0.134113,0.000330,0.000005,0.000226,0.149311
110,0.013152,0.000050,0.000008,0.160309,0.000496,0.000009,0.003771,0.177806
126,0.009373,0.000041,0.000005,0.032904,0.000431,0.000005,0.000317,0.043079
114,0.010679,0.000057,0.000006,0.009955,0.000390,0.000004,0.009550,0.030651
116,0.014969,0.000058,0.000007,0.144834,0.000504,0.000009,0.010746,0.171140
126,0.009203,0.000040,0.000004,0.013220,0.000303,0.000005,0.000193,0.022970
106,0.015319,0.000069,0.000004,0.182584,0.000463,0.000010,0.000320,0.198772
110,0.010340,0.000041,0.000005,0.096549,0.000343,0.000004,0.015964,0.123255
125,0.023137,0.000054,0.000007,0.061997,0.000426,0.000010,0.005246,0.090891
127,0.010689,0.000039,0.000005,0.035688,0.000345,0.000005,0.000319,0.047093
127,0.010126,0.000039,0.000004,0.014550,0.000300,0.000004,0.000191,0.025217
126,0.012464,0.000051,0.000007,0.164057,0.000839,0.000019,0.006354,0.183804
82,0.013206,0.000047,0.000006,0.109006,0.000328,0.000006,0.001077,0.123681
115,0.008885,0.000041,0.000003,0.037781,0.000366,0.000005,0.008153,0.055242
117,0.019598,0.000052,0.000006,0.021368,0.000474,0.000008,0.013815,0.055333
107,0.015614,0.000044,0.000006,0.008505,0.000389,0.000007,0.000284,0.024850
130,0.012315,0.000051,0.000006,0.143338,0.000433,0.000009,0.002146,0.158307
114,0.011321,0.000046,0.000005,0.094024,0.000436,0.000005,0.000470,0.106309
83,0.010254,0.000039,0.000006,0.017671,0.000325,0.000004,0.001182,0.029487
116,0.009149,0.000043,0.000005,0.024651,0.000407,0.000007,0.007421,0.041691
131,0.011740,0.000044,0.000005,0.015759,0.000412,0.000010,0.002300,0.030279
107,0.011416,0.000043,0.000004,0.105540,0.000387,0.000006,0.007066,0.124467
117,0.011634,0.000058,0.000006,0.027910,0.000414,0.000006,0.007008,0.047043
111,0.011131,0.000040,0.000003,0.082623,0.000330,0.000005,0.019283,0.113423
84,0.008651,0.000038,0.000005,0.084370,0.000331,0.000004,0.001095,0.094499
115,0.010631,0.000043,0.000004,0.094375,0.000357,0.000005,0.000470,0.105888
118,0.008292,0.000043,0.000004,0.012557,0.000379,0.000005,0.007254,0.028542
111,0.012177,0.000048,0.000005,0.168025,0.000455,0.000010,0.003480,0.184208
126,0.020003,0.000047,0.000006,0.118981,0.000356,0.000006,0.003334,0.142739
108,0.008576,0.000045,0.000005,0.079067,0.000321,0.000004,0.006524,0.094549
127,0.011784,0.000054,0.000008,0.144128,0.000370,0.000006,0.003096,0.159455
118,0.013891,0.000044,0.000005,0.129026,0.000570,0.000021,0.014259,0.157827
108,0.010921,0.000043,0.000005,0.145234,0.000597,0.000009,0.000384,0.157203
119,0.008910,0.000045,0.000005,0.023140,0.000403,0.000004,0.006832,0.039349
127,0.010412,0.000035,0.000005,0.032685,0.000380,0.000006,0.003662,0.047190
132,0.011593,0.000043,0.000004,0.142981,0.000420,0.000010,0.002242,0.157302
120,0.009109,0.000053,0.000004,0.026815,0.000379,0.000005,0.013020,0.049394
112,0.009729,0.000039,0.000005,0.096213,0.000347,0.000004,0.014910,0.121257
116,0.008408,0.000041,0.000004,0.099059,0.000327,0.000006,0.000504,0.108351
85,0.010309,0.000039,0.000005,0.107881,0.000362,0.000006,0.001019,0.119626
121,0.008821,0.000048,0.000005,0.004935,0.000386,0.000006,0.007620,0.021828
109,0.009659,0.000040,0.000004,0.100490,0.000353,0.000003,0.007013,0.117570
112,0.018080,0.000046,0.000004,0.119170,0.000451,0.000008,0.003292,0.141062
122,0.007970,0.000041,0.000005,0.023198,0.000408,0.000005,0.006516,0.038151
109,0.011947,0.000054,0.000007,0.148980,0.000500,0.000009,0.000333,0.161834
113,0.010380,0.000044,0.000004,0.078282,0.000347,0.000005,0.020847,0.109921
123,0.009755,0.000059,0.000006,0.039229,0.000473,0.000008,0.007712,0.057255
119,0.025242,0.000055,0.000006,0.142402,0.000446,0.000008,0.010303,0.178472
133,0.011499,0.000051,0.000005,0.129562,0.000452,0.000008,0.002338,0.143926
117,0.018461,0.000042,0.000005,0.098948,0.000385,0.000005,0.000469,0.118317
110,0.011055,0.000048,0.000005,0.012144,0.000368,0.000008,0.000317,0.023949
86,0.014174,0.000045,0.000005,0.100425,0.000303,0.000007,0.001014,0.115978
114,0.009955,0.000040,0.000003,0.013440,0.000318,0.000004,0.013946,0.037714
110,0.009986,0.000041,0.000004,0.092736,0.000436,0.000007,0.008145,0.111362
124,0.008494,0.000045,0.000004,0.031421,0.000423,0.000006,0.006614,0.047014
111,0.010546,0.000047,0.000003,0.020708,0.000385,0.000009,0.000313,0.032014
111,0.013647,0.000040,0.000003,0.023743,0.000357,0.000004,0.007022,0.044823
125,0.008251,0.000043,0.000005,0.026734,0.000373,0.000005,0.007791,0.043210
112,0.010780,0.000042,0.000004,0.029321,0.000434,0.000009,0.000319,0.040912
113,0.011881,0.000053,0.000005,0.154741,0.000509,0.000009,0.003847,0.171052
118,0.012900,0.000051,0.000005,0.089494,0.000370,0.000004,0.000458,0.103286
87,0.016449,0.000042,0.000006,0.097965,0.000737,0.000015,0.002764,0.117990
126,0.008187,0.000042,0.000004,0.029774,0.000476,0.000007,0.006836,0.045334
115,0.011612,0.000052,0.000005,0.090964,0.000357,0.000004,0.016161,0.119162
119,0.017951,0.000047,0.000006,0.021142,0.000299,0.000004,0.000475,0.039928
134,0.011023,0.000046,0.000004,0.134977,0.000417,0.000010,0.002384,0.148869
120,0.011579,0.000051,0.000005,0.162932,0.000394,0.000004,0.007037,0.182011
127,0.009184,0.000044,0.000005,0.030090,0.000404,0.000004,0.007953,0.047694
112,0.008494,0.000039,0.000004,0.095624,0.000347,0.000005,0.006469,0.110988
120,0.008667,0.000034,0.000004,0.020424,0.000278,0.000004,0.000401,0.029816
121,0.008618,0.000036,0.000004,0.018522,0.000326,0.000005,0.006472,0.033991
113,0.010946,0.000044,0.000004,0.126148,0.000491,0.000010,0.000303,0.137952
114,0.012025,0.000049,0.000004,0.128110,0.000435,0.000006,0.003506,0.144142
88,0.018519,0.000055,0.000006,0.099869,0.000383,0.000006,0.001062,0.119906
116,0.010663,0.000038,0.000005,0.086063,0.000602,0.000009,0.014264,0.111669
114,0.011922,0.000086,0.000008,0.016829,0.000771,0.000020,0.000772,0.030420
89,0.009448,0.000043,0.000006,0.026031,0.000331,0.000005,0.001039,0.036906
135,0.011625,0.000050,0.000006,0.124101,0.000418,0.000010,0.002095,0.138311
113,0.009823,0.000041,0.000004,0.098692,0.000381,0.000007,0.006800,0.115756
121,0.010106,0.000040,0.000005,0.112990,0.000352,0.000005,0.000419,0.123919
122,0.009409,0.000040,0.000004,0.084280,0.000331,0.000005,0.006806,0.100882
117,0.010337,0.000046,0.000006,0.080124,0.000380,0.000005,0.015322,0.106230
115,0.011097,0.000045,0.000004,0.124014,0.000406,0.000007,0.004074,0.139658
118,0.008898,0.000038,0.000005,0.007318,0.000336,0.000004,0.013200,0.029806
90,0.009153,0.000035,0.000004,0.093030,0.000502,0.000010,0.001727,0.104470
115,0.012299,0.000061,0.000005,0.124868,0.000523,0.000012,0.000506,0.138282
123,0.009434,0.000039,0.000005,0.076524,0.000344,0.000004,0.007081,0.093439
122,0.017420,0.000040,0.000004,0.082510,0.000332,0.000006,0.000439,0.100753
114,0.011588,0.000050,0.000004,0.120634,0.000414,0.000009,0.008538,0.141246
136,0.011026,0.000044,0.000004,0.140882,0.000449,0.000007,0.002391,0.154812
119,0.009784,0.000046,0.000006,0.059407,0.000321,0.000004,0.017884,0.087464
91,0.010949,0.000046,0.000006,0.098520,0.000567,0.000006,0.001519,0.111627
124,0.009540,0.000040,0.000004,0.091855,0.000557,0.000006,0.007596,0.109619
123,0.014045,0.000033,0.000003,0.093040,0.000343,0.000006,0.000393,0.107865
116,0.010917,0.000045,0.000004,0.138876,0.000434,0.000007,0.003820,0.154112
120,0.010382,0.000040,0.000004,0.035998,0.000396,0.000006,0.013689,0.060523
116,0.010428,0.000044,0.000004,0.147582,0.000508,0.000009,0.000428,0.159010
137,0.011074,0.000046,0.000004,0.124165,0.000412,0.000008,0.002153,0.137870
121,0.009303,0.000042,0.000003,0.022595,0.000385,0.000005,0.013727,0.046066
115,0.011039,0.000045,0.000004,0.128741,0.000446,0.000009,0.008312,0.148606
125,0.010090,0.000038,0.000006,0.084762,0.000363,0.000005,0.006812,0.102081
124,0.009796,0.000038,0.000003,0.096552,0.000333,0.000008,0.000432,0.107166
92,0.011900,0.000044,0.000006,0.122724,0.000444,0.000008,0.001411,0.136544
117,0.012494,0.000038,0.000003,0.094992,0.000362,0.000004,0.000249,0.108145
126,0.009650,0.000038,0.000004,0.033593,0.000381,0.000005,0.006576,0.050256
117,0.010751,0.000047,0.000005,0.133983,0.000486,0.000008,0.003218,0.148506
127,0.009224,0.000036,0.000004,0.009824,0.000348,0.000004,0.006445,0.025893
122,0.008746,0.000035,0.000004,0.095318,0.000379,0.000006,0.012577,0.117073
125,0.007994,0.000032,0.000004,0.085762,0.000345,0.000005,0.000372,0.094515
118,0.008925,0.000042,0.000004,0.067827,0.000304,0.000004,0.000272,0.077380
138,0.010562,0.000047,0.000004,0.146099,0.000407,0.000009,0.002069,0.159204
116,0.018840,0.000051,0.000004,0.130826,0.000417,0.000008,0.007856,0.158011
93,0.010879,0.000045,0.000004,0.119123,0.000488,0.000010,0.003082,0.133639
117,0.023475,0.000044,0.000006,0.009876,0.000682,0.000015,0.010087,0.044197
123,0.009361,0.000040,0.000003,0.073595,0.000316,0.000004,0.011941,0.095268
126,0.009294,0.000036,0.000003,0.073312,0.000290,0.000005,0.000423,0.083367
118,0.010574,0.000043,0.000004,0.126608,0.000372,0.000008,0.003118,0.140734
119,0.007363,0.000032,0.000004,0.079779,0.000291,0.000004,0.000214,0.087689
119,0.010032,0.000041,0.000005,0.024990,0.000460,0.000008,0.003541,0.039086
124,0.012937,0.000038,0.000003,0.014852,0.000324,0.000005,0.013147,0.041314
94,0.012906,0.000037,0.000005,0.068642,0.000315,0.000006,0.001005,0.082920
95,0.007252,0.000032,0.000004,0.006791,0.000321,0.000004,0.001051,0.015461
139,0.010234,0.000043,0.000004,0.127058,0.000494,0.000011,0.002945,0.140798
120,0.008746,0.000039,0.000004,0.024797,0.000433,0.000008,0.003732,0.037768
118,0.011170,0.000033,0.000004,0.086117,0.000377,0.000006,0.006341,0.104066
127,0.013875,0.000038,0.000004,0.072709,0.000330,0.000004,0.000466,0.087429
120,0.009491,0.000039,0.000004,0.077085,0.000307,0.000005,0.000222,0.087156
125,0.007906,0.000034,0.000003,0.066249,0.000326,0.000004,0.011256,0.085787
96,0.012304,0.000035,0.000004,0.091673,0.000364,0.000005,0.001172,0.105564
119,0.009140,0.000051,0.000004,0.077080,0.000332,0.000005,0.005728,0.092345
121,0.008244,0.000034,0.000003,0.073431,0.000314,0.000005,0.000222,0.082254
140,0.021833,0.000046,0.000005,0.107522,0.000339,0.000006,0.002124,0.131882
121,0.012492,0.000050,0.000004,0.130214,0.000731,0.000017,0.006604,0.150123
126,0.009338,0.000032,0.000005,0.079753,0.000344,0.000005,0.011242,0.100724
97,0.007996,0.000029,0.000003,0.064424,0.000323,0.000004,0.000927,0.073712
120,0.009092,0.000040,0.000004,0.070823,0.000348,0.000005,0.005641,0.085960
122,0.008582,0.000037,0.000004,0.070236,0.000282,0.000004,0.000196,0.079343
98,0.008961,0.000037,0.000004,0.012563,0.000301,0.000004,0.000970,0.022844
122,0.009528,0.000041,0.000004,0.067799,0.000311,0.000004,0.002280,0.079973
127,0.007549,0.000035,0.000004,0.062731,0.000308,0.000004,0.010035,0.080673
141,0.016482,0.000071,0.000009,0.091374,0.000308,0.000005,0.001376,0.109629
99,0.013666,0.000038,0.000004,0.054670,0.000290,0.000004,0.000892,0.069567
123,0.007932,0.000065,0.000003,0.068866,0.000310,0.000004,0.000217,0.077400
121,0.008242,0.000040,0.000004,0.069600,0.000303,0.000004,0.005031,0.083229
100,0.007992,0.000030,0.000004,0.014586,0.000304,0.000004,0.000902,0.023826
142,0.008179,0.000035,0.000004,0.065256,0.000283,0.000004,0.001441,0.075206
123,0.008302,0.000037,0.000003,0.053589,0.014715,0.000013,0.002318,0.078986
124,0.008888,0.000038,0.000006,0.008054,0.000304,0.000004,0.002129,0.019428
124,0.006404,0.000032,0.000003,0.062324,0.000291,0.000005,0.000220,0.069282
122,0.007613,0.000036,0.000004,0.060943,0.000277,0.000004,0.004836,0.073719
125,0.007957,0.000032,0.000004,0.007183,0.000277,0.000004,0.002184,0.017645
125,0.008436,0.000034,0.000004,0.013113,0.000306,0.000005,0.000204,0.022103
143,0.007771,0.000037,0.000004,0.060907,0.000304,0.000004,0.001442,0.070472
101,0.007930,0.000033,0.000004,0.090151,0.000272,0.000005,0.000913,0.099311
144,0.014646,0.000037,0.000003,0.008352,0.000280,0.000004,0.001385,0.024711
123,0.007697,0.000035,0.000003,0.057134,0.000299,0.000005,0.005171,0.070350
126,0.008171,0.000031,0.000003,0.065172,0.000309,0.000004,0.002313,0.076009
126,0.008578,0.000039,0.000004,0.070029,0.000305,0.000004,0.000202,0.079164
102,0.008133,0.000034,0.000004,0.079302,0.000303,0.000005,0.000988,0.088774
145,0.008831,0.000041,0.000004,0.059353,0.000282,0.000004,0.001394,0.069915
124,0.006859,0.000033,0.000003,0.062577,0.000433,0.000004,0.004311,0.074230
103,0.008998,0.000031,0.000004,0.009177,0.000293,0.000005,0.000915,0.019427
127,0.008338,0.000032,0.000003,0.064231,0.000276,0.000005,0.002146,0.075036
127,0.007863,0.000032,0.000003,0.059944,0.000293,0.000004,0.000216,0.068356
146,0.008742,0.000034,0.000003,0.058992,0.000286,0.000004,0.001303,0.069368
125,0.008048,0.000034,0.000005,0.058752,0.000286,0.000004,0.004756,0.071889
147,0.007631,0.000032,0.000003,0.007108,0.000275,0.000004,0.001373,0.016432
104,0.008125,0.000030,0.000004,0.062919,0.000284,0.000004,0.000948,0.072319
105,0.007441,0.000029,0.000004,0.007820,0.000294,0.000004,0.000929,0.016524
148,0.007522,0.000031,0.000003,0.017560,0.000249,0.000004,0.001210,0.026583
149,0.007672,0.000029,0.000003,0.008411,0.000279,0.000004,0.001280,0.017683
126,0.007672,0.000033,0.000003,0.055070,0.000287,0.000005,0.004930,0.068007
106,0.008347,0.000036,0.000004,0.059774,0.000316,0.000005,0.000893,0.069380
150,0.008495,0.000037,0.000003,0.051664,0.000269,0.000004,0.001264,0.061742
127,0.006362,0.000033,0.000003,0.054555,0.000270,0.000004,0.004618,0.065851
107,0.007717,0.000032,0.000003,0.053878,0.000297,0.000004,0.000825,0.062760
151,0.014611,0.000033,0.000003,0.044418,0.000291,0.000004,0.001375,0.060741
108,0.006545,0.000037,0.000004,0.005548,0.000279,0.000005,0.000838,0.013261
109,0.008108,0.000034,0.000003,0.008982,0.000287,0.000004,0.000831,0.018252
152,0.007773,0.000033,0.000003,0.064111,0.000329,0.000004,0.001332,0.073589
110,0.008069,0.000035,0.000003,0.064363,0.000330,0.000004,0.000877,0.073685
111,0.007778,0.000035,0.000003,0.009625,0.000252,0.000004,0.000843,0.018544
153,0.006924,0.000034,0.000004,0.064528,0.000314,0.000005,0.001199,0.073011
112,0.010974,0.000036,0.000003,0.055624,0.000279,0.000005,0.000958,0.067882
154,0.007944,0.000040,0.000003,0.056053,0.000270,0.000004,0.001318,0.065637
155,0.007075,0.000037,0.000004,0.005800,0.000305,0.000005,0.001473,0.014703
113,0.007729,0.000032,0.000003,0.066290,0.000332,0.000005,0.000917,0.075314
156,0.015524,0.000039,0.000004,0.061488,0.000263,0.000005,0.001418,0.078745
114,0.007198,0.000030,0.000003,0.064847,0.000303,0.000004,0.000847,0.073235
157,0.008263,0.000035,0.000003,0.069681,0.000295,0.000004,0.001381,0.079667
115,0.008131,0.000036,0.000003,0.062338,0.000300,0.000004,0.000843,0.071658
158,0.008085,0.000031,0.000003,0.015311,0.000280,0.000004,0.001321,0.025040
116,0.007986,0.000031,0.000004,0.013850,0.000304,0.000004,0.000830,0.023012
159,0.007904,0.000033,0.000004,0.007203,0.000307,0.000004,0.001295,0.016754
117,0.006607,0.000034,0.000003,0.054008,0.000280,0.000004,0.000772,0.061709
160,0.007753,0.000033,0.000003,0.060448,0.000282,0.000005,0.001317,0.069845
118,0.007169,0.000037,0.000004,0.055693,0.000400,0.000004,0.000933,0.064247
161,0.007890,0.000032,0.000004,0.064330,0.000329,0.000004,0.001336,0.073930
162,0.008408,0.000038,0.000004,0.012888,0.000263,0.000004,0.001263,0.022871
119,0.007162,0.000033,0.000005,0.061106,0.000281,0.000004,0.000780,0.069374
163,0.007641,0.000033,0.000003,0.054643,0.000260,0.000004,0.001265,0.063855
120,0.006768,0.000037,0.000004,0.054727,0.000322,0.000004,0.000842,0.062708
164,0.014766,0.000033,0.000004,0.054635,0.000248,0.000004,0.001189,0.070883
121,0.008435,0.000030,0.000004,0.040647,0.000258,0.000004,0.000851,0.050232
122,0.007935,0.000031,0.000004,0.011112,0.000292,0.000004,0.000842,0.020225
165,0.007176,0.000033,0.000003,0.045281,0.000253,0.000004,0.001211,0.053966
123,0.008118,0.000038,0.000003,0.062129,0.000320,0.000004,0.000953,0.071569
166,0.007594,0.000028,0.000004,0.059119,0.000250,0.000004,0.001151,0.068154
167,0.007969,0.000033,0.000004,0.009828,0.000263,0.000004,0.001187,0.019291
124,0.007489,0.000031,0.000003,0.055892,0.000298,0.000004,0.000844,0.064564
168,0.013915,0.000034,0.000003,0.007692,0.000271,0.000004,0.001176,0.023099
169,0.006966,0.000032,0.000003,0.004637,0.000280,0.000005,0.001300,0.013228
125,0.007692,0.000035,0.000003,0.045742,0.000292,0.000005,0.000745,0.054519
170,0.007384,0.000032,0.000003,0.051797,0.000278,0.000004,0.001153,0.060654
126,0.006800,0.000028,0.000003,0.044932,0.000262,0.000004,0.000833,0.052865
171,0.007218,0.000034,0.000003,0.022678,0.000302,0.000005,0.001633,0.031876
127,0.006678,0.000031,0.000004,0.047229,0.000251,0.000004,0.000750,0.054949
172,0.006805,0.000030,0.000003,0.054202,0.000254,0.000004,0.001108,0.062408
173,0.006946,0.000030,0.000003,0.057084,0.000285,0.000004,0.001125,0.065480
174,0.006934,0.000029,0.000003,0.053955,0.000283,0.000004,0.001120,0.062330
175,0.014277,0.000039,0.000004,0.047043,0.000276,0.000004,0.001135,0.062781
176,0.006720,0.000034,0.000003,0.052988,0.000254,0.000004,0.001085,0.061093
177,0.006568,0.000029,0.000003,0.052751,0.000262,0.000004,0.001131,0.060751
178,0.007366,0.000031,0.000003,0.047538,0.000247,0.000004,0.001037,0.056230
179,0.007349,0.000030,0.000003,0.009921,0.000241,0.000004,0.001122,0.018672
180,0.006786,0.000036,0.000003,0.043223,0.000223,0.000004,0.001040,0.051318
181,0.006278,0.000025,0.000003,0.020816,0.000306,0.000003,0.001142,0.028577
182,0.007225,0.000038,0.000003,0.011434,0.000258,0.000004,0.001101,0.020068
183,0.013442,0.000032,0.000003,0.005858,0.000237,0.000004,0.001091,0.020671
184,0.006721,0.000027,0.000003,0.047165,0.000269,0.000004,0.001136,0.055329
185,0.006405,0.000033,0.000003,0.047061,0.000249,0.000004,0.001096,0.054854
186,0.006488,0.000030,0.000003,0.050791,0.000272,0.000004,0.001184,0.058776
187,0.006805,0.000028,0.000003,0.049944,0.000265,0.000004,0.001074,0.058127
188,0.019082,0.000042,0.000004,0.021113,0.000284,0.000006,0.001090,0.041624
189,0.006936,0.000030,0.000003,0.045788,0.000248,0.000004,0.001072,0.054085
190,0.006906,0.000033,0.000003,0.043084,0.000239,0.000004,0.001047,0.051320
191,0.005716,0.000025,0.000003,0.015574,0.000250,0.000004,0.001048,0.022623
128,0.016940,0.000042,0.000005,0.032385,0.000319,0.000005,0.003629,0.053336
129,0.006218,0.000028,0.000003,0.027664,0.000260,0.000004,0.003477,0.037659
130,0.012134,0.000029,0.000003,0.006993,0.000263,0.000003,0.003321,0.022750
131,0.006307,0.000032,0.000003,0.036630,0.000277,0.000004,0.003309,0.046565
132,0.014474,0.000039,0.000003,0.023357,0.000237,0.000004,0.003346,0.041465
133,0.006262,0.000032,0.000003,0.008251,0.000284,0.000004,0.003419,0.018258
134,0.005461,0.000026,0.000003,0.002696,0.000240,0.000005,0.003449,0.011886
135,0.006626,0.000028,0.000004,0.028296,0.000237,0.000004,0.003291,0.038489
136,0.015159,0.000034,0.000003,0.028276,0.000247,0.000004,0.003708,0.047436
137,0.006240,0.000034,0.000003,0.003527,0.000231,0.000004,0.003227,0.013270
138,0.011189,0.000033,0.000002,0.035147,0.000244,0.000004,0.003271,0.049894
139,0.008926,0.000027,0.000003,0.030394,0.000228,0.000004,0.003154,0.042740
140,0.006082,0.000027,0.000003,0.013414,0.000271,0.000004,0.003616,0.023419
141,0.006226,0.000030,0.000003,0.004013,0.000212,0.000004,0.003101,0.013593
142,0.005788,0.000027,0.000003,0.031635,0.000303,0.000004,0.003286,0.041051
143,0.006254,0.000034,0.000003,0.022394,0.000238,0.000004,0.003238,0.032167
144,0.005920,0.000027,0.000003,0.030420,0.000253,0.000004,0.003241,0.039873
145,0.006048,0.000029,0.000003,0.043154,0.000282,0.000004,0.003350,0.052876
146,0.005152,0.000024,0.000003,0.028402,0.000239,0.000004,0.003037,0.036864
147,0.006111,0.000031,0.000003,0.025869,0.000228,0.000004,0.003179,0.035428
148,0.006113,0.000031,0.000003,0.005409,0.000250,0.000004,0.003676,0.015491
149,0.006149,0.000026,0.000003,0.007974,0.000228,0.000004,0.003239,0.017627
150,0.005996,0.000032,0.000003,0.031309,0.000245,0.000003,0.003365,0.040956
151,0.006016,0.000032,0.000003,0.032171,0.000229,0.000004,0.003162,0.041621
152,0.005937,0.000026,0.000003,0.032264,0.000239,0.000004,0.003122,0.041598
153,0.008959,0.000026,0.000002,0.023989,0.000233,0.000004,0.002967,0.036184
154,0.005921,0.000027,0.000003,0.007286,0.000255,0.000003,0.003176,0.016676
155,0.006062,0.000034,0.000003,0.032694,0.000288,0.000004,0.003357,0.042446
156,0.006050,0.000028,0.000003,0.035191,0.000373,0.000004,0.003322,0.044981
157,0.006239,0.000037,0.000004,0.030571,0.000243,0.000004,0.003244,0.040346
158,0.004954,0.000022,0.000003,0.007779,0.000224,0.000003,0.002904,0.015893
159,0.006271,0.000031,0.000003,0.030522,0.000265,0.000003,0.003199,0.040297
160,0.006211,0.000036,0.000003,0.028012,0.000254,0.000004,0.003113,0.037637
161,0.005403,0.000028,0.000003,0.039236,0.000376,0.000004,0.003011,0.048064
162,0.005903,0.000027,0.000003,0.026966,0.000247,0.000003,0.002901,0.036054
163,0.006184,0.000036,0.000003,0.030055,0.000259,0.000004,0.003188,0.039732
164,0.005368,0.000033,0.000003,0.003630,0.000275,0.000005,0.003308,0.012626
165,0.006934,0.000028,0.000003,0.031797,0.000258,0.000004,0.003207,0.042234
166,0.005388,0.000027,0.000003,0.002474,0.000192,0.000004,0.003031,0.011122
167,0.012741,0.000031,0.000003,0.029889,0.000246,0.000004,0.003248,0.046166
168,0.006109,0.000034,0.000003,0.012194,0.000222,0.000004,0.003117,0.021685
169,0.005918,0.000027,0.000003,0.026566,0.000246,0.000004,0.003181,0.035949
170,0.005940,0.000025,0.000003,0.006782,0.000240,0.000004,0.003042,0.016039
171,0.010827,0.000034,0.000003,0.003864,0.000234,0.000003,0.002893,0.017861
172,0.005421,0.000028,0.000003,0.027460,0.000258,0.000003,0.002817,0.035994
173,0.006017,0.000028,0.000003,0.034368,0.000275,0.000004,0.003226,0.043924
174,0.006012,0.000027,0.000003,0.007337,0.000239,0.000004,0.003167,0.016792
175,0.005050,0.000026,0.000003,0.035097,0.000254,0.000003,0.002930,0.043365
176,0.005527,0.000025,0.000003,0.003821,0.000219,0.000004,0.002805,0.012407
177,0.006116,0.000033,0.000003,0.038485,0.000281,0.000003,0.003312,0.048238
178,0.006224,0.000036,0.000003,0.030744,0.000252,0.000004,0.003185,0.040451
179,0.006847,0.000038,0.000003,0.003721,0.000273,0.000004,0.003365,0.014255
180,0.006084,0.000028,0.000003,0.007729,0.000235,0.000004,0.003191,0.017276
181,0.006128,0.000034,0.000003,0.032526,0.000260,0.000004,0.003149,0.042107
182,0.006111,0.000034,0.000003,0.036863,0.000257,0.000003,0.003077,0.046352
183,0.006291,0.000031,0.000003,0.029078,0.000240,0.000004,0.003221,0.038872
184,0.006110,0.000029,0.000003,0.026688,0.000237,0.000004,0.003164,0.036237
185,0.006074,0.000032,0.000003,0.007961,0.000276,0.000005,0.003603,0.017958
186,0.005308,0.000023,0.000002,0.031380,0.000211,0.000004,0.002854,0.039786
187,0.005846,0.000027,0.000003,0.029320,0.000235,0.000004,0.003158,0.038596
188,0.013333,0.000037,0.000003,0.005378,0.000228,0.000004,0.003094,0.022080
189,0.009671,0.000030,0.000003,0.035092,0.000235,0.000004,0.003243,0.048282
190,0.005886,0.000026,0.000003,0.022514,0.000234,0.000003,0.003240,0.031910
191,0.005867,0.000028,0.000003,0.011868,0.000224,0.000004,0.003068,0.021065
128,0.008421,0.000036,0.000004,0.057403,0.000390,0.000007,0.000713,0.066978
129,0.008066,0.000042,0.000003,0.007818,0.000352,0.000007,0.000713,0.017005
130,0.007607,0.000035,0.000003,0.008936,0.000400,0.000006,0.000707,0.017699
131,0.008070,0.000040,0.000003,0.050653,0.000280,0.000006,0.000438,0.059494
132,0.005807,0.000026,0.000003,0.034114,0.000229,0.000004,0.000419,0.040604
133,0.005557,0.000024,0.000003,0.003411,0.000224,0.000004,0.000409,0.009635
134,0.005601,0.000025,0.000002,0.032630,0.000224,0.000029,0.000399,0.038912
135,0.005712,0.000023,0.000003,0.007444,0.000247,0.000005,0.000469,0.013905
136,0.006510,0.000032,0.000003,0.006916,0.000256,0.000005,0.000486,0.014211
137,0.006451,0.000034,0.000003,0.003897,0.000245,0.000005,0.000500,0.011138
138,0.005123,0.000022,0.000002,0.032745,0.000226,0.000004,0.000392,0.038517
139,0.006175,0.000025,0.000003,0.010824,0.000231,0.000004,0.000428,0.017694
140,0.005892,0.000028,0.000002,0.034809,0.000226,0.000005,0.000458,0.041421
141,0.005749,0.000025,0.000003,0.036643,0.000322,0.000004,0.000471,0.043223
142,0.005882,0.000025,0.000003,0.030870,0.000234,0.000004,0.000434,0.037454
143,0.006259,0.000028,0.000003,0.030914,0.000239,0.000004,0.000411,0.037862
144,0.005758,0.000027,0.000003,0.034841,0.000206,0.000004,0.000407,0.041250
145,0.005765,0.000028,0.000003,0.003372,0.000207,0.000004,0.000405,0.009786
146,0.005941,0.000032,0.000003,0.004871,0.000217,0.000004,0.000392,0.011463
147,0.005696,0.000025,0.000003,0.033203,0.000284,0.000004,0.000405,0.039621
148,0.006555,0.000030,0.000003,0.037775,0.000229,0.000005,0.000400,0.045000
149,0.005755,0.000028,0.000003,0.035767,0.000209,0.000004,0.000398,0.042167
150,0.005820,0.000025,0.000002,0.007395,0.000204,0.000004,0.000368,0.013820
151,0.005607,0.000026,0.000003,0.037913,0.000214,0.000004,0.000373,0.044142
152,0.005839,0.000029,0.000003,0.038570,0.000222,0.000005,0.000424,0.045095
153,0.006898,0.000029,0.000003,0.032512,0.000239,0.000004,0.000426,0.040113
154,0.005835,0.000028,0.000003,0.039725,0.000242,0.000004,0.000430,0.046268
155,0.005677,0.000027,0.000002,0.037066,0.000254,0.000004,0.000399,0.043430
156,0.006202,0.000029,0.000003,0.032525,0.000229,0.000004,0.000482,0.039477
157,0.005911,0.000033,0.000003,0.039941,0.000230,0.000004,0.000390,0.046513
158,0.004982,0.000027,0.000003,0.023659,0.000226,0.000004,0.000382,0.029285
159,0.006302,0.000028,0.000002,0.007627,0.000221,0.000004,0.000400,0.014586
160,0.005041,0.000028,0.000002,0.029283,0.000222,0.000004,0.000388,0.034970
161,0.005825,0.000025,0.000003,0.037585,0.000233,0.000004,0.000401,0.044079
162,0.004821,0.000022,0.000003,0.035552,0.000232,0.000004,0.000373,0.041010
163,0.005822,0.000027,0.000002,0.035897,0.000270,0.000005,0.000440,0.042465
164,0.005942,0.000025,0.000003,0.032002,0.000244,0.000004,0.000403,0.038626
165,0.005620,0.000025,0.000002,0.029963,0.000217,0.000004,0.000414,0.036246
166,0.005784,0.000030,0.000003,0.035514,0.000250,0.000004,0.000427,0.042014
167,0.005063,0.000024,0.000003,0.034867,0.000208,0.000004,0.000387,0.040557
168,0.006230,0.000037,0.000003,0.030850,0.000224,0.000005,0.000424,0.037775
169,0.006597,0.000032,0.000003,0.037021,0.000226,0.000004,0.000433,0.044318
170,0.005567,0.000025,0.000003,0.036304,0.000220,0.000004,0.000388,0.042515
171,0.012955,0.000033,0.000003,0.031147,0.000250,0.000006,0.000402,0.044798
172,0.005619,0.000027,0.000002,0.006373,0.000229,0.000004,0.000424,0.012680
173,0.005787,0.000029,0.000003,0.031900,0.000208,0.000004,0.000430,0.038364
174,0.005321,0.000026,0.000002,0.032052,0.000217,0.000004,0.000403,0.038027
175,0.005952,0.000024,0.000002,0.028356,0.000255,0.000004,0.000446,0.035041
176,0.006019,0.000027,0.000003,0.031202,0.000250,0.000004,0.000408,0.037915
177,0.006622,0.000032,0.000003,0.032250,0.000246,0.000004,0.000417,0.039577
178,0.005803,0.000031,0.000002,0.028290,0.000237,0.000004,0.000436,0.034806
179,0.006053,0.000027,0.000002,0.007426,0.000229,0.000004,0.000383,0.014128
180,0.005743,0.000026,0.000003,0.039094,0.000355,0.000004,0.000415,0.045645
181,0.006233,0.000027,0.000004,0.027659,0.000235,0.000004,0.000407,0.034571
182,0.005828,0.000025,0.000003,0.030997,0.000233,0.000004,0.000412,0.037504
183,0.005926,0.000027,0.000003,0.034236,0.000227,0.000004,0.000444,0.040868
184,0.004818,0.000023,0.000003,0.006519,0.000245,0.000005,0.000453,0.012068
185,0.006469,0.000026,0.000003,0.031551,0.000230,0.000004,0.000380,0.038665
186,0.005582,0.000022,0.000002,0.036029,0.000272,0.000004,0.000380,0.042303
187,0.005938,0.000024,0.000003,0.022648,0.000233,0.000004,0.000438,0.029290
188,0.005850,0.000034,0.000002,0.032287,0.000217,0.000004,0.000373,0.038770
189,0.005308,0.000023,0.000002,0.022121,0.000241,0.000004,0.000368,0.028070
190,0.005767,0.000028,0.000003,0.007307,0.000219,0.000004,0.000377,0.013706
191,0.005470,0.000024,0.000003,0.007521,0.000220,0.000004,0.000375,0.013619
128,0.011111,0.000028,0.000003,0.026056,0.000231,0.000004,0.000291,0.037725
129,0.009681,0.000027,0.000003,0.028982,0.000219,0.000004,0.000258,0.039175
130,0.011776,0.000027,0.000003,0.034053,0.000217,0.000004,0.000259,0.046340
131,0.010495,0.000024,0.000003,0.036127,0.000236,0.000004,0.000308,0.047200
132,0.010723,0.000025,0.000002,0.012187,0.000218,0.000004,0.000274,0.023434
133,0.011081,0.000028,0.000003,0.005722,0.000209,0.000004,0.000242,0.017290
134,0.010452,0.000023,0.000003,0.011998,0.000230,0.000004,0.000254,0.022965
135,0.011085,0.000032,0.000003,0.014819,0.000602,0.000014,0.000778,0.027338
136,0.011049,0.000027,0.000003,0.032800,0.000222,0.000004,0.000254,0.044361
137,0.012518,0.000027,0.000003,0.035129,0.000231,0.000005,0.000272,0.048185
138,0.005920,0.000028,0.000002,0.034651,0.000221,0.000004,0.000251,0.041079
139,0.010755,0.000026,0.000003,0.018494,0.000281,0.000006,0.000276,0.029841
140,0.009690,0.000030,0.000006,0.028615,0.000221,0.000004,0.000231,0.038798
141,0.010879,0.000023,0.000003,0.032979,0.000227,0.000004,0.000257,0.044374
142,0.010770,0.000026,0.000003,0.037533,0.000235,0.000004,0.000253,0.048827
143,0.006637,0.000028,0.000004,0.033103,0.000234,0.000004,0.000259,0.040271
144,0.010935,0.000030,0.000003,0.034359,0.000211,0.000004,0.000258,0.045802
145,0.015051,0.000055,0.000009,0.032487,0.000335,0.000004,0.000292,0.048240
146,0.010623,0.000026,0.000003,0.007333,0.000220,0.000004,0.000268,0.018479
147,0.010802,0.000025,0.000003,0.023720,0.000223,0.000004,0.000274,0.035052
148,0.011230,0.000031,0.000003,0.040521,0.000301,0.000004,0.000284,0.052376
149,0.012532,0.000035,0.000005,0.033513,0.000233,0.000004,0.000262,0.046587
150,0.005812,0.000024,0.000003,0.026243,0.000231,0.000004,0.000268,0.032587
151,0.005874,0.000024,0.000002,0.010704,0.000211,0.000004,0.000265,0.017087
152,0.004866,0.000021,0.000003,0.019586,0.000208,0.000005,0.000313,0.025004
153,0.012128,0.000027,0.000003,0.029341,0.000228,0.000004,0.000277,0.042010
154,0.004822,0.000023,0.000002,0.010919,0.000212,0.000004,0.000264,0.016248
155,0.010758,0.000028,0.000003,0.039432,0.000229,0.000004,0.000282,0.050737
156,0.011849,0.000030,0.000004,0.035256,0.000210,0.000004,0.000284,0.047638
157,0.010316,0.000029,0.000004,0.009950,0.000255,0.000004,0.000303,0.020862
158,0.012858,0.000037,0.000003,0.027947,0.000239,0.000005,0.000309,0.041400
159,0.010836,0.000028,0.000003,0.011284,0.000234,0.000004,0.000269,0.022660
160,0.011105,0.000029,0.000003,0.030593,0.000218,0.000004,0.000277,0.042231
161,0.011204,0.000026,0.000003,0.007268,0.000209,0.000004,0.000296,0.019011
162,0.005419,0.000024,0.000003,0.005790,0.000238,0.000004,0.000285,0.011764
163,0.011203,0.000029,0.000003,0.027125,0.000233,0.000004,0.000312,0.038910
164,0.011820,0.000030,0.000004,0.041864,0.000381,0.000006,0.000323,0.054433
165,0.011318,0.000037,0.000004,0.032360,0.000231,0.000004,0.000274,0.044229
166,0.005830,0.000027,0.000003,0.028459,0.000223,0.000004,0.000308,0.034856
167,0.011057,0.000027,0.000003,0.050961,0.000300,0.000006,0.000406,0.062763
128,0.006553,0.000028,0.000003,0.023781,0.000268,0.000004,0.000236,0.030874
129,0.006323,0.000028,0.000003,0.035127,0.000242,0.000004,0.000188,0.041916
168,0.012063,0.000034,0.000004,0.059967,0.000293,0.000007,0.000380,0.072752
130,0.006232,0.000029,0.000003,0.009303,0.000216,0.000004,0.000186,0.015976
131,0.005341,0.000030,0.000003,0.041375,0.000289,0.000004,0.000195,0.047239
132,0.006220,0.000028,0.000002,0.002943,0.000215,0.000004,0.000180,0.009593
169,0.014073,0.000036,0.000004,0.051350,0.000236,0.000004,0.000311,0.066016
133,0.006165,0.000029,0.000002,0.014982,0.000272,0.000004,0.000195,0.021651
170,0.011887,0.000029,0.000003,0.006955,0.000229,0.000004,0.000324,0.019432
171,0.010541,0.000028,0.000003,0.005580,0.000229,0.000004,0.000272,0.016659
134,0.006169,0.000029,0.000002,0.043222,0.000271,0.000004,0.000193,0.049892
172,0.008040,0.000035,0.000003,0.019474,0.000252,0.000004,0.000303,0.028113
173,0.012653,0.000031,0.000004,0.010866,0.000299,0.000004,0.000315,0.024174
135,0.006329,0.000027,0.000003,0.039555,0.000287,0.000005,0.000196,0.046403
174,0.006772,0.000030,0.000004,0.007843,0.000238,0.000004,0.000296,0.015189
175,0.012210,0.000027,0.000004,0.003391,0.000216,0.000004,0.000268,0.016121
136,0.006157,0.000029,0.000002,0.046424,0.000247,0.000004,0.000188,0.053053
137,0.006153,0.000027,0.000003,0.007317,0.000250,0.000004,0.000208,0.013965
176,0.006464,0.000036,0.000003,0.045169,0.000249,0.000005,0.000294,0.052221
177,0.011172,0.000026,0.000003,0.044707,0.000253,0.000004,0.000286,0.056454
138,0.013647,0.000029,0.000003,0.050590,0.000256,0.000004,0.000226,0.064757
139,0.006269,0.000031,0.000003,0.004292,0.000228,0.000004,0.000193,0.011022
178,0.019738,0.000027,0.000003,0.006239,0.000234,0.000005,0.000364,0.026613
140,0.006293,0.000027,0.000002,0.043281,0.000381,0.000008,0.000344,0.050339
179,0.006256,0.000027,0.000003,0.044489,0.000247,0.000004,0.000308,0.051335
141,0.008042,0.000028,0.000003,0.039355,0.000251,0.000004,0.000204,0.047889
180,0.011372,0.000031,0.000003,0.035305,0.000214,0.000005,0.000278,0.047208
142,0.006354,0.000030,0.000003,0.012938,0.000272,0.000004,0.000202,0.019805
181,0.009898,0.000026,0.000003,0.041045,0.000235,0.000004,0.000281,0.051494
143,0.006205,0.000030,0.000002,0.044791,0.000272,0.000004,0.000193,0.051499
144,0.007008,0.000031,0.000003,0.036461,0.000231,0.000004,0.000229,0.043970
182,0.012414,0.000029,0.000004,0.045209,0.000243,0.000004,0.000312,0.058217
145,0.006427,0.000027,0.000002,0.004858,0.000208,0.000003,0.000184,0.011711
183,0.011530,0.000027,0.000003,0.018451,0.000307,0.000005,0.000282,0.030609
146,0.005708,0.000030,0.000004,0.036549,0.000233,0.000004,0.000191,0.042720
184,0.006482,0.000033,0.000003,0.047583,0.000244,0.000004,0.000308,0.054660
147,0.008765,0.000028,0.000002,0.039772,0.000246,0.000004,0.000201,0.049019
148,0.006086,0.000029,0.000003,0.005810,0.000231,0.000004,0.000179,0.012344
185,0.010264,0.000026,0.000004,0.040989,0.000226,0.000004,0.000287,0.051802
149,0.005524,0.000027,0.000003,0.041771,0.000249,0.000004,0.000190,0.047768
186,0.011003,0.000030,0.000003,0.040887,0.000210,0.000004,0.000263,0.052403
150,0.006465,0.000030,0.000003,0.047480,0.000230,0.000004,0.000205,0.054419
151,0.006043,0.000033,0.000002,0.040251,0.000232,0.000004,0.000201,0.046767
187,0.026126,0.000051,0.000009,0.047637,0.000332,0.000005,0.000316,0.074483
152,0.006321,0.000034,0.000003,0.017882,0.000325,0.000006,0.000206,0.024778
153,0.011997,0.000033,0.000002,0.004078,0.000234,0.000004,0.000194,0.016544
188,0.005463,0.000025,0.000003,0.041396,0.000234,0.000004,0.000262,0.047390
154,0.006381,0.000027,0.000003,0.041784,0.000226,0.000004,0.000195,0.048622
189,0.011589,0.000029,0.000003,0.044067,0.000254,0.000004,0.000264,0.056212
155,0.006063,0.000027,0.000003,0.045275,0.000238,0.000004,0.000188,0.051799
190,0.012050,0.000034,0.000003,0.040676,0.000288,0.000004,0.000273,0.053329
156,0.006025,0.000027,0.000003,0.010039,0.000258,0.000005,0.000232,0.016590
191,0.011346,0.000027,0.000003,0.007427,0.000232,0.000004,0.000298,0.019340
157,0.006161,0.000034,0.000003,0.039181,0.000221,0.000004,0.000205,0.045811
158,0.006069,0.000031,0.000003,0.004243,0.000221,0.000004,0.000190,0.010763
159,0.005257,0.000031,0.000003,0.040432,0.000216,0.000004,0.000181,0.046125
160,0.006092,0.000028,0.000003,0.038590,0.000227,0.000004,0.000208,0.045154
161,0.005351,0.000028,0.000002,0.038389,0.000224,0.000004,0.000179,0.044180
162,0.010508,0.000058,0.000005,0.011598,0.000335,0.000004,0.000214,0.022729
163,0.006092,0.000029,0.000003,0.034373,0.000228,0.000005,0.000210,0.040941
164,0.006047,0.000028,0.000003,0.006355,0.000225,0.000004,0.000190,0.012854
165,0.005971,0.000029,0.000002,0.039594,0.000241,0.000004,0.000192,0.046034
166,0.006176,0.000030,0.000002,0.038597,0.000261,0.000004,0.000197,0.045268
167,0.006114,0.000030,0.000003,0.037896,0.000242,0.000004,0.000196,0.044486
168,0.005304,0.000024,0.000002,0.035830,0.000225,0.000004,0.000184,0.041576
169,0.005574,0.000028,0.000003,0.040540,0.000290,0.000004,0.000210,0.046650
170,0.006808,0.000036,0.000003,0.008269,0.000241,0.000004,0.000186,0.015548
171,0.004959,0.000025,0.000003,0.032375,0.000255,0.000004,0.000187,0.037809
172,0.006254,0.000035,0.000003,0.040475,0.000245,0.000004,0.000206,0.047224
173,0.005974,0.000034,0.000002,0.034609,0.000254,0.000004,0.000191,0.041070
174,0.006113,0.000030,0.000002,0.005306,0.000229,0.000004,0.000198,0.011883
175,0.005941,0.000032,0.000003,0.035282,0.000244,0.000004,0.000187,0.041693
176,0.006195,0.000026,0.000002,0.008607,0.000243,0.000004,0.000199,0.015277
177,0.005996,0.000034,0.000003,0.014484,0.000252,0.000004,0.000255,0.021029
178,0.007161,0.000030,0.000002,0.042933,0.000249,0.000004,0.000198,0.050579
179,0.006483,0.000036,0.000003,0.009462,0.000231,0.000004,0.000199,0.016420
180,0.005212,0.000029,0.000003,0.003475,0.000229,0.000004,0.000174,0.009127
181,0.006247,0.000030,0.000002,0.035412,0.000226,0.000004,0.000195,0.042117
182,0.006671,0.000034,0.000003,0.033950,0.000253,0.000004,0.000188,0.041104
183,0.005096,0.000026,0.000002,0.007280,0.000218,0.000004,0.000170,0.012797
184,0.005315,0.000027,0.000002,0.035908,0.000238,0.000004,0.000195,0.041691
185,0.006398,0.000028,0.000003,0.034580,0.000229,0.000004,0.000192,0.041436
186,0.006100,0.000031,0.000003,0.016277,0.000219,0.000004,0.000195,0.022829
187,0.005640,0.000026,0.000002,0.040427,0.000229,0.000004,0.000217,0.046548
188,0.005851,0.000027,0.000002,0.035900,0.000245,0.000004,0.000201,0.042231
189,0.009171,0.000035,0.000003,0.009549,0.000240,0.000004,0.000176,0.019180
190,0.005087,0.000029,0.000003,0.003190,0.000236,0.000004,0.000176,0.008728
191,0.006194,0.000029,0.000003,0.035982,0.000219,0.000004,0.000198,0.042630
128,0.018248,0.000056,0.000004,0.034768,0.000264,0.000004,0.000574,0.053922
129,0.005873,0.000031,0.000003,0.033218,0.000235,0.000004,0.000560,0.039926
130,0.008537,0.000049,0.000004,0.028691,0.000321,0.000004,0.000554,0.038168
131,0.004961,0.000027,0.000003,0.029486,0.000221,0.000004,0.000494,0.035197
132,0.005846,0.000031,0.000003,0.030019,0.000213,0.000004,0.000585,0.036704
133,0.005413,0.000025,0.000002,0.008209,0.000260,0.000004,0.000613,0.014529
134,0.005884,0.000031,0.000002,0.030094,0.000290,0.000004,0.000565,0.036872
135,0.006422,0.000030,0.000003,0.006195,0.000245,0.000004,0.000626,0.013527
136,0.005220,0.000024,0.000002,0.023538,0.000238,0.000004,0.000489,0.029518
137,0.005612,0.000024,0.000002,0.035956,0.000219,0.000004,0.000516,0.042335
138,0.004978,0.000024,0.000002,0.031876,0.000207,0.000004,0.000467,0.037560
139,0.005686,0.000025,0.000002,0.008523,0.000223,0.000004,0.000532,0.014998
140,0.012360,0.000037,0.000003,0.028482,0.000228,0.000005,0.000558,0.041676
141,0.005955,0.000032,0.000003,0.022350,0.000215,0.000004,0.000513,0.029074
142,0.005426,0.000021,0.000002,0.033438,0.000226,0.000004,0.000554,0.039673
143,0.005593,0.000038,0.000002,0.028256,0.000215,0.000004,0.000557,0.034668
144,0.005383,0.000024,0.000002,0.004511,0.000219,0.000004,0.000524,0.010669
145,0.005799,0.000032,0.000003,0.004037,0.000226,0.000005,0.000589,0.010694
146,0.005951,0.000029,0.000003,0.024205,0.000217,0.000004,0.000524,0.030935
147,0.005433,0.000022,0.000002,0.026851,0.000216,0.000003,0.000528,0.033058
148,0.005654,0.000028,0.000002,0.024962,0.000205,0.000005,0.000519,0.031377
149,0.004563,0.000019,0.000002,0.032546,0.000211,0.000004,0.000507,0.037855
150,0.006003,0.000028,0.000003,0.032280,0.000225,0.000004,0.000531,0.039075
151,0.005385,0.000024,0.000002,0.028376,0.000221,0.000004,0.000481,0.034495
152,0.006296,0.000024,0.000003,0.026647,0.000222,0.000004,0.000550,0.033748
153,0.005091,0.000022,0.000003,0.023163,0.000212,0.000004,0.000496,0.028992
154,0.005613,0.000022,0.000002,0.021664,0.000222,0.000004,0.000524,0.028054
155,0.005749,0.000023,0.000003,0.018553,0.000213,0.000004,0.000491,0.025038
156,0.005591,0.000027,0.000003,0.008214,0.000224,0.000004,0.000568,0.014632
157,0.012016,0.000023,0.000003,0.028066,0.000212,0.000004,0.000526,0.040853
158,0.005552,0.000025,0.000002,0.024890,0.000224,0.000004,0.000519,0.031218
159,0.004641,0.000020,0.000002,0.025680,0.000210,0.000003,0.000467,0.031025
160,0.004814,0.000020,0.000002,0.019885,0.000225,0.000003,0.000526,0.025478
161,0.006552,0.000028,0.000003,0.021267,0.000207,0.000004,0.000538,0.028601
162,0.011489,0.000031,0.000003,0.006878,0.000242,0.000004,0.000525,0.019175
163,0.005612,0.000025,0.000002,0.005605,0.000235,0.000005,0.000609,0.012097
164,0.005046,0.000023,0.000003,0.019115,0.000220,0.000004,0.000506,0.024919
165,0.006068,0.000027,0.000002,0.019375,0.000220,0.000004,0.000514,0.026211
166,0.004837,0.000023,0.000002,0.020427,0.000214,0.000004,0.000493,0.026001
167,0.005436,0.000026,0.000002,0.025341,0.000222,0.000005,0.000530,0.031566
168,0.005297,0.000023,0.000002,0.024245,0.000216,0.000004,0.000540,0.030332
169,0.006301,0.000025,0.000003,0.023217,0.000240,0.000004,0.000549,0.030341
170,0.005884,0.000028,0.000002,0.019887,0.000221,0.000004,0.000520,0.026548
171,0.005720,0.000027,0.000002,0.022600,0.000220,0.000004,0.000516,0.029092
172,0.005580,0.000026,0.000002,0.025059,0.000344,0.000004,0.000600,0.031621
173,0.005844,0.000028,0.000004,0.020173,0.000233,0.000004,0.000524,0.026812
174,0.006510,0.000031,0.000003,0.019283,0.000226,0.000004,0.000512,0.026569
175,0.005463,0.000027,0.000003,0.006964,0.000262,0.000005,0.000626,0.013353
176,0.006204,0.000022,0.000003,0.004430,0.000205,0.000004,0.000521,0.011392
177,0.005121,0.000022,0.000002,0.031215,0.000232,0.000004,0.000521,0.037118
178,0.005225,0.000021,0.000002,0.003069,0.000212,0.000005,0.000556,0.009091
179,0.005025,0.000020,0.000003,0.006242,0.000224,0.000005,0.000570,0.012091
180,0.005631,0.000028,0.000003,0.011555,0.000208,0.000004,0.000509,0.017942
181,0.005256,0.000023,0.000002,0.026651,0.000275,0.000004,0.000545,0.032759
182,0.005184,0.000022,0.000002,0.026883,0.000228,0.000004,0.000498,0.032824
128,0.015517,0.000048,0.000004,0.008439,0.000374,0.000004,0.005012,0.029411
183,0.007456,0.000026,0.000002,0.039340,0.000226,0.000005,0.000534,0.047592
184,0.005911,0.000029,0.000003,0.011905,0.000246,0.000004,0.000522,0.018622
129,0.006336,0.000027,0.000003,0.040167,0.000234,0.000003,0.004060,0.050834
185,0.005997,0.000028,0.000002,0.038098,0.000215,0.000004,0.000526,0.044873
130,0.006188,0.000028,0.000003,0.037400,0.000249,0.000004,0.003880,0.047757
131,0.005491,0.000028,0.000003,0.003937,0.000218,0.000004,0.003410,0.013095
132,0.006233,0.000028,0.000003,0.007609,0.000243,0.000004,0.004259,0.018383
186,0.005853,0.000032,0.000002,0.042427,0.000245,0.000005,0.000614,0.049182
133,0.006012,0.000024,0.000003,0.038715,0.000246,0.000004,0.004152,0.049161
187,0.006340,0.000027,0.000002,0.038232,0.000221,0.000004,0.000545,0.045375
188,0.005030,0.000024,0.000002,0.038364,0.000207,0.000004,0.000513,0.044147
134,0.006202,0.000028,0.000003,0.049053,0.000348,0.000005,0.004266,0.059909
189,0.006004,0.000026,0.000003,0.009125,0.000243,0.000004,0.000567,0.015974
190,0.005939,0.000028,0.000003,0.036462,0.000223,0.000005,0.000525,0.043187
135,0.006741,0.000030,0.000003,0.040588,0.000266,0.000005,0.004581,0.052216
136,0.006716,0.000032,0.000004,0.004292,0.000266,0.000004,0.003836,0.015155
137,0.006590,0.000033,0.000003,0.011788,0.000224,0.000004,0.004031,0.022678
191,0.008430,0.000030,0.000003,0.041730,0.000238,0.000004,0.000556,0.050994
138,0.006310,0.000030,0.000003,0.047094,0.000262,0.000004,0.004779,0.058486
139,0.012366,0.000029,0.000003,0.037891,0.000243,0.000004,0.003598,0.054137
140,0.006110,0.000032,0.000003,0.030742,0.000233,0.000004,0.003778,0.040906
141,0.006955,0.000034,0.000003,0.033815,0.000239,0.000004,0.003853,0.044907
142,0.006217,0.000028,0.000003,0.007053,0.000243,0.000004,0.003952,0.017504
143,0.011411,0.000026,0.000003,0.033478,0.000215,0.000004,0.003540,0.048679
144,0.011552,0.000026,0.000002,0.040311,0.000220,0.000004,0.003709,0.055828
145,0.009833,0.000028,0.000003,0.033269,0.000231,0.000004,0.003256,0.046628
146,0.006010,0.000033,0.000003,0.012158,0.000258,0.000004,0.003841,0.022310
147,0.006068,0.000029,0.000003,0.008594,0.000250,0.000005,0.003859,0.018812
148,0.007960,0.000031,0.000003,0.037247,0.000240,0.000004,0.003844,0.049331
149,0.006005,0.000029,0.000003,0.035847,0.000225,0.000004,0.003747,0.045864
150,0.005884,0.000030,0.000003,0.041482,0.000245,0.000007,0.003372,0.051026
151,0.005734,0.000026,0.000003,0.031354,0.000219,0.000004,0.003609,0.040951
152,0.005957,0.000027,0.000003,0.033557,0.000199,0.000004,0.003308,0.043056
153,0.005738,0.000026,0.000003,0.036281,0.000220,0.000004,0.003438,0.045715
154,0.005083,0.000024,0.000003,0.034366,0.000227,0.000004,0.003046,0.042757
155,0.005228,0.000025,0.000003,0.006778,0.000192,0.000004,0.002998,0.015229
156,0.005985,0.000031,0.000003,0.010419,0.000273,0.000005,0.003490,0.020210
157,0.004945,0.000023,0.000003,0.032248,0.000336,0.000004,0.003473,0.041044
158,0.007263,0.000030,0.000004,0.034146,0.000253,0.000004,0.003305,0.045009
159,0.006656,0.000029,0.000003,0.032814,0.000224,0.000003,0.003747,0.043481
160,0.006069,0.000025,0.000003,0.037774,0.000263,0.000004,0.003759,0.047901
161,0.006611,0.000029,0.000003,0.037335,0.000297,0.000004,0.003258,0.047540
162,0.007119,0.000031,0.000003,0.036953,0.000221,0.000004,0.003128,0.047462
163,0.005853,0.000025,0.000002,0.031941,0.000233,0.000004,0.003199,0.041262
164,0.006024,0.000024,0.000003,0.007513,0.000223,0.000004,0.003279,0.017074
165,0.005745,0.000026,0.000003,0.006864,0.000248,0.000004,0.003238,0.016131
166,0.017584,0.000027,0.000002,0.035621,0.000263,0.000004,0.004181,0.057686
167,0.005910,0.000026,0.000003,0.029622,0.000241,0.000004,0.003516,0.039325
168,0.006125,0.000027,0.000003,0.028542,0.000245,0.000004,0.003496,0.038446
169,0.005810,0.000028,0.000002,0.039679,0.000241,0.000004,0.003896,0.049664
170,0.006112,0.000027,0.000003,0.041395,0.000246,0.000004,0.003384,0.051176
171,0.005746,0.000026,0.000003,0.034123,0.000244,0.000004,0.003286,0.043436
172,0.005786,0.000026,0.000003,0.031772,0.000218,0.000003,0.003256,0.041066
173,0.005610,0.000025,0.000003,0.009510,0.000239,0.000004,0.003238,0.018631
174,0.005592,0.000027,0.000003,0.029565,0.000227,0.000004,0.003264,0.038685
175,0.005927,0.000029,0.000003,0.006927,0.000235,0.000004,0.003290,0.016418
176,0.005851,0.000030,0.000003,0.033053,0.000213,0.000004,0.003375,0.042530
177,0.005683,0.000027,0.000002,0.032500,0.000230,0.000004,0.003204,0.041653
178,0.005737,0.000028,0.000002,0.043862,0.000262,0.000006,0.003328,0.053230
179,0.006136,0.000025,0.000003,0.003454,0.000230,0.000004,0.003726,0.013582
180,0.006727,0.000026,0.000003,0.035888,0.000221,0.000004,0.003322,0.046194
181,0.005091,0.000027,0.000003,0.032931,0.000218,0.000004,0.003090,0.041366
182,0.005919,0.000027,0.000003,0.032054,0.000240,0.000004,0.003217,0.041467
183,0.005140,0.000027,0.000003,0.006640,0.000209,0.000004,0.002987,0.015013
184,0.009652,0.000025,0.000003,0.030475,0.000223,0.000004,0.003023,0.043407
185,0.005054,0.000023,0.000003,0.007285,0.000207,0.000004,0.003054,0.015634
186,0.005144,0.000024,0.000002,0.039594,0.000362,0.000004,0.003047,0.048190
187,0.006070,0.000026,0.000004,0.037156,0.000250,0.000004,0.003271,0.046785
188,0.005827,0.000026,0.000003,0.032568,0.000206,0.000004,0.003355,0.041994
189,0.005720,0.000025,0.000003,0.008052,0.000208,0.000004,0.003245,0.017260
190,0.004685,0.000021,0.000002,0.029481,0.000210,0.000004,0.002961,0.037369
191,0.005587,0.000024,0.000003,0.031941,0.000233,0.000004,0.005634,0.043435
128,0.014074,0.000038,0.000004,0.040143,0.000259,0.000004,0.005643,0.060169
129,0.011944,0.000027,0.000003,0.034909,0.000259,0.000004,0.005404,0.052553
130,0.011586,0.000032,0.000003,0.033086,0.000260,0.000004,0.005247,0.050222
131,0.005426,0.000026,0.000003,0.002717,0.000226,0.000004,0.004475,0.012882
132,0.011288,0.000036,0.000003,0.039664,0.000259,0.000004,0.004757,0.056014
133,0.005224,0.000026,0.000003,0.036685,0.000245,0.000004,0.004346,0.046538
134,0.005995,0.000028,0.000003,0.042093,0.000248,0.000004,0.004797,0.053173
135,0.005065,0.000025,0.000003,0.007682,0.000222,0.000004,0.004215,0.017219
136,0.005834,0.000025,0.000003,0.034497,0.000241,0.000004,0.005060,0.045669
137,0.006230,0.000028,0.000003,0.046763,0.000266,0.000006,0.004854,0.058154
138,0.006086,0.000028,0.000002,0.004795,0.000241,0.000005,0.004946,0.016108
139,0.005190,0.000026,0.000003,0.038163,0.000262,0.000004,0.004868,0.048520
140,0.005741,0.000032,0.000003,0.003181,0.000270,0.000005,0.005056,0.014291
141,0.007270,0.000038,0.000004,0.004994,0.000240,0.000005,0.005152,0.017707
142,0.006100,0.000027,0.000002,0.037372,0.000237,0.000004,0.004998,0.048746
143,0.005437,0.000028,0.000003,0.032156,0.000246,0.000004,0.004633,0.042510
144,0.005356,0.000033,0.000003,0.009383,0.000240,0.000005,0.004408,0.019431
145,0.006059,0.000027,0.000003,0.033112,0.000279,0.000004,0.005073,0.044561
146,0.010313,0.000029,0.000003,0.003563,0.000242,0.000005,0.004890,0.019049
147,0.011585,0.000034,0.000003,0.037691,0.000251,0.000004,0.004988,0.054559
148,0.011830,0.000031,0.000003,0.034272,0.000362,0.000004,0.004922,0.051437
149,0.006434,0.000033,0.000004,0.036967,0.000233,0.000004,0.004794,0.048472
150,0.006196,0.000031,0.000003,0.037951,0.000257,0.000004,0.004697,0.049143
151,0.005999,0.000028,0.000003,0.039841,0.000217,0.000004,0.004791,0.050887
152,0.005913,0.000032,0.000003,0.038743,0.000261,0.000004,0.004800,0.049761
153,0.005112,0.000025,0.000003,0.002455,0.000224,0.000004,0.004059,0.011886
154,0.012027,0.000031,0.000003,0.037973,0.000252,0.000004,0.004780,0.055076
155,0.008936,0.000030,0.000003,0.035558,0.000284,0.000004,0.004884,0.049703
156,0.006312,0.000037,0.000003,0.026223,0.000241,0.000004,0.004727,0.037552
157,0.006726,0.000036,0.000003,0.034319,0.000252,0.000004,0.004759,0.046103
158,0.006413,0.000035,0.000003,0.035303,0.000242,0.000004,0.004628,0.046632
159,0.005814,0.000026,0.000003,0.007942,0.000244,0.000004,0.004382,0.018418
160,0.004965,0.000024,0.000002,0.002479,0.000210,0.000004,0.004193,0.011881
161,0.006377,0.000027,0.000003,0.030810,0.000257,0.000005,0.004620,0.042103
162,0.005745,0.000029,0.000003,0.034634,0.000231,0.000004,0.012273,0.052929
163,0.008120,0.000026,0.000003,0.035077,0.000223,0.000004,0.004408,0.047865
164,0.005921,0.000027,0.000004,0.006465,0.000224,0.000005,0.004105,0.016755
165,0.006402,0.000031,0.000003,0.028747,0.000217,0.000004,0.004454,0.039861
166,0.005840,0.000029,0.000003,0.031070,0.000246,0.000004,0.004533,0.041728
167,0.009707,0.000023,0.000003,0.035055,0.000260,0.000004,0.004052,0.049108
168,0.010068,0.000025,0.000003,0.033677,0.000254,0.000004,0.004223,0.048259
169,0.011357,0.000028,0.000003,0.032271,0.000232,0.000004,0.004585,0.048483
170,0.005479,0.000024,0.000002,0.034545,0.000269,0.000004,0.004800,0.045127
171,0.006186,0.000028,0.000003,0.007567,0.000255,0.000004,0.004557,0.018604
172,0.005787,0.000026,0.000003,0.010871,0.000255,0.000004,0.004631,0.021581
173,0.005795,0.000030,0.000003,0.033294,0.000250,0.000004,0.004530,0.043909
174,0.005691,0.000031,0.000003,0.005749,0.000237,0.000004,0.004261,0.015980
175,0.004839,0.000024,0.000003,0.031401,0.000235,0.000004,0.004302,0.040812
176,0.011189,0.000025,0.000003,0.036932,0.000249,0.000004,0.004552,0.052957
177,0.005728,0.000025,0.000003,0.025624,0.000243,0.000004,0.004700,0.036332
178,0.006797,0.000036,0.000003,0.004808,0.000261,0.000004,0.004883,0.016797
179,0.005632,0.000025,0.000003,0.033381,0.000252,0.000004,0.004714,0.044017
180,0.006548,0.000024,0.000003,0.031662,0.000244,0.000004,0.004291,0.042779
181,0.005344,0.000025,0.000003,0.026766,0.000233,0.000004,0.004191,0.036570
182,0.006043,0.000033,0.000003,0.029743,0.000228,0.000004,0.004673,0.040732
183,0.005805,0.000024,0.000003,0.033656,0.000231,0.000004,0.004647,0.044373
184,0.005621,0.000026,0.000003,0.033670,0.000228,0.000004,0.004650,0.044214
185,0.005579,0.000027,0.000003,0.028872,0.000255,0.000004,0.004838,0.039581
186,0.005773,0.000031,0.000003,0.007575,0.000224,0.000004,0.004580,0.018195
187,0.005640,0.000032,0.000003,0.031888,0.000233,0.000004,0.004395,0.042199
188,0.007674,0.000024,0.000003,0.025826,0.000374,0.000004,0.005660,0.039570
189,0.013651,0.000039,0.000003,0.031156,0.000354,0.000006,0.005447,0.050661
190,0.012159,0.000036,0.000003,0.030578,0.000376,0.000005,0.004963,0.048124
191,0.014510,0.000045,0.000004,0.031827,0.000374,0.000006,0.005193,0.051963
128,0.019239,0.000030,0.000002,0.038330,0.000228,0.000004,0.000369,0.058204
129,0.006587,0.000027,0.000003,0.031018,0.000225,0.000004,0.000264,0.038128
130,0.006024,0.000032,0.000003,0.008204,0.000235,0.000004,0.000312,0.014816
131,0.006220,0.000031,0.000003,0.040372,0.000238,0.000004,0.000286,0.047154
132,0.006400,0.000033,0.000003,0.006996,0.000260,0.000004,0.000289,0.013986
133,0.005915,0.000026,0.000002,0.036719,0.000240,0.000004,0.000300,0.043208
134,0.005948,0.000030,0.000002,0.038621,0.000211,0.000004,0.000268,0.045086
135,0.006560,0.000032,0.000003,0.006525,0.000246,0.000004,0.000273,0.013645
136,0.005148,0.000026,0.000002,0.029761,0.000207,0.000004,0.000256,0.035405
137,0.006170,0.000030,0.000003,0.006628,0.000246,0.000004,0.000292,0.013375
138,0.005396,0.000031,0.000002,0.009841,0.000235,0.000005,0.000294,0.015806
139,0.008113,0.000025,0.000003,0.036302,0.000224,0.000004,0.000277,0.044947
140,0.005174,0.000026,0.000002,0.036147,0.000199,0.000004,0.000250,0.041803
141,0.006647,0.000028,0.000003,0.044595,0.000260,0.000004,0.000291,0.051829
142,0.005769,0.000026,0.000002,0.036837,0.000258,0.000004,0.000297,0.043195
143,0.005288,0.000024,0.000003,0.027974,0.000206,0.000004,0.000246,0.033747
144,0.005912,0.000028,0.000002,0.042561,0.000236,0.000004,0.000278,0.049025
145,0.006500,0.000043,0.000003,0.043753,0.000247,0.000004,0.000282,0.050833
146,0.005704,0.000025,0.000003,0.043203,0.000360,0.000004,0.000303,0.049606
147,0.006105,0.000026,0.000003,0.035707,0.000230,0.000004,0.000328,0.042404
148,0.006120,0.000027,0.000003,0.037740,0.000232,0.000004,0.000276,0.044402
149,0.005226,0.000025,0.000003,0.038534,0.000282,0.000004,0.000258,0.044333
150,0.007302,0.000030,0.000002,0.035977,0.000253,0.000004,0.000280,0.043850
151,0.007107,0.000031,0.000003,0.037490,0.000236,0.000004,0.000264,0.045136
152,0.006125,0.000025,0.000003,0.035479,0.000213,0.000004,0.000264,0.042114
153,0.005403,0.000025,0.000002,0.031707,0.000227,0.000004,0.000269,0.037639
154,0.008451,0.000036,0.000003,0.029923,0.000242,0.000004,0.000303,0.038964
155,0.005033,0.000024,0.000002,0.045179,0.000234,0.000004,0.000346,0.050823
156,0.008050,0.000028,0.000004,0.040464,0.000236,0.000004,0.000287,0.049074
157,0.007313,0.000029,0.000003,0.044343,0.000245,0.000004,0.000299,0.052237
158,0.006330,0.000025,0.000002,0.035037,0.000247,0.000004,0.000271,0.041920
159,0.007259,0.000026,0.000003,0.011347,0.000252,0.000004,0.000284,0.019176
160,0.006580,0.000033,0.000003,0.037872,0.000230,0.000004,0.000289,0.045012
161,0.006981,0.000029,0.000003,0.008421,0.000222,0.000004,0.000247,0.015908
162,0.013382,0.000035,0.000002,0.008858,0.000265,0.000004,0.000288,0.022837
163,0.005364,0.000028,0.000003,0.002693,0.000236,0.000005,0.000288,0.008619
164,0.006408,0.000027,0.000003,0.040626,0.000233,0.000004,0.000268,0.047570
165,0.007789,0.000030,0.000003,0.038906,0.000226,0.000003,0.000256,0.047215
166,0.005673,0.000026,0.000003,0.041388,0.000246,0.000004,0.000256,0.047597
167,0.008287,0.000029,0.000003,0.038009,0.000223,0.000004,0.000269,0.046824
168,0.005224,0.000027,0.000003,0.006030,0.000222,0.000004,0.000232,0.011742
169,0.005719,0.000024,0.000002,0.042246,0.000353,0.000004,0.000290,0.048643
170,0.007657,0.000026,0.000003,0.040554,0.000213,0.000004,0.000285,0.048746
128,0.019600,0.000030,0.000003,0.040486,0.000255,0.000004,0.003176,0.063557
171,0.006360,0.000027,0.000003,0.046594,0.000243,0.000004,0.000273,0.053507
129,0.010369,0.000027,0.000002,0.003048,0.000301,0.000007,0.003161,0.016920
172,0.008180,0.000026,0.000003,0.008207,0.000249,0.000004,0.000299,0.016969
130,0.018671,0.000032,0.000003,0.009305,0.000251,0.000005,0.002969,0.031240
173,0.008747,0.000031,0.000003,0.010074,0.000241,0.000004,0.000249,0.019351
131,0.010588,0.000028,0.000003,0.040067,0.000257,0.000004,0.002694,0.053646
174,0.006542,0.000023,0.000002,0.043197,0.000230,0.000004,0.000251,0.050250
132,0.006271,0.000030,0.000003,0.007173,0.000261,0.000004,0.002998,0.016744
133,0.006406,0.000028,0.000003,0.012201,0.000265,0.000004,0.003391,0.022304
175,0.007567,0.000030,0.000003,0.041455,0.000225,0.000004,0.000277,0.049563
134,0.005601,0.000027,0.000003,0.004150,0.000229,0.000004,0.002593,0.012610
176,0.006228,0.000031,0.000003,0.045696,0.000236,0.000004,0.000262,0.052461
135,0.011860,0.000030,0.000003,0.038773,0.000254,0.000004,0.003011,0.053940
136,0.009871,0.000027,0.000003,0.003357,0.000231,0.000004,0.002706,0.016201
177,0.006218,0.000027,0.000003,0.040265,0.000234,0.000004,0.000258,0.047009
137,0.006096,0.000029,0.000003,0.041258,0.000262,0.000004,0.002997,0.050653
138,0.006260,0.000029,0.000003,0.009269,0.000232,0.000004,0.002913,0.018714
178,0.006179,0.000027,0.000003,0.043857,0.000224,0.000004,0.000278,0.050574
139,0.011783,0.000027,0.000003,0.044959,0.000253,0.000004,0.002806,0.059839
179,0.006169,0.000030,0.000003,0.049123,0.000229,0.000004,0.000338,0.055898
140,0.010609,0.000028,0.000003,0.036012,0.000217,0.000004,0.002550,0.049427
180,0.006991,0.000029,0.000003,0.044832,0.000216,0.000004,0.000265,0.052341
141,0.009877,0.000024,0.000003,0.003056,0.000229,0.000004,0.002588,0.015785
181,0.005988,0.000026,0.000003,0.041531,0.000241,0.000004,0.000268,0.048063
142,0.012199,0.000032,0.000003,0.047102,0.000262,0.000004,0.002892,0.062497
143,0.010146,0.000024,0.000003,0.007251,0.000203,0.000004,0.002666,0.020301
182,0.006202,0.000030,0.000002,0.046222,0.000255,0.000004,0.000270,0.052987
144,0.011633,0.000029,0.000003,0.039350,0.000234,0.000004,0.002845,0.054102
183,0.006138,0.000028,0.000003,0.045474,0.000225,0.000004,0.000273,0.052146
145,0.011689,0.000030,0.000003,0.039449,0.000215,0.000004,0.002858,0.054252
184,0.006476,0.000030,0.000003,0.046351,0.000234,0.000004,0.000271,0.053370
146,0.012677,0.000031,0.000003,0.037703,0.000232,0.000004,0.002988,0.053643
185,0.006176,0.000027,0.000003,0.056150,0.000389,0.000005,0.000312,0.063067
147,0.012281,0.000030,0.000003,0.042340,0.000226,0.000004,0.002810,0.057698
186,0.006418,0.000033,0.000004,0.042798,0.000226,0.000004,0.000276,0.049760
148,0.011414,0.000027,0.000003,0.004002,0.000225,0.000004,0.002784,0.018462
187,0.007121,0.000030,0.000003,0.013564,0.000244,0.000004,0.000281,0.021249
149,0.006129,0.000028,0.000003,0.036863,0.000254,0.000004,0.002918,0.046203
188,0.005316,0.000026,0.000002,0.035752,0.000215,0.000004,0.000255,0.041572
150,0.009963,0.000026,0.000002,0.036326,0.000224,0.000004,0.002607,0.049156
189,0.007383,0.000026,0.000003,0.039143,0.000221,0.000004,0.000286,0.047067
190,0.006177,0.000031,0.000003,0.047003,0.000260,0.000004,0.000282,0.053761
151,0.012657,0.000036,0.000004,0.043694,0.000242,0.000004,0.002896,0.059537
191,0.006461,0.000027,0.000003,0.041967,0.000260,0.000004,0.000239,0.048963
152,0.012063,0.000028,0.000003,0.040754,0.000243,0.000004,0.002800,0.055899
153,0.011922,0.000028,0.000002,0.003825,0.000210,0.000004,0.002744,0.018740
154,0.005918,0.000028,0.000002,0.042644,0.000232,0.000004,0.002725,0.051557
155,0.005973,0.000027,0.000003,0.033743,0.000253,0.000004,0.002828,0.042834
156,0.006041,0.000034,0.000003,0.031356,0.000226,0.000004,0.002784,0.040452
157,0.013411,0.000028,0.000004,0.011176,0.000215,0.000004,0.002672,0.027512
158,0.009575,0.000026,0.000003,0.031345,0.000194,0.000004,0.002384,0.043534
159,0.009546,0.000029,0.000004,0.029955,0.000204,0.000003,0.002391,0.042137
160,0.010223,0.000026,0.000003,0.026467,0.000229,0.000004,0.002261,0.039218
161,0.012161,0.000029,0.000003,0.034522,0.000219,0.000004,0.002567,0.049508
162,0.005548,0.000025,0.000002,0.005075,0.000233,0.000004,0.003074,0.013964
163,0.012275,0.000028,0.000003,0.008479,0.000221,0.000004,0.002610,0.023624
164,0.011258,0.000030,0.000003,0.029320,0.000243,0.000004,0.002685,0.043548
165,0.012521,0.000031,0.000003,0.029014,0.000224,0.000004,0.002609,0.044409
166,0.010931,0.000025,0.000003,0.029367,0.000218,0.000004,0.002584,0.043136
167,0.011860,0.000031,0.000003,0.028129,0.000239,0.000004,0.002635,0.042906
168,0.012627,0.000029,0.000004,0.003548,0.000249,0.000005,0.002750,0.019215
169,0.005344,0.000025,0.000003,0.003269,0.000229,0.000004,0.002691,0.011568
170,0.011572,0.000028,0.000002,0.025217,0.000222,0.000004,0.002664,0.039711
171,0.011481,0.000025,0.000003,0.028542,0.000229,0.000004,0.002659,0.042946
172,0.011233,0.000026,0.000003,0.032373,0.000233,0.000004,0.002741,0.046617
173,0.011672,0.000032,0.000003,0.035008,0.000231,0.000004,0.002736,0.049689
174,0.011237,0.000029,0.000003,0.033370,0.000233,0.000004,0.002594,0.047472
175,0.010802,0.000027,0.000003,0.012295,0.000237,0.000004,0.002547,0.025920
176,0.011530,0.000029,0.000003,0.027794,0.000221,0.000004,0.002669,0.042253
177,0.011535,0.000027,0.000003,0.030924,0.000227,0.000003,0.002698,0.045421
178,0.005857,0.000031,0.000003,0.030895,0.000234,0.000004,0.002720,0.039747
179,0.005901,0.000031,0.000003,0.033560,0.000218,0.000004,0.002623,0.042343
180,0.005598,0.000026,0.000003,0.030452,0.000208,0.000004,0.002567,0.038860
181,0.011137,0.000028,0.000003,0.033879,0.000209,0.000004,0.002532,0.047795
182,0.011096,0.000032,0.000003,0.030572,0.000232,0.000004,0.002675,0.044617
183,0.011186,0.000031,0.000003,0.033305,0.000218,0.000004,0.002651,0.047401
184,0.007622,0.000040,0.000005,0.052704,0.000319,0.000008,0.004066,0.064767
185,0.006947,0.000039,0.000003,0.056424,0.000334,0.000006,0.003962,0.067721
186,0.014975,0.000037,0.000004,0.008917,0.000321,0.000006,0.004313,0.028578
187,0.018696,0.000071,0.000007,0.010223,0.000242,0.000004,0.002628,0.031875
188,0.005023,0.000030,0.000003,0.022895,0.000213,0.000004,0.002369,0.030540
189,0.011914,0.000029,0.000003,0.026202,0.000209,0.000004,0.002524,0.040887
190,0.011728,0.000029,0.000003,0.027473,0.000219,0.000004,0.002786,0.042245
191,0.011128,0.000025,0.000003,0.007029,0.000217,0.000004,0.002677,0.021085
128,0.011016,0.000030,0.000003,0.038541,0.000245,0.000004,0.006411,0.056254
129,0.005963,0.000026,0.000004,0.006730,0.000238,0.000004,0.006272,0.019241
130,0.005181,0.000026,0.000003,0.036046,0.000223,0.000004,0.005421,0.046906
131,0.006918,0.000035,0.000004,0.040063,0.000248,0.000004,0.006140,0.053416
132,0.005259,0.000024,0.000003,0.035510,0.000246,0.000004,0.005561,0.046610
133,0.005273,0.000028,0.000003,0.032769,0.000228,0.000004,0.005073,0.043384
134,0.006173,0.000028,0.000004,0.048184,0.000270,0.000003,0.006879,0.061545
135,0.006442,0.000027,0.000003,0.011739,0.000250,0.000004,0.006135,0.024603
136,0.006853,0.000034,0.000004,0.035131,0.000246,0.000004,0.006387,0.048662
137,0.006417,0.000031,0.000005,0.003876,0.000225,0.000004,0.007009,0.017570
138,0.006378,0.000032,0.000004,0.039209,0.000243,0.000004,0.005812,0.051687
139,0.012320,0.000032,0.000004,0.040281,0.000258,0.000004,0.006084,0.058988
140,0.006807,0.000029,0.000003,0.036462,0.000230,0.000004,0.005953,0.049493
141,0.005688,0.000025,0.000004,0.034029,0.000214,0.000003,0.005018,0.044985
142,0.005919,0.000026,0.000003,0.007002,0.000210,0.000004,0.005654,0.018820
143,0.005064,0.000026,0.000003,0.035265,0.000213,0.000004,0.005208,0.045786
144,0.007126,0.000031,0.000003,0.035428,0.000229,0.000003,0.005680,0.048504
145,0.007106,0.000032,0.000004,0.040176,0.000244,0.000004,0.005597,0.053166
146,0.006194,0.000030,0.000004,0.043393,0.000258,0.000004,0.005643,0.055529
147,0.007384,0.000027,0.000003,0.009175,0.000245,0.000005,0.007051,0.023894
148,0.006049,0.000031,0.000004,0.032725,0.000260,0.000004,0.005325,0.044403
149,0.005989,0.000029,0.000003,0.033417,0.000243,0.000004,0.006190,0.045878
150,0.011890,0.000034,0.000005,0.036301,0.000231,0.000004,0.005854,0.054322
151,0.005771,0.000030,0.000003,0.004398,0.000227,0.000004,0.005614,0.016051
152,0.005300,0.000029,0.000003,0.002804,0.000234,0.000005,0.005645,0.014026
153,0.006675,0.000029,0.000004,0.031316,0.000242,0.000004,0.005694,0.043968
154,0.010663,0.000028,0.000003,0.030448,0.000231,0.000003,0.005095,0.046476
155,0.006728,0.000035,0.000004,0.008964,0.000215,0.000005,0.005681,0.021635
156,0.005705,0.000026,0.000003,0.032009,0.000219,0.000004,0.005165,0.043135
157,0.005784,0.000027,0.000004,0.035736,0.000220,0.000004,0.005090,0.046868
158,0.005694,0.000029,0.000003,0.036205,0.000239,0.000004,0.005670,0.047847
159,0.006828,0.000031,0.000005,0.030755,0.000224,0.000004,0.005375,0.043226
160,0.005574,0.000034,0.000004,0.031222,0.000210,0.000004,0.004662,0.041713
161,0.004913,0.000025,0.000004,0.002507,0.000216,0.000003,0.005047,0.012719
162,0.005752,0.000026,0.000003,0.005875,0.000235,0.000004,0.005726,0.017625
163,0.005633,0.000038,0.000004,0.032677,0.000243,0.000004,0.005630,0.044234
164,0.005811,0.000029,0.000003,0.032234,0.000245,0.000004,0.005691,0.044022
165,0.005824,0.000025,0.000003,0.035106,0.000265,0.000004,0.005659,0.046891
166,0.004973,0.000025,0.000003,0.037982,0.000237,0.000004,0.004915,0.048143
167,0.005814,0.000027,0.000003,0.036923,0.000254,0.000004,0.005372,0.048400
168,0.007183,0.000030,0.000004,0.038823,0.000260,0.000004,0.005328,0.051636
169,0.006659,0.000025,0.000003,0.027227,0.000223,0.000004,0.005658,0.039804
170,0.005992,0.000028,0.000003,0.032403,0.000223,0.000004,0.005341,0.044000
171,0.005657,0.000026,0.000004,0.011088,0.000240,0.000004,0.005775,0.022799
172,0.005921,0.000028,0.000004,0.006160,0.000221,0.000004,0.005554,0.017897
173,0.005682,0.000026,0.000003,0.029724,0.000236,0.000004,0.005529,0.041209
174,0.005877,0.000027,0.000004,0.029848,0.000235,0.000004,0.005637,0.041634
175,0.005747,0.000027,0.000003,0.028705,0.000212,0.000003,0.005205,0.039905
176,0.005187,0.000027,0.000003,0.032514,0.000237,0.000004,0.004691,0.042666
177,0.005498,0.000025,0.000004,0.024109,0.000238,0.000004,0.005427,0.035309
178,0.006873,0.000027,0.000003,0.035392,0.000238,0.000004,0.005342,0.047882
179,0.012117,0.000030,0.000003,0.006740,0.000243,0.000004,0.006052,0.025195
180,0.005748,0.000039,0.000003,0.030323,0.000227,0.000004,0.005376,0.041724
181,0.006361,0.000033,0.000004,0.027511,0.000234,0.000004,0.005502,0.039653
182,0.006016,0.000026,0.000003,0.026134,0.000245,0.000004,0.005465,0.037898
183,0.005739,0.000030,0.000003,0.003169,0.000222,0.000006,0.005290,0.014462
184,0.005550,0.000025,0.000004,0.026141,0.000246,0.000004,0.005533,0.037508
185,0.005707,0.000030,0.000003,0.028195,0.000253,0.000004,0.005683,0.039880
186,0.007107,0.000030,0.000004,0.029284,0.000246,0.000004,0.005167,0.041846
187,0.005632,0.000028,0.000003,0.003419,0.000210,0.000004,0.004912,0.014211
188,0.006238,0.000028,0.000004,0.021132,0.000231,0.000004,0.005049,0.032689
189,0.006305,0.000029,0.000004,0.003052,0.000234,0.000004,0.005565,0.015196
190,0.005422,0.000026,0.000004,0.006383,0.000245,0.000004,0.005694,0.017783
191,0.006346,0.000029,0.000003,0.026036,0.000235,0.000004,0.005150,0.037807
128,0.017732,0.000059,0.000005,0.007648,0.000363,0.000005,0.005359,0.031185
129,0.006576,0.000028,0.000002,0.044831,0.000251,0.000005,0.005172,0.056870
130,0.007113,0.000031,0.000003,0.042356,0.000255,0.000004,0.005507,0.055275
131,0.007563,0.000050,0.000003,0.049598,0.000244,0.000004,0.005199,0.062665
132,0.006335,0.000028,0.000003,0.047914,0.000227,0.000004,0.005204,0.059719
133,0.005649,0.000025,0.000002,0.045487,0.000231,0.000004,0.004453,0.055856
134,0.005252,0.000025,0.000003,0.004866,0.000224,0.000004,0.004562,0.014940
135,0.005720,0.000027,0.000002,0.046047,0.000293,0.000004,0.004849,0.056947
136,0.006569,0.000030,0.000003,0.046836,0.000253,0.000004,0.005133,0.058834
137,0.006195,0.000030,0.000003,0.050673,0.000259,0.000004,0.005781,0.062947
138,0.006156,0.000033,0.000002,0.007995,0.000235,0.000004,0.004923,0.019353
139,0.006155,0.000026,0.000003,0.047428,0.000265,0.000004,0.004785,0.058670
140,0.005519,0.000030,0.000003,0.054436,0.000335,0.000007,0.006884,0.067217
141,0.007716,0.000035,0.000004,0.060190,0.000237,0.000004,0.004482,0.072671
142,0.006051,0.000032,0.000002,0.045974,0.000246,0.000004,0.006706,0.059018
143,0.006087,0.000031,0.000003,0.039655,0.000225,0.000004,0.004361,0.050370
144,0.006721,0.000028,0.000003,0.004243,0.000219,0.000004,0.004472,0.015694
145,0.006115,0.000028,0.000003,0.038842,0.000234,0.000004,0.004589,0.049818
146,0.005539,0.000025,0.000003,0.039844,0.000206,0.000004,0.004118,0.049742
147,0.006133,0.000027,0.000002,0.035927,0.000239,0.000004,0.004444,0.046781
148,0.014221,0.000041,0.000003,0.005229,0.000260,0.000004,0.004679,0.024442
149,0.005559,0.000030,0.000003,0.032749,0.000242,0.000004,0.003999,0.042590
150,0.006183,0.000026,0.000003,0.032157,0.000255,0.000004,0.004455,0.043087
151,0.006089,0.000030,0.000003,0.008720,0.000263,0.000004,0.004511,0.019625
152,0.006309,0.000031,0.000002,0.043832,0.000840,0.000016,0.009633,0.060667
153,0.006608,0.000032,0.000003,0.029496,0.000272,0.000004,0.004104,0.040523
154,0.013813,0.000146,0.000014,0.004791,0.000925,0.000015,0.007231,0.026946
155,0.012264,0.000033,0.000003,0.038252,0.000267,0.000005,0.004370,0.055198
156,0.006001,0.000030,0.000003,0.040044,0.000234,0.000004,0.004493,0.050814
157,0.009252,0.000037,0.000003,0.031560,0.000336,0.000004,0.003786,0.044982
158,0.005930,0.000031,0.000003,0.007570,0.000237,0.000004,0.004228,0.018009
159,0.006312,0.000045,0.000003,0.037450,0.000223,0.000004,0.004204,0.048244
160,0.005740,0.000027,0.000002,0.038819,0.000218,0.000004,0.004274,0.049089
161,0.006210,0.000031,0.000003,0.040766,0.000262,0.000004,0.004280,0.051560
162,0.005986,0.000035,0.000003,0.003793,0.000258,0.000017,0.003845,0.013940
163,0.005685,0.000026,0.000002,0.037576,0.000255,0.000005,0.004610,0.048166
164,0.007082,0.000029,0.000003,0.009852,0.000234,0.000004,0.004815,0.022026
128,0.008691,0.000038,0.000004,0.016291,0.000339,0.000005,0.008024,0.033404
165,0.005680,0.000026,0.000003,0.037016,0.000284,0.000004,0.004998,0.048016
166,0.005775,0.000029,0.000003,0.003561,0.000220,0.000005,0.004177,0.013775
129,0.006302,0.000036,0.000003,0.042216,0.000244,0.000004,0.006499,0.055307
130,0.006454,0.000026,0.000003,0.039397,0.000250,0.000004,0.006269,0.052408
167,0.006131,0.000028,0.000003,0.053457,0.000258,0.000004,0.005691,0.065576
131,0.006332,0.000029,0.000002,0.042581,0.000262,0.000004,0.006473,0.055687
168,0.006316,0.000038,0.000003,0.048363,0.000227,0.000004,0.004964,0.059920
132,0.012382,0.000027,0.000002,0.039731,0.000290,0.000004,0.006138,0.058579
169,0.006310,0.000029,0.000003,0.048217,0.000229,0.000006,0.005105,0.059903
133,0.007288,0.000028,0.000002,0.042169,0.000257,0.000005,0.006650,0.056406
170,0.006369,0.000028,0.000003,0.044878,0.000223,0.000005,0.004621,0.056132
171,0.006401,0.000031,0.000003,0.013971,0.000290,0.000004,0.005073,0.025777
134,0.006238,0.000032,0.000003,0.042856,0.000256,0.000004,0.006392,0.055784
172,0.006302,0.000029,0.000003,0.046908,0.000347,0.000004,0.004894,0.058497
135,0.006337,0.000027,0.000002,0.040997,0.000284,0.000004,0.006268,0.053923
173,0.006714,0.000032,0.000003,0.039945,0.000272,0.000004,0.004998,0.051973
136,0.006438,0.000027,0.000003,0.059978,0.000383,0.000007,0.010678,0.077521
174,0.006673,0.000033,0.000003,0.046989,0.000246,0.000004,0.004812,0.058765
175,0.012085,0.000028,0.000003,0.041397,0.000223,0.000004,0.004862,0.058606
137,0.009158,0.000039,0.000004,0.055711,0.000383,0.000008,0.009901,0.075211
176,0.006413,0.000028,0.000003,0.037434,0.000227,0.000004,0.004760,0.048873
138,0.008521,0.000037,0.000003,0.049680,0.000264,0.000005,0.006264,0.064779
177,0.012272,0.000028,0.000003,0.038679,0.000246,0.000004,0.004671,0.055907
139,0.006408,0.000029,0.000002,0.029374,0.000260,0.000004,0.006097,0.042181
178,0.006108,0.000032,0.000002,0.043032,0.000237,0.000004,0.004594,0.054014
140,0.006092,0.000028,0.000003,0.044384,0.000253,0.000004,0.006416,0.057184
179,0.006089,0.000027,0.000002,0.043900,0.000384,0.000010,0.004727,0.055170
141,0.006170,0.000026,0.000003,0.042510,0.000273,0.000004,0.006326,0.055315
180,0.006646,0.000030,0.000004,0.007108,0.000243,0.000005,0.004899,0.018939
142,0.006168,0.000026,0.000002,0.012871,0.000245,0.000004,0.006456,0.025775
181,0.006750,0.000029,0.000003,0.037234,0.000269,0.000004,0.004806,0.049100
143,0.006399,0.000033,0.000002,0.037295,0.000231,0.000004,0.006001,0.049969
182,0.006025,0.000026,0.000003,0.008702,0.000270,0.000005,0.005164,0.020198
144,0.005188,0.000026,0.000003,0.004888,0.000210,0.000004,0.005858,0.016181
183,0.005873,0.000027,0.000002,0.039286,0.000317,0.000005,0.004698,0.050213
145,0.005323,0.000027,0.000003,0.034721,0.000244,0.000004,0.005554,0.045879
184,0.006541,0.000030,0.000003,0.008057,0.000252,0.000004,0.004477,0.019368
146,0.004971,0.000025,0.000003,0.008431,0.000222,0.000004,0.007680,0.021340
185,0.006145,0.000030,0.000003,0.039624,0.000280,0.000004,0.004510,0.050601
147,0.006067,0.000029,0.000003,0.036761,0.000255,0.000004,0.006499,0.049621
186,0.006085,0.000028,0.000003,0.006129,0.000261,0.000004,0.004616,0.017131
148,0.005975,0.000029,0.000003,0.037257,0.000272,0.000004,0.005885,0.049430
187,0.006013,0.000028,0.000002,0.042257,0.000229,0.000004,0.004322,0.052858
149,0.005339,0.000031,0.000002,0.025894,0.000248,0.000004,0.005068,0.036592
188,0.005758,0.000026,0.000002,0.036724,0.000257,0.000004,0.004272,0.047047
189,0.004940,0.000024,0.000003,0.008220,0.000224,0.000004,0.003937,0.017355
150,0.006230,0.000032,0.000002,0.037600,0.000241,0.000004,0.005560,0.049674
151,0.014050,0.000034,0.000002,0.011749,0.000266,0.000004,0.005494,0.031605
190,0.006035,0.000031,0.000003,0.032319,0.000227,0.000004,0.004221,0.042843
152,0.005813,0.000029,0.000012,0.011041,0.000250,0.000004,0.005781,0.022934
191,0.005891,0.000027,0.000003,0.009089,0.000258,0.000004,0.006254,0.021531
153,0.005483,0.000025,0.000002,0.032875,0.000245,0.000003,0.005055,0.043695
154,0.005980,0.000028,0.000003,0.028023,0.000224,0.000004,0.005546,0.039811
155,0.005946,0.000031,0.000003,0.040252,0.000209,0.000004,0.005273,0.051721
156,0.005015,0.000025,0.000003,0.032719,0.000205,0.000004,0.004794,0.042768
157,0.005534,0.000027,0.000004,0.031088,0.000254,0.000004,0.005760,0.042677
158,0.005782,0.000028,0.000003,0.008366,0.000231,0.000004,0.005591,0.020009
159,0.005838,0.000030,0.000003,0.036011,0.000350,0.000004,0.005564,0.047811
160,0.006066,0.000030,0.000004,0.005806,0.000265,0.000004,0.005696,0.017876
161,0.006024,0.000027,0.000002,0.034725,0.000250,0.000004,0.005632,0.046669
162,0.006124,0.000030,0.000003,0.031740,0.000236,0.000004,0.005608,0.043748
163,0.006249,0.000032,0.000003,0.004811,0.000267,0.000005,0.006129,0.017500
164,0.005805,0.000028,0.000003,0.003975,0.000207,0.000004,0.005434,0.015459
165,0.005648,0.000029,0.000002,0.031474,0.000238,0.000004,0.005517,0.042915
166,0.006023,0.000032,0.000003,0.036661,0.000305,0.000004,0.005551,0.048582
167,0.006491,0.000030,0.000002,0.030986,0.000259,0.000004,0.005599,0.043374
168,0.006018,0.000029,0.000003,0.035684,0.000254,0.000004,0.005742,0.047738
169,0.005186,0.000028,0.000002,0.031351,0.000228,0.000004,0.005000,0.041804
170,0.006103,0.000027,0.000003,0.036903,0.000248,0.000004,0.005596,0.048888
171,0.005258,0.000028,0.000003,0.037168,0.000249,0.000004,0.004798,0.047511
172,0.005343,0.000024,0.000002,0.034961,0.000236,0.000004,0.004805,0.045379
173,0.005736,0.000028,0.000003,0.033594,0.000239,0.000004,0.005631,0.045238
174,0.005945,0.000033,0.000002,0.037033,0.000264,0.000004,0.005518,0.048802
175,0.011507,0.000027,0.000003,0.007472,0.000237,0.000004,0.005437,0.024690
176,0.006726,0.000029,0.000003,0.036339,0.000227,0.000004,0.005503,0.048836
177,0.007382,0.000031,0.000002,0.034549,0.000238,0.000004,0.005435,0.047644
178,0.005898,0.000027,0.000003,0.033441,0.000258,0.000004,0.005291,0.044926
179,0.005565,0.000026,0.000004,0.032564,0.000235,0.000004,0.005476,0.043877
180,0.005825,0.000027,0.000003,0.003755,0.000237,0.000004,0.005519,0.015374
181,0.005309,0.000031,0.000003,0.003676,0.000219,0.000004,0.004783,0.014028
182,0.005875,0.000031,0.000003,0.030617,0.000233,0.000004,0.005464,0.042231
183,0.005780,0.000030,0.000002,0.035195,0.000271,0.000004,0.006112,0.047399
184,0.005957,0.000031,0.000003,0.031051,0.000245,0.000004,0.005462,0.042758
185,0.006039,0.000026,0.000002,0.031622,0.000251,0.000004,0.005731,0.043681
186,0.006154,0.000028,0.000002,0.035051,0.000229,0.000004,0.005404,0.046877
187,0.005193,0.000029,0.000002,0.030198,0.000207,0.000005,0.004604,0.040241
188,0.005513,0.000025,0.000002,0.032706,0.000241,0.000004,0.007340,0.045834
189,0.005913,0.000032,0.000002,0.003720,0.000231,0.000004,0.005341,0.015246
190,0.005953,0.000031,0.000002,0.033358,0.000264,0.000004,0.005487,0.045105
191,0.005807,0.000029,0.000003,0.032268,0.000240,0.000004,0.005564,0.043919
128,0.014298,0.000028,0.000003,0.038216,0.000258,0.000005,0.000741,0.053553
129,0.006306,0.000030,0.000003,0.037560,0.000254,0.000005,0.000786,0.044947
130,0.013525,0.000034,0.000003,0.028504,0.000213,0.000005,0.000752,0.043039
131,0.012952,0.000026,0.000003,0.049052,0.000256,0.000004,0.001002,0.063298
132,0.006741,0.000030,0.000002,0.039969,0.000251,0.000004,0.000836,0.047836
133,0.012248,0.000034,0.000003,0.007893,0.000248,0.000005,0.000738,0.021173
134,0.012916,0.000034,0.000003,0.036609,0.000245,0.000004,0.000799,0.050613
135,0.005248,0.000022,0.000003,0.032103,0.000229,0.000005,0.000770,0.038384
136,0.006059,0.000025,0.000003,0.033906,0.000243,0.000004,0.000866,0.041109
137,0.010168,0.000027,0.000003,0.039944,0.000249,0.000004,0.000747,0.051145
138,0.011816,0.000027,0.000002,0.008266,0.000222,0.000004,0.000814,0.021155
139,0.011837,0.000029,0.000003,0.003800,0.000219,0.000004,0.000836,0.016729
140,0.005971,0.000029,0.000003,0.036777,0.000261,0.000005,0.000848,0.043898
141,0.006178,0.000027,0.000003,0.042350,0.000248,0.000004,0.000868,0.049680
142,0.005917,0.000028,0.000002,0.041093,0.000255,0.000004,0.000876,0.048179
143,0.011929,0.000033,0.000003,0.039027,0.000241,0.000004,0.000845,0.052084
144,0.013116,0.000033,0.000003,0.036322,0.000258,0.000004,0.000853,0.050592
145,0.006328,0.000028,0.000002,0.007501,0.000235,0.000004,0.000852,0.014953
146,0.005891,0.000026,0.000003,0.037537,0.000224,0.000004,0.000879,0.044567
147,0.006075,0.000026,0.000002,0.039534,0.000251,0.000004,0.000868,0.046763
148,0.006271,0.000033,0.000003,0.003976,0.000263,0.000005,0.000999,0.011554
149,0.012120,0.000032,0.000003,0.036165,0.000246,0.000004,0.000875,0.049447
150,0.010234,0.000031,0.000003,0.007275,0.000215,0.000004,0.000730,0.018496
151,0.006428,0.000027,0.000002,0.037237,0.000238,0.000004,0.000846,0.044786
152,0.012201,0.000029,0.000002,0.036521,0.000240,0.000005,0.000807,0.049808
153,0.013066,0.000028,0.000002,0.037172,0.000218,0.000004,0.000816,0.051308
154,0.012210,0.000030,0.000003,0.007068,0.000287,0.000004,0.000867,0.020473
155,0.006472,0.000031,0.000003,0.044156,0.000254,0.000004,0.000860,0.051783
156,0.006262,0.000030,0.000004,0.008230,0.000241,0.000004,0.000843,0.015618
157,0.006031,0.000027,0.000003,0.044640,0.000240,0.000005,0.000785,0.051733
158,0.011373,0.000029,0.000003,0.041279,0.000239,0.000004,0.000834,0.053764
159,0.010421,0.000023,0.000002,0.002639,0.000210,0.000004,0.000788,0.014091
160,0.006148,0.000029,0.000002,0.039892,0.000223,0.000004,0.000779,0.047082
161,0.005987,0.000027,0.000003,0.036709,0.000232,0.000004,0.000847,0.043812
162,0.005762,0.000025,0.000002,0.035462,0.000217,0.000005,0.000831,0.042307
163,0.011566,0.000034,0.000003,0.036595,0.000231,0.000006,0.000833,0.049271
164,0.011301,0.000027,0.000003,0.036096,0.000228,0.000005,0.000851,0.048514
165,0.005895,0.000028,0.000002,0.033500,0.000223,0.000004,0.000851,0.040506
166,0.005823,0.000025,0.000002,0.040693,0.000254,0.000004,0.000843,0.047648
167,0.005919,0.000024,0.000003,0.041704,0.000225,0.000004,0.000745,0.048626
168,0.009811,0.000027,0.000003,0.002693,0.000216,0.000005,0.000675,0.013433
169,0.011439,0.000025,0.000002,0.003808,0.000202,0.000004,0.000694,0.016176
170,0.005910,0.000025,0.000003,0.007601,0.000276,0.000006,0.000866,0.014689
171,0.011668,0.000028,0.000003,0.029076,0.000228,0.000005,0.000766,0.041778
172,0.012189,0.000028,0.000002,0.027540,0.000223,0.000004,0.000784,0.040772
173,0.004906,0.000020,0.000002,0.029284,0.000227,0.000004,0.000681,0.035127
174,0.011169,0.000025,0.000002,0.034679,0.000201,0.000004,0.000727,0.046810
175,0.005227,0.000024,0.000003,0.002381,0.000200,0.000004,0.000638,0.008478
176,0.005682,0.000028,0.000003,0.004435,0.000269,0.000005,0.000715,0.011140
177,0.006041,0.000027,0.000002,0.003630,0.000222,0.000005,0.000690,0.010620
178,0.005968,0.000026,0.000002,0.003472,0.000213,0.000004,0.000791,0.010479
179,0.005699,0.000024,0.000002,0.034531,0.000226,0.000004,0.000831,0.041322
180,0.012708,0.000029,0.000003,0.032832,0.000236,0.000004,0.000752,0.046567
181,0.010584,0.000026,0.000002,0.037246,0.000253,0.000005,0.000653,0.048772
182,0.005982,0.000033,0.000003,0.040208,0.000227,0.000004,0.000736,0.047195
183,0.011729,0.000031,0.000002,0.006802,0.000248,0.000004,0.000749,0.019568
184,0.006058,0.000028,0.000002,0.029108,0.000230,0.000005,0.000728,0.036162
185,0.012095,0.000028,0.000002,0.031614,0.000219,0.000005,0.000704,0.044671
186,0.006082,0.000029,0.000002,0.008849,0.000269,0.000007,0.000942,0.016182
187,0.012299,0.000027,0.000002,0.026906,0.000249,0.000004,0.000858,0.040350
188,0.012794,0.000031,0.000003,0.028086,0.000251,0.000004,0.000751,0.041922
189,0.006271,0.000031,0.000003,0.008709,0.000206,0.000005,0.000734,0.015961
190,0.011831,0.000029,0.000003,0.005386,0.000265,0.000004,0.000700,0.018220
191,0.005370,0.000028,0.000003,0.035706,0.000218,0.000004,0.000632,0.041964
128,0.015991,0.000032,0.000003,0.034724,0.000267,0.000004,0.008048,0.059073
129,0.005907,0.000035,0.000003,0.032176,0.000259,0.000004,0.007309,0.045698
130,0.006624,0.000036,0.000003,0.029752,0.000237,0.000004,0.006428,0.043087
131,0.005060,0.000033,0.000003,0.031501,0.000253,0.000004,0.006251,0.043109
132,0.005785,0.000030,0.000002,0.007844,0.000234,0.000004,0.006766,0.020669
133,0.005814,0.000027,0.000002,0.030785,0.000239,0.000004,0.006363,0.043239
134,0.005870,0.000025,0.000003,0.027401,0.000223,0.000004,0.006414,0.039944
135,0.005220,0.000029,0.000003,0.030867,0.000227,0.000004,0.005846,0.042200
136,0.005922,0.000029,0.000002,0.032526,0.000232,0.000004,0.006595,0.045317
137,0.005177,0.000029,0.000003,0.007166,0.000231,0.000004,0.006037,0.018651
138,0.011179,0.000028,0.000003,0.028145,0.000230,0.000004,0.006549,0.046142
139,0.005897,0.000031,0.000003,0.033576,0.000231,0.000003,0.006317,0.046062
140,0.005684,0.000028,0.000003,0.003367,0.000218,0.000004,0.007579,0.016886
141,0.011280,0.000029,0.000003,0.012059,0.000249,0.000004,0.007078,0.030705
142,0.005702,0.000030,0.000003,0.010521,0.000237,0.000003,0.006390,0.022890
143,0.004963,0.000029,0.000002,0.003239,0.000202,0.000004,0.005395,0.013839
144,0.005657,0.000027,0.000003,0.032347,0.000223,0.000004,0.006156,0.044420
145,0.005728,0.000028,0.000002,0.039325,0.000241,0.000004,0.006053,0.051387
146,0.005764,0.000032,0.000003,0.031381,0.000224,0.000004,0.006034,0.043446
147,0.005864,0.000031,0.000003,0.032746,0.000223,0.000004,0.005846,0.044720
148,0.005602,0.000028,0.000002,0.026384,0.000235,0.000005,0.006125,0.038384
149,0.005399,0.000025,0.000003,0.032469,0.000209,0.000004,0.006167,0.044280
150,0.004907,0.000026,0.000002,0.029567,0.000229,0.000004,0.005809,0.040547
151,0.005847,0.000028,0.000002,0.008041,0.000225,0.000004,0.006060,0.020211
152,0.006226,0.000031,0.000003,0.030327,0.000232,0.000004,0.006350,0.043177
153,0.005836,0.000028,0.000003,0.029210,0.000232,0.000004,0.006011,0.041329
154,0.005827,0.000029,0.000003,0.026634,0.000244,0.000004,0.005955,0.038699
155,0.005592,0.000028,0.000003,0.035568,0.000230,0.000003,0.005943,0.047371
156,0.011280,0.000027,0.000003,0.029690,0.000221,0.000004,0.008912,0.050150
157,0.005726,0.000036,0.000004,0.005649,0.000322,0.000004,0.006323,0.018067
158,0.006515,0.000035,0.000003,0.004488,0.000254,0.000004,0.006532,0.017834
159,0.011685,0.000029,0.000003,0.032271,0.000234,0.000004,0.006153,0.050383
160,0.012531,0.000032,0.000003,0.013215,0.000228,0.000004,0.006000,0.032017
161,0.005761,0.000028,0.000003,0.031473,0.000229,0.000004,0.006263,0.043765
162,0.005848,0.000035,0.000003,0.037508,0.000238,0.000003,0.006232,0.049871
163,0.006605,0.000035,0.000003,0.032217,0.000273,0.000004,0.006499,0.045641
164,0.006601,0.000033,0.000003,0.032162,0.000228,0.000004,0.006316,0.045351
165,0.005758,0.000030,0.000002,0.029950,0.000230,0.000004,0.005978,0.041956
166,0.005481,0.000025,0.000003,0.032846,0.000225,0.000004,0.006135,0.044722
167,0.008399,0.000039,0.000003,0.029010,0.000248,0.000004,0.006168,0.043874
168,0.005956,0.000045,0.000003,0.004912,0.000260,0.000004,0.007250,0.018435
169,0.006444,0.000030,0.000003,0.029735,0.000235,0.000005,0.006254,0.042709
170,0.005040,0.000046,0.000003,0.030518,0.000236,0.000004,0.005491,0.041341
171,0.005833,0.000034,0.000003,0.024451,0.000226,0.000004,0.006460,0.037015
172,0.005180,0.000027,0.000003,0.007192,0.000219,0.000004,0.005822,0.018451
173,0.006257,0.000027,0.000003,0.003942,0.000247,0.000004,0.006902,0.017387
128,0.010794,0.000036,0.000004,0.042134,0.000232,0.000005,0.002766,0.055982
129,0.005422,0.000024,0.000003,0.008101,0.000224,0.000004,0.002405,0.016187
174,0.012506,0.000030,0.000003,0.039462,0.000237,0.000004,0.007950,0.060197
130,0.006281,0.000027,0.000003,0.042366,0.000310,0.000005,0.002798,0.051793
131,0.005590,0.000028,0.000003,0.003096,0.000228,0.000004,0.002515,0.011468
175,0.006131,0.000028,0.000003,0.036683,0.000238,0.000004,0.006776,0.049867
132,0.005495,0.000023,0.000003,0.037519,0.000228,0.000003,0.002460,0.045735
176,0.006084,0.000027,0.000003,0.039897,0.000255,0.000004,0.007100,0.053373
177,0.010922,0.000033,0.000003,0.003209,0.000231,0.000004,0.006094,0.020499
133,0.006272,0.000027,0.000003,0.039415,0.000279,0.000004,0.002577,0.048580
134,0.006136,0.000031,0.000003,0.009365,0.000251,0.000004,0.003073,0.018868
178,0.011008,0.000030,0.000003,0.037657,0.000250,0.000004,0.007030,0.055988
135,0.006543,0.000028,0.000003,0.042136,0.000251,0.000004,0.002668,0.051635
179,0.011984,0.000028,0.000003,0.039603,0.000239,0.000004,0.006794,0.058660
136,0.011578,0.000035,0.000003,0.047947,0.000298,0.000004,0.002583,0.062454
180,0.005237,0.000024,0.000003,0.037273,0.000228,0.000004,0.005876,0.048649
137,0.006713,0.000031,0.000003,0.040363,0.000257,0.000004,0.002812,0.050186
181,0.006091,0.000029,0.000003,0.036426,0.000254,0.000004,0.006810,0.049620
138,0.006331,0.000030,0.000003,0.004524,0.000234,0.000004,0.002472,0.013600
182,0.005949,0.000031,0.000003,0.006921,0.000242,0.000003,0.006507,0.019659
139,0.006056,0.000027,0.000003,0.007438,0.000230,0.000004,0.002552,0.016314
140,0.005751,0.000027,0.000004,0.002989,0.000233,0.000004,0.002638,0.011650
141,0.006308,0.000030,0.000003,0.009187,0.000253,0.000004,0.002581,0.018370
183,0.005866,0.000027,0.000003,0.043340,0.000246,0.000004,0.007013,0.056503
142,0.006217,0.000031,0.000003,0.038500,0.000254,0.000004,0.002505,0.047516
143,0.006785,0.000030,0.000003,0.009331,0.000226,0.000004,0.002605,0.018987
184,0.005107,0.000026,0.000003,0.035835,0.000221,0.000004,0.005935,0.047136
185,0.006585,0.000033,0.000003,0.008143,0.000257,0.000004,0.006788,0.021818
186,0.005419,0.000030,0.000003,0.004905,0.000241,0.000004,0.006202,0.016808
144,0.006481,0.000028,0.000003,0.040804,0.000227,0.000004,0.002453,0.050005
145,0.005078,0.000026,0.000003,0.011176,0.000325,0.000004,0.002280,0.018902
146,0.006483,0.000033,0.000004,0.004141,0.000255,0.000004,0.002567,0.013492
187,0.006249,0.000028,0.000002,0.038122,0.000241,0.000004,0.006574,0.051225
147,0.006188,0.000027,0.000003,0.039290,0.000242,0.000004,0.002832,0.048587
188,0.006108,0.000029,0.000003,0.041930,0.000238,0.000004,0.006724,0.055040
189,0.006100,0.000029,0.000003,0.004050,0.000232,0.000004,0.006623,0.017045
148,0.005866,0.000052,0.000003,0.039567,0.000233,0.000004,0.002414,0.048144
190,0.005094,0.000029,0.000002,0.003646,0.000208,0.000004,0.006001,0.014988
191,0.011803,0.000027,0.000003,0.006980,0.000234,0.000004,0.006937,0.025992
149,0.006230,0.000025,0.000003,0.034957,0.000226,0.000003,0.002439,0.043887
150,0.005800,0.000025,0.000002,0.042400,0.000307,0.000004,0.002451,0.050992
151,0.007295,0.000031,0.000003,0.011947,0.000255,0.000004,0.002498,0.022037
152,0.006765,0.000031,0.000003,0.036708,0.000242,0.000004,0.002504,0.046261
153,0.006781,0.000031,0.000003,0.034993,0.000254,0.000004,0.002566,0.044635
154,0.006620,0.000035,0.000003,0.040209,0.000261,0.000004,0.002665,0.049799
155,0.011558,0.000028,0.000004,0.035794,0.000244,0.000003,0.002507,0.050143
156,0.005924,0.000027,0.000003,0.030601,0.000232,0.000004,0.002626,0.039420
157,0.005062,0.000027,0.000003,0.034986,0.000231,0.000004,0.002511,0.042827
158,0.005936,0.000026,0.000003,0.035608,0.000226,0.000004,0.002508,0.044314
159,0.005110,0.000025,0.000003,0.034400,0.000223,0.000004,0.002239,0.042007
160,0.005810,0.000030,0.000003,0.039504,0.000225,0.000003,0.002386,0.047964
161,0.005951,0.000027,0.000003,0.008023,0.000274,0.000004,0.002469,0.016754
162,0.006063,0.000031,0.000003,0.035451,0.000250,0.000003,0.002421,0.044225
163,0.005995,0.000031,0.000003,0.005944,0.000237,0.000004,0.002261,0.014478
164,0.008132,0.000025,0.000003,0.033535,0.000248,0.000005,0.002168,0.044120
165,0.005851,0.000029,0.000003,0.033673,0.000225,0.000004,0.002434,0.042222
166,0.006743,0.000030,0.000003,0.003584,0.000212,0.000004,0.002406,0.012984
167,0.006329,0.000026,0.000003,0.004693,0.000236,0.000004,0.002369,0.013663
168,0.005819,0.000027,0.000003,0.033368,0.000239,0.000004,0.002762,0.042224
169,0.006293,0.000027,0.000003,0.038654,0.000248,0.000004,0.002888,0.048120
170,0.006107,0.000026,0.000003,0.042247,0.000253,0.000004,0.002490,0.051135
171,0.006372,0.000031,0.000003,0.030857,0.000224,0.000004,0.002422,0.039916
172,0.006265,0.000023,0.000003,0.036777,0.000230,0.000003,0.002483,0.045789
173,0.005990,0.000026,0.000003,0.043889,0.000286,0.000004,0.002491,0.052692
174,0.006121,0.000025,0.000003,0.039049,0.000240,0.000003,0.002439,0.047884
175,0.006201,0.000029,0.000003,0.036904,0.000256,0.000004,0.002511,0.045911
176,0.006146,0.000028,0.000003,0.041944,0.000237,0.000003,0.002453,0.050817
177,0.005827,0.000026,0.000003,0.033537,0.000227,0.000004,0.002490,0.042117
178,0.005816,0.000026,0.000003,0.037696,0.000233,0.000004,0.002495,0.046275
179,0.007016,0.000030,0.000004,0.037976,0.000223,0.000004,0.005150,0.050417
180,0.005549,0.000028,0.000004,0.039133,0.000338,0.000004,0.002357,0.047416
181,0.006345,0.000028,0.000003,0.036403,0.000238,0.000004,0.002653,0.045678
182,0.006036,0.000027,0.000003,0.035190,0.000216,0.000004,0.002511,0.043991
183,0.006060,0.000028,0.000003,0.007784,0.000292,0.000004,0.002809,0.016984
184,0.006438,0.000033,0.000003,0.031979,0.000225,0.000004,0.002347,0.041033
185,0.005891,0.000027,0.000003,0.038333,0.000299,0.000004,0.002391,0.046951
186,0.006416,0.000029,0.000003,0.031884,0.000230,0.000004,0.002361,0.040930
187,0.005875,0.000027,0.000003,0.036253,0.000223,0.000004,0.002335,0.044724
188,0.006970,0.000034,0.000003,0.033286,0.000257,0.000004,0.002416,0.042974
189,0.005116,0.000025,0.000003,0.006359,0.000212,0.000003,0.002188,0.013908
190,0.006562,0.000031,0.000003,0.004750,0.000254,0.000004,0.002498,0.014105
191,0.005883,0.000032,0.000003,0.042529,0.000255,0.000004,0.002727,0.051436
0,0.292572,0.000043,0.000009,0.008306,0.000451,0.000007,0.001318,0.302719
1,0.007153,0.000053,0.000008,0.014518,0.000390,0.000010,0.000996,0.023136
2,0.007610,0.000046,0.000006,0.083772,0.000509,0.000011,0.001078,0.093038
0,0.466517,0.000047,0.000007,0.023173,0.000348,0.000006,0.005118,0.495227
3,0.006518,0.000038,0.000004,0.059400,0.000226,0.000005,0.000561,0.066755
1,0.004847,0.000031,0.000003,0.013182,0.000281,0.000005,0.004481,0.022835
4,0.004311,0.000026,0.000003,0.037474,0.000266,0.000006,0.000570,0.042661
2,0.004513,0.000027,0.000003,0.046350,0.000267,0.000005,0.004383,0.055552
5,0.004499,0.000024,0.000003,0.048699,0.000238,0.000005,0.000526,0.053997
6,0.006129,0.000027,0.000003,0.022049,0.000333,0.000007,0.000964,0.029521
3,0.006948,0.000031,0.000003,0.062769,0.000403,0.000007,0.007352,0.077518
7,0.006373,0.000040,0.000005,0.025507,0.000272,0.000005,0.000716,0.032924
4,0.012537,0.000038,0.000003,0.025743,0.000451,0.000009,0.006204,0.044993
8,0.012490,0.000031,0.000003,0.074786,0.000248,0.000006,0.000597,0.088165
5,0.007847,0.000055,0.000004,0.059349,0.000273,0.000004,0.005075,0.072612
9,0.005487,0.000025,0.000003,0.038006,0.000250,0.000005,0.000555,0.044332
0,0.776615,0.000040,0.000006,0.054672,0.000346,0.000006,0.000638,0.832333
6,0.006667,0.000030,0.000003,0.055823,0.000251,0.000004,0.004792,0.067574
10,0.004950,0.000029,0.000003,0.052940,0.000258,0.000005,0.000557,0.058745
7,0.004745,0.000030,0.000003,0.009118,0.000286,0.000004,0.004837,0.019029
1,0.004990,0.000029,0.000003,0.051541,0.000272,0.000005,0.000452,0.057296
8,0.005434,0.000035,0.000003,0.012154,0.000243,0.000005,0.005171,0.023049
11,0.006948,0.000027,0.000003,0.058531,0.000397,0.000010,0.001112,0.067032
9,0.007093,0.000040,0.000005,0.026701,0.000378,0.000009,0.008379,0.042612
2,0.005588,0.000038,0.000003,0.085358,0.000381,0.000006,0.000847,0.092228
10,0.007038,0.000048,0.000004,0.081160,0.000296,0.000005,0.006083,0.094639
12,0.006307,0.000034,0.000003,0.105755,0.000274,0.000005,0.000617,0.112999
0,1.058244,0.000047,0.000007,0.012482,0.000380,0.000006,0.000516,1.071689
3,0.008755,0.000049,0.000005,0.073590,0.000291,0.000005,0.000500,0.083198
13,0.005292,0.000031,0.000004,0.025652,0.000277,0.000005,0.000615,0.031879
4,0.006656,0.000030,0.000002,0.012063,0.000245,0.000004,0.000472,0.019476
1,0.005554,0.000034,0.000004,0.022114,0.000295,0.000004,0.000337,0.028344
14,0.006362,0.000029,0.000003,0.016550,0.000277,0.000005,0.000625,0.023856
2,0.004653,0.000027,0.000003,0.009008,0.000232,0.000004,0.000315,0.014245
11,0.006608,0.000030,0.000003,0.060848,0.000286,0.000004,0.005584,0.073367
5,0.005028,0.000031,0.000004,0.049234,0.000275,0.000004,0.000435,0.055014
3,0.005242,0.000029,0.000003,0.055879,0.000251,0.000004,0.000343,0.061752
12,0.006440,0.000030,0.000003,0.056700,0.000264,0.000004,0.004253,0.067697
6,0.006565,0.000031,0.000003,0.063767,0.000384,0.000006,0.000815,0.071577
15,0.005096,0.000032,0.000003,0.130386,0.000426,0.000010,0.000970,0.136929
4,0.006642,0.000031,0.000003,0.102420,0.000461,0.000012,0.000706,0.110281
13,0.005186,0.000031,0.000004,0.099054,0.000466,0.000010,0.024106,0.128864
7,0.009646,0.000044,0.000004,0.118346,0.000393,0.000008,0.000791,0.129236
16,0.012095,0.000049,0.000005,0.115456,0.000268,0.000005,0.000639,0.128523
5,0.027997,0.000094,0.000011,0.078258,0.000258,0.000004,0.000344,0.106969
0,1.363797,0.000051,0.000006,0.061128,0.000370,0.000005,0.003353,1.428716
8,0.009173,0.000042,0.000004,0.056794,0.000259,0.000004,0.000493,0.066771
6,0.005845,0.000030,0.000003,0.019572,0.000236,0.000004,0.000337,0.026029
14,0.015308,0.000045,0.000004,0.096403,0.000325,0.000008,0.007642,0.119740
17,0.005470,0.000029,0.000003,0.058456,0.000308,0.000006,0.000656,0.064932
7,0.004749,0.000030,0.000003,0.018032,0.000238,0.000004,0.000323,0.023383
9,0.006872,0.000040,0.000003,0.026624,0.000449,0.000012,0.001068,0.035075
18,0.005716,0.000028,0.000003,0.009256,0.000248,0.000005,0.000569,0.015830
10,0.007529,0.000039,0.000003,0.012309,0.000347,0.000007,0.000676,0.020915
1,0.005959,0.000038,0.000003,0.058620,0.000287,0.000005,0.002645,0.067562
8,0.007056,0.000029,0.000003,0.071077,0.000475,0.000010,0.000710,0.079366
19,0.005473,0.000031,0.000003,0.068641,0.000360,0.000012,0.001206,0.075735
15,0.006379,0.000036,0.000004,0.106387,0.000476,0.000011,0.010828,0.124128
11,0.006512,0.000040,0.000004,0.116899,0.000418,0.000011,0.000608,0.124498
2,0.005697,0.000035,0.000004,0.140503,0.000497,0.000010,0.005034,0.151792
9,0.007022,0.000038,0.000004,0.122392,0.000439,0.000009,0.000573,0.130483
20,0.008177,0.000041,0.000004,0.122482,0.000485,0.000013,0.001684,0.132895
3,0.008800,0.000040,0.000003,0.022084,0.000351,0.000007,0.004296,0.035587
16,0.008690,0.000035,0.000004,0.103118,0.000417,0.000010,0.008609,0.120890
12,0.011472,0.000043,0.000004,0.108471,0.000507,0.000013,0.001235,0.121752
4,0.007374,0.000035,0.000003,0.063848,0.000285,0.000006,0.002674,0.074230
21,0.008561,0.000049,0.000005,0.079536,0.000301,0.000008,0.000815,0.089282
10,0.008972,0.000040,0.000004,0.094225,0.000301,0.000007,0.000411,0.103965
17,0.006986,0.000031,0.000003,0.085556,0.000354,0.000007,0.008354,0.101299
13,0.009219,0.000039,0.000003,0.104427,0.000401,0.000010,0.000787,0.114894
5,0.006836,0.000034,0.000003,0.092524,0.000482,0.000010,0.004267,0.104165
6,0.008397,0.000043,0.000003,0.020598,0.000321,0.000005,0.003708,0.033083
11,0.011742,0.000037,0.000004,0.116081,0.000420,0.000008,0.000620,0.128920
22,0.013695,0.000057,0.000004,0.140795,0.000415,0.000009,0.001062,0.156045
18,0.010087,0.000044,0.000004,0.139321,0.000423,0.000008,0.010588,0.160485
14,0.012768,0.000042,0.000003,0.125860,0.000870,0.000022,0.000911,0.140484
0,1.892565,0.000065,0.000009,0.117809,0.000521,0.000011,0.004090,2.015088
19,0.007412,0.000038,0.000004,0.030750,0.000294,0.000004,0.006884,0.045391
12,0.007075,0.000048,0.000005,0.109463,0.000286,0.000005,0.000348,0.117231
0,2.021071,0.000064,0.000009,0.028795,0.000842,0.000021,0.002394,2.053219
23,0.011977,0.000040,0.000004,0.096145,0.000301,0.000005,0.000782,0.109260
7,0.007741,0.000045,0.000004,0.133328,0.000351,0.000007,0.003640,0.145122
13,0.008110,0.000036,0.000004,0.038673,0.000376,0.000004,0.000392,0.047598
15,0.010584,0.000051,0.000004,0.098822,0.000377,0.000005,0.000608,0.110455
24,0.006441,0.000031,0.000003,0.104527,0.000377,0.000007,0.001101,0.112502
1,0.007978,0.000052,0.000005,0.141812,0.000458,0.000006,0.003791,0.154112
20,0.023953,0.000050,0.000006,0.126042,0.000503,0.000010,0.020776,0.171355
8,0.007727,0.000035,0.000003,0.120139,0.000454,0.000007,0.036565,0.164938
1,0.007837,0.000041,0.000008,0.168906,0.000777,0.000012,0.001207,0.178802
2,0.013528,0.000071,0.000005,0.067980,0.000428,0.000005,0.003287,0.085308
14,0.008569,0.000037,0.000004,0.170224,0.000445,0.000009,0.000532,0.179826
16,0.010541,0.000049,0.000004,0.143260,0.000470,0.000012,0.000937,0.155281
2,0.013880,0.000066,0.000008,0.035982,0.000381,0.000005,0.000658,0.050985
15,0.010657,0.000047,0.000004,0.028174,0.000404,0.000008,0.000560,0.039860
3,0.007422,0.000036,0.000005,0.034026,0.000792,0.000016,0.001255,0.043559
21,0.042166,0.000045,0.000004,0.099926,0.000474,0.000008,0.007744,0.150375
25,0.010742,0.000054,0.000003,0.172158,0.000401,0.000010,0.001095,0.184472
0,2.270568,0.000054,0.000005,0.087396,0.000431,0.000005,0.000396,2.358864
3,0.009113,0.000061,0.000007,0.093942,0.000306,0.000005,0.002783,0.106225
17,0.010529,0.000037,0.000005,0.093612,0.000303,0.000004,0.000629,0.105123
9,0.012180,0.000059,0.000005,0.149439,0.000417,0.000009,0.004390,0.166507
4,0.006997,0.000038,0.000003,0.028311,0.000346,0.000005,0.003136,0.038844
18,0.007021,0.000037,0.000003,0.020858,0.000477,0.000010,0.000762,0.029175
16,0.015560,0.000042,0.000004,0.142079,0.000487,0.000008,0.000640,0.158829
22,0.010857,0.000035,0.000003,0.110924,0.000592,0.000013,0.011510,0.133962
1,0.007198,0.000039,0.000003,0.121208,0.000363,0.000004,0.000276,0.129094
26,0.007080,0.000044,0.000006,0.173487,0.000562,0.000012,0.001089,0.182289
4,0.009971,0.000039,0.000008,0.198423,0.000503,0.000011,0.001203,0.210168
19,0.010283,0.000067,0.000007,0.123288,0.000414,0.000005,0.001134,0.135208
5,0.009983,0.000041,0.000008,0.033422,0.000387,0.000008,0.001149,0.045006
5,0.008876,0.000066,0.000006,0.178221,0.000274,0.000004,0.022627,0.210080
10,0.010711,0.000047,0.000003,0.182021,0.000458,0.000011,0.030789,0.224049
20,0.010646,0.000048,0.000004,0.058113,0.000359,0.000004,0.000625,0.069803
6,0.027259,0.000033,0.000005,0.016896,0.000574,0.000013,0.001563,0.046353
21,0.006689,0.000058,0.000004,0.010674,0.000321,0.000004,0.000507,0.018263
23,0.041816,0.000098,0.000012,0.121507,0.000332,0.000004,0.008002,0.171781
27,0.013712,0.000050,0.000006,0.105158,0.000343,0.000008,0.000860,0.120142
11,0.011907,0.000077,0.000009,0.041475,0.000424,0.000009,0.004543,0.058453
22,0.007753,0.000036,0.000005,0.026978,0.000409,0.000006,0.000537,0.035729
0,2.578030,0.000049,0.000009,0.108677,0.000504,0.000007,0.000539,2.687823
17,0.017368,0.000035,0.000004,0.192522,0.000373,0.000009,0.000557,0.210874
2,0.042159,0.000056,0.000006,0.163576,0.000427,0.000009,0.000328,0.206565
24,0.009375,0.000037,0.000005,0.030583,0.000343,0.000004,0.008704,0.049061
6,0.007748,0.000040,0.000004,0.070779,0.000327,0.000006,0.003149,0.082060
1,0.006728,0.000040,0.000005,0.015466,0.000534,0.000010,0.000626,0.023420
23,0.006223,0.000035,0.000004,0.029868,0.000373,0.000005,0.001012,0.037528
18,0.008526,0.000057,0.000004,0.039426,0.000459,0.000008,0.000619,0.049105
2,0.010278,0.000048,0.000005,0.017875,0.000698,0.000015,0.000840,0.029770
25,0.016224,0.000049,0.000005,0.024919,0.000477,0.000010,0.014242,0.055939
28,0.008823,0.000037,0.000004,0.097196,0.000416,0.000006,0.001095,0.107585
7,0.011486,0.000054,0.000005,0.071103,0.000367,0.000008,0.031471,0.114514
7,0.010495,0.000054,0.000010,0.175145,0.000515,0.000008,0.001033,0.187267
29,0.009436,0.000048,0.000005,0.077635,0.000564,0.000013,0.001621,0.089334
12,0.008122,0.000046,0.000004,0.185758,0.000475,0.000009,0.004607,0.199029
3,0.012499,0.000051,0.000006,0.171161,0.000285,0.000004,0.000341,0.184350
3,0.014947,0.000105,0.000012,0.213487,0.000514,0.000008,0.000426,0.229503
8,0.013532,0.000056,0.000005,0.089022,0.000414,0.000008,0.002735,0.105778
19,0.009295,0.000052,0.000005,0.189722,0.000447,0.000009,0.000716,0.200256
24,0.015392,0.000089,0.000010,0.228696,0.000659,0.000012,0.001694,0.246561
9,0.008335,0.000036,0.000005,0.038780,0.000442,0.000004,0.004074,0.051686
26,0.013367,0.000066,0.000006,0.206419,0.000522,0.000009,0.011233,0.231646
30,0.008175,0.000047,0.000004,0.118987,0.000320,0.000007,0.000767,0.128311
13,0.042931,0.000051,0.000005,0.102961,0.000643,0.000015,0.008059,0.154682
8,0.011450,0.000053,0.000012,0.195899,0.000526,0.000009,0.001119,0.209080
20,0.007570,0.000034,0.000004,0.103849,0.000541,0.000013,0.000734,0.112755
4,0.009418,0.000063,0.000005,0.113815,0.000451,0.000009,0.000328,0.124097
10,0.012347,0.000048,0.000005,0.057207,0.000628,0.000013,0.003308,0.073568
27,0.013636,0.000050,0.000005,0.041773,0.000548,0.000010,0.014420,0.070456
4,0.007729,0.000038,0.000004,0.142524,0.000551,0.000011,0.000494,0.151355
5,0.016415,0.000070,0.000008,0.046985,0.000454,0.000008,0.000334,0.064279
6,0.012443,0.000049,0.000005,0.019051,0.000519,0.000010,0.000394,0.032476
0,2.964864,0.000064,0.000009,0.207213,0.000745,0.000014,0.001610,3.174540
11,0.010642,0.000050,0.000006,0.098034,0.000469,0.000006,0.002328,0.111541
31,0.011504,0.000059,0.000007,0.228128,0.000387,0.000007,0.001018,0.241115
25,0.013381,0.000069,0.000007,0.255466,0.000438,0.000007,0.000905,0.270282
1,0.007880,0.000042,0.000004,0.068077,0.000407,0.000006,0.000901,0.077323
0,3.221513,0.000056,0.000007,0.031684,0.000525,0.000008,0.000476,3.254277
21,0.013147,0.000067,0.000008,0.177944,0.000329,0.000005,0.000465,0.191971
12,0.043719,0.000054,0.000006,0.022832,0.000402,0.000006,0.002417,0.069442
14,0.011418,0.000068,0.000005,0.220224,0.000342,0.000005,0.003572,0.235641
5,0.015448,0.000055,0.000005,0.150566,0.000378,0.000005,0.000387,0.166847
9,0.011796,0.000056,0.000012,0.235305,0.000648,0.000011,0.001790,0.249630
32,0.010803,0.000048,0.000004,0.049928,0.000476,0.000008,0.000832,0.062108
13,0.007587,0.000035,0.000006,0.045496,0.000421,0.000005,0.002137,0.055696
28,0.013639,0.000053,0.000004,0.225122,0.000568,0.000010,0.014195,0.253606
15,0.008517,0.000044,0.000004,0.040217,0.000430,0.000007,0.004986,0.054222
33,0.011092,0.000053,0.000005,0.023293,0.000572,0.000016,0.001506,0.036551
7,0.008396,0.000056,0.000006,0.181492,0.000693,0.000008,0.000521,0.191180
1,0.007027,0.000040,0.000005,0.124795,0.000622,0.000010,0.000429,0.132936
2,0.007394,0.000043,0.000007,0.126783,0.000568,0.000007,0.000971,0.135777
34,0.011287,0.000062,0.000006,0.059304,0.000491,0.000009,0.000928,0.072097
22,0.008255,0.000034,0.000004,0.162696,0.000501,0.000009,0.000606,0.172114
26,0.008787,0.000044,0.000009,0.176830,0.000514,0.000012,0.001024,0.187228
35,0.009335,0.000065,0.000007,0.008014,0.000548,0.000014,0.001349,0.019348
14,0.012201,0.000058,0.000006,0.113257,0.000655,0.000013,0.002846,0.129046
6,0.009789,0.000054,0.000005,0.165896,0.000536,0.000011,0.000685,0.176985
10,0.015780,0.000066,0.000010,0.212590,0.000451,0.000009,0.001149,0.230064
15,0.012657,0.000050,0.000006,0.077415,0.000381,0.000006,0.002370,0.092893
0,3.547072,0.000062,0.000009,0.014994,0.000452,0.000007,0.002641,3.565257
36,0.010463,0.000059,0.000007,0.106688,0.000448,0.000010,0.001572,0.119260
7,0.051557,0.000073,0.000007,0.042847,0.000953,0.000025,0.000914,0.096382
29,0.014589,0.000051,0.000005,0.215735,0.000573,0.000011,0.012203,0.243178
16,0.010109,0.000064,0.000007,0.222597,0.000432,0.000008,0.005370,0.238600
8,0.013677,0.000045,0.000004,0.202273,0.000327,0.000004,0.000245,0.216578
3,0.051413,0.000078,0.000006,0.146857,0.000409,0.000006,0.000891,0.199663
16,0.009195,0.000040,0.000035,0.048670,0.000451,0.000005,0.002200,0.060606
23,0.017044,0.000046,0.000005,0.149542,0.000404,0.000006,0.000609,0.167661
27,0.013787,0.000042,0.000004,0.164396,0.000449,0.000008,0.001207,0.179902
2,0.045619,0.000063,0.000007,0.193187,0.000533,0.000010,0.000516,0.239942
17,0.007364,0.000037,0.000004,0.015078,0.000568,0.000012,0.003507,0.026582
30,0.011973,0.000061,0.000004,0.052554,0.000599,0.000014,0.015880,0.081100
17,0.009054,0.000052,0.000005,0.065029,0.001022,0.000030,0.008252,0.083460
18,0.010751,0.000055,0.000007,0.015159,0.000606,0.000009,0.003107,0.029709
11,0.008997,0.000036,0.000007,0.128230,0.000581,0.000014,0.001450,0.139324
18,0.014486,0.000053,0.000004,0.058742,0.000546,0.000008,0.007044,0.080894
37,0.010831,0.000044,0.000005,0.171876,0.000503,0.000009,0.002896,0.186183
19,0.010072,0.000065,0.000006,0.140858,0.000485,0.000006,0.003588,0.155092
9,0.010056,0.000045,0.000004,0.232631,0.000532,0.000011,0.000431,0.243716
1,0.009064,0.000048,0.000005,0.256420,0.000617,0.000011,0.003480,0.269656
8,0.010720,0.000053,0.000007,0.271196,0.000567,0.000008,0.000601,0.283160
4,0.008623,0.000071,0.000007,0.269547,0.000541,0.000006,0.001168,0.279971
3,0.011374,0.000052,0.000006,0.231576,0.000414,0.000008,0.000366,0.243802
24,0.013543,0.000054,0.000005,0.250618,0.000468,0.000011,0.000650,0.265359
12,0.007821,0.000033,0.000005,0.208029,0.000415,0.000006,0.001087,0.217401
10,0.009564,0.000052,0.000005,0.059278,0.000459,0.000009,0.000301,0.069671
20,0.010229,0.000066,0.000007,0.060979,0.000436,0.000005,0.002140,0.073869
5,0.010524,0.000058,0.000006,0.020113,0.000401,0.000006,0.000807,0.031918
28,0.011680,0.000061,0.000005,0.285510,0.000434,0.000007,0.000961,0.298666
31,0.019570,0.000072,0.000008,0.251193,0.000588,0.000011,0.013721,0.285176
19,0.008800,0.000048,0.000004,0.192837,0.000567,0.000016,0.005450,0.207731
29,0.011459,0.000056,0.000005,0.033884,0.000518,0.000007,0.001191,0.047128
21,0.017273,0.000051,0.000005,0.060271,0.000444,0.000008,0.034774,0.112841
30,0.010590,0.000058,0.000004,0.069004,0.000623,0.000009,0.001181,0.081482
22,0.016333,0.000054,0.000007,0.013952,0.000608,0.000010,0.002673,0.033649
2,0.010518,0.000062,0.000005,0.221170,0.000656,0.000012,0.004166,0.236604
38,0.015985,0.000063,0.000008,0.344007,0.000509,0.000012,0.001407,0.362000
9,0.013264,0.000052,0.000005,0.252803,0.000555,0.000009,0.000639,0.267336
0,3.857680,0.000067,0.000009,0.284268,0.000710,0.000014,0.002098,4.144872
11,0.008572,0.000030,0.000004,0.246274,0.000492,0.000010,0.000367,0.255754
25,0.009307,0.000052,0.000005,0.263699,0.000535,0.000010,0.000677,0.274292
4,0.011162,0.000052,0.000005,0.278587,0.000509,0.000012,0.000439,0.290773
23,0.010761,0.000066,0.000006,0.098921,0.000484,0.000007,0.002439,0.112693
13,0.007922,0.000035,0.000008,0.313182,0.000579,0.000012,0.001964,0.323711
32,0.015296,0.000066,0.000006,0.220924,0.000424,0.000006,0.044877,0.281611
26,0.009881,0.000055,0.000004,0.062319,0.000577,0.000010,0.000815,0.073669
6,0.010865,0.000070,0.000009,0.300913,0.000826,0.000020,0.004043,0.316763
20,0.015513,0.000073,0.000007,0.261664,0.000525,0.000005,0.006455,0.284257
14,0.012248,0.000061,0.000010,0.084744,0.000531,0.000009,0.001140,0.098752
24,0.045824,0.000060,0.000007,0.105597,0.000554,0.000009,0.003111,0.155178
31,0.013033,0.000097,0.000013,0.289779,0.000644,0.000015,0.001407,0.305004
3,0.055139,0.000062,0.000007,0.242303,0.000523,0.000008,0.002944,0.300998
33,0.015111,0.000061,0.000006,0.121974,0.000568,0.000012,0.056388,0.194134
5,0.009031,0.000058,0.000005,0.248022,0.000690,0.000019,0.000992,0.258833
39,0.018038,0.000060,0.000006,0.287098,0.000618,0.000018,0.001707,0.307555
10,0.010610,0.000059,0.000006,0.308222,0.001206,0.000034,0.001789,0.321946
1,0.010247,0.000058,0.000006,0.303101,0.000500,0.000010,0.001698,0.315632
32,0.055580,0.000056,0.000005,0.048654,0.000713,0.000014,0.002028,0.107063
25,0.029010,0.000058,0.000006,0.105690,0.000588,0.000013,0.003445,0.138821
12,0.012484,0.000050,0.000006,0.304404,0.000485,0.000007,0.000497,0.317939
7,0.013208,0.000054,0.000007,0.225463,0.000468,0.000008,0.001271,0.240489
21,0.010887,0.000062,0.000006,0.219744,0.000467,0.000009,0.004961,0.236144
0,4.173701,0.000075,0.000009,0.353974,0.000981,0.000013,0.003785,4.532554
13,0.007884,0.000027,0.000002,0.050623,0.000644,0.000011,0.000536,0.059737
27,0.009993,0.000061,0.000006,0.295458,0.000529,0.000011,0.000844,0.306911
26,0.048818,0.000093,0.000011,0.015862,0.000684,0.000014,0.002880,0.068375
6,0.020754,0.000065,0.000006,0.164674,0.000622,0.000012,0.000508,0.186650
22,0.011572,0.000068,0.000005,0.049472,0.000414,0.000007,0.038079,0.099632
15,0.009193,0.000061,0.000009,0.288628,0.000451,0.000008,0.001079,0.299438
1,0.011979,0.000069,0.000006,0.084944,0.000617,0.000010,0.003178,0.100816
0,4.478534,0.000072,0.000010,0.102952,0.000871,0.000016,0.065720,4.648214
7,0.012891,0.000065,0.000005,0.024704,0.000592,0.000016,0.000510,0.038790
27,0.025648,0.000080,0.000009,0.091081,0.000665,0.000016,0.003838,0.121357
4,0.010820,0.000060,0.000007,0.320988,0.000535,0.000012,0.003542,0.335976
34,0.022657,0.000087,0.000011,0.292459,0.000572,0.000014,0.014326,0.330140
8,0.041627,0.000053,0.000005,0.254529,0.041232,0.000026,0.003637,0.341126
40,0.013094,0.000067,0.000005,0.369006,0.000640,0.000026,0.002730,0.385586
2,0.010005,0.000051,0.000005,0.355383,0.000544,0.000009,0.001787,0.367793
11,0.010232,0.000062,0.000009,0.377506,0.000623,0.000009,0.000681,0.389132
28,0.070728,0.000072,0.000009,0.098589,0.001108,0.000011,0.003485,0.174012
33,0.052139,0.000090,0.000012,0.321365,0.001153,0.000027,0.003306,0.378111
14,0.010531,0.000074,0.000007,0.308732,0.000497,0.000009,0.000396,0.320250
28,0.011022,0.000057,0.000006,0.309205,0.000447,0.000010,0.000614,0.321371
2,0.022087,0.000101,0.000011,0.240730,0.000399,0.000006,0.002378,0.265720
29,0.009953,0.000054,0.000004,0.043715,0.000406,0.000009,0.000650,0.054799
1,0.009999,0.000068,0.000008,0.221594,0.000508,0.000010,0.049579,0.281781
29,0.019240,0.000052,0.000006,0.057307,0.000445,0.000004,0.001946,0.079007
8,0.009992,0.000030,0.000003,0.256466,0.000623,0.000028,0.000630,0.267783
23,0.011409,0.000081,0.000009,0.288935,0.000817,0.000014,0.007249,0.308527
16,0.013626,0.000072,0.000011,0.292782,0.000499,0.000009,0.001154,0.308161
30,0.015844,0.000047,0.000004,0.006784,0.000410,0.000005,0.001995,0.025095
35,0.014698,0.000040,0.000004,0.193561,0.000514,0.000011,0.013606,0.222445
9,0.014503,0.000059,0.000006,0.051081,0.000453,0.000012,0.000476,0.066597
31,0.013526,0.000050,0.000004,0.027408,0.000393,0.000005,0.002026,0.043418
5,0.020342,0.000058,0.000006,0.222846,0.000610,0.000011,0.004580,0.248467
0,4.770867,0.000078,0.000009,0.251970,0.000772,0.000010,0.003678,5.027417
32,0.015231,0.000042,0.000005,0.007174,0.000396,0.000006,0.002035,0.024896
9,0.013959,0.000059,0.000005,0.196588,0.000933,0.000017,0.002082,0.213655
41,0.018715,0.000081,0.000007,0.208941,0.000637,0.000010,0.001182,0.229582
12,0.027655,0.000055,0.000006,0.179394,0.000946,0.000016,0.000963,0.209049
3,0.010062,0.000061,0.000006,0.216563,0.000427,0.000007,0.001783,0.228916
15,0.009978,0.000051,0.000005,0.199519,0.000410,0.000008,0.000378,0.210355
33,0.014373,0.000039,0.000005,0.031428,0.000413,0.000005,0.001960,0.048264
34,0.010521,0.000061,0.000004,0.222396,0.000487,0.000011,0.000996,0.234484
1,0.013699,0.000115,0.000015,0.056593,0.000481,0.000006,0.002428,0.073346
16,0.011993,0.000055,0.000004,0.017187,0.000246,0.000004,0.000199,0.029689
4,0.009449,0.000054,0.000006,0.049017,0.000500,0.000010,0.001853,0.060900
34,0.014641,0.000052,0.000006,0.034807,0.000499,0.000005,0.001948,0.051964
17,0.010389,0.000053,0.000009,0.192332,0.000880,0.000025,0.002832,0.206535
3,0.015210,0.000041,0.000005,0.206672,0.001170,0.000030,0.005435,0.228573
24,0.016131,0.000073,0.000010,0.192573,0.000529,0.000010,0.005511,0.214850
30,0.020296,0.000131,0.000020,0.207908,0.000497,0.000009,0.000650,0.229518
35,0.014349,0.000049,0.000004,0.011542,0.000419,0.000005,0.002104,0.028479
18,0.011670,0.000047,0.000009,0.017183,0.000425,0.000009,0.001042,0.030391
2,0.016752,0.000054,0.000006,0.213786,0.000591,0.000012,0.030919,0.262133
36,0.013651,0.000050,0.000005,0.013185,0.000373,0.000005,0.002048,0.029323
4,0.013069,0.000061,0.000007,0.036421,0.000755,0.000027,0.003559,0.053911
13,0.015430,0.000073,0.000004,0.134162,0.000346,0.000005,0.000325,0.150347
36,0.017980,0.000063,0.000007,0.185749,0.000557,0.000009,0.027932,0.232307
10,0.019321,0.000063,0.000006,0.193448,0.000537,0.000010,0.000503,0.213894
31,0.021016,0.000056,0.000005,0.039124,0.000559,0.000015,0.001533,0.062324
42,0.017214,0.000076,0.000007,0.147409,0.000494,0.000011,0.001552,0.166776
37,0.014133,0.000048,0.000005,0.011585,0.000451,0.000004,0.002046,0.028279
10,0.013846,0.000063,0.000005,0.188333,0.000851,0.000011,0.001722,0.204839
6,0.016644,0.000110,0.000018,0.209188,0.000362,0.000004,0.002612,0.228947
38,0.012956,0.000045,0.000006,0.003705,0.000375,0.000004,0.001703,0.018800
32,0.012707,0.000045,0.000004,0.023743,0.000759,0.000011,0.000773,0.038051
2,0.007607,0.000033,0.000003,0.158799,0.000461,0.000008,0.003104,0.170027
11,0.013376,0.000096,0.000012,0.015450,0.000566,0.000011,0.001683,0.031204
35,0.008670,0.000030,0.000003,0.173391,0.000375,0.000004,0.000785,0.183261
14,0.013656,0.000057,0.000004,0.059609,0.000746,0.000012,0.000718,0.074812
37,0.018468,0.000090,0.000007,0.040131,0.000454,0.000009,0.014909,0.074079
39,0.013450,0.000047,0.000005,0.026180,0.000389,0.000004,0.001983,0.042066
11,0.010388,0.000055,0.000005,0.064748,0.000477,0.000012,0.000446,0.076138
40,0.017294,0.000051,0.000005,0.004481,0.000380,0.000005,0.002203,0.024425
15,0.010091,0.000086,0.000011,0.021725,0.000615,0.000014,0.001071,0.033623
33,0.018469,0.000057,0.000004,0.046452,0.000504,0.000010,0.000723,0.066229
17,0.012742,0.000054,0.000007,0.204726,0.000465,0.000007,0.000360,0.218364
5,0.010176,0.000052,0.000006,0.202091,0.000548,0.000008,0.001548,0.214438
41,0.012774,0.000045,0.000004,0.003689,0.000361,0.000006,0.002152,0.019035
25,0.009322,0.000054,0.000006,0.174577,0.000414,0.000008,0.004585,0.188976
38,0.021851,0.000061,0.000008,0.015335,0.000449,0.000009,0.013089,0.050813
42,0.012840,0.000047,0.000004,0.004811,0.000376,0.000004,0.001952,0.020039
19,0.009966,0.000050,0.000009,0.175527,0.000671,0.000019,0.002257,0.188512
5,0.011992,0.000079,0.000005,0.156499,0.000594,0.000011,0.004458,0.173653
18,0.011821,0.000052,0.000006,0.037859,0.000415,0.000006,0.000346,0.050509
7,0.010907,0.000056,0.000004,0.128759,0.000464,0.000009,0.003355,0.143599
39,0.012860,0.000052,0.000004,0.047446,0.004714,0.000012,0.013617,0.078719
3,0.020130,0.000054,0.000006,0.178530,0.000467,0.000010,0.034086,0.233293
43,0.024405,0.000072,0.000015,0.034895,0.000709,0.000007,0.002450,0.062578
20,0.013825,0.000054,0.000008,0.047536,0.000502,0.000009,0.001227,0.063169
12,0.010687,0.000057,0.000006,0.180631,0.000424,0.000008,0.001225,0.193047
43,0.010735,0.000051,0.000005,0.234093,0.000491,0.000010,0.003202,0.248605
40,0.013833,0.000084,0.000010,0.023497,0.000503,0.000009,0.012830,0.050780
44,0.013091,0.000043,0.000004,0.031791,0.000401,0.000005,0.001926,0.047266
16,0.009005,0.000048,0.000004,0.143131,0.000972,0.000031,0.001584,0.154788
3,0.012979,0.000064,0.000006,0.196660,0.000382,0.000005,0.002573,0.212677
12,0.012334,0.000055,0.000005,0.170090,0.000535,0.000022,0.000801,0.183855
34,0.012083,0.000053,0.000005,0.152781,0.000441,0.000006,0.000692,0.166067
4,0.009399,0.000049,0.000005,0.036733,0.000479,0.000007,0.026113,0.072797
36,0.009033,0.000054,0.000005,0.209341,0.000451,0.000007,0.000973,0.219872
45,0.015013,0.000051,0.000003,0.007029,0.000296,0.000004,0.001924,0.024324
4,0.008406,0.000043,0.000004,0.021131,0.000369,0.000004,0.002683,0.032649
6,0.010125,0.000056,0.000004,0.169385,0.000452,0.000008,0.001591,0.181632
44,0.016149,0.000060,0.000005,0.031679,0.000639,0.000018,0.002004,0.050566
17,0.014734,0.000033,0.000003,0.041629,0.000560,0.000012,0.000763,0.057745
46,0.012662,0.000045,0.000004,0.031165,0.000375,0.000004,0.002005,0.046265
5,0.009009,0.000060,0.000007,0.019823,0.000858,0.000023,0.008236,0.038028
47,0.010924,0.000034,0.000003,0.004776,0.000357,0.000004,0.001817,0.017920
6,0.016230,0.000070,0.000008,0.186278,0.000906,0.000021,0.008235,0.211763
8,0.008453,0.000051,0.000005,0.190751,0.000485,0.000009,0.002937,0.202701
26,0.027919,0.000056,0.000007,0.224278,0.000707,0.000016,0.018499,0.271498
6,0.011454,0.000053,0.000005,0.040779,0.000543,0.000007,0.003056,0.055911
19,0.013803,0.000049,0.000006,0.215210,0.000496,0.000008,0.000396,0.229973
48,0.011025,0.000038,0.000003,0.029748,0.000492,0.000006,0.003320,0.044640
21,0.020402,0.000061,0.000011,0.168249,0.000497,0.000009,0.001183,0.190420
49,0.015104,0.000045,0.000004,0.012901,0.000434,0.000007,0.002994,0.031496
13,0.015498,0.000031,0.000003,0.158068,0.000434,0.000011,0.000424,0.174475
13,0.009229,0.000056,0.000006,0.187404,0.000541,0.000010,0.001410,0.198663
41,0.015485,0.000061,0.000005,0.150178,0.001042,0.000025,0.021305,0.188113
35,0.026301,0.000059,0.000005,0.171842,0.000662,0.000013,0.000897,0.199790
7,0.009449,0.000067,0.000005,0.164118,0.000466,0.000008,0.001591,0.175714
50,0.017219,0.000048,0.000004,0.048772,0.000535,0.000006,0.003179,0.069772
45,0.021273,0.000052,0.000004,0.176268,0.000482,0.000011,0.001313,0.199415
37,0.014417,0.000056,0.000005,0.237411,0.000647,0.000013,0.001804,0.254362
18,0.013141,0.000057,0.000006,0.196319,0.000902,0.000015,0.000886,0.211335
5,0.017766,0.000064,0.000007,0.221831,0.000610,0.000009,0.023512,0.263811
9,0.012602,0.000043,0.000005,0.189439,0.000472,0.000010,0.002508,0.205084
7,0.007945,0.000048,0.000004,0.189894,0.000524,0.000011,0.002830,0.201265
7,0.019050,0.000056,0.000006,0.229137,0.000459,0.000007,0.002355,0.251077
8,0.009920,0.000049,0.000007,0.111815,0.000368,0.000004,0.001261,0.123432
6,0.014510,0.000063,0.000005,0.024639,0.000571,0.000112,0.022207,0.062119
22,0.013574,0.000062,0.000011,0.191336,0.000557,0.000010,0.001159,0.206717
27,0.022695,0.000055,0.000017,0.185502,0.001081,0.000029,0.012247,0.221642
20,0.022552,0.000054,0.000006,0.194142,0.000495,0.000006,0.000386,0.217652
14,0.009328,0.000051,0.000004,0.176837,0.000418,0.000008,0.001248,0.187903
51,0.018106,0.000052,0.000005,0.117849,0.000937,0.000024,0.004221,0.141207
8,0.009439,0.000047,0.000004,0.017035,0.000507,0.000008,0.002799,0.029849
8,0.012363,0.000056,0.000006,0.024460,0.000408,0.000006,0.002794,0.040104
42,0.017046,0.000074,0.000008,0.220465,0.000519,0.000011,0.026322,0.264456
46,0.015411,0.000055,0.000004,0.190204,0.000503,0.000011,0.001377,0.207575
36,0.015515,0.000056,0.000008,0.221727,0.000553,0.000011,0.000659,0.238536
9,0.009808,0.000037,0.000004,0.046004,0.000715,0.000011,0.004950,0.061542
52,0.020556,0.000070,0.000007,0.065344,0.000485,0.000008,0.004197,0.090675
10,0.011032,0.000055,0.000006,0.140248,0.000431,0.000008,0.003471,0.155261
19,0.023598,0.000058,0.000005,0.202234,0.000535,0.000013,0.000969,0.227420
38,0.013180,0.000056,0.000007,0.221951,0.000536,0.000012,0.000983,0.236732
9,0.008524,0.000058,0.000006,0.170652,0.000460,0.000007,0.001593,0.181312
43,0.014505,0.000059,0.000007,0.058517,0.000793,0.000014,0.022003,0.095913
11,0.017782,0.000102,0.000012,0.044546,0.000684,0.000013,0.004573,0.067724
14,0.011430,0.000055,0.000007,0.376331,0.000478,0.000013,0.000442,0.388763
23,0.012539,0.000057,0.000010,0.190717,0.000451,0.000009,0.001123,0.204915
15,0.007759,0.000047,0.000005,0.190326,0.000443,0.000009,0.001223,0.199820
28,0.015209,0.000091,0.000008,0.184654,0.000623,0.000010,0.005570,0.206189
7,0.011344,0.000062,0.000006,0.191867,0.000498,0.000009,0.025607,0.229406
44,0.013092,0.000057,0.000006,0.014187,0.000530,0.000010,0.013990,0.041885
21,0.012181,0.000053,0.000007,0.216671,0.000464,0.000033,0.000365,0.229779
12,0.014647,0.000056,0.000007,0.026223,0.000411,0.000008,0.003246,0.044608
16,0.012617,0.000059,0.000006,0.014152,0.000433,0.000007,0.001255,0.028537
9,0.009629,0.000054,0.000005,0.196538,0.000550,0.000009,0.003049,0.209844
10,0.010939,0.000101,0.000013,0.054019,0.000417,0.000008,0.001435,0.066936
13,0.008047,0.000054,0.000006,0.006804,0.000288,0.000008,0.006830,0.022048
15,0.012293,0.000059,0.000005,0.053721,0.000550,0.000014,0.000540,0.067190
10,0.010899,0.000053,0.000005,0.154920,0.000422,0.000007,0.003043,0.169358
10,0.008225,0.000027,0.000003,0.033043,0.000919,0.000024,0.006673,0.048927
47,0.014808,0.000052,0.000005,0.185907,0.000589,0.000013,0.001163,0.202545
22,0.015328,0.000029,0.000003,0.059069,0.000638,0.000011,0.000487,0.075572
37,0.014224,0.000056,0.000006,0.203327,0.000495,0.000008,0.000702,0.218829
16,0.009860,0.000054,0.000005,0.031025,0.000499,0.000012,0.000441,0.041900
45,0.012542,0.000055,0.000007,0.053528,0.000487,0.000011,0.019535,0.086187
11,0.009902,0.000057,0.000006,0.014144,0.000536,0.000011,0.004276,0.028946
20,0.026786,0.000073,0.000007,0.163006,0.000476,0.000010,0.000632,0.190999
53,0.013848,0.000047,0.000004,0.197533,0.000606,0.000008,0.004681,0.216737
48,0.020817,0.000053,0.000006,0.038559,0.000895,0.000016,0.002487,0.062849
39,0.022072,0.000049,0.000003,0.193698,0.000584,0.000011,0.001286,0.217711
11,0.013451,0.000059,0.000008,0.143060,0.000441,0.000008,0.001605,0.158643
29,0.012584,0.000059,0.000006,0.191859,0.000434,0.000009,0.004663,0.209624
54,0.027688,0.000071,0.000007,0.049688,0.001114,0.000021,0.008270,0.086868
24,0.013392,0.000051,0.000011,0.206082,0.000506,0.000008,0.001248,0.221312
8,0.009277,0.000059,0.000006,0.168179,0.000529,0.000009,0.023712,0.201783
17,0.010801,0.000028,0.000003,0.194010,0.000798,0.000015,0.002366,0.208036
14,0.009668,0.000055,0.000006,0.180786,0.000337,0.000005,0.007136,0.198005
12,0.016958,0.000104,0.000011,0.036391,0.000794,0.000011,0.002870,0.057147
30,0.014577,0.000063,0.000006,0.039896,0.000499,0.000007,0.007736,0.062803
12,0.012092,0.000048,0.000005,0.159409,0.000496,0.000008,0.002686,0.174751
17,0.011655,0.000080,0.000007,0.188564,0.000524,0.000011,0.000441,0.201289
38,0.013175,0.000053,0.000007,0.194617,0.000446,0.000008,0.000667,0.208980
46,0.014979,0.000085,0.000008,0.160276,0.000451,0.000008,0.031963,0.207799
23,0.015375,0.000053,0.000006,0.204524,0.000555,0.000011,0.000387,0.220915
11,0.016885,0.000054,0.000006,0.231751,0.000453,0.000009,0.002735,0.251904
21,0.018108,0.000075,0.000008,0.180323,0.000452,0.000008,0.000562,0.199541
49,0.013571,0.000053,0.000005,0.198251,0.000596,0.000028,0.001373,0.213895
22,0.008222,0.000037,0.000004,0.027562,0.000437,0.000009,0.000542,0.036820
12,0.011368,0.000032,0.000003,0.044132,0.000381,0.000004,0.002875,0.058802
40,0.013918,0.000056,0.000005,0.218615,0.000560,0.000008,0.001130,0.234301
39,0.012528,0.000049,0.000004,0.069334,0.000477,0.000016,0.000633,0.083048
13,0.011778,0.000065,0.000008,0.141076,0.000390,0.000005,0.001264,0.154593
18,0.020836,0.000060,0.000007,0.168694,0.000472,0.000009,0.001428,0.191514
9,0.009673,0.000057,0.000005,0.179021,0.000497,0.000006,0.024895,0.214162
15,0.022595,0.000056,0.000005,0.184661,0.000520,0.000008,0.003462,0.211318
31,0.018095,0.000091,0.000009,0.167343,0.000614,0.000009,0.005461,0.191642
19,0.023281,0.000057,0.000006,0.018552,0.000607,0.000014,0.001995,0.044523
25,0.013420,0.000058,0.000011,0.264965,0.000509,0.000009,0.001321,0.280300
55,0.013538,0.000056,0.000006,0.270627,0.000609,0.000009,0.011860,0.296717
13,0.011564,0.000052,0.000004,0.224516,0.000500,0.000009,0.003123,0.239779
32,0.013175,0.000062,0.000004,0.046133,0.000498,0.000011,0.004589,0.064481
24,0.010582,0.000047,0.000004,0.204285,0.000429,0.000008,0.004616,0.219983
23,0.009850,0.000051,0.000006,0.167866,0.000402,0.000006,0.000550,0.178734
47,0.015078,0.000048,0.000005,0.199047,0.000958,0.000008,0.014632,0.229790
16,0.020323,0.000060,0.000006,0.066497,0.000515,0.000009,0.003452,0.090873
18,0.011865,0.000068,0.000005,0.240859,0.000924,0.000014,0.000576,0.254318
14,0.018489,0.000069,0.000010,0.137210,0.000427,0.000006,0.001384,0.157601
17,0.012830,0.000054,0.000006,0.017183,0.000434,0.000008,0.003135,0.033662
56,0.015134,0.000049,0.000005,0.056176,0.000531,0.000009,0.007257,0.079168
13,0.011253,0.000055,0.000005,0.195840,0.000592,0.000010,0.005064,0.212834
50,0.015594,0.000062,0.000006,0.213819,0.000579,0.000015,0.001310,0.231397
41,0.013674,0.000072,0.000005,0.200871,0.000494,0.000008,0.000977,0.216109
10,0.013778,0.000061,0.000007,0.147340,0.000530,0.000007,0.023744,0.185478
51,0.015109,0.000056,0.000005,0.041471,0.000503,0.000013,0.001399,0.058567
20,0.016441,0.000059,0.000005,0.166483,0.000608,0.000010,0.001264,0.184882
40,0.014608,0.000047,0.000006,0.249501,0.000712,0.000010,0.000709,0.265605
25,0.015782,0.000060,0.000007,0.151974,0.000551,0.000010,0.000454,0.168847
26,0.014239,0.000061,0.000012,0.201939,0.000607,0.000009,0.001221,0.218101
15,0.008856,0.000059,0.000005,0.128013,0.000357,0.000004,0.001336,0.138636
19,0.016116,0.000056,0.000004,0.171088,0.000482,0.000011,0.000457,0.188219
14,0.019203,0.000058,0.000006,0.204331,0.000510,0.000008,0.003227,0.227357
24,0.012828,0.000045,0.000005,0.203830,0.000493,0.000009,0.000613,0.217830
26,0.015515,0.000036,0.000004,0.033326,0.000463,0.000010,0.000370,0.049730
27,0.011497,0.000040,0.000008,0.031208,0.000444,0.000008,0.001151,0.044364
33,0.012953,0.000054,0.000005,0.209466,0.000607,0.000014,0.006330,0.229444
48,0.020204,0.000052,0.000005,0.187790,0.000500,0.000012,0.016294,0.224870
57,0.012182,0.000050,0.000005,0.169959,0.000507,0.000008,0.005419,0.188140
42,0.013486,0.000055,0.000005,0.174032,0.000487,0.000010,0.001668,0.189759
18,0.014681,0.000101,0.000012,0.195102,0.000606,0.000009,0.003334,0.213861
58,0.010492,0.000044,0.000005,0.036026,0.000381,0.000008,0.002098,0.049059
14,0.026884,0.000061,0.000006,0.201408,0.000553,0.000008,0.011398,0.240330
11,0.008881,0.000051,0.000007,0.168297,0.000527,0.000008,0.047928,0.225712
19,0.013185,0.000055,0.000007,0.020318,0.000460,0.000009,0.003635,0.037681
21,0.023479,0.000143,0.000022,0.176518,0.000535,0.000009,0.001270,0.201984
52,0.012810,0.000052,0.000007,0.189705,0.000607,0.000011,0.001378,0.204586
43,0.017317,0.000075,0.000009,0.048804,0.000572,0.000008,0.000855,0.067653
41,0.012596,0.000056,0.000006,0.196610,0.000451,0.000010,0.000587,0.210322
15,0.019217,0.000058,0.000004,0.031828,0.000497,0.000008,0.003143,0.054764
16,0.007850,0.000035,0.000005,0.188304,0.000548,0.000012,0.001864,0.198632
15,0.012266,0.000052,0.000005,0.165607,0.000402,0.000008,0.003031,0.181383
49,0.013843,0.000055,0.000006,0.149509,0.000566,0.000010,0.013892,0.177898
20,0.010340,0.000056,0.000006,0.190620,0.000477,0.000010,0.000453,0.201968
34,0.023796,0.000057,0.000004,0.156388,0.000581,0.000009,0.005116,0.185960
27,0.012075,0.000054,0.000005,0.198677,0.000420,0.000007,0.000403,0.211647
25,0.014846,0.000054,0.000005,0.198100,0.000491,0.000007,0.000595,0.214105
28,0.014853,0.000050,0.000010,0.221136,0.000583,0.000009,0.001260,0.237911
50,0.014227,0.000059,0.000004,0.021299,0.000474,0.000010,0.013363,0.049449
20,0.021146,0.000056,0.000005,0.153983,0.000497,0.000011,0.003303,0.179010
59,0.012264,0.000046,0.000004,0.173389,0.000501,0.000008,0.004935,0.191155
16,0.013087,0.000059,0.000006,0.136467,0.000663,0.000012,0.005034,0.155340
22,0.011181,0.000050,0.000004,0.204911,0.000691,0.000011,0.001197,0.218059
44,0.014771,0.000052,0.000006,0.197450,0.000438,0.000009,0.000957,0.213690
42,0.014302,0.000050,0.000005,0.195023,0.000589,0.000010,0.000703,0.210692
12,0.009367,0.000049,0.000005,0.206395,0.000486,0.000007,0.026156,0.242481
53,0.011588,0.000061,0.000007,0.212624,0.000800,0.000017,0.002107,0.227216
45,0.013431,0.000051,0.000005,0.026124,0.000326,0.000004,0.000567,0.040510
17,0.014608,0.000083,0.000012,0.197932,0.000454,0.000008,0.001620,0.214725
13,0.009151,0.000050,0.000005,0.014701,0.000484,0.000007,0.034731,0.059140
16,0.010613,0.000049,0.000004,0.203133,0.000489,0.000008,0.003069,0.217377
21,0.012517,0.000055,0.000005,0.198761,0.000493,0.000016,0.000457,0.212311
26,0.022311,0.000059,0.000005,0.180437,0.000986,0.000030,0.001385,0.205227
35,0.012396,0.000053,0.000005,0.203457,0.001051,0.000027,0.008247,0.225250
28,0.012234,0.000046,0.000005,0.199220,0.000481,0.000007,0.000370,0.212367
51,0.013285,0.000059,0.000006,0.172124,0.000482,0.000009,0.013630,0.199606
27,0.017157,0.000050,0.000005,0.019934,0.000288,0.000004,0.000304,0.037744
36,0.020148,0.000055,0.000005,0.019735,0.000221,0.000004,0.002227,0.042397
29,0.016015,0.000062,0.000012,0.204638,0.000300,0.000004,0.000796,0.221832
60,0.013696,0.000049,0.000004,0.178425,0.000269,0.000004,0.002175,0.194626
21,0.019142,0.000057,0.000008,0.201765,0.000696,0.000011,0.003516,0.225206
17,0.014273,0.000104,0.000005,0.186111,0.000561,0.000009,0.003162,0.204250
37,0.011377,0.000058,0.000006,0.009807,0.000532,0.000012,0.005314,0.027120
52,0.011440,0.000053,0.000005,0.041115,0.000973,0.000034,0.017849,0.071479
54,0.019324,0.000097,0.000012,0.169218,0.000589,0.000011,0.001467,0.190730
23,0.012851,0.000049,0.000006,0.189300,0.000573,0.000009,0.001313,0.204112
18,0.009271,0.000046,0.000004,0.188144,0.000480,0.000058,0.001657,0.199669
22,0.010966,0.000052,0.000005,0.159487,0.000708,0.000021,0.000683,0.171933
46,0.013673,0.000050,0.000006,0.204627,0.000558,0.000009,0.001012,0.219943
17,0.011719,0.000049,0.000004,0.180498,0.000552,0.000008,0.003117,0.195957
43,0.015114,0.000061,0.000004,0.254891,0.000541,0.000010,0.000781,0.271412
29,0.012421,0.000050,0.000006,0.157415,0.000425,0.000006,0.000391,0.170719
19,0.012000,0.000053,0.000008,0.025997,0.000480,0.000008,0.001650,0.040208
30,0.013561,0.000055,0.000010,0.159145,0.000448,0.000009,0.001069,0.174304
14,0.012845,0.000098,0.000012,0.235598,0.000537,0.000010,0.035220,0.284331
22,0.011425,0.000056,0.000006,0.179885,0.000655,0.000013,0.003272,0.195323
61,0.016863,0.000051,0.000004,0.200982,0.000486,0.000007,0.006797,0.225200
18,0.013482,0.000075,0.000008,0.190335,0.000517,0.000010,0.003002,0.207437
28,0.012279,0.000054,0.000008,0.224920,0.000944,0.000010,0.000540,0.238762
23,0.015717,0.000066,0.000006,0.021766,0.000546,0.000007,0.003501,0.041620
38,0.012788,0.000062,0.000005,0.216648,0.000555,0.000009,0.005518,0.235593
44,0.015432,0.000056,0.000005,0.133240,0.000524,0.000009,0.000718,0.149991
24,0.010999,0.000046,0.000005,0.215093,0.000572,0.000010,0.001285,0.228020
55,0.014468,0.000057,0.000006,0.231327,0.000589,0.000014,0.001585,0.248057
53,0.016934,0.000085,0.000010,0.224933,0.000609,0.000014,0.029015,0.271619
18,0.011336,0.000054,0.000007,0.201395,0.000535,0.000009,0.003331,0.216674
23,0.017079,0.000054,0.000005,0.209144,0.000599,0.000016,0.000697,0.227601
45,0.015495,0.000054,0.000006,0.047608,0.000468,0.000009,0.000655,0.064305
24,0.012901,0.000067,0.000005,0.064810,0.000927,0.000039,0.005634,0.084397
47,0.014212,0.000060,0.000006,0.211529,0.000428,0.000005,0.000781,0.227025
30,0.012358,0.000058,0.000005,0.230903,0.000890,0.000025,0.000853,0.245102
19,0.010690,0.000052,0.000005,0.029483,0.000426,0.000004,0.001651,0.042318
20,0.009432,0.000055,0.000007,0.230256,0.000480,0.000006,0.010165,0.250413
19,0.011933,0.000049,0.000005,0.174494,0.000545,0.000009,0.002861,0.189905
62,0.011592,0.000044,0.000005,0.175583,0.000762,0.000021,0.006432,0.194448
31,0.023311,0.000066,0.000011,0.222866,0.000515,0.000009,0.001225,0.248014
15,0.013217,0.000051,0.000005,0.190970,0.000508,0.000009,0.025927,0.230699
20,0.008935,0.000033,0.000004,0.039013,0.000396,0.000004,0.001545,0.049936
63,0.010638,0.000043,0.000004,0.009922,0.000408,0.000006,0.004194,0.025224
39,0.011485,0.000055,0.000006,0.168309,0.000538,0.000011,0.006340,0.186760
21,0.008135,0.000054,0.000005,0.008692,0.000416,0.000005,0.001637,0.018951
48,0.072942,0.000057,0.000005,0.033749,0.000487,0.000013,0.001229,0.108489
29,0.019015,0.000104,0.000016,0.202820,0.000579,0.000009,0.000616,0.223169
22,0.010467,0.000159,0.000014,0.009085,0.000465,0.000007,0.001880,0.022087
25,0.024026,0.000061,0.000004,0.173476,0.000822,0.000016,0.018419,0.216839
49,0.014315,0.000055,0.000006,0.051481,0.000593,0.000009,0.001029,0.067496
54,0.013081,0.000058,0.000008,0.188753,0.000837,0.000030,0.014010,0.216790
24,0.011030,0.000061,0.000006,0.189069,0.000440,0.000012,0.000457,0.201083
46,0.012767,0.000086,0.000005,0.196220,0.000521,0.000010,0.000680,0.210297
56,0.016050,0.000055,0.000005,0.239871,0.000513,0.000010,0.001721,0.258238
50,0.012860,0.000050,0.000004,0.030333,0.000551,0.000008,0.001047,0.044862
21,0.018093,0.000104,0.000051,0.177666,0.000484,0.000007,0.001632,0.198047
16,0.013748,0.000082,0.000005,0.130151,0.000422,0.000005,0.027082,0.171506
55,0.012745,0.000054,0.000005,0.046824,0.000541,0.000012,0.015509,0.075702
57,0.018251,0.000052,0.000004,0.043199,0.000599,0.000016,0.001741,0.063877
31,0.021829,0.000055,0.000006,0.234279,0.000471,0.000007,0.000354,0.257005
25,0.016823,0.000060,0.000006,0.271401,0.000522,0.000010,0.003464,0.292299
23,0.021350,0.000084,0.000009,0.152784,0.000528,0.000009,0.002988,0.177763
22,0.022219,0.000098,0.000012,0.037623,0.000373,0.000005,0.001859,0.062200
30,0.014830,0.000058,0.000006,0.200477,0.000696,0.000012,0.000689,0.216781
32,0.013174,0.000054,0.000009,0.238657,0.000490,0.000008,0.001283,0.253683
20,0.017418,0.000052,0.000005,0.235235,0.000840,0.000015,0.017230,0.270817
40,0.015609,0.000055,0.000006,0.211546,0.000527,0.000010,0.014140,0.241907
31,0.022307,0.000051,0.000006,0.022472,0.000513,0.000009,0.000505,0.045870
26,0.012844,0.000062,0.000006,0.215143,0.000538,0.000008,0.001287,0.229897
51,0.010844,0.000030,0.000003,0.211827,0.000546,0.000009,0.001104,0.224370
58,0.017825,0.000083,0.000007,0.155132,0.000570,0.000015,0.001549,0.175192
56,0.011967,0.000056,0.000006,0.168375,0.000485,0.000009,0.011176,0.192085
21,0.041701,0.000103,0.000014,0.066578,0.000700,0.000017,0.004968,0.114092
47,0.013479,0.000061,0.000005,0.255430,0.000565,0.000012,0.000657,0.270215
17,0.010922,0.000044,0.000004,0.181882,0.000466,0.000006,0.032702,0.226044
26,0.015576,0.000065,0.000005,0.197871,0.000485,0.000008,0.003157,0.217177
33,0.008753,0.000065,0.000012,0.169239,0.000834,0.000014,0.002230,0.181159
32,0.014382,0.000054,0.000005,0.222092,0.000503,0.000007,0.000391,0.237439
25,0.009730,0.000055,0.000006,0.317277,0.000445,0.000011,0.000487,0.328016
33,0.010915,0.000028,0.000003,0.007207,0.000489,0.000006,0.000346,0.018999
23,0.012221,0.000099,0.000010,0.220343,0.000561,0.000011,0.002764,0.236022
26,0.010590,0.000030,0.000003,0.033370,0.000601,0.000015,0.000624,0.045242
24,0.012066,0.000049,0.000004,0.242817,0.000634,0.000009,0.003313,0.258902
27,0.012826,0.000051,0.000005,0.051422,0.000464,0.000011,0.003305,0.068094
41,0.014077,0.000058,0.000004,0.209807,0.000555,0.000012,0.005716,0.230245
34,0.018156,0.000066,0.000006,0.016511,0.000525,0.000009,0.000421,0.035702
32,0.023252,0.000060,0.000006,0.185925,0.000619,0.000009,0.000634,0.210512
27,0.013084,0.000068,0.000008,0.043676,0.000463,0.000012,0.000403,0.057719
25,0.011618,0.000050,0.000005,0.045816,0.008656,0.000010,0.002945,0.069112
57,0.013211,0.000056,0.000007,0.167081,0.000228,0.000004,0.006909,0.187509
27,0.011922,0.000056,0.000005,0.254650,0.000624,0.000012,0.001650,0.268926
59,0.016135,0.000065,0.000010,0.194792,0.000458,0.000013,0.001533,0.213020
52,0.013683,0.000054,0.000004,0.210868,0.000472,0.000012,0.000914,0.226015
18,0.016586,0.000049,0.000006,0.171240,0.000427,0.000006,0.022486,0.210811
48,0.025240,0.000092,0.000012,0.191929,0.000522,0.000009,0.000677,0.218488
22,0.034963,0.000055,0.000005,0.201344,0.000528,0.000008,0.003142,0.240054
34,0.017279,0.000037,0.000005,0.176383,0.000550,0.000010,0.001520,0.195794
24,0.011619,0.000058,0.000008,0.186401,0.000504,0.000009,0.001885,0.200494
35,0.017988,0.000066,0.000014,0.154196,0.000543,0.000008,0.000403,0.173223
36,0.011251,0.000047,0.000005,0.022290,0.000468,0.000006,0.000353,0.034424
28,0.011603,0.000048,0.000004,0.199297,0.000503,0.000010,0.003374,0.214851
33,0.017712,0.000055,0.000006,0.194681,0.000497,0.000011,0.000586,0.213555
26,0.010374,0.000057,0.000006,0.164519,0.000436,0.000008,0.003139,0.178552
42,0.012500,0.000061,0.000005,0.235011,0.000571,0.000010,0.013900,0.262073
49,0.014820,0.000047,0.000006,0.124399,0.000500,0.000008,0.000633,0.140418
28,0.016407,0.000068,0.000008,0.203143,0.000676,0.000015,0.000851,0.221177
28,0.014799,0.000052,0.000004,0.193992,0.000462,0.000007,0.001258,0.210585
58,0.013597,0.000058,0.000004,0.195370,0.000698,0.000016,0.013925,0.223683
60,0.013040,0.000055,0.000005,0.207932,0.000649,0.000015,0.001674,0.223381
43,0.017458,0.000057,0.000005,0.026512,0.000570,0.000009,0.005380,0.050003
53,0.013154,0.000050,0.000005,0.198977,0.000459,0.000009,0.000961,0.213623
29,0.014560,0.000063,0.000009,0.029020,0.000443,0.000009,0.000495,0.044605
30,0.007948,0.000054,0.000005,0.009627,0.000436,0.000010,0.000412,0.018500
44,0.015576,0.000055,0.000005,0.017962,0.000294,0.000004,0.008478,0.042384
35,0.014666,0.000051,0.000009,0.223667,0.000821,0.000011,0.001571,0.240814
25,0.009296,0.000056,0.000007,0.193685,0.000475,0.000009,0.001541,0.205076
23,0.015419,0.000055,0.000005,0.250884,0.001157,0.000031,0.005447,0.273029
19,0.010936,0.000072,0.000005,0.235769,0.000658,0.000013,0.042486,0.289961
45,0.011376,0.000059,0.000006,0.029969,0.000438,0.000009,0.006168,0.048041
37,0.012147,0.000053,0.000008,0.187832,0.000455,0.000009,0.000404,0.200911
26,0.009371,0.000055,0.000007,0.028362,0.000492,0.000009,0.001594,0.039899
29,0.016129,0.000056,0.000006,0.192619,0.000467,0.000010,0.003320,0.212615
50,0.013774,0.000072,0.000006,0.149084,0.000554,0.000010,0.000857,0.164367
27,0.008915,0.000050,0.000005,0.014499,0.000406,0.000008,0.001676,0.025570
27,0.007465,0.000030,0.000003,0.198701,0.000305,0.000004,0.007255,0.213776
31,0.007863,0.000033,0.000004,0.138079,0.000621,0.000015,0.000639,0.147262
34,0.013038,0.000065,0.000004,0.242751,0.000503,0.000006,0.000723,0.257100
30,0.015132,0.000059,0.000006,0.054541,0.000509,0.000010,0.003365,0.073633
29,0.012183,0.000050,0.000004,0.219942,0.000633,0.000012,0.001357,0.234191
32,0.010058,0.000053,0.000006,0.022665,0.000489,0.000011,0.000513,0.033801
51,0.014685,0.000053,0.000005,0.086140,0.000533,0.000010,0.000689,0.102125
61,0.019859,0.000042,0.000005,0.195840,0.000606,0.000028,0.003778,0.220183
46,0.022451,0.000061,0.000005,0.099347,0.000775,0.000012,0.006376,0.129057
35,0.015351,0.000056,0.000006,0.040286,0.000308,0.000004,0.000336,0.056349
59,0.013755,0.000059,0.000005,0.217433,0.000889,0.000016,0.034123,0.266294
36,0.011309,0.000052,0.000013,0.174724,0.000474,0.000007,0.001002,0.187586
54,0.013324,0.000053,0.000004,0.235474,0.000702,0.000014,0.001481,0.251064
33,0.013272,0.000058,0.000006,0.041641,0.000522,0.000012,0.000495,0.056014
31,0.013305,0.000061,0.000006,0.063328,0.000650,0.000014,0.004403,0.081779
24,0.025173,0.000055,0.000005,0.185696,0.000501,0.000008,0.003171,0.214620
28,0.013069,0.000060,0.000006,0.173005,0.000492,0.000006,0.001229,0.187876
32,0.016921,0.000059,0.000004,0.027550,0.000436,0.000008,0.003049,0.048042
38,0.011647,0.000044,0.000006,0.219014,0.000487,0.000007,0.000410,0.231620
60,0.023732,0.000127,0.000011,0.060606,0.000533,0.000011,0.015810,0.100843
28,0.013060,0.000053,0.000005,0.189638,0.000446,0.000011,0.003240,0.206463
20,0.021730,0.000055,0.000005,0.227906,0.000590,0.000010,0.025543,0.275862
25,0.016935,0.000056,0.000006,0.053292,0.001124,0.000023,0.008183,0.079635
29,0.009474,0.000050,0.000006,0.044408,0.000473,0.000008,0.002859,0.057291
36,0.014474,0.000058,0.000005,0.165588,0.000516,0.000008,0.000628,0.181283
37,0.014265,0.000049,0.000009,0.182139,0.000520,0.000011,0.001357,0.198356
29,0.008126,0.000029,0.000004,0.114482,0.000466,0.000009,0.001185,0.124308
30,0.014181,0.000058,0.000007,0.225503,0.000614,0.000013,0.001611,0.241998
62,0.035998,0.000066,0.000005,0.195579,0.000536,0.000013,0.001377,0.233581
52,0.023157,0.000066,0.000007,0.212910,0.000542,0.000008,0.000687,0.237389
55,0.019612,0.000057,0.000005,0.186897,0.000501,0.000008,0.000967,0.208054
47,0.024579,0.000071,0.000007,0.209196,0.000486,0.000010,0.005067,0.239428
30,0.010332,0.000046,0.000006,0.019184,0.000354,0.000004,0.001338,0.031271
34,0.010578,0.000055,0.000006,0.204184,0.000935,0.000027,0.001126,0.216923
33,0.015211,0.000058,0.000005,0.141482,0.000563,0.000012,0.005358,0.162704
63,0.014770,0.000093,0.000012,0.032722,0.000555,0.000014,0.001591,0.049767
56,0.016438,0.000053,0.000005,0.045582,0.000492,0.000011,0.001157,0.063748
48,0.018864,0.000072,0.000009,0.030921,0.000502,0.000010,0.005364,0.055751
39,0.018017,0.000057,0.000007,0.191916,0.000700,0.000012,0.000830,0.211553
31,0.017879,0.000083,0.000008,0.069001,0.000573,0.000009,0.001249,0.088814
61,0.013122,0.000054,0.000007,0.191135,0.000554,0.000011,0.013160,0.218056
49,0.017263,0.000060,0.000007,0.033208,0.000528,0.000010,0.005349,0.056434
26,0.022083,0.000061,0.000006,0.193283,0.000547,0.000010,0.002898,0.218897
30,0.011526,0.000103,0.000013,0.182044,0.000468,0.000007,0.002935,0.197105
21,0.019951,0.000055,0.000007,0.202656,0.000514,0.000010,0.024201,0.247405
31,0.007947,0.000041,0.000006,0.127880,0.000391,0.000005,0.001254,0.137531
62,0.013283,0.000054,0.000005,0.048406,0.000323,0.000004,0.010073,0.072161
53,0.013403,0.000056,0.000009,0.174589,0.000499,0.000010,0.000777,0.189353
37,0.014174,0.000054,0.000007,0.210225,0.000552,0.000011,0.000668,0.225697
32,0.006937,0.000030,0.000003,0.038194,0.000377,0.000005,0.001141,0.046692
27,0.015796,0.000041,0.000006,0.041909,0.000772,0.000012,0.004872,0.063426
38,0.013078,0.000061,0.000016,0.211848,0.000523,0.000010,0.001377,0.226923
35,0.014534,0.000053,0.000005,0.169410,0.000518,0.000013,0.000450,0.184989
57,0.017248,0.000050,0.000005,0.148585,0.000453,0.000011,0.000878,0.167238
34,0.018058,0.000059,0.000005,0.203437,0.000586,0.000010,0.004049,0.226218
22,0.021805,0.000059,0.000005,0.054183,0.000557,0.000017,0.037956,0.114590
32,0.011920,0.000059,0.000006,0.186086,0.000486,0.000009,0.001343,0.199918
39,0.020201,0.000072,0.000013,0.053514,0.000507,0.000010,0.001495,0.075820
40,0.018994,0.000097,0.000012,0.190268,0.000562,0.000009,0.000389,0.210341
28,0.023706,0.000044,0.000005,0.064568,0.000530,0.000009,0.002916,0.091788
41,0.015970,0.000054,0.000005,0.019767,0.000571,0.000010,0.000429,0.036817
33,0.008088,0.000038,0.000005,0.131318,0.000409,0.000005,0.001165,0.141034
54,0.012969,0.000054,0.000004,0.160230,0.000623,0.000011,0.000762,0.174666
50,0.028645,0.000067,0.000005,0.218081,0.000533,0.000009,0.005530,0.252881
64,0.017186,0.000084,0.000006,0.128252,0.000863,0.000010,0.000918,0.147332
63,0.013311,0.000054,0.000006,0.172867,0.000359,0.000005,0.022498,0.209113
40,0.017854,0.000069,0.000012,0.079593,0.000492,0.000011,0.001169,0.099208
55,0.020639,0.000083,0.000008,0.022476,0.000504,0.000011,0.000690,0.044419
38,0.014374,0.000068,0.000006,0.208112,0.000548,0.000008,0.000592,0.223715
58,0.018622,0.000045,0.000005,0.164313,0.000526,0.000012,0.000931,0.184462
31,0.033056,0.000105,0.000010,0.241475,0.000453,0.000008,0.003165,0.278283
36,0.010121,0.000053,0.000006,0.227199,0.000787,0.000029,0.000776,0.238983
34,0.006822,0.000040,0.000004,0.123144,0.000404,0.000006,0.001382,0.131811
35,0.021141,0.000090,0.000008,0.207964,0.000577,0.000010,0.003466,0.233269
37,0.023095,0.000066,0.000008,0.012767,0.000557,0.000017,0.000582,0.037100
33,0.013932,0.000055,0.000004,0.202315,0.000565,0.000010,0.001364,0.218255
23,0.029136,0.000068,0.000005,0.172327,0.000827,0.000013,0.026457,0.228856
29,0.020872,0.000052,0.000005,0.187170,0.000429,0.000006,0.002366,0.210910
42,0.017292,0.000090,0.000009,0.178255,0.000653,0.000011,0.000419,0.196736
38,0.009232,0.000064,0.000007,0.041368,0.001003,0.000021,0.000806,0.052512
65,0.012896,0.000052,0.000005,0.184115,0.000798,0.000011,0.000910,0.198796
56,0.012447,0.000053,0.000006,0.167598,0.000627,0.000011,0.000842,0.181601
41,0.023420,0.000059,0.000013,0.194369,0.000468,0.000010,0.001211,0.219561
39,0.012415,0.000053,0.000006,0.188697,0.000463,0.000010,0.000581,0.202231
51,0.021859,0.000062,0.000005,0.210412,0.000501,0.000009,0.006088,0.238947
35,0.010993,0.000054,0.000006,0.133658,0.000384,0.000005,0.001351,0.146457
59,0.013067,0.000046,0.000005,0.197578,0.000616,0.000008,0.000987,0.212324
32,0.011575,0.000046,0.000005,0.198176,0.000457,0.000009,0.003130,0.213409
57,0.017616,0.000063,0.000007,0.073721,0.001076,0.000032,0.001902,0.094435
34,0.012892,0.000073,0.000004,0.170450,0.000592,0.000009,0.001345,0.185379
33,0.030819,0.000058,0.000007,0.017418,0.000404,0.000006,0.002719,0.051442
24,0.021711,0.000056,0.000006,0.156442,0.001169,0.000029,0.031220,0.210646
36,0.014083,0.000061,0.000006,0.213457,0.000620,0.000010,0.003426,0.231681
66,0.019570,0.000058,0.000005,0.140125,0.000978,0.000016,0.001208,0.161967
30,0.015887,0.000049,0.000006,0.210644,0.001083,0.000023,0.008530,0.236246
39,0.032649,0.000052,0.000007,0.184563,0.000428,0.000011,0.000384,0.218096
43,0.015694,0.000064,0.000008,0.273673,0.000528,0.000007,0.000455,0.290434
40,0.014206,0.000054,0.000006,0.190668,0.000717,0.000011,0.000970,0.206650
52,0.018424,0.000048,0.000004,0.181935,0.000473,0.000011,0.005484,0.206390
36,0.009909,0.000043,0.000004,0.184156,0.000503,0.000010,0.002020,0.196653
67,0.010065,0.000046,0.000003,0.081914,0.000450,0.000004,0.000610,0.093095
41,0.015374,0.000067,0.000006,0.023763,0.000429,0.000009,0.000515,0.040172
60,0.014319,0.000058,0.000005,0.219444,0.000474,0.000008,0.000893,0.235212
42,0.013359,0.000054,0.000009,0.241308,0.000608,0.000011,0.001799,0.257158
37,0.009349,0.000052,0.000006,0.033857,0.000662,0.000014,0.002415,0.046366
40,0.012126,0.000041,0.000004,0.103847,0.000539,0.000014,0.000525,0.117104
34,0.018143,0.000049,0.000005,0.183443,0.000578,0.000012,0.004237,0.206481
58,0.013556,0.000058,0.000005,0.202317,0.000478,0.000012,0.000748,0.217184
68,0.010481,0.000044,0.000003,0.053840,0.000404,0.000004,0.000439,0.065218
35,0.013252,0.000056,0.000006,0.220800,0.000887,0.000011,0.001337,0.236358
69,0.008752,0.000051,0.000003,0.010930,0.000407,0.000004,0.000491,0.020641
37,0.014633,0.000059,0.000007,0.192713,0.000433,0.000006,0.003199,0.211060
70,0.009103,0.000037,0.000003,0.013497,0.000385,0.000004,0.000503,0.023535
25,0.032394,0.000062,0.000007,0.182463,0.000546,0.000010,0.034746,0.250244
31,0.015531,0.000077,0.000007,0.182168,0.000450,0.000009,0.002954,0.201206
36,0.013883,0.000056,0.000005,0.045214,0.000504,0.000009,0.001164,0.060841
71,0.011275,0.000042,0.000004,0.035931,0.000393,0.000005,0.000558,0.048212
44,0.014734,0.000054,0.000005,0.195088,0.000708,0.000015,0.000650,0.211265
53,0.012559,0.000059,0.000006,0.199817,0.000565,0.000010,0.005328,0.218353
72,0.009680,0.000051,0.000003,0.046570,0.000471,0.000007,0.000716,0.057502
42,0.013969,0.000056,0.000006,0.195130,0.000572,0.000011,0.000664,0.210417
38,0.008620,0.000047,0.000008,0.193050,0.000574,0.000013,0.002198,0.204521
61,0.016698,0.000055,0.000004,0.200702,0.000514,0.000008,0.000965,0.218956
38,0.013552,0.000057,0.000005,0.137521,0.000522,0.000011,0.012403,0.164095
41,0.015155,0.000050,0.000005,0.195193,0.000554,0.000011,0.000481,0.211456
43,0.014332,0.000051,0.000008,0.213992,0.000462,0.000010,0.001177,0.230039
73,0.009419,0.000038,0.000003,0.036778,0.000370,0.000005,0.000504,0.047119
35,0.033597,0.000065,0.000004,0.184114,0.000843,0.000015,0.005667,0.224322
74,0.010493,0.000045,0.000005,0.013676,0.000358,0.000004,0.000404,0.024987
59,0.071707,0.000058,0.000007,0.171184,0.000542,0.000015,0.000895,0.244420
32,0.015907,0.000047,0.000005,0.163046,0.000418,0.000009,0.002655,0.182097
26,0.012389,0.000048,0.000006,0.155475,0.000423,0.000008,0.029549,0.197912
37,0.012378,0.000055,0.000006,0.177090,0.000668,0.000011,0.001352,0.191570
75,0.008298,0.000030,0.000003,0.042785,0.000393,0.000004,0.000445,0.051960
36,0.020068,0.000045,0.000005,0.049086,0.000476,0.000008,0.003092,0.072790
60,0.021940,0.000066,0.000007,0.030485,0.000482,0.000010,0.000645,0.053645
64,0.033422,0.000090,0.000017,0.034203,0.000668,0.000012,0.010714,0.079156
45,0.012951,0.000054,0.000004,0.204278,0.000395,0.000005,0.000279,0.217969
54,0.030469,0.000101,0.000014,0.189037,0.000527,0.000011,0.006833,0.227003
76,0.008986,0.000038,0.000003,0.076734,0.000365,0.000004,0.000440,0.086573
43,0.014900,0.000059,0.000005,0.193579,0.000714,0.000016,0.001107,0.210390
62,0.012125,0.000047,0.000003,0.192267,0.000474,0.000007,0.000831,0.205762
39,0.012165,0.000075,0.000007,0.210739,0.000521,0.000010,0.002016,0.225540
39,0.027359,0.000062,0.000006,0.186239,0.000608,0.000011,0.003894,0.218193
77,0.009612,0.000035,0.000003,0.019454,0.000436,0.000004,0.000479,0.030027
42,0.011577,0.000054,0.000005,0.206686,0.000925,0.000027,0.001087,0.220374
44,0.014715,0.000060,0.000009,0.206440,0.000754,0.000023,0.003458,0.225474
78,0.010374,0.000076,0.000004,0.018141,0.000808,0.000014,0.000925,0.030345
63,0.013761,0.000057,0.000006,0.041530,0.000240,0.000005,0.000460,0.056062
40,0.016071,0.000074,0.000008,0.025724,0.012610,0.000020,0.002474,0.056991
38,0.011036,0.000053,0.000006,0.189324,0.000615,0.000010,0.001126,0.202180
61,0.012657,0.000052,0.000004,0.176451,0.000594,0.000012,0.000970,0.190752
33,0.027561,0.000163,0.000015,0.213628,0.000662,0.000009,0.003160,0.245216
79,0.012568,0.000037,0.000003,0.041725,0.000380,0.000004,0.000485,0.055204
37,0.020930,0.000056,0.000005,0.190195,0.000605,0.000008,0.003125,0.214944
45,0.020265,0.000029,0.000005,0.069669,0.000760,0.000014,0.001842,0.092592
80,0.010438,0.000047,0.000003,0.012368,0.000340,0.000004,0.000445,0.023648
65,0.012508,0.000028,0.000003,0.174346,0.001409,0.000031,0.010419,0.198756
27,0.022355,0.000053,0.000006,0.221502,0.000639,0.000011,0.030133,0.274712
81,0.008486,0.000033,0.000004,0.014659,0.000359,0.000004,0.000458,0.024007
82,0.009133,0.000047,0.000004,0.007176,0.000321,0.000005,0.000415,0.017104
44,0.014521,0.000054,0.000004,0.174762,0.000518,0.000009,0.000655,0.190531
46,0.016883,0.000062,0.000006,0.204261,0.000548,0.000015,0.000424,0.222205
55,0.026756,0.000060,0.000005,0.185736,0.000460,0.000009,0.005115,0.218151
28,0.024385,0.000067,0.000007,0.017372,0.000403,0.000006,0.021059,0.063309
83,0.009091,0.000032,0.000004,0.036905,0.000398,0.000004,0.000460,0.046896
43,0.012007,0.000051,0.000007,0.207070,0.000552,0.000012,0.000464,0.220168
40,0.029256,0.000055,0.000006,0.210004,0.000550,0.000012,0.004212,0.244105
84,0.009686,0.000042,0.000004,0.044693,0.000401,0.000004,0.000427,0.055260
41,0.015509,0.000059,0.000008,0.199647,0.000448,0.000008,0.001606,0.217292
39,0.018399,0.000054,0.000005,0.196219,0.000549,0.000011,0.001193,0.216440
85,0.010402,0.000049,0.000003,0.009366,0.000382,0.000004,0.000430,0.020640
44,0.020344,0.000052,0.000005,0.043237,0.000533,0.000013,0.000589,0.064781
62,0.016553,0.000050,0.000006,0.214564,0.000462,0.000012,0.000658,0.232311
34,0.024565,0.000070,0.000031,0.203494,0.000638,0.000009,0.003184,0.232001
66,0.024445,0.000069,0.000005,0.166993,0.000506,0.000009,0.011597,0.203639
46,0.014476,0.000070,0.000009,0.196991,0.000585,0.000011,0.002271,0.214424
86,0.008924,0.000037,0.000004,0.066161,0.000397,0.000005,0.000431,0.075961
38,0.017443,0.000048,0.000007,0.256048,0.000592,0.000013,0.010650,0.284821
56,0.025771,0.000050,0.000006,0.188902,0.000465,0.000010,0.004570,0.219783
47,0.014458,0.000057,0.000007,0.212836,0.000416,0.000007,0.000336,0.228122
29,0.016297,0.000049,0.000006,0.182227,0.000477,0.000008,0.020476,0.219553
45,0.014280,0.000067,0.000007,0.226870,0.000582,0.000050,0.000565,0.242428
87,0.009380,0.000045,0.000003,0.049650,0.000363,0.000004,0.000433,0.059881
42,0.010055,0.000053,0.000004,0.193112,0.000452,0.000008,0.001584,0.205278
40,0.014162,0.000063,0.000006,0.194267,0.000488,0.000008,0.001615,0.210619
45,0.008771,0.000052,0.000005,0.196403,0.000574,0.000015,0.000561,0.206387
35,0.031438,0.000049,0.000006,0.143341,0.000486,0.000007,0.002934,0.178273
88,0.017676,0.000055,0.000005,0.057351,0.000343,0.000004,0.000456,0.075892
63,0.011979,0.000045,0.000005,0.176486,0.000472,0.000010,0.000620,0.189624
41,0.015282,0.000054,0.000005,0.240829,0.000512,0.000008,0.003434,0.260134
89,0.007278,0.000031,0.000004,0.011264,0.000362,0.000004,0.000486,0.019431
47,0.025451,0.000057,0.000010,0.178350,0.000486,0.000012,0.001632,0.206008
39,0.022880,0.000054,0.000007,0.148301,0.000538,0.000010,0.002845,0.174645
90,0.018817,0.000053,0.000005,0.031232,0.000372,0.000004,0.000483,0.050968
57,0.015079,0.000051,0.000005,0.168957,0.000545,0.000011,0.005608,0.190269
67,0.023852,0.000104,0.000014,0.240106,0.000706,0.000011,0.009040,0.273848
42,0.031245,0.000127,0.000013,0.051896,0.000633,0.000015,0.003982,0.087923
91,0.007864,0.000035,0.000003,0.016799,0.000387,0.000004,0.000453,0.025548
48,0.013607,0.000050,0.000005,0.190144,0.000540,0.000009,0.000392,0.204752
46,0.013440,0.000062,0.000007,0.199339,0.000978,0.000020,0.001473,0.215332
30,0.016728,0.000049,0.000006,0.185149,0.000530,0.000010,0.030211,0.232695
43,0.018662,0.000061,0.000007,0.019313,0.000660,0.000019,0.003944,0.042677
58,0.020388,0.000053,0.000005,0.031168,0.000458,0.000011,0.005187,0.057280
92,0.008848,0.000038,0.000004,0.044632,0.000402,0.000004,0.000480,0.054412
93,0.009238,0.000044,0.000004,0.004952,0.000364,0.000004,0.000447,0.015054
46,0.016976,0.000066,0.000005,0.173156,0.000555,0.000017,0.000580,0.191363
41,0.014717,0.000054,0.000006,0.189434,0.000517,0.000009,0.001378,0.206123
43,0.011549,0.000054,0.000006,0.211812,0.000917,0.000024,0.002225,0.226599
94,0.008469,0.000043,0.000003,0.027992,0.000374,0.000004,0.000449,0.037337
36,0.021239,0.000050,0.000005,0.211179,0.000842,0.000019,0.006382,0.239731
48,0.015563,0.000054,0.000011,0.189613,0.000464,0.000009,0.001124,0.206845
95,0.023624,0.000064,0.000005,0.027021,0.000395,0.000004,0.000483,0.051598
44,0.009504,0.000052,0.000007,0.070264,0.000664,0.000014,0.002279,0.082796
42,0.012927,0.000054,0.000005,0.076105,0.000524,0.000008,0.001563,0.091194
40,0.017270,0.000046,0.000004,0.210620,0.000573,0.000010,0.002749,0.231285
68,0.011582,0.000049,0.000005,0.177246,0.000781,0.000015,0.010813,0.200512
59,0.009062,0.000052,0.000004,0.115484,0.001078,0.000047,0.026624,0.152377
96,0.008974,0.000048,0.000004,0.028464,0.000383,0.000005,0.000412,0.038291
49,0.028183,0.000049,0.000004,0.177792,0.000495,0.000007,0.000378,0.206914
44,0.013919,0.000058,0.000005,0.157489,0.000528,0.000010,0.003774,0.175793
97,0.007310,0.000031,0.000003,0.046123,0.000407,0.000004,0.000425,0.054305
69,0.016186,0.000085,0.000012,0.040927,0.000445,0.000012,0.008322,0.066005
60,0.046904,0.000071,0.000006,0.027565,0.000641,0.000007,0.005317,0.080525
47,0.018285,0.000059,0.000006,0.234707,0.000475,0.000007,0.000727,0.254275
98,0.008451,0.000042,0.000003,0.027866,0.000389,0.000004,0.000456,0.037213
70,0.013968,0.000094,0.000011,0.013996,0.000440,0.000008,0.011838,0.040371
31,0.021231,0.000056,0.000005,0.229821,0.000661,0.000014,0.026153,0.277953
49,0.010773,0.000053,0.000009,0.175349,0.000626,0.000017,0.001501,0.188338
47,0.016827,0.000051,0.000006,0.233133,0.000602,0.000015,0.000687,0.251330
99,0.008708,0.000045,0.000003,0.032585,0.000508,0.000007,0.000637,0.042497
48,0.013415,0.000056,0.000005,0.047285,0.000641,0.000014,0.000769,0.062194
37,0.019446,0.000070,0.000009,0.183265,0.000735,0.000014,0.005436,0.208989
100,0.008111,0.000034,0.000003,0.004263,0.000325,0.000004,0.000390,0.013132
61,0.020434,0.000044,0.000005,0.057429,0.000565,0.000011,0.006369,0.084870
45,0.009572,0.000049,0.000006,0.180795,0.000650,0.000012,0.002754,0.193846
43,0.013555,0.000059,0.000004,0.185257,0.000496,0.000008,0.001307,0.200695
101,0.008310,0.000045,0.000003,0.026500,0.000399,0.000004,0.000368,0.035632
41,0.021749,0.000057,0.000005,0.192987,0.000491,0.000012,0.019172,0.234488
45,0.015124,0.000053,0.000004,0.185858,0.000491,0.000009,0.003326,0.204876
50,0.019442,0.000070,0.000006,0.211276,0.000502,0.000007,0.000383,0.231690
102,0.007499,0.000038,0.000003,0.044469,0.000374,0.000004,0.000422,0.052811
46,0.020612,0.000052,0.000007,0.062368,0.000513,0.000010,0.001784,0.085355
103,0.008428,0.000037,0.000003,0.023268,0.000412,0.000005,0.000394,0.032550
104,0.008144,0.000036,0.000004,0.041103,0.000384,0.000005,0.000460,0.050139
71,0.030726,0.000063,0.000006,0.191081,0.000490,0.000008,0.009723,0.232112
49,0.018753,0.000052,0.000005,0.173899,0.000561,0.000010,0.000662,0.193950
62,0.026479,0.000057,0.000004,0.149185,0.000426,0.000006,0.006816,0.182986
48,0.014083,0.000054,0.000005,0.200086,0.000628,0.000026,0.000517,0.215411
50,0.014894,0.000052,0.000009,0.211132,0.000637,0.000016,0.001474,0.228225
32,0.039781,0.000101,0.000009,0.190180,0.000588,0.000009,0.026216,0.256915
105,0.008996,0.000033,0.000003,0.026393,0.000360,0.000005,0.000415,0.036208
72,0.012505,0.000051,0.000005,0.014179,0.000653,0.000015,0.010865,0.038291
50,0.011659,0.000057,0.000005,0.023994,0.000536,0.000012,0.000652,0.036924
38,0.022305,0.000060,0.000005,0.206034,0.000510,0.000011,0.003272,0.232205
44,0.011320,0.000050,0.000006,0.180460,0.000538,0.000011,0.001179,0.193573
106,0.008301,0.000036,0.000003,0.020143,0.000366,0.000004,0.000388,0.029244
51,0.012857,0.000049,0.000004,0.151138,0.000576,0.000011,0.000384,0.165024
107,0.008100,0.000035,0.000003,0.016135,0.000470,0.000008,0.000664,0.025420
46,0.013671,0.000053,0.000004,0.184686,0.000518,0.000011,0.003748,0.202702
45,0.013938,0.000054,0.000005,0.033658,0.000576,0.000010,0.001342,0.049593
42,0.024970,0.000055,0.000006,0.194001,0.000579,0.000011,0.003427,0.223062
108,0.009871,0.000032,0.000003,0.030496,0.000371,0.000004,0.000385,0.041165
47,0.013230,0.000056,0.000006,0.020395,0.000446,0.000009,0.003096,0.037247
46,0.020890,0.000061,0.000009,0.037512,0.000484,0.000008,0.001229,0.060203
47,0.035806,0.000144,0.000018,0.204543,0.001080,0.000034,0.003764,0.245399
73,0.012740,0.000058,0.000004,0.134415,0.000395,0.000006,0.007495,0.155128
48,0.027327,0.000046,0.000005,0.016014,0.000423,0.000007,0.001426,0.045254
51,0.015391,0.000065,0.000008,0.172460,0.000503,0.000011,0.000638,0.189084
49,0.013513,0.000053,0.000006,0.202484,0.000540,0.000013,0.000414,0.217029
74,0.010901,0.000044,0.000005,0.020797,0.000599,0.000014,0.010012,0.042387
47,0.030993,0.000109,0.000011,0.052160,0.000443,0.000009,0.001248,0.084982
51,0.016715,0.000055,0.000009,0.199865,0.000994,0.000021,0.002441,0.220130
39,0.045630,0.000085,0.000008,0.153095,0.000415,0.000008,0.003242,0.202494
109,0.008335,0.000030,0.000003,0.109034,0.000801,0.000009,0.000824,0.119050
33,0.015157,0.000076,0.000007,0.184065,0.000449,0.000006,0.035752,0.235533
63,0.027062,0.000060,0.000005,0.230837,0.000548,0.000011,0.017565,0.276097
52,0.031167,0.000076,0.000009,0.190060,0.000591,0.000011,0.000523,0.222444
52,0.016679,0.000051,0.000007,0.037950,0.000512,0.000010,0.000662,0.055882
110,0.030443,0.000071,0.000010,0.014423,0.000439,0.000007,0.000584,0.045981
75,0.016639,0.000062,0.000007,0.047478,0.000453,0.000010,0.008863,0.073527
111,0.013780,0.000033,0.000004,0.026338,0.000364,0.000005,0.000433,0.040959
43,0.029206,0.000049,0.000006,0.214039,0.000723,0.000011,0.004215,0.248264
112,0.014565,0.000046,0.000004,0.011607,0.000284,0.000004,0.008614,0.035127
48,0.020177,0.000052,0.000004,0.233566,0.000654,0.000011,0.003941,0.258418
64,0.963561,0.000103,0.000014,0.059678,0.000770,0.000016,0.000871,1.025029
50,0.012346,0.000066,0.000004,0.171573,0.000745,0.000024,0.000851,0.185624
49,0.013126,0.000054,0.000005,0.023645,0.000504,0.000009,0.003222,0.040575
44,0.019675,0.000064,0.000005,0.039700,0.000570,0.000006,0.001975,0.062004
113,0.019747,0.000046,0.000004,0.043084,0.000487,0.000005,0.000460,0.063835
53,0.017819,0.000055,0.000006,0.145941,0.000521,0.000010,0.000615,0.164974
64,0.029091,0.000087,0.000009,0.208985,0.000746,0.000017,0.000545,0.239487
51,0.012152,0.000051,0.000006,0.017957,0.000475,0.000012,0.000396,0.031053
76,0.011067,0.000047,0.000004,0.130068,0.000511,0.000013,0.009283,0.151007
40,0.028331,0.000056,0.000005,0.206495,0.000686,0.000012,0.004411,0.240008
45,0.008187,0.000049,0.000006,0.043199,0.000480,0.000006,0.001784,0.053717
49,0.023906,0.000066,0.000008,0.255946,0.000526,0.000009,0.001650,0.282127
114,0.016349,0.000036,0.000003,0.055483,0.000470,0.000005,0.000437,0.072784
48,0.015395,0.000052,0.000006,0.263075,0.000579,0.000012,0.001233,0.280362
53,0.032557,0.000087,0.000009,0.211189,0.001415,0.000028,0.001242,0.246551
52,0.038738,0.000065,0.000013,0.249554,0.000466,0.000006,0.000853,0.289701
34,0.038829,0.000056,0.000006,0.207526,0.000989,0.000018,0.028733,0.276169
46,0.009218,0.000055,0.000005,0.041910,0.000479,0.000005,0.001710,0.053390
41,0.019620,0.000054,0.000006,0.047255,0.000527,0.000011,0.002810,0.070290
115,0.015811,0.000046,0.000004,0.042571,0.000347,0.000005,0.000442,0.059228
65,0.014908,0.000057,0.000010,0.168728,0.000439,0.000007,0.000532,0.184686
47,0.007108,0.000038,0.000004,0.052317,0.000395,0.000006,0.001524,0.061399
53,0.040353,0.000159,0.000037,0.045142,0.000514,0.000009,0.001129,0.087350
50,0.012891,0.000056,0.000006,0.182426,0.000474,0.000010,0.002776,0.198649
116,0.018319,0.000066,0.000004,0.040038,0.000387,0.000005,0.000433,0.059254
77,0.025470,0.000058,0.000007,0.158981,0.000493,0.000012,0.009496,0.194532
52,0.023259,0.000078,0.000008,0.181614,0.000364,0.000005,0.000279,0.205610
48,0.009595,0.000047,0.000004,0.036754,0.000308,0.000004,0.001366,0.048083
54,0.036775,0.000052,0.000005,0.199631,0.000827,0.000014,0.000898,0.238213
50,0.028468,0.000054,0.000008,0.170877,0.000487,0.000009,0.001626,0.201538
65,0.018063,0.000053,0.000006,0.209989,0.000537,0.000010,0.000474,0.229140
117,0.014963,0.000044,0.000003,0.055281,0.000363,0.000005,0.000419,0.071081
49,0.013226,0.000042,0.000007,0.035178,0.000482,0.000005,0.001395,0.050342
49,0.021369,0.000056,0.000007,0.180873,0.000495,0.000009,0.001751,0.204571
53,0.013908,0.000055,0.000006,0.044810,0.000462,0.000013,0.000417,0.059674
50,0.010186,0.000046,0.000005,0.009033,0.000413,0.000005,0.001587,0.021284
54,0.013988,0.000057,0.000005,0.212358,0.000433,0.000006,0.000363,0.227214
55,0.029913,0.000058,0.000007,0.032742,0.000282,0.000004,0.000325,0.063333
118,0.016140,0.000041,0.000003,0.048597,0.000477,0.000008,0.000618,0.065888
35,0.014648,0.000069,0.000006,0.193861,0.000506,0.000011,0.033905,0.243020
42,0.020922,0.000051,0.000005,0.184064,0.000635,0.000013,0.004228,0.209930
51,0.007874,0.000039,0.000003,0.020143,0.000550,0.000007,0.002293,0.030917
52,0.007485,0.000052,0.000007,0.011680,0.000513,0.000006,0.001766,0.021521
66,0.013017,0.000052,0.000009,0.191575,0.000548,0.000008,0.000782,0.205999
50,0.017387,0.000078,0.000007,0.072116,0.000482,0.000008,0.001271,0.091356
119,0.019480,0.000046,0.000005,0.038633,0.000375,0.000005,0.000438,0.058984
53,0.008727,0.000072,0.000007,0.015468,0.000554,0.000007,0.001615,0.026455
51,0.014673,0.000069,0.000005,0.188072,0.000744,0.000013,0.005589,0.209178
78,0.020572,0.000066,0.000006,0.167831,0.000513,0.000010,0.009133,0.198150
36,0.017748,0.000053,0.000004,0.054729,0.000503,0.000008,0.025230,0.098288
54,0.012228,0.000057,0.000009,0.241244,0.000590,0.000010,0.001735,0.255880
56,0.014068,0.000042,0.000005,0.120592,0.000415,0.000004,0.000469,0.135599
120,0.015038,0.000057,0.000004,0.048450,0.000404,0.000005,0.000441,0.064401
51,0.020330,0.000053,0.000006,0.181039,0.000496,0.000007,0.001378,0.203321
54,0.008317,0.000051,0.000006,0.051962,0.000464,0.000006,0.001556,0.062369
51,0.021467,0.000053,0.000006,0.059974,0.000970,0.000023,0.003261,0.085787
66,0.013870,0.000052,0.000006,0.207250,0.000719,0.000013,0.000501,0.222425
121,0.016647,0.000046,0.000004,0.008501,0.000369,0.000005,0.000442,0.026016
37,0.017470,0.000049,0.000005,0.016833,0.000395,0.000007,0.023398,0.058168
54,0.021877,0.000050,0.000005,0.223178,0.000716,0.000021,0.000768,0.246623
55,0.022056,0.000047,0.000005,0.201797,0.000604,0.000011,0.000501,0.225026
55,0.009460,0.000041,0.000005,0.065848,0.000637,0.000006,0.002020,0.078022
122,0.041130,0.000046,0.000003,0.037790,0.000391,0.000004,0.001268,0.080637
67,0.010963,0.000052,0.000010,0.184917,0.000512,0.000010,0.000506,0.196976
56,0.013868,0.000044,0.000004,0.018712,0.000464,0.000005,0.000337,0.033437
52,0.013551,0.000036,0.000003,0.162520,0.000510,0.000005,0.002523,0.179168
38,0.041799,0.000059,0.000007,0.021072,0.000571,0.000018,0.030779,0.094316
123,0.015696,0.000045,0.000003,0.005867,0.000362,0.000004,0.000393,0.022373
56,0.008521,0.000042,0.000005,0.038790,0.000469,0.000004,0.001438,0.049274
43,0.025669,0.000110,0.000009,0.225891,0.000818,0.000009,0.003880,0.256409
57,0.010333,0.000043,0.000004,0.174750,0.000528,0.000010,0.000546,0.186220
39,0.017523,0.000043,0.000005,0.021559,0.000608,0.000013,0.022061,0.061822
57,0.009569,0.000042,0.000004,0.049534,0.000434,0.000005,0.001522,0.061117
79,0.030323,0.000057,0.000005,0.213219,0.000543,0.000013,0.009656,0.253831
67,0.012262,0.000050,0.000007,0.171236,0.000671,0.000016,0.000529,0.184782
55,0.015402,0.000051,0.000007,0.216025,0.000596,0.000014,0.001688,0.233791
124,0.016117,0.000041,0.000003,0.065537,0.000416,0.000005,0.000377,0.082499
52,0.021291,0.000068,0.000008,0.186325,0.000555,0.000010,0.001287,0.209553
58,0.016593,0.000064,0.000005,0.029764,0.000527,0.000010,0.000547,0.047517
52,0.019542,0.000053,0.000009,0.213571,0.000538,0.000010,0.001613,0.235344
58,0.007924,0.000043,0.000004,0.041550,0.000362,0.000004,0.001498,0.051390
53,0.013230,0.000047,0.000007,0.117836,0.000289,0.000004,0.010218,0.141638
55,0.019147,0.000057,0.000005,0.177907,0.000557,0.000013,0.000528,0.198222
125,0.013232,0.000046,0.000003,0.052595,0.000359,0.000004,0.000333,0.066575
59,0.031677,0.000050,0.000005,0.028192,0.000522,0.000010,0.000575,0.061041
68,0.012800,0.000056,0.000009,0.178395,0.000501,0.000009,0.000440,0.192217
59,0.018095,0.000046,0.000005,0.039608,0.000401,0.000004,0.001516,0.059681
56,0.013019,0.000050,0.000006,0.024396,0.000469,0.000012,0.000440,0.038398
57,0.012269,0.000053,0.000006,0.191853,0.000465,0.000011,0.000366,0.205029
126,0.013334,0.000041,0.000003,0.037811,0.000375,0.000004,0.000336,0.051908
44,0.032417,0.000103,0.000008,0.172503,0.000550,0.000011,0.003316,0.208916
56,0.012839,0.000054,0.000009,0.141313,0.000485,0.000010,0.001318,0.156038
127,0.014857,0.000038,0.000003,0.016420,0.000393,0.000007,0.000462,0.032182
60,0.007903,0.000044,0.000005,0.056376,0.000396,0.000004,0.001362,0.066095
61,0.009702,0.000047,0.000006,0.012935,0.000444,0.000005,0.001579,0.024723
45,0.027660,0.000060,0.000007,0.025588,0.000603,0.000010,0.003333,0.057269
57,0.013787,0.000063,0.000013,0.035856,0.000467,0.000010,0.001328,0.051531
68,0.016793,0.000060,0.000006,0.198112,0.000523,0.000008,0.000399,0.215908
53,0.016583,0.000057,0.000006,0.193725,0.000422,0.000008,0.001242,0.212051
40,0.016702,0.000048,0.000005,0.202796,0.000481,0.000010,0.021183,0.241238
80,0.015934,0.000055,0.000005,0.210646,0.000571,0.000025,0.009256,0.236525
62,0.007690,0.000043,0.000005,0.058530,0.000843,0.000006,0.001678,0.068810
54,0.016001,0.000062,0.000006,0.209866,0.000526,0.000008,0.003223,0.229703
53,0.033237,0.000073,0.000008,0.225776,0.000568,0.000009,0.002395,0.262077
69,0.014109,0.000067,0.000007,0.064772,0.000533,0.000012,0.000553,0.080062
41,0.014342,0.000035,0.000004,0.034172,0.000500,0.000008,0.025335,0.074405
60,0.017459,0.000054,0.000004,0.206546,0.000667,0.000009,0.000641,0.225397
63,0.009260,0.000047,0.000008,0.038064,0.000473,0.000004,0.001574,0.049438
70,0.011287,0.000047,0.000005,0.038699,0.000625,0.000009,0.000447,0.051125
57,0.011941,0.000050,0.000006,0.228987,0.000727,0.000021,0.001071,0.242815
69,0.012212,0.000052,0.000005,0.257745,0.000760,0.000015,0.000626,0.271432
58,0.011932,0.000044,0.000004,0.238809,0.000433,0.000006,0.000365,0.251597
81,0.018905,0.000060,0.000007,0.151207,0.000462,0.000010,0.008549,0.179217
46,0.023335,0.000064,0.000006,0.190712,0.000549,0.000010,0.003739,0.218425
58,0.013308,0.000059,0.000010,0.191810,0.000543,0.000009,0.001164,0.206912
54,0.030794,0.000079,0.000009,0.207059,0.000596,0.000011,0.001683,0.240240
47,0.016262,0.000029,0.000004,0.022353,0.000609,0.000014,0.003856,0.043137
54,0.023981,0.000076,0.000008,0.162540,0.000426,0.000006,0.001408,0.188451
70,0.016595,0.000068,0.000010,0.141368,0.000382,0.000004,0.000404,0.158835
61,0.044077,0.000087,0.000011,0.203202,0.000571,0.000011,0.000736,0.248703
58,0.016172,0.000060,0.000004,0.186498,0.000627,0.000018,0.000652,0.204039
55,0.024404,0.000061,0.000006,0.246450,0.000855,0.000018,0.005204,0.277010
71,0.024960,0.000062,0.000005,0.188823,0.000503,0.000011,0.000410,0.214780
42,0.020533,0.000054,0.000006,0.193371,0.000415,0.000008,0.052613,0.267010
59,0.016527,0.000090,0.000011,0.197801,0.000357,0.000005,0.000267,0.215060
82,0.011795,0.000054,0.000007,0.161322,0.000478,0.000012,0.008324,0.182007
55,0.013990,0.000057,0.000005,0.119579,0.000406,0.000005,0.000949,0.134997
59,0.025906,0.000054,0.000005,0.023460,0.000722,0.000019,0.000735,0.050908
62,0.012545,0.000053,0.000005,0.050840,0.000898,0.000011,0.000624,0.064985
59,0.037535,0.000103,0.000020,0.191642,0.000447,0.000008,0.001227,0.230993
72,0.013603,0.000058,0.000005,0.076834,0.000676,0.000011,0.000501,0.091695
56,0.014778,0.000050,0.000005,0.117847,0.000366,0.000005,0.002566,0.135624
55,0.022900,0.000056,0.000007,0.196990,0.000481,0.000008,0.001622,0.222071
60,0.019904,0.000108,0.000018,0.029218,0.000502,0.000009,0.001289,0.051058
60,0.010241,0.000048,0.000005,0.119052,0.000400,0.000005,0.000254,0.130007
48,0.021654,0.000072,0.000006,0.222194,0.000461,0.000010,0.003652,0.248059
71,0.023542,0.000053,0.000008,0.178898,0.000571,0.000008,0.000452,0.203539
56,0.011608,0.000051,0.000006,0.144047,0.000461,0.000006,0.001374,0.157557
57,0.010331,0.000043,0.000005,0.014422,0.000314,0.000005,0.000831,0.025957
60,0.014824,0.000048,0.000005,0.171587,0.000458,0.000013,0.000438,0.187381
83,0.014093,0.000059,0.000005,0.189108,0.000744,0.000015,0.010422,0.214472
43,0.031515,0.000075,0.000008,0.188089,0.000448,0.000008,0.024771,0.244927
63,0.020664,0.000059,0.000007,0.172651,0.000683,0.000010,0.000684,0.194765
61,0.014364,0.000064,0.000005,0.015549,0.000476,0.000007,0.008453,0.038921
61,0.010164,0.000039,0.000004,0.127878,0.000648,0.000012,0.000563,0.139315
57,0.014682,0.000044,0.000005,0.168066,0.000970,0.000032,0.007674,0.191488
73,0.014380,0.000056,0.000004,0.221102,0.000611,0.000011,0.000550,0.236721
61,0.013191,0.000053,0.000008,0.190136,0.000530,0.000012,0.001409,0.205347
56,0.021031,0.000054,0.000006,0.184873,0.000463,0.000009,0.001714,0.208160
62,0.023954,0.000052,0.000004,0.041565,0.000453,0.000007,0.000325,0.066366
49,0.030768,0.000086,0.000007,0.167245,0.000615,0.000011,0.004211,0.202955
58,0.013987,0.000061,0.000004,0.041830,0.000533,0.000012,0.003686,0.060125
63,0.017066,0.000049,0.000005,0.021430,0.000513,0.000011,0.000487,0.039567
74,0.016207,0.000054,0.000006,0.046447,0.000462,0.000014,0.000437,0.063634
72,0.026126,0.000054,0.000010,0.216196,0.000547,0.000008,0.000474,0.243421
58,0.010627,0.000046,0.000004,0.175551,0.000506,0.000010,0.001221,0.187975
44,0.014714,0.000045,0.000004,0.152779,0.000454,0.000004,0.016709,0.184726
75,0.017954,0.000045,0.000005,0.016236,0.000506,0.000011,0.000395,0.035158
84,0.014208,0.000059,0.000006,0.194590,0.000488,0.000011,0.010130,0.219509
62,0.020270,0.000094,0.000011,0.160569,0.000371,0.000005,0.008472,0.189798
45,0.014959,0.000039,0.000007,0.042076,0.000336,0.000003,0.014201,0.071628
63,0.013608,0.000056,0.000005,0.042135,0.000538,0.000008,0.000368,0.056723
46,0.009597,0.000041,0.000004,0.014625,0.000348,0.000004,0.014041,0.038668
62,0.012359,0.000062,0.000013,0.198450,0.000706,0.000011,0.001338,0.212959
57,0.012899,0.000054,0.000007,0.216490,0.000503,0.000010,0.001674,0.231647
50,0.038882,0.000071,0.000004,0.184975,0.000518,0.000012,0.003985,0.228455
59,0.018491,0.000052,0.000004,0.181379,0.000444,0.000009,0.001192,0.201580
59,0.012449,0.000056,0.000004,0.211700,0.000521,0.000011,0.003805,0.228558
73,0.014322,0.000053,0.000008,0.203759,0.000504,0.000008,0.000482,0.219143
76,0.023964,0.000057,0.000006,0.174345,0.000547,0.000014,0.000454,0.199393
51,0.024806,0.000058,0.000006,0.027523,0.000610,0.000010,0.003963,0.056988
52,0.035708,0.000065,0.000009,0.014360,0.000460,0.000010,0.003458,0.054080
85,0.021362,0.000060,0.000007,0.201407,0.000770,0.000016,0.010116,0.233750
60,0.023811,0.000054,0.000004,0.051013,0.000484,0.000008,0.003192,0.078575
60,0.025795,0.000067,0.000010,0.038499,0.000716,0.000015,0.025084,0.090208
47,0.017263,0.012083,0.000006,0.136384,0.000404,0.000006,0.017065,0.183221
63,0.030572,0.000066,0.000012,0.163208,0.000499,0.000011,0.001306,0.195681
58,0.022278,0.000050,0.000005,0.196569,0.000532,0.000010,0.001692,0.221148
64,0.029473,0.000141,0.000017,0.129617,0.000575,0.000006,0.003834,0.163683
74,0.013930,0.000059,0.000011,0.205860,0.000528,0.000007,0.000547,0.220949
77,0.024202,0.000063,0.000006,0.193348,0.000574,0.000013,0.000470,0.218685
64,0.014792,0.000075,0.000008,0.049925,0.000466,0.000004,0.018058,0.083346
61,0.013729,0.000055,0.000006,0.165804,0.000500,0.000007,0.003872,0.183983
53,0.014097,0.000061,0.000006,0.179579,0.000383,0.000005,0.002269,0.196409
61,0.017923,0.000069,0.000007,0.183323,0.000768,0.000014,0.001711,0.203826
48,0.018745,0.000041,0.000004,0.146196,0.000422,0.000005,0.016810,0.182235
78,0.033606,0.000048,0.000004,0.035534,0.000549,0.000011,0.000413,0.070172
65,0.010762,0.000046,0.000005,0.037350,0.000409,0.000004,0.004690,0.053274
86,0.013997,0.000060,0.000006,0.215462,0.000562,0.000013,0.009941,0.240052
66,0.007336,0.000042,0.000004,0.050838,0.000394,0.000004,0.003997,0.062623
65,0.009669,0.000044,0.000005,0.162200,0.000619,0.000012,0.004636,0.177196
54,0.018693,0.000047,0.000004,0.075908,0.000791,0.000015,0.005724,0.101196
62,0.033759,0.000061,0.000006,0.049937,0.000990,0.000025,0.001632,0.086419
87,0.014378,0.000048,0.000004,0.034426,0.000502,0.000010,0.009360,0.058741
59,0.020905,0.000056,0.000007,0.213276,0.000556,0.000011,0.002258,0.237079
67,0.007027,0.000043,0.000004,0.033121,0.000381,0.000004,0.003872,0.044459
63,0.015703,0.000075,0.000008,0.037441,0.000404,0.000006,0.001083,0.054729
68,0.007305,0.000045,0.000006,0.003925,0.000362,0.000005,0.018290,0.029949
75,0.021088,0.000048,0.000010,0.218043,0.000435,0.000007,0.000416,0.240053
62,0.022000,0.000067,0.000008,0.186642,0.000452,0.000009,0.002845,0.212032
79,0.018897,0.000053,0.000006,0.153422,0.000518,0.000014,0.000401,0.173319
64,0.036163,0.000072,0.000009,0.019830,0.000522,0.000006,0.009040,0.065658
49,0.018888,0.000056,0.000005,0.112730,0.000394,0.000005,0.015144,0.147229
69,0.008794,0.000044,0.000005,0.041331,0.000452,0.000005,0.006258,0.056897
65,0.007742,0.000045,0.000005,0.012693,0.000473,0.000008,0.008153,0.029129
60,0.032448,0.000052,0.000006,0.060064,0.000454,0.000007,0.001464,0.094506
66,0.017176,0.000052,0.000005,0.156130,0.000630,0.000008,0.006519,0.180535
55,0.035381,0.000052,0.000005,0.149254,0.000445,0.000004,0.002438,0.187588
70,0.008073,0.000045,0.000005,0.046134,0.000398,0.000004,0.004165,0.058832
71,0.007439,0.000045,0.000005,0.005586,0.000392,0.000004,0.004045,0.017524
61,0.016915,0.000048,0.000005,0.059618,0.000546,0.000013,0.001437,0.078592
66,0.017038,0.000046,0.000005,0.063322,0.000546,0.000009,0.007273,0.088245
88,0.013384,0.000067,0.000005,0.225743,0.000545,0.000010,0.010171,0.249936
72,0.007260,0.000041,0.000004,0.029241,0.000427,0.000007,0.004088,0.041074
56,0.026094,0.000051,0.000005,0.040010,0.012582,0.000009,0.003101,0.081859
64,0.548107,0.000095,0.000007,0.030332,0.000512,0.000006,0.000454,0.579519
80,0.016625,0.000051,0.000005,0.163695,0.000556,0.000011,0.000470,0.181421
76,0.018632,0.000062,0.000008,0.169278,0.000913,0.000025,0.001224,0.190154
67,0.017352,0.000043,0.000004,0.043513,0.000457,0.000007,0.007334,0.068721
63,0.017587,0.000048,0.000005,0.185639,0.000412,0.000010,0.003125,0.206837
65,0.009870,0.000043,0.000006,0.019390,0.000407,0.000007,0.000317,0.030044
73,0.014671,0.000044,0.000006,0.035195,0.000363,0.000004,0.003694,0.053984
67,0.019644,0.000050,0.000005,0.130721,0.000496,0.000009,0.003290,0.154227
68,0.020365,0.000051,0.000005,0.011735,0.000456,0.000008,0.007239,0.039869
64,0.045863,0.000077,0.000010,0.039134,0.000667,0.000011,0.007106,0.092894
74,0.006431,0.000038,0.000006,0.031969,0.000325,0.000005,0.016143,0.054930
50,0.051325,0.000165,0.000015,0.163568,0.000552,0.000009,0.038946,0.254603
65,0.013915,0.000035,0.000004,0.042342,0.000448,0.000007,0.004650,0.061411
69,0.007739,0.000045,0.000005,0.049930,0.000437,0.000007,0.007066,0.065237
66,0.007251,0.000041,0.000005,0.095121,0.000588,0.000006,0.000403,0.103430
62,0.028402,0.000103,0.000013,0.175667,0.000472,0.000008,0.001818,0.206490
75,0.013868,0.000047,0.000005,0.051381,0.000391,0.000005,0.004236,0.069941
89,0.014781,0.000058,0.000006,0.165120,0.000522,0.000010,0.008300,0.188803
57,0.023589,0.000055,0.000005,0.172120,0.000533,0.000008,0.002899,0.199222
77,0.018285,0.000048,0.000006,0.170360,0.000590,0.000013,0.000695,0.190005
70,0.022523,0.000048,0.000004,0.042324,0.000387,0.000006,0.006169,0.071469
76,0.006834,0.000044,0.000005,0.050165,0.000378,0.000005,0.003653,0.061092
64,0.020866,0.000091,0.000014,0.189524,0.000716,0.000008,0.000397,0.211627
68,0.018582,0.000055,0.000005,0.174108,0.000512,0.000008,0.003675,0.196955
63,0.024855,0.000080,0.000010,0.079767,0.000629,0.000011,0.001999,0.107360
81,0.027162,0.000051,0.000006,0.222993,0.000583,0.000015,0.000450,0.251269
67,0.010176,0.000072,0.000017,0.121444,0.000503,0.000008,0.000385,0.132610
66,0.012301,0.000046,0.000005,0.141176,0.008552,0.000007,0.004326,0.166421
77,0.008525,0.000054,0.000006,0.055589,0.000506,0.000009,0.007471,0.072169
71,0.018047,0.000071,0.000005,0.055000,0.000511,0.000010,0.025526,0.099185
69,0.010462,0.000060,0.000005,0.043598,0.000487,0.000011,0.004288,0.058925
51,0.036451,0.000062,0.000005,0.172956,0.000599,0.000010,0.027099,0.237192
78,0.007792,0.000046,0.000005,0.035431,0.000390,0.000004,0.004160,0.047835
72,0.018952,0.000051,0.000004,0.047043,0.000832,0.000039,0.006927,0.073885
79,0.007520,0.000045,0.000004,0.040027,0.000446,0.000005,0.004793,0.052847
78,0.013417,0.000049,0.000004,0.197252,0.000495,0.000008,0.000493,0.211725
90,0.014350,0.000071,0.000008,0.202027,0.000472,0.000010,0.008434,0.225387
58,0.019931,0.000061,0.000006,0.194784,0.000564,0.000007,0.002766,0.218128
68,0.031197,0.000056,0.000003,0.122918,0.000695,0.000012,0.000387,0.155273
73,0.021243,0.000051,0.000012,0.032663,0.000547,0.000009,0.007752,0.062285
65,0.017621,0.000056,0.000006,0.191297,0.000473,0.000007,0.000268,0.209733
80,0.006871,0.000040,0.000006,0.044252,0.000363,0.000004,0.003915,0.055458
91,0.011770,0.000047,0.000005,0.034053,0.000396,0.000009,0.008138,0.054429
82,0.029117,0.000061,0.000006,0.180377,0.000517,0.000012,0.000417,0.210514
81,0.008495,0.000043,0.000006,0.002797,0.000371,0.000006,0.016330,0.028056
67,0.012816,0.000070,0.000006,0.170113,0.000328,0.000005,0.014899,0.198250
74,0.016984,0.000038,0.000003,0.007411,0.000324,0.000005,0.017570,0.042340
70,0.012912,0.000038,0.000005,0.193400,0.000646,0.000013,0.004708,0.211736
92,0.025267,0.000056,0.000004,0.028215,0.000512,0.000009,0.009428,0.063500
82,0.010207,0.000045,0.000005,0.041262,0.000399,0.000005,0.004070,0.056000
52,0.021000,0.000051,0.000005,0.167740,0.000426,0.000005,0.024170,0.213411
75,0.018608,0.000043,0.000003,0.035202,0.000350,0.000007,0.006733,0.060953
64,0.020505,0.000092,0.000014,0.039910,0.000751,0.000011,0.015612,0.076920
83,0.007469,0.000042,0.000004,0.054568,0.000481,0.000009,0.004049,0.066630
59,0.026358,0.000110,0.000008,0.175484,0.000637,0.000008,0.002795,0.205421
79,0.012158,0.000048,0.000007,0.202662,0.000587,0.000012,0.000506,0.215986
66,0.009975,0.000041,0.000006,0.159671,0.000349,0.000004,0.000211,0.170261
84,0.007395,0.000047,0.000004,0.003774,0.000334,0.000004,0.003742,0.015305
69,0.022507,0.000102,0.000012,0.182942,0.000642,0.000017,0.000524,0.206755
83,0.025094,0.000060,0.000008,0.157824,0.000437,0.000006,0.000431,0.183870
76,0.017029,0.000043,0.000003,0.079376,0.000642,0.000010,0.014156,0.111269
71,0.014246,0.000059,0.000005,0.132683,0.000286,0.000005,0.001891,0.149181
60,0.014017,0.000060,0.000006,0.033767,0.000390,0.000007,0.001961,0.050212
85,0.006868,0.000040,0.000004,0.029500,0.000342,0.000004,0.003685,0.040448
68,0.026156,0.000059,0.000005,0.175047,0.001034,0.000029,0.006312,0.208654
86,0.010561,0.000042,0.000004,0.006345,0.000383,0.000005,0.004267,0.021613
93,0.012142,0.000055,0.000005,0.188243,0.000530,0.000013,0.009542,0.210544
87,0.007070,0.000038,0.000005,0.030131,0.000405,0.000005,0.003550,0.041209
53,0.038236,0.000053,0.000005,0.157359,0.000469,0.000007,0.018313,0.214447
67,0.011704,0.000041,0.000003,0.145735,0.000519,0.000008,0.000317,0.158329
70,0.051436,0.000140,0.000012,0.116631,0.000496,0.000009,0.000366,0.169096
88,0.006798,0.000040,0.000005,0.048038,0.000354,0.000004,0.003622,0.058867
80,0.010193,0.000054,0.000008,0.177862,0.000431,0.000007,0.000437,0.188997
89,0.006640,0.000036,0.000005,0.006615,0.000357,0.000004,0.003759,0.017423
61,0.010762,0.000047,0.000006,0.139042,0.000525,0.000005,0.002513,0.152907
84,0.012404,0.000038,0.000004,0.168499,0.000484,0.000012,0.000452,0.181901
72,0.013774,0.000056,0.000005,0.159991,0.000520,0.000009,0.003666,0.178031
90,0.007275,0.000043,0.000005,0.027600,0.000341,0.000004,0.017116,0.052424
77,0.021816,0.000052,0.000005,0.170660,0.000663,0.000011,0.024989,0.218209
65,0.020509,0.000050,0.000008,0.229741,0.000505,0.000010,0.028974,0.279809
73,0.009796,0.000042,0.000003,0.028378,0.000899,0.000026,0.005282,0.044434
69,0.014133,0.000054,0.000006,0.193260,0.000747,0.000011,0.009320,0.217548
91,0.013383,0.000047,0.000005,0.029990,0.000597,0.000005,0.003974,0.048009
71,0.025273,0.000048,0.000005,0.108147,0.000425,0.000007,0.000323,0.134233
94,0.014162,0.000047,0.000005,0.173969,0.000444,0.000008,0.008949,0.197598
68,0.016746,0.000093,0.000010,0.149423,0.000459,0.000009,0.000295,0.167038
92,0.006873,0.000041,0.000004,0.042331,0.000788,0.000060,0.009576,0.059682
72,0.023438,0.000087,0.000011,0.042998,0.000594,0.000010,0.000411,0.067559
93,0.007165,0.000041,0.000004,0.004933,0.000357,0.000004,0.003674,0.016185
81,0.013634,0.000054,0.000004,0.188484,0.000470,0.000008,0.000448,0.203107
62,0.014036,0.000059,0.000005,0.165377,0.000590,0.000006,0.002858,0.182939
54,0.020008,0.000057,0.000007,0.211023,0.000560,0.000009,0.024052,0.255724
85,0.019267,0.000054,0.000005,0.195633,0.000862,0.000016,0.000473,0.216322
94,0.007159,0.000046,0.000004,0.033125,0.000385,0.000004,0.003878,0.044609
74,0.013974,0.000055,0.000006,0.158809,0.000467,0.000008,0.004203,0.177533
66,0.013698,0.000055,0.000009,0.181638,0.001002,0.000026,0.014888,0.211326
70,0.043864,0.000114,0.000015,0.143570,0.000432,0.000005,0.003750,0.191767
95,0.006598,0.000043,0.000004,0.042669,0.000345,0.000004,0.003397,0.053065
78,0.014789,0.000058,0.000004,0.192063,0.000546,0.000011,0.019061,0.226543
96,0.006575,0.000038,0.000004,0.006068,0.000338,0.000005,0.003623,0.016656
95,0.013063,0.000051,0.000006,0.207663,0.000594,0.000015,0.017173,0.238580
97,0.006549,0.000042,0.000004,0.051920,0.001019,0.000008,0.004627,0.064174
98,0.007209,0.000042,0.000004,0.004973,0.000348,0.000004,0.003955,0.016542
69,0.029986,0.000062,0.000005,0.228920,0.000603,0.000008,0.000421,0.260010
63,0.017828,0.000063,0.000008,0.174771,0.000489,0.000007,0.002589,0.195764
73,0.024047,0.000067,0.000005,0.187984,0.000558,0.000008,0.000479,0.213154
82,0.011390,0.000048,0.000009,0.208525,0.000490,0.000012,0.000536,0.221015
55,0.016285,0.000059,0.000005,0.172479,0.000505,0.000007,0.024681,0.214035
99,0.007121,0.000045,0.000004,0.036482,0.000391,0.000004,0.003846,0.047899
86,0.037304,0.000055,0.000006,0.206739,0.000497,0.000006,0.000324,0.244933
75,0.013975,0.000056,0.000005,0.205866,0.000553,0.000010,0.004263,0.224741
67,0.012024,0.000055,0.000009,0.179730,0.000683,0.000014,0.017439,0.209967
79,0.013561,0.000061,0.000004,0.179594,0.000570,0.000011,0.017250,0.211061
100,0.011894,0.000043,0.000003,0.033463,0.000382,0.000004,0.003843,0.049637
70,0.013366,0.000052,0.000005,0.106840,0.000478,0.000009,0.000283,0.121037
87,0.011825,0.000044,0.000004,0.035946,0.000362,0.000006,0.000307,0.048497
56,0.035042,0.000057,0.000007,0.037589,0.000522,0.000007,0.025258,0.098490
71,0.023997,0.000066,0.000006,0.214964,0.000549,0.000012,0.008027,0.247636
64,0.033143,0.000074,0.000014,0.208805,0.000416,0.000004,0.001556,0.244023
101,0.007247,0.000041,0.000004,0.047691,0.000696,0.000006,0.004466,0.060158
96,0.012696,0.000053,0.000006,0.202260,0.000453,0.000015,0.008278,0.223773
74,0.021691,0.000114,0.000010,0.171653,0.000477,0.000010,0.000327,0.194285
83,0.019216,0.000085,0.000010,0.162018,0.001084,0.000011,0.001480,0.183937
102,0.009450,0.000039,0.000004,0.028072,0.000367,0.000004,0.004327,0.042269
103,0.006559,0.000036,0.000005,0.006726,0.000355,0.000004,0.003628,0.017319
97,0.013888,0.000058,0.000005,0.034718,0.016648,0.000011,0.010566,0.075908
71,0.013567,0.000047,0.000005,0.136864,0.000344,0.000004,0.000229,0.151064
104,0.017496,0.000051,0.000007,0.006618,0.000463,0.000008,0.004699,0.029350
68,0.015349,0.000056,0.000007,0.159367,0.000541,0.000009,0.010076,0.185419
76,0.015490,0.000098,0.000016,0.174901,0.000479,0.000009,0.003820,0.194824
105,0.006007,0.000039,0.000004,0.007099,0.000311,0.000004,0.003622,0.017092
80,0.011740,0.000049,0.000005,0.158518,0.000489,0.000009,0.019213,0.190032
88,0.009445,0.000035,0.000004,0.162945,0.000713,0.000008,0.000677,0.173835
106,0.005741,0.000030,0.000003,0.006912,0.000326,0.000004,0.003444,0.016466
107,0.006865,0.000043,0.000005,0.007592,0.000395,0.000004,0.003796,0.018707
57,0.024957,0.000050,0.000006,0.180422,0.000403,0.000005,0.022351,0.228203
65,0.017075,0.000056,0.000005,0.193537,0.000409,0.000006,0.002198,0.213292
72,0.030575,0.000052,0.000005,0.205108,0.000628,0.000010,0.005715,0.242111
84,0.018042,0.000054,0.000011,0.159816,0.000458,0.000008,0.000494,0.178887
108,0.006578,0.000032,0.000004,0.052848,0.000384,0.000004,0.003889,0.063746
72,0.011489,0.000039,0.000005,0.118104,0.000620,0.000014,0.000512,0.130790
75,0.025786,0.000053,0.000004,0.197548,0.000485,0.000012,0.000358,0.224252
109,0.006104,0.000032,0.000004,0.029173,0.000331,0.000004,0.003324,0.038979
69,0.013090,0.000053,0.000010,0.145824,0.000509,0.000011,0.017976,0.177487
98,0.011984,0.000057,0.000006,0.187326,0.000532,0.000011,0.009197,0.209127
77,0.012391,0.000059,0.000006,0.175971,0.000472,0.000011,0.003785,0.192705
110,0.020418,0.000071,0.000006,0.017731,0.001318,0.000008,0.004267,0.043826
70,0.013040,0.000054,0.000011,0.012729,0.000528,0.000012,0.011550,0.037938
81,0.012479,0.000052,0.000005,0.170090,0.000492,0.000010,0.019452,0.202592
89,0.013043,0.000058,0.000006,0.180580,0.000563,0.000008,0.000450,0.194712
58,0.015528,0.000041,0.000004,0.112518,0.000400,0.000006,0.014959,0.143465
99,0.011581,0.000050,0.000005,0.023122,0.000528,0.000014,0.008547,0.043863
73,0.017710,0.000076,0.000010,0.098074,0.000401,0.000007,0.000247,0.116529
111,0.006909,0.000039,0.000004,0.030889,0.000385,0.000004,0.003321,0.041558
112,0.006894,0.000038,0.000005,0.006011,0.000338,0.000004,0.003728,0.017025
73,0.013896,0.000058,0.000007,0.177313,0.000529,0.000008,0.005571,0.197396
90,0.021134,0.000052,0.000004,0.043963,0.009380,0.000016,0.000444,0.075000
100,0.013173,0.000033,0.000003,0.047024,0.000541,0.000013,0.010622,0.071420
113,0.010262,0.000054,0.000007,0.029234,0.000381,0.000004,0.003856,0.043805
66,0.024424,0.000053,0.000004,0.190884,0.000529,0.000010,0.004540,0.220455
85,0.013983,0.000052,0.000005,0.227999,0.000518,0.000007,0.000467,0.243037
114,0.005847,0.000047,0.000003,0.026692,0.000347,0.000004,0.003342,0.036290
59,0.014072,0.000051,0.000004,0.105161,0.000468,0.000006,0.011850,0.131620
76,0.036560,0.000070,0.000008,0.198488,0.000624,0.000013,0.000483,0.236250
101,0.013320,0.000069,0.000006,0.042425,0.000686,0.000018,0.013784,0.070324
78,0.013153,0.000055,0.000004,0.188334,0.000597,0.000013,0.004211,0.206378
115,0.020620,0.000054,0.000005,0.030030,0.000332,0.000004,0.003763,0.054816
74,0.011966,0.000032,0.000004,0.167153,0.000937,0.000024,0.000748,0.180875
64,0.048175,0.000097,0.000012,0.229326,0.000799,0.000023,0.001444,0.279885
71,0.011131,0.000053,0.000009,0.193844,0.000475,0.000008,0.010049,0.215578
116,0.006537,0.000039,0.000004,0.007470,0.000368,0.000005,0.004406,0.018835
79,0.014375,0.000056,0.000006,0.017452,0.000498,0.000013,0.004550,0.036964
82,0.037026,0.000044,0.000004,0.166502,0.000442,0.000008,0.019079,0.223115
60,0.041864,0.000079,0.000006,0.048079,0.000719,0.000009,0.036465,0.127248
117,0.006621,0.000038,0.000004,0.043157,0.000357,0.000004,0.003644,0.053833
65,0.033856,0.000045,0.000006,0.017138,0.000483,0.000005,0.000540,0.052079
91,0.021290,0.000054,0.000006,0.178715,0.000438,0.000010,0.000353,0.200872
118,0.006726,0.000035,0.000004,0.031943,0.000364,0.000004,0.003635,0.042717
74,0.013637,0.000060,0.000006,0.211739,0.000533,0.000008,0.004611,0.230603
77,0.026856,0.000091,0.000011,0.152195,0.000427,0.000008,0.000322,0.179914
86,0.025505,0.000059,0.000010,0.193094,0.000408,0.000007,0.000407,0.219497
119,0.006688,0.000038,0.000004,0.045937,0.000421,0.000004,0.003531,0.056629
61,0.022986,0.000070,0.000006,0.045225,0.000621,0.000015,0.036559,0.105495
67,0.031418,0.000031,0.000004,0.238877,0.000652,0.000011,0.002809,0.273811
102,0.013439,0.000068,0.000006,0.193042,0.000699,0.000012,0.008762,0.216057
75,0.015523,0.000042,0.000004,0.161320,0.000435,0.000008,0.000273,0.177608
87,0.012141,0.000053,0.000005,0.015738,0.000355,0.000006,0.000374,0.028676
120,0.005985,0.000034,0.000004,0.006886,0.000329,0.000004,0.003783,0.017031
66,0.010722,0.000043,0.000005,0.106916,0.000512,0.000011,0.000696,0.118910
72,0.015224,0.000054,0.000008,0.166976,0.000396,0.000007,0.009235,0.191912
80,0.030072,0.000056,0.000008,0.173011,0.000388,0.000005,0.003356,0.206904
121,0.006553,0.000041,0.000004,0.037991,0.000317,0.000004,0.003505,0.048419
83,0.010473,0.000031,0.000003,0.174049,0.000917,0.000023,0.030376,0.215883
64,0.024039,0.000083,0.000005,0.015076,0.000505,0.000007,0.030729,0.070471
92,0.019802,0.000057,0.000006,0.159772,0.000501,0.000009,0.000376,0.180528
122,0.007717,0.000045,0.000005,0.009346,0.000310,0.000006,0.003832,0.021268
67,0.022654,0.000060,0.000006,0.051573,0.000535,0.000011,0.001044,0.075889
84,0.019509,0.000104,0.000012,0.013705,0.000403,0.000009,0.018187,0.051939
123,0.005897,0.000033,0.000003,0.023844,0.000344,0.000004,0.003341,0.033472
78,0.027544,0.000050,0.000004,0.156850,0.000432,0.000009,0.000393,0.185289
75,0.011617,0.000048,0.000005,0.199230,0.000456,0.000007,0.004004,0.215371
124,0.006480,0.000036,0.000005,0.037966,0.000485,0.000008,0.006934,0.051923
68,0.026933,0.000069,0.000006,0.054116,0.000450,0.000009,0.000638,0.082227
76,0.013260,0.000053,0.000005,0.185399,0.000555,0.000006,0.000312,0.199596
103,0.010769,0.000050,0.000004,0.181759,0.000571,0.000012,0.008451,0.201630
125,0.007963,0.000042,0.000005,0.033305,0.002714,0.000008,0.003995,0.048039
68,0.014923,0.000063,0.000006,0.218896,0.000572,0.000013,0.003371,0.237855
62,0.017890,0.000052,0.000006,0.196228,0.000612,0.000008,0.024825,0.239629
73,0.012799,0.000061,0.000009,0.186936,0.000732,0.000016,0.014042,0.214607
104,0.012783,0.000055,0.000006,0.014072,0.000532,0.000013,0.009196,0.036673
88,0.011437,0.000050,0.000004,0.226334,0.000473,0.000009,0.000563,0.238878
81,0.018933,0.000060,0.000006,0.200632,0.000469,0.000007,0.005372,0.225490
126,0.006852,0.000034,0.000004,0.046221,0.000409,0.000006,0.003935,0.057470
63,0.014743,0.000028,0.000003,0.039053,0.000500,0.000008,0.021721,0.076070
127,0.006882,0.000043,0.000003,0.027620,0.000318,0.000004,0.003583,0.038459
93,0.019034,0.000053,0.000005,0.228806,0.000537,0.000010,0.000476,0.248927
65,0.024069,0.000061,0.000005,0.198211,0.000615,0.000014,0.031057,0.254043
69,0.017754,0.000054,0.000007,0.165105,0.000721,0.000014,0.000921,0.184596
79,0.028725,0.000073,0.000007,0.201502,0.000497,0.000011,0.000371,0.231191
76,0.028352,0.000065,0.000006,0.181549,0.000567,0.000012,0.006290,0.216871
85,0.012308,0.000052,0.000004,0.231573,0.000485,0.000009,0.019812,0.264252
77,0.014647,0.000052,0.000005,0.194879,0.000513,0.000006,0.000338,0.210445
77,0.013308,0.000060,0.000007,0.049018,0.000317,0.000004,0.016070,0.078797
69,0.030596,0.000061,0.000006,0.213708,0.000588,0.000010,0.004157,0.249136
82,0.014674,0.000054,0.000005,0.197127,0.000885,0.000016,0.005862,0.218636
78,0.014842,0.000058,0.000005,0.065466,0.000525,0.000007,0.000319,0.081227
74,0.034465,0.000082,0.000013,0.208566,0.000623,0.000012,0.016810,0.260585
89,0.038879,0.000105,0.000021,0.225501,0.000517,0.000007,0.000450,0.265487
105,0.022093,0.000055,0.000005,0.243730,0.000850,0.000013,0.011474,0.278236
86,0.010826,0.000044,0.000004,0.124120,0.000421,0.000007,0.012156,0.147586
66,0.037667,0.000056,0.000006,0.149492,0.000398,0.000005,0.018984,0.206616
79,0.014911,0.000054,0.000006,0.028542,0.000430,0.000007,0.000305,0.044260
90,0.012667,0.000051,0.000009,0.018177,0.000433,0.000007,0.000434,0.031782
87,0.010737,0.000044,0.000003,0.030262,0.000453,0.000008,0.010922,0.052436
80,0.028466,0.000085,0.000007,0.195438,0.000446,0.000009,0.000429,0.224888
94,0.041846,0.000072,0.000007,0.221959,0.000528,0.000011,0.000432,0.264860
70,0.029976,0.000074,0.000009,0.208024,0.000524,0.000009,0.000637,0.239259
88,0.007585,0.000037,0.000003,0.014961,0.000368,0.000005,0.008721,0.031687
78,0.014581,0.000055,0.000005,0.182419,0.000450,0.000007,0.006105,0.203636
89,0.010048,0.000049,0.000003,0.048382,0.000434,0.000007,0.008414,0.067347
75,0.014716,0.000056,0.000011,0.167751,0.000662,0.000010,0.012428,0.195667
81,0.027088,0.000059,0.000005,0.071181,0.000623,0.000021,0.000485,0.099471
83,0.012827,0.000049,0.000007,0.193102,0.000471,0.000011,0.004069,0.210549
106,0.015125,0.000068,0.000007,0.159897,0.000414,0.000005,0.007214,0.182743
84,0.011127,0.000051,0.000006,0.009757,0.000457,0.000010,0.004376,0.025795
80,0.022899,0.000054,0.000006,0.169266,0.000510,0.000010,0.000308,0.193059
70,0.026673,0.000053,0.000006,0.230547,0.000469,0.000009,0.002985,0.260751
90,0.009153,0.000043,0.000004,0.034437,0.000408,0.000006,0.008548,0.052604
67,0.029351,0.000060,0.000005,0.159247,0.000578,0.000014,0.031240,0.220508
91,0.012989,0.000054,0.000006,0.205467,0.000484,0.000008,0.000410,0.219422
107,0.010655,0.000042,0.000004,0.060558,0.000587,0.000013,0.010642,0.082513
85,0.030146,0.000064,0.000005,0.031574,0.000550,0.000011,0.005238,0.067601
91,0.018692,0.000050,0.000004,0.026096,0.000356,0.000006,0.007295,0.052507
95,0.017315,0.000058,0.000006,0.184790,0.000517,0.000012,0.000398,0.203102
92,0.008493,0.000044,0.000004,0.026984,0.000402,0.000006,0.007019,0.042959
71,0.014175,0.000061,0.000005,0.221275,0.000460,0.000007,0.000473,0.236462
93,0.016386,0.000054,0.000004,0.004089,0.000400,0.000009,0.007595,0.028543
82,0.027079,0.000066,0.000006,0.166840,0.000488,0.000010,0.000384,0.194877
79,0.021720,0.000056,0.000005,0.206094,0.000601,0.000012,0.007097,0.235607
81,0.022794,0.000056,0.000008,0.147791,0.000444,0.000006,0.000284,0.171388
76,0.013679,0.000063,0.000012,0.196807,0.000593,0.000012,0.015101,0.226280
71,0.034308,0.000053,0.000005,0.165077,0.000500,0.000011,0.002003,0.201963
86,0.014185,0.000056,0.000005,0.154143,0.000543,0.000011,0.005412,0.174366
80,0.027953,0.000053,0.000004,0.046588,0.000437,0.000006,0.004463,0.079514
92,0.014478,0.000054,0.000009,0.198144,0.000449,0.000007,0.000501,0.213646
68,0.015156,0.000069,0.000005,0.192064,0.000530,0.000013,0.025577,0.233424
96,0.018755,0.000058,0.000005,0.186403,0.000481,0.000011,0.000363,0.206084
87,0.012827,0.000060,0.000005,0.020333,0.000492,0.000013,0.004501,0.038244
72,0.025499,0.000060,0.000005,0.022560,0.000863,0.000019,0.007565,0.056587
108,0.014323,0.000055,0.000006,0.207174,0.000530,0.000013,0.009206,0.231322
72,0.017446,0.000055,0.000006,0.158295,0.000585,0.000007,0.000555,0.176956
94,0.008613,0.000044,0.000004,0.152823,0.000643,0.000022,0.025517,0.187700
88,0.014526,0.000065,0.000009,0.040718,0.000464,0.000011,0.004565,0.060370
97,0.020086,0.000054,0.000006,0.050997,0.000530,0.000011,0.000397,0.072087
95,0.013543,0.000047,0.000007,0.011230,0.000396,0.000008,0.016140,0.041382
82,0.022798,0.000049,0.000007,0.170250,0.000514,0.000007,0.000319,0.193948
83,0.029758,0.000057,0.000006,0.193867,0.000681,0.000009,0.000450,0.224838
109,0.013834,0.000059,0.000006,0.077675,0.000605,0.000017,0.009499,0.101709
77,0.017146,0.000062,0.000010,0.178347,0.000559,0.000009,0.010406,0.206551
81,0.014832,0.000049,0.000004,0.135838,0.000389,0.000004,0.004344,0.155469
84,0.024415,0.000094,0.000011,0.050472,0.000895,0.000033,0.001009,0.076940
93,0.012868,0.000045,0.000006,0.190460,0.000781,0.000015,0.000704,0.204887
73,0.018603,0.000059,0.000007,0.171070,0.000563,0.000008,0.004074,0.194394
69,0.019409,0.000055,0.000005,0.193916,0.000549,0.000011,0.025075,0.239035
73,0.025719,0.000054,0.000007,0.200290,0.000550,0.000013,0.000856,0.227500
98,0.012075,0.000056,0.000005,0.188912,0.000479,0.000009,0.000410,0.201952
74,0.025492,0.000127,0.000016,0.053951,0.000569,0.000010,0.003408,0.083585
89,0.014618,0.000062,0.000007,0.201698,0.000507,0.000011,0.005089,0.222006
96,0.010992,0.000050,0.000004,0.168534,0.000457,0.000009,0.016097,0.196154
78,0.012731,0.000052,0.000009,0.145653,0.000397,0.000005,0.013209,0.172068
83,0.014342,0.000049,0.000005,0.187544,0.000720,0.000007,0.000373,0.203048
110,0.013571,0.000061,0.000006,0.182072,0.000592,0.000012,0.010923,0.207252
97,0.012326,0.000054,0.000004,0.017187,0.000388,0.000007,0.028189,0.058167
84,0.015440,0.000059,0.000008,0.034298,0.000514,0.000008,0.000306,0.050637
82,0.030222,0.000057,0.000005,0.192585,0.000505,0.000011,0.006145,0.229543
85,0.018297,0.000050,0.000004,0.161666,0.000526,0.000014,0.000487,0.181051
64,0.041427,0.000086,0.000008,0.195747,0.000584,0.000007,0.011491,0.249381
86,0.022822,0.000093,0.000010,0.022006,0.000535,0.000010,0.000415,0.045896
94,0.016702,0.000057,0.000010,0.237817,0.000542,0.000010,0.000636,0.255786
70,0.020729,0.000053,0.000005,0.211324,0.000692,0.000011,0.027150,0.259977
75,0.021013,0.000057,0.000005,0.171834,0.001065,0.000028,0.006908,0.200928
111,0.010441,0.000039,0.000004,0.168352,0.000514,0.000008,0.008891,0.188265
90,0.013549,0.000057,0.000006,0.203547,0.000983,0.000024,0.008031,0.226211
74,0.023535,0.000063,0.000008,0.236095,0.000490,0.000008,0.000605,0.260810
95,0.016216,0.000082,0.000011,0.054389,0.000499,0.000008,0.000485,0.071696
79,0.064043,0.000059,0.000010,0.156140,0.000654,0.000013,0.015351,0.236279
85,0.011517,0.000048,0.000004,0.174872,0.000505,0.000007,0.000317,0.187274
71,0.012929,0.000061,0.000005,0.020548,0.000362,0.000004,0.028426,0.062345
99,0.013623,0.000054,0.000006,0.264875,0.000612,0.000012,0.000443,0.279634
91,0.028130,0.000058,0.000006,0.014670,0.000462,0.000012,0.005157,0.048507
98,0.012439,0.000050,0.000004,0.192507,0.000475,0.000006,0.012979,0.218466
75,0.021516,0.000065,0.000009,0.045133,0.000480,0.000008,0.000590,0.067808
65,0.020158,0.000056,0.000006,0.135901,0.000525,0.000005,0.008017,0.164677
83,0.013340,0.000058,0.000005,0.201951,0.000591,0.000014,0.012624,0.228602
99,0.010140,0.000051,0.000003,0.014797,0.000455,0.000007,0.013337,0.038798
76,0.013569,0.000055,0.000007,0.045657,0.000497,0.000010,0.000655,0.060456
87,0.025127,0.000057,0.000005,0.186922,0.000621,0.000013,0.000429,0.213180
84,0.042902,0.000084,0.000008,0.042492,0.000606,0.000009,0.005670,0.091801
76,0.047171,0.000102,0.000010,0.151458,0.000516,0.000005,0.002013,0.201297
92,0.015683,0.000073,0.000007,0.121306,0.000346,0.000005,0.003040,0.140469
72,0.011407,0.000058,0.000004,0.125626,0.000399,0.000005,0.017481,0.154989
66,0.009660,0.000043,0.000005,0.106471,0.000324,0.000005,0.007006,0.123523
96,0.021304,0.000063,0.000005,0.174756,0.000731,0.000022,0.000811,0.197704
100,0.008787,0.000067,0.000004,0.094789,0.000418,0.000008,0.009559,0.113639
112,0.015237,0.000066,0.000007,0.194891,0.000566,0.000014,0.016799,0.227597
80,0.024764,0.000117,0.000018,0.161480,0.000401,0.000007,0.018821,0.205619
86,0.019798,0.000059,0.000005,0.187398,0.000553,0.000009,0.000390,0.208216
113,0.013122,0.000069,0.000007,0.013169,0.000589,0.000025,0.010746,0.037743
100,0.018293,0.000111,0.000023,0.208945,0.000548,0.000009,0.000378,0.228312
101,0.018227,0.000062,0.000005,0.043952,0.000425,0.000006,0.009830,0.072515
77,0.011781,0.000043,0.000005,0.109734,0.000360,0.000005,0.002164,0.124098
77,0.011220,0.000048,0.000005,0.211000,0.000473,0.000010,0.000622,0.223387
102,0.012984,0.000046,0.000003,0.063735,0.000444,0.000007,0.010372,0.087596
73,0.010585,0.000044,0.000003,0.144859,0.000436,0.000006,0.028493,0.184441
88,0.023689,0.000068,0.000006,0.216379,0.000569,0.000011,0.002184,0.242914
93,0.009113,0.000037,0.000004,0.196285,0.000592,0.000011,0.003636,0.209705
85,0.013653,0.000051,0.000005,0.210941,0.000462,0.000009,0.005461,0.230588
67,0.024782,0.000058,0.000006,0.172940,0.000560,0.000010,0.009555,0.207919
97,0.026715,0.000070,0.000008,0.178668,0.000318,0.000004,0.000262,0.206048
87,0.012681,0.000047,0.000004,0.172129,0.000529,0.000009,0.000368,0.185774
114,0.010546,0.000050,0.000004,0.127981,0.000475,0.000009,0.024716,0.163795
94,0.009394,0.000037,0.000004,0.021652,0.000460,0.000009,0.003408,0.034974
103,0.010640,0.000048,0.000004,0.047352,0.000444,0.000008,0.008745,0.067247
101,0.014799,0.000054,0.000005,0.164003,0.000537,0.000012,0.000390,0.179804
115,0.014925,0.000060,0.000004,0.014128,0.000430,0.000009,0.008143,0.037715
81,0.011138,0.000048,0.000008,0.220355,0.000464,0.000010,0.009438,0.241474
104,0.010354,0.000049,0.000006,0.037266,0.000402,0.000007,0.007919,0.056009
116,0.011968,0.000052,0.000005,0.016224,0.000564,0.000021,0.009770,0.038615
78,0.027697,0.000059,0.000005,0.205487,0.000520,0.000015,0.002503,0.236297
105,0.020754,0.000053,0.000005,0.030725,0.000369,0.000006,0.007164,0.059083
89,0.022785,0.000048,0.000006,0.156906,0.000466,0.000009,0.000388,0.180617
88,0.022809,0.000056,0.000005,0.138824,0.000459,0.000007,0.000290,0.162455
86,0.033272,0.000049,0.000006,0.165818,0.000427,0.000008,0.003430,0.203017
74,0.014498,0.000052,0.000005,0.193187,0.000656,0.000011,0.029571,0.238013
95,0.010758,0.000049,0.000005,0.173609,0.000505,0.000014,0.004255,0.189211
78,0.022031,0.000062,0.000005,0.248724,0.001194,0.000024,0.001577,0.273646
90,0.021356,0.000061,0.000006,0.043601,0.000556,0.000015,0.000450,0.066052
106,0.010296,0.000043,0.000004,0.057649,0.000368,0.000006,0.008039,0.076413
98,0.021561,0.000055,0.000005,0.197576,0.000508,0.000011,0.000535,0.220258
68,0.037462,0.000112,0.000014,0.218565,0.000442,0.000007,0.011435,0.268048
102,0.018824,0.000085,0.000011,0.197691,0.000506,0.000012,0.000429,0.217562
107,0.009071,0.000039,0.000003,0.030362,0.000467,0.000006,0.007526,0.047481
96,0.017163,0.000074,0.000008,0.045798,0.000507,0.000009,0.003985,0.067555
87,0.016492,0.000058,0.000006,0.054097,0.000594,0.000010,0.005305,0.076573
108,0.007428,0.000042,0.000003,0.003735,0.000356,0.000006,0.006634,0.018208
117,0.015914,0.000056,0.000004,0.165473,0.000550,0.000012,0.016846,0.198868
79,0.022684,0.000057,0.000008,0.050469,0.000431,0.000010,0.008750,0.082417
82,0.013501,0.000077,0.000008,0.243042,0.000599,0.000012,0.010809,0.268060
109,0.007549,0.000044,0.000004,0.008223,0.000472,0.000008,0.008924,0.025234
79,0.021414,0.000070,0.000008,0.200304,0.000512,0.000008,0.003123,0.225449
110,0.009427,0.000045,0.000004,0.030988,0.000410,0.000006,0.006988,0.047876
118,0.036884,0.000079,0.000007,0.044615,0.000543,0.000011,0.015831,0.097985
83,0.013508,0.000053,0.000010,0.043714,0.000525,0.000008,0.019484,0.077314
89,0.016362,0.000052,0.000006,0.223708,0.000725,0.000017,0.000620,0.241499
91,0.021834,0.000056,0.000005,0.181277,0.000765,0.000012,0.000422,0.204376
75,0.013581,0.000047,0.000007,0.171178,0.000908,0.000021,0.036499,0.222262
111,0.008350,0.000040,0.000003,0.040453,0.000408,0.000006,0.007092,0.056359
99,0.015181,0.000105,0.000021,0.205654,0.001141,0.000025,0.001378,0.223529
97,0.022773,0.000047,0.000006,0.153436,0.000406,0.000007,0.003985,0.180668
69,0.013410,0.000052,0.000005,0.180811,0.000488,0.000008,0.021544,0.216334
112,0.008652,0.000045,0.000004,0.035504,0.000412,0.000006,0.007196,0.051824
103,0.012865,0.000055,0.000006,0.225212,0.000460,0.000012,0.000360,0.238976
88,0.017342,0.000064,0.000007,0.182846,0.000598,0.000014,0.007744,0.208627
80,0.026394,0.000111,0.000020,0.187561,0.000486,0.000010,0.000591,0.215179
98,0.013144,0.000067,0.000006,0.049083,0.000449,0.000010,0.004706,0.067475
113,0.011120,0.000045,0.000004,0.025792,0.000400,0.000006,0.006884,0.044257
80,0.014208,0.000056,0.000005,0.196506,0.000524,0.000008,0.003286,0.214602
114,0.008440,0.000040,0.000003,0.025350,0.000379,0.000005,0.006738,0.040962
119,0.013253,0.000063,0.000006,0.188692,0.000611,0.000012,0.009137,0.211791
90,0.017215,0.000058,0.000005,0.183036,0.000570,0.000014,0.000346,0.201251
84,0.013813,0.000056,0.000010,0.184360,0.000583,0.000010,0.012130,0.210974
92,0.013617,0.000061,0.000005,0.172031,0.000489,0.000010,0.000366,0.186582
115,0.008504,0.000043,0.000005,0.025357,0.000360,0.000006,0.005556,0.039838
76,0.015044,0.000051,0.000007,0.173612,0.000914,0.000024,0.030045,0.219710
116,0.007155,0.000036,0.000004,0.007191,0.000325,0.000005,0.005842,0.020563
100,0.020800,0.000053,0.000010,0.206850,0.000492,0.000008,0.000436,0.228655
70,0.049915,0.000066,0.000006,0.171505,0.000471,0.000009,0.010208,0.232190
99,0.013345,0.000040,0.000005,0.165642,0.000527,0.000010,0.003932,0.183511
117,0.006846,0.000034,0.000004,0.033031,0.000534,0.000009,0.009369,0.049832
104,0.018858,0.000068,0.000009,0.210474,0.000461,0.000011,0.000358,0.230243
89,0.015744,0.000055,0.000005,0.205812,0.000468,0.000010,0.006241,0.228345
81,0.020969,0.000051,0.000006,0.205260,0.000454,0.000010,0.000663,0.227421
118,0.007200,0.000037,0.000004,0.027452,0.000403,0.000007,0.006242,0.041351
93,0.017880,0.000076,0.000005,0.147556,0.008754,0.000016,0.000319,0.174612
120,0.014369,0.000050,0.000005,0.132161,0.000560,0.000012,0.033290,0.180467
105,0.013668,0.000048,0.000006,0.047016,0.001240,0.000034,0.001310,0.063342
81,0.035029,0.000060,0.000006,0.201020,0.000590,0.000011,0.004843,0.241569
119,0.009422,0.000047,0.000005,0.041189,0.000396,0.000006,0.006981,0.058053
94,0.022315,0.000060,0.000005,0.015426,0.000437,0.000010,0.000368,0.038627
91,0.013941,0.000055,0.000005,0.212450,0.000845,0.000015,0.000528,0.227848
85,0.014435,0.000066,0.000009,0.201656,0.001242,0.000031,0.013559,0.231038
120,0.008585,0.000048,0.000004,0.036224,0.000397,0.000007,0.007191,0.052464
82,0.015913,0.000062,0.000006,0.062906,0.000603,0.000013,0.005243,0.084758
100,0.012682,0.000047,0.000005,0.170182,0.000639,0.000013,0.005066,0.188645
77,0.020890,0.000090,0.000012,0.195574,0.000546,0.000010,0.054256,0.271396
121,0.008121,0.000034,0.000003,0.034042,0.000403,0.000006,0.006572,0.049189
101,0.036029,0.000089,0.000018,0.200801,0.000577,0.000009,0.000465,0.237994
101,0.017764,0.000047,0.000006,0.009633,0.000535,0.000012,0.004632,0.032642
71,0.023182,0.000053,0.000006,0.204299,0.000474,0.000006,0.011914,0.239945
122,0.006974,0.000043,0.000003,0.013036,0.000411,0.000009,0.006388,0.026872
92,0.039888,0.000068,0.000006,0.063470,0.000729,0.000014,0.000547,0.104728
90,0.026416,0.000064,0.000005,0.176939,0.001228,0.000033,0.017295,0.221998
82,0.017395,0.000053,0.000008,0.194790,0.000951,0.000015,0.000900,0.214119
93,0.019706,0.000071,0.000009,0.029171,0.000711,0.000025,0.000555,0.050259
123,0.008494,0.000037,0.000004,0.045683,0.000384,0.000006,0.005599,0.060216
106,0.021815,0.000055,0.000005,0.201092,0.000643,0.000010,0.000449,0.224075
72,0.016373,0.000075,0.000007,0.040359,0.000675,0.000014,0.015885,0.073401
121,0.019514,0.000052,0.000006,0.190236,0.000550,0.000011,0.016026,0.226413
124,0.008269,0.000047,0.000004,0.002469,0.000343,0.000006,0.005933,0.017077
107,0.013088,0.000049,0.000006,0.020471,0.000493,0.000011,0.000410,0.034535
95,0.020844,0.000061,0.000004,0.205573,0.000753,0.000010,0.000495,0.227759
86,0.011617,0.000054,0.000013,0.186299,0.000949,0.000013,0.021229,0.220190
125,0.009264,0.000045,0.000005,0.027410,0.000386,0.000008,0.014680,0.051806
83,0.026236,0.000090,0.000010,0.212156,0.000553,0.000009,0.006368,0.245434
102,0.022899,0.000064,0.000005,0.197074,0.000536,0.000010,0.000501,0.221094
126,0.009228,0.000048,0.000004,0.047114,0.000506,0.000008,0.006778,0.063699
78,0.013165,0.000062,0.000005,0.195153,0.000524,0.000010,0.034406,0.243338
91,0.038792,0.000070,0.000007,0.190641,0.000536,0.000012,0.008900,0.238971
103,0.013107,0.000052,0.000007,0.035274,0.000398,0.000007,0.000461,0.049312
102,0.028527,0.000056,0.000006,0.230177,0.000576,0.000013,0.004598,0.263962
127,0.006172,0.000033,0.000003,0.040094,0.000352,0.000008,0.005745,0.052412
73,0.018938,0.000056,0.000005,0.162614,0.000521,0.000009,0.011160,0.193317
108,0.010693,0.000048,0.000006,0.158107,0.000467,0.000009,0.000364,0.169699
83,0.028050,0.000059,0.000006,0.237990,0.000523,0.000011,0.000553,0.267200
122,0.010776,0.000044,0.000006,0.188336,0.001063,0.000026,0.008980,0.209272
103,0.014518,0.000056,0.000004,0.030275,0.000479,0.000011,0.004953,0.050312
104,0.014071,0.000063,0.000010,0.039419,0.001009,0.000013,0.000558,0.055149
94,0.020535,0.000088,0.000009,0.236211,0.000538,0.000010,0.000320,0.257715
92,0.026042,0.000088,0.000013,0.034865,0.000504,0.000011,0.007314,0.068857
96,0.029686,0.000083,0.000011,0.199781,0.000558,0.000011,0.000431,0.230569
74,0.032545,0.000060,0.000007,0.043611,0.000668,0.000017,0.011703,0.088621
87,0.021004,0.000060,0.000012,0.218686,0.000519,0.000010,0.010828,0.251130
84,0.025710,0.000062,0.000007,0.063594,0.000466,0.000010,0.000599,0.090455
84,0.013520,0.000057,0.000005,0.242477,0.000522,0.000009,0.003669,0.260268
85,0.023098,0.000051,0.000006,0.063173,0.000877,0.000022,0.001814,0.089056
123,0.013826,0.000062,0.000006,0.164641,0.000465,0.000008,0.014912,0.193939
104,0.011118,0.000032,0.000004,0.168814,0.000454,0.000009,0.004442,0.184886
109,0.024280,0.000055,0.000005,0.208827,0.000570,0.000012,0.000418,0.234174
79,0.031605,0.000058,0.000006,0.243550,0.000450,0.000009,0.025830,0.301520
97,0.024543,0.000054,0.000005,0.157482,0.000360,0.000007,0.000270,0.182724
93,0.044370,0.000052,0.000006,0.155884,0.000543,0.000010,0.016352,0.217228
105,0.028646,0.000080,0.000008,0.196146,0.000363,0.000005,0.000381,0.225632
105,0.014303,0.000059,0.000007,0.024833,0.000459,0.000005,0.003583,0.043260
95,0.021279,0.000058,0.000005,0.228863,0.000529,0.000007,0.000340,0.251090
88,0.013939,0.000051,0.000010,0.191564,0.000448,0.000008,0.009493,0.215525
75,0.016050,0.000059,0.000006,0.207047,0.000462,0.000010,0.010344,0.233993
106,0.013238,0.000049,0.000004,0.031961,0.000536,0.000013,0.004650,0.050464
96,0.014164,0.000053,0.000006,0.048407,0.000526,0.000009,0.000307,0.063478
89,0.013396,0.000061,0.000008,0.051269,0.000508,0.000008,0.011174,0.076437
124,0.011915,0.000052,0.000003,0.177942,0.000429,0.000009,0.008317,0.198679
85,0.013042,0.000055,0.000005,0.208423,0.000553,0.000013,0.003240,0.225340
106,0.014025,0.000047,0.000008,0.141095,0.000422,0.000007,0.000388,0.155996
110,0.020327,0.000052,0.000006,0.164867,0.000413,0.000009,0.000358,0.186035
86,0.031165,0.000058,0.000006,0.212850,0.000544,0.000012,0.000670,0.245313
80,0.027239,0.000054,0.000006,0.140971,0.000532,0.000006,0.022741,0.191557
98,0.022972,0.000057,0.000005,0.186036,0.000574,0.000013,0.000518,0.210182
111,0.028824,0.000050,0.000005,0.020867,0.000443,0.000010,0.000377,0.050582
107,0.013921,0.000056,0.000006,0.155734,0.000418,0.000007,0.003904,0.174055
81,0.011381,0.008158,0.000005,0.015677,0.000443,0.000006,0.022981,0.058664
87,0.042231,0.000051,0.000005,0.021726,0.000476,0.000007,0.000612,0.065114
94,0.026606,0.000060,0.000005,0.209154,0.000704,0.000011,0.005756,0.242316
99,0.020324,0.000056,0.000005,0.034501,0.000466,0.000009,0.000330,0.055696
76,0.027679,0.000059,0.000005,0.172911,0.000376,0.000005,0.010048,0.211096
97,0.014087,0.000065,0.000004,0.165820,0.000472,0.000007,0.000289,0.180748
107,0.012990,0.000050,0.000005,0.144279,0.000394,0.000006,0.000329,0.158057
90,0.010366,0.000045,0.000009,0.175486,0.000561,0.000009,0.009851,0.196340
77,0.022474,0.000050,0.000005,0.035657,0.000708,0.000012,0.011783,0.070703
125,0.012337,0.000054,0.000006,0.200871,0.000535,0.000009,0.009048,0.222876
86,0.020230,0.000063,0.000005,0.203649,0.000949,0.000020,0.004691,0.229616
108,0.012123,0.000047,0.000004,0.050905,0.000261,0.000004,0.000232,0.063577
112,0.020362,0.000063,0.000005,0.189341,0.000512,0.000012,0.000466,0.210768
82,0.012621,0.000062,0.000006,0.160571,0.000581,0.000011,0.023275,0.197141
108,0.012293,0.000058,0.000007,0.194813,0.000436,0.000006,0.002667,0.210287
100,0.029117,0.000073,0.000007,0.157890,0.000716,0.000014,0.000408,0.188231
88,0.020444,0.000050,0.000005,0.194900,0.000532,0.000011,0.000628,0.216578
98,0.013765,0.000060,0.000007,0.154102,0.000405,0.000004,0.000228,0.168574
87,0.031102,0.000050,0.000005,0.060439,0.000524,0.000008,0.003611,0.095748
113,0.013614,0.000094,0.000014,0.048205,0.000389,0.000005,0.000320,0.062643
95,0.021941,0.000054,0.000006,0.227245,0.000849,0.000012,0.006580,0.256699
109,0.020624,0.000055,0.000008,0.066777,0.000583,0.000010,0.000602,0.088663
99,0.012513,0.000055,0.000005,0.043073,0.000494,0.000005,0.000273,0.056424
91,0.014343,0.000056,0.000010,0.181397,0.000547,0.000009,0.010230,0.206603
89,0.021540,0.000052,0.000006,0.051585,0.000456,0.000008,0.000613,0.074268
126,0.012169,0.000053,0.000004,0.171801,0.000449,0.000006,0.006552,0.191044
78,0.026635,0.000047,0.000005,0.195782,0.000561,0.000006,0.006813,0.229868
96,0.019898,0.000053,0.000005,0.019452,0.000398,0.000008,0.004823,0.044646
88,0.020443,0.000051,0.000005,0.041963,0.000787,0.000023,0.006704,0.069989
110,0.014223,0.000040,0.000004,0.033360,0.000329,0.000004,0.000320,0.048283
101,0.018498,0.000051,0.000006,0.119313,0.000306,0.000004,0.000225,0.138405
109,0.010462,0.000040,0.000005,0.136491,0.000376,0.000007,0.003225,0.150616
83,0.023100,0.000065,0.000007,0.133660,0.000321,0.000005,0.014610,0.171777
92,0.011046,0.000041,0.000007,0.029862,0.000333,0.000004,0.006190,0.047490
100,0.010081,0.000040,0.000004,0.084660,0.000322,0.000004,0.000182,0.095295
114,0.017678,0.000051,0.000006,0.127387,0.000282,0.000004,0.000229,0.145638
127,0.013408,0.000035,0.000004,0.031505,0.000316,0.000005,0.004408,0.049687
79,0.020227,0.000034,0.000004,0.007466,0.000292,0.000004,0.004318,0.032350
97,0.007328,0.000031,0.000003,0.016723,0.000399,0.000008,0.004148,0.028646
90,0.020803,0.000056,0.000004,0.104296,0.000348,0.000005,0.000428,0.125945
111,0.011474,0.000044,0.000008,0.015500,0.000298,0.000005,0.000250,0.027581
89,0.016998,0.000047,0.000006,0.053382,0.000298,0.000004,0.001401,0.072140
102,0.013873,0.000031,0.000003,0.049647,0.000256,0.000004,0.000182,0.063998
110,0.007144,0.000030,0.000003,0.049301,0.000237,0.000004,0.001803,0.058525
84,0.010819,0.000037,0.000003,0.053632,0.000282,0.000004,0.008201,0.072982
93,0.009189,0.000056,0.000006,0.065809,0.000416,0.000006,0.005331,0.080819
101,0.009229,0.000034,0.000003,0.046914,0.000251,0.000004,0.000159,0.056596
115,0.013302,0.000030,0.000003,0.045520,0.000258,0.000005,0.000196,0.059316
80,0.014852,0.000045,0.000003,0.013753,0.000309,0.000006,0.005509,0.034482
98,0.018069,0.000045,0.000004,0.057837,0.000250,0.000004,0.002600,0.078815
91,0.014474,0.000033,0.000004,0.080980,0.000345,0.000006,0.000441,0.096288
112,0.008321,0.000032,0.000003,0.057102,0.000283,0.000004,0.000258,0.066005
103,0.019805,0.000045,0.000004,0.006542,0.000285,0.000004,0.000213,0.026901
111,0.011140,0.000033,0.000003,0.018495,0.000264,0.000004,0.001897,0.031839
90,0.021131,0.000034,0.000003,0.059133,0.000250,0.000004,0.001314,0.081873
85,0.008300,0.000035,0.000004,0.005535,0.000251,0.000004,0.008445,0.022579
102,0.008637,0.000035,0.000004,0.008507,0.000242,0.000004,0.000151,0.017582
116,0.010183,0.000036,0.000004,0.015551,0.000291,0.000006,0.000212,0.026284
94,0.007238,0.000034,0.000005,0.049504,0.000276,0.000005,0.004172,0.061238
81,0.013984,0.000031,0.000003,0.012979,0.000236,0.000004,0.004060,0.031301
99,0.008178,0.000030,0.000003,0.024028,0.000302,0.000006,0.002859,0.035411
95,0.009324,0.000056,0.000006,0.054756,0.000276,0.000004,0.005653,0.070083
113,0.010268,0.000043,0.000006,0.054192,0.000258,0.000004,0.000250,0.065024
91,0.015317,0.000035,0.000004,0.020105,0.000421,0.000004,0.001501,0.037401
86,0.016829,0.000039,0.000004,0.006959,0.000268,0.000004,0.010312,0.034421
104,0.013544,0.000036,0.000004,0.054881,0.000310,0.000005,0.000204,0.068985
92,0.014543,0.000035,0.000004,0.097586,0.000589,0.000008,0.000604,0.113379
112,0.008299,0.000036,0.000003,0.059296,0.000306,0.000007,0.002436,0.070389
103,0.008114,0.000037,0.000004,0.009265,0.000240,0.000004,0.000156,0.017822
117,0.006717,0.000030,0.000003,0.047667,0.000254,0.000004,0.000199,0.054877
82,0.016655,0.000040,0.000003,0.048171,0.000254,0.000004,0.003996,0.069128
114,0.014039,0.000034,0.000003,0.016579,0.000260,0.000004,0.000254,0.031174
100,0.012826,0.000029,0.000003,0.089832,0.000336,0.000006,0.003208,0.106245
87,0.010567,0.000030,0.000003,0.008003,0.000258,0.000004,0.008934,0.027802
105,0.012862,0.000034,0.000003,0.010556,0.000230,0.000004,0.000190,0.023882
96,0.010238,0.000037,0.000006,0.093960,0.000293,0.000005,0.004255,0.108798
64,0.013598,0.000049,0.000005,0.056611,0.000378,0.000004,0.000802,0.071455
93,0.011699,0.000037,0.000005,0.011426,0.000313,0.000006,0.000396,0.023885
92,0.012928,0.000035,0.000004,0.053001,0.000268,0.000004,0.001237,0.067481
113,0.009444,0.000035,0.000003,0.066034,0.000301,0.000005,0.001957,0.077785
104,0.009883,0.000033,0.000004,0.046070,0.000237,0.000004,0.000156,0.056389
118,0.008862,0.000037,0.000004,0.017912,0.000243,0.000004,0.000220,0.027284
115,0.007582,0.000034,0.000005,0.004398,0.000228,0.000005,0.000226,0.012479
83,0.015567,0.000043,0.000005,0.076314,0.000386,0.000007,0.006558,0.098885
101,0.010608,0.000033,0.000003,0.054502,0.000261,0.000004,0.002353,0.067768
88,0.009580,0.000032,0.000003,0.046328,0.000238,0.000005,0.007174,0.063364
94,0.007856,0.000035,0.000003,0.018049,0.000290,0.000004,0.000310,0.026550
106,0.015894,0.000040,0.000003,0.063087,0.000283,0.000005,0.000251,0.079564
97,0.007386,0.000030,0.000004,0.058262,0.000260,0.000005,0.004104,0.070055
65,0.016788,0.000035,0.000003,0.057781,0.000319,0.000004,0.000806,0.075739
93,0.009436,0.000034,0.000003,0.079586,0.000396,0.000006,0.002044,0.091511
114,0.011491,0.000044,0.000004,0.054557,0.000285,0.000004,0.001836,0.068225
105,0.008578,0.000037,0.000004,0.017376,0.000254,0.000004,0.000178,0.026432
119,0.014922,0.000033,0.000004,0.012506,0.000255,0.000005,0.000211,0.027939
116,0.007890,0.000040,0.000004,0.065956,0.000339,0.000005,0.000345,0.074582
102,0.013482,0.000030,0.000003,0.012053,0.000265,0.000004,0.002389,0.028232
84,0.013745,0.000033,0.000004,0.047464,0.000247,0.000004,0.003790,0.065291
95,0.010968,0.000040,0.000005,0.017230,0.000359,0.000007,0.000430,0.029041
107,0.016078,0.000032,0.000003,0.010122,0.000254,0.000004,0.000191,0.026686
89,0.012472,0.000033,0.000004,0.046893,0.000253,0.000004,0.008007,0.067671
98,0.006889,0.000029,0.000005,0.056552,0.000292,0.000005,0.003878,0.067653
66,0.014413,0.000029,0.000003,0.047027,0.000270,0.000004,0.000827,0.062576
94,0.010804,0.000030,0.000003,0.015862,0.000234,0.000005,0.001094,0.028035
115,0.010694,0.000035,0.000004,0.046265,0.000267,0.000004,0.001781,0.059054
106,0.006928,0.000030,0.000003,0.045248,0.000237,0.000004,0.000162,0.052613
67,0.013272,0.000034,0.000004,0.071100,0.000381,0.000007,0.001242,0.086043
120,0.015828,0.000040,0.000005,0.072080,0.000402,0.000008,0.000321,0.088686
117,0.010884,0.000035,0.000004,0.046842,0.000245,0.000004,0.000233,0.058250
103,0.016839,0.000038,0.000003,0.052626,0.000267,0.000004,0.002455,0.072236
108,0.020170,0.000030,0.000003,0.008618,0.000276,0.000005,0.000196,0.029300
99,0.011309,0.000046,0.000006,0.012723,0.000321,0.000005,0.006133,0.030548
85,0.015637,0.000033,0.000003,0.078323,0.000303,0.000007,0.004362,0.098673
96,0.016727,0.000043,0.000004,0.066100,0.000241,0.000004,0.000325,0.083447
90,0.005942,0.000029,0.000003,0.050916,0.000341,0.000004,0.007157,0.064407
95,0.013178,0.000041,0.000003,0.052770,0.000264,0.000005,0.001303,0.067569
116,0.007156,0.000032,0.000003,0.048824,0.000249,0.000004,0.001855,0.058127
107,0.007102,0.000032,0.000003,0.055382,0.000261,0.000004,0.000155,0.062941
68,0.012934,0.000039,0.000003,0.058179,0.000265,0.000004,0.000766,0.072194
121,0.013463,0.000039,0.000004,0.074949,0.000347,0.000008,0.000306,0.089119
128,0.009442,0.000046,0.000007,0.004530,0.000389,0.000007,0.005863,0.020299
118,0.008854,0.000039,0.000003,0.075487,0.000337,0.000005,0.000350,0.085081
109,0.020818,0.000043,0.000004,0.008585,0.000344,0.000007,0.000289,0.030093
104,0.009924,0.000033,0.000004,0.049547,0.000246,0.000004,0.002249,0.062012
86,0.016446,0.000044,0.000004,0.011595,0.000249,0.000004,0.003969,0.032316
100,0.009341,0.000038,0.000006,0.047752,0.000248,0.000004,0.003947,0.061341
91,0.010261,0.000043,0.000006,0.051684,0.000270,0.000004,0.008938,0.071212
97,0.017331,0.000037,0.000003,0.069306,0.000257,0.000004,0.000304,0.087245
117,0.009618,0.000029,0.000003,0.049410,0.000245,0.000004,0.001865,0.061178
96,0.016138,0.000039,0.000004,0.081032,0.000320,0.000006,0.001942,0.099486
108,0.010283,0.000032,0.000003,0.055732,0.000266,0.000004,0.000177,0.066499
122,0.016940,0.000032,0.000003,0.019948,0.000265,0.000004,0.000235,0.037429
69,0.015475,0.000036,0.000003,0.070376,0.000333,0.000007,0.001100,0.087335
129,0.011311,0.000031,0.000004,0.069105,0.000369,0.000008,0.006713,0.087549
110,0.016394,0.000031,0.000003,0.053969,0.000299,0.000005,0.000244,0.070947
119,0.010764,0.000039,0.000006,0.083052,0.000346,0.000007,0.000320,0.094538
105,0.019077,0.000033,0.000003,0.058101,0.000346,0.000004,0.002755,0.080334
92,0.015017,0.000040,0.000003,0.011193,0.000310,0.000004,0.009194,0.035767
101,0.010094,0.000030,0.000005,0.053585,0.000266,0.000005,0.004138,0.068128
98,0.015596,0.000041,0.000004,0.024831,0.000589,0.000012,0.000853,0.041932
87,0.019943,0.000039,0.000003,0.078098,0.000310,0.000004,0.004198,0.102599
109,0.011889,0.000032,0.000003,0.011106,0.000233,0.000004,0.000168,0.023437
118,0.010596,0.000029,0.000003,0.047203,0.000226,0.000004,0.001864,0.059929
97,0.014874,0.000038,0.000004,0.053562,0.000270,0.000004,0.001230,0.069986
70,0.010552,0.000069,0.000004,0.047914,0.000281,0.000004,0.000692,0.059518
123,0.010526,0.000051,0.000004,0.073036,0.000342,0.000006,0.000293,0.084260
130,0.012628,0.000042,0.000005,0.080235,0.000314,0.000007,0.006514,0.099753
111,0.013145,0.000037,0.000004,0.068060,0.000255,0.000005,0.000233,0.081741
93,0.008247,0.000036,0.000004,0.053549,0.000310,0.000004,0.008562,0.070717
120,0.013022,0.000051,0.000005,0.092711,0.000322,0.000005,0.000299,0.106418
106,0.016298,0.000030,0.000003,0.068370,0.000367,0.000007,0.003148,0.088230
102,0.009031,0.000040,0.000006,0.055961,0.000244,0.000004,0.003700,0.068989
110,0.009812,0.000042,0.000004,0.051163,0.000254,0.000004,0.000180,0.061462
99,0.015086,0.000040,0.000004,0.082990,0.000364,0.000007,0.000408,0.098904
88,0.025909,0.000043,0.000004,0.075601,0.000298,0.000005,0.003859,0.105723
119,0.010366,0.000033,0.000003,0.054427,0.000437,0.000005,0.001886,0.067167
94,0.017281,0.000044,0.000004,0.008843,0.000413,0.000007,0.020734,0.047337
121,0.017744,0.000047,0.000007,0.031316,0.000414,0.000006,0.000438,0.049976
120,0.011483,0.000054,0.000007,0.024516,0.000445,0.000009,0.003519,0.040044
98,0.009004,0.000039,0.000004,0.121177,0.000476,0.000006,0.003470,0.134187
95,0.017567,0.000043,0.000004,0.008511,0.000349,0.000005,0.014306,0.040794
89,0.024205,0.000088,0.000011,0.056887,0.000512,0.000009,0.009474,0.091196
112,0.015683,0.000044,0.000005,0.117846,0.000513,0.000010,0.000351,0.134457
124,0.011831,0.000049,0.000004,0.140223,0.000507,0.000010,0.000393,0.153023
71,0.014553,0.000037,0.000004,0.161798,0.000526,0.000010,0.002014,0.178951
107,0.015987,0.000055,0.000004,0.163062,0.000535,0.000007,0.005602,0.185264
100,0.018107,0.000045,0.000007,0.162629,0.000621,0.000011,0.000612,0.182044
131,0.014474,0.000073,0.000007,0.170822,0.000493,0.000012,0.019256,0.205160
111,0.021517,0.000081,0.000004,0.172649,0.000525,0.000008,0.000297,0.195090
121,0.012321,0.000055,0.000004,0.126597,0.000462,0.000005,0.003013,0.142467
103,0.027633,0.000069,0.000022,0.170109,0.000489,0.000009,0.010635,0.208977
122,0.011283,0.000050,0.000007,0.169081,0.000444,0.000007,0.000438,0.181318
123,0.012162,0.000044,0.000009,0.017054,0.000460,0.000008,0.000441,0.030185
99,0.021426,0.000052,0.000005,0.182580,0.000489,0.000006,0.002991,0.207558
113,0.021732,0.000054,0.000005,0.139222,0.000469,0.000008,0.000386,0.161883
96,0.012057,0.000054,0.000003,0.162968,0.000485,0.000011,0.029067,0.204658
90,0.019702,0.000065,0.000005,0.172309,0.000506,0.000008,0.009758,0.202361
125,0.013043,0.000055,0.000006,0.189706,0.000386,0.000007,0.000299,0.203504
72,0.017783,0.000053,0.000006,0.182076,0.000594,0.000010,0.001364,0.201894
112,0.010273,0.000047,0.000005,0.161365,0.000458,0.000012,0.000309,0.172475
132,0.017453,0.000077,0.000008,0.155365,0.000627,0.000012,0.016769,0.190325
97,0.019906,0.000063,0.000007,0.040453,0.000620,0.000016,0.033016,0.094094
122,0.025380,0.000060,0.000006,0.152417,0.000533,0.000010,0.004037,0.182456
108,0.017545,0.000050,0.000008,0.182537,0.000536,0.000011,0.005580,0.206281
101,0.019625,0.000084,0.000012,0.189715,0.000600,0.000011,0.000620,0.210673
104,0.012414,0.000058,0.000012,0.170156,0.000452,0.000009,0.013457,0.196570
124,0.012448,0.000049,0.000004,0.160772,0.000455,0.000008,0.000437,0.174179
133,0.014805,0.000054,0.000005,0.034810,0.000460,0.000009,0.008475,0.058633
100,0.013644,0.000057,0.000007,0.164947,0.000540,0.000011,0.003829,0.183047
91,0.019407,0.000059,0.000005,0.135555,0.000483,0.000008,0.009563,0.165091
114,0.019923,0.000053,0.000005,0.165462,0.000484,0.000008,0.000409,0.186349
126,0.017221,0.000039,0.000005,0.138287,0.000584,0.000011,0.000454,0.156610
115,0.020252,0.000066,0.000005,0.030914,0.000467,0.000010,0.000356,0.052075
113,0.011900,0.000052,0.000007,0.172808,0.000467,0.000006,0.000283,0.185527
109,0.014615,0.000065,0.000005,0.150464,0.000764,0.000013,0.005707,0.171649
73,0.019453,0.000054,0.000005,0.199651,0.000435,0.000009,0.001703,0.221315
102,0.020908,0.000056,0.000007,0.164988,0.000426,0.000007,0.000562,0.186960
123,0.019118,0.000082,0.000009,0.173418,0.000447,0.000010,0.004058,0.197153
98,0.022192,0.000057,0.000008,0.164494,0.000409,0.000008,0.023370,0.210547
105,0.013264,0.000073,0.000010,0.189653,0.001231,0.000012,0.019140,0.223403
103,0.012298,0.000054,0.000005,0.049655,0.000470,0.000009,0.000554,0.063051
125,0.021014,0.000041,0.000003,0.193837,0.000558,0.000008,0.000411,0.215879
101,0.027574,0.000064,0.000006,0.187368,0.000635,0.000014,0.004339,0.220012
92,0.019949,0.000049,0.000005,0.195561,0.000513,0.000010,0.009880,0.225988
134,0.012415,0.000046,0.000004,0.222779,0.000551,0.000013,0.009002,0.244823
127,0.014548,0.000063,0.000007,0.186620,0.000583,0.000011,0.000414,0.202254
116,0.017660,0.000053,0.000005,0.179272,0.000445,0.000010,0.000354,0.197804
114,0.017548,0.000055,0.000006,0.171944,0.000975,0.000025,0.000804,0.191370
93,0.019869,0.000051,0.000006,0.048473,0.000655,0.000018,0.011959,0.081044
74,0.021283,0.000047,0.000005,0.173514,0.000437,0.000007,0.001674,0.196976
117,0.019488,0.000057,0.000006,0.028906,0.000432,0.000009,0.000362,0.049266
124,0.012428,0.000051,0.000005,0.174388,0.000503,0.000008,0.004184,0.191579
99,0.011007,0.000047,0.000005,0.154695,0.000422,0.000008,0.021404,0.187600
115,0.015703,0.000059,0.000004,0.023343,0.000534,0.000009,0.000327,0.039984
106,0.016936,0.000058,0.000009,0.145602,0.000383,0.000006,0.008057,0.171060
125,0.010763,0.000052,0.000006,0.009566,0.000482,0.000008,0.003672,0.024561
102,0.015265,0.000065,0.000005,0.124893,0.000450,0.000009,0.002745,0.143441
104,0.019591,0.000053,0.000006,0.167153,0.000448,0.000010,0.000668,0.187940
116,0.018216,0.000061,0.000006,0.027660,0.000981,0.000031,0.000736,0.047702
126,0.019840,0.000050,0.000005,0.166813,0.000525,0.000012,0.000588,0.187839
110,0.038968,0.000103,0.000011,0.252007,0.000484,0.000008,0.006163,0.297755
94,0.024731,0.000070,0.000007,0.065169,0.000561,0.000010,0.015564,0.106128
135,0.012408,0.000053,0.000009,0.181958,0.000437,0.000007,0.008288,0.203174
111,0.026364,0.000091,0.000010,0.044381,0.000368,0.000008,0.003959,0.075187
136,0.012359,0.000048,0.000005,0.021780,0.000569,0.000010,0.009262,0.044047
75,0.016887,0.000047,0.000006,0.165821,0.000428,0.000008,0.001449,0.184655
128,0.032433,0.000058,0.000007,0.040453,0.000500,0.000008,0.000434,0.073900
118,0.019670,0.000057,0.000005,0.179072,0.000488,0.000010,0.000358,0.199666
107,0.017716,0.000050,0.000008,0.166234,0.000413,0.000008,0.009341,0.193782
112,0.018746,0.000046,0.000006,0.034943,0.000384,0.000005,0.004414,0.058553
100,0.013007,0.000056,0.000005,0.179163,0.000468,0.000010,0.024284,0.217003
126,0.011293,0.000049,0.000003,0.187733,0.000506,0.000010,0.004057,0.203662
119,0.019621,0.000051,0.000005,0.018792,0.000288,0.000005,0.000232,0.038995
103,0.025260,0.000060,0.000006,0.167575,0.000581,0.000010,0.003551,0.197054
95,0.019845,0.000053,0.000005,0.138441,0.000507,0.000012,0.015961,0.174842
127,0.016914,0.000066,0.000005,0.191615,0.000643,0.000010,0.000637,0.209899
117,0.020415,0.000052,0.000005,0.199381,0.000612,0.000012,0.000341,0.220824
105,0.035704,0.000063,0.000007,0.207871,0.000571,0.000010,0.000761,0.244995
113,0.015953,0.000034,0.000003,0.115563,0.000441,0.000006,0.004480,0.136487
129,0.020489,0.000050,0.000005,0.156197,0.000576,0.000027,0.000494,0.177848
137,0.012202,0.000053,0.000006,0.191337,0.000487,0.000012,0.008780,0.212890
106,0.022129,0.000055,0.000006,0.045540,0.000428,0.000008,0.000583,0.068756
76,0.031431,0.000099,0.000006,0.186972,0.000431,0.000009,0.001839,0.220801
108,0.020206,0.000063,0.000010,0.167947,0.000569,0.000009,0.009430,0.198258
107,0.012190,0.000047,0.000006,0.051294,0.000519,0.000010,0.000703,0.064776
127,0.023419,0.000050,0.000004,0.193539,0.000468,0.000009,0.004386,0.221885
118,0.019292,0.000135,0.000015,0.150700,0.000455,0.000010,0.000399,0.171013
96,0.025864,0.000060,0.000006,0.151552,0.000519,0.000010,0.010734,0.188757
104,0.025929,0.000063,0.000005,0.199398,0.000609,0.000013,0.003734,0.229762
120,0.017980,0.000055,0.000005,0.226793,0.000827,0.000014,0.000418,0.246110
101,0.018757,0.000099,0.000012,0.220163,0.000491,0.000009,0.025886,0.265431
114,0.019211,0.000063,0.000005,0.126428,0.000498,0.000007,0.005884,0.152113
105,0.017814,0.000052,0.000006,0.017147,0.000583,0.000014,0.003780,0.039406
130,0.022701,0.000057,0.000008,0.148787,0.000393,0.000008,0.000387,0.172346
108,0.038978,0.000055,0.000005,0.060610,0.000721,0.000012,0.000646,0.101034
138,0.012244,0.000050,0.000004,0.158517,0.000584,0.000010,0.010302,0.181725
77,0.023914,0.000053,0.000005,0.154703,0.000599,0.000012,0.002119,0.181417
102,0.016904,0.000084,0.000011,0.038108,0.000907,0.000029,0.039763,0.095819
131,0.014492,0.000070,0.000008,0.031859,0.000999,0.000035,0.000975,0.048450
109,0.013912,0.000051,0.000009,0.179614,0.000534,0.000009,0.010988,0.205132
119,0.015253,0.000063,0.000007,0.180587,0.000822,0.000010,0.000299,0.197045
103,0.016920,0.000063,0.000004,0.038782,0.000637,0.000018,0.024499,0.080937
97,0.026331,0.000080,0.000008,0.190214,0.000698,0.000013,0.013332,0.230691
121,0.031473,0.000114,0.000015,0.179472,0.000467,0.000009,0.000351,0.211907
106,0.023638,0.000059,0.000007,0.171147,0.000803,0.000012,0.003541,0.199236
115,0.027773,0.000091,0.000006,0.179695,0.000584,0.000011,0.008969,0.217144
128,0.035860,0.000060,0.000005,0.181125,0.000781,0.000018,0.000985,0.218843
122,0.021165,0.000056,0.000006,0.033303,0.000543,0.000012,0.000396,0.055484
139,0.014667,0.000057,0.000008,0.170722,0.000671,0.000009,0.009499,0.195660
132,0.012272,0.000048,0.000005,0.154021,0.001019,0.000023,0.001048,0.168450
109,0.021082,0.000056,0.000007,0.212082,0.000659,0.000010,0.000765,0.234673
78,0.027142,0.000054,0.000005,0.176752,0.000882,0.000027,0.001603,0.206470
129,0.016630,0.000087,0.000011,0.027202,0.000411,0.000008,0.000588,0.044946
107,0.023517,0.000073,0.000009,0.043679,0.000564,0.000010,0.003746,0.071607
123,0.038420,0.000071,0.000007,0.018298,0.000662,0.000014,0.000839,0.058320
120,0.023559,0.000052,0.000006,0.156277,0.000511,0.000009,0.000280,0.180699
79,0.019805,0.000056,0.000005,0.030347,0.000450,0.000006,0.001685,0.052361
110,0.012584,0.000054,0.000012,0.194032,0.000525,0.000007,0.014063,0.221291
98,0.025404,0.000062,0.000005,0.164213,0.000944,0.000016,0.011257,0.201912
104,0.017077,0.000064,0.000006,0.203787,0.000527,0.000009,0.024341,0.245825
116,0.017020,0.000054,0.000005,0.162772,0.000437,0.000006,0.006529,0.186834
140,0.012551,0.000059,0.000007,0.144204,0.000548,0.000012,0.008127,0.165520
133,0.026359,0.000063,0.000006,0.155400,0.000692,0.000014,0.001034,0.183591
124,0.024353,0.000055,0.000005,0.136143,0.000463,0.000008,0.000367,0.161400
110,0.022481,0.000094,0.000012,0.171590,0.000485,0.000009,0.000650,0.195327
130,0.012449,0.000054,0.000005,0.174939,0.000555,0.000008,0.000645,0.188664
108,0.013706,0.000059,0.000006,0.178545,0.000601,0.000012,0.003719,0.196660
125,0.022468,0.000058,0.000007,0.015012,0.000691,0.000016,0.000518,0.038779
80,0.019935,0.000052,0.000005,0.163744,0.000418,0.000006,0.001538,0.185706
121,0.014104,0.000048,0.000005,0.195510,0.000473,0.000009,0.000306,0.210459
111,0.013710,0.000058,0.000007,0.172231,0.000709,0.000016,0.016177,0.202922
131,0.012971,0.000056,0.000005,0.052618,0.000477,0.000008,0.000677,0.066821
141,0.011671,0.000054,0.000007,0.134358,0.000630,0.000018,0.015652,0.162412
81,0.020253,0.000052,0.000005,0.041338,0.000445,0.000008,0.001582,0.063694
99,0.020931,0.000055,0.000005,0.179001,0.000588,0.000010,0.014814,0.215414
117,0.044299,0.000059,0.000005,0.143400,0.000508,0.000011,0.005566,0.193869
134,0.026441,0.000048,0.000004,0.149340,0.000484,0.000011,0.000376,0.176710
105,0.012446,0.000056,0.000006,0.185847,0.000447,0.000009,0.022181,0.221005
122,0.016780,0.000088,0.000009,0.074013,0.000559,0.000011,0.000375,0.091842
142,0.014554,0.000053,0.000006,0.037380,0.000505,0.000010,0.009053,0.061573
135,0.011492,0.000045,0.000005,0.018918,0.000537,0.000013,0.000432,0.031447
126,0.015000,0.000066,0.000007,0.140602,0.000502,0.000009,0.000346,0.156537
143,0.012133,0.000059,0.000004,0.014382,0.000494,0.000009,0.009514,0.036610
109,0.022638,0.000082,0.000007,0.168354,0.000652,0.000009,0.003929,0.195679
111,0.028129,0.000090,0.000010,0.207406,0.000559,0.000010,0.000809,0.237023
132,0.010798,0.000047,0.000005,0.169073,0.000455,0.000009,0.000583,0.180976
133,0.012403,0.000050,0.000004,0.015299,0.000435,0.000006,0.000629,0.028835
112,0.019320,0.000119,0.000022,0.194482,0.000548,0.000009,0.012404,0.226917
82,0.021173,0.000051,0.000004,0.177681,0.000547,0.000007,0.001717,0.201196
100,0.034165,0.000054,0.000006,0.148641,0.000472,0.000008,0.010180,0.193536
118,0.020762,0.000074,0.000009,0.170934,0.000811,0.000021,0.009118,0.201742
134,0.018305,0.000103,0.000011,0.036483,0.000985,0.000024,0.001600,0.057526
136,0.013122,0.000062,0.000006,0.159405,0.000441,0.000007,0.000431,0.173479
123,0.017201,0.000046,0.000004,0.163754,0.000283,0.000004,0.000178,0.181472
113,0.022999,0.000050,0.000008,0.041454,0.000699,0.000015,0.014333,0.079569
106,0.012664,0.000057,0.000004,0.190066,0.000528,0.000009,0.024249,0.227596
83,0.020638,0.000056,0.000006,0.043383,0.000485,0.000008,0.001651,0.066235
110,0.023017,0.000061,0.000007,0.178245,0.000569,0.000010,0.003512,0.205430
112,0.025226,0.000045,0.000007,0.153878,0.000641,0.000013,0.000853,0.180676
144,0.010781,0.000044,0.000007,0.204331,0.000536,0.000012,0.010016,0.225744
127,0.048968,0.000065,0.000006,0.192853,0.000584,0.000012,0.000446,0.242941
107,0.021146,0.000065,0.000007,0.014125,0.000468,0.000011,0.023032,0.058864
135,0.013294,0.000049,0.000006,0.150599,0.000685,0.000019,0.000967,0.165627
119,0.014482,0.000058,0.000006,0.142972,0.000870,0.000010,0.010790,0.169203
137,0.029621,0.000061,0.000006,0.137317,0.000495,0.000008,0.000385,0.167897
124,0.013374,0.000046,0.000006,0.156581,0.000338,0.000004,0.000199,0.170550
101,0.012116,0.000055,0.000006,0.172360,0.000496,0.000009,0.009691,0.194745
108,0.019701,0.000069,0.000005,0.032407,0.000893,0.000015,0.025449,0.078553
84,0.020722,0.000062,0.000006,0.151376,0.000513,0.000008,0.001607,0.174301
114,0.012172,0.000058,0.000009,0.175006,0.000494,0.000009,0.011495,0.199256
125,0.029190,0.000058,0.000007,0.028309,0.000459,0.000007,0.000284,0.058319
113,0.025219,0.000057,0.000009,0.161147,0.000590,0.000010,0.001272,0.188315
145,0.020690,0.000054,0.000004,0.145145,0.001008,0.000026,0.012022,0.178963
111,0.023412,0.011478,0.000015,0.167391,0.000593,0.000012,0.003645,0.206556
138,0.012407,0.000055,0.000005,0.102727,0.000333,0.000005,0.000312,0.115846
139,0.009891,0.000045,0.000005,0.009147,0.000372,0.000004,0.000261,0.019728
114,0.024182,0.000084,0.000013,0.028497,0.000384,0.000004,0.000437,0.053606
136,0.012208,0.000084,0.000010,0.147361,0.000463,0.000008,0.000580,0.160722
120,0.022165,0.000058,0.000006,0.189147,0.000485,0.000009,0.005601,0.217483
102,0.012096,0.000059,0.000006,0.185888,0.000462,0.000009,0.009751,0.208282
85,0.010884,0.000050,0.000005,0.180061,0.000618,0.000009,0.001428,0.193069
109,0.015615,0.000068,0.000006,0.183898,0.000853,0.000012,0.026724,0.227187
126,0.012478,0.000052,0.000005,0.156687,0.000527,0.000011,0.000376,0.170143
146,0.013029,0.000060,0.000008,0.140734,0.000500,0.000010,0.008971,0.163329
115,0.014642,0.000056,0.000008,0.185778,0.000565,0.000009,0.011795,0.212865
128,0.015151,0.000054,0.000033,0.012884,0.000385,0.000004,0.000866,0.029394
140,0.016394,0.000044,0.000005,0.122396,0.000560,0.000014,0.000435,0.139857
112,0.011983,0.000054,0.000006,0.180270,0.000563,0.000011,0.004078,0.196975
86,0.025595,0.000105,0.000012,0.045358,0.000587,0.000013,0.002096,0.073778
129,0.012943,0.000081,0.000006,0.027456,0.000547,0.000005,0.000936,0.041989
115,0.025934,0.000165,0.000022,0.156569,0.000539,0.000009,0.000612,0.183858
137,0.013054,0.000053,0.000005,0.177597,0.000491,0.000008,0.000596,0.191813
127,0.017907,0.000050,0.000005,0.135346,0.000432,0.000007,0.000296,0.154047
121,0.020837,0.000056,0.000005,0.177337,0.000744,0.000013,0.005873,0.204894
103,0.026573,0.000059,0.000007,0.187209,0.000530,0.000008,0.009683,0.224081
130,0.011843,0.000060,0.000005,0.103475,0.000359,0.000006,0.000848,0.116603
116,0.012383,0.000054,0.000011,0.150849,0.000449,0.000008,0.008973,0.172740
110,0.028396,0.000079,0.000008,0.162793,0.000789,0.000013,0.030927,0.223039
147,0.013166,0.000057,0.000005,0.189292,0.000513,0.000007,0.008606,0.211657
141,0.013919,0.000053,0.000007,0.180407,0.000661,0.000012,0.000549,0.195617
113,0.016646,0.000060,0.000006,0.155218,0.000592,0.000013,0.003761,0.176306
104,0.021235,0.000059,0.000008,0.016193,0.000538,0.000009,0.010444,0.048497
122,0.022592,0.000054,0.000007,0.042277,0.000465,0.000009,0.005666,0.071083
87,0.029754,0.000054,0.000006,0.159016,0.000548,0.000010,0.001972,0.191368
123,0.012408,0.000055,0.000005,0.017995,0.000511,0.000009,0.006295,0.037288
138,0.012581,0.000056,0.000004,0.204930,0.000525,0.000009,0.000569,0.218682
131,0.010825,0.000043,0.000005,0.112337,0.000439,0.000006,0.000798,0.124458
116,0.013349,0.000054,0.000005,0.222253,0.000620,0.000013,0.000716,0.237019
117,0.013569,0.000058,0.000011,0.146276,0.000544,0.000010,0.010631,0.171112
111,0.013004,0.000057,0.000006,0.142306,0.000574,0.000011,0.029615,0.185584
142,0.014610,0.000061,0.000006,0.150264,0.000494,0.000009,0.000402,0.165852
105,0.023142,0.000055,0.000007,0.133946,0.000391,0.000007,0.007766,0.165323
117,0.021942,0.000056,0.000007,0.060508,0.000525,0.000008,0.000582,0.083635
88,0.026805,0.000057,0.000005,0.133377,0.000439,0.000007,0.001601,0.162301
148,0.012039,0.000053,0.000004,0.179017,0.000508,0.000010,0.009449,0.201095
114,0.023684,0.000055,0.000005,0.162143,0.000494,0.000008,0.003492,0.189891
112,0.012467,0.000051,0.000005,0.013774,0.000473,0.000010,0.023811,0.050602
124,0.015672,0.000057,0.000004,0.153409,0.000499,0.000011,0.006071,0.175734
118,0.021355,0.000059,0.000005,0.041774,0.000508,0.000010,0.000555,0.064275
139,0.010829,0.000049,0.000005,0.150855,0.000422,0.000009,0.000532,0.162708
132,0.010925,0.000044,0.000004,0.164991,0.000422,0.000005,0.000745,0.177142
143,0.011811,0.000046,0.000004,0.113085,0.000424,0.000005,0.000302,0.125680
133,0.011271,0.000040,0.000005,0.029779,0.000451,0.000007,0.000796,0.042353
144,0.009289,0.000046,0.000004,0.012556,0.000398,0.000005,0.000343,0.022644
106,0.014698,0.000044,0.000005,0.139577,0.000484,0.000010,0.010515,0.165346
145,0.018524,0.000056,0.000005,0.009849,0.000428,0.000008,0.000359,0.029235
113,0.017565,0.000048,0.000005,0.099556,0.000497,0.000007,0.018121,0.135807
115,0.020271,0.000056,0.000005,0.155392,0.000530,0.000009,0.004014,0.180293
118,0.018668,0.000043,0.000006,0.202141,0.000808,0.000019,0.016192,0.237902
89,0.028835,0.000119,0.000013,0.162989,0.000985,0.000028,0.004280,0.197265
149,0.012273,0.000049,0.000006,0.172544,0.000505,0.000010,0.008362,0.193761
114,0.012877,0.000039,0.000003,0.008681,0.000350,0.000004,0.015670,0.037633
125,0.018415,0.000051,0.000005,0.154307,0.000531,0.000010,0.004855,0.178186
150,0.011738,0.000051,0.000005,0.014504,0.000458,0.000008,0.008375,0.035151
140,0.010636,0.000045,0.000004,0.174390,0.000462,0.000008,0.000616,0.186168
134,0.010408,0.000044,0.000005,0.128230,0.000547,0.000009,0.001060,0.140310
119,0.020117,0.000055,0.000006,0.192927,0.000503,0.000008,0.000768,0.214391
126,0.022281,0.000050,0.000006,0.026597,0.000467,0.000009,0.005607,0.055028
151,0.012206,0.000051,0.000004,0.035839,0.000405,0.000006,0.009841,0.058362
135,0.014114,0.000056,0.000004,0.028540,0.000550,0.000010,0.001079,0.044359
116,0.022247,0.000044,0.000004,0.107559,0.000381,0.000005,0.002278,0.132525
146,0.012408,0.000050,0.000005,0.153693,0.000555,0.000014,0.000476,0.167208
107,0.020417,0.000050,0.000006,0.170120,0.000513,0.000009,0.011647,0.202772
128,0.031634,0.000056,0.000007,0.174604,0.000984,0.000024,0.004080,0.211403
90,0.021448,0.000057,0.000005,0.139611,0.000476,0.000007,0.001295,0.162903
115,0.012203,0.000039,0.000004,0.139105,0.000350,0.000004,0.017155,0.168868
119,0.013190,0.000054,0.000010,0.179403,0.000524,0.000009,0.010454,0.203654
91,0.029122,0.000055,0.000006,0.026689,0.000416,0.000006,0.001615,0.057916
141,0.012883,0.000052,0.000004,0.186640,0.000479,0.000007,0.000593,0.200666
120,0.021334,0.000053,0.000007,0.160756,0.000470,0.000008,0.000603,0.183239
117,0.011608,0.000045,0.000005,0.132578,0.000586,0.000007,0.002254,0.147098
127,0.019923,0.000093,0.000006,0.169822,0.000419,0.000008,0.004989,0.195270
136,0.012858,0.000055,0.000004,0.168124,0.000955,0.000025,0.002685,0.184719
116,0.010840,0.000049,0.000005,0.098911,0.000369,0.000004,0.017386,0.127574
147,0.017463,0.000076,0.000008,0.156482,0.000661,0.000018,0.000501,0.175218
108,0.020409,0.000054,0.000006,0.133030,0.000361,0.000005,0.007195,0.161067
152,0.018134,0.000065,0.000006,0.205168,0.000772,0.000013,0.008699,0.232884
129,0.021331,0.000058,0.000004,0.166971,0.000482,0.000009,0.001289,0.190152
109,0.016499,0.000049,0.000004,0.026103,0.000519,0.000005,0.008050,0.051251
120,0.014428,0.000061,0.000008,0.151730,0.000954,0.000029,0.013288,0.180509
110,0.018263,0.000050,0.000007,0.015668,0.000406,0.000006,0.008252,0.042662
130,0.020240,0.000049,0.000004,0.045147,0.000493,0.000008,0.001230,0.067180
92,0.020577,0.000057,0.000005,0.178265,0.000460,0.000008,0.002020,0.201399
142,0.012470,0.000048,0.000003,0.179495,0.000724,0.000018,0.001487,0.194257
131,0.017624,0.000047,0.000005,0.009574,0.000454,0.000008,0.001251,0.028972
121,0.017860,0.000054,0.000006,0.170109,0.000464,0.000009,0.000584,0.189094
137,0.014672,0.000056,0.000005,0.139436,0.000509,0.000010,0.001257,0.155957
118,0.021383,0.000075,0.000007,0.163862,0.000483,0.000009,0.003228,0.189058
148,0.019447,0.000098,0.000013,0.141843,0.000464,0.000011,0.000375,0.162256
117,0.015934,0.000057,0.000005,0.136595,0.000458,0.000007,0.022749,0.175816
153,0.012721,0.000052,0.000005,0.133577,0.000863,0.000022,0.014257,0.161509
132,0.022214,0.000088,0.000009,0.053348,0.001072,0.000029,0.003429,0.080200
118,0.028006,0.000058,0.000006,0.019855,0.000483,0.000008,0.029751,0.078178
121,0.014939,0.000081,0.000014,0.166140,0.000542,0.000011,0.011755,0.193494
93,0.019091,0.000049,0.000005,0.134147,0.000393,0.000006,0.001034,0.154731
111,0.017249,0.000044,0.000004,0.170979,0.000473,0.000011,0.009628,0.198399
138,0.021867,0.000051,0.000005,0.142938,0.000808,0.000024,0.001543,0.167245
119,0.014038,0.000058,0.000006,0.145870,0.000547,0.000009,0.004247,0.164785
149,0.019751,0.000053,0.000006,0.138369,0.000486,0.000007,0.000389,0.159065
143,0.028807,0.000079,0.000006,0.162658,0.000614,0.000007,0.000675,0.192859
122,0.019899,0.000045,0.000005,0.176121,0.000418,0.000010,0.000587,0.197093
139,0.018962,0.000052,0.000006,0.009357,0.000437,0.000010,0.001144,0.029978
112,0.020201,0.000062,0.000005,0.020694,0.000419,0.000008,0.009709,0.051110
154,0.015196,0.000062,0.000006,0.149643,0.000487,0.000008,0.008528,0.173946
122,0.015814,0.000087,0.000015,0.068925,0.000487,0.000009,0.010299,0.095650
133,0.028340,0.000055,0.000005,0.148414,0.000464,0.000009,0.001260,0.178556
113,0.019712,0.000053,0.000006,0.013914,0.000459,0.000009,0.009938,0.044102
94,0.009023,0.000039,0.000003,0.150763,0.000586,0.000010,0.001866,0.162300
123,0.012737,0.000052,0.000009,0.053934,0.000634,0.000010,0.011098,0.078504
150,0.012165,0.000052,0.000005,0.131640,0.000453,0.000013,0.000395,0.144734
119,0.021396,0.000054,0.000005,0.181840,0.000493,0.000010,0.023598,0.227408
140,0.011336,0.000050,0.000006,0.146294,0.000526,0.000010,0.000935,0.159166
144,0.012234,0.000051,0.000004,0.157892,0.000507,0.000010,0.000602,0.171306
120,0.014666,0.000056,0.000007,0.191766,0.000569,0.000011,0.004354,0.211439
123,0.018097,0.000049,0.000007,0.186539,0.000514,0.000010,0.000573,0.205798
155,0.013472,0.000051,0.000006,0.187499,0.000885,0.000022,0.011922,0.213873
114,0.017512,0.000048,0.000005,0.174523,0.000502,0.000008,0.008680,0.201289
124,0.013113,0.000066,0.000011,0.135661,0.000372,0.000006,0.007584,0.156822
151,0.011550,0.000055,0.000005,0.133429,0.000511,0.000012,0.000408,0.145975
95,0.023870,0.000070,0.000005,0.156428,0.000418,0.000006,0.001207,0.182011
134,0.029105,0.000071,0.000008,0.188046,0.000517,0.000012,0.001313,0.219081
135,0.017143,0.000054,0.000004,0.012920,0.000496,0.000009,0.001233,0.031866
145,0.011140,0.000057,0.000004,0.158834,0.000624,0.000012,0.000638,0.171315
115,0.027062,0.000059,0.000006,0.038969,0.000930,0.000011,0.014154,0.081205
136,0.018349,0.000058,0.000006,0.014408,0.000485,0.000008,0.001137,0.034459
141,0.021354,0.000059,0.000006,0.167401,0.000641,0.000011,0.001250,0.190732
120,0.014572,0.000059,0.000004,0.185922,0.000472,0.000008,0.023945,0.224994
121,0.016473,0.000053,0.000006,0.171563,0.000487,0.000008,0.004170,0.192769
146,0.017130,0.000082,0.000010,0.047486,0.000461,0.000009,0.000585,0.065772
156,0.012288,0.000052,0.000004,0.151741,0.000471,0.000014,0.009550,0.174129
96,0.017345,0.000043,0.000004,0.116038,0.000362,0.000005,0.001136,0.134937
125,0.011783,0.000041,0.000009,0.126335,0.000369,0.000006,0.007698,0.146250
124,0.030629,0.000106,0.000011,0.182076,0.000490,0.000012,0.000610,0.213938
116,0.021827,0.000063,0.000006,0.039950,0.000417,0.000009,0.008751,0.071035
152,0.012906,0.000051,0.000006,0.145946,0.000461,0.000007,0.000386,0.159767
121,0.019832,0.000055,0.000006,0.024391,0.000520,0.000011,0.032932,0.077762
122,0.019340,0.000074,0.000006,0.044911,0.000535,0.000011,0.003919,0.068806
97,0.019103,0.000042,0.000004,0.027760,0.000411,0.000005,0.001351,0.048684
126,0.012503,0.000040,0.000009,0.031938,0.000370,0.000005,0.007619,0.052495
117,0.020972,0.000057,0.000006,0.046819,0.000514,0.000011,0.009245,0.077635
137,0.020007,0.000055,0.000004,0.147640,0.000450,0.000010,0.001266,0.169438
142,0.016403,0.000050,0.000006,0.152573,0.000514,0.000011,0.001239,0.170805
127,0.010549,0.000044,0.000006,0.041084,0.000349,0.000007,0.007471,0.059520
118,0.021460,0.000075,0.000008,0.022660,0.000328,0.000004,0.007443,0.051987
147,0.011214,0.000044,0.000004,0.148828,0.000847,0.000031,0.001600,0.162578
157,0.013166,0.000054,0.000006,0.139170,0.000420,0.000008,0.008134,0.160975
125,0.018670,0.000064,0.000006,0.140389,0.000694,0.000011,0.000687,0.160528
98,0.017027,0.000043,0.000005,0.111881,0.000424,0.000005,0.001351,0.130743
123,0.030752,0.000064,0.000007,0.107460,0.000382,0.000005,0.002294,0.140970
153,0.016028,0.000057,0.000007,0.153707,0.000618,0.000016,0.000428,0.170870
158,0.012101,0.000054,0.000006,0.031908,0.000526,0.000011,0.010539,0.055159
122,0.023222,0.000086,0.000012,0.164445,0.000434,0.000005,0.015671,0.203883
119,0.014508,0.000046,0.000005,0.083144,0.000354,0.000004,0.006412,0.104481
99,0.017089,0.000059,0.000003,0.053565,0.000442,0.000005,0.001160,0.072328
148,0.017147,0.000063,0.000006,0.100622,0.000347,0.000004,0.000431,0.118624
138,0.020026,0.000053,0.000004,0.163501,0.000509,0.000011,0.001225,0.185337
100,0.018049,0.000041,0.000004,0.018576,0.000326,0.000005,0.001164,0.038170
120,0.019850,0.000049,0.000004,0.018607,0.000335,0.000006,0.006970,0.045828
143,0.023275,0.000076,0.000009,0.160579,0.000497,0.000009,0.001159,0.185612
126,0.019941,0.000053,0.000006,0.152274,0.000355,0.000005,0.000357,0.172994
139,0.021664,0.000053,0.000006,0.026866,0.000527,0.000008,0.001404,0.050536
154,0.021234,0.000052,0.000005,0.137232,0.000353,0.000005,0.000303,0.159188
123,0.016696,0.000044,0.000004,0.105752,0.000572,0.000011,0.021519,0.144610
124,0.017800,0.000042,0.000003,0.171388,0.000407,0.000008,0.003113,0.192771
149,0.010518,0.000046,0.000003,0.097629,0.000321,0.000004,0.000386,0.108910
155,0.012263,0.000049,0.000006,0.022775,0.000345,0.000004,0.000243,0.035689
159,0.014708,0.000061,0.000005,0.148284,0.000817,0.000021,0.018948,0.182858
121,0.016780,0.000041,0.000004,0.103376,0.000383,0.000005,0.007330,0.127927
144,0.012283,0.000067,0.000007,0.129980,0.000500,0.000010,0.001251,0.144106
101,0.017302,0.000039,0.000005,0.143556,0.000516,0.000007,0.001738,0.163170
127,0.015029,0.000038,0.000004,0.104678,0.000370,0.000004,0.000409,0.120537
150,0.009886,0.000041,0.000003,0.088928,0.000333,0.000004,0.000508,0.099707
156,0.017100,0.000044,0.000005,0.098612,0.000346,0.000006,0.000294,0.116408
102,0.022028,0.000050,0.000006,0.028295,0.000556,0.000011,0.001833,0.052790
151,0.009850,0.000048,0.000003,0.015342,0.000332,0.000005,0.000429,0.026011
125,0.021667,0.000044,0.000005,0.112773,0.000450,0.000007,0.002407,0.137358
140,0.021243,0.000052,0.000005,0.163632,0.000616,0.000009,0.001198,0.186774
103,0.017799,0.000053,0.000006,0.008050,0.000448,0.000008,0.001471,0.027841
124,0.013031,0.000059,0.000006,0.134329,0.000545,0.000012,0.020494,0.168485
122,0.017977,0.000039,0.000005,0.114564,0.000371,0.000005,0.007377,0.140343
160,0.011962,0.000046,0.000004,0.179112,0.000472,0.000010,0.007443,0.199060
157,0.016585,0.000038,0.000004,0.085289,0.000341,0.000005,0.000336,0.102602
145,0.018297,0.000057,0.000005,0.150703,0.000472,0.000010,0.001099,0.170652
152,0.009807,0.000039,0.000004,0.092647,0.000361,0.000004,0.000523,0.103388
123,0.016447,0.000042,0.000004,0.037633,0.000360,0.000007,0.006790,0.061289
158,0.016374,0.000039,0.000005,0.015032,0.000311,0.000005,0.000265,0.032034
104,0.020798,0.000049,0.000006,0.094071,0.000352,0.000005,0.001208,0.116495
124,0.010331,0.000036,0.000004,0.017588,0.000341,0.000005,0.006898,0.035210
153,0.015265,0.000041,0.000004,0.030164,0.000306,0.000004,0.000403,0.046190
146,0.011553,0.000047,0.000005,0.043363,0.000504,0.000010,0.001196,0.056686
126,0.021642,0.000047,0.000004,0.130638,0.000345,0.000006,0.001871,0.154559
159,0.014262,0.000034,0.000003,0.017900,0.000288,0.000005,0.000244,0.032739
105,0.013843,0.000035,0.000004,0.018343,0.000337,0.000004,0.001019,0.033589
154,0.009268,0.000039,0.000003,0.019573,0.000674,0.000025,0.001286,0.030881
125,0.014710,0.000053,0.000005,0.126032,0.000391,0.000006,0.014256,0.155459
141,0.019931,0.000059,0.000007,0.160323,0.000505,0.000012,0.001293,0.182141
142,0.025795,0.000052,0.000005,0.011776,0.000377,0.000009,0.001133,0.039153
161,0.012301,0.000049,0.000004,0.144080,0.000375,0.000004,0.005523,0.162346
147,0.011966,0.000050,0.000004,0.083022,0.000317,0.000004,0.000719,0.096086
160,0.009468,0.000038,0.000003,0.083600,0.000286,0.000004,0.000247,0.093649
106,0.016628,0.000036,0.000003,0.088474,0.000337,0.000007,0.001179,0.106669
125,0.013228,0.000037,0.000004,0.118715,0.000394,0.000007,0.008203,0.140596
148,0.009484,0.000038,0.000004,0.024165,0.000330,0.000004,0.000739,0.034768
126,0.017228,0.000038,0.000004,0.091619,0.000334,0.000004,0.013566,0.122803
127,0.012404,0.000040,0.000004,0.144269,0.000592,0.000012,0.004264,0.161600
149,0.009619,0.000037,0.000003,0.035101,0.000394,0.000006,0.000654,0.045819
155,0.014983,0.000049,0.000004,0.144870,0.000394,0.000008,0.000480,0.160793
161,0.008840,0.000034,0.000004,0.084422,0.000325,0.000005,0.000288,0.093921
156,0.011167,0.000048,0.000004,0.017134,0.000399,0.000007,0.000526,0.029290
143,0.015888,0.000043,0.000005,0.141841,0.001063,0.000029,0.002676,0.161557
162,0.011897,0.000045,0.000004,0.153877,0.000466,0.000009,0.008350,0.174660
127,0.013716,0.000036,0.000003,0.076797,0.000323,0.000004,0.013016,0.103902
107,0.022809,0.000064,0.000005,0.108702,0.000569,0.000006,0.001696,0.133864
150,0.009396,0.000042,0.000003,0.090976,0.000378,0.000005,0.000779,0.101585
126,0.029972,0.000055,0.000006,0.115368,0.000423,0.000009,0.010035,0.155878
108,0.019288,0.000045,0.000004,0.018849,0.000387,0.000006,0.001561,0.040147
162,0.016176,0.000036,0.000004,0.094674,0.000468,0.000009,0.000352,0.111721
163,0.016730,0.000136,0.000010,0.031870,0.000461,0.000009,0.007947,0.057171
127,0.017867,0.000067,0.000006,0.011096,0.000402,0.000010,0.008641,0.038099
109,0.019060,0.000048,0.000004,0.021478,0.000361,0.000006,0.001546,0.042510
157,0.011200,0.000048,0.000005,0.142065,0.000398,0.000006,0.000479,0.154206
151,0.015090,0.000036,0.000004,0.082887,0.000391,0.000008,0.000949,0.099372
144,0.023303,0.000054,0.000005,0.144608,0.000665,0.000015,0.001946,0.170604
163,0.011378,0.000048,0.000005,0.102171,0.000480,0.000007,0.000302,0.114398
164,0.021857,0.000045,0.000004,0.104148,0.000434,0.000008,0.009840,0.136349
110,0.017917,0.000039,0.000004,0.113948,0.000398,0.000008,0.001431,0.133751
152,0.010183,0.000044,0.000006,0.094537,0.000382,0.000005,0.000616,0.105777
111,0.017032,0.000044,0.000004,0.014380,0.000434,0.000009,0.001258,0.033166
164,0.014215,0.000035,0.000005,0.083134,0.000426,0.000010,0.000352,0.098183
128,0.014579,0.000047,0.000005,0.018654,0.000365,0.000004,0.006224,0.039884
158,0.012037,0.000047,0.000005,0.180780,0.000473,0.000008,0.000533,0.193890
145,0.016404,0.000047,0.000005,0.158043,0.000565,0.000012,0.002100,0.177183
165,0.011445,0.000051,0.000004,0.119047,0.000410,0.000008,0.007055,0.138030
129,0.009980,0.000033,0.000003,0.062750,0.000298,0.000005,0.005578,0.078655
130,0.008406,0.000034,0.000004,0.008367,0.000311,0.000004,0.005086,0.022221
165,0.011554,0.000050,0.000006,0.106214,0.000401,0.000008,0.000382,0.118620
153,0.013038,0.000053,0.000005,0.137534,0.000332,0.000005,0.000680,0.151652
166,0.010977,0.000053,0.000006,0.029632,0.000469,0.000010,0.007799,0.048956
112,0.018490,0.000047,0.000004,0.128457,0.000408,0.000007,0.001321,0.148742
131,0.009697,0.000034,0.000003,0.061943,0.000313,0.000006,0.005759,0.077761
159,0.017962,0.000079,0.000009,0.126287,0.000362,0.000007,0.000530,0.145242
146,0.025666,0.000049,0.000004,0.118429,0.000522,0.000015,0.001542,0.146236
154,0.009335,0.000039,0.000004,0.087404,0.000300,0.000004,0.000608,0.097698
166,0.011589,0.000045,0.000005,0.088626,0.000288,0.000005,0.000240,0.100799
167,0.012343,0.000052,0.000005,0.126912,0.000371,0.000007,0.007375,0.147075
132,0.009731,0.000036,0.000004,0.074216,0.000375,0.000006,0.005373,0.089749
113,0.018264,0.000050,0.000005,0.138390,0.000406,0.000009,0.001552,0.158683
155,0.009158,0.000037,0.000003,0.081883,0.000350,0.000004,0.000694,0.092133
168,0.010591,0.000047,0.000004,0.025748,0.000408,0.000008,0.007098,0.043914
160,0.010673,0.000044,0.000003,0.123707,0.000407,0.000008,0.000518,0.135365
167,0.016186,0.000043,0.000004,0.089841,0.000332,0.000005,0.000250,0.106662
169,0.009337,0.000041,0.000004,0.007533,0.000342,0.000007,0.006579,0.023855
133,0.009714,0.000035,0.000004,0.062138,0.000308,0.000005,0.006315,0.078523
147,0.021496,0.000050,0.000006,0.131301,0.000787,0.000021,0.002639,0.156308
161,0.010520,0.000048,0.000003,0.033021,0.000371,0.000008,0.000438,0.044413
134,0.008316,0.000036,0.000003,0.008553,0.000283,0.000005,0.004541,0.021743
156,0.009206,0.000043,0.000004,0.072518,0.000335,0.000005,0.000629,0.082744
157,0.007774,0.000034,0.000004,0.006770,0.000309,0.000004,0.000536,0.015436
148,0.028913,0.000054,0.000005,0.029188,0.000464,0.000010,0.001541,0.060184
114,0.018149,0.000047,0.000004,0.115791,0.000404,0.000006,0.001410,0.135818
135,0.009366,0.000035,0.000004,0.060269,0.000301,0.000004,0.005090,0.075075
162,0.009019,0.000035,0.000003,0.083904,0.000346,0.000004,0.000405,0.093719
168,0.024610,0.000044,0.000004,0.122412,0.000598,0.000010,0.000372,0.148056
149,0.019606,0.000044,0.000004,0.026887,0.000484,0.000010,0.001354,0.048398
136,0.010799,0.000045,0.000004,0.016913,0.000326,0.000004,0.005498,0.033594
158,0.009082,0.000039,0.000003,0.079889,0.000314,0.000005,0.000602,0.089937
170,0.013677,0.000046,0.000005,0.167735,0.000587,0.000012,0.006910,0.189001
150,0.021286,0.000053,0.000005,0.024710,0.000424,0.000007,0.001046,0.047538
163,0.009236,0.000037,0.000003,0.070526,0.000314,0.000005,0.000424,0.080547
115,0.018058,0.000046,0.000005,0.105026,0.000393,0.000007,0.001354,0.124895
137,0.010271,0.000035,0.000004,0.063153,0.000355,0.000004,0.005732,0.079560
169,0.018965,0.000078,0.000009,0.087556,0.000304,0.000004,0.000220,0.107140
159,0.007957,0.000035,0.000003,0.083864,0.000355,0.000004,0.000557,0.092780
138,0.014810,0.000041,0.000004,0.017608,0.000606,0.000007,0.005776,0.038878
164,0.008700,0.000034,0.000003,0.075880,0.000289,0.000005,0.000375,0.085290
116,0.017696,0.000048,0.000005,0.078285,0.000298,0.000005,0.000968,0.097309
170,0.009020,0.000038,0.000003,0.086209,0.000301,0.000005,0.000252,0.095832
160,0.008847,0.000036,0.000004,0.079276,0.000305,0.000004,0.000622,0.089097
139,0.011289,0.000049,0.000007,0.056853,0.000309,0.000005,0.005713,0.074231
171,0.010717,0.000047,0.000007,0.143381,0.000490,0.000011,0.007366,0.162027
151,0.019888,0.000052,0.000004,0.137950,0.000328,0.000006,0.000831,0.159062
171,0.008819,0.000033,0.000004,0.013315,0.000325,0.000004,0.000243,0.022745
165,0.008788,0.000043,0.000004,0.087911,0.000476,0.000004,0.000442,0.097676
117,0.013333,0.000032,0.000004,0.076595,0.000360,0.000005,0.001063,0.091396
140,0.009289,0.000035,0.000004,0.061166,0.000347,0.000007,0.005919,0.076773
166,0.009443,0.000039,0.000004,0.026197,0.000315,0.000004,0.000405,0.036410
161,0.007625,0.000030,0.000004,0.082370,0.000325,0.000005,0.000584,0.090947
152,0.015150,0.000038,0.000003,0.084078,0.000307,0.000005,0.000779,0.100364
172,0.008883,0.000033,0.000003,0.084570,0.000303,0.000005,0.000243,0.094043
172,0.010351,0.000049,0.000005,0.130146,0.000442,0.000011,0.006869,0.147883
141,0.008514,0.000033,0.000004,0.060595,0.000447,0.000007,0.006221,0.075829
118,0.014048,0.000032,0.000003,0.078778,0.000337,0.000006,0.000926,0.094135
167,0.009024,0.000035,0.000004,0.084623,0.000370,0.000004,0.000382,0.094446
162,0.009207,0.000038,0.000004,0.097546,0.000673,0.000007,0.001140,0.108630
173,0.007409,0.000029,0.000004,0.078973,0.000286,0.000004,0.000238,0.086945
153,0.013573,0.000037,0.000003,0.088501,0.000432,0.000006,0.000751,0.103315
154,0.013186,0.000041,0.000005,0.016605,0.000287,0.000005,0.000751,0.030884
119,0.016625,0.000042,0.000004,0.066224,0.000298,0.000004,0.000991,0.084192
142,0.012199,0.000049,0.000005,0.084894,0.000377,0.000006,0.008107,0.105645
155,0.012942,0.000034,0.000004,0.007306,0.000286,0.000005,0.000733,0.021313
168,0.009851,0.000047,0.000003,0.081396,0.000320,0.000005,0.000405,0.092029
173,0.011140,0.000052,0.000005,0.108711,0.000345,0.000005,0.004865,0.125129
156,0.012633,0.000034,0.000003,0.007301,0.000310,0.000005,0.000785,0.021076
174,0.008345,0.000034,0.000004,0.096868,0.000320,0.000005,0.000290,0.105869
143,0.011963,0.000051,0.000006,0.026263,0.000564,0.000009,0.006840,0.045705
174,0.008667,0.000037,0.000004,0.018634,0.000304,0.000005,0.004902,0.032557
163,0.011654,0.000047,0.000005,0.103704,0.000420,0.000008,0.001078,0.116924
157,0.015671,0.000038,0.000005,0.015217,0.000343,0.000005,0.000776,0.032058
120,0.022648,0.000044,0.000003,0.093655,0.000351,0.000005,0.001186,0.117895
169,0.014723,0.000043,0.000004,0.084877,0.000321,0.000005,0.000364,0.100340
175,0.009442,0.000035,0.000004,0.073413,0.000350,0.000005,0.000241,0.083493
175,0.009135,0.000035,0.000003,0.087677,0.000340,0.000005,0.005424,0.102630
158,0.013432,0.000040,0.000005,0.081499,0.000330,0.000004,0.000717,0.096032
144,0.012627,0.000051,0.000005,0.089242,0.000487,0.000008,0.007074,0.109505
164,0.011535,0.000059,0.000005,0.103929,0.000506,0.000011,0.001177,0.117230
121,0.012627,0.000032,0.000005,0.067040,0.000267,0.000004,0.000843,0.080823
170,0.008984,0.000040,0.000004,0.063895,0.000290,0.000004,0.000384,0.073604
176,0.008945,0.000035,0.000004,0.075497,0.000337,0.000004,0.000257,0.085080
176,0.009199,0.000041,0.000004,0.065170,0.000335,0.000005,0.005294,0.080056
159,0.013212,0.000043,0.000004,0.068146,0.000298,0.000005,0.000778,0.082490
145,0.012042,0.000048,0.000006,0.077317,0.000315,0.000004,0.004916,0.094654
122,0.015021,0.000036,0.000005,0.074130,0.000302,0.000005,0.001079,0.090582
171,0.008586,0.000040,0.000004,0.081573,0.000279,0.000004,0.000378,0.090866
165,0.011917,0.000051,0.000005,0.102599,0.000419,0.000006,0.001000,0.116002
177,0.009167,0.000036,0.000004,0.073935,0.000297,0.000005,0.000275,0.083722
177,0.008692,0.000035,0.000004,0.083651,0.000344,0.000005,0.005414,0.098152
160,0.015738,0.000038,0.000003,0.080509,0.000297,0.000005,0.000870,0.097465
178,0.009258,0.000040,0.000003,0.026837,0.000349,0.000005,0.000240,0.036733
146,0.010696,0.000045,0.000004,0.069686,0.000353,0.000005,0.006466,0.087262
178,0.009257,0.000048,0.000004,0.020723,0.000313,0.000007,0.005295,0.035654
172,0.009215,0.000035,0.000003,0.089025,0.000331,0.000004,0.000504,0.099118
123,0.020769,0.000049,0.000006,0.090740,0.000325,0.000005,0.001094,0.112991
166,0.010305,0.000047,0.000004,0.102494,0.000385,0.000005,0.000726,0.113971
147,0.010504,0.000040,0.000003,0.057461,0.000339,0.000004,0.005442,0.073799
173,0.009065,0.000032,0.000004,0.024707,0.000285,0.000004,0.000365,0.034465
179,0.008731,0.000037,0.000004,0.081316,0.000318,0.000005,0.000259,0.090673
179,0.008837,0.000035,0.000003,0.074122,0.000304,0.000005,0.005127,0.088442
148,0.009717,0.000035,0.000005,0.025407,0.000394,0.000007,0.005407,0.040979
124,0.016254,0.000038,0.000003,0.072308,0.000313,0.000004,0.000983,0.089908
161,0.024648,0.000045,0.000004,0.118262,0.000757,0.000017,0.002644,0.146390
174,0.009158,0.000035,0.000003,0.073202,0.000280,0.000004,0.000345,0.083029
167,0.010102,0.000040,0.000003,0.086343,0.000443,0.000009,0.000979,0.097927
180,0.013611,0.000033,0.000003,0.066504,0.000253,0.000004,0.000228,0.080640
125,0.015007,0.000036,0.000003,0.017211,0.000275,0.000004,0.000916,0.033457
149,0.009371,0.000036,0.000004,0.050163,0.000371,0.000005,0.004074,0.064029
180,0.008666,0.000037,0.000004,0.071207,0.000354,0.000005,0.004883,0.085162
126,0.014805,0.000035,0.000003,0.012633,0.000275,0.000004,0.000973,0.028733
181,0.009284,0.000036,0.000003,0.009403,0.000314,0.000005,0.004989,0.024042
150,0.010258,0.000034,0.000003,0.031373,0.000375,0.000004,0.004023,0.046077
175,0.008392,0.000036,0.000003,0.070197,0.000345,0.000004,0.000362,0.079340
181,0.008684,0.000034,0.000004,0.065932,0.000315,0.000005,0.000249,0.075225
182,0.008790,0.000047,0.000003,0.029706,0.000308,0.000004,0.004822,0.043686
151,0.012158,0.000042,0.000003,0.022970,0.000388,0.000005,0.004108,0.039680
168,0.011183,0.000056,0.000005,0.118187,0.000465,0.000007,0.000899,0.130807
162,0.022440,0.000076,0.000009,0.126876,0.000381,0.000008,0.001079,0.150876
152,0.010227,0.000037,0.000004,0.030305,0.000322,0.000004,0.003708,0.044616
163,0.016723,0.000045,0.000005,0.023132,0.000330,0.000008,0.000885,0.041132
182,0.007984,0.000032,0.000004,0.082268,0.000295,0.000004,0.000234,0.090823
153,0.012994,0.000043,0.000004,0.012631,0.000308,0.000004,0.003804,0.029794
183,0.008757,0.000038,0.000004,0.068288,0.000278,0.000005,0.004937,0.082314
127,0.023217,0.000062,0.000008,0.144042,0.000345,0.000005,0.001323,0.169007
176,0.011738,0.000049,0.000004,0.123026,0.000403,0.000009,0.000460,0.135696
154,0.013089,0.000041,0.000004,0.006859,0.000333,0.000004,0.003971,0.024306
169,0.014350,0.000061,0.000005,0.076091,0.000310,0.000004,0.000611,0.091436
170,0.008503,0.000035,0.000003,0.013773,0.000337,0.000004,0.000575,0.023233
155,0.012711,0.000041,0.000004,0.024638,0.000328,0.000004,0.007657,0.045390
183,0.008685,0.000038,0.000003,0.078775,0.000327,0.000006,0.000243,0.088078
184,0.009317,0.000040,0.000004,0.078690,0.000347,0.000005,0.005126,0.093537
156,0.010155,0.000033,0.000004,0.022741,0.000326,0.000004,0.003244,0.036512
164,0.017954,0.000042,0.000005,0.118032,0.000405,0.000009,0.000971,0.137424
171,0.009117,0.000037,0.000004,0.071600,0.000320,0.000005,0.000585,0.081672
177,0.011516,0.000048,0.000004,0.108792,0.000298,0.000004,0.000361,0.121025
157,0.016027,0.000037,0.000005,0.025787,0.000338,0.000004,0.003792,0.045996
184,0.008825,0.000032,0.000003,0.077749,0.000316,0.000004,0.000247,0.087179
185,0.009101,0.000037,0.000004,0.083736,0.000364,0.000005,0.005120,0.098373
158,0.012296,0.000037,0.000004,0.036251,0.000345,0.000005,0.003850,0.052795
172,0.008760,0.000042,0.000003,0.067668,0.000336,0.000004,0.000637,0.077453
178,0.007740,0.000035,0.000003,0.078977,0.000316,0.000004,0.000374,0.087452
159,0.010186,0.000035,0.000003,0.020786,0.000316,0.000004,0.003276,0.034612
185,0.009091,0.000039,0.000004,0.081915,0.000272,0.000004,0.000260,0.091588
165,0.019124,0.000049,0.000004,0.120584,0.000408,0.000009,0.001300,0.141484
160,0.010918,0.000031,0.000004,0.005826,0.000284,0.000004,0.003110,0.020181
186,0.009245,0.000034,0.000003,0.068468,0.000291,0.000005,0.005418,0.083471
161,0.014065,0.000035,0.000003,0.010949,0.000310,0.000004,0.003397,0.028769
166,0.019582,0.000048,0.000004,0.018187,0.000337,0.000006,0.000866,0.039035
173,0.008106,0.000036,0.000003,0.081286,0.000427,0.000008,0.000866,0.090739
162,0.013051,0.000034,0.000004,0.003268,0.000286,0.000004,0.003349,0.020000
174,0.011664,0.000045,0.000005,0.009978,0.000487,0.000010,0.001079,0.023274
167,0.017913,0.000045,0.000005,0.027434,0.000429,0.000009,0.001029,0.046871
186,0.008795,0.000033,0.000003,0.087303,0.000306,0.000005,0.000256,0.096703
163,0.011610,0.000033,0.000003,0.022948,0.000332,0.000004,0.003485,0.038420
187,0.008824,0.000036,0.000003,0.071425,0.000290,0.000004,0.005024,0.085614
179,0.012354,0.000048,0.000005,0.127454,0.000435,0.000008,0.000559,0.140868
168,0.017634,0.000051,0.000004,0.023241,0.000404,0.000009,0.001028,0.042375
164,0.013754,0.000036,0.000004,0.022093,0.000333,0.000004,0.003554,0.039782
165,0.013351,0.000037,0.000004,0.028591,0.000342,0.000004,0.003615,0.045951
187,0.007742,0.000033,0.000003,0.090093,0.000345,0.000004,0.000237,0.098461
175,0.017673,0.000048,0.000005,0.105943,0.000345,0.000005,0.000675,0.124698
188,0.008824,0.000037,0.000003,0.079326,0.000340,0.000005,0.005674,0.094216
189,0.008632,0.000037,0.000003,0.008967,0.000302,0.000005,0.005124,0.023077
166,0.012303,0.000038,0.000004,0.028529,0.000344,0.000004,0.003542,0.044770
128,0.016066,0.000047,0.000008,0.094434,0.000487,0.000005,0.009237,0.120316
176,0.008254,0.000038,0.000004,0.062171,0.000326,0.000004,0.000535,0.071336
167,0.011812,0.000034,0.000004,0.026842,0.000350,0.000004,0.003201,0.042253
129,0.009606,0.000041,0.000007,0.019810,0.000352,0.000005,0.008898,0.038725
188,0.016164,0.000035,0.000003,0.088667,0.000310,0.000006,0.000261,0.105448
190,0.008247,0.000036,0.000003,0.064533,0.000338,0.000005,0.004985,0.078155
180,0.011683,0.000047,0.000003,0.182575,0.000729,0.000015,0.000671,0.195738
169,0.038388,0.000129,0.000009,0.148466,0.000432,0.000009,0.001148,0.188586
168,0.010962,0.000036,0.000004,0.025368,0.000320,0.000005,0.004270,0.040974
191,0.008681,0.000031,0.000003,0.019785,0.000714,0.000007,0.006514,0.035743
177,0.010484,0.000037,0.000004,0.071837,0.000297,0.000004,0.000537,0.083204
169,0.024328,0.000041,0.000004,0.029961,0.000360,0.000005,0.003815,0.058522
130,0.008946,0.000036,0.000007,0.084043,0.000348,0.000005,0.009046,0.102440
189,0.015530,0.000039,0.000007,0.084448,0.000328,0.000005,0.000269,0.100628
131,0.009163,0.000038,0.000006,0.016524,0.000345,0.000005,0.008161,0.034248
170,0.012353,0.000038,0.000004,0.030688,0.000318,0.000005,0.009040,0.052462
170,0.019111,0.000045,0.000005,0.099344,0.000480,0.000009,0.001263,0.120264
178,0.009172,0.000038,0.000005,0.084317,0.000305,0.000005,0.000661,0.094510
181,0.011512,0.000051,0.000006,0.142375,0.000443,0.000008,0.000607,0.155008
190,0.013207,0.000032,0.000004,0.066790,0.000303,0.000004,0.000237,0.080580
171,0.012622,0.000046,0.000005,0.029791,0.000472,0.000005,0.003642,0.046590
182,0.012050,0.000045,0.000004,0.036252,0.000433,0.000009,0.000643,0.049442
132,0.008276,0.000033,0.000006,0.071494,0.000310,0.000005,0.008985,0.089115
179,0.008868,0.000035,0.000003,0.070575,0.000294,0.000004,0.000567,0.080349
172,0.013074,0.000041,0.000005,0.025071,0.000328,0.000005,0.003560,0.042090
173,0.012329,0.000038,0.000004,0.012362,0.000343,0.000004,0.003541,0.028626
191,0.013444,0.000031,0.000003,0.064936,0.000253,0.000005,0.000231,0.078905
171,0.019895,0.000046,0.000005,0.095049,0.000410,0.000008,0.001144,0.116565
174,0.012184,0.000037,0.000003,0.007706,0.000311,0.000004,0.003477,0.023727
133,0.008610,0.000032,0.000006,0.077017,0.000402,0.000005,0.008447,0.094526
180,0.008746,0.000035,0.000004,0.081350,0.000386,0.000004,0.000545,0.091073
175,0.012312,0.000040,0.000004,0.025786,0.000327,0.000005,0.003448,0.041928
183,0.010394,0.000041,0.000004,0.110631,0.000293,0.000005,0.000374,0.121743
176,0.012483,0.000042,0.000004,0.029001,0.000382,0.000004,0.003645,0.045569
134,0.008670,0.000035,0.000007,0.064200,0.000321,0.000004,0.007165,0.080407
181,0.009124,0.000032,0.000004,0.066789,0.000378,0.000006,0.000797,0.077136
172,0.020790,0.000051,0.000004,0.114351,0.000392,0.000005,0.000736,0.136332
135,0.007328,0.000033,0.000005,0.008039,0.000300,0.000005,0.007453,0.023169
177,0.014538,0.000038,0.000005,0.028853,0.000444,0.000005,0.003334,0.047222
184,0.010817,0.000051,0.000005,0.098436,0.000291,0.000004,0.000353,0.109960
178,0.014538,0.000039,0.000004,0.027465,0.000354,0.000005,0.003295,0.045704
173,0.018242,0.000049,0.000004,0.061366,0.000290,0.000004,0.000745,0.080707
182,0.008171,0.000037,0.000003,0.085141,0.000322,0.000004,0.000545,0.094226
179,0.012230,0.000038,0.000003,0.029151,0.000319,0.000004,0.003339,0.045089
136,0.009201,0.000034,0.000005,0.095499,0.000438,0.000009,0.010201,0.115396
185,0.008755,0.000034,0.000003,0.079162,0.000329,0.000005,0.000382,0.088672
180,0.010250,0.000033,0.000004,0.023759,0.000319,0.000004,0.003122,0.037496
183,0.007428,0.000030,0.000004,0.056460,0.000270,0.000004,0.000433,0.064632
174,0.015244,0.000036,0.000004,0.062223,0.000260,0.000004,0.000684,0.078457
181,0.013064,0.000036,0.000004,0.029441,0.000344,0.000004,0.003350,0.046248
186,0.008422,0.000037,0.000003,0.070702,0.000280,0.000004,0.000365,0.079815
182,0.011873,0.000042,0.000004,0.007122,0.000292,0.000004,0.003237,0.022577
184,0.008104,0.000030,0.000003,0.066832,0.000306,0.000004,0.000479,0.075761
175,0.015138,0.000041,0.000004,0.067403,0.000269,0.000004,0.000655,0.083519
137,0.010840,0.000048,0.000008,0.114703,0.000415,0.000009,0.010857,0.136888
183,0.011214,0.000030,0.000003,0.038930,0.000334,0.000005,0.003285,0.053807
187,0.008281,0.000035,0.000002,0.065666,0.000291,0.000005,0.000378,0.074662
185,0.022609,0.000037,0.000005,0.047858,0.000289,0.000005,0.000505,0.071312
184,0.013919,0.000042,0.000004,0.008985,0.000294,0.000005,0.003306,0.026561
176,0.014038,0.000032,0.000003,0.064109,0.000275,0.000005,0.000642,0.079108
177,0.018128,0.000036,0.000003,0.017146,0.000345,0.000005,0.000718,0.036383
185,0.012998,0.000040,0.000004,0.031238,0.000352,0.000004,0.003337,0.047982
188,0.008072,0.000034,0.000003,0.071367,0.000295,0.000005,0.000373,0.080150
138,0.011277,0.000049,0.000007,0.091091,0.000501,0.000009,0.009810,0.112752
186,0.008221,0.000040,0.000003,0.068679,0.000310,0.000004,0.000504,0.077765
186,0.012882,0.000041,0.000004,0.028262,0.000343,0.000004,0.003127,0.044668
189,0.008196,0.000035,0.000003,0.025883,0.000284,0.000004,0.000370,0.034778
139,0.008042,0.000033,0.000005,0.014788,0.000330,0.000004,0.008483,0.031692
178,0.013175,0.000035,0.000003,0.064208,0.000316,0.000005,0.000697,0.078443
190,0.008320,0.000040,0.000003,0.019714,0.000321,0.000004,0.000366,0.028771
187,0.011296,0.000033,0.000004,0.023548,0.000403,0.000004,0.003334,0.038629
187,0.007082,0.000033,0.000003,0.064417,0.000330,0.000005,0.000485,0.072357
188,0.007484,0.000035,0.000004,0.014324,0.000299,0.000004,0.000459,0.022613
188,0.011775,0.000036,0.000003,0.025042,0.000304,0.000004,0.003362,0.040532
140,0.008268,0.000031,0.000005,0.068226,0.000297,0.000005,0.007225,0.084061
191,0.008213,0.000033,0.000003,0.063738,0.000257,0.000004,0.000325,0.072574
179,0.012461,0.000032,0.000003,0.064737,0.000250,0.000005,0.000605,0.078097
189,0.010950,0.000037,0.000004,0.031806,0.000310,0.000004,0.003309,0.046425
189,0.008714,0.000031,0.000003,0.068165,0.000339,0.000007,0.000505,0.077767
141,0.008510,0.000036,0.000006,0.060103,0.000279,0.000004,0.006808,0.075751
190,0.007970,0.000034,0.000004,0.006985,0.000250,0.000004,0.000472,0.015721
190,0.011853,0.000038,0.000004,0.024085,0.000290,0.000004,0.003308,0.039588
191,0.011698,0.000043,0.000004,0.030210,0.000341,0.000004,0.003462,0.045767
180,0.017225,0.000050,0.000005,0.083932,0.000500,0.000007,0.000746,0.102475
191,0.008050,0.000035,0.000004,0.060378,0.000265,0.000005,0.000544,0.069283
142,0.007510,0.000035,0.000005,0.066870,0.000268,0.000004,0.007096,0.081794
181,0.015193,0.000040,0.000004,0.054697,0.000269,0.000004,0.000676,0.070887
143,0.007932,0.000037,0.000005,0.066977,0.000261,0.000004,0.006982,0.082204
182,0.012275,0.000032,0.000004,0.052763,0.000281,0.000004,0.000611,0.065972
144,0.006762,0.000031,0.000006,0.012840,0.000291,0.000005,0.006421,0.026360
183,0.014050,0.000033,0.000004,0.013766,0.000307,0.000005,0.000674,0.028842
145,0.006805,0.000037,0.000006,0.056785,0.000267,0.000004,0.006234,0.070144
146,0.007816,0.000038,0.000005,0.008900,0.000289,0.000004,0.006867,0.023925
184,0.015176,0.000036,0.000004,0.055577,0.000270,0.000005,0.000666,0.071736
147,0.007798,0.000035,0.000005,0.058385,0.000286,0.000004,0.007223,0.073742
185,0.013826,0.000032,0.000004,0.058121,0.000271,0.000004,0.000618,0.072881
148,0.007493,0.000032,0.000005,0.062338,0.000282,0.000004,0.007069,0.077228
186,0.013997,0.000039,0.000003,0.061478,0.000258,0.000004,0.000656,0.076440
187,0.014247,0.000034,0.000003,0.007081,0.000256,0.000005,0.000669,0.022299
149,0.007441,0.000031,0.000005,0.061559,0.000267,0.000005,0.006157,0.075471
188,0.013971,0.000035,0.000004,0.054945,0.000272,0.000004,0.000668,0.069903
150,0.007445,0.000033,0.000005,0.015525,0.000311,0.000005,0.006345,0.029674
189,0.014494,0.000033,0.000003,0.011441,0.000304,0.000005,0.000660,0.026942
151,0.007375,0.000032,0.000005,0.056845,0.000242,0.000004,0.006273,0.070782
190,0.015743,0.000032,0.000003,0.056870,0.000238,0.000005,0.000602,0.073496
152,0.009600,0.000033,0.000005,0.006780,0.000241,0.000005,0.006166,0.022836
191,0.014114,0.000033,0.000004,0.054730,0.000322,0.000005,0.000627,0.069838
153,0.007368,0.000033,0.000005,0.118301,0.000272,0.000005,0.006673,0.132662
154,0.006455,0.000031,0.000005,0.061391,0.000297,0.000006,0.005635,0.073828
155,0.006331,0.000030,0.000005,0.005049,0.000277,0.000004,0.005722,0.017426
156,0.007093,0.000033,0.000006,0.054313,0.000264,0.000004,0.006434,0.068154
157,0.008437,0.000042,0.000006,0.061633,0.000306,0.000005,0.006699,0.077131
128,0.014861,0.000041,0.000004,0.060516,0.000273,0.000004,0.000354,0.076056
129,0.007480,0.000031,0.000003,0.020352,0.000278,0.000005,0.000292,0.028443
158,0.007111,0.000033,0.000006,0.071264,0.000427,0.000008,0.006615,0.085470
130,0.007302,0.000032,0.000003,0.013614,0.000293,0.000004,0.000335,0.021584
159,0.007452,0.000034,0.000005,0.011751,0.000276,0.000005,0.006460,0.025988
160,0.007303,0.000032,0.000005,0.010879,0.000285,0.000005,0.006479,0.024993
131,0.007498,0.000030,0.000003,0.055913,0.000272,0.000004,0.000327,0.064051
161,0.007492,0.000031,0.000005,0.011854,0.000287,0.000005,0.006825,0.026505
132,0.006584,0.000027,0.000002,0.006253,0.000238,0.000004,0.000281,0.013390
133,0.006381,0.000029,0.000003,0.051149,0.000235,0.000004,0.000294,0.058098
162,0.006531,0.000030,0.000004,0.060727,0.000315,0.000007,0.008156,0.075777
134,0.007329,0.000030,0.000003,0.058928,0.000296,0.000005,0.000320,0.066913
163,0.009644,0.000043,0.000006,0.049468,0.000269,0.000005,0.006097,0.065537
135,0.008030,0.000033,0.000003,0.012626,0.000257,0.000004,0.000307,0.021263
136,0.007228,0.000030,0.000003,0.054569,0.000241,0.000004,0.000321,0.062398
164,0.007125,0.000030,0.000006,0.055249,0.000402,0.000004,0.006079,0.068908
137,0.007911,0.000036,0.000003,0.006388,0.000269,0.000004,0.000322,0.014935
138,0.007282,0.000030,0.000003,0.011267,0.000253,0.000004,0.000307,0.019149
165,0.007454,0.000031,0.000006,0.049650,0.000268,0.000004,0.006146,0.063565
139,0.006987,0.000030,0.000002,0.057718,0.000310,0.000004,0.000318,0.065372
166,0.006204,0.000030,0.000005,0.049137,0.000239,0.000004,0.005593,0.061216
140,0.007304,0.000031,0.000003,0.051701,0.000280,0.000004,0.000337,0.059664
167,0.007423,0.000031,0.000005,0.056258,0.000359,0.000007,0.006311,0.070402
141,0.008058,0.000042,0.000004,0.044082,0.000258,0.000004,0.000318,0.052768
168,0.006983,0.000031,0.000005,0.053508,0.000260,0.000005,0.005921,0.066717
142,0.006259,0.000029,0.000003,0.046957,0.000249,0.000005,0.000308,0.053813
143,0.006979,0.000031,0.000003,0.010904,0.000276,0.000004,0.000311,0.018510
169,0.006918,0.000032,0.000004,0.045934,0.000254,0.000004,0.006038,0.059188
144,0.005936,0.000030,0.000003,0.045010,0.000235,0.000004,0.000267,0.051487
170,0.005995,0.000027,0.000004,0.009921,0.000227,0.000004,0.005176,0.021359
145,0.006954,0.000031,0.000003,0.010708,0.000259,0.000004,0.000303,0.018264
171,0.007879,0.000033,0.000005,0.049327,0.000282,0.000005,0.005783,0.063318
146,0.007208,0.000040,0.000004,0.065285,0.000353,0.000005,0.000304,0.073206
172,0.007617,0.000035,0.000005,0.005228,0.000265,0.000005,0.005900,0.019058
147,0.007530,0.000030,0.000004,0.045121,0.000305,0.000004,0.000330,0.053325
173,0.005852,0.000028,0.000005,0.057184,0.000305,0.000004,0.005001,0.068383
148,0.007057,0.000031,0.000003,0.043085,0.000243,0.000006,0.000312,0.050739
149,0.006947,0.000031,0.000003,0.010347,0.000229,0.000004,0.000278,0.017841
174,0.006750,0.000028,0.000004,0.043474,0.000237,0.000004,0.004970,0.055472
150,0.006708,0.000027,0.000002,0.040441,0.000228,0.000004,0.000279,0.047692
175,0.006511,0.000038,0.000006,0.048972,0.000280,0.000004,0.005702,0.061517
176,0.006895,0.000038,0.000005,0.009848,0.000286,0.000005,0.005937,0.023019
151,0.006875,0.000028,0.000003,0.047259,0.000235,0.000004,0.000308,0.054714
152,0.006787,0.000029,0.000003,0.012715,0.000246,0.000005,0.000306,0.020092
153,0.006823,0.000032,0.000003,0.005247,0.000243,0.000003,0.000292,0.012645
177,0.006767,0.000034,0.000004,0.041134,0.000263,0.000004,0.005680,0.053892
154,0.006989,0.000031,0.000003,0.050019,0.000263,0.000005,0.000329,0.057642
178,0.007031,0.000033,0.000004,0.049320,0.000231,0.000005,0.005613,0.062241
155,0.006845,0.000031,0.000003,0.010427,0.000249,0.000005,0.000297,0.017857
179,0.006789,0.000039,0.000005,0.008587,0.000244,0.000004,0.010574,0.026247
156,0.006551,0.000027,0.000003,0.048544,0.000301,0.000005,0.000311,0.055744
180,0.007322,0.000032,0.000005,0.042818,0.000265,0.000005,0.005683,0.056135
157,0.007531,0.000032,0.000004,0.046685,0.000265,0.000005,0.000295,0.054819
181,0.006731,0.000030,0.000005,0.052353,0.000261,0.000004,0.005665,0.065055
158,0.006566,0.000029,0.000003,0.040914,0.000235,0.000004,0.000293,0.048046
159,0.006718,0.000029,0.000003,0.015571,0.000265,0.000004,0.000291,0.022884
182,0.006479,0.000028,0.000005,0.043507,0.000251,0.000005,0.005600,0.055880
160,0.006828,0.000033,0.000003,0.040341,0.000269,0.000004,0.000272,0.047753
161,0.006267,0.000033,0.000003,0.006719,0.000235,0.000004,0.000265,0.013527
183,0.006704,0.000035,0.000005,0.048687,0.000251,0.000004,0.005281,0.060971
184,0.006588,0.000030,0.000005,0.010872,0.000237,0.000004,0.005648,0.023388
162,0.005712,0.000026,0.000003,0.040156,0.000244,0.000004,0.000264,0.046411
185,0.006580,0.000033,0.000005,0.042249,0.000248,0.000004,0.005453,0.054577
163,0.006909,0.000037,0.000003,0.043080,0.000263,0.000004,0.000279,0.050577
186,0.006453,0.000030,0.000004,0.006693,0.000235,0.000004,0.005338,0.018762
187,0.006206,0.000033,0.000005,0.008581,0.000245,0.000004,0.005257,0.020335
164,0.006773,0.000030,0.000003,0.039505,0.000241,0.000004,0.000274,0.046832
165,0.006692,0.000033,0.000002,0.036981,0.000213,0.000004,0.000253,0.044180
188,0.006540,0.000032,0.000004,0.048421,0.000352,0.000008,0.008279,0.063642
166,0.005431,0.000025,0.000002,0.060636,0.000255,0.000004,0.000343,0.066699
167,0.007534,0.000028,0.000002,0.006768,0.000250,0.000004,0.000296,0.014885
128,0.019823,0.000038,0.000005,0.047059,0.000307,0.000004,0.002948,0.070197
189,0.009254,0.000036,0.000006,0.078565,0.000382,0.000008,0.010348,0.098605
129,0.006697,0.000030,0.000003,0.050955,0.000272,0.000004,0.003007,0.060971
190,0.008005,0.000042,0.000006,0.048744,0.000247,0.000004,0.005468,0.062519
168,0.014453,0.000042,0.000004,0.080555,0.000272,0.000005,0.000301,0.095635
169,0.006740,0.000030,0.000003,0.006416,0.000248,0.000004,0.000308,0.013750
130,0.012833,0.000029,0.000003,0.046119,0.000241,0.000004,0.003140,0.062373
170,0.007207,0.000033,0.000003,0.008738,0.000257,0.000004,0.000296,0.016541
171,0.005825,0.000026,0.000003,0.003633,0.000218,0.000004,0.000267,0.009978
191,0.006867,0.000031,0.000005,0.051573,0.000259,0.000004,0.005533,0.064277
131,0.013094,0.000030,0.000003,0.005448,0.000241,0.000004,0.003137,0.021961
172,0.006529,0.000030,0.000002,0.042998,0.000252,0.000005,0.000317,0.050137
132,0.012234,0.000030,0.000003,0.050929,0.000272,0.000004,0.003220,0.066695
173,0.007452,0.000027,0.000003,0.040221,0.000261,0.000004,0.000275,0.048245
174,0.006732,0.000034,0.000002,0.014037,0.000268,0.000005,0.000298,0.021379
133,0.007124,0.000029,0.000003,0.046424,0.000227,0.000004,0.003090,0.056905
134,0.013113,0.000037,0.000003,0.015452,0.000250,0.000004,0.003037,0.031900
175,0.006661,0.000027,0.000002,0.040080,0.000234,0.000004,0.000278,0.047290
176,0.012528,0.000030,0.000003,0.042771,0.000260,0.000004,0.000269,0.055867
135,0.012622,0.000029,0.000003,0.051232,0.000253,0.000004,0.003075,0.067223
177,0.006384,0.000029,0.000003,0.048486,0.000245,0.000004,0.000267,0.055420
136,0.008241,0.000042,0.000004,0.076309,0.000368,0.000008,0.004786,0.089764
178,0.005408,0.000025,0.000003,0.038286,0.000225,0.000004,0.000270,0.044221
179,0.006455,0.000029,0.000003,0.043039,0.000224,0.000005,0.000267,0.050024
180,0.013119,0.000035,0.000003,0.005437,0.000231,0.000005,0.000280,0.019112
137,0.013736,0.000038,0.000004,0.075077,0.000291,0.000006,0.004069,0.093226
181,0.006347,0.000027,0.000003,0.047762,0.000253,0.000004,0.000280,0.054677
138,0.009135,0.000043,0.000003,0.066353,0.000345,0.000005,0.003190,0.079078
182,0.012233,0.000028,0.000003,0.038796,0.000227,0.000004,0.000274,0.051568
183,0.006548,0.000033,0.000003,0.015540,0.000246,0.000005,0.000281,0.022657
184,0.005578,0.000033,0.000003,0.004847,0.000248,0.000005,0.000280,0.010995
139,0.013076,0.000031,0.000003,0.044510,0.000243,0.000004,0.003003,0.060874
185,0.007096,0.000027,0.000003,0.046487,0.000270,0.000005,0.000284,0.054175
140,0.008510,0.000030,0.000003,0.047588,0.000237,0.000004,0.003166,0.059543
186,0.012344,0.000028,0.000003,0.048543,0.000228,0.000005,0.000281,0.061435
141,0.006865,0.000031,0.000003,0.052878,0.000292,0.000004,0.003321,0.063400
187,0.006693,0.000031,0.000003,0.049763,0.000254,0.000004,0.000281,0.057030
142,0.006987,0.000031,0.000003,0.050819,0.000264,0.000004,0.003859,0.061971
188,0.011772,0.000030,0.000003,0.047701,0.000232,0.000004,0.000267,0.060011
143,0.013346,0.000033,0.000003,0.047715,0.000259,0.000004,0.003505,0.064870
189,0.005379,0.000027,0.000004,0.041898,0.000247,0.000004,0.000251,0.047811
190,0.007270,0.000032,0.000004,0.011952,0.000262,0.000004,0.000297,0.019822
144,0.006999,0.000031,0.000003,0.034564,0.000248,0.000004,0.003423,0.045278
191,0.006377,0.000027,0.000002,0.015890,0.000264,0.000005,0.000281,0.022850
145,0.007486,0.000032,0.000003,0.048290,0.000238,0.000003,0.003091,0.059147
146,0.006627,0.000035,0.000003,0.039705,0.000241,0.000004,0.003141,0.049759
147,0.011600,0.000028,0.000003,0.043153,0.000221,0.000004,0.002998,0.058011
148,0.015044,0.000040,0.000003,0.044283,0.000260,0.000004,0.002991,0.062630
149,0.012350,0.000029,0.000003,0.015120,0.000279,0.000004,0.003201,0.030991
150,0.011901,0.000028,0.000003,0.036107,0.000241,0.000004,0.002997,0.051286
151,0.010369,0.000028,0.000003,0.049335,0.000258,0.000004,0.002811,0.062811
128,0.013875,0.000035,0.000004,0.075221,0.000348,0.000007,0.012803,0.102298
152,0.006800,0.000028,0.000002,0.051486,0.000238,0.000004,0.002939,0.061502
153,0.012093,0.000033,0.000003,0.048785,0.000253,0.000004,0.003359,0.064536
129,0.027261,0.000044,0.000005,0.048494,0.000276,0.000005,0.007294,0.083384
154,0.007775,0.000033,0.000003,0.005150,0.000256,0.000005,0.003260,0.016487
155,0.013138,0.000033,0.000003,0.008689,0.000281,0.000005,0.003259,0.025413
130,0.005743,0.000027,0.000003,0.057633,0.000280,0.000004,0.006584,0.070279
156,0.005965,0.000026,0.000003,0.048459,0.000229,0.000004,0.002838,0.057529
157,0.005834,0.000029,0.000003,0.004971,0.000230,0.000004,0.012263,0.023343
131,0.012440,0.000029,0.000003,0.045947,0.000234,0.000004,0.007027,0.065688
158,0.014342,0.000031,0.000005,0.045782,0.000280,0.000004,0.003200,0.063648
132,0.006472,0.000027,0.000003,0.052885,0.000247,0.000004,0.007417,0.067059
159,0.012999,0.000029,0.000003,0.042887,0.000281,0.000005,0.003048,0.059256
160,0.012421,0.000035,0.000003,0.009226,0.000263,0.000004,0.003040,0.024997
133,0.011567,0.000032,0.000003,0.052006,0.000280,0.000004,0.007376,0.071273
134,0.006866,0.000029,0.000003,0.011691,0.000280,0.000004,0.006926,0.025804
161,0.011931,0.000030,0.000002,0.047739,0.000243,0.000004,0.003072,0.063025
135,0.013768,0.000030,0.000004,0.007086,0.000226,0.000004,0.006719,0.027839
162,0.006494,0.000029,0.000003,0.046044,0.000242,0.000004,0.003123,0.055943
136,0.006549,0.000029,0.000003,0.046315,0.000271,0.000004,0.007166,0.060342
163,0.006657,0.000029,0.000003,0.041935,0.000252,0.000004,0.002918,0.051805
137,0.006316,0.000028,0.000003,0.054192,0.000402,0.000005,0.007061,0.068022
164,0.006913,0.000031,0.000003,0.046340,0.000278,0.000004,0.003141,0.056714
138,0.012987,0.000040,0.000004,0.009749,0.000271,0.000005,0.007020,0.030078
165,0.012060,0.000028,0.000003,0.044722,0.000250,0.000004,0.003007,0.060078
139,0.012091,0.000031,0.000003,0.051432,0.000286,0.000005,0.007122,0.070974
166,0.010263,0.000031,0.000003,0.042663,0.000361,0.000004,0.002876,0.056213
140,0.006717,0.000029,0.000003,0.050584,0.000244,0.000004,0.006922,0.064506
141,0.005838,0.000027,0.000003,0.006419,0.000218,0.000004,0.005935,0.018449
167,0.007076,0.000033,0.000004,0.039583,0.000230,0.000004,0.003016,0.049949
142,0.011583,0.000036,0.000003,0.041320,0.000238,0.000004,0.009581,0.062773
168,0.011645,0.000031,0.000003,0.043207,0.000232,0.000004,0.002896,0.058024
143,0.014471,0.000034,0.000003,0.015961,0.000265,0.000004,0.006850,0.037593
169,0.012168,0.000029,0.000003,0.041886,0.000237,0.000004,0.003065,0.057397
144,0.006702,0.000030,0.000004,0.044605,0.000234,0.000004,0.006734,0.058317
170,0.005877,0.000027,0.000003,0.048225,0.000242,0.000004,0.002556,0.056938
145,0.005721,0.000026,0.000003,0.014824,0.000230,0.000005,0.006003,0.026816
171,0.014545,0.000035,0.000004,0.015802,0.000269,0.000004,0.002903,0.033567
172,0.006272,0.000036,0.000003,0.004789,0.000242,0.000004,0.002906,0.014255
146,0.006496,0.000033,0.000003,0.044931,0.000251,0.000004,0.006957,0.058679
147,0.011839,0.000029,0.000003,0.016492,0.000240,0.000004,0.006719,0.035330
173,0.006509,0.000029,0.000003,0.046399,0.000265,0.000005,0.003006,0.056219
174,0.011915,0.000031,0.000003,0.004856,0.000288,0.000005,0.002843,0.019944
148,0.008020,0.000030,0.000003,0.051668,0.000276,0.000005,0.006757,0.066765
175,0.005449,0.000027,0.000003,0.046349,0.000216,0.000004,0.002551,0.054603
176,0.006158,0.000031,0.000003,0.007543,0.000252,0.000004,0.003137,0.017133
149,0.008155,0.000036,0.000003,0.044431,0.000245,0.000004,0.006991,0.059870
177,0.011538,0.000033,0.000003,0.015379,0.000262,0.000004,0.003129,0.030352
150,0.006726,0.000028,0.000003,0.039392,0.000251,0.000004,0.006808,0.053215
178,0.011570,0.000028,0.000003,0.050140,0.000253,0.000004,0.003305,0.065308
151,0.006893,0.000032,0.000003,0.053397,0.000245,0.000004,0.006373,0.066952
179,0.013646,0.000032,0.000003,0.044005,0.000240,0.000004,0.003104,0.061038
180,0.011893,0.000034,0.000003,0.006780,0.000252,0.000004,0.002979,0.021949
181,0.006461,0.000029,0.000003,0.007808,0.000245,0.000004,0.002909,0.017463
152,0.012595,0.000031,0.000003,0.043789,0.000240,0.000004,0.006476,0.063143
182,0.011857,0.000032,0.000003,0.042366,0.000254,0.000004,0.003095,0.057615
183,0.006690,0.000033,0.000002,0.005744,0.000216,0.000005,0.002794,0.015487
153,0.010362,0.000039,0.000003,0.047130,0.000235,0.000004,0.006666,0.064443
184,0.011669,0.000027,0.000003,0.049596,0.000262,0.000004,0.002919,0.064483
154,0.012254,0.000028,0.000003,0.047328,0.000240,0.000004,0.006429,0.066290
185,0.006396,0.000026,0.000003,0.036760,0.000256,0.000005,0.003154,0.046604
155,0.011453,0.000028,0.000003,0.042084,0.000242,0.000004,0.006638,0.060458
186,0.012674,0.000027,0.000002,0.040693,0.000242,0.000004,0.003049,0.056695
128,0.023666,0.000048,0.000006,0.037186,0.000404,0.000005,0.011163,0.072490
156,0.012144,0.000037,0.000003,0.054867,0.000266,0.000004,0.006777,0.074104
129,0.009885,0.000039,0.000004,0.032299,0.000432,0.000009,0.004451,0.047124
187,0.006435,0.000031,0.000003,0.045908,0.000231,0.000004,0.003185,0.055799
157,0.011208,0.000027,0.000004,0.045164,0.000247,0.000004,0.005950,0.062608
130,0.011642,0.000029,0.000003,0.035425,0.000277,0.000005,0.004956,0.052341
188,0.012093,0.000031,0.000003,0.044145,0.000229,0.000004,0.002981,0.059489
189,0.012294,0.000047,0.000003,0.004678,0.000242,0.000004,0.003117,0.020391
131,0.011185,0.000037,0.000003,0.028126,0.000289,0.000005,0.004936,0.044586
158,0.012435,0.000030,0.000003,0.043739,0.000253,0.000004,0.006440,0.062909
190,0.006684,0.000035,0.000003,0.043809,0.000233,0.000004,0.003093,0.053865
159,0.013385,0.000035,0.000003,0.008766,0.000241,0.000004,0.007459,0.029898
132,0.011144,0.000028,0.000003,0.028353,0.000293,0.000005,0.004300,0.044131
191,0.012288,0.000029,0.000003,0.004469,0.000227,0.000004,0.003000,0.020024
133,0.010879,0.000045,0.000003,0.031131,0.000375,0.000006,0.004364,0.046807
160,0.011482,0.000030,0.000003,0.043856,0.000229,0.000004,0.005924,0.061532
161,0.006428,0.000030,0.000003,0.004812,0.000247,0.000004,0.006481,0.018009
134,0.006032,0.000027,0.000003,0.030567,0.000260,0.000005,0.006017,0.042914
135,0.006046,0.000028,0.000003,0.022602,0.000255,0.000005,0.003789,0.032731
162,0.009943,0.000026,0.000003,0.036675,0.000221,0.000004,0.005246,0.052121
136,0.006081,0.000027,0.000003,0.023735,0.000255,0.000005,0.003896,0.034006
137,0.010430,0.000030,0.000003,0.011073,0.000301,0.000004,0.004546,0.026391
163,0.011347,0.000027,0.000003,0.039154,0.000235,0.000004,0.006573,0.057347
164,0.012754,0.000031,0.000003,0.008306,0.000243,0.000004,0.006577,0.027921
138,0.010005,0.000026,0.000003,0.024965,0.000252,0.000005,0.003575,0.038835
139,0.010961,0.000036,0.000003,0.028557,0.000254,0.000005,0.003911,0.043733
165,0.007438,0.000033,0.000003,0.044473,0.000251,0.000004,0.006485,0.058690
166,0.009832,0.000031,0.000003,0.008784,0.000249,0.000004,0.007302,0.026208
140,0.009732,0.000032,0.000003,0.027098,0.000253,0.000004,0.003576,0.040703
167,0.006216,0.000028,0.000003,0.015692,0.000274,0.000004,0.006460,0.028681
141,0.005924,0.000028,0.000003,0.029388,0.000263,0.000005,0.004315,0.039930
168,0.007327,0.000035,0.000003,0.043258,0.000253,0.000004,0.006553,0.057437
142,0.010804,0.000035,0.000003,0.029064,0.000282,0.000005,0.004268,0.044465
169,0.006590,0.000031,0.000003,0.009811,0.000225,0.000004,0.006595,0.023263
170,0.006224,0.000027,0.000003,0.002957,0.000241,0.000004,0.005958,0.015419
143,0.010415,0.000032,0.000003,0.057836,0.000370,0.000008,0.007194,0.075863
171,0.012221,0.000030,0.000003,0.051042,0.000407,0.000005,0.006249,0.069969
144,0.008988,0.000039,0.000004,0.028062,0.000256,0.000005,0.004323,0.041682
172,0.013874,0.000039,0.000004,0.012365,0.000254,0.000004,0.006857,0.033401
145,0.005905,0.000026,0.000003,0.020914,0.000261,0.000005,0.003751,0.030869
146,0.013193,0.000034,0.000003,0.026184,0.000257,0.000005,0.004095,0.043776
173,0.007344,0.000037,0.000003,0.041787,0.000211,0.000004,0.006287,0.055678
147,0.009832,0.000030,0.000003,0.019375,0.000253,0.000005,0.003402,0.032904
174,0.012452,0.000032,0.000003,0.019383,0.000252,0.000004,0.006659,0.038788
148,0.005103,0.000040,0.000003,0.023337,0.000270,0.000006,0.003512,0.032276
149,0.010803,0.000033,0.000003,0.023930,0.000272,0.000005,0.003942,0.038993
175,0.006563,0.000032,0.000004,0.052073,0.000241,0.000004,0.006585,0.065505
176,0.006445,0.000029,0.000003,0.008693,0.000239,0.000004,0.006524,0.021941
150,0.010657,0.000030,0.000003,0.020151,0.000266,0.000005,0.003962,0.035078
151,0.010514,0.000030,0.000003,0.022069,0.000269,0.000005,0.004031,0.036927
177,0.010056,0.000028,0.000003,0.039180,0.000248,0.000005,0.005687,0.055210
152,0.010717,0.000029,0.000003,0.020039,0.000260,0.000005,0.003647,0.034704
178,0.012774,0.000031,0.000003,0.009249,0.000247,0.000004,0.006487,0.028800
153,0.005786,0.000025,0.000003,0.002890,0.000231,0.000004,0.006328,0.015272
154,0.005585,0.000025,0.000003,0.018434,0.000260,0.000004,0.003743,0.028059
179,0.006210,0.000028,0.000004,0.049087,0.000261,0.000003,0.006633,0.062231
155,0.009823,0.000029,0.000003,0.009643,0.000247,0.000005,0.003781,0.023535
156,0.005709,0.000026,0.000003,0.021228,0.000268,0.000005,0.003762,0.031005
180,0.012360,0.000029,0.000003,0.052837,0.000229,0.000004,0.005408,0.070873
157,0.010692,0.000031,0.000003,0.024378,0.000262,0.000004,0.004005,0.039381
158,0.014379,0.000033,0.000004,0.023112,0.000280,0.000007,0.003279,0.041098
181,0.012284,0.000028,0.000003,0.046840,0.000239,0.000004,0.005918,0.065320
159,0.005866,0.000028,0.000003,0.020009,0.000282,0.000005,0.003719,0.029916
182,0.012209,0.000029,0.000003,0.009063,0.000234,0.000004,0.006987,0.028550
160,0.008436,0.000030,0.000003,0.023373,0.000268,0.000005,0.003902,0.036022
161,0.010397,0.000030,0.000003,0.023251,0.000265,0.000005,0.003890,0.037845
183,0.014642,0.000033,0.000003,0.040705,0.000266,0.000004,0.006666,0.062322
162,0.005974,0.000029,0.000003,0.004522,0.000305,0.000006,0.004406,0.015248
163,0.006260,0.000028,0.000003,0.023983,0.000282,0.000005,0.003768,0.034335
184,0.011211,0.000032,0.000003,0.047330,0.000260,0.000004,0.006090,0.064934
164,0.008164,0.000028,0.000003,0.007652,0.000231,0.000005,0.003653,0.019740
185,0.007187,0.000029,0.000003,0.008897,0.000247,0.000004,0.006626,0.022998
165,0.007700,0.000029,0.000002,0.007234,0.000239,0.000005,0.003625,0.018837
166,0.005652,0.000030,0.000003,0.021713,0.000247,0.000004,0.003744,0.031397
167,0.005663,0.000026,0.000003,0.009419,0.000262,0.000005,0.003689,0.019073
186,0.011430,0.000038,0.000003,0.041718,0.000275,0.000004,0.006454,0.059926
168,0.010139,0.000029,0.000003,0.011086,0.000270,0.000005,0.003850,0.025386
187,0.011072,0.000027,0.000003,0.006990,0.000220,0.000003,0.006273,0.024593
169,0.006106,0.000031,0.000003,0.007329,0.000271,0.000006,0.004092,0.017841
188,0.012604,0.000035,0.000003,0.010410,0.000243,0.000004,0.006248,0.029551
170,0.005837,0.000029,0.000003,0.027737,0.000256,0.000005,0.003778,0.037649
189,0.011160,0.000031,0.000003,0.040616,0.000271,0.000005,0.006657,0.058747
171,0.005944,0.000030,0.000003,0.031598,0.000392,0.000010,0.004112,0.042098
172,0.009007,0.000032,0.000004,0.021795,0.000269,0.000005,0.003754,0.034871
190,0.011262,0.000027,0.000003,0.045265,0.000233,0.000004,0.005484,0.062282
173,0.009127,0.000027,0.000003,0.018420,0.000269,0.000005,0.003390,0.031244
191,0.005070,0.000027,0.000003,0.005268,0.000214,0.000004,0.005481,0.016071
174,0.005722,0.000027,0.000002,0.007430,0.000229,0.000005,0.003827,0.017247
175,0.004915,0.000023,0.000003,0.018259,0.000236,0.000005,0.003347,0.026792
176,0.005741,0.000025,0.000003,0.021458,0.000277,0.000005,0.003653,0.031167
128,0.022118,0.000043,0.000004,0.047106,0.000306,0.000004,0.007373,0.076967
177,0.005784,0.000025,0.000003,0.024018,0.000280,0.000005,0.003888,0.034006
178,0.005824,0.000025,0.000002,0.024684,0.000262,0.000005,0.004046,0.034853
129,0.014595,0.000056,0.000004,0.043850,0.000355,0.000004,0.006376,0.065255
179,0.005936,0.000028,0.000003,0.020601,0.000246,0.000005,0.003827,0.030649
180,0.005925,0.000028,0.000003,0.025834,0.000358,0.000004,0.004042,0.036200
130,0.006587,0.000030,0.000003,0.046862,0.000258,0.000004,0.007198,0.060946
181,0.006454,0.000029,0.000003,0.024093,0.000264,0.000004,0.003774,0.034625
131,0.010492,0.000031,0.000003,0.042107,0.000224,0.000004,0.005366,0.058230
182,0.011670,0.000031,0.000003,0.026349,0.000285,0.000005,0.003860,0.042206
183,0.005867,0.000037,0.000003,0.008220,0.000253,0.000004,0.003808,0.018197
132,0.005951,0.000028,0.000002,0.047685,0.000263,0.000004,0.007302,0.061239
184,0.005727,0.000029,0.000003,0.028524,0.000262,0.000005,0.003904,0.038457
185,0.009702,0.000032,0.000004,0.022946,0.000260,0.000005,0.003389,0.036342
133,0.006486,0.000029,0.000003,0.037148,0.000259,0.000004,0.006489,0.050423
186,0.010825,0.000042,0.000003,0.023278,0.000273,0.000005,0.003915,0.038346
134,0.012040,0.000032,0.000003,0.036543,0.000295,0.000004,0.006628,0.055551
187,0.010330,0.000031,0.000003,0.020442,0.000260,0.000005,0.003771,0.034846
188,0.011204,0.000031,0.000003,0.025600,0.000271,0.000005,0.004104,0.041221
135,0.012551,0.000028,0.000002,0.044109,0.000241,0.000004,0.007133,0.064073
189,0.006248,0.000028,0.000003,0.021559,0.000271,0.000005,0.003778,0.031896
190,0.005814,0.000028,0.000003,0.003080,0.000236,0.000005,0.003712,0.012881
136,0.006700,0.000029,0.000003,0.045660,0.000249,0.000004,0.007763,0.060413
191,0.010779,0.000030,0.000003,0.026338,0.000256,0.000005,0.003931,0.041345
137,0.012377,0.000031,0.000003,0.037147,0.000263,0.000004,0.007322,0.057150
138,0.005545,0.000027,0.000003,0.044774,0.000277,0.000004,0.006735,0.057369
139,0.012559,0.000029,0.000003,0.050528,0.000273,0.000004,0.007451,0.070853
140,0.006930,0.000037,0.000003,0.045259,0.000261,0.000004,0.006459,0.058957
141,0.006458,0.000033,0.000003,0.042922,0.000256,0.000004,0.006867,0.056547
142,0.006392,0.000031,0.000003,0.044844,0.000238,0.000004,0.006546,0.058061
143,0.006322,0.000031,0.000003,0.049867,0.000276,0.000004,0.006842,0.063349
144,0.007732,0.000034,0.000003,0.054686,0.000267,0.000004,0.007822,0.070553
145,0.006960,0.000031,0.000002,0.046240,0.000249,0.000004,0.006760,0.060252
146,0.012207,0.000029,0.000003,0.043057,0.000242,0.000005,0.006813,0.062360
147,0.010502,0.000029,0.000003,0.047616,0.000239,0.000004,0.005304,0.063700
148,0.011438,0.000028,0.000002,0.045763,0.000251,0.000004,0.006763,0.064254
149,0.005505,0.000031,0.000003,0.040207,0.000231,0.000004,0.005770,0.051753
150,0.006234,0.000029,0.000003,0.009456,0.000256,0.000003,0.006887,0.022873
151,0.011465,0.000027,0.000003,0.004430,0.000223,0.000004,0.005849,0.022004
152,0.011674,0.000032,0.000003,0.009223,0.000233,0.000004,0.006244,0.027417
153,0.009761,0.000030,0.000002,0.002979,0.000225,0.000004,0.005539,0.018544
154,0.006052,0.000032,0.000002,0.043756,0.000235,0.000004,0.006948,0.057033
155,0.011648,0.000028,0.000003,0.034845,0.000237,0.000004,0.006214,0.052984
128,0.018453,0.000030,0.000004,0.009857,0.000262,0.000004,0.000847,0.029458
156,0.006160,0.000028,0.000003,0.047416,0.000253,0.000005,0.006411,0.060281
129,0.012260,0.000031,0.000003,0.048207,0.000400,0.000005,0.000810,0.061725
157,0.006645,0.000030,0.000004,0.045306,0.000259,0.000004,0.006325,0.058577
130,0.009493,0.000033,0.000004,0.044696,0.000254,0.000004,0.000842,0.055330
158,0.006450,0.000030,0.000003,0.013457,0.000243,0.000004,0.006106,0.026295
131,0.010322,0.000025,0.000003,0.006083,0.000232,0.000004,0.000825,0.017498
159,0.006344,0.000027,0.000002,0.005216,0.000265,0.000005,0.007432,0.019297
132,0.006934,0.000029,0.000003,0.046559,0.000273,0.000004,0.000789,0.054595
160,0.012388,0.000032,0.000003,0.050692,0.000264,0.000004,0.006840,0.070228
133,0.012301,0.000031,0.000003,0.044033,0.000245,0.000004,0.003544,0.060170
161,0.012239,0.000041,0.000004,0.045865,0.000240,0.000004,0.006347,0.064744
134,0.007423,0.000029,0.000004,0.051342,0.000299,0.000004,0.000844,0.059948
162,0.012126,0.000032,0.000002,0.044208,0.000240,0.000004,0.006415,0.063032
135,0.006494,0.000030,0.000003,0.047086,0.000259,0.000004,0.000860,0.054739
163,0.006358,0.000031,0.000002,0.039662,0.000250,0.000005,0.005644,0.051956
136,0.011078,0.000037,0.000003,0.052397,0.000264,0.000004,0.000904,0.064689
164,0.006577,0.000030,0.000003,0.044048,0.000243,0.000004,0.005734,0.056643
165,0.012567,0.000033,0.000002,0.007062,0.000268,0.000004,0.006004,0.025945
137,0.005609,0.000026,0.000003,0.055975,0.000268,0.000004,0.000994,0.062883
166,0.006407,0.000029,0.000003,0.052821,0.000279,0.000005,0.006239,0.065787
138,0.008710,0.000039,0.000004,0.068897,0.000433,0.000006,0.001186,0.079279
167,0.006286,0.000029,0.000005,0.043940,0.000263,0.000004,0.006083,0.056616
139,0.015220,0.000058,0.000004,0.014306,0.000414,0.000005,0.001202,0.031214
168,0.006497,0.000029,0.000003,0.044828,0.000251,0.000004,0.006256,0.057873
140,0.016348,0.000052,0.000004,0.060565,0.000385,0.000005,0.001150,0.078514
169,0.009410,0.000031,0.000003,0.044964,0.000236,0.000004,0.006173,0.060824
141,0.014585,0.000042,0.000005,0.053100,0.000250,0.000004,0.000844,0.068832
170,0.013294,0.000039,0.000003,0.066403,0.000392,0.000005,0.008130,0.088271
142,0.014394,0.000032,0.000003,0.046915,0.000255,0.000004,0.000877,0.062482
143,0.012490,0.000034,0.000003,0.043159,0.000252,0.000004,0.000844,0.056789
171,0.011907,0.000039,0.000005,0.058683,0.000365,0.000006,0.007192,0.078202
144,0.011516,0.000027,0.000003,0.041530,0.000236,0.000004,0.000861,0.054179
172,0.013558,0.000052,0.000003,0.060517,0.000234,0.000004,0.006142,0.080513
145,0.009888,0.000027,0.000003,0.057480,0.000274,0.000003,0.000802,0.068482
146,0.011481,0.000028,0.000003,0.015699,0.000233,0.000004,0.000859,0.028310
173,0.012746,0.000030,0.000002,0.042266,0.000237,0.000004,0.005980,0.061270
174,0.009740,0.000027,0.000003,0.041066,0.000306,0.000004,0.005073,0.056231
147,0.011542,0.000028,0.000003,0.047266,0.000233,0.000004,0.000798,0.059876
175,0.006126,0.000029,0.000004,0.048663,0.000246,0.000004,0.006087,0.061162
148,0.011470,0.000028,0.000003,0.046987,0.000251,0.000004,0.000876,0.059622
149,0.011914,0.000030,0.000004,0.015231,0.000244,0.000004,0.000875,0.028305
176,0.006169,0.000027,0.000003,0.047126,0.000247,0.000004,0.006364,0.059944
150,0.011039,0.000029,0.000003,0.043832,0.000257,0.000004,0.000843,0.056010
177,0.012830,0.000034,0.000003,0.048078,0.000247,0.000004,0.006574,0.067774
151,0.012897,0.000032,0.000003,0.052813,0.000394,0.000004,0.000992,0.067142
178,0.009490,0.000026,0.000002,0.043770,0.000255,0.000004,0.005558,0.059110
179,0.006344,0.000029,0.000003,0.010356,0.000237,0.000004,0.006272,0.023251
152,0.012081,0.000033,0.000004,0.047284,0.000237,0.000004,0.000875,0.060520
153,0.010704,0.000027,0.000003,0.006236,0.000242,0.000004,0.000843,0.018062
154,0.011787,0.000028,0.000003,0.005886,0.000247,0.000004,0.000818,0.018775
180,0.012861,0.000030,0.000003,0.042150,0.000240,0.000004,0.006447,0.061739
155,0.011305,0.000031,0.000004,0.009330,0.000241,0.000004,0.000968,0.021885
156,0.012221,0.000031,0.000004,0.042114,0.000250,0.000004,0.000836,0.055463
181,0.018135,0.000029,0.000003,0.044774,0.000345,0.000005,0.006327,0.069622
157,0.011906,0.000032,0.000003,0.045084,0.000300,0.000004,0.000921,0.058254
182,0.006113,0.000027,0.000003,0.041228,0.000254,0.000004,0.005499,0.053133
183,0.010164,0.000027,0.000002,0.003403,0.000239,0.000004,0.005395,0.019238
158,0.012358,0.000029,0.000003,0.039550,0.000246,0.000004,0.000908,0.053101
184,0.010279,0.000030,0.000002,0.043023,0.000272,0.000004,0.005492,0.059107
159,0.006658,0.000033,0.000003,0.050353,0.000279,0.000003,0.000920,0.058251
185,0.010717,0.000027,0.000002,0.047140,0.000249,0.000004,0.005150,0.063296
160,0.012386,0.000033,0.000003,0.044985,0.000271,0.000004,0.000884,0.058569
186,0.012603,0.000028,0.000002,0.043870,0.000245,0.000004,0.005808,0.062564
161,0.013219,0.000032,0.000004,0.050794,0.000262,0.000004,0.001121,0.065438
187,0.008805,0.000028,0.000003,0.046254,0.000244,0.000004,0.005769,0.061110
162,0.012830,0.000034,0.000003,0.046204,0.000258,0.000004,0.000949,0.060284
163,0.010171,0.000030,0.000003,0.006184,0.000213,0.000004,0.000797,0.017406
188,0.011492,0.000031,0.000003,0.044074,0.000240,0.000004,0.005663,0.061510
189,0.006055,0.000031,0.000003,0.007469,0.000248,0.000004,0.005891,0.019705
164,0.013026,0.000032,0.000004,0.039800,0.000253,0.000005,0.000926,0.054050
190,0.012717,0.000028,0.000002,0.012771,0.000250,0.000004,0.005629,0.031406
165,0.011424,0.000028,0.000004,0.043582,0.000244,0.000004,0.000834,0.056122
191,0.012194,0.000032,0.000003,0.036571,0.000219,0.000004,0.005994,0.055021
166,0.006475,0.000031,0.000003,0.040932,0.000247,0.000004,0.000828,0.048524
167,0.011422,0.000034,0.000003,0.041855,0.000235,0.000004,0.000781,0.054336
168,0.006344,0.000026,0.000003,0.038991,0.000240,0.000004,0.000850,0.046460
128,0.018229,0.000054,0.000005,0.019472,0.000457,0.000007,0.012504,0.050746
169,0.014171,0.000029,0.000003,0.049318,0.000229,0.000004,0.000816,0.064573
170,0.010336,0.000029,0.000003,0.041982,0.000237,0.000004,0.000685,0.053279
129,0.015437,0.000047,0.000004,0.069878,0.000507,0.000008,0.011084,0.096982
171,0.011956,0.000030,0.000003,0.037749,0.000225,0.000003,0.000773,0.050743
130,0.020554,0.000063,0.000007,0.047230,0.000263,0.000004,0.007619,0.075745
172,0.012157,0.000028,0.000003,0.073762,0.000298,0.000005,0.000869,0.087128
131,0.006865,0.000031,0.000003,0.048504,0.000262,0.000004,0.007159,0.062833
132,0.010104,0.000028,0.000003,0.003614,0.000239,0.000004,0.006690,0.020687
173,0.012038,0.000027,0.000003,0.046001,0.000255,0.000004,0.000823,0.059156
133,0.013836,0.000031,0.000003,0.039239,0.000252,0.000004,0.008179,0.061547
174,0.006908,0.000034,0.000003,0.043166,0.000250,0.000004,0.000821,0.051189
134,0.012305,0.000036,0.000003,0.005041,0.000253,0.000005,0.008515,0.026162
175,0.011961,0.000028,0.000003,0.047694,0.000258,0.000004,0.000865,0.060815
135,0.012311,0.000030,0.000003,0.047080,0.000298,0.000005,0.008503,0.068233
176,0.010333,0.000031,0.000003,0.041660,0.000243,0.000004,0.000842,0.053119
136,0.012395,0.000032,0.000003,0.043346,0.000255,0.000004,0.007996,0.064033
177,0.012706,0.000038,0.000003,0.038556,0.000242,0.000004,0.000752,0.052305
137,0.013216,0.000028,0.000003,0.007284,0.000240,0.000004,0.007695,0.028474
178,0.012547,0.000030,0.000003,0.051451,0.000254,0.000004,0.000789,0.065081
138,0.012457,0.000036,0.000003,0.051735,0.000253,0.000004,0.008531,0.073026
139,0.018098,0.000035,0.000003,0.011557,0.000239,0.000005,0.007443,0.037383
179,0.011887,0.000029,0.000003,0.049300,0.000245,0.000004,0.000717,0.062188
180,0.010536,0.000029,0.000003,0.047447,0.000227,0.000004,0.000702,0.058952
140,0.011858,0.000034,0.000003,0.051234,0.000243,0.000004,0.007914,0.071294
181,0.014726,0.000052,0.000007,0.051104,0.000331,0.000004,0.000826,0.067059
141,0.010153,0.000031,0.000003,0.047637,0.000219,0.000004,0.007481,0.065531
142,0.012890,0.000033,0.000003,0.006909,0.000248,0.000004,0.007567,0.027660
182,0.011826,0.000035,0.000004,0.046696,0.000255,0.000004,0.000757,0.059579
143,0.012043,0.000030,0.000003,0.046372,0.000241,0.000004,0.008384,0.067080
183,0.012468,0.000032,0.000004,0.045706,0.000230,0.000003,0.000728,0.059174
144,0.011157,0.000028,0.000003,0.040195,0.000238,0.000004,0.006592,0.058221
184,0.012371,0.000033,0.000003,0.041795,0.000240,0.000004,0.000709,0.055158
145,0.011570,0.000028,0.000003,0.019202,0.000252,0.000004,0.007739,0.038803
146,0.011841,0.000033,0.000003,0.009329,0.000250,0.000004,0.007363,0.028827
185,0.011988,0.000030,0.000003,0.048354,0.000318,0.000004,0.000782,0.061483
186,0.012437,0.000033,0.000003,0.009552,0.000234,0.000004,0.000657,0.022924
187,0.011800,0.000029,0.000003,0.006533,0.000265,0.000004,0.000757,0.019393
147,0.012977,0.000027,0.000003,0.040838,0.000265,0.000004,0.008272,0.062389
148,0.012086,0.000028,0.000003,0.004726,0.000220,0.000004,0.006282,0.023353
188,0.012001,0.000030,0.000003,0.039107,0.000241,0.000004,0.000757,0.052146
149,0.012508,0.000028,0.000003,0.035629,0.000232,0.000004,0.007451,0.055860
189,0.013807,0.000035,0.000003,0.052048,0.000263,0.000004,0.000746,0.066907
150,0.014565,0.000029,0.000003,0.036911,0.000248,0.000003,0.008043,0.059805
190,0.012705,0.000033,0.000003,0.044927,0.000236,0.000003,0.000774,0.058685
151,0.010518,0.000026,0.000003,0.043972,0.000270,0.000004,0.007117,0.061915
191,0.007286,0.000031,0.000003,0.056964,0.000252,0.000004,0.000980,0.065522
152,0.011775,0.000037,0.000003,0.040179,0.000244,0.000004,0.007355,0.059604
153,0.011509,0.000037,0.000003,0.014508,0.000236,0.000004,0.007023,0.033323
154,0.011200,0.000034,0.000003,0.052609,0.000268,0.000004,0.007262,0.071390
155,0.010977,0.000029,0.000003,0.012915,0.000253,0.000004,0.007002,0.031187
156,0.011345,0.000029,0.000003,0.038916,0.000263,0.000004,0.006910,0.057474
157,0.011761,0.000032,0.000003,0.043968,0.000265,0.000004,0.007908,0.063946
128,0.020503,0.000038,0.000003,0.050955,0.000287,0.000004,0.002776,0.074574
158,0.012036,0.000032,0.000003,0.042902,0.000237,0.000004,0.007685,0.062904
129,0.010776,0.000031,0.000004,0.038290,0.000252,0.000005,0.002540,0.051902
159,0.011526,0.000030,0.000003,0.050020,0.000250,0.000004,0.007503,0.069342
130,0.011931,0.000029,0.000003,0.045680,0.000244,0.000004,0.002863,0.060758
160,0.011670,0.000031,0.000003,0.008542,0.000268,0.000005,0.011368,0.031901
161,0.012582,0.000036,0.000005,0.047346,0.000332,0.000004,0.007649,0.067957
162,0.010999,0.000032,0.000003,0.004045,0.000226,0.000004,0.006984,0.022298
131,0.011820,0.000030,0.000003,0.121860,0.000670,0.000013,0.006814,0.141225
163,0.013254,0.000042,0.000003,0.049636,0.000246,0.000004,0.007310,0.070498
132,0.021493,0.000049,0.000006,0.063128,0.000323,0.000007,0.004115,0.089126
133,0.013514,0.000032,0.000002,0.005077,0.000241,0.000004,0.002700,0.021576
164,0.013172,0.000028,0.000003,0.050034,0.000257,0.000005,0.007573,0.071075
134,0.011996,0.000029,0.000003,0.004635,0.000226,0.000004,0.002834,0.019731
165,0.011726,0.000029,0.000002,0.011604,0.000334,0.000004,0.007237,0.030943
166,0.012126,0.000032,0.000003,0.006555,0.000245,0.000004,0.007534,0.026504
135,0.012053,0.000030,0.000003,0.040318,0.000248,0.000004,0.002735,0.055395
167,0.011561,0.000035,0.000003,0.010025,0.000274,0.000004,0.006820,0.028725
136,0.013410,0.000029,0.000003,0.042473,0.000254,0.000004,0.005531,0.061713
168,0.011675,0.000034,0.000003,0.044597,0.000256,0.000004,0.007363,0.063937
137,0.012679,0.000033,0.000003,0.042153,0.000348,0.000004,0.003026,0.058251
169,0.011623,0.000033,0.000003,0.049643,0.000248,0.000004,0.007142,0.068700
138,0.012833,0.000038,0.000003,0.049879,0.000279,0.000004,0.002734,0.065775
170,0.011564,0.000028,0.000003,0.052226,0.000286,0.000004,0.007476,0.071591
139,0.013736,0.000031,0.000003,0.047473,0.000263,0.000005,0.003045,0.064560
171,0.013006,0.000033,0.000004,0.048359,0.000245,0.000004,0.007554,0.069209
140,0.010644,0.000037,0.000004,0.046307,0.000227,0.000004,0.002562,0.059789
172,0.012165,0.000030,0.000003,0.042797,0.000246,0.000004,0.007632,0.062882
141,0.009420,0.000028,0.000003,0.053086,0.000263,0.000004,0.003336,0.066145
142,0.012896,0.000047,0.000004,0.010381,0.000244,0.000004,0.002599,0.026180
173,0.011625,0.000027,0.000004,0.039048,0.000202,0.000004,0.006584,0.057499
174,0.011627,0.000029,0.000003,0.009258,0.000263,0.000005,0.007159,0.028348
143,0.011693,0.000028,0.000002,0.048856,0.000237,0.000005,0.002762,0.063589
175,0.010115,0.000028,0.000003,0.039370,0.000234,0.000004,0.006577,0.056336
144,0.011949,0.000031,0.000003,0.041243,0.000249,0.000004,0.002829,0.056311
176,0.011538,0.000033,0.000002,0.044542,0.000240,0.000004,0.007686,0.064051
145,0.013336,0.000030,0.000003,0.044054,0.000255,0.000004,0.002762,0.060449
177,0.011821,0.000033,0.000003,0.046348,0.000234,0.000004,0.007394,0.065839
146,0.010398,0.000030,0.000003,0.044136,0.000244,0.000004,0.002558,0.057376
178,0.011744,0.000034,0.000003,0.045440,0.000246,0.000005,0.007227,0.064703
147,0.013537,0.000029,0.000002,0.041341,0.000238,0.000004,0.002649,0.057803
179,0.013423,0.000032,0.000003,0.005993,0.000220,0.000004,0.007071,0.026751
180,0.012207,0.000029,0.000003,0.010741,0.000245,0.000004,0.007285,0.030518
148,0.012983,0.000031,0.000004,0.054040,0.000259,0.000004,0.003048,0.070374
181,0.012849,0.000031,0.000003,0.045858,0.000251,0.000004,0.007229,0.066228
149,0.011301,0.000031,0.000003,0.039609,0.000255,0.000004,0.002523,0.053728
150,0.010998,0.000029,0.000003,0.043094,0.000254,0.000004,0.002348,0.056733
182,0.011612,0.000029,0.000003,0.040748,0.000249,0.000004,0.007014,0.059663
151,0.011453,0.000031,0.000003,0.040628,0.000255,0.000005,0.002600,0.054979
183,0.012588,0.000035,0.000003,0.043773,0.000246,0.000004,0.007317,0.063971
152,0.011916,0.000031,0.000003,0.050326,0.000262,0.000005,0.003409,0.065956
184,0.011662,0.000035,0.000003,0.047704,0.000231,0.000004,0.007225,0.066869
153,0.013785,0.000029,0.000003,0.048276,0.000250,0.000003,0.002801,0.065152
185,0.009928,0.000027,0.000003,0.043022,0.000235,0.000004,0.006367,0.059591
128,0.018119,0.000096,0.000010,0.034837,0.000456,0.000005,0.002406,0.055947
154,0.011415,0.000029,0.000003,0.045513,0.000220,0.000004,0.002528,0.059716
129,0.014447,0.000035,0.000003,0.032149,0.000250,0.000004,0.002221,0.049113
186,0.013148,0.000032,0.000003,0.055753,0.000423,0.000005,0.007621,0.077000
130,0.007480,0.000027,0.000003,0.008943,0.000255,0.000003,0.002101,0.018815
155,0.012626,0.000030,0.000003,0.042719,0.000247,0.000004,0.002631,0.058264
156,0.011795,0.000035,0.000004,0.005376,0.000244,0.000004,0.002746,0.020208
131,0.007439,0.000037,0.000003,0.040195,0.000298,0.000004,0.002225,0.050205
187,0.012208,0.000044,0.000003,0.046005,0.000252,0.000004,0.007557,0.066077
157,0.016755,0.000034,0.000003,0.003722,0.000232,0.000004,0.002353,0.023108
132,0.008007,0.000031,0.000003,0.032660,0.000274,0.000004,0.002094,0.043076
133,0.006765,0.000029,0.000002,0.004259,0.000244,0.000004,0.002129,0.013437
188,0.012184,0.000027,0.000003,0.051322,0.000255,0.000004,0.007521,0.071320
158,0.012320,0.000032,0.000003,0.047720,0.000233,0.000004,0.002859,0.063175
134,0.005662,0.000027,0.000002,0.039965,0.000278,0.000006,0.001978,0.047921
159,0.011914,0.000028,0.000003,0.010719,0.000272,0.000004,0.003177,0.026120
189,0.012089,0.000030,0.000003,0.048184,0.000254,0.000004,0.007670,0.068240
135,0.006118,0.000027,0.000003,0.033785,0.000223,0.000004,0.002205,0.042370
160,0.011930,0.000036,0.000003,0.042108,0.000251,0.000004,0.002927,0.057262
190,0.011877,0.000031,0.000003,0.011366,0.000233,0.000004,0.007363,0.030881
136,0.006297,0.000028,0.000003,0.040012,0.000256,0.000004,0.002469,0.049072
191,0.012148,0.000033,0.000003,0.015342,0.000268,0.000004,0.007791,0.035595
137,0.006320,0.000027,0.000003,0.008959,0.000295,0.000004,0.002019,0.017631
161,0.011354,0.000030,0.000004,0.046555,0.000217,0.000004,0.002566,0.060733
138,0.006274,0.000030,0.000003,0.009162,0.000239,0.000004,0.002260,0.017975
139,0.006176,0.000028,0.000003,0.031358,0.000229,0.000003,0.002083,0.039884
162,0.009997,0.000025,0.000003,0.040244,0.000235,0.000004,0.002552,0.053065
163,0.011813,0.000026,0.000002,0.009753,0.000239,0.000004,0.002748,0.024589
140,0.005572,0.000028,0.000003,0.029895,0.000234,0.000004,0.001828,0.037568
141,0.005696,0.000026,0.000003,0.030500,0.000234,0.000003,0.002004,0.038471
164,0.012058,0.000029,0.000003,0.068788,0.000312,0.000005,0.002917,0.084116
142,0.006248,0.000028,0.000003,0.032500,0.000248,0.000004,0.002010,0.041045
165,0.013812,0.000027,0.000002,0.006335,0.000234,0.000004,0.002441,0.022858
143,0.005940,0.000031,0.000003,0.032833,0.000266,0.000004,0.002183,0.041264
166,0.013758,0.000026,0.000003,0.046476,0.000284,0.000004,0.002709,0.063264
144,0.006713,0.000035,0.000003,0.033762,0.000399,0.000004,0.002901,0.043829
145,0.006956,0.000033,0.000004,0.008896,0.000246,0.000004,0.002102,0.018244
167,0.012661,0.000029,0.000003,0.046636,0.000283,0.000005,0.002722,0.062344
146,0.006348,0.000025,0.000003,0.036477,0.000269,0.000004,0.002864,0.045992
147,0.007324,0.000029,0.000003,0.006671,0.000291,0.000004,0.002076,0.016400
168,0.011491,0.000029,0.000003,0.038971,0.000245,0.000004,0.002964,0.053711
148,0.006184,0.000030,0.000003,0.038644,0.000308,0.000004,0.002082,0.047260
169,0.009770,0.000028,0.000003,0.003544,0.000217,0.000004,0.002521,0.016090
149,0.006790,0.000031,0.000003,0.004987,0.000252,0.000004,0.002033,0.014104
170,0.010518,0.000026,0.000002,0.038046,0.000243,0.000004,0.002555,0.051397
150,0.006237,0.000029,0.000003,0.032242,0.000262,0.000003,0.001991,0.040771
151,0.006188,0.000035,0.000003,0.013385,0.000258,0.000004,0.002638,0.022514
171,0.011896,0.000037,0.000003,0.041752,0.000232,0.000004,0.002619,0.056546
172,0.011861,0.000032,0.000002,0.004675,0.000235,0.000004,0.002806,0.019619
152,0.007090,0.000028,0.000003,0.041460,0.000236,0.000004,0.002080,0.050904
153,0.005907,0.000027,0.000003,0.004924,0.000282,0.000004,0.002363,0.013515
154,0.008088,0.000029,0.000003,0.004729,0.000284,0.000005,0.002369,0.015511
155,0.005926,0.000028,0.000003,0.002736,0.000249,0.000004,0.002097,0.011047
173,0.011928,0.000032,0.000003,0.040694,0.000231,0.000004,0.002899,0.055795
156,0.009794,0.000033,0.000003,0.038870,0.000240,0.000004,0.002273,0.051221
174,0.006643,0.000026,0.000003,0.040597,0.000240,0.000004,0.002660,0.050176
175,0.010760,0.000029,0.000003,0.003220,0.000239,0.000004,0.002538,0.016798
157,0.011714,0.000035,0.000004,0.034613,0.000259,0.000004,0.002306,0.048940
176,0.013760,0.000029,0.000003,0.045423,0.000229,0.000004,0.002400,0.061851
158,0.005534,0.000034,0.000003,0.033022,0.000235,0.000004,0.002110,0.040945
159,0.005962,0.000027,0.000003,0.036319,0.000250,0.000003,0.002112,0.044680
177,0.011666,0.000031,0.000003,0.039005,0.000224,0.000004,0.002187,0.053123
160,0.006226,0.000027,0.000003,0.004405,0.000223,0.000004,0.001962,0.012854
161,0.006094,0.000026,0.000003,0.005477,0.000217,0.000004,0.002097,0.013921
178,0.009544,0.000026,0.000003,0.043005,0.000253,0.000004,0.002278,0.055116
162,0.005841,0.000034,0.000003,0.036128,0.000246,0.000004,0.002210,0.044470
163,0.005770,0.000028,0.000003,0.007658,0.000270,0.000005,0.002117,0.015854
179,0.011696,0.000027,0.000002,0.044613,0.000274,0.000004,0.002524,0.059144
164,0.011691,0.000037,0.000004,0.040405,0.000291,0.000004,0.002203,0.054639
180,0.011354,0.000029,0.000003,0.041385,0.000244,0.000004,0.002477,0.055500
165,0.006175,0.000034,0.000003,0.009388,0.000291,0.000004,0.002397,0.018297
181,0.011371,0.000028,0.000003,0.004022,0.000232,0.000004,0.002437,0.018100
166,0.006238,0.000031,0.000003,0.031190,0.000270,0.000003,0.002068,0.039808
182,0.011702,0.000034,0.000003,0.009246,0.000233,0.000004,0.005342,0.026578
183,0.012485,0.000032,0.000004,0.007595,0.000327,0.000004,0.002490,0.022940
167,0.005129,0.000023,0.000003,0.029290,0.000249,0.000004,0.002030,0.036732
168,0.005439,0.000031,0.000003,0.035967,0.000306,0.000004,0.001939,0.043693
184,0.011989,0.000028,0.000003,0.041519,0.000242,0.000004,0.002370,0.056158
169,0.006158,0.000031,0.000003,0.039371,0.000250,0.000004,0.002900,0.048721
185,0.011315,0.000028,0.000003,0.042070,0.000224,0.000004,0.002411,0.056059
170,0.006785,0.000026,0.000003,0.003770,0.000243,0.000004,0.001971,0.012806
186,0.009492,0.000026,0.000003,0.008292,0.000208,0.000004,0.002222,0.020250
187,0.010032,0.000029,0.000003,0.007786,0.000205,0.000004,0.002164,0.020225
171,0.005732,0.000025,0.000003,0.047038,0.000438,0.000007,0.002190,0.055447
188,0.013011,0.000030,0.000003,0.008469,0.000245,0.000005,0.002643,0.024410
172,0.006607,0.000030,0.000004,0.009015,0.000291,0.000004,0.002100,0.018054
189,0.011894,0.000032,0.000003,0.006992,0.000263,0.000004,0.002577,0.021770
173,0.005421,0.000030,0.000003,0.029101,0.000263,0.000004,0.001880,0.036705
190,0.012398,0.000030,0.000002,0.040065,0.000230,0.000004,0.002400,0.055133
174,0.005936,0.000031,0.000003,0.036340,0.000242,0.000004,0.002063,0.044623
191,0.012257,0.000028,0.000003,0.043881,0.000296,0.000005,0.002612,0.059086
175,0.009789,0.000031,0.000003,0.034982,0.000268,0.000004,0.002010,0.047089
176,0.005855,0.000027,0.000003,0.030676,0.000265,0.000004,0.002093,0.038928
177,0.006003,0.000025,0.000003,0.029189,0.000279,0.000004,0.002048,0.037554
178,0.010656,0.000029,0.000002,0.034065,0.000262,0.000004,0.002364,0.047385
179,0.005621,0.000024,0.000002,0.033876,0.000256,0.000004,0.001960,0.041749
180,0.006144,0.000032,0.000003,0.023343,0.000248,0.000004,0.002198,0.031974
181,0.006065,0.000030,0.000003,0.027555,0.000233,0.000004,0.001985,0.035877
182,0.009305,0.000035,0.000004,0.029622,0.000271,0.000004,0.002061,0.041306
183,0.005237,0.000028,0.000003,0.029303,0.000230,0.000004,0.001831,0.036638
184,0.005702,0.000031,0.000003,0.032994,0.000243,0.000004,0.001990,0.040970
185,0.004771,0.000024,0.000003,0.002226,0.000204,0.000004,0.001773,0.009006
186,0.005640,0.000027,0.000003,0.036882,0.000257,0.000004,0.001981,0.044796
187,0.006013,0.000031,0.000002,0.032812,0.000233,0.000004,0.001922,0.041021
188,0.004927,0.000021,0.000003,0.028190,0.000240,0.000004,0.001808,0.035196
189,0.006136,0.000025,0.000003,0.003329,0.000211,0.000003,0.001919,0.011630
190,0.005431,0.000023,0.000002,0.030817,0.000287,0.000004,0.002089,0.038657
191,0.005794,0.000024,0.000002,0.030365,0.000272,0.000003,0.002207,0.038671
