sample_idx,h5_read,crop_timestamps,pad_timestamps,fill_missing,subset_sample,ndvi,normalize,total
0,0.118844,0.000080,0.000008,0.096993,0.000426,0.000006,0.001464,0.217833
1,0.007237,0.000043,0.000004,0.025670,0.000456,0.000012,0.002073,0.035499
2,0.007066,0.000040,0.000004,0.011692,0.000363,0.000009,0.001700,0.020879
3,0.006022,0.000050,0.000004,0.015635,0.000305,0.000006,0.001227,0.023253
4,0.005770,0.000033,0.000003,0.075605,0.000370,0.000008,0.001942,0.083739
5,0.008305,0.000045,0.000005,0.027570,0.000385,0.000009,0.002190,0.038516
0,0.408657,0.000038,0.000006,0.044914,0.000330,0.000005,0.009797,0.463753
1,0.004346,0.000034,0.000004,0.040029,0.000252,0.000004,0.007693,0.052369
6,0.008125,0.000062,0.000004,0.127730,0.000460,0.000008,0.002439,0.138835
2,0.006299,0.000030,0.000003,0.051083,0.000268,0.000004,0.010273,0.067967
3,0.005404,0.000030,0.000003,0.049337,0.000383,0.000009,0.011383,0.066557
4,0.010221,0.000038,0.000004,0.017239,0.000300,0.000004,0.013907,0.041723
7,0.009489,0.000045,0.000004,0.138607,0.000431,0.000010,0.002284,0.150876
0,0.721222,0.000043,0.000006,0.020527,0.000352,0.000005,0.001615,0.743775
5,0.006696,0.000036,0.000004,0.062791,0.000292,0.000004,0.011576,0.081405
1,0.004646,0.000033,0.000003,0.045838,0.000272,0.000005,0.001351,0.052153
6,0.006085,0.000035,0.000004,0.013448,0.000352,0.000005,0.012284,0.032220
2,0.004796,0.000033,0.000003,0.049742,0.000270,0.000006,0.001627,0.056482
8,0.009963,0.000046,0.000005,0.124212,0.000441,0.000009,0.002135,0.136817
7,0.006368,0.000034,0.000004,0.065985,0.000299,0.000005,0.012289,0.084991
3,0.006026,0.000035,0.000004,0.052843,0.000310,0.000007,0.002219,0.061450
8,0.006275,0.000034,0.000004,0.025185,0.000317,0.000005,0.013653,0.045480
4,0.007106,0.000040,0.000003,0.024432,0.000352,0.000009,0.002371,0.034319
9,0.005461,0.000033,0.000005,0.014872,0.000322,0.000005,0.013437,0.034142
9,0.008509,0.000059,0.000005,0.111082,0.000317,0.000004,0.001499,0.121480
5,0.006372,0.000030,0.000003,0.066791,0.000228,0.000005,0.001346,0.074778
0,1.017707,0.000043,0.000006,0.023112,0.000379,0.000006,0.000326,1.041583
10,0.006170,0.000033,0.000002,0.032353,0.000296,0.000005,0.001240,0.040103
10,0.006114,0.000032,0.000004,0.053677,0.000294,0.000004,0.010586,0.070717
1,0.004211,0.000029,0.000004,0.046348,0.000275,0.000005,0.000147,0.051021
6,0.005079,0.000033,0.000003,0.049352,0.000233,0.000005,0.001403,0.056112
11,0.005942,0.000033,0.000004,0.062136,0.000263,0.000004,0.001191,0.069577
2,0.007127,0.000033,0.000003,0.016305,0.000295,0.000006,0.000185,0.023957
11,0.006245,0.000069,0.000005,0.070576,0.000338,0.000004,0.012597,0.089841
7,0.005308,0.000033,0.000003,0.067105,0.000330,0.000006,0.002653,0.075443
3,0.005399,0.000033,0.000003,0.058594,0.000306,0.000005,0.000176,0.064518
12,0.005915,0.000031,0.000004,0.070991,0.000291,0.000004,0.001273,0.078513
8,0.007932,0.000052,0.000004,0.021055,0.000256,0.000005,0.001416,0.030725
4,0.006820,0.000031,0.000003,0.015312,0.000261,0.000005,0.000161,0.022596
9,0.007429,0.000036,0.000004,0.017952,0.000339,0.000006,0.001786,0.027556
12,0.008191,0.000042,0.000004,0.068122,0.000309,0.000005,0.013027,0.089708
13,0.006275,0.000035,0.000004,0.081549,0.000317,0.000005,0.001659,0.089852
5,0.006353,0.000043,0.000005,0.068140,0.000387,0.000010,0.000257,0.075197
14,0.008172,0.000032,0.000004,0.025036,0.000295,0.000004,0.001335,0.034882
0,1.311811,0.000048,0.000008,0.015507,0.000497,0.000010,0.003636,1.331536
10,0.006771,0.000047,0.000004,0.083484,0.000292,0.000005,0.001523,0.092130
13,0.007378,0.000045,0.000005,0.064225,0.000317,0.000004,0.011885,0.083866
6,0.005703,0.000029,0.000003,0.055743,0.000269,0.000005,0.000179,0.061933
11,0.007702,0.000036,0.000004,0.015233,0.000265,0.000005,0.001635,0.024885
15,0.007885,0.000034,0.000004,0.056494,0.000259,0.000004,0.001259,0.065944
7,0.005654,0.000032,0.000003,0.051004,0.000274,0.000005,0.000171,0.057146
12,0.005216,0.000031,0.000003,0.051600,0.000268,0.000005,0.001745,0.058874
14,0.007285,0.000034,0.000004,0.062801,0.000347,0.000006,0.012964,0.083449
1,0.006132,0.000043,0.000005,0.104664,0.000513,0.000009,0.003052,0.114430
8,0.006256,0.000034,0.000003,0.023396,0.000336,0.000005,0.000177,0.030210
15,0.007982,0.000040,0.000004,0.013534,0.000300,0.000004,0.013207,0.035077
2,0.006850,0.000040,0.000004,0.009121,0.000415,0.000009,0.003644,0.020089
16,0.008536,0.000038,0.000004,0.073262,0.000368,0.000004,0.001298,0.083514
3,0.008113,0.000048,0.000005,0.025611,0.000401,0.000009,0.003593,0.037787
13,0.006543,0.000033,0.000003,0.079694,0.000268,0.000005,0.001675,0.088225
9,0.006176,0.000037,0.000003,0.063254,0.000289,0.000005,0.000168,0.069934
16,0.006735,0.000039,0.000005,0.070013,0.000354,0.000004,0.016264,0.093425
14,0.006758,0.000033,0.000003,0.063268,0.000308,0.000005,0.001580,0.071960
4,0.008191,0.000034,0.000003,0.066366,0.000298,0.000004,0.002128,0.077031
17,0.008687,0.000038,0.000003,0.090908,0.000368,0.000004,0.001468,0.101484
10,0.009466,0.000033,0.000003,0.086998,0.000299,0.000006,0.000170,0.096978
18,0.011731,0.000072,0.000005,0.032004,0.000372,0.000004,0.001346,0.045542
11,0.007284,0.000032,0.000004,0.017586,0.000304,0.000006,0.000168,0.025386
15,0.004983,0.000031,0.000005,0.056801,0.000244,0.000006,0.001521,0.063595
17,0.008193,0.000043,0.000005,0.077226,0.000319,0.000005,0.014692,0.100488
5,0.005863,0.000039,0.000003,0.060514,0.000300,0.000004,0.002002,0.068728
0,1.611139,0.000041,0.000006,0.070861,0.000413,0.000005,0.001798,1.684280
6,0.005489,0.000031,0.000003,0.015342,0.000286,0.000004,0.002087,0.023247
1,0.005396,0.000032,0.000004,0.016478,0.000338,0.000004,0.001454,0.023712
12,0.005383,0.000031,0.000003,0.057632,0.000303,0.000006,0.000188,0.063548
19,0.008671,0.000033,0.000004,0.066859,0.000300,0.000004,0.001431,0.077308
16,0.007267,0.000038,0.000003,0.064569,0.000273,0.000005,0.001705,0.073866
13,0.006405,0.000036,0.000004,0.017804,0.000325,0.000006,0.000167,0.024748
17,0.006234,0.000034,0.000003,0.017204,0.000283,0.000005,0.001604,0.025370
18,0.006896,0.000033,0.000003,0.077640,0.000277,0.000004,0.014334,0.099211
2,0.005699,0.000039,0.000004,0.057001,0.000266,0.000006,0.001498,0.064517
7,0.012868,0.000071,0.000008,0.069909,0.000633,0.000017,0.003695,0.087208
20,0.009765,0.000035,0.000004,0.065710,0.000363,0.000008,0.001610,0.077499
3,0.006571,0.000033,0.000004,0.018403,0.000329,0.000005,0.001693,0.027043
14,0.004647,0.000027,0.000004,0.058350,0.000403,0.000009,0.000212,0.063654
19,0.010748,0.000037,0.000004,0.024656,0.000263,0.000004,0.022168,0.057886
4,0.006606,0.000037,0.000004,0.035742,0.000414,0.000008,0.002414,0.045233
18,0.005535,0.000034,0.000004,0.107630,0.000343,0.000007,0.014607,0.128166
5,0.008426,0.000041,0.000005,0.030808,0.000631,0.000014,0.002796,0.042728
8,0.007024,0.000044,0.000004,0.124477,0.000398,0.000006,0.004859,0.136819
15,0.009839,0.000047,0.000004,0.114445,0.000278,0.000006,0.000178,0.124799
21,0.013194,0.000057,0.000008,0.140316,0.000525,0.000009,0.002148,0.156269
20,0.017964,0.000059,0.000006,0.114255,0.000317,0.000005,0.021170,0.153786
6,0.008503,0.000053,0.000005,0.060732,0.000286,0.000004,0.001669,0.071257
16,0.007253,0.000031,0.000003,0.069508,0.000436,0.000010,0.000255,0.077499
0,1.952562,0.000042,0.000005,0.069903,0.000491,0.000009,0.012204,2.035224
9,0.010376,0.000060,0.000007,0.098410,0.000586,0.000012,0.004253,0.113711
19,0.016103,0.000044,0.000004,0.118779,0.000376,0.000010,0.003486,0.138808
7,0.010804,0.000037,0.000003,0.077753,0.000396,0.000010,0.002230,0.091240
22,0.009963,0.000058,0.000007,0.099191,0.000411,0.000007,0.001823,0.111468
17,0.008898,0.000047,0.000005,0.071877,0.000258,0.000005,0.000168,0.081261
21,0.011581,0.000036,0.000004,0.109757,0.000530,0.000009,0.018271,0.140194
1,0.007214,0.000047,0.000008,0.080813,0.000288,0.000005,0.008861,0.097243
10,0.007698,0.000044,0.000006,0.109932,0.000404,0.000007,0.002916,0.121018
23,0.013365,0.000041,0.000005,0.104253,0.000427,0.000008,0.002018,0.120125
20,0.009430,0.000054,0.000006,0.146828,0.000741,0.000019,0.005356,0.162446
18,0.005645,0.000029,0.000003,0.109678,0.000317,0.000005,0.000175,0.115855
8,0.010691,0.000053,0.000005,0.138262,0.000393,0.000009,0.002647,0.152066
21,0.010288,0.000046,0.000004,0.020610,0.000272,0.000005,0.001790,0.033020
24,0.009642,0.000039,0.000004,0.024755,0.000290,0.000004,0.001199,0.035939
2,0.007377,0.000035,0.000008,0.092090,0.000311,0.000005,0.007903,0.107734
19,0.006170,0.000035,0.000004,0.023900,0.000287,0.000005,0.000178,0.030582
11,0.030224,0.000070,0.000009,0.072025,0.000376,0.000020,0.002280,0.105013
22,0.005985,0.000034,0.000003,0.063307,0.000258,0.000005,0.001720,0.071317
3,0.006105,0.000035,0.000006,0.055979,0.000289,0.000004,0.007924,0.070348
25,0.013964,0.000043,0.000004,0.064953,0.000346,0.000004,0.001434,0.080754
20,0.006073,0.000034,0.000003,0.070995,0.000325,0.000006,0.000182,0.077620
0,2.232024,0.000064,0.000007,0.110153,0.000685,0.000013,0.000740,2.343694
26,0.008750,0.000038,0.000004,0.014546,0.000332,0.000004,0.001394,0.025073
4,0.005934,0.000032,0.000007,0.018791,0.000338,0.000004,0.009114,0.034228
12,0.007261,0.000040,0.000005,0.068013,0.000404,0.000009,0.003430,0.079171
9,0.009539,0.000046,0.000005,0.116050,0.000386,0.000006,0.002648,0.128688
23,0.005352,0.000034,0.000003,0.082393,0.000273,0.000005,0.001738,0.089803
22,0.007536,0.000045,0.000004,0.267778,0.000356,0.000007,0.015042,0.290774
21,0.007063,0.000030,0.000004,0.069778,0.000424,0.000012,0.000304,0.077619
27,0.007675,0.000034,0.000003,0.067129,0.000345,0.000004,0.001309,0.076504
5,0.006741,0.000035,0.000005,0.060270,0.000316,0.000005,0.008808,0.076189
13,0.008776,0.000051,0.000005,0.080877,0.000440,0.000009,0.002668,0.092833
10,0.008498,0.000045,0.000005,0.084028,0.000317,0.000005,0.001974,0.094878
1,0.010284,0.000050,0.000005,0.114299,0.000690,0.000018,0.000649,0.126002
28,0.022694,0.000040,0.000004,0.024424,0.000303,0.000004,0.001529,0.049003
22,0.009726,0.000043,0.000005,0.057255,0.000416,0.000007,0.000292,0.067746
23,0.005429,0.000034,0.000004,0.092374,0.000389,0.000008,0.017116,0.115361
23,0.012119,0.000046,0.000004,0.028528,0.000251,0.000005,0.000168,0.041122
24,0.008343,0.000034,0.000004,0.119182,0.000295,0.000006,0.001660,0.129529
11,0.008705,0.000055,0.000006,0.080090,0.000285,0.000004,0.001875,0.091025
14,0.009768,0.000046,0.000006,0.091109,0.000297,0.000004,0.002277,0.103515
6,0.012479,0.000049,0.000008,0.103036,0.000328,0.000005,0.009969,0.125879
29,0.012555,0.000038,0.000004,0.069675,0.000335,0.000004,0.001359,0.083975
2,0.008337,0.000043,0.000004,0.119671,0.000602,0.000014,0.000614,0.129292
12,0.006250,0.000036,0.000004,0.040215,0.000329,0.000006,0.002091,0.048937
7,0.007746,0.000036,0.000006,0.031665,0.000335,0.000005,0.009301,0.049101
0,2.539514,0.000047,0.000007,0.074342,0.000523,0.000008,0.000636,2.615084
25,0.007753,0.000035,0.000003,0.084496,0.000341,0.000005,0.002024,0.094663
24,0.005615,0.000034,0.000003,0.077401,0.000340,0.000005,0.025610,0.109021
8,0.007056,0.000042,0.000007,0.012365,0.000295,0.000004,0.011610,0.031389
24,0.005865,0.000035,0.000004,0.104980,0.000456,0.000012,0.000291,0.111645
30,0.008995,0.000038,0.000004,0.077528,0.000355,0.000004,0.001383,0.088314
15,0.007994,0.000049,0.000003,0.096728,0.000453,0.000010,0.003644,0.108886
13,0.007248,0.000034,0.000004,0.097157,0.000423,0.000005,0.001904,0.106780
31,0.008790,0.000044,0.000003,0.054716,0.000380,0.000004,0.001587,0.065530
26,0.007745,0.000041,0.000004,0.081996,0.000334,0.000005,0.002227,0.092357
1,0.008006,0.000060,0.000006,0.105676,0.000603,0.000012,0.000378,0.114746
25,0.011586,0.000042,0.000004,0.074081,0.000291,0.000006,0.000203,0.086216
9,0.007103,0.000039,0.000008,0.078964,0.000312,0.000004,0.009597,0.096034
3,0.007908,0.000067,0.000005,0.129036,0.000448,0.000009,0.000298,0.137775
25,0.012425,0.000050,0.000004,0.084662,0.000278,0.000004,0.017997,0.115432
27,0.009782,0.000039,0.000004,0.021098,0.000341,0.000006,0.002254,0.033533
32,0.012310,0.000060,0.000005,0.090297,0.000319,0.000004,0.001330,0.104330
16,0.009585,0.000039,0.000004,0.156722,0.000311,0.000006,0.002220,0.168893
10,0.007978,0.000048,0.000010,0.082844,0.000311,0.000004,0.008706,0.099906
14,0.007608,0.000039,0.000003,0.120643,0.000303,0.000004,0.001762,0.130367
2,0.007870,0.000038,0.000005,0.106868,0.000277,0.000004,0.000213,0.115276
26,0.007062,0.000035,0.000005,0.107984,0.000285,0.000005,0.000172,0.115552
33,0.007926,0.000032,0.000004,0.013326,0.000293,0.000004,0.001250,0.022839
17,0.005784,0.000037,0.000004,0.011090,0.000299,0.000004,0.002324,0.019549
28,0.027900,0.000049,0.000005,0.072294,0.000296,0.000006,0.001643,0.102198
4,0.008301,0.000042,0.000004,0.131665,0.000377,0.000008,0.000357,0.140761
3,0.007585,0.000037,0.000004,0.028245,0.000354,0.000006,0.000286,0.036519
34,0.008813,0.000038,0.000003,0.019224,0.000324,0.000004,0.001274,0.029686
0,2.826523,0.000055,0.000007,0.077278,0.000488,0.000009,0.003642,2.908012
26,0.030614,0.000040,0.000004,0.090308,0.000321,0.000004,0.022504,0.143808
4,0.006940,0.000041,0.000004,0.025812,0.000426,0.000010,0.000395,0.033633
15,0.006254,0.000044,0.000004,0.068760,0.000308,0.000004,0.002132,0.077512
11,0.005940,0.000034,0.000006,0.081020,0.000312,0.000004,0.009522,0.096844
27,0.008014,0.000071,0.000005,0.091047,0.000479,0.000012,0.000292,0.099925
5,0.007098,0.000035,0.000003,0.028223,0.000347,0.000007,0.000400,0.036118
18,0.006008,0.000033,0.000004,0.090984,0.000418,0.000008,0.003274,0.100734
35,0.008264,0.000034,0.000004,0.065167,0.000306,0.000004,0.001219,0.075002
27,0.013069,0.000045,0.000007,0.025730,0.000326,0.000004,0.018050,0.057242
29,0.007432,0.000033,0.000004,0.092562,0.000346,0.000008,0.002301,0.102694
1,0.005208,0.000036,0.000003,0.064299,0.000281,0.000004,0.003077,0.072915
28,0.008953,0.000047,0.000005,0.014477,0.000272,0.000005,0.000221,0.023983
5,0.007005,0.000035,0.000004,0.096441,0.000352,0.000010,0.000284,0.104135
16,0.008402,0.000035,0.000004,0.091396,0.000351,0.000004,0.002209,0.102408
36,0.006573,0.000031,0.000004,0.064184,0.000307,0.000004,0.007047,0.078161
12,0.009169,0.000047,0.000008,0.082372,0.000326,0.000004,0.011144,0.103082
19,0.008808,0.000056,0.000006,0.112524,0.000415,0.000005,0.003407,0.125228
28,0.014276,0.000055,0.000007,0.072524,0.000381,0.000004,0.034511,0.121768
2,0.007251,0.000033,0.000004,0.078387,0.000346,0.000005,0.029081,0.115116
6,0.009451,0.000049,0.000005,0.130138,0.000543,0.000013,0.000432,0.140637
30,0.013392,0.000048,0.000006,0.128394,0.000476,0.000011,0.003269,0.145606
6,0.009307,0.000041,0.000003,0.129121,0.000318,0.000007,0.000275,0.139077
3,0.008122,0.000035,0.000004,0.021903,0.000404,0.000007,0.004627,0.035109
29,0.009440,0.000041,0.000004,0.138954,0.000317,0.000006,0.000193,0.148958
0,3.137682,0.000104,0.000007,0.019822,0.000460,0.000007,0.001430,3.159529
37,0.012701,0.000043,0.000005,0.094892,0.000341,0.000004,0.001181,0.109172
17,0.008877,0.000049,0.000006,0.130152,0.000309,0.000004,0.001755,0.141157
13,0.008396,0.000041,0.000006,0.105479,0.000247,0.000004,0.015516,0.129699
20,0.010672,0.000062,0.000008,0.094020,0.000412,0.000007,0.002838,0.108023
18,0.009672,0.000044,0.000005,0.019194,0.000297,0.000004,0.001979,0.031201
7,0.009986,0.000052,0.000006,0.093686,0.000317,0.000004,0.000268,0.104321
4,0.006785,0.000038,0.000003,0.066647,0.000285,0.000004,0.003514,0.077284
31,0.009434,0.000065,0.000003,0.093830,0.000379,0.000007,0.002065,0.105790
29,0.016043,0.000044,0.000005,0.102833,0.000369,0.000005,0.017823,0.137134
30,0.007703,0.000040,0.000004,0.099453,0.000360,0.000006,0.000193,0.107761
14,0.010989,0.000065,0.000009,0.032344,0.000356,0.000005,0.012258,0.056035
38,0.022203,0.000037,0.000004,0.068070,0.000298,0.000005,0.001301,0.091923
1,0.006130,0.000045,0.000004,0.093904,0.000331,0.000005,0.001188,0.101612
32,0.008742,0.000043,0.000004,0.018894,0.000454,0.000012,0.003230,0.031389
7,0.005827,0.000033,0.000003,0.125431,0.000424,0.000012,0.000342,0.132078
8,0.008337,0.000039,0.000003,0.050901,0.008577,0.000009,0.000383,0.068255
39,0.010960,0.000037,0.000004,0.016145,0.000317,0.000004,0.001249,0.028720
15,0.008096,0.000048,0.000010,0.008608,0.000374,0.000005,0.022173,0.039324
30,0.011143,0.000052,0.000006,0.023742,0.000562,0.000010,0.032190,0.067715
5,0.006902,0.000037,0.000004,0.073245,0.000471,0.000006,0.005661,0.086332
19,0.010416,0.000068,0.000010,0.133724,0.000422,0.000009,0.002791,0.147449
21,0.006566,0.000035,0.000005,0.147616,0.000406,0.000008,0.003207,0.157851
2,0.006539,0.000037,0.000004,0.115442,0.000312,0.000004,0.001311,0.123654
40,0.008002,0.000031,0.000004,0.105419,0.000440,0.000008,0.002158,0.116068
33,0.018584,0.000050,0.000007,0.112563,0.000501,0.000010,0.006722,0.138450
31,0.011516,0.000049,0.000004,0.145792,0.000542,0.000016,0.000475,0.158402
9,0.011969,0.000053,0.000005,0.127402,0.000485,0.000011,0.000396,0.140326
3,0.011050,0.000058,0.000004,0.025529,0.000515,0.000011,0.002161,0.039336
31,0.009756,0.000040,0.000004,0.094216,0.000353,0.000007,0.030168,0.134565
16,0.008005,0.000041,0.000008,0.134655,0.000358,0.000007,0.010287,0.153370
8,0.009423,0.000044,0.000005,0.170617,0.000299,0.000005,0.000223,0.180619
6,0.008771,0.000037,0.000004,0.131316,0.000318,0.000004,0.003364,0.143819
34,0.017208,0.000049,0.000004,0.055841,0.000537,0.000012,0.002587,0.076245
32,0.009110,0.000049,0.000005,0.075414,0.000396,0.000010,0.000252,0.085240
9,0.033968,0.000047,0.000005,0.019354,0.000421,0.000010,0.000388,0.054200
41,0.017213,0.000080,0.000005,0.090707,0.000403,0.000004,0.001230,0.109653
7,0.007874,0.000038,0.000004,0.023303,0.000310,0.000004,0.003391,0.034929
32,0.010439,0.000047,0.000005,0.047732,0.000631,0.000012,0.019658,0.078536
10,0.008680,0.000047,0.000005,0.010175,0.000459,0.000011,0.000395,0.019778
4,0.008115,0.000041,0.000005,0.104540,0.000420,0.000007,0.001891,0.115027
0,3.458044,0.000061,0.000009,0.101184,0.000430,0.000006,0.001943,3.561689
10,0.008100,0.000037,0.000004,0.117270,0.000333,0.000007,0.000370,0.126126
20,0.034774,0.000055,0.000005,0.163075,0.000466,0.000008,0.002741,0.201132
22,0.007218,0.000043,0.000004,0.178672,0.000258,0.000004,0.001761,0.187962
1,0.006002,0.000073,0.000004,0.034417,0.000316,0.000004,0.001721,0.042543
42,0.009339,0.000036,0.000003,0.070544,0.000334,0.000004,0.001148,0.081416
8,0.006098,0.000036,0.000004,0.075047,0.000286,0.000004,0.003845,0.085325
2,0.005278,0.000037,0.000003,0.010742,0.000350,0.000008,0.002342,0.018767
35,0.006647,0.000044,0.000003,0.131634,0.000336,0.000007,0.002646,0.141326
33,0.010317,0.000048,0.000004,0.130827,0.000308,0.000005,0.000208,0.141721
43,0.013005,0.000045,0.000006,0.028557,0.000363,0.000007,0.001689,0.043681
3,0.007711,0.000050,0.000006,0.024198,0.000262,0.000004,0.026872,0.059113
36,0.010626,0.000049,0.000004,0.015624,0.000231,0.000005,0.022688,0.049235
11,0.009099,0.000044,0.000005,0.144145,0.000331,0.000005,0.000309,0.153941
33,0.010102,0.000037,0.000005,0.111458,0.000439,0.000009,0.042159,0.164220
17,0.038678,0.000059,0.000008,0.165211,0.000364,0.000006,0.036972,0.241307
11,0.007365,0.000029,0.000003,0.128387,0.000486,0.000010,0.000392,0.136677
5,0.008072,0.000040,0.000004,0.139287,0.000448,0.000007,0.002711,0.150579
34,0.007064,0.000033,0.000003,0.047640,0.000434,0.000010,0.000226,0.055413
23,0.014307,0.000049,0.000004,0.184530,0.000343,0.000008,0.002739,0.201985
21,0.007206,0.000028,0.000002,0.214872,0.000361,0.000007,0.002668,0.225150
6,0.012278,0.000045,0.000004,0.074330,0.000556,0.000011,0.002992,0.090224
9,0.008495,0.000076,0.000004,0.174394,0.000304,0.000005,0.003412,0.186694
44,0.033999,0.000045,0.000004,0.125982,0.000369,0.000005,0.001439,0.161850
4,0.010284,0.000038,0.000004,0.117148,0.000282,0.000004,0.001805,0.129570
12,0.010909,0.000039,0.000003,0.117207,0.000329,0.000009,0.000258,0.128758
35,0.009198,0.000040,0.000004,0.109879,0.000340,0.000006,0.000189,0.119659
7,0.008726,0.000044,0.000004,0.037379,0.000435,0.000008,0.001784,0.048388
12,0.009287,0.000057,0.000004,0.143447,0.000333,0.000007,0.000273,0.153410
37,0.011248,0.000057,0.000008,0.196764,0.000473,0.000011,0.003221,0.211790
18,0.008735,0.000047,0.000007,0.184533,0.000461,0.000010,0.014442,0.208243
10,0.013617,0.000035,0.000004,0.086267,0.000336,0.000004,0.005109,0.105379
5,0.006303,0.000035,0.000004,0.083706,0.000379,0.000004,0.002362,0.092800
13,0.039817,0.000056,0.000005,0.023159,0.000438,0.000007,0.000377,0.063864
34,0.014745,0.000043,0.000005,0.181494,0.000646,0.000014,0.033657,0.230621
0,3.807189,0.000058,0.000009,0.127944,0.000800,0.000014,0.000926,3.936954
45,0.011925,0.000038,0.000005,0.102078,0.000478,0.000006,0.001891,0.116429
13,0.009384,0.000034,0.000003,0.099282,0.000396,0.000010,0.000407,0.109526
38,0.010980,0.000050,0.000007,0.019394,0.000384,0.000011,0.003023,0.033857
24,0.006548,0.000039,0.000005,0.147271,0.000449,0.000008,0.003622,0.157949
11,0.009662,0.000045,0.000005,0.028809,0.000268,0.000004,0.033564,0.072367
19,0.008362,0.000050,0.000005,0.016199,0.000465,0.000008,0.057916,0.083015
1,0.009749,0.000043,0.000006,0.047589,0.000533,0.000013,0.000543,0.058485
14,0.008964,0.000054,0.000004,0.065255,0.000432,0.000010,0.000373,0.075098
36,0.008536,0.000052,0.000005,0.168600,0.000348,0.000006,0.000202,0.177752
8,0.010322,0.000047,0.000004,0.173727,0.000544,0.000009,0.001793,0.186453
46,0.050120,0.000061,0.000008,0.044296,0.000376,0.000005,0.001312,0.096186
22,0.007904,0.000045,0.000004,0.230455,0.000515,0.000013,0.004639,0.243591
20,0.011135,0.000072,0.000009,0.027484,0.000496,0.000013,0.014055,0.053278
47,0.009031,0.000032,0.000003,0.043019,0.000286,0.000004,0.001271,0.053652
6,0.009820,0.000050,0.000006,0.174380,0.000361,0.000004,0.002224,0.186850
12,0.013709,0.000056,0.000006,0.104594,0.000329,0.000005,0.003898,0.122602
35,0.014063,0.000103,0.000006,0.163837,0.000406,0.000004,0.015146,0.193574
9,0.053058,0.000060,0.000008,0.032114,0.000313,0.000005,0.001654,0.087219
2,0.007759,0.000041,0.000006,0.129412,0.000378,0.000006,0.000357,0.137961
39,0.008490,0.000035,0.000004,0.184443,0.000346,0.000006,0.001984,0.195314
7,0.011989,0.000042,0.000005,0.017925,0.000415,0.000009,0.002565,0.032959
37,0.011763,0.000043,0.000006,0.123185,0.000371,0.000007,0.000267,0.135646
14,0.009428,0.000027,0.000002,0.195653,0.000474,0.000011,0.000407,0.206008
25,0.041934,0.000051,0.000005,0.167616,0.000415,0.000009,0.003164,0.213202
48,0.009119,0.000035,0.000003,0.077558,0.000341,0.000005,0.001451,0.088517
15,0.007866,0.000052,0.000004,0.188226,0.000455,0.000009,0.000363,0.196981
23,0.042232,0.000070,0.000007,0.107338,0.000430,0.000008,0.002704,0.152798
13,0.009056,0.000034,0.000004,0.083894,0.000298,0.000004,0.003539,0.096835
0,4.057636,0.000043,0.000007,0.165425,0.000668,0.000010,0.000670,4.224474
21,0.043230,0.000060,0.000005,0.147181,0.000437,0.000007,0.012537,0.203465
36,0.009491,0.000042,0.000004,0.098479,0.000446,0.000011,0.019669,0.128151
3,0.006780,0.000040,0.000005,0.116179,0.000342,0.000007,0.000486,0.123845
16,0.010281,0.000053,0.000005,0.050010,0.000437,0.000009,0.000341,0.061141
49,0.008156,0.000036,0.000004,0.065412,0.000314,0.000005,0.017961,0.091895
10,0.011287,0.000066,0.000009,0.143455,0.000466,0.000009,0.002754,0.158054
8,0.008040,0.000056,0.000004,0.126488,0.001057,0.000025,0.006828,0.142505
38,0.010710,0.000056,0.000005,0.140190,0.000466,0.000007,0.000261,0.151699
40,0.012215,0.000061,0.000006,0.146940,0.000469,0.000011,0.002495,0.162204
37,0.009590,0.000031,0.000004,0.025964,0.000499,0.000008,0.020752,0.056856
14,0.009052,0.000033,0.000003,0.087061,0.000353,0.000005,0.003876,0.100391
15,0.031682,0.000072,0.000008,0.128036,0.000654,0.000025,0.000545,0.161032
17,0.028315,0.000114,0.000013,0.022880,0.000486,0.000011,0.000421,0.052244
11,0.015020,0.000035,0.000005,0.015883,0.000643,0.000008,0.002979,0.034580
9,0.008328,0.000049,0.000005,0.024468,0.000378,0.000007,0.002618,0.035860
26,0.009855,0.000033,0.000003,0.156423,0.000506,0.000011,0.003965,0.170809
1,0.008573,0.000055,0.000006,0.154631,0.000528,0.000008,0.000396,0.164201
24,0.010266,0.000078,0.000008,0.188091,0.000348,0.000004,0.002641,0.201443
50,0.013458,0.000033,0.000003,0.133732,0.000336,0.000005,0.001705,0.149277
4,0.018984,0.000048,0.000006,0.150766,0.000334,0.000006,0.000326,0.170473
22,0.008337,0.000044,0.000004,0.168394,0.000339,0.000004,0.010161,0.187289
15,0.008643,0.000035,0.000004,0.120877,0.000379,0.000005,0.002963,0.132917
38,0.010493,0.000037,0.000004,0.109061,0.000345,0.000006,0.015088,0.135043
16,0.010969,0.000046,0.000004,0.125977,0.000441,0.000010,0.000284,0.137735
18,0.011926,0.000076,0.000005,0.131860,0.000248,0.000004,0.000208,0.144330
0,4.426033,0.000115,0.000017,0.028731,0.000751,0.000013,0.018931,4.474608
12,0.010722,0.000049,0.000006,0.122041,0.000363,0.000008,0.018596,0.151793
27,0.011879,0.000039,0.000004,0.138081,0.000742,0.000016,0.004693,0.155460
10,0.007936,0.000044,0.000004,0.142890,0.000564,0.000011,0.011125,0.162582
2,0.008315,0.000054,0.000005,0.102065,0.000462,0.000008,0.000353,0.111267
41,0.030537,0.000040,0.000004,0.176907,0.000434,0.000011,0.002672,0.210612
13,0.009392,0.000045,0.000005,0.030000,0.000412,0.000008,0.001685,0.041554
51,0.009355,0.000033,0.000003,0.085468,0.000286,0.000003,0.001240,0.096394
39,0.033044,0.000057,0.000008,0.196779,0.000424,0.000010,0.000272,0.230598
16,0.008404,0.000043,0.000005,0.079100,0.000275,0.000003,0.003452,0.091289
25,0.009838,0.000043,0.000005,0.133771,0.000491,0.000012,0.003180,0.147350
28,0.022197,0.000063,0.000009,0.038545,0.000515,0.000007,0.002692,0.064038
5,0.006714,0.000040,0.000006,0.137538,0.000463,0.000009,0.000571,0.145345
26,0.007307,0.000030,0.000004,0.026896,0.000313,0.000004,0.003036,0.037602
17,0.008046,0.000036,0.000003,0.042103,0.000344,0.000004,0.003552,0.054094
23,0.006729,0.000035,0.000006,0.148904,0.000511,0.000010,0.015166,0.171371
11,0.008337,0.000045,0.000005,0.110288,0.000425,0.000007,0.002601,0.121714
29,0.012430,0.000049,0.000006,0.027830,0.000541,0.000011,0.003908,0.044783
17,0.034547,0.000054,0.000006,0.131916,0.000438,0.000010,0.000376,0.167352
18,0.009067,0.000038,0.000004,0.017154,0.000324,0.000005,0.003275,0.029872
52,0.010334,0.000037,0.000005,0.087162,0.000323,0.000004,0.001296,0.099166
3,0.008633,0.000047,0.000005,0.127244,0.000449,0.000008,0.000348,0.136740
6,0.009213,0.000043,0.000005,0.053391,0.000395,0.000007,0.000562,0.063624
14,0.007669,0.000039,0.000004,0.108362,0.000648,0.000017,0.002915,0.119661
1,0.011464,0.000049,0.000004,0.142233,0.000499,0.000009,0.015098,0.169368
39,0.026780,0.000062,0.000007,0.153436,0.000577,0.000012,0.046433,0.227318
19,0.013193,0.000049,0.000005,0.191317,0.000608,0.000014,0.000644,0.205838
53,0.010052,0.000050,0.000006,0.041736,0.000385,0.000006,0.001592,0.053834
30,0.012587,0.000059,0.000007,0.051672,0.000378,0.000006,0.002709,0.067426
42,0.010893,0.000060,0.000005,0.161104,0.000344,0.000006,0.002368,0.174787
18,0.011740,0.000043,0.000004,0.070481,0.000547,0.000009,0.000352,0.083186
40,0.012300,0.000043,0.000004,0.010074,0.000430,0.000008,0.018073,0.040943
40,0.011790,0.000047,0.000004,0.174214,0.000399,0.000011,0.000234,0.186702
19,0.007834,0.000041,0.000003,0.086031,0.000359,0.000004,0.003662,0.097939
12,0.011712,0.000042,0.000004,0.147986,0.000580,0.000012,0.004105,0.164450
41,0.011684,0.000056,0.000006,0.008711,0.000334,0.000005,0.042369,0.063173
27,0.009251,0.000065,0.000009,0.184180,0.000405,0.000007,0.002661,0.196587
4,0.008348,0.000046,0.000007,0.147990,0.000461,0.000010,0.000395,0.157261
54,0.010356,0.000050,0.000005,0.103752,0.000295,0.000004,0.001381,0.115848
24,0.012124,0.000049,0.000008,0.178115,0.000778,0.000016,0.015235,0.206334
2,0.030992,0.000044,0.000004,0.116209,0.000536,0.000013,0.019878,0.167689
15,0.032034,0.000048,0.000005,0.136776,0.000685,0.000016,0.003760,0.173335
43,0.008944,0.000051,0.000004,0.119638,0.000340,0.000005,0.002226,0.131216
28,0.007299,0.000039,0.000005,0.015474,0.000361,0.000006,0.002503,0.025696
20,0.008374,0.000031,0.000004,0.093188,0.000285,0.000004,0.003210,0.105102
20,0.008374,0.000052,0.000005,0.148985,0.000425,0.000006,0.000285,0.158133
44,0.006937,0.000042,0.000004,0.015774,0.000316,0.000006,0.002153,0.025239
7,0.038778,0.000082,0.000009,0.168690,0.000420,0.000011,0.000514,0.208509
25,0.013741,0.000043,0.000005,0.008215,0.000383,0.000008,0.018432,0.040836
19,0.010817,0.000045,0.000006,0.150962,0.000418,0.000008,0.000305,0.162566
13,0.008678,0.000041,0.000004,0.081345,0.000346,0.000006,0.001868,0.092292
55,0.007348,0.000044,0.000004,0.065029,0.000363,0.000005,0.001249,0.074047
41,0.008114,0.000043,0.000003,0.144840,0.000401,0.000008,0.000240,0.153652
20,0.010499,0.000039,0.000015,0.025890,0.000442,0.000009,0.000328,0.037228
42,0.009302,0.000039,0.000004,0.124909,0.000395,0.000006,0.017153,0.151817
31,0.219425,0.000071,0.000008,0.025947,0.000333,0.000004,0.002599,0.248395
21,0.008283,0.000033,0.000003,0.089713,0.000392,0.000005,0.003178,0.101619
0,4.819378,0.000063,0.000010,0.142060,0.000558,0.000013,0.002527,4.964628
5,0.008517,0.000051,0.000005,0.142619,0.000616,0.000009,0.000402,0.152223
21,0.008132,0.000062,0.000004,0.096529,0.000322,0.000004,0.000250,0.105306
45,0.018951,0.000051,0.000006,0.080131,0.000319,0.000006,0.002021,0.101492
14,0.007176,0.000032,0.000003,0.066571,0.000267,0.000004,0.001654,0.075712
16,0.007742,0.000036,0.000004,0.124410,0.000411,0.000007,0.001718,0.134333
56,0.010095,0.000045,0.000004,0.065436,0.000320,0.000005,0.001283,0.077193
32,0.008567,0.000050,0.000005,0.007456,0.000361,0.000005,0.002459,0.018912
29,0.006913,0.000049,0.000004,0.139150,0.000485,0.000010,0.009584,0.156206
42,0.010008,0.000042,0.000004,0.090687,0.000322,0.000007,0.000185,0.101257
17,0.016892,0.000041,0.000004,0.017092,0.000367,0.000008,0.001645,0.036055
43,0.011530,0.000046,0.000004,0.015708,0.000329,0.000006,0.000214,0.027839
18,0.007345,0.000040,0.000003,0.011744,0.000347,0.000007,0.001748,0.021240
3,0.012702,0.000073,0.000008,0.171096,0.000480,0.000009,0.013710,0.198089
22,0.008450,0.000034,0.000003,0.066610,0.000310,0.000004,0.003573,0.078988
8,0.027419,0.000047,0.000006,0.150037,0.000492,0.000009,0.000538,0.178554
21,0.010795,0.000071,0.000009,0.112365,0.000629,0.000022,0.000715,0.124613
57,0.013962,0.000038,0.000004,0.061898,0.000310,0.000004,0.001348,0.077571
15,0.006961,0.000032,0.000003,0.072228,0.000301,0.000004,0.001786,0.081320
26,0.023527,0.000052,0.000008,0.150194,0.000410,0.000007,0.013735,0.187944
6,0.018525,0.000058,0.000006,0.081999,0.000312,0.000006,0.000245,0.101152
23,0.008947,0.000049,0.000004,0.014160,0.000298,0.000004,0.003375,0.026842
43,0.011427,0.000050,0.000004,0.087947,0.000391,0.000007,0.015919,0.115755
46,0.012721,0.000052,0.000005,0.087338,0.000317,0.000006,0.002164,0.102611
9,0.008522,0.000055,0.000008,0.019506,0.000387,0.000009,0.000393,0.028882
24,0.008104,0.000035,0.000003,0.004255,0.000269,0.000004,0.003375,0.016050
22,0.008440,0.000031,0.000005,0.117447,0.000399,0.000007,0.000329,0.126659
33,0.015437,0.000047,0.000005,0.103205,0.000383,0.000005,0.002953,0.122040
44,0.015203,0.000041,0.000005,0.020170,0.000352,0.000005,0.017297,0.053080
7,0.006559,0.000037,0.000004,0.063366,0.000272,0.000004,0.000228,0.070473
58,0.009194,0.000034,0.000004,0.071150,0.000275,0.000004,0.001275,0.081942
16,0.008248,0.000037,0.000003,0.074988,0.000286,0.000004,0.001648,0.085219
19,0.007356,0.000042,0.000004,0.109720,0.000372,0.000008,0.001801,0.119309
8,0.004892,0.000032,0.000004,0.010630,0.000269,0.000004,0.000220,0.016054
25,0.008178,0.000037,0.000003,0.060302,0.000329,0.000004,0.003742,0.072601
1,0.012794,0.000048,0.000004,0.188456,0.000464,0.000009,0.001811,0.203592
30,0.014326,0.000076,0.000012,0.147194,0.000412,0.000005,0.002827,0.164862
9,0.005761,0.000044,0.000003,0.009146,0.000309,0.000005,0.000266,0.015537
22,0.010097,0.000044,0.000006,0.113900,0.000458,0.000010,0.000287,0.124804
44,0.009615,0.000042,0.000004,0.144109,0.000542,0.000013,0.000385,0.154715
47,0.012025,0.000049,0.000005,0.105735,0.000581,0.000011,0.002263,0.120675
23,0.009299,0.000043,0.000003,0.098417,0.000338,0.000004,0.000277,0.108384
34,0.009499,0.000042,0.000005,0.104955,0.000440,0.000004,0.002670,0.117628
31,0.013176,0.000060,0.000006,0.033399,0.000650,0.000014,0.004329,0.051643
10,0.008123,0.000053,0.000005,0.127733,0.000925,0.000020,0.001284,0.138155
59,0.013170,0.000034,0.000003,0.065865,0.000342,0.000005,0.001399,0.080826
17,0.008042,0.000034,0.000003,0.069861,0.000287,0.000004,0.001774,0.080010
26,0.007236,0.000030,0.000004,0.069737,0.000317,0.000004,0.003090,0.080421
45,0.013496,0.000052,0.000004,0.036889,0.000413,0.000009,0.000252,0.051120
10,0.005927,0.000042,0.000006,0.065438,0.000355,0.000004,0.000235,0.072010
45,0.009601,0.000046,0.000005,0.102281,0.000336,0.000004,0.016020,0.128300
4,0.022396,0.000077,0.000007,0.181868,0.000547,0.000011,0.015520,0.220436
27,0.020112,0.000050,0.000007,0.164196,0.000513,0.000007,0.012764,0.197664
20,0.009793,0.000041,0.000004,0.120469,0.000417,0.000009,0.001899,0.132638
46,0.009606,0.000037,0.000004,0.020997,0.000404,0.000007,0.016915,0.047977
60,0.008693,0.000035,0.000003,0.072596,0.000385,0.000005,0.001417,0.083140
18,0.008437,0.000033,0.000003,0.076895,0.000294,0.000005,0.001795,0.087469
24,0.007764,0.000044,0.000004,0.101825,0.000349,0.000006,0.000259,0.110253
48,0.009103,0.000039,0.000005,0.108584,0.000359,0.000006,0.002218,0.120319
23,0.018174,0.000063,0.000007,0.116632,0.000411,0.000008,0.000313,0.135612
35,0.008561,0.000037,0.000004,0.096436,0.000331,0.000003,0.002499,0.107878
27,0.009965,0.000034,0.000004,0.078757,0.000292,0.000004,0.003565,0.092626
11,0.007612,0.000039,0.000005,0.073080,0.000308,0.000004,0.000254,0.081303
2,0.008513,0.000033,0.000003,0.173476,0.000497,0.000010,0.003012,0.185551
47,0.009604,0.000041,0.000004,0.021146,0.000317,0.000004,0.016471,0.047596
49,0.009912,0.000044,0.000005,0.031824,0.000354,0.000007,0.002057,0.044208
24,0.012858,0.000032,0.000003,0.033522,0.000632,0.000013,0.000556,0.047623
11,0.009322,0.000036,0.000006,0.145077,0.000483,0.000012,0.000432,0.155373
48,0.008184,0.000034,0.000005,0.007013,0.000283,0.000004,0.018959,0.034493
19,0.007258,0.000036,0.000004,0.067942,0.000430,0.000008,0.001925,0.077609
61,0.010225,0.000032,0.000004,0.077159,0.000357,0.000005,0.001365,0.089151
3,0.011619,0.000054,0.000006,0.031770,0.000486,0.000014,0.003032,0.046990
32,0.008282,0.000051,0.000004,0.177983,0.000478,0.000010,0.002739,0.189555
21,0.010639,0.000042,0.000003,0.115057,0.000496,0.000009,0.001753,0.128007
12,0.006573,0.000036,0.000004,0.074522,0.000311,0.000004,0.000256,0.081709
5,0.007702,0.000043,0.000005,0.144502,0.000430,0.000012,0.016381,0.169086
28,0.014082,0.000041,0.000004,0.072616,0.000327,0.000004,0.003884,0.090963
20,0.008783,0.000038,0.000004,0.021350,0.000280,0.000005,0.001698,0.032160
46,0.011459,0.000047,0.000005,0.175815,0.000472,0.000012,0.000283,0.188097
36,0.009956,0.000043,0.000004,0.099258,0.000390,0.000004,0.002972,0.112632
25,0.008932,0.000041,0.000004,0.116441,0.000348,0.000006,0.000272,0.126047
4,0.010087,0.000054,0.000006,0.033495,0.000536,0.000011,0.002763,0.046964
6,0.006383,0.000038,0.000004,0.007445,0.000325,0.000004,0.010170,0.024375
28,0.017578,0.000070,0.000020,0.160675,0.000861,0.000019,0.018073,0.197310
62,0.009957,0.000032,0.000003,0.059249,0.000293,0.000004,0.001197,0.070740
37,0.010951,0.000045,0.000005,0.029556,0.000427,0.000007,0.003535,0.044533
25,0.013774,0.000041,0.000004,0.104330,0.000616,0.000016,0.000595,0.119385
50,0.016100,0.000050,0.000005,0.110532,0.000378,0.000008,0.002134,0.129214
13,0.006447,0.000033,0.000004,0.068621,0.000301,0.000004,0.000239,0.075652
29,0.009628,0.000043,0.000004,0.067719,0.000303,0.000004,0.003637,0.081342
49,0.010618,0.000043,0.000006,0.093211,0.000344,0.000005,0.024315,0.128558
22,0.013871,0.000048,0.000005,0.089394,0.000297,0.000004,0.001222,0.104847
21,0.009813,0.000038,0.000004,0.083966,0.000293,0.000005,0.001858,0.095980
12,0.011356,0.000054,0.000006,0.172067,0.000496,0.000012,0.000475,0.184473
63,0.010653,0.000046,0.000005,0.073439,0.000382,0.000004,0.001432,0.085965
14,0.006430,0.000046,0.000005,0.056975,0.000327,0.000006,0.000246,0.064037
7,0.007317,0.000040,0.000004,0.094478,0.000391,0.000004,0.011171,0.113412
50,0.010022,0.000043,0.000005,0.024240,0.000441,0.000007,0.020390,0.055155
51,0.008329,0.000039,0.000005,0.078209,0.000312,0.000006,0.001947,0.088855
33,0.012839,0.000046,0.000004,0.169785,0.000692,0.000013,0.003919,0.187314
30,0.008639,0.000046,0.000004,0.072965,0.000351,0.000004,0.003674,0.085689
26,0.008902,0.000049,0.000005,0.152794,0.000357,0.000006,0.000285,0.162401
23,0.014187,0.000045,0.000005,0.065455,0.000352,0.000005,0.001257,0.081316
38,0.010214,0.000042,0.000004,0.106341,0.000398,0.000005,0.002630,0.119642
22,0.008990,0.000041,0.000004,0.072985,0.000314,0.000004,0.001772,0.084115
52,0.009827,0.000047,0.000005,0.015711,0.000336,0.000005,0.002262,0.028202
47,0.013800,0.000048,0.000005,0.169746,0.000457,0.000011,0.000263,0.184334
26,0.013024,0.000040,0.000004,0.119765,0.000461,0.000010,0.000459,0.133773
31,0.008429,0.000036,0.000004,0.014183,0.000308,0.000003,0.003189,0.026159
51,0.010232,0.000055,0.000006,0.025424,0.000366,0.000005,0.015952,0.052050
5,0.009898,0.000053,0.000005,0.180706,0.000460,0.000009,0.002197,0.193338
29,0.016283,0.000055,0.000010,0.155517,0.000516,0.000008,0.011646,0.184054
15,0.010827,0.000038,0.000006,0.064485,0.000296,0.000004,0.000266,0.075925
34,0.013285,0.000046,0.000004,0.030860,0.000402,0.000008,0.002299,0.046913
16,0.005784,0.000037,0.000005,0.014086,0.000302,0.000004,0.000220,0.020440
52,0.009805,0.000038,0.000005,0.010190,0.000312,0.000005,0.020690,0.041054
30,0.012360,0.000038,0.000009,0.021180,0.000422,0.000007,0.011785,0.045808
8,0.005169,0.000046,0.000004,0.104275,0.000395,0.000005,0.012751,0.122653
23,0.009996,0.000034,0.000003,0.070562,0.000304,0.000004,0.001793,0.082701
24,0.010497,0.000036,0.000003,0.078412,0.000324,0.000006,0.001429,0.090713
53,0.006852,0.000043,0.000005,0.087231,0.000351,0.000006,0.002378,0.096874
32,0.009156,0.000035,0.000004,0.074513,0.000329,0.000005,0.003490,0.087536
39,0.009527,0.000041,0.000005,0.094343,0.000365,0.000005,0.002595,0.106890
27,0.008661,0.000038,0.000005,0.099247,0.000328,0.000004,0.000259,0.108543
35,0.012570,0.000049,0.000005,0.052572,0.000426,0.000006,0.002633,0.068269
27,0.013501,0.000034,0.000005,0.096187,0.000352,0.000006,0.000252,0.110340
13,0.014295,0.000047,0.000005,0.160982,0.000466,0.000011,0.000491,0.176302
31,0.017845,0.000051,0.000006,0.017055,0.000357,0.000004,0.012628,0.047953
17,0.005925,0.000041,0.000006,0.068309,0.000306,0.000004,0.000239,0.074832
40,0.008167,0.000041,0.000004,0.012765,0.000415,0.000008,0.002960,0.024368
24,0.011416,0.000037,0.000003,0.037988,0.000370,0.000005,0.001940,0.051776
28,0.007548,0.000047,0.000004,0.032177,0.000333,0.000005,0.000312,0.040428
48,0.012199,0.000049,0.000005,0.143196,0.000436,0.000010,0.000293,0.156192
25,0.008497,0.000030,0.000003,0.068607,0.000326,0.000004,0.001207,0.078678
53,0.013103,0.000052,0.000007,0.092679,0.000639,0.000011,0.022220,0.128734
33,0.010926,0.000038,0.000004,0.074479,0.000312,0.000004,0.003726,0.089494
29,0.012152,0.000049,0.000006,0.030403,0.000334,0.000007,0.000275,0.043230
54,0.007559,0.000038,0.000005,0.086773,0.000318,0.000005,0.002060,0.096764
9,0.008045,0.000045,0.000005,0.097586,0.000344,0.000005,0.010742,0.116781
28,0.008466,0.000033,0.000003,0.069811,0.000329,0.000006,0.000217,0.078868
18,0.008070,0.000034,0.000004,0.085567,0.000340,0.000005,0.000310,0.094332
25,0.013943,0.000041,0.000004,0.070085,0.000281,0.000004,0.001759,0.086122
41,0.009994,0.000046,0.000004,0.082810,0.000512,0.000008,0.003793,0.097175
6,0.010716,0.000056,0.000006,0.202486,0.000593,0.000010,0.002966,0.216842
55,0.008614,0.000043,0.000004,0.031987,0.000366,0.000008,0.002220,0.043247
30,0.006907,0.000040,0.000005,0.042686,0.000277,0.000005,0.000218,0.050140
26,0.008881,0.000031,0.000004,0.068505,0.000348,0.000005,0.001137,0.078915
49,0.010562,0.000041,0.000004,0.091294,0.000359,0.000007,0.000234,0.102503
10,0.008097,0.000052,0.000004,0.028201,0.000379,0.000005,0.025253,0.062000
32,0.017511,0.000038,0.000006,0.111197,0.000547,0.000007,0.012597,0.141911
29,0.008523,0.000032,0.000004,0.061819,0.000317,0.000005,0.000232,0.070936
31,0.010300,0.000040,0.000004,0.016323,0.000353,0.000007,0.000291,0.027320
14,0.008422,0.000045,0.000006,0.161154,0.000441,0.000010,0.000469,0.170553
34,0.009422,0.000037,0.000004,0.091742,0.000417,0.000006,0.004292,0.105928
19,0.007593,0.000036,0.000005,0.067575,0.000310,0.000004,0.000246,0.075771
36,0.010684,0.000046,0.000005,0.185648,0.000468,0.000007,0.002530,0.199400
50,0.009762,0.000039,0.000004,0.031861,0.000314,0.000007,0.000206,0.042196
30,0.009898,0.000036,0.000003,0.034007,0.000347,0.000005,0.000247,0.044544
15,0.009142,0.000044,0.000005,0.014932,0.000436,0.000009,0.000414,0.024987
26,0.010038,0.000039,0.000004,0.087086,0.000343,0.000004,0.001842,0.099364
27,0.012196,0.000046,0.000005,0.077565,0.000291,0.000004,0.001175,0.091286
16,0.007441,0.000052,0.000006,0.018139,0.000430,0.000009,0.000434,0.026516
56,0.010081,0.000042,0.000004,0.088583,0.000362,0.000007,0.012517,0.111603
54,0.010927,0.000055,0.000005,0.137912,0.000497,0.000006,0.029818,0.179229
33,0.010635,0.000048,0.000006,0.087776,0.000369,0.000006,0.010310,0.109157
35,0.009127,0.000037,0.000004,0.076395,0.000351,0.000005,0.003718,0.089646
20,0.006853,0.000035,0.000004,0.079062,0.000314,0.000004,0.000270,0.086544
32,0.007518,0.000042,0.000005,0.101095,0.000371,0.000006,0.000310,0.109349
11,0.006920,0.000041,0.000005,0.108288,0.000366,0.000004,0.011521,0.127156
17,0.010614,0.000045,0.000006,0.033910,0.000476,0.000013,0.000528,0.045600
51,0.010474,0.000043,0.000005,0.085203,0.000351,0.000007,0.000196,0.096282
42,0.011500,0.000049,0.000006,0.165365,0.000403,0.000005,0.003674,0.181011
31,0.010648,0.000050,0.000004,0.078140,0.000384,0.000005,0.000242,0.089475
27,0.010317,0.000036,0.000005,0.091028,0.000420,0.000004,0.001796,0.103609
7,0.021037,0.000050,0.000004,0.176957,0.000486,0.000011,0.003152,0.201707
28,0.011315,0.000042,0.000004,0.082655,0.000344,0.000005,0.001100,0.095468
57,0.010172,0.000040,0.000004,0.104976,0.000382,0.000006,0.001867,0.117454
55,0.008851,0.000037,0.000004,0.079809,0.000329,0.000006,0.014826,0.103870
28,0.014412,0.000045,0.000005,0.025945,0.000310,0.000004,0.001908,0.042634
21,0.008496,0.000039,0.000004,0.082018,0.000295,0.000004,0.000251,0.091110
37,0.011036,0.000072,0.000007,0.167014,0.000435,0.000007,0.002458,0.181037
36,0.008568,0.000040,0.000004,0.086407,0.000311,0.000004,0.004186,0.099525
8,0.009753,0.000054,0.000005,0.043433,0.000537,0.000012,0.003027,0.056831
32,0.009292,0.000038,0.000004,0.078154,0.000451,0.000011,0.000331,0.088285
33,0.009693,0.000044,0.000005,0.099306,0.000366,0.000006,0.000278,0.109700
52,0.011331,0.000041,0.000006,0.080376,0.000322,0.000006,0.006862,0.098959
34,0.010925,0.000048,0.000006,0.122988,0.000418,0.000005,0.011818,0.146216
12,0.008663,0.000040,0.000004,0.111968,0.000367,0.000005,0.011763,0.132818
33,0.008942,0.000035,0.000003,0.015906,0.000309,0.000004,0.000263,0.025466
29,0.010090,0.000038,0.000005,0.072515,0.000327,0.000006,0.001336,0.084322
9,0.010809,0.000057,0.000005,0.022809,0.000504,0.000011,0.002924,0.037127
18,0.009287,0.000055,0.000008,0.135316,0.000300,0.000006,0.000280,0.145254
29,0.007891,0.000035,0.000004,0.059508,0.000240,0.000004,0.001560,0.069247
34,0.008734,0.000029,0.000003,0.008951,0.000314,0.000006,0.000244,0.018284
30,0.008956,0.000045,0.000004,0.014454,0.000302,0.000004,0.001278,0.025046
58,0.007519,0.000042,0.000005,0.079131,0.000321,0.000005,0.002223,0.089253
22,0.007025,0.000045,0.000006,0.070598,0.000279,0.000004,0.000272,0.078231
43,0.011964,0.000049,0.000005,0.137996,0.000388,0.000006,0.003554,0.153971
37,0.011679,0.000041,0.000004,0.065934,0.000342,0.000005,0.003746,0.081780
23,0.006625,0.000041,0.000005,0.013526,0.000310,0.000004,0.000268,0.020781
56,0.009578,0.000041,0.000004,0.095470,0.000427,0.000006,0.017241,0.122775
31,0.016039,0.000065,0.000006,0.016758,0.000338,0.000005,0.001264,0.034480
34,0.008320,0.000040,0.000004,0.093088,0.000353,0.000005,0.000253,0.102065
44,0.011442,0.000064,0.000004,0.023178,0.000695,0.000010,0.007997,0.043398
53,0.011635,0.000044,0.000005,0.096142,0.000390,0.000006,0.000237,0.108463
30,0.010368,0.000036,0.000004,0.071621,0.000315,0.000005,0.001878,0.084231
35,0.012259,0.000039,0.000004,0.070192,0.000342,0.000006,0.000231,0.083075
13,0.008598,0.000043,0.000004,0.089283,0.000362,0.000004,0.011542,0.109842
45,0.011714,0.000052,0.000006,0.008224,0.000484,0.000009,0.004480,0.024975
19,0.008958,0.000041,0.000005,0.084087,0.000283,0.000005,0.000297,0.093679
24,0.006332,0.000040,0.000004,0.049754,0.000322,0.000004,0.000264,0.056723
38,0.010181,0.000039,0.000004,0.076094,0.000333,0.000004,0.003800,0.090463
59,0.009045,0.000044,0.000004,0.093105,0.000379,0.000007,0.002302,0.104893
36,0.009077,0.000041,0.000004,0.022598,0.000339,0.000005,0.000247,0.032312
38,0.013031,0.000046,0.000006,0.175674,0.000562,0.000008,0.002752,0.192096
32,0.008464,0.000036,0.000003,0.071367,0.000321,0.000005,0.001384,0.081584
20,0.007333,0.000042,0.000007,0.055456,0.000481,0.000010,0.000507,0.063843
33,0.009948,0.000039,0.000004,0.013295,0.000334,0.000005,0.001395,0.025026
39,0.011391,0.000041,0.000005,0.031515,0.000370,0.000004,0.003626,0.046957
54,0.009800,0.000034,0.000004,0.091454,0.000375,0.000006,0.000221,0.101897
57,0.009960,0.000039,0.000005,0.088148,0.000497,0.000008,0.021859,0.120532
35,0.009211,0.000040,0.000005,0.100934,0.000355,0.000006,0.000284,0.110836
31,0.011248,0.000035,0.000004,0.074765,0.000356,0.000004,0.001663,0.088080
25,0.006292,0.000040,0.000005,0.069689,0.000316,0.000004,0.000263,0.076610
35,0.016214,0.000032,0.000006,0.181052,0.000417,0.000008,0.022693,0.220431
10,0.010044,0.000058,0.000007,0.192273,0.000355,0.000004,0.001758,0.204505
14,0.006260,0.000039,0.000004,0.090549,0.000277,0.000004,0.020606,0.117746
37,0.008116,0.000033,0.000004,0.074878,0.000370,0.000006,0.000345,0.083754
60,0.007624,0.000042,0.000005,0.104597,0.000336,0.000008,0.002245,0.114862
46,0.014887,0.000054,0.000006,0.135139,0.000420,0.000007,0.003369,0.153890
34,0.008487,0.000035,0.000004,0.071587,0.000358,0.000005,0.001210,0.081691
26,0.007375,0.000032,0.000004,0.064930,0.000266,0.000004,0.000258,0.072873
40,0.011102,0.000037,0.000004,0.068918,0.000364,0.000006,0.004845,0.085284
15,0.007198,0.000039,0.000003,0.027698,0.000368,0.000004,0.012286,0.047604
32,0.015139,0.000043,0.000005,0.079692,0.000332,0.000005,0.001778,0.096997
39,0.011137,0.000044,0.000005,0.128172,0.000589,0.000013,0.002991,0.142961
21,0.010917,0.000047,0.000006,0.133162,0.000419,0.000008,0.000365,0.144926
36,0.018066,0.000054,0.000006,0.119855,0.000379,0.000005,0.000302,0.138669
55,0.019854,0.000051,0.000006,0.123859,0.000498,0.000012,0.000310,0.144595
38,0.008114,0.000038,0.000004,0.101207,0.000384,0.000005,0.000266,0.110022
11,0.008481,0.000044,0.000005,0.116023,0.000359,0.000006,0.001741,0.126666
35,0.008460,0.000034,0.000003,0.074723,0.000333,0.000006,0.001271,0.084835
41,0.009144,0.000040,0.000004,0.066355,0.000284,0.000004,0.003494,0.079331
27,0.007446,0.000036,0.000004,0.076087,0.000280,0.000004,0.000335,0.084197
58,0.020483,0.000074,0.000010,0.138140,0.000373,0.000006,0.016713,0.175807
61,0.008587,0.000050,0.000005,0.103547,0.000316,0.000006,0.001971,0.114487
39,0.010309,0.000038,0.000004,0.022987,0.000355,0.000007,0.000264,0.033967
42,0.007639,0.000037,0.000004,0.015006,0.000306,0.000004,0.003517,0.026518
16,0.007662,0.000049,0.000004,0.095543,0.000337,0.000004,0.010230,0.113836
33,0.022869,0.000032,0.000004,0.072007,0.000317,0.000004,0.001664,0.096901
36,0.009025,0.000033,0.000003,0.041899,0.000309,0.000004,0.005714,0.056992
40,0.008581,0.000037,0.000004,0.037523,0.000331,0.000006,0.000239,0.046724
28,0.005980,0.000035,0.000005,0.063840,0.000317,0.000004,0.000242,0.070424
36,0.048093,0.000060,0.000017,0.153931,0.000652,0.000011,0.015821,0.218594
22,0.008999,0.000040,0.000005,0.100137,0.000442,0.000008,0.000384,0.110018
56,0.013671,0.000050,0.000005,0.090478,0.000333,0.000005,0.000200,0.104745
47,0.010412,0.000047,0.000005,0.162646,0.000640,0.000013,0.005155,0.178926
37,0.008594,0.000036,0.000005,0.020701,0.000277,0.000004,0.001241,0.030864
12,0.008865,0.000041,0.000005,0.096358,0.000397,0.000004,0.001856,0.107533
64,0.018048,0.000093,0.000007,0.074674,0.000428,0.000005,0.000878,0.094142
37,0.009033,0.000038,0.000004,0.111377,0.000328,0.000005,0.000336,0.121123
57,0.008720,0.000036,0.000004,0.012842,0.000341,0.000006,0.000197,0.022150
43,0.015762,0.000031,0.000003,0.066178,0.000325,0.000004,0.003711,0.086020
59,0.008552,0.000043,0.000004,0.085647,0.000338,0.000004,0.014976,0.109572
34,0.020682,0.000041,0.000004,0.067537,0.000303,0.000004,0.001633,0.090209
38,0.008570,0.000045,0.000005,0.021957,0.000312,0.000005,0.000301,0.031198
13,0.006228,0.000038,0.000005,0.027572,0.000319,0.000004,0.001538,0.035711
62,0.008850,0.000041,0.000004,0.104914,0.000332,0.000006,0.002075,0.116228
39,0.006708,0.000039,0.000005,0.010821,0.000398,0.000006,0.000355,0.018335
37,0.011415,0.000051,0.000008,0.036166,0.000551,0.000008,0.025494,0.073710
29,0.005295,0.000033,0.000004,0.073806,0.000399,0.000009,0.000436,0.079986
41,0.010092,0.000038,0.000003,0.076182,0.000350,0.000008,0.000293,0.086970
14,0.007330,0.000029,0.000003,0.015137,0.000330,0.000005,0.001631,0.024471
17,0.020936,0.000053,0.000005,0.099262,0.000454,0.000009,0.013617,0.134346
38,0.010452,0.000036,0.000003,0.072772,0.000310,0.000004,0.001268,0.084850
42,0.007902,0.000036,0.000004,0.010489,0.000317,0.000005,0.000238,0.018993
40,0.022299,0.000043,0.000005,0.220904,0.000499,0.000009,0.003148,0.246923
65,0.011625,0.000056,0.000004,0.073143,0.000320,0.000004,0.000642,0.085797
30,0.009010,0.000039,0.000003,0.022422,0.000293,0.000004,0.000208,0.031981
44,0.009435,0.000034,0.000003,0.062922,0.000327,0.000005,0.003228,0.075962
23,0.008677,0.000039,0.000006,0.111997,0.000367,0.000008,0.000343,0.121440
35,0.008102,0.000035,0.000004,0.066965,0.000321,0.000005,0.001736,0.077172
58,0.010152,0.000043,0.000004,0.114110,0.000491,0.000008,0.000231,0.125043
63,0.008122,0.000034,0.000003,0.090922,0.000347,0.000007,0.002168,0.101610
41,0.015788,0.000053,0.000006,0.040206,0.000348,0.000006,0.002042,0.058455
48,0.011137,0.000046,0.000005,0.143650,0.000592,0.000013,0.009633,0.165084
40,0.007131,0.000037,0.000004,0.094119,0.000296,0.000005,0.000276,0.101869
66,0.006643,0.000032,0.000003,0.062039,0.000293,0.000005,0.000621,0.069640
39,0.009458,0.000050,0.000005,0.072967,0.000337,0.000005,0.001171,0.083996
31,0.007058,0.000034,0.000003,0.060092,0.000253,0.000004,0.000248,0.067694
60,0.010185,0.000067,0.000004,0.109620,0.000448,0.000008,0.025315,0.145657
43,0.008041,0.000031,0.000003,0.079065,0.000446,0.000006,0.000253,0.087849
15,0.006211,0.000038,0.000003,0.106345,0.000420,0.000004,0.001667,0.114697
45,0.008616,0.000034,0.000004,0.076012,0.000367,0.000004,0.003433,0.088476
18,0.008722,0.000045,0.000004,0.096620,0.000363,0.000005,0.011438,0.117205
32,0.004949,0.000034,0.000005,0.020987,0.000274,0.000004,0.000230,0.026484
36,0.009356,0.000041,0.000003,0.074531,0.000315,0.000004,0.001771,0.086027
38,0.015715,0.000063,0.000012,0.123691,0.000443,0.000008,0.014168,0.154108
37,0.011908,0.000038,0.000003,0.012893,0.000300,0.000005,0.001777,0.026929
24,0.008792,0.000040,0.000005,0.111486,0.000391,0.000007,0.000368,0.121091
67,0.009027,0.000032,0.000005,0.059563,0.000303,0.000004,0.000567,0.069505
40,0.008467,0.000032,0.000003,0.072503,0.000309,0.000004,0.005420,0.086745
44,0.009753,0.000036,0.000004,0.075636,0.000347,0.000007,0.000273,0.086059
33,0.007262,0.000044,0.000004,0.060637,0.000302,0.000005,0.000229,0.068484
59,0.015329,0.000036,0.000004,0.109657,0.000457,0.000012,0.000293,0.125791
41,0.008354,0.000042,0.000005,0.105292,0.000331,0.000005,0.000286,0.114316
46,0.009862,0.000036,0.000003,0.073765,0.000335,0.000004,0.003543,0.087555
61,0.011912,0.000057,0.000004,0.086940,0.000330,0.000006,0.016266,0.115523
16,0.009423,0.000039,0.000004,0.103450,0.000363,0.000004,0.001854,0.115146
38,0.007013,0.000030,0.000004,0.064924,0.000294,0.000005,0.001629,0.073904
34,0.012380,0.000060,0.000007,0.029451,0.000342,0.000004,0.000243,0.042488
68,0.008005,0.000040,0.000004,0.069834,0.000298,0.000005,0.000585,0.078775
19,0.010044,0.000044,0.000006,0.114376,0.000395,0.000005,0.010843,0.135719
49,0.012579,0.000054,0.000005,0.154152,0.000390,0.000006,0.003135,0.170332
42,0.015109,0.000051,0.000004,0.159537,0.000567,0.000012,0.004326,0.179616
41,0.010012,0.000039,0.000003,0.068483,0.000319,0.000004,0.001235,0.080100
45,0.010956,0.000037,0.000003,0.069311,0.000272,0.000005,0.000228,0.080814
35,0.007413,0.000036,0.000004,0.027905,0.000318,0.000004,0.000251,0.035933
47,0.010778,0.000039,0.000003,0.065634,0.000274,0.000004,0.003551,0.080289
25,0.009528,0.000044,0.000006,0.119639,0.000418,0.000007,0.000400,0.130044
50,0.012519,0.000035,0.000003,0.019546,0.000469,0.000009,0.003658,0.036248
46,0.008811,0.000034,0.000004,0.011762,0.000298,0.000004,0.000231,0.021146
39,0.010095,0.000036,0.000003,0.062728,0.000290,0.000005,0.001596,0.074758
42,0.010206,0.000045,0.000004,0.093702,0.000345,0.000006,0.000283,0.104593
39,0.011358,0.000045,0.000008,0.153946,0.000411,0.000007,0.013455,0.179240
20,0.012615,0.000041,0.000004,0.036195,0.000356,0.000005,0.011382,0.060610
69,0.008145,0.000045,0.000003,0.072442,0.000341,0.000004,0.000835,0.081819
62,0.009959,0.000045,0.000003,0.081747,0.000334,0.000004,0.016289,0.108391
17,0.010003,0.000053,0.000006,0.096192,0.000349,0.000005,0.001867,0.108482
43,0.009421,0.000040,0.000004,0.022747,0.000377,0.000005,0.000354,0.032951
26,0.010113,0.000042,0.000007,0.043997,0.000365,0.000006,0.000336,0.054869
60,0.016116,0.000085,0.000010,0.132906,0.000489,0.000012,0.000275,0.149899
42,0.017130,0.000041,0.000005,0.068392,0.000309,0.000007,0.001097,0.086985
70,0.009152,0.000035,0.000003,0.015521,0.000285,0.000004,0.000615,0.025619
36,0.009429,0.000060,0.000007,0.066047,0.000284,0.000004,0.000228,0.076060
48,0.009674,0.000036,0.000004,0.064496,0.000299,0.000005,0.003636,0.078154
37,0.008941,0.000034,0.000004,0.011249,0.000283,0.000004,0.000249,0.020765
18,0.010148,0.000039,0.000004,0.030253,0.000342,0.000004,0.001521,0.042316
40,0.009376,0.000031,0.000003,0.064282,0.000278,0.000004,0.001746,0.075725
47,0.007737,0.000033,0.000003,0.081155,0.000444,0.000006,0.000303,0.089684
21,0.008826,0.000042,0.000005,0.070553,0.000324,0.000005,0.009500,0.089263
71,0.008345,0.000034,0.000004,0.063970,0.000292,0.000004,0.000693,0.073346
43,0.009530,0.000032,0.000003,0.071651,0.000294,0.000004,0.001234,0.082754
27,0.007853,0.000038,0.000005,0.084151,0.000329,0.000006,0.000321,0.092708
41,0.007941,0.000035,0.000004,0.044684,0.000335,0.000004,0.001994,0.055002
43,0.020428,0.000052,0.000005,0.156056,0.000503,0.000010,0.002657,0.179720
44,0.007766,0.000040,0.000004,0.091137,0.000303,0.000005,0.000311,0.099569
51,0.013336,0.000053,0.000005,0.135669,0.000717,0.000022,0.005524,0.155336
40,0.009792,0.000046,0.000006,0.116041,0.000323,0.000004,0.013936,0.140160
38,0.013847,0.000036,0.000004,0.062799,0.000329,0.000004,0.000251,0.077272
49,0.013767,0.000040,0.000004,0.072690,0.000432,0.000004,0.003708,0.090661
44,0.013531,0.000035,0.000003,0.015800,0.000400,0.000007,0.001695,0.031476
48,0.008681,0.000030,0.000003,0.071382,0.000255,0.000006,0.000191,0.080550
63,0.010534,0.000041,0.000004,0.119580,0.000523,0.000008,0.018407,0.149108
61,0.011803,0.000049,0.000004,0.123386,0.000408,0.000011,0.000270,0.135935
19,0.008971,0.000053,0.000005,0.091451,0.000390,0.000006,0.001965,0.102849
50,0.009493,0.000037,0.000004,0.012140,0.000273,0.000005,0.003143,0.025101
39,0.009553,0.000034,0.000003,0.018379,0.000310,0.000004,0.000228,0.028513
45,0.009377,0.000041,0.000003,0.019097,0.000306,0.000004,0.001314,0.030147
52,0.013490,0.000051,0.000006,0.042046,0.000461,0.000007,0.003373,0.059443
72,0.012779,0.000043,0.000005,0.074773,0.000316,0.000005,0.000646,0.088572
22,0.009492,0.000040,0.000004,0.088403,0.000406,0.000005,0.010721,0.109094
42,0.011038,0.000039,0.000003,0.064086,0.000273,0.000004,0.001821,0.077270
45,0.005941,0.000037,0.000005,0.071982,0.000348,0.000006,0.000267,0.078588
28,0.009155,0.000041,0.000006,0.102629,0.000375,0.000006,0.000370,0.112586
23,0.008452,0.000037,0.000005,0.019369,0.000347,0.000004,0.009968,0.038190
49,0.009672,0.000033,0.000003,0.076062,0.000320,0.000004,0.000222,0.086318
62,0.014068,0.000051,0.000004,0.057850,0.000496,0.000010,0.000266,0.072752
40,0.007872,0.000036,0.000006,0.064017,0.000270,0.000004,0.000242,0.072449
51,0.008215,0.000038,0.000004,0.063257,0.000302,0.000004,0.003399,0.075223
53,0.022551,0.000084,0.000006,0.028783,0.000524,0.000007,0.003223,0.055194
73,0.006854,0.000030,0.000004,0.058158,0.000259,0.000004,0.000583,0.065894
46,0.008949,0.000034,0.000004,0.071021,0.000327,0.000005,0.001174,0.081516
44,0.012621,0.000049,0.000005,0.127603,0.000577,0.000012,0.004250,0.145127
20,0.010103,0.000039,0.000003,0.088536,0.000325,0.000005,0.001742,0.100759
29,0.012858,0.000046,0.000006,0.028551,0.000331,0.000005,0.000357,0.042157
52,0.007616,0.000035,0.000004,0.021038,0.000270,0.000004,0.003027,0.031999
43,0.010043,0.000043,0.000004,0.067969,0.000285,0.000004,0.001721,0.080074
46,0.008740,0.000047,0.000005,0.087403,0.000347,0.000005,0.000305,0.096855
41,0.020813,0.000065,0.000009,0.132688,0.000469,0.000009,0.015085,0.169148
63,0.017324,0.000080,0.000008,0.055370,0.000517,0.000009,0.000280,0.073593
50,0.020396,0.000033,0.000003,0.059526,0.000330,0.000004,0.000264,0.080559
41,0.009131,0.000041,0.000005,0.068360,0.000308,0.000005,0.000253,0.078107
30,0.006580,0.000040,0.000005,0.038065,0.000349,0.000006,0.000346,0.045395
74,0.008075,0.000033,0.000003,0.064535,0.000312,0.000004,0.000653,0.073618
47,0.007278,0.000032,0.000004,0.070586,0.000465,0.000004,0.001245,0.079626
24,0.008503,0.000036,0.000003,0.086745,0.000363,0.000005,0.010867,0.106529
47,0.007460,0.000043,0.000005,0.029817,0.000366,0.000007,0.000274,0.037974
54,0.010639,0.000062,0.000004,0.100138,0.000356,0.000005,0.002742,0.113955
44,0.009960,0.000036,0.000003,0.066447,0.000299,0.000005,0.001777,0.078531
53,0.009495,0.000043,0.000005,0.072126,0.000312,0.000004,0.003553,0.085544
21,0.007862,0.000038,0.000004,0.094047,0.000383,0.000005,0.001735,0.104080
42,0.008371,0.000042,0.000004,0.062988,0.000327,0.000004,0.000222,0.071961
51,0.009122,0.000038,0.000003,0.070424,0.000322,0.000006,0.000238,0.080157
75,0.009127,0.000042,0.000004,0.066775,0.000297,0.000004,0.000634,0.076887
48,0.010392,0.000036,0.000004,0.069537,0.000321,0.000004,0.001294,0.081601
31,0.009623,0.000047,0.000006,0.089691,0.000366,0.000006,0.000353,0.100094
45,0.011365,0.000045,0.000005,0.153166,0.000437,0.000007,0.002602,0.167636
48,0.005939,0.000037,0.000004,0.080477,0.000304,0.000006,0.000278,0.087046
76,0.008243,0.000035,0.000003,0.021732,0.000315,0.000004,0.000649,0.030986
45,0.009984,0.000037,0.000005,0.070159,0.000290,0.000004,0.001652,0.082135
54,0.009767,0.000034,0.000004,0.066381,0.000311,0.000005,0.003555,0.080064
25,0.010125,0.000044,0.000004,0.086073,0.000470,0.000005,0.010537,0.107272
49,0.008170,0.000037,0.000004,0.015094,0.000305,0.000004,0.000284,0.023900
22,0.008298,0.000040,0.000004,0.086667,0.000378,0.000006,0.001634,0.097033
55,0.009600,0.000039,0.000005,0.095103,0.000349,0.000005,0.002260,0.107367
43,0.008945,0.000037,0.000004,0.069125,0.000342,0.000004,0.000248,0.078708
26,0.009421,0.000046,0.000004,0.007466,0.000433,0.000008,0.012114,0.029504
52,0.008073,0.000032,0.000004,0.075063,0.000344,0.000005,0.000240,0.083762
42,0.018181,0.000103,0.000010,0.144042,0.000488,0.000009,0.014182,0.177026
44,0.007569,0.000035,0.000005,0.013127,0.000288,0.000004,0.000225,0.021254
49,0.007577,0.000032,0.000004,0.068607,0.000319,0.000004,0.001172,0.077720
77,0.007984,0.000031,0.000004,0.058898,0.000273,0.000005,0.000644,0.067844
53,0.007936,0.000033,0.000003,0.012955,0.000288,0.000005,0.000220,0.021442
32,0.008688,0.000053,0.000006,0.076867,0.000303,0.000007,0.000330,0.086256
55,0.010253,0.000039,0.000004,0.065310,0.000311,0.000004,0.003351,0.079278
46,0.012251,0.000042,0.000005,0.067826,0.000291,0.000005,0.001716,0.082139
78,0.007846,0.000032,0.000004,0.008186,0.000259,0.000003,0.000584,0.016916
50,0.005884,0.000038,0.000005,0.077545,0.000340,0.000005,0.000279,0.084098
23,0.006795,0.000036,0.000005,0.088747,0.000389,0.000007,0.001822,0.097807
56,0.010862,0.000048,0.000004,0.084401,0.000337,0.000004,0.002591,0.098253
45,0.007249,0.000035,0.000004,0.062490,0.000347,0.000004,0.000233,0.070364
54,0.007038,0.000034,0.000004,0.059615,0.000324,0.000005,0.000222,0.067245
50,0.009851,0.000034,0.000004,0.072858,0.000339,0.000004,0.001243,0.084335
46,0.012320,0.000057,0.000005,0.142659,0.000466,0.000009,0.005042,0.160570
24,0.007165,0.000038,0.000004,0.020660,0.000307,0.000004,0.001653,0.029836
56,0.007525,0.000034,0.000004,0.062104,0.000315,0.000004,0.003366,0.073359
57,0.010255,0.000046,0.000004,0.019260,0.000370,0.000004,0.002788,0.032737
79,0.010983,0.000045,0.000004,0.060608,0.000273,0.000004,0.000559,0.072481
47,0.008851,0.000035,0.000004,0.067461,0.000321,0.000004,0.001757,0.078440
33,0.014298,0.000041,0.000005,0.092063,0.000331,0.000006,0.000401,0.107148
27,0.011955,0.000049,0.000004,0.136537,0.000701,0.000012,0.013361,0.162629
58,0.015041,0.000049,0.000005,0.025682,0.000415,0.000005,0.002886,0.044092
46,0.009569,0.000039,0.000006,0.075607,0.000483,0.000005,0.000289,0.086004
51,0.008526,0.000039,0.000004,0.105015,0.000387,0.000005,0.000301,0.114280
55,0.009634,0.000034,0.000003,0.078662,0.000333,0.000005,0.000226,0.088900
51,0.010702,0.000038,0.000003,0.072339,0.000317,0.000004,0.001276,0.084684
43,0.015606,0.000046,0.000004,0.165425,0.000617,0.000008,0.013409,0.195140
57,0.008238,0.000032,0.000004,0.067643,0.000322,0.000005,0.003356,0.079605
80,0.009293,0.000041,0.000004,0.072332,0.000341,0.000004,0.000587,0.082606
48,0.011920,0.000040,0.000004,0.066119,0.000288,0.000005,0.001834,0.080215
25,0.007182,0.000044,0.000004,0.084575,0.000291,0.000004,0.001736,0.093843
44,0.009980,0.000043,0.000007,0.020543,0.000374,0.000008,0.011751,0.042716
47,0.007932,0.000038,0.000006,0.061573,0.000269,0.000004,0.000224,0.070047
56,0.009724,0.000035,0.000004,0.073125,0.000348,0.000006,0.000241,0.083486
47,0.013583,0.000043,0.000004,0.152212,0.000405,0.000008,0.002597,0.168861
59,0.009720,0.000042,0.000005,0.096295,0.000362,0.000006,0.002645,0.109083
58,0.008512,0.000033,0.000004,0.067388,0.000342,0.000006,0.003613,0.079903
52,0.014622,0.000043,0.000004,0.077125,0.000315,0.000004,0.001392,0.093511
81,0.008015,0.000034,0.000004,0.069881,0.000302,0.000004,0.000638,0.078881
49,0.008419,0.000037,0.000004,0.071749,0.000335,0.000004,0.001851,0.082406
57,0.007529,0.000029,0.000004,0.012877,0.000321,0.000006,0.000238,0.021007
34,0.007295,0.000036,0.000004,0.149974,0.000478,0.000012,0.000537,0.158342
82,0.008549,0.000033,0.000003,0.008521,0.000304,0.000004,0.000603,0.018022
59,0.008440,0.000035,0.000003,0.010436,0.000272,0.000004,0.003472,0.022668
26,0.007420,0.000041,0.000004,0.088490,0.000297,0.000005,0.001655,0.097919
28,0.011975,0.000048,0.000004,0.135499,0.000429,0.000008,0.012195,0.160170
60,0.010856,0.000047,0.000005,0.026865,0.000359,0.000004,0.002472,0.040614
48,0.010519,0.000043,0.000005,0.065310,0.000291,0.000004,0.000262,0.076435
52,0.008923,0.000045,0.000005,0.144292,0.000348,0.000007,0.000286,0.153908
35,0.011151,0.000049,0.000007,0.039872,0.000417,0.000010,0.000491,0.052002
53,0.008673,0.000035,0.000004,0.072349,0.000351,0.000004,0.001316,0.082738
58,0.008043,0.000035,0.000003,0.067215,0.000354,0.000007,0.000233,0.075892
50,0.009048,0.000050,0.000003,0.073501,0.000288,0.000005,0.001769,0.084668
83,0.008765,0.000039,0.000004,0.073974,0.000319,0.000004,0.000574,0.083683
60,0.007541,0.000031,0.000004,0.074528,0.000335,0.000004,0.003091,0.085539
45,0.012122,0.000055,0.000005,0.123110,0.000411,0.000005,0.013895,0.149610
59,0.009820,0.000036,0.000003,0.012121,0.000305,0.000006,0.000236,0.022530
48,0.011861,0.000051,0.000005,0.105402,0.000399,0.000004,0.002002,0.119733
49,0.008427,0.000034,0.000004,0.071707,0.000326,0.000004,0.000240,0.080744
61,0.009700,0.000038,0.000003,0.013367,0.000295,0.000003,0.003431,0.026844
53,0.008290,0.000035,0.000004,0.086106,0.000303,0.000004,0.000284,0.095030
27,0.006958,0.000052,0.000004,0.111851,0.000358,0.000006,0.001831,0.121067
61,0.015058,0.000039,0.000005,0.087923,0.004985,0.000007,0.002611,0.110636
54,0.008791,0.000031,0.000004,0.061404,0.000316,0.000004,0.001170,0.071724
62,0.007773,0.000049,0.000003,0.018908,0.000324,0.000004,0.003303,0.030369
54,0.007086,0.000037,0.000004,0.015338,0.000312,0.000005,0.000288,0.023072
51,0.008248,0.000032,0.000003,0.069360,0.000291,0.000005,0.001514,0.079458
84,0.007776,0.000030,0.000003,0.060568,0.000289,0.000004,0.000580,0.069253
28,0.008512,0.000038,0.000005,0.015827,0.000329,0.000005,0.002052,0.026774
50,0.009579,0.000040,0.000005,0.057059,0.000312,0.000004,0.000242,0.067244
60,0.007904,0.000032,0.000004,0.071544,0.000341,0.000005,0.000226,0.080058
55,0.009058,0.000034,0.000003,0.021922,0.000281,0.000004,0.001189,0.032498
29,0.011089,0.000040,0.000005,0.138249,0.000452,0.000006,0.013215,0.163065
46,0.008385,0.000043,0.000008,0.071483,0.000280,0.000005,0.009141,0.089354
36,0.008227,0.000047,0.000006,0.122887,0.000496,0.000010,0.000688,0.132372
52,0.007872,0.000035,0.000003,0.020553,0.000263,0.000004,0.001589,0.030325
56,0.008823,0.000036,0.000004,0.018907,0.000331,0.000005,0.001258,0.029369
53,0.009663,0.000036,0.000004,0.023603,0.000283,0.000004,0.001786,0.035384
85,0.008633,0.000039,0.000003,0.058491,0.000253,0.000003,0.000581,0.068007
63,0.008056,0.000040,0.000003,0.066893,0.000311,0.000004,0.003094,0.078407
49,0.011134,0.000047,0.000005,0.131502,0.000447,0.000009,0.002632,0.145783
61,0.008390,0.000032,0.000003,0.056681,0.000277,0.000006,0.000222,0.065614
51,0.006862,0.000033,0.000004,0.062937,0.000295,0.000004,0.000219,0.070357
55,0.007541,0.000043,0.000005,0.086041,0.000320,0.000006,0.000283,0.094240
29,0.007700,0.000042,0.000005,0.089408,0.000346,0.000005,0.001938,0.099454
56,0.007435,0.000038,0.000005,0.016190,0.000309,0.000005,0.000280,0.024265
62,0.009525,0.000045,0.000004,0.137568,0.000384,0.000007,0.003570,0.151112
57,0.008103,0.000032,0.000003,0.063867,0.000294,0.000004,0.001382,0.073691
64,0.018711,0.000068,0.000007,0.138197,0.000544,0.000013,0.001139,0.158689
54,0.008587,0.000044,0.000004,0.062222,0.000273,0.000004,0.001775,0.072915
86,0.008500,0.000036,0.000003,0.062741,0.000336,0.000004,0.000574,0.072199
47,0.012551,0.000050,0.000009,0.105268,0.000487,0.000006,0.012815,0.131194
58,0.008394,0.000042,0.000003,0.017924,0.000311,0.000004,0.001162,0.027845
62,0.009318,0.000036,0.000004,0.069599,0.000434,0.000013,0.000268,0.079677
52,0.009297,0.000039,0.000005,0.068770,0.000297,0.000004,0.000248,0.078662
87,0.007888,0.000040,0.000003,0.014685,0.000270,0.000004,0.000582,0.023476
59,0.008183,0.000033,0.000003,0.011753,0.000318,0.000004,0.001189,0.021488
37,0.010945,0.000050,0.000006,0.145814,0.000469,0.000011,0.000458,0.157759
57,0.007369,0.000044,0.000004,0.092815,0.000339,0.000006,0.000279,0.100858
30,0.008716,0.000045,0.000004,0.102468,0.000376,0.000005,0.002220,0.113841
38,0.010364,0.000049,0.000007,0.025423,0.000435,0.000010,0.000494,0.036789
55,0.007952,0.000034,0.000003,0.076518,0.000295,0.000005,0.001780,0.086592
63,0.008063,0.000032,0.000005,0.063512,0.000356,0.000006,0.000224,0.072201
39,0.007254,0.000042,0.000005,0.008152,0.000370,0.000010,0.000418,0.016257
30,0.011136,0.000048,0.000005,0.198440,0.000539,0.000011,0.013632,0.223821
53,0.009167,0.000039,0.000005,0.068117,0.000329,0.000004,0.000247,0.077910
88,0.007854,0.000031,0.000003,0.067225,0.000438,0.000005,0.000645,0.076211
50,0.012046,0.000051,0.000005,0.151850,0.000512,0.000009,0.002649,0.167137
31,0.007824,0.000039,0.000004,0.022280,0.000321,0.000005,0.001773,0.032251
60,0.006769,0.000029,0.000003,0.065960,0.000286,0.000004,0.001020,0.074075
65,0.009892,0.000043,0.000004,0.123599,0.000543,0.000011,0.001199,0.135300
64,0.015938,0.000070,0.000005,0.015841,0.000510,0.000011,0.009478,0.041868
40,0.011121,0.000046,0.000007,0.034071,0.000604,0.000017,0.000763,0.046636
63,0.011098,0.000047,0.000006,0.159642,0.000474,0.000009,0.003741,0.175025
48,0.012616,0.000055,0.000009,0.126026,0.000470,0.000008,0.013299,0.152491
56,0.009085,0.000034,0.000005,0.067462,0.000392,0.000005,0.001587,0.078584
54,0.007183,0.000034,0.000004,0.061042,0.000284,0.000004,0.000207,0.068760
89,0.009550,0.000039,0.000006,0.061827,0.000318,0.000004,0.000554,0.072301
61,0.010569,0.000034,0.000004,0.056322,0.000283,0.000004,0.001119,0.068338
32,0.007554,0.000045,0.000004,0.091043,0.000340,0.000006,0.001891,0.100890
58,0.008869,0.000042,0.000004,0.140299,0.000391,0.000010,0.000336,0.149956
55,0.008421,0.000034,0.000004,0.064006,0.000329,0.000004,0.000255,0.073053
57,0.019926,0.000050,0.000006,0.066051,0.000273,0.000005,0.001780,0.088095
90,0.007929,0.000032,0.000003,0.066336,0.000334,0.000004,0.000566,0.075208
31,0.011127,0.000045,0.000004,0.127336,0.000484,0.000009,0.015157,0.154175
51,0.014603,0.000044,0.000005,0.136705,0.000455,0.000007,0.002756,0.154585
62,0.007520,0.000030,0.000004,0.075115,0.000325,0.000004,0.001413,0.084416
63,0.007304,0.000030,0.000004,0.009600,0.000317,0.000005,0.001296,0.018560
66,0.018743,0.000089,0.000005,0.147789,0.000630,0.000022,0.001553,0.168838
49,0.011568,0.000050,0.000008,0.115470,0.000385,0.000005,0.010263,0.137756
65,0.008482,0.000057,0.000004,0.148574,0.000443,0.000010,0.008819,0.166399
41,0.015946,0.000052,0.000008,0.140915,0.000412,0.000010,0.000438,0.157787
56,0.009369,0.000036,0.000005,0.057295,0.000300,0.000004,0.000227,0.067238
91,0.007495,0.000031,0.000003,0.056417,0.000264,0.000004,0.000594,0.064811
33,0.007539,0.000039,0.000003,0.101201,0.000352,0.000005,0.001648,0.110794
58,0.012641,0.000033,0.000003,0.058086,0.000266,0.000004,0.001500,0.072538
52,0.018639,0.000074,0.000008,0.038395,0.000503,0.000010,0.003272,0.060912
66,0.007652,0.000045,0.000005,0.013747,0.000387,0.000009,0.007495,0.029351
59,0.007814,0.000044,0.000004,0.150122,0.000456,0.000010,0.000323,0.158778
57,0.008240,0.000036,0.000005,0.065562,0.000325,0.000004,0.000260,0.074433
92,0.008356,0.000035,0.000004,0.062230,0.000289,0.000004,0.000618,0.071540
50,0.010572,0.000037,0.000006,0.080719,0.000327,0.000004,0.009784,0.101456
59,0.009808,0.000036,0.000003,0.063410,0.000264,0.000006,0.001612,0.075143
32,0.012069,0.000051,0.000005,0.126218,0.000402,0.000008,0.014792,0.153555
34,0.007554,0.000041,0.000004,0.094401,0.000389,0.000005,0.001948,0.104347
67,0.028860,0.000050,0.000005,0.114885,0.000437,0.000010,0.000895,0.145150
93,0.007558,0.000035,0.000004,0.054624,0.000279,0.000004,0.000571,0.063078
58,0.009583,0.000040,0.000004,0.056357,0.000281,0.000004,0.000231,0.066502
42,0.012424,0.000050,0.000005,0.147698,0.000475,0.000011,0.000530,0.161199
53,0.019356,0.000052,0.000006,0.131157,0.000653,0.000011,0.004374,0.155621
60,0.015388,0.000036,0.000004,0.065866,0.000287,0.000004,0.001631,0.083220
67,0.008151,0.000048,0.000004,0.129416,0.000399,0.000008,0.009007,0.147044
51,0.009812,0.000045,0.000006,0.078437,0.000338,0.000004,0.010535,0.099184
60,0.011032,0.000043,0.000004,0.127619,0.000742,0.000021,0.000890,0.140359
61,0.017607,0.000042,0.000004,0.018855,0.000373,0.000005,0.001711,0.038601
94,0.011016,0.000046,0.000005,0.054868,0.000320,0.000004,0.000608,0.066871
59,0.006509,0.000031,0.000004,0.065994,0.000317,0.000005,0.000214,0.073076
35,0.007061,0.000040,0.000004,0.100728,0.000371,0.000005,0.001926,0.110143
60,0.007682,0.000034,0.000004,0.018443,0.000298,0.000004,0.000204,0.026670
33,0.011239,0.000048,0.000005,0.136188,0.000479,0.000010,0.018390,0.166369
61,0.009560,0.000040,0.000003,0.018814,0.000330,0.000004,0.000276,0.029030
95,0.008371,0.000036,0.000003,0.059539,0.000352,0.000004,0.000664,0.068974
62,0.008633,0.000035,0.000003,0.063282,0.000273,0.000004,0.001608,0.073843
64,0.414488,0.000068,0.000004,0.009800,0.000341,0.000005,0.000272,0.424981
68,0.012174,0.000073,0.000008,0.163968,0.000446,0.000011,0.000831,0.177519
43,0.010991,0.000046,0.000005,0.139286,0.000377,0.000006,0.000376,0.151091
52,0.009685,0.000041,0.000010,0.096488,0.000369,0.000005,0.010597,0.117202
96,0.009098,0.000038,0.000004,0.010632,0.000294,0.000005,0.000620,0.020695
36,0.007945,0.000041,0.000004,0.085833,0.000370,0.000004,0.001917,0.096121
68,0.011701,0.000095,0.000012,0.140637,0.000443,0.000012,0.008827,0.161739
61,0.007683,0.000043,0.000005,0.135492,0.000449,0.000011,0.000429,0.144117
62,0.008180,0.000037,0.000004,0.054221,0.000292,0.000004,0.000227,0.062967
65,0.009087,0.000038,0.000004,0.057256,0.000323,0.000005,0.000184,0.066899
54,0.012835,0.000058,0.000005,0.175671,0.000417,0.000007,0.003040,0.192043
63,0.009346,0.000035,0.000004,0.062669,0.000254,0.000004,0.001666,0.073985
97,0.007756,0.000041,0.000004,0.057886,0.000324,0.000004,0.000622,0.066641
66,0.008178,0.000043,0.000006,0.013074,0.000302,0.000004,0.000189,0.021799
53,0.010022,0.000044,0.000007,0.056850,0.000383,0.000004,0.010382,0.077702
63,0.008282,0.000036,0.000004,0.025261,0.000282,0.000004,0.000220,0.034090
62,0.013108,0.000048,0.000005,0.020809,0.000456,0.000008,0.000343,0.034784
98,0.007921,0.000033,0.000004,0.008706,0.000319,0.000004,0.000693,0.017685
44,0.009481,0.000042,0.000006,0.091340,0.000349,0.000006,0.000389,0.101615
99,0.006299,0.000029,0.000003,0.012054,0.000274,0.000005,0.000599,0.019266
54,0.009512,0.000049,0.000007,0.013399,0.000320,0.000004,0.010051,0.033350
34,0.012552,0.000049,0.000005,0.137611,0.000432,0.000009,0.014418,0.165087
37,0.007303,0.000041,0.000005,0.089206,0.000674,0.000011,0.003688,0.100939
45,0.006881,0.000041,0.000005,0.029346,0.000339,0.000005,0.000345,0.036965
69,0.011440,0.000048,0.000004,0.135608,0.000426,0.000010,0.000872,0.148416
67,0.008325,0.000039,0.000003,0.054646,0.000305,0.000006,0.000190,0.063518
38,0.008387,0.000048,0.000005,0.016544,0.000429,0.000007,0.002409,0.027835
70,0.009402,0.000043,0.000004,0.015873,0.000377,0.000009,0.000784,0.026499
69,0.010252,0.000049,0.000005,0.129391,0.000494,0.000010,0.008380,0.148591
100,0.008167,0.000034,0.000004,0.053434,0.000283,0.000004,0.000561,0.062490
71,0.009289,0.000042,0.000004,0.015091,0.000433,0.000010,0.000985,0.025861
55,0.012335,0.000049,0.000005,0.132901,0.000340,0.000005,0.002314,0.147956
68,0.006531,0.000037,0.000003,0.064425,0.000309,0.000005,0.000208,0.071520
70,0.007954,0.000054,0.000004,0.021584,0.000417,0.000010,0.008876,0.038911
55,0.010055,0.000044,0.000006,0.096307,0.000394,0.000005,0.010293,0.117111
63,0.008214,0.000044,0.000006,0.151019,0.000715,0.000021,0.000857,0.160885
69,0.008457,0.000039,0.000003,0.016897,0.000316,0.000004,0.000214,0.025934
101,0.008518,0.000044,0.000004,0.058341,0.000309,0.000004,0.000572,0.067794
46,0.010945,0.000063,0.000009,0.108089,0.000343,0.000007,0.000345,0.119804
35,0.012084,0.000050,0.000004,0.129992,0.000404,0.000010,0.014717,0.157271
47,0.009017,0.000062,0.000006,0.018751,0.000315,0.000005,0.000348,0.028506
39,0.008876,0.000049,0.000005,0.142044,0.000424,0.000009,0.002197,0.153613
70,0.006628,0.000037,0.000004,0.052456,0.000299,0.000004,0.000184,0.059614
102,0.007378,0.000032,0.000004,0.051883,0.000274,0.000004,0.000577,0.060155
56,0.016934,0.000061,0.000006,0.119077,0.000426,0.000007,0.003190,0.139712
56,0.011805,0.000039,0.000007,0.087331,0.000369,0.000007,0.010234,0.109799
72,0.011627,0.000048,0.000005,0.134540,0.000443,0.000011,0.000907,0.147586
71,0.015227,0.000055,0.000005,0.111996,0.000447,0.000010,0.008120,0.135868
71,0.008858,0.000035,0.000003,0.060971,0.000334,0.000005,0.000189,0.070398
48,0.006805,0.000039,0.000006,0.086901,0.000305,0.000006,0.000332,0.094396
103,0.007617,0.000032,0.000004,0.066393,0.000276,0.000004,0.000685,0.075013
72,0.009107,0.000055,0.000005,0.014893,0.000455,0.000012,0.009029,0.033564
49,0.005783,0.000035,0.000005,0.012174,0.000295,0.000005,0.000305,0.018603
73,0.006889,0.000042,0.000003,0.022365,0.000336,0.000008,0.005596,0.035245
72,0.008586,0.000033,0.000003,0.050371,0.000296,0.000005,0.000194,0.059491
104,0.008130,0.000030,0.000004,0.048042,0.000264,0.000004,0.000568,0.057047
36,0.012371,0.000053,0.000006,0.143238,0.000580,0.000009,0.018065,0.174353
50,0.006670,0.000043,0.000005,0.038815,0.000334,0.000007,0.000349,0.046225
40,0.008302,0.000043,0.000004,0.148879,0.000377,0.000007,0.002402,0.160022
57,0.009801,0.000039,0.000007,0.096457,0.000352,0.000005,0.012810,0.119482
57,0.008897,0.000046,0.000006,0.115907,0.000387,0.000007,0.002321,0.127578
51,0.008513,0.000043,0.000005,0.028862,0.000323,0.000007,0.000338,0.038093
73,0.016513,0.000057,0.000006,0.128114,0.000577,0.000019,0.001563,0.146858
105,0.007039,0.000031,0.000004,0.049045,0.000263,0.000003,0.000577,0.056964
73,0.006934,0.000032,0.000003,0.058304,0.000292,0.000007,0.000179,0.065751
58,0.015354,0.000080,0.000008,0.023317,0.000443,0.000009,0.002945,0.042166
106,0.007002,0.000032,0.000003,0.008067,0.000274,0.000005,0.000593,0.015979
74,0.007342,0.000046,0.000007,0.097166,0.000422,0.000008,0.008273,0.113273
64,0.014820,0.000072,0.000007,0.016492,0.000513,0.000010,0.001311,0.033236
64,0.419400,0.000072,0.000007,0.049355,0.000372,0.000006,0.000404,0.469620
74,0.008274,0.000033,0.000004,0.057400,0.000271,0.000004,0.000181,0.066169
107,0.007928,0.000034,0.000003,0.053209,0.000272,0.000005,0.000599,0.062052
65,0.008137,0.000034,0.000003,0.015720,0.000290,0.000005,0.000777,0.024970
58,0.009169,0.000043,0.000008,0.104816,0.000405,0.000007,0.012601,0.127059
37,0.013051,0.000056,0.000006,0.119999,0.000395,0.000008,0.014664,0.148189
52,0.006712,0.000046,0.000006,0.093253,0.000348,0.000006,0.000342,0.100714
66,0.008586,0.000039,0.000004,0.009259,0.000326,0.000006,0.001058,0.019282
41,0.007039,0.000045,0.000004,0.144363,0.000445,0.000008,0.002133,0.154046
65,0.009302,0.000034,0.000003,0.056237,0.000285,0.000005,0.000309,0.066178
38,0.010982,0.000044,0.000005,0.017344,0.000441,0.000008,0.014532,0.043367
64,0.016416,0.000060,0.000006,0.059387,0.000344,0.000004,0.000561,0.076782
74,0.016112,0.000036,0.000004,0.130479,0.000409,0.000010,0.000880,0.147938
108,0.007662,0.000037,0.000004,0.056338,0.000285,0.000004,0.000559,0.064892
75,0.007508,0.000031,0.000004,0.059350,0.000253,0.000004,0.000184,0.067336
66,0.007918,0.000032,0.000003,0.014866,0.000345,0.000006,0.000328,0.023499
59,0.012533,0.000058,0.000007,0.127833,0.000481,0.000010,0.002751,0.143680
67,0.011022,0.000034,0.000003,0.043780,0.000262,0.000005,0.000615,0.055724
65,0.006323,0.000033,0.000005,0.016750,0.000266,0.000004,0.000402,0.023785
75,0.015379,0.000050,0.000006,0.097975,0.000434,0.000008,0.008372,0.122232
59,0.011315,0.000050,0.000008,0.075353,0.000349,0.000005,0.009831,0.096919
53,0.008957,0.000038,0.000005,0.083334,0.000358,0.000006,0.000342,0.093043
68,0.006430,0.000030,0.000004,0.013583,0.000256,0.000004,0.000734,0.021045
76,0.009914,0.000040,0.000004,0.018735,0.000276,0.000005,0.000167,0.029143
67,0.009296,0.000045,0.000005,0.045148,0.000288,0.000004,0.000299,0.055088
109,0.013236,0.000029,0.000003,0.048502,0.000270,0.000004,0.000551,0.062599
66,0.007799,0.000037,0.000004,0.059480,0.000336,0.000004,0.000422,0.068083
69,0.007834,0.000047,0.000003,0.056366,0.000322,0.000004,0.000760,0.065340
77,0.008427,0.000034,0.000003,0.059635,0.000292,0.000006,0.000231,0.068631
68,0.006503,0.000034,0.000003,0.046814,0.000273,0.000004,0.000287,0.053921
75,0.016228,0.000048,0.000004,0.100555,0.000334,0.000007,0.000753,0.117934
42,0.010408,0.000046,0.000004,0.150399,0.000741,0.000020,0.004077,0.165705
110,0.007732,0.000038,0.000004,0.058809,0.000303,0.000004,0.000647,0.067540
78,0.007030,0.000027,0.000003,0.018339,0.000271,0.000004,0.000188,0.025864
39,0.010611,0.000046,0.000005,0.132073,0.000704,0.000011,0.014292,0.157751
60,0.009080,0.000039,0.000007,0.086647,0.000477,0.000007,0.013415,0.109692
67,0.009602,0.000040,0.000004,0.054948,0.000291,0.000004,0.000460,0.065352
60,0.014689,0.000051,0.000005,0.130368,0.000454,0.000009,0.003590,0.149178
76,0.007337,0.000044,0.000005,0.127511,0.000455,0.000009,0.007661,0.143032
54,0.006944,0.000041,0.000006,0.119244,0.000422,0.000009,0.000436,0.127106
70,0.007788,0.000033,0.000004,0.050441,0.000289,0.000004,0.000653,0.059215
69,0.011541,0.000036,0.000003,0.050306,0.000285,0.000004,0.000373,0.062551
77,0.008603,0.000048,0.000005,0.013494,0.000465,0.000009,0.009737,0.032373
111,0.008073,0.000036,0.000003,0.055326,0.000429,0.000007,0.000593,0.064472
79,0.008372,0.000033,0.000003,0.059260,0.000318,0.000004,0.000195,0.068188
76,0.010986,0.000039,0.000004,0.082102,0.000339,0.000006,0.000647,0.094127
68,0.007961,0.000036,0.000003,0.062372,0.000350,0.000004,0.000461,0.071189
71,0.007334,0.000035,0.000004,0.056350,0.000287,0.000004,0.000697,0.064714
70,0.007417,0.000034,0.000004,0.050512,0.000273,0.000004,0.000402,0.058648
77,0.008282,0.000036,0.000004,0.012283,0.000329,0.000006,0.000671,0.021615
78,0.008725,0.000048,0.000005,0.025156,0.000476,0.000009,0.009468,0.043895
69,0.008160,0.000033,0.000003,0.017073,0.000294,0.000004,0.000444,0.026013
71,0.008393,0.000042,0.000003,0.007722,0.000300,0.000004,0.000369,0.016835
61,0.020263,0.000039,0.000007,0.084073,0.000297,0.000005,0.009734,0.114424
43,0.009765,0.000045,0.000004,0.123262,0.000464,0.000010,0.002224,0.135780
112,0.008898,0.000044,0.000004,0.057286,0.000306,0.000008,0.000593,0.067143
80,0.008251,0.000039,0.000003,0.058385,0.000261,0.000005,0.000211,0.067156
79,0.008737,0.000053,0.000005,0.013577,0.000426,0.000009,0.008614,0.031433
72,0.007907,0.000035,0.000004,0.006726,0.000304,0.000004,0.000371,0.015354
40,0.011318,0.000046,0.000005,0.119510,0.000527,0.000009,0.012937,0.144362
113,0.008369,0.000056,0.000005,0.008236,0.000284,0.000006,0.000619,0.017578
72,0.008203,0.000035,0.000004,0.053263,0.000298,0.000004,0.000777,0.062587
55,0.008573,0.000041,0.000006,0.133325,0.000428,0.000008,0.000446,0.142832
70,0.007455,0.000033,0.000004,0.049344,0.000302,0.000004,0.000411,0.057555
61,0.012309,0.000056,0.000005,0.136340,0.000432,0.000008,0.002769,0.151929
78,0.009779,0.000042,0.000004,0.077581,0.000341,0.000006,0.000679,0.088437
73,0.007177,0.000032,0.000004,0.048266,0.000275,0.000004,0.000302,0.056062
81,0.007938,0.000035,0.000003,0.056843,0.000319,0.000005,0.000172,0.065318
114,0.007718,0.000032,0.000003,0.048767,0.000334,0.000005,0.000559,0.057423
73,0.006544,0.000028,0.000003,0.043326,0.000271,0.000004,0.000589,0.050769
79,0.009938,0.000042,0.000005,0.028662,0.000322,0.000007,0.000648,0.039629
71,0.007725,0.000034,0.000004,0.055325,0.000288,0.000004,0.000440,0.063823
44,0.009562,0.000038,0.000004,0.108996,0.000334,0.000005,0.001593,0.120538
62,0.016639,0.000048,0.000006,0.094864,0.000493,0.000010,0.020286,0.132365
115,0.006413,0.000028,0.000003,0.046418,0.000367,0.000005,0.000581,0.053818
74,0.006271,0.000029,0.000003,0.047794,0.000300,0.000004,0.000596,0.054999
74,0.007611,0.000035,0.000004,0.054048,0.000304,0.000004,0.000319,0.062326
82,0.008659,0.000034,0.000004,0.059752,0.000302,0.000006,0.000197,0.068956
80,0.009115,0.000047,0.000005,0.123044,0.000480,0.000009,0.008371,0.141082
75,0.006545,0.000029,0.000003,0.009916,0.000386,0.000004,0.000618,0.017509
75,0.014184,0.000029,0.000003,0.006058,0.000265,0.000004,0.000314,0.020859
56,0.012871,0.000040,0.000004,0.119897,0.000398,0.000011,0.000433,0.133661
83,0.008081,0.000030,0.000003,0.020025,0.000265,0.000005,0.000184,0.028595
72,0.008686,0.000048,0.000004,0.059051,0.000259,0.000004,0.000435,0.068490
41,0.012980,0.000053,0.000005,0.131470,0.000866,0.000020,0.016063,0.161469
62,0.015365,0.000051,0.000005,0.129082,0.000450,0.000008,0.002560,0.147531
116,0.007323,0.000032,0.000003,0.049128,0.000281,0.000004,0.000553,0.057328
80,0.011012,0.000043,0.000004,0.097554,0.000325,0.000007,0.000642,0.109592
76,0.007362,0.000031,0.000004,0.046784,0.000289,0.000004,0.000321,0.054795
76,0.007820,0.000034,0.000005,0.053687,0.000263,0.000004,0.000662,0.062480
45,0.007998,0.000041,0.000005,0.091588,0.000349,0.000004,0.001904,0.101895
63,0.017982,0.000048,0.000009,0.079449,0.000383,0.000004,0.008953,0.106833
64,0.017141,0.000067,0.000009,0.025156,0.000506,0.000007,0.001908,0.044803
84,0.006952,0.000033,0.000003,0.055724,0.000265,0.000006,0.000206,0.063192
73,0.008051,0.000037,0.000004,0.055538,0.000276,0.000003,0.000457,0.064370
117,0.007642,0.000033,0.000004,0.049867,0.000277,0.000004,0.000564,0.058393
81,0.008563,0.000062,0.000005,0.085615,0.000370,0.000007,0.006359,0.100988
65,0.007569,0.000041,0.000005,0.008668,0.000379,0.000007,0.001355,0.018030
64,0.439811,0.000064,0.000008,0.065580,0.000396,0.000005,0.000577,0.506444
77,0.008168,0.000036,0.000004,0.048417,0.000263,0.000004,0.000305,0.057200
77,0.007365,0.000030,0.000003,0.055368,0.000289,0.000004,0.000686,0.063749
57,0.012502,0.000062,0.000008,0.098020,0.000380,0.000008,0.000416,0.111399
65,0.015027,0.000038,0.000004,0.009474,0.000268,0.000004,0.000383,0.025199
74,0.007244,0.000038,0.000004,0.055705,0.000304,0.000004,0.000407,0.063709
85,0.007992,0.000036,0.000003,0.062314,0.000277,0.000006,0.000210,0.070841
118,0.007272,0.000032,0.000004,0.059000,0.000342,0.000004,0.000589,0.067250
66,0.008407,0.000043,0.000003,0.011633,0.000276,0.000004,0.000426,0.020795
46,0.009280,0.000041,0.000004,0.093491,0.000336,0.000005,0.001650,0.104812
63,0.009712,0.000045,0.000008,0.120107,0.000595,0.000022,0.003754,0.134253
78,0.007290,0.000028,0.000003,0.045362,0.000285,0.000004,0.000286,0.053259
42,0.015736,0.000053,0.000005,0.124519,0.000480,0.000007,0.012689,0.153499
78,0.007903,0.000037,0.000003,0.045284,0.000294,0.000004,0.000718,0.054246
81,0.011882,0.000042,0.000005,0.113617,0.000612,0.000014,0.001598,0.127780
86,0.007878,0.000031,0.000002,0.014952,0.000305,0.000006,0.000195,0.023372
82,0.007231,0.000043,0.000003,0.076050,0.000363,0.000009,0.005845,0.089551
67,0.016442,0.000032,0.000003,0.006340,0.000254,0.000004,0.000420,0.023496
47,0.010362,0.000042,0.000005,0.024391,0.000358,0.000006,0.001631,0.036801
119,0.007244,0.000033,0.000005,0.042536,0.000262,0.000004,0.000518,0.050604
66,0.007975,0.000048,0.000004,0.106773,0.000381,0.000006,0.001427,0.116622
75,0.008653,0.000032,0.000003,0.055867,0.000299,0.000004,0.000431,0.065292
58,0.009575,0.000041,0.000005,0.083106,0.000311,0.000005,0.000350,0.093396
83,0.007387,0.000045,0.000005,0.022598,0.000314,0.000006,0.005734,0.036095
79,0.008090,0.000033,0.000004,0.050241,0.000294,0.000004,0.000350,0.059019
79,0.006422,0.000033,0.000003,0.050770,0.000270,0.000004,0.000648,0.058154
87,0.011493,0.000042,0.000004,0.049816,0.000274,0.000006,0.000199,0.061837
68,0.007151,0.000029,0.000003,0.055525,0.000238,0.000004,0.000410,0.063363
80,0.008068,0.000037,0.000004,0.011462,0.000325,0.000004,0.000345,0.020246
80,0.008071,0.000033,0.000003,0.018146,0.000366,0.000004,0.000705,0.027332
120,0.007715,0.000035,0.000004,0.051786,0.000267,0.000004,0.000566,0.060379
76,0.006887,0.000035,0.000004,0.047866,0.000256,0.000004,0.000376,0.055430
69,0.007260,0.000035,0.000003,0.012294,0.000278,0.000004,0.000382,0.020259
48,0.005929,0.000038,0.000004,0.069282,0.000306,0.000005,0.001529,0.077099
81,0.007686,0.000031,0.000003,0.010154,0.000287,0.000004,0.000708,0.018878
77,0.009154,0.000036,0.000004,0.010864,0.000277,0.000004,0.000417,0.020758
43,0.012035,0.000070,0.000009,0.106098,0.000364,0.000007,0.012053,0.130644
59,0.005614,0.000033,0.000006,0.080902,0.000298,0.000005,0.000305,0.087166
82,0.007319,0.000029,0.000003,0.010537,0.000301,0.000004,0.000686,0.018884
88,0.007328,0.000034,0.000003,0.058502,0.000279,0.000005,0.000194,0.066347
82,0.012864,0.000042,0.000005,0.123614,0.000668,0.000015,0.001581,0.138799
84,0.007194,0.000044,0.000004,0.086360,0.000375,0.000006,0.005561,0.099551
81,0.008106,0.000033,0.000004,0.066262,0.000294,0.000004,0.000378,0.075084
121,0.007358,0.000031,0.000003,0.051488,0.000293,0.000005,0.000620,0.059800
70,0.007201,0.000034,0.000004,0.058130,0.000282,0.000004,0.000410,0.066067
60,0.009208,0.000039,0.000005,0.027933,0.000333,0.000006,0.000331,0.037857
78,0.006845,0.000035,0.000004,0.046598,0.000231,0.000004,0.000360,0.054077
67,0.008196,0.000047,0.000005,0.142250,0.000440,0.000010,0.001743,0.152698
83,0.007125,0.000031,0.000003,0.054272,0.000343,0.000004,0.000617,0.062399
89,0.008606,0.000036,0.000003,0.049748,0.000256,0.000005,0.000209,0.058865
49,0.009801,0.000039,0.000004,0.085399,0.000326,0.000006,0.001772,0.097353
82,0.007786,0.000033,0.000003,0.049915,0.000303,0.000004,0.000323,0.058370
122,0.010865,0.000042,0.000004,0.050347,0.000299,0.000005,0.000578,0.062144
71,0.005981,0.000028,0.000003,0.053566,0.000272,0.000004,0.000366,0.060222
85,0.006949,0.000045,0.000004,0.075814,0.000299,0.000006,0.005061,0.088185
79,0.008854,0.000047,0.000004,0.054751,0.000263,0.000004,0.000401,0.064326
84,0.007694,0.000032,0.000003,0.053659,0.000367,0.000005,0.000682,0.062445
86,0.005713,0.000035,0.000003,0.006663,0.000300,0.000005,0.005289,0.018016
61,0.006721,0.000038,0.000004,0.083465,0.000329,0.000006,0.000344,0.090911
83,0.007702,0.000035,0.000004,0.044458,0.000270,0.000004,0.000301,0.052775
90,0.007541,0.000033,0.000004,0.058901,0.000287,0.000006,0.000204,0.066978
123,0.007381,0.000030,0.000003,0.051070,0.000268,0.000004,0.000550,0.059308
72,0.011740,0.000042,0.000004,0.056496,0.000283,0.000005,0.000391,0.068965
91,0.013342,0.000043,0.000004,0.012361,0.000283,0.000005,0.000202,0.026242
50,0.008313,0.000040,0.000004,0.083864,0.000350,0.000006,0.001719,0.094303
44,0.023316,0.000050,0.000004,0.142008,0.000465,0.000009,0.014532,0.180393
80,0.008286,0.000035,0.000004,0.054790,0.000271,0.000004,0.000412,0.063806
83,0.013256,0.000043,0.000005,0.150670,0.000472,0.000011,0.000910,0.165374
85,0.007898,0.000030,0.000003,0.051956,0.000307,0.000004,0.000660,0.060862
73,0.006337,0.000031,0.000003,0.011341,0.000238,0.000004,0.000368,0.018324
84,0.006594,0.000028,0.000003,0.045148,0.000236,0.000004,0.000273,0.052289
87,0.007145,0.000041,0.000003,0.057759,0.000343,0.000006,0.005208,0.070513
86,0.006369,0.000031,0.000003,0.004590,0.000309,0.000005,0.000694,0.012005
62,0.006927,0.000062,0.000006,0.071542,0.000326,0.000006,0.000372,0.079244
124,0.007437,0.000057,0.000003,0.051404,0.000278,0.000004,0.000590,0.059777
51,0.010628,0.000045,0.000004,0.025012,0.000309,0.000006,0.001601,0.037608
68,0.007868,0.000045,0.000005,0.156992,0.000446,0.000010,0.001704,0.167080
92,0.007433,0.000032,0.000004,0.060221,0.000323,0.000004,0.000199,0.068219
81,0.007781,0.000037,0.000005,0.056756,0.000265,0.000003,0.000425,0.065275
74,0.007487,0.000036,0.000003,0.047750,0.000269,0.000004,0.000356,0.055906
85,0.008220,0.000035,0.000003,0.047205,0.000258,0.000004,0.000311,0.056039
45,0.012230,0.000046,0.000004,0.020846,0.000411,0.000007,0.041733,0.075290
87,0.007325,0.000032,0.000003,0.049886,0.000295,0.000004,0.000594,0.058143
125,0.008458,0.000034,0.000004,0.047351,0.000271,0.000004,0.000584,0.056711
88,0.005931,0.000035,0.000003,0.075623,0.000321,0.000005,0.005122,0.087047
52,0.006308,0.000035,0.000004,0.079979,0.000315,0.000004,0.001772,0.088425
93,0.008110,0.000030,0.000003,0.055103,0.000306,0.000005,0.000212,0.063771
75,0.005949,0.000033,0.000003,0.053169,0.000246,0.000004,0.000350,0.059757
86,0.007953,0.000033,0.000003,0.052048,0.000296,0.000004,0.000294,0.060633
82,0.007039,0.000030,0.000004,0.059977,0.000267,0.000004,0.000401,0.067723
64,0.019363,0.000092,0.000009,0.143226,0.000642,0.000010,0.028079,0.191440
88,0.007717,0.000034,0.000004,0.052227,0.000279,0.000004,0.000671,0.060940
89,0.008116,0.000062,0.000007,0.023520,0.000483,0.000010,0.006073,0.038275
94,0.007285,0.000031,0.000003,0.011291,0.000275,0.000005,0.000198,0.019090
126,0.007989,0.000034,0.000003,0.051408,0.000332,0.000004,0.000586,0.060363
84,0.012722,0.000061,0.000004,0.137388,0.000319,0.000007,0.000627,0.151131
89,0.008090,0.000033,0.000004,0.006152,0.000360,0.000005,0.000787,0.015436
63,0.006020,0.000036,0.000006,0.129892,0.000456,0.000009,0.000458,0.136882
46,0.010269,0.000044,0.000004,0.090837,0.000387,0.000005,0.009928,0.111480
87,0.007016,0.000031,0.000003,0.049181,0.000279,0.000004,0.000317,0.056833
76,0.007581,0.000031,0.000003,0.052529,0.000240,0.000004,0.000372,0.060763
85,0.010278,0.000040,0.000004,0.028463,0.000360,0.000007,0.000811,0.039969
83,0.008264,0.000031,0.000003,0.052955,0.000257,0.000003,0.000405,0.061922
65,0.010804,0.000040,0.000005,0.039010,0.000338,0.000005,0.014512,0.064724
95,0.007487,0.000032,0.000003,0.053635,0.000283,0.000005,0.000197,0.061643
127,0.007443,0.000033,0.000003,0.052600,0.000250,0.000004,0.000540,0.060877
69,0.011370,0.000054,0.000005,0.165560,0.000522,0.000009,0.002021,0.179549
84,0.006380,0.000030,0.000003,0.017219,0.000275,0.000004,0.000381,0.024296
90,0.008465,0.000039,0.000004,0.052130,0.000299,0.000004,0.000682,0.061625
53,0.007918,0.000044,0.000004,0.095192,0.000479,0.000009,0.002227,0.105878
85,0.007124,0.000034,0.000003,0.011794,0.000266,0.000004,0.000420,0.019649
90,0.008413,0.000052,0.000006,0.085790,0.000315,0.000006,0.007154,0.101745
77,0.006994,0.000031,0.000003,0.049240,0.000262,0.000004,0.000392,0.056928
88,0.007404,0.000034,0.000003,0.054145,0.000318,0.000004,0.000280,0.062190
66,0.010477,0.000045,0.000003,0.028134,0.000401,0.000007,0.014282,0.053359
54,0.008162,0.000043,0.000004,0.021595,0.000315,0.000005,0.001653,0.031783
89,0.006896,0.000032,0.000004,0.004486,0.000284,0.000005,0.000330,0.012039
96,0.009203,0.000034,0.000004,0.056479,0.000325,0.000007,0.000192,0.066245
91,0.007320,0.000036,0.000003,0.052821,0.000315,0.000004,0.000621,0.061122
55,0.006861,0.000039,0.000004,0.022280,0.000387,0.000005,0.001918,0.031501
86,0.010199,0.000042,0.000004,0.094187,0.000360,0.000008,0.000661,0.105467
86,0.008002,0.000037,0.000004,0.054141,0.000282,0.000004,0.000404,0.062876
47,0.009831,0.000038,0.000003,0.105825,0.000363,0.000005,0.009977,0.126052
78,0.007553,0.000033,0.000003,0.057639,0.000274,0.000004,0.000375,0.065885
90,0.007510,0.000036,0.000003,0.046707,0.000304,0.000004,0.000354,0.054921
97,0.007241,0.000029,0.000003,0.056972,0.000282,0.000005,0.000188,0.064723
91,0.007684,0.000047,0.000005,0.085921,0.000318,0.000005,0.005655,0.099642
92,0.007630,0.000033,0.000003,0.051195,0.000267,0.000004,0.000660,0.059793
67,0.008588,0.000036,0.000004,0.074030,0.000296,0.000004,0.012122,0.095089
93,0.007099,0.000031,0.000004,0.004638,0.000282,0.000005,0.000654,0.012717
98,0.008219,0.000036,0.000003,0.013291,0.000273,0.000004,0.000173,0.022002
87,0.007975,0.000038,0.000004,0.054180,0.000294,0.000004,0.000387,0.062883
79,0.012356,0.000030,0.000003,0.049575,0.000247,0.000004,0.000357,0.062575
91,0.008340,0.000036,0.000003,0.050109,0.000281,0.000004,0.000350,0.059125
92,0.006938,0.000037,0.000005,0.021483,0.000395,0.000008,0.006283,0.035156
94,0.006250,0.000026,0.000002,0.010832,0.000281,0.000004,0.000733,0.018132
70,0.011694,0.000053,0.000004,0.159167,0.000498,0.000009,0.001956,0.173390
87,0.010849,0.000040,0.000003,0.081115,0.000295,0.000006,0.000639,0.092950
56,0.006999,0.000037,0.000004,0.090905,0.000313,0.000005,0.001510,0.099776
88,0.008610,0.000035,0.000004,0.012188,0.000299,0.000004,0.000518,0.021662
92,0.014901,0.000063,0.000007,0.013630,0.000279,0.000004,0.000359,0.029245
89,0.007532,0.000033,0.000004,0.015806,0.000262,0.000004,0.000429,0.024072
99,0.007118,0.000030,0.000003,0.050313,0.000272,0.000006,0.000206,0.057950
80,0.006955,0.000030,0.000003,0.045629,0.000259,0.000004,0.000393,0.053275
48,0.009387,0.000044,0.000004,0.099777,0.000492,0.000010,0.013966,0.123690
95,0.008133,0.000035,0.000003,0.050870,0.000292,0.000004,0.000744,0.060086
81,0.007077,0.000031,0.000003,0.010765,0.000282,0.000004,0.000388,0.018553
128,0.011595,0.000080,0.000004,0.006374,0.000308,0.000005,0.004580,0.022951
93,0.006117,0.000036,0.000004,0.066871,0.000322,0.000006,0.005228,0.078591
93,0.007663,0.000031,0.000003,0.042603,0.000279,0.000004,0.000395,0.050980
96,0.007371,0.000033,0.000003,0.012540,0.000263,0.000004,0.000670,0.020887
68,0.018661,0.000047,0.000003,0.092958,0.000356,0.000005,0.013007,0.125047
88,0.009397,0.000036,0.000004,0.082471,0.000338,0.000006,0.000597,0.092854
94,0.006853,0.000042,0.000004,0.009432,0.000358,0.000009,0.005778,0.022483
100,0.008439,0.000056,0.000004,0.052430,0.000266,0.000005,0.000196,0.061399
82,0.022074,0.000038,0.000003,0.015606,0.000283,0.000004,0.000476,0.038486
90,0.007345,0.000033,0.000004,0.058545,0.000259,0.000004,0.000585,0.066777
57,0.012034,0.000055,0.000006,0.096659,0.000347,0.000004,0.001848,0.110962
94,0.007338,0.000037,0.000003,0.043379,0.000286,0.000006,0.000387,0.051439
129,0.008596,0.000030,0.000003,0.052883,0.000297,0.000005,0.003278,0.065097
97,0.007139,0.000030,0.000003,0.069661,0.000348,0.000004,0.000837,0.078024
91,0.007889,0.000033,0.000004,0.052676,0.000249,0.000004,0.000427,0.061282
101,0.005925,0.000027,0.000003,0.059508,0.000393,0.000013,0.000212,0.066086
83,0.021977,0.000033,0.000004,0.045623,0.000252,0.000004,0.000385,0.068279
49,0.008841,0.000042,0.000005,0.106253,0.000439,0.000007,0.012149,0.127745
71,0.011979,0.000054,0.000006,0.162777,0.000459,0.000010,0.002052,0.177343
95,0.009728,0.000032,0.000003,0.050692,0.000319,0.000004,0.000353,0.061132
130,0.008147,0.000049,0.000004,0.055541,0.000332,0.000004,0.003360,0.067442
69,0.009053,0.000037,0.000003,0.096044,0.000371,0.000007,0.014114,0.119637
89,0.009383,0.000039,0.000004,0.100669,0.000363,0.000020,0.000752,0.111235
98,0.007592,0.000028,0.000003,0.044177,0.000290,0.000004,0.000631,0.052729
58,0.009037,0.000038,0.000004,0.087129,0.000355,0.000004,0.001690,0.098264
95,0.005936,0.000040,0.000004,0.112613,0.000482,0.000008,0.007141,0.126234
99,0.006643,0.000030,0.000003,0.004222,0.000257,0.000004,0.000603,0.011764
102,0.009147,0.000035,0.000004,0.051380,0.000336,0.000004,0.000198,0.061106
92,0.007483,0.000034,0.000004,0.055553,0.000278,0.000004,0.000412,0.063770
84,0.013175,0.000035,0.000004,0.049441,0.000240,0.000005,0.000367,0.063269
96,0.007386,0.000031,0.000004,0.042668,0.000278,0.000004,0.000303,0.050677
103,0.006951,0.000030,0.000003,0.013326,0.000305,0.000006,0.000234,0.020859
131,0.008082,0.000033,0.000003,0.049164,0.000300,0.000006,0.003139,0.060732
97,0.007966,0.000036,0.000004,0.010893,0.000320,0.000004,0.000309,0.019534
104,0.007511,0.000037,0.000003,0.005976,0.000297,0.000005,0.000224,0.014055
50,0.009488,0.000040,0.000004,0.090151,0.000340,0.000005,0.009556,0.109592
100,0.007278,0.000028,0.000003,0.050938,0.000251,0.000004,0.000670,0.059174
93,0.005969,0.000029,0.000004,0.053755,0.000281,0.000004,0.000384,0.060428
90,0.009787,0.000037,0.000004,0.080932,0.000342,0.000006,0.000652,0.091766
85,0.007026,0.000030,0.000003,0.055831,0.000264,0.000004,0.000392,0.063552
101,0.007198,0.000031,0.000003,0.009682,0.000300,0.000004,0.000656,0.017877
59,0.008840,0.000051,0.000004,0.087258,0.000329,0.000007,0.001757,0.098253
98,0.007715,0.000035,0.000004,0.049402,0.000289,0.000004,0.000324,0.057776
105,0.006915,0.000035,0.000004,0.045769,0.000258,0.000004,0.000177,0.053164
132,0.007318,0.000031,0.000003,0.055261,0.000301,0.000005,0.002728,0.065651
51,0.009017,0.000040,0.000004,0.023156,0.000338,0.000004,0.010619,0.043186
96,0.009331,0.000055,0.000005,0.094981,0.000333,0.000007,0.005721,0.110441
91,0.010455,0.000045,0.000005,0.030214,0.000350,0.000008,0.000632,0.041712
94,0.009156,0.000038,0.000004,0.051531,0.000276,0.000004,0.000414,0.061426
86,0.007691,0.000039,0.000003,0.047463,0.000235,0.000004,0.000359,0.055796
102,0.006546,0.000031,0.000003,0.043405,0.000269,0.000004,0.000570,0.050831
70,0.012630,0.000044,0.000004,0.143502,0.000491,0.000008,0.021657,0.178345
99,0.007630,0.000035,0.000004,0.049555,0.000269,0.000004,0.000329,0.057828
72,0.022869,0.000053,0.000006,0.184731,0.000572,0.000009,0.001894,0.210141
87,0.015589,0.000033,0.000003,0.012114,0.000256,0.000004,0.000391,0.028391
106,0.008233,0.000030,0.000003,0.054000,0.000246,0.000005,0.000203,0.062724
133,0.007532,0.000037,0.000003,0.053390,0.000304,0.000004,0.002797,0.064072
103,0.007014,0.000031,0.000004,0.047871,0.000263,0.000004,0.000614,0.055804
95,0.007914,0.000031,0.000003,0.052366,0.000267,0.000004,0.000430,0.061018
60,0.006923,0.000040,0.000004,0.098753,0.000372,0.000006,0.001873,0.107978
52,0.009504,0.000047,0.000004,0.078371,0.000339,0.000004,0.011277,0.099554
97,0.006951,0.000038,0.000004,0.087252,0.000483,0.000013,0.008834,0.103586
92,0.009558,0.000036,0.000004,0.086692,0.000355,0.000006,0.000706,0.097364
100,0.008044,0.000036,0.000003,0.049717,0.000273,0.000004,0.000332,0.058413
88,0.015253,0.000033,0.000003,0.048728,0.000246,0.000004,0.000372,0.064642
107,0.007982,0.000035,0.000004,0.056802,0.000300,0.000006,0.000191,0.065321
134,0.011859,0.000050,0.000005,0.047894,0.000290,0.000004,0.002935,0.063043
89,0.006021,0.000028,0.000003,0.010931,0.000269,0.000004,0.000365,0.017623
96,0.007340,0.000031,0.000004,0.049396,0.000279,0.000004,0.000407,0.057463
104,0.007103,0.000036,0.000005,0.052961,0.000255,0.000004,0.000633,0.061000
64,0.017903,0.000071,0.000007,0.048033,0.000459,0.000007,0.001036,0.067522
97,0.005841,0.000029,0.000003,0.008683,0.000249,0.000004,0.000406,0.015219
101,0.006196,0.000029,0.000004,0.051014,0.000305,0.000004,0.000291,0.057845
135,0.007114,0.000030,0.000003,0.045456,0.000322,0.000004,0.002945,0.055879
98,0.007972,0.000038,0.000004,0.007737,0.000298,0.000004,0.000407,0.016462
108,0.006422,0.000030,0.000004,0.055540,0.000276,0.000005,0.000196,0.062475
73,0.024268,0.000062,0.000005,0.117830,0.000346,0.000005,0.001143,0.143663
61,0.008549,0.000044,0.000004,0.101546,0.000366,0.000004,0.002007,0.112529
53,0.012333,0.000036,0.000004,0.087492,0.000355,0.000005,0.010094,0.110327
71,0.011847,0.000054,0.000006,0.133869,0.000358,0.000005,0.013901,0.160048
90,0.016100,0.000030,0.000003,0.050679,0.000266,0.000004,0.000395,0.067479
105,0.007552,0.000034,0.000004,0.058203,0.000308,0.000004,0.000660,0.066767
93,0.009680,0.000043,0.000004,0.111778,0.000349,0.000006,0.000647,0.122511
102,0.007458,0.000030,0.000003,0.054618,0.000279,0.000004,0.000347,0.062742
98,0.014566,0.000050,0.000006,0.107652,0.000438,0.000007,0.007102,0.129830
72,0.009023,0.000046,0.000004,0.010183,0.000333,0.000004,0.014010,0.033610
136,0.007539,0.000039,0.000003,0.051454,0.000301,0.000004,0.002806,0.062151
99,0.007628,0.000042,0.000004,0.054976,0.000295,0.000004,0.000417,0.063367
109,0.007351,0.000029,0.000003,0.056775,0.000303,0.000005,0.000170,0.064638
94,0.011887,0.000045,0.000005,0.022461,0.000315,0.000007,0.000649,0.035371
54,0.012816,0.000044,0.000005,0.040485,0.000618,0.000005,0.011406,0.065402
91,0.007325,0.000030,0.000003,0.056040,0.000256,0.000004,0.000378,0.064037
110,0.009074,0.000034,0.000003,0.011028,0.000292,0.000005,0.000192,0.020629
106,0.007640,0.000034,0.000003,0.052621,0.000293,0.000004,0.000662,0.061262
65,0.007270,0.000038,0.000006,0.122532,0.000519,0.000013,0.001378,0.131761
103,0.007803,0.000034,0.000004,0.047516,0.000278,0.000004,0.000317,0.055959
62,0.006960,0.000039,0.000004,0.082037,0.000315,0.000005,0.001744,0.091110
74,0.010326,0.000054,0.000005,0.098199,0.000356,0.000007,0.001091,0.110042
104,0.007463,0.000035,0.000004,0.006834,0.000287,0.000004,0.000357,0.014987
66,0.007012,0.000037,0.000005,0.016458,0.000330,0.000006,0.000755,0.024609
100,0.008267,0.000035,0.000004,0.053058,0.000249,0.000004,0.000407,0.062027
137,0.007389,0.000034,0.000004,0.062021,0.000286,0.000004,0.003594,0.073335
63,0.007336,0.000037,0.000004,0.029168,0.000337,0.000004,0.001813,0.038704
107,0.006849,0.000030,0.000004,0.047060,0.000288,0.000004,0.000597,0.054835
73,0.008439,0.000039,0.000004,0.077907,0.000295,0.000003,0.012150,0.098845
138,0.009212,0.000037,0.000003,0.011151,0.000291,0.000004,0.002920,0.023623
111,0.006835,0.000032,0.000004,0.056870,0.000264,0.000005,0.000167,0.064178
99,0.009668,0.000049,0.000006,0.099287,0.000377,0.000007,0.006827,0.116230
75,0.015204,0.000041,0.000004,0.025795,0.000313,0.000004,0.000962,0.042327
108,0.007442,0.000028,0.000003,0.005788,0.000251,0.000004,0.000588,0.014108
92,0.014860,0.000036,0.000004,0.057975,0.000237,0.000004,0.000361,0.073478
95,0.009262,0.000041,0.000004,0.077765,0.000355,0.000007,0.000652,0.088088
101,0.007967,0.000037,0.000004,0.051163,0.000249,0.000004,0.000427,0.059854
100,0.006419,0.000039,0.000005,0.007846,0.000395,0.000007,0.005323,0.020039
105,0.007224,0.000034,0.000003,0.069893,0.000288,0.000004,0.000307,0.077755
139,0.006360,0.000028,0.000003,0.041291,0.000260,0.000004,0.002620,0.050571
67,0.006504,0.000042,0.000005,0.082674,0.000356,0.000006,0.000852,0.090445
109,0.006579,0.000035,0.000003,0.045418,0.000275,0.000005,0.000597,0.052915
112,0.008461,0.000035,0.000004,0.052979,0.000254,0.000006,0.000200,0.061941
93,0.007853,0.000034,0.000003,0.053475,0.000281,0.000004,0.000397,0.062049
55,0.013504,0.000058,0.000009,0.129865,0.000427,0.000009,0.013090,0.156972
102,0.007231,0.000034,0.000003,0.054339,0.000295,0.000003,0.000413,0.062321
106,0.010257,0.000034,0.000003,0.045501,0.000253,0.000005,0.000271,0.056327
140,0.007551,0.000033,0.000003,0.046013,0.000274,0.000004,0.002998,0.056881
74,0.009749,0.000043,0.000005,0.093648,0.000370,0.000004,0.014082,0.117908
96,0.009778,0.000038,0.000004,0.090075,0.000301,0.000007,0.000658,0.100865
103,0.008783,0.000038,0.000004,0.010509,0.000244,0.000004,0.000407,0.019993
76,0.010343,0.000040,0.000005,0.100371,0.000333,0.000006,0.001076,0.112180
110,0.007434,0.000031,0.000003,0.048503,0.000264,0.000003,0.000611,0.056852
113,0.007340,0.000034,0.000003,0.055612,0.000311,0.000004,0.000190,0.063497
94,0.007141,0.000041,0.000003,0.052168,0.000248,0.000004,0.000373,0.059980
104,0.007110,0.000031,0.000004,0.008063,0.000279,0.000004,0.000449,0.015943
111,0.006142,0.000028,0.000003,0.013401,0.000304,0.000005,0.000578,0.020466
101,0.007369,0.000045,0.000004,0.099337,0.000644,0.000021,0.011749,0.119177
107,0.007055,0.000031,0.000004,0.043541,0.000267,0.000004,0.000327,0.051230
95,0.013131,0.000033,0.000003,0.004105,0.000249,0.000004,0.000371,0.017897
141,0.006430,0.000029,0.000004,0.046150,0.000234,0.000004,0.002532,0.055385
105,0.009737,0.000037,0.000004,0.050155,0.000286,0.000004,0.000418,0.060642
112,0.006259,0.000028,0.000003,0.048282,0.000299,0.000004,0.000535,0.055415
96,0.005958,0.000029,0.000003,0.042516,0.000238,0.000004,0.000364,0.049115
108,0.007073,0.000032,0.000003,0.045074,0.000266,0.000004,0.000295,0.052748
77,0.009548,0.000036,0.000004,0.080089,0.000319,0.000005,0.001084,0.091092
75,0.009085,0.000035,0.000004,0.077011,0.000305,0.000004,0.017360,0.103815
68,0.016719,0.000072,0.000007,0.147518,0.000489,0.000010,0.001348,0.166170
114,0.008696,0.000033,0.000003,0.079055,0.000386,0.000009,0.000305,0.088491
109,0.006950,0.000031,0.000003,0.005385,0.000243,0.000003,0.000294,0.012912
142,0.007192,0.000034,0.000003,0.049784,0.000278,0.000004,0.002907,0.060208
97,0.009293,0.000037,0.000004,0.108382,0.000482,0.000007,0.000668,0.118886
97,0.014689,0.000029,0.000003,0.009706,0.000274,0.000004,0.000416,0.025125
56,0.014314,0.000087,0.000013,0.133746,0.000392,0.000007,0.018089,0.166662
113,0.006006,0.000027,0.000003,0.040822,0.000251,0.000004,0.000570,0.047687
143,0.006858,0.000030,0.000003,0.012492,0.000236,0.000004,0.002927,0.022555
106,0.007190,0.000031,0.000004,0.052774,0.000291,0.000004,0.000434,0.060731
110,0.006957,0.000029,0.000003,0.045243,0.000267,0.000004,0.000303,0.052808
107,0.007165,0.000033,0.000003,0.022722,0.000303,0.000004,0.000430,0.030662
98,0.006790,0.000032,0.000003,0.052886,0.000287,0.000004,0.000360,0.060365
114,0.007199,0.000034,0.000003,0.047929,0.000303,0.000004,0.000622,0.056099
144,0.007143,0.000032,0.000003,0.048462,0.000236,0.000004,0.002895,0.058782
115,0.009651,0.000042,0.000004,0.083068,0.000293,0.000004,0.000193,0.093258
78,0.014620,0.000069,0.000005,0.091062,0.000329,0.000004,0.001243,0.107337
111,0.006959,0.000030,0.000004,0.039795,0.000292,0.000004,0.000298,0.047385
76,0.010749,0.000046,0.000004,0.105113,0.000416,0.000005,0.014091,0.130433
112,0.007165,0.000033,0.000003,0.009726,0.000309,0.000004,0.000281,0.017523
102,0.011249,0.000058,0.000007,0.180148,0.000529,0.000014,0.009593,0.201609
108,0.007521,0.000036,0.000003,0.052126,0.000265,0.000004,0.000416,0.060373
99,0.017047,0.000042,0.000004,0.043248,0.000267,0.000004,0.000345,0.060959
115,0.006193,0.000027,0.000003,0.040489,0.000274,0.000005,0.000572,0.047566
98,0.013420,0.000057,0.000008,0.118552,0.000430,0.000007,0.000965,0.133446
113,0.007173,0.000030,0.000003,0.008044,0.000329,0.000004,0.000313,0.015900
145,0.006008,0.000028,0.000004,0.043582,0.000240,0.000004,0.002576,0.052446
69,0.025932,0.000087,0.000012,0.131584,0.000403,0.000011,0.001349,0.159386
100,0.015032,0.000032,0.000003,0.006212,0.000262,0.000004,0.000395,0.021943
114,0.007263,0.000032,0.000003,0.005495,0.000292,0.000004,0.000345,0.013437
116,0.008026,0.000029,0.000003,0.055892,0.000255,0.000005,0.000190,0.064401
103,0.009637,0.000057,0.000005,0.015652,0.000490,0.000014,0.008480,0.034345
57,0.013242,0.000055,0.000004,0.135556,0.000473,0.000007,0.012685,0.162031
101,0.015944,0.000032,0.000003,0.011455,0.000274,0.000004,0.000367,0.028081
116,0.007540,0.000034,0.000003,0.048419,0.000272,0.000004,0.000616,0.056890
109,0.007202,0.000033,0.000003,0.056822,0.000273,0.000004,0.000424,0.064763
104,0.013789,0.000076,0.000010,0.015519,0.000442,0.000011,0.009244,0.039101
146,0.007955,0.000033,0.000004,0.049427,0.000295,0.000004,0.002825,0.060547
79,0.017168,0.000041,0.000003,0.092593,0.000367,0.000005,0.001177,0.111360
115,0.007018,0.000032,0.000003,0.041753,0.000255,0.000004,0.000271,0.049338
70,0.021295,0.000038,0.000005,0.031359,0.000341,0.000006,0.000947,0.053996
117,0.006882,0.000030,0.000003,0.009928,0.000350,0.000004,0.000610,0.017816
77,0.009210,0.000037,0.000004,0.080974,0.000364,0.000004,0.013776,0.104376
116,0.007212,0.000036,0.000004,0.004802,0.000290,0.000005,0.000319,0.012671
110,0.009216,0.000042,0.000005,0.015411,0.000256,0.000005,0.000404,0.025340
64,0.023917,0.000074,0.000007,0.126643,0.000443,0.000005,0.008284,0.159394
117,0.007113,0.000029,0.000003,0.062913,0.000333,0.000004,0.000223,0.070621
102,0.013966,0.000031,0.000003,0.039509,0.000234,0.000004,0.000365,0.054115
147,0.007199,0.000034,0.000003,0.040660,0.000279,0.000004,0.002919,0.051102
118,0.010703,0.000045,0.000004,0.010767,0.000276,0.000004,0.000188,0.021989
118,0.007857,0.000035,0.000005,0.043290,0.000289,0.000004,0.000637,0.052122
99,0.011273,0.000047,0.000006,0.119407,0.000374,0.000007,0.000628,0.131746
148,0.006973,0.000034,0.000003,0.007807,0.000276,0.000004,0.002852,0.017955
117,0.007522,0.000032,0.000004,0.045424,0.000290,0.000004,0.000287,0.053566
111,0.008906,0.000080,0.000006,0.047036,0.000258,0.000004,0.000390,0.056683
58,0.011225,0.000050,0.000005,0.092264,0.000392,0.000005,0.010784,0.114732
149,0.006760,0.000039,0.000003,0.009123,0.000285,0.000004,0.002877,0.019096
103,0.013838,0.000033,0.000003,0.049048,0.000259,0.000004,0.000391,0.063578
80,0.012940,0.000037,0.000005,0.093152,0.000341,0.000004,0.001128,0.107652
119,0.006849,0.000030,0.000003,0.049609,0.000269,0.000004,0.000189,0.056954
71,0.020679,0.000035,0.000006,0.084710,0.000348,0.000007,0.000852,0.106642
78,0.009275,0.000045,0.000004,0.076361,0.000348,0.000004,0.013325,0.099368
150,0.009225,0.000037,0.000004,0.008267,0.000262,0.000003,0.002874,0.020675
64,0.022554,0.000090,0.000012,0.142518,0.001113,0.000023,0.002015,0.168351
100,0.010977,0.000042,0.000004,0.040651,0.000304,0.000006,0.000628,0.052618
119,0.006952,0.000031,0.000003,0.049611,0.000281,0.000004,0.000631,0.057515
59,0.009486,0.000038,0.000005,0.015796,0.000298,0.000006,0.008950,0.034585
118,0.006762,0.000030,0.000004,0.043306,0.000273,0.000003,0.000342,0.050722
65,0.007998,0.000041,0.000006,0.011736,0.000299,0.000005,0.000585,0.020674
119,0.005924,0.000033,0.000004,0.003949,0.000298,0.000005,0.000374,0.010589
65,0.012123,0.000043,0.000005,0.097822,0.000370,0.000006,0.007109,0.117484
112,0.007910,0.000035,0.000004,0.054790,0.000293,0.000004,0.000441,0.063478
105,0.009364,0.000051,0.000005,0.144068,0.000471,0.000008,0.008408,0.162382
104,0.010351,0.000032,0.000004,0.050809,0.000261,0.000004,0.000369,0.061831
79,0.009818,0.000044,0.000004,0.023309,0.000338,0.000004,0.013680,0.047206
120,0.006881,0.000038,0.000003,0.049600,0.000303,0.000004,0.000188,0.057018
151,0.007143,0.000033,0.000003,0.048613,0.000274,0.000004,0.002814,0.058890
120,0.009949,0.000045,0.000004,0.043901,0.000313,0.000004,0.000619,0.054839
66,0.009914,0.000036,0.000004,0.024285,0.000459,0.000006,0.000659,0.035367
152,0.007056,0.000030,0.000003,0.005351,0.000273,0.000004,0.002700,0.015420
120,0.007828,0.000034,0.000003,0.043198,0.000287,0.000004,0.000356,0.051713
113,0.007180,0.000037,0.000005,0.046735,0.000266,0.000004,0.000382,0.054611
105,0.005928,0.000031,0.000003,0.043566,0.000251,0.000004,0.000373,0.050159
121,0.006684,0.000033,0.000003,0.009443,0.000312,0.000004,0.000397,0.016880
67,0.009849,0.000048,0.000006,0.032853,0.000414,0.000006,0.000622,0.043802
106,0.007207,0.000033,0.000003,0.006883,0.000279,0.000005,0.000435,0.014848
60,0.008060,0.000035,0.000004,0.087093,0.000300,0.000005,0.009262,0.104768
121,0.006035,0.000028,0.000003,0.044491,0.000275,0.000004,0.000535,0.051374
121,0.007090,0.000032,0.000003,0.052912,0.000262,0.000004,0.000190,0.060495
101,0.010687,0.000037,0.000005,0.108381,0.000482,0.000012,0.001072,0.120684
153,0.006875,0.000029,0.000003,0.047566,0.000295,0.000004,0.002837,0.057615
81,0.023557,0.000041,0.000004,0.125705,0.000426,0.000007,0.001622,0.151371
114,0.006814,0.000032,0.000004,0.049790,0.000314,0.000004,0.000412,0.057372
72,0.011552,0.000051,0.000006,0.135130,0.000414,0.000010,0.001263,0.148433
66,0.009425,0.000042,0.000004,0.116902,0.000401,0.000006,0.007550,0.134336
122,0.006772,0.000030,0.000004,0.050697,0.000323,0.000004,0.000409,0.058246
80,0.008301,0.000042,0.000003,0.091592,0.000341,0.000004,0.017824,0.118121
107,0.005905,0.000030,0.000003,0.047657,0.000243,0.000004,0.000343,0.054187
102,0.012446,0.000042,0.000003,0.027740,0.000322,0.000007,0.000616,0.041180
122,0.007847,0.000033,0.000003,0.047912,0.000295,0.000004,0.000637,0.056735
122,0.007594,0.000033,0.000004,0.056781,0.000307,0.000004,0.000207,0.064933
123,0.007576,0.000032,0.000003,0.006788,0.000266,0.000004,0.000604,0.015275
154,0.007172,0.000031,0.000003,0.052016,0.000325,0.000003,0.002742,0.062297
106,0.010839,0.000047,0.000005,0.144377,0.000503,0.000014,0.011341,0.167137
115,0.007121,0.000036,0.000004,0.048061,0.000267,0.000005,0.000413,0.055907
61,0.009497,0.000036,0.000005,0.077223,0.000347,0.000004,0.010400,0.097519
68,0.009512,0.000043,0.000004,0.092641,0.000362,0.000006,0.000631,0.103206
73,0.018465,0.000057,0.000006,0.043366,0.000424,0.000011,0.001250,0.063587
123,0.007157,0.000042,0.000005,0.048858,0.000296,0.000004,0.000398,0.056760
108,0.006323,0.000031,0.000004,0.047011,0.000231,0.000004,0.000345,0.053951
116,0.007114,0.000036,0.000004,0.015865,0.000313,0.000004,0.000399,0.023737
124,0.005892,0.000035,0.000003,0.005020,0.000280,0.000005,0.000414,0.011651
123,0.007316,0.000031,0.000003,0.048646,0.000282,0.000004,0.000166,0.056449
124,0.008327,0.000038,0.000004,0.044435,0.000265,0.000004,0.000634,0.053711
155,0.007064,0.000030,0.000003,0.047858,0.000285,0.000004,0.002869,0.058119
124,0.007818,0.000034,0.000002,0.014076,0.000302,0.000004,0.000199,0.022437
103,0.009332,0.000042,0.000004,0.093974,0.000316,0.000007,0.000690,0.104368
81,0.009676,0.000055,0.000006,0.087902,0.000387,0.000004,0.014284,0.112322
156,0.007259,0.000032,0.000004,0.009129,0.000283,0.000004,0.002889,0.019604
125,0.007073,0.000029,0.000003,0.041085,0.000264,0.000004,0.000396,0.048857
109,0.014542,0.000031,0.000003,0.051334,0.000258,0.000004,0.000373,0.066547
117,0.006508,0.000032,0.000003,0.050674,0.000261,0.000004,0.000368,0.057853
126,0.006550,0.000030,0.000003,0.004520,0.000245,0.000004,0.000428,0.011782
125,0.006866,0.000030,0.000003,0.047501,0.000270,0.000004,0.000779,0.055457
82,0.019313,0.000046,0.000004,0.140796,0.000437,0.000008,0.001547,0.162159
62,0.009657,0.000046,0.000004,0.088419,0.000363,0.000004,0.011415,0.109914
125,0.007134,0.000040,0.000003,0.050608,0.000283,0.000006,0.000185,0.058260
69,0.008368,0.000034,0.000007,0.106136,0.000416,0.000007,0.000621,0.115594
74,0.015780,0.000045,0.000006,0.102444,0.000346,0.000006,0.000701,0.119331
67,0.012872,0.000056,0.000005,0.140119,0.000971,0.000025,0.019856,0.173913
157,0.006952,0.000028,0.000004,0.043458,0.000257,0.000004,0.002697,0.053405
110,0.012693,0.000031,0.000003,0.045909,0.000248,0.000004,0.000404,0.059294
118,0.007741,0.000035,0.000004,0.050434,0.000248,0.000004,0.000401,0.058871
127,0.006598,0.000033,0.000004,0.045399,0.000251,0.000004,0.000359,0.052650
126,0.006598,0.000035,0.000003,0.045790,0.000282,0.000004,0.000576,0.053291
127,0.005952,0.000028,0.000003,0.005222,0.000281,0.000004,0.000568,0.012061
107,0.013529,0.000052,0.000006,0.149435,0.000493,0.000011,0.009826,0.173363
75,0.018577,0.000044,0.000006,0.024197,0.000342,0.000006,0.000929,0.044105
63,0.012841,0.000057,0.000007,0.039926,0.000510,0.000008,0.012744,0.066102
126,0.008430,0.000035,0.000004,0.053278,0.000254,0.000004,0.000199,0.062206
158,0.007265,0.000032,0.000004,0.046567,0.000242,0.000004,0.002667,0.056785
82,0.009517,0.000041,0.000004,0.095147,0.000348,0.000004,0.014740,0.119807
104,0.011696,0.000037,0.000005,0.115351,0.000393,0.000006,0.000677,0.128171
111,0.015658,0.000034,0.000004,0.042257,0.000254,0.000004,0.000352,0.058564
119,0.007480,0.000033,0.000004,0.052492,0.000286,0.000004,0.000386,0.060687
83,0.015032,0.000045,0.000005,0.095821,0.000345,0.000005,0.001242,0.112499
120,0.007489,0.000034,0.000004,0.010315,0.000316,0.000004,0.000404,0.018568
76,0.015801,0.000042,0.000007,0.039382,0.000358,0.000006,0.000865,0.056465
70,0.009253,0.000039,0.000012,0.101788,0.000391,0.000006,0.000682,0.112176
159,0.006862,0.000031,0.000003,0.044617,0.000299,0.000004,0.002859,0.054679
127,0.006817,0.000030,0.000003,0.052631,0.000261,0.000004,0.000192,0.059939
112,0.006410,0.000029,0.000003,0.044912,0.000276,0.000004,0.000368,0.052004
160,0.006720,0.000030,0.000003,0.005322,0.000239,0.000004,0.002544,0.014867
113,0.006359,0.000031,0.000003,0.009242,0.000241,0.000004,0.000354,0.016236
121,0.007126,0.000038,0.000004,0.044497,0.000286,0.000004,0.000381,0.052339
68,0.012033,0.000060,0.000006,0.134555,0.000468,0.000009,0.010230,0.157371
161,0.006948,0.000033,0.000003,0.041140,0.000266,0.000004,0.002903,0.051300
83,0.010233,0.000053,0.000005,0.098133,0.000400,0.000004,0.014561,0.123394
105,0.012298,0.000043,0.000005,0.107763,0.000393,0.000006,0.000705,0.121219
84,0.017225,0.000039,0.000004,0.094361,0.000325,0.000005,0.001200,0.113163
114,0.007145,0.000031,0.000003,0.043742,0.000248,0.000004,0.000379,0.051555
122,0.007665,0.000036,0.000004,0.044771,0.000274,0.000004,0.000386,0.053141
108,0.013768,0.000051,0.000006,0.152952,0.000412,0.000012,0.012821,0.180033
77,0.016840,0.000041,0.000005,0.103539,0.000372,0.000006,0.000873,0.121681
115,0.013665,0.000033,0.000003,0.014857,0.000280,0.000004,0.000374,0.029217
162,0.005907,0.000029,0.000004,0.039094,0.000238,0.000004,0.002452,0.047731
106,0.012562,0.000041,0.000005,0.032670,0.000496,0.000012,0.001035,0.046829
71,0.012677,0.000057,0.000009,0.127645,0.000472,0.000009,0.000862,0.141738
123,0.006534,0.000034,0.000004,0.049195,0.000300,0.000003,0.000434,0.056505
163,0.006997,0.000033,0.000003,0.040077,0.000272,0.000004,0.002558,0.049948
116,0.015514,0.000028,0.000003,0.040289,0.000222,0.000004,0.000354,0.056417
85,0.010893,0.000045,0.000006,0.088823,0.000329,0.000005,0.001066,0.101170
84,0.010001,0.000045,0.000005,0.087948,0.000310,0.000004,0.013943,0.112263
124,0.007409,0.000034,0.000004,0.040637,0.000269,0.000004,0.000385,0.048743
78,0.015469,0.000041,0.000007,0.081445,0.000306,0.000006,0.000763,0.098040
164,0.006788,0.000032,0.000003,0.038334,0.000286,0.000004,0.002609,0.048061
107,0.009734,0.000039,0.000005,0.092363,0.000343,0.000006,0.000635,0.103129
117,0.013955,0.000029,0.000003,0.042819,0.000259,0.000004,0.000348,0.057419
64,0.024127,0.000068,0.000008,0.186448,0.000401,0.000007,0.004057,0.215128
69,0.025197,0.000062,0.000004,0.160139,0.000854,0.000019,0.012856,0.199142
165,0.007403,0.000034,0.000003,0.009316,0.000287,0.000004,0.002583,0.019634
118,0.006827,0.000033,0.000003,0.009658,0.000268,0.000004,0.000370,0.017165
109,0.010218,0.000052,0.000006,0.134039,0.000354,0.000007,0.006446,0.151131
125,0.006360,0.000035,0.000005,0.042545,0.000254,0.000004,0.000387,0.049591
108,0.010082,0.000042,0.000005,0.022435,0.000337,0.000007,0.000718,0.033629
166,0.006970,0.000033,0.000003,0.035843,0.000254,0.000004,0.002570,0.045679
85,0.008897,0.000042,0.000004,0.082837,0.000351,0.000004,0.012079,0.104220
86,0.010086,0.000042,0.000004,0.100382,0.000366,0.000006,0.001161,0.112052
119,0.014046,0.000033,0.000003,0.037569,0.000255,0.000004,0.000372,0.052284
72,0.019203,0.000053,0.000006,0.152710,0.000572,0.000013,0.001055,0.173620
126,0.006807,0.000035,0.000003,0.042375,0.000251,0.000003,0.000368,0.049845
79,0.016023,0.000038,0.000005,0.095762,0.000384,0.000006,0.000856,0.113080
167,0.006969,0.000037,0.000003,0.043334,0.000279,0.000004,0.002523,0.053153
109,0.008154,0.000036,0.000004,0.082937,0.000300,0.000007,0.000617,0.092058
120,0.013224,0.000033,0.000003,0.041915,0.000239,0.000004,0.000350,0.055771
127,0.006205,0.000038,0.000004,0.045059,0.000259,0.000004,0.000379,0.051949
168,0.006423,0.000030,0.000003,0.038371,0.000253,0.000004,0.002349,0.047437
87,0.018008,0.000042,0.000003,0.077607,0.000346,0.000006,0.001074,0.097092
86,0.009714,0.000039,0.000004,0.088366,0.000332,0.000004,0.012549,0.111016
110,0.011800,0.000041,0.000005,0.031263,0.000355,0.000006,0.000624,0.044098
110,0.017244,0.000053,0.000006,0.123530,0.000483,0.000012,0.007965,0.149302
70,0.011331,0.000036,0.000003,0.143494,0.000810,0.000034,0.012580,0.168299
65,0.029760,0.000075,0.000006,0.139907,0.000455,0.000008,0.003446,0.173665
121,0.012566,0.000030,0.000003,0.040589,0.000240,0.000004,0.000335,0.053769
169,0.006343,0.000034,0.000003,0.034791,0.000275,0.000004,0.002409,0.043864
80,0.016149,0.000045,0.000006,0.093090,0.000374,0.000006,0.000939,0.110614
87,0.009404,0.000039,0.000003,0.013386,0.000328,0.000004,0.015016,0.038189
111,0.008445,0.000038,0.000004,0.025174,0.000387,0.000008,0.007438,0.041503
122,0.011778,0.000030,0.000003,0.037259,0.000253,0.000005,0.000326,0.049657
73,0.015346,0.000052,0.000007,0.148411,0.000691,0.000013,0.001021,0.165557
111,0.008295,0.000035,0.000004,0.073073,0.000323,0.000007,0.000657,0.082398
170,0.006321,0.000033,0.000004,0.040972,0.000268,0.000004,0.002435,0.050040
112,0.010915,0.000044,0.000006,0.017146,0.000398,0.000008,0.008487,0.037013
88,0.009542,0.000042,0.000004,0.026054,0.000314,0.000004,0.013844,0.049810
123,0.006128,0.000031,0.000003,0.014235,0.000245,0.000004,0.000335,0.020982
88,0.011057,0.000042,0.000004,0.089656,0.000383,0.000006,0.001226,0.102380
171,0.006680,0.000039,0.000004,0.039807,0.000261,0.000004,0.002407,0.049206
124,0.013001,0.000032,0.000003,0.040877,0.000250,0.000004,0.000347,0.054517
71,0.013086,0.000062,0.000005,0.127535,0.000771,0.000021,0.018343,0.159833
66,0.011717,0.000049,0.000005,0.141205,0.000605,0.000012,0.005294,0.158900
112,0.011346,0.000042,0.000005,0.083168,0.000309,0.000006,0.000645,0.095525
172,0.006235,0.000032,0.000003,0.036573,0.000381,0.000004,0.002439,0.045677
81,0.025823,0.000054,0.000007,0.125359,0.000412,0.000008,0.001167,0.152839
89,0.008175,0.000036,0.000005,0.080536,0.000308,0.000003,0.012437,0.101508
113,0.010359,0.000044,0.000005,0.089182,0.000331,0.000006,0.005838,0.105773
125,0.013657,0.000027,0.000003,0.033624,0.000228,0.000004,0.000332,0.047876
74,0.012035,0.000075,0.000014,0.120263,0.000489,0.000009,0.001000,0.133896
114,0.010314,0.000044,0.000005,0.010651,0.000314,0.000005,0.006001,0.027342
173,0.005824,0.000033,0.000004,0.033231,0.000282,0.000003,0.002268,0.041650
126,0.010734,0.000034,0.000003,0.030704,0.000256,0.000004,0.000317,0.042054
90,0.009935,0.000040,0.000004,0.027714,0.000356,0.000004,0.018858,0.056920
89,0.025213,0.000050,0.000005,0.136745,0.000607,0.000022,0.002290,0.164944
115,0.009472,0.000036,0.000004,0.022561,0.000319,0.000006,0.005829,0.038236
174,0.006920,0.000037,0.000004,0.028714,0.000243,0.000004,0.002462,0.038387
113,0.010310,0.000044,0.000005,0.090792,0.000368,0.000007,0.000711,0.102241
127,0.013560,0.000029,0.000003,0.032911,0.000258,0.000004,0.000336,0.047102
175,0.006265,0.000033,0.000003,0.033196,0.000244,0.000004,0.002341,0.042089
72,0.012332,0.000047,0.000004,0.137311,0.000500,0.000016,0.011318,0.161542
176,0.005865,0.000033,0.000004,0.008279,0.000259,0.000004,0.002144,0.016591
67,0.020126,0.000060,0.000004,0.148215,0.000594,0.000010,0.005844,0.174863
82,0.012599,0.000051,0.000006,0.150183,0.000431,0.000009,0.001208,0.164495
91,0.009399,0.000041,0.000004,0.080045,0.000327,0.000004,0.014337,0.104164
75,0.016544,0.000086,0.000009,0.134409,0.000524,0.000012,0.001077,0.152667
116,0.008386,0.000039,0.000005,0.084197,0.000308,0.000007,0.005074,0.098022
177,0.006206,0.000030,0.000003,0.029689,0.000290,0.000004,0.002402,0.038628
114,0.010306,0.000044,0.000004,0.087982,0.000334,0.000007,0.000708,0.099389
178,0.006271,0.000029,0.000003,0.011887,0.000263,0.000004,0.002300,0.020761
90,0.024106,0.000050,0.000005,0.117684,0.000469,0.000010,0.001752,0.144082
179,0.006362,0.000029,0.000003,0.031021,0.000270,0.000004,0.002339,0.040032
73,0.010776,0.000055,0.000006,0.118253,0.000335,0.000006,0.006249,0.135688
117,0.008518,0.000039,0.000004,0.087292,0.000363,0.000015,0.005435,0.101674
180,0.007529,0.000032,0.000003,0.026043,0.000248,0.000004,0.002292,0.036153
92,0.009841,0.000041,0.000005,0.095868,0.000382,0.000007,0.019744,0.125897
115,0.010171,0.000039,0.000003,0.095555,0.000338,0.000007,0.000705,0.106822
68,0.018859,0.000046,0.000005,0.134993,0.000490,0.000010,0.004884,0.159297
181,0.006670,0.000031,0.000003,0.023201,0.000246,0.000004,0.002212,0.032371
76,0.018477,0.000046,0.000005,0.149732,0.000542,0.000010,0.001062,0.169881
116,0.011333,0.000039,0.000004,0.019646,0.000322,0.000007,0.000780,0.032136
83,0.032170,0.000052,0.000007,0.141779,0.000486,0.000010,0.001261,0.175772
182,0.005710,0.000028,0.000003,0.020797,0.000278,0.000004,0.002234,0.029057
118,0.010033,0.000045,0.000005,0.077485,0.000390,0.000006,0.005960,0.093933
77,0.011301,0.000051,0.000005,0.018416,0.000414,0.000010,0.000996,0.031200
74,0.009564,0.000037,0.000004,0.085846,0.000478,0.000006,0.007254,0.103212
69,0.025313,0.000058,0.000004,0.030268,0.000399,0.000009,0.003821,0.059880
183,0.005243,0.000025,0.000003,0.023585,0.000261,0.000004,0.002158,0.031282
117,0.009182,0.000042,0.000004,0.034519,0.000332,0.000009,0.000637,0.044729
91,0.011353,0.000055,0.000006,0.166919,0.000377,0.000007,0.001340,0.180063
184,0.006764,0.000027,0.000003,0.010272,0.000258,0.000004,0.002211,0.019542
78,0.011356,0.000054,0.000006,0.021433,0.000451,0.000011,0.000863,0.034181
118,0.011302,0.000039,0.000005,0.015987,0.000341,0.000006,0.000715,0.028399
185,0.005652,0.000024,0.000003,0.007023,0.000274,0.000004,0.002496,0.015480
92,0.017884,0.000039,0.000005,0.030296,0.000326,0.000005,0.001061,0.049619
93,0.010505,0.000049,0.000004,0.128878,0.000417,0.000008,0.019806,0.159678
186,0.006163,0.000023,0.000003,0.024139,0.000261,0.000004,0.002297,0.032893
119,0.009562,0.000041,0.000004,0.089570,0.000422,0.000006,0.006065,0.105692
75,0.009635,0.000039,0.000006,0.087231,0.000386,0.000006,0.007066,0.104377
84,0.022066,0.000045,0.000006,0.121563,0.000471,0.000020,0.001303,0.145482
187,0.007269,0.000030,0.000003,0.028971,0.000252,0.000004,0.002221,0.038754
119,0.009473,0.000037,0.000004,0.083299,0.000322,0.000006,0.000647,0.093793
188,0.008165,0.000029,0.000003,0.028334,0.000280,0.000004,0.002223,0.039041
85,0.024558,0.000073,0.000005,0.030467,0.000453,0.000010,0.001161,0.056736
70,0.010642,0.000041,0.000004,0.150793,0.000455,0.000010,0.003625,0.165578
79,0.011875,0.000053,0.000006,0.150592,0.000439,0.000009,0.000952,0.163932
120,0.009883,0.000039,0.000006,0.082803,0.000388,0.000007,0.005684,0.098818
189,0.007216,0.000026,0.000003,0.023780,0.000247,0.000004,0.002242,0.033522
93,0.013425,0.000042,0.000004,0.114861,0.000467,0.000008,0.001252,0.130064
76,0.009096,0.000035,0.000004,0.093104,0.000369,0.000006,0.007375,0.109997
190,0.005005,0.000023,0.000003,0.025135,0.000272,0.000004,0.002026,0.032472
94,0.011458,0.000042,0.000005,0.133934,0.000534,0.000010,0.019145,0.165136
71,0.019446,0.000044,0.000004,0.042942,0.000401,0.000009,0.003459,0.066314
120,0.009795,0.000035,0.000004,0.092956,0.000323,0.000006,0.000647,0.103769
191,0.006591,0.000028,0.000003,0.006575,0.000237,0.000003,0.002178,0.015619
77,0.009627,0.000039,0.000004,0.018868,0.000361,0.000007,0.006819,0.035732
86,0.009432,0.000043,0.000008,0.112706,0.000398,0.000010,0.001108,0.123714
121,0.009647,0.000040,0.000004,0.080707,0.000310,0.000005,0.005705,0.096425
95,0.010836,0.000047,0.000004,0.027703,0.000411,0.000008,0.018497,0.057515
80,0.012572,0.000045,0.000004,0.109371,0.000346,0.000004,0.000690,0.123036
121,0.010775,0.000038,0.000005,0.083549,0.000321,0.000006,0.000666,0.095365
94,0.016315,0.000087,0.000010,0.129131,0.000387,0.000007,0.001758,0.147705
78,0.009177,0.000036,0.000004,0.085527,0.000374,0.000005,0.006837,0.101966
122,0.009157,0.000041,0.000005,0.074867,0.000316,0.000006,0.005854,0.090254
72,0.017759,0.000047,0.000005,0.145985,0.000437,0.000006,0.003496,0.167744
81,0.009551,0.000037,0.000004,0.078975,0.000367,0.000004,0.000629,0.089572
87,0.015663,0.000043,0.000005,0.112168,0.000384,0.000009,0.000985,0.129265
122,0.009685,0.000040,0.000004,0.097815,0.000354,0.000006,0.000882,0.108790
79,0.009878,0.000037,0.000004,0.077155,0.000340,0.000004,0.007147,0.094572
96,0.010918,0.000045,0.000005,0.133324,0.000529,0.000013,0.020473,0.165315
88,0.018786,0.000043,0.000018,0.029704,0.000422,0.000012,0.001203,0.050197
123,0.010023,0.000036,0.000003,0.017584,0.000330,0.000007,0.000710,0.028698
123,0.010121,0.000041,0.000004,0.081022,0.000398,0.000006,0.005783,0.097382
82,0.008969,0.000037,0.000004,0.074974,0.000304,0.000004,0.000561,0.084857
95,0.020931,0.000050,0.000005,0.131207,0.000436,0.000008,0.001775,0.154418
89,0.010480,0.000045,0.000006,0.023150,0.000489,0.000010,0.002294,0.036486
124,0.009186,0.000039,0.000004,0.031672,0.000345,0.000007,0.005465,0.046725
80,0.009459,0.000040,0.000003,0.089812,0.000383,0.000005,0.007498,0.107206
73,0.011601,0.000041,0.000003,0.137755,0.000511,0.000013,0.003803,0.153733
124,0.007787,0.000034,0.000003,0.081678,0.000412,0.000011,0.000988,0.090920
83,0.009183,0.000037,0.000004,0.087383,0.000367,0.000005,0.000600,0.097583
125,0.014587,0.000045,0.000005,0.020171,0.000369,0.000009,0.000899,0.036092
96,0.011768,0.000049,0.000004,0.112265,0.000474,0.000008,0.001675,0.126252
125,0.009311,0.000042,0.000004,0.094064,0.000394,0.000006,0.005620,0.109448
97,0.011085,0.000052,0.000005,0.149265,0.000572,0.000012,0.020380,0.181381
81,0.008999,0.000038,0.000004,0.073605,0.000302,0.000004,0.024728,0.107688
90,0.019741,0.000050,0.000007,0.134497,0.000432,0.000009,0.001161,0.155904
84,0.009519,0.000042,0.000004,0.073108,0.000327,0.000005,0.000593,0.083602
82,0.010088,0.000041,0.000005,0.023475,0.000342,0.000005,0.007253,0.041216
74,0.012039,0.000044,0.000004,0.136236,0.000422,0.000008,0.003677,0.152437
126,0.010605,0.000048,0.000005,0.091798,0.000330,0.000007,0.000644,0.103441
126,0.009385,0.000038,0.000005,0.094269,0.000379,0.000006,0.005889,0.109977
85,0.008118,0.000034,0.000005,0.067083,0.000319,0.000004,0.000510,0.076075
97,0.020156,0.000048,0.000005,0.109944,0.000362,0.000004,0.001133,0.131657
127,0.009774,0.000044,0.000004,0.038714,0.000337,0.000007,0.000599,0.049484
98,0.011624,0.000066,0.000008,0.131098,0.000357,0.000005,0.013876,0.157040
91,0.017302,0.000043,0.000006,0.120703,0.000407,0.000008,0.001260,0.139737
83,0.010067,0.000049,0.000005,0.088143,0.000357,0.000005,0.007470,0.106106
75,0.012214,0.000039,0.000004,0.090808,0.000351,0.000006,0.002898,0.106325
127,0.009181,0.000048,0.000004,0.082660,0.000341,0.000007,0.005900,0.098148
86,0.009316,0.000036,0.000005,0.095061,0.000379,0.000005,0.000654,0.105462
98,0.016670,0.000040,0.000008,0.093259,0.000385,0.000005,0.001181,0.111556
87,0.009978,0.000039,0.000003,0.019955,0.000364,0.000005,0.000595,0.030944
99,0.009252,0.000052,0.000004,0.075023,0.000325,0.000004,0.013579,0.098247
99,0.009010,0.000037,0.000003,0.012451,0.000315,0.000004,0.000987,0.022813
84,0.008844,0.000035,0.000004,0.076870,0.000306,0.000004,0.006467,0.092537
76,0.016949,0.000036,0.000004,0.097268,0.000336,0.000004,0.002868,0.117471
92,0.018662,0.000049,0.000006,0.128824,0.000421,0.000008,0.001238,0.149217
88,0.009223,0.000039,0.000005,0.086242,0.000554,0.000015,0.001114,0.097202
93,0.016580,0.000046,0.000006,0.012835,0.000417,0.000012,0.001083,0.030985
100,0.008118,0.000034,0.000005,0.094501,0.000353,0.000006,0.000931,0.103953
100,0.009291,0.000040,0.000005,0.080258,0.000300,0.000004,0.024107,0.114016
85,0.009352,0.000044,0.000004,0.095899,0.000433,0.000006,0.007572,0.113318
77,0.010368,0.000038,0.000005,0.084540,0.000333,0.000005,0.002860,0.098156
64,0.025646,0.000149,0.000021,0.129180,0.000531,0.000008,0.000815,0.156363
101,0.014523,0.000034,0.000004,0.090654,0.000370,0.000006,0.000999,0.106595
101,0.010230,0.000044,0.000004,0.083730,0.000352,0.000005,0.013538,0.107909
89,0.012117,0.000044,0.000005,0.120884,0.000523,0.000011,0.001018,0.134610
86,0.009498,0.000037,0.000004,0.094943,0.000348,0.000005,0.007355,0.112198
94,0.017955,0.000050,0.000006,0.121271,0.000394,0.000008,0.001263,0.140953
102,0.009186,0.000039,0.000005,0.014406,0.000367,0.000004,0.014158,0.038173
102,0.014035,0.000038,0.000003,0.025725,0.000319,0.000005,0.000978,0.041107
78,0.014243,0.000034,0.000004,0.104767,0.000335,0.000005,0.002497,0.121893
95,0.018160,0.000050,0.000006,0.037771,0.000425,0.000010,0.001227,0.057656
103,0.015848,0.000034,0.000004,0.020985,0.000332,0.000004,0.001136,0.038350
104,0.009571,0.000042,0.000005,0.016409,0.000329,0.000004,0.001095,0.027462
87,0.009263,0.000041,0.000004,0.079611,0.000361,0.000004,0.007370,0.096663
90,0.011462,0.000044,0.000004,0.110474,0.000398,0.000008,0.000784,0.123181
103,0.007776,0.000039,0.000004,0.068739,0.000312,0.000004,0.011802,0.088682
79,0.009134,0.000076,0.000004,0.092827,0.000347,0.000004,0.002884,0.105283
65,0.024038,0.000097,0.000013,0.138550,0.000418,0.000008,0.000584,0.163714
104,0.009949,0.000042,0.000005,0.009863,0.000288,0.000005,0.011426,0.031586
80,0.010297,0.000042,0.000004,0.028253,0.000324,0.000006,0.002879,0.041811
105,0.010011,0.000034,0.000004,0.083815,0.000369,0.000005,0.001198,0.095440
88,0.020451,0.000040,0.000004,0.068330,0.000367,0.000005,0.006539,0.095743
105,0.009145,0.000038,0.000004,0.024366,0.000367,0.000004,0.013851,0.047783
96,0.017963,0.000047,0.000005,0.147646,0.000494,0.000019,0.001251,0.167440
91,0.010911,0.000048,0.000004,0.123235,0.000392,0.000008,0.000708,0.135313
81,0.016701,0.000037,0.000003,0.082657,0.000307,0.000003,0.002817,0.102532
106,0.008911,0.000040,0.000004,0.064470,0.000311,0.000004,0.013839,0.087585
66,0.014382,0.000056,0.000004,0.128382,0.000441,0.000009,0.000621,0.143901
89,0.009009,0.000040,0.000004,0.093851,0.000388,0.000006,0.007488,0.110794
106,0.009565,0.000039,0.000004,0.102718,0.000393,0.000005,0.001142,0.113870
82,0.016754,0.000039,0.000005,0.033481,0.000343,0.000005,0.002934,0.053568
92,0.010466,0.000040,0.000004,0.113719,0.000329,0.000004,0.000545,0.125112
97,0.015379,0.000047,0.000015,0.144281,0.000460,0.000009,0.001247,0.161446
90,0.008151,0.000040,0.000003,0.079541,0.000489,0.000010,0.009304,0.097549
93,0.009722,0.000039,0.000005,0.024368,0.000295,0.000004,0.000539,0.034976
107,0.009598,0.000038,0.000004,0.107294,0.000481,0.000005,0.013239,0.130685
107,0.016821,0.000038,0.000005,0.107700,0.000409,0.000007,0.001544,0.126532
83,0.016224,0.000041,0.000004,0.090806,0.000478,0.000008,0.003313,0.110879
67,0.017391,0.000053,0.000004,0.147696,0.000533,0.000010,0.000779,0.166473
94,0.009205,0.000040,0.000004,0.085842,0.000349,0.000004,0.000685,0.096133
84,0.011998,0.000055,0.000005,0.043906,0.000411,0.000005,0.003006,0.059395
91,0.009721,0.000055,0.000007,0.086698,0.000481,0.000011,0.009457,0.106438
108,0.009987,0.000061,0.000007,0.091119,0.000369,0.000004,0.014806,0.116360
98,0.023483,0.000040,0.000005,0.147282,0.000498,0.000011,0.001471,0.172797
109,0.010195,0.000039,0.000004,0.012939,0.000300,0.000004,0.013653,0.037143
95,0.008126,0.000038,0.000004,0.076267,0.000332,0.000005,0.000533,0.085311
85,0.010178,0.000047,0.000004,0.083379,0.000332,0.000005,0.002926,0.096876
108,0.026153,0.000050,0.000007,0.146003,0.000772,0.000009,0.003757,0.176765
110,0.010615,0.000047,0.000005,0.023338,0.000320,0.000005,0.013782,0.048119
68,0.024459,0.000071,0.000007,0.142767,0.000465,0.000010,0.000695,0.168485
92,0.011806,0.000057,0.000006,0.121050,0.000339,0.000005,0.007650,0.140919
69,0.011759,0.000050,0.000005,0.030584,0.000720,0.000012,0.001176,0.044314
96,0.010215,0.000043,0.000005,0.076599,0.000342,0.000005,0.000616,0.087830
70,0.011326,0.000046,0.000007,0.021911,0.000383,0.000006,0.000601,0.034287
97,0.009572,0.000034,0.000004,0.012326,0.000298,0.000004,0.000700,0.022942
86,0.009101,0.000034,0.000003,0.088501,0.000299,0.000004,0.002406,0.100356
99,0.023911,0.000049,0.000007,0.136163,0.000358,0.000006,0.000847,0.161345
111,0.010575,0.000039,0.000004,0.085946,0.000352,0.000006,0.012727,0.109656
71,0.010681,0.000048,0.000007,0.021738,0.000450,0.000007,0.000594,0.033532
87,0.014756,0.000036,0.000004,0.012355,0.000306,0.000005,0.002509,0.029979
93,0.010035,0.000045,0.000004,0.104631,0.000479,0.000004,0.007875,0.123096
88,0.007957,0.000034,0.000004,0.020761,0.000294,0.000006,0.002475,0.031536
112,0.009339,0.000037,0.000004,0.023876,0.000333,0.000004,0.014058,0.047658
98,0.009011,0.000037,0.000004,0.069626,0.000327,0.000004,0.000640,0.079653
109,0.029914,0.000085,0.000012,0.163203,0.000542,0.000007,0.001813,0.195597
99,0.009154,0.000041,0.000007,0.007536,0.000307,0.000004,0.000598,0.017651
94,0.010130,0.000048,0.000006,0.026469,0.000323,0.000005,0.007057,0.044046
110,0.009325,0.000038,0.000004,0.017872,0.000412,0.000007,0.001337,0.029001
100,0.017779,0.000047,0.000009,0.116762,0.000333,0.000006,0.000900,0.135839
113,0.010388,0.000046,0.000006,0.069227,0.000322,0.000004,0.013481,0.093482
89,0.010353,0.000037,0.000004,0.089879,0.000319,0.000004,0.002845,0.103448
72,0.010927,0.000046,0.000007,0.138103,0.000392,0.000006,0.000638,0.150126
100,0.009107,0.000037,0.000005,0.080692,0.000359,0.000006,0.000703,0.090914
101,0.016316,0.000043,0.000005,0.031026,0.000375,0.000008,0.000952,0.048731
114,0.010800,0.000056,0.000004,0.027625,0.000416,0.000005,0.013412,0.052325
95,0.009104,0.000040,0.000003,0.091582,0.000378,0.000005,0.006367,0.107487
96,0.007854,0.000033,0.000003,0.009848,0.000316,0.000006,0.006375,0.024443
111,0.010633,0.000040,0.000005,0.115093,0.000482,0.000010,0.001634,0.127904
73,0.012266,0.000057,0.000008,0.075814,0.000364,0.000007,0.000525,0.089045
101,0.009776,0.000040,0.000004,0.076654,0.000297,0.000004,0.000556,0.087336
97,0.009626,0.000040,0.000004,0.015791,0.000331,0.000004,0.006553,0.032355
90,0.010570,0.000041,0.000004,0.095356,0.000334,0.000005,0.002743,0.109059
102,0.016377,0.000037,0.000005,0.082271,0.000333,0.000006,0.000969,0.100001
102,0.008178,0.000033,0.000004,0.017845,0.000290,0.000005,0.000494,0.026852
98,0.009065,0.000041,0.000004,0.010200,0.000311,0.000004,0.007066,0.026698
115,0.009202,0.000045,0.000004,0.081232,0.000379,0.000009,0.014431,0.105311
99,0.009067,0.000039,0.000003,0.013874,0.000317,0.000005,0.006790,0.030102
74,0.015803,0.000037,0.000007,0.081424,0.000514,0.000010,0.000658,0.098458
112,0.021843,0.000050,0.000004,0.086813,0.000310,0.000005,0.001142,0.110173
75,0.010191,0.000043,0.000007,0.006973,0.000442,0.000007,0.000404,0.018068
91,0.017916,0.000037,0.000003,0.082655,0.000309,0.000004,0.002822,0.103752
103,0.009223,0.000035,0.000004,0.073572,0.000323,0.000004,0.000603,0.083769
103,0.015860,0.000038,0.000006,0.084241,0.000340,0.000006,0.000787,0.101282
104,0.008085,0.000039,0.000005,0.019895,0.000286,0.000004,0.000571,0.028888
100,0.009630,0.000038,0.000004,0.086814,0.000398,0.000006,0.006927,0.103824
113,0.015320,0.000031,0.000004,0.076040,0.000306,0.000004,0.000923,0.092633
116,0.016994,0.000038,0.000004,0.129071,0.000488,0.000008,0.017024,0.163634
76,0.019072,0.000034,0.000006,0.080577,0.000291,0.000004,0.000431,0.100420
92,0.009654,0.000045,0.000004,0.086445,0.000365,0.000005,0.002557,0.099080
105,0.009312,0.000035,0.000004,0.064135,0.000307,0.000004,0.000695,0.074497
104,0.016288,0.000041,0.000005,0.077486,0.000344,0.000006,0.000867,0.095044
106,0.009208,0.000036,0.000004,0.019530,0.000283,0.000005,0.000635,0.029705
93,0.009827,0.000037,0.000003,0.026830,0.000326,0.000004,0.002573,0.039609
101,0.011715,0.000038,0.000004,0.076474,0.000324,0.000005,0.007087,0.095654
114,0.014605,0.000036,0.000004,0.084800,0.000319,0.000005,0.000954,0.100728
77,0.008556,0.000034,0.000006,0.086883,0.000339,0.000005,0.000452,0.096279
105,0.009346,0.000035,0.000005,0.081230,0.000331,0.000005,0.000853,0.091811
107,0.008638,0.000045,0.000004,0.076285,0.000302,0.000004,0.000584,0.085866
94,0.016150,0.000041,0.000004,0.072720,0.000308,0.000005,0.002793,0.092026
106,0.012764,0.000037,0.000005,0.024432,0.000305,0.000007,0.000805,0.038361
108,0.009610,0.000036,0.000004,0.018870,0.000336,0.000006,0.000554,0.029419
117,0.010874,0.000047,0.000005,0.139153,0.000455,0.000008,0.018332,0.168883
102,0.009675,0.000037,0.000004,0.095670,0.000358,0.000005,0.007305,0.113061
115,0.015379,0.000036,0.000003,0.082036,0.000302,0.000004,0.001021,0.098785
78,0.007684,0.000034,0.000006,0.071320,0.000276,0.000004,0.000448,0.079776
109,0.009256,0.000039,0.000004,0.020571,0.000296,0.000004,0.000516,0.030690
95,0.016154,0.000044,0.000004,0.089833,0.000324,0.000005,0.002789,0.109160
107,0.010903,0.000039,0.000006,0.091691,0.000429,0.000006,0.000881,0.103961
103,0.008427,0.000032,0.000005,0.073180,0.000340,0.000004,0.006239,0.088235
110,0.008388,0.000045,0.000005,0.068606,0.000288,0.000005,0.000628,0.077969
118,0.010444,0.000044,0.000004,0.089628,0.000340,0.000006,0.013238,0.113712
116,0.013960,0.000039,0.000004,0.083174,0.000325,0.000004,0.001090,0.098602
79,0.019286,0.000043,0.000007,0.078372,0.000357,0.000010,0.000518,0.098596
108,0.014242,0.000038,0.000006,0.011901,0.000275,0.000005,0.000742,0.027214
96,0.017124,0.000038,0.000003,0.014123,0.000293,0.000005,0.002625,0.034218
104,0.014716,0.000036,0.000004,0.034902,0.000359,0.000006,0.007172,0.057201
111,0.008690,0.000035,0.000003,0.076733,0.000327,0.000005,0.000536,0.086333
80,0.013664,0.000040,0.000006,0.072812,0.000360,0.000005,0.000436,0.087326
109,0.009048,0.000043,0.000005,0.087078,0.000332,0.000005,0.000902,0.097418
117,0.009870,0.000043,0.000005,0.089901,0.000309,0.000004,0.001056,0.101193
119,0.008900,0.000052,0.000005,0.078784,0.000323,0.000004,0.017997,0.106075
97,0.016224,0.000042,0.000004,0.092073,0.000401,0.000004,0.002947,0.111712
105,0.008151,0.000036,0.000004,0.068435,0.000289,0.000004,0.006891,0.083821
81,0.015377,0.000045,0.000007,0.022128,0.000347,0.000004,0.000444,0.038356
82,0.014024,0.000046,0.000007,0.016347,0.000323,0.000004,0.000435,0.031190
112,0.009554,0.000040,0.000005,0.097268,0.000323,0.000004,0.000542,0.107739
98,0.011757,0.000047,0.000005,0.078030,0.000343,0.000005,0.003032,0.093224
113,0.009049,0.000040,0.000005,0.018416,0.000350,0.000005,0.000568,0.028436
110,0.017247,0.000072,0.000006,0.105373,0.000337,0.000005,0.000836,0.123881
106,0.013517,0.000042,0.000004,0.083685,0.000324,0.000005,0.006820,0.104404
118,0.030354,0.000085,0.000013,0.129417,0.000353,0.000004,0.001167,0.161398
83,0.014776,0.000042,0.000009,0.089484,0.000562,0.000005,0.000547,0.105433
120,0.012841,0.000052,0.000005,0.136085,0.000518,0.000010,0.022830,0.172352
99,0.014894,0.000034,0.000004,0.083252,0.000354,0.000004,0.002780,0.101329
114,0.009768,0.000038,0.000004,0.092727,0.000353,0.000004,0.000595,0.103495
111,0.016890,0.000041,0.000005,0.088094,0.000346,0.000007,0.000950,0.106338
107,0.008901,0.000041,0.000004,0.091515,0.000379,0.000007,0.007785,0.108640
84,0.008834,0.000036,0.000007,0.083897,0.000356,0.000005,0.000519,0.093657
119,0.013835,0.000039,0.000005,0.086683,0.000309,0.000005,0.000989,0.101869
100,0.016355,0.000041,0.000005,0.076014,0.000340,0.000004,0.002899,0.095664
115,0.010571,0.000042,0.000004,0.078757,0.000343,0.000004,0.000544,0.090270
121,0.020929,0.000056,0.000004,0.116314,0.000327,0.000004,0.013496,0.151137
112,0.016491,0.000043,0.000005,0.082102,0.000319,0.000006,0.000808,0.099779
108,0.009530,0.000039,0.000005,0.094639,0.000347,0.000006,0.006881,0.111454
101,0.016256,0.000040,0.000004,0.032539,0.000332,0.000004,0.002733,0.051912
85,0.009204,0.000041,0.000006,0.089917,0.000311,0.000004,0.000418,0.099904
120,0.010413,0.000040,0.000005,0.094143,0.000330,0.000004,0.000972,0.105910
116,0.010264,0.000042,0.000004,0.105150,0.000331,0.000005,0.000617,0.116418
109,0.007778,0.000032,0.000003,0.064898,0.000292,0.000005,0.006319,0.079333
113,0.013269,0.000034,0.000005,0.087409,0.000348,0.000007,0.000713,0.101789
122,0.009110,0.000036,0.000004,0.087972,0.000410,0.000005,0.014053,0.111599
117,0.008173,0.000039,0.000004,0.006566,0.000301,0.000004,0.000586,0.015676
86,0.013843,0.000039,0.000009,0.080343,0.000372,0.000004,0.000453,0.095067
102,0.017166,0.000036,0.000003,0.084930,0.000317,0.000004,0.002723,0.105182
121,0.018020,0.000039,0.000005,0.090616,0.000378,0.000006,0.001178,0.110247
110,0.009713,0.000040,0.000005,0.081362,0.000313,0.000005,0.007251,0.098696
122,0.016982,0.000041,0.000003,0.030094,0.000339,0.000005,0.001030,0.048499
118,0.008797,0.000035,0.000003,0.083598,0.000301,0.000005,0.000611,0.093355
114,0.015554,0.000036,0.000004,0.096724,0.000322,0.000007,0.000829,0.113481
87,0.009421,0.000035,0.000007,0.084440,0.000325,0.000005,0.000490,0.094726
119,0.008875,0.000040,0.000005,0.009174,0.000316,0.000005,0.000747,0.019166
123,0.009715,0.000038,0.000004,0.107777,0.000333,0.000004,0.012830,0.130707
103,0.014441,0.000041,0.000004,0.100316,0.000326,0.000004,0.002609,0.117746
123,0.016834,0.000040,0.000004,0.043823,0.000406,0.000005,0.001067,0.062183
120,0.008703,0.000035,0.000004,0.022831,0.000325,0.000005,0.000692,0.032601
104,0.018093,0.000046,0.000004,0.017637,0.000368,0.000010,0.002842,0.039008
111,0.009140,0.000033,0.000003,0.082128,0.000318,0.000005,0.006819,0.098452
124,0.019094,0.000046,0.000004,0.018426,0.000329,0.000004,0.001018,0.038926
88,0.009987,0.000038,0.000008,0.073078,0.000374,0.000005,0.000409,0.083903
125,0.009272,0.000034,0.000003,0.022791,0.000333,0.000005,0.001172,0.033615
105,0.009357,0.000035,0.000004,0.033681,0.000320,0.000004,0.002450,0.045855
121,0.008903,0.000038,0.000004,0.073195,0.000312,0.000004,0.000602,0.083062
115,0.021419,0.000039,0.000005,0.110425,0.000320,0.000007,0.000767,0.132986
124,0.009244,0.000040,0.000004,0.101092,0.000304,0.000005,0.013223,0.123920
89,0.009170,0.000037,0.000008,0.073287,0.000306,0.000004,0.000526,0.083341
112,0.011394,0.000056,0.000005,0.110895,0.000332,0.000006,0.007027,0.129723
122,0.008451,0.000035,0.000004,0.076244,0.000301,0.000005,0.000576,0.085620
90,0.013072,0.000044,0.000004,0.033189,0.000332,0.000005,0.000491,0.047143
126,0.008148,0.000033,0.000005,0.093441,0.000347,0.000004,0.000968,0.102949
106,0.017246,0.000039,0.000003,0.086388,0.000318,0.000004,0.002867,0.106873
116,0.016800,0.000037,0.000005,0.085833,0.000321,0.000006,0.000833,0.103839
113,0.009342,0.000043,0.000007,0.013684,0.000313,0.000005,0.006754,0.030155
123,0.008365,0.000032,0.000004,0.017014,0.000273,0.000004,0.000508,0.026205
125,0.011861,0.000055,0.000005,0.084121,0.000314,0.000004,0.015455,0.111822
91,0.014216,0.000034,0.000004,0.018935,0.000295,0.000004,0.000492,0.033985
114,0.008778,0.000038,0.000003,0.032356,0.000349,0.000005,0.007026,0.048564
127,0.010462,0.000035,0.000003,0.085897,0.000304,0.000004,0.001052,0.097761
107,0.018186,0.000038,0.000004,0.087272,0.000329,0.000004,0.002809,0.108649
124,0.008963,0.000035,0.000003,0.089740,0.000308,0.000005,0.000490,0.099549
117,0.017782,0.000038,0.000006,0.086311,0.000315,0.000006,0.000877,0.105340
92,0.009982,0.000039,0.000006,0.075746,0.000296,0.000004,0.000525,0.086601
126,0.009942,0.000038,0.000004,0.082753,0.000303,0.000004,0.015597,0.108649
125,0.009275,0.000039,0.000004,0.009097,0.000323,0.000004,0.000561,0.019306
115,0.009565,0.000043,0.000003,0.075172,0.000337,0.000005,0.006463,0.091597
108,0.017433,0.000039,0.000004,0.023730,0.000370,0.000006,0.002730,0.044318
93,0.008019,0.000036,0.000004,0.063200,0.000319,0.000004,0.000431,0.072018
116,0.009135,0.000039,0.000004,0.028507,0.000377,0.000005,0.006632,0.044705
118,0.014117,0.000035,0.000006,0.069858,0.000303,0.000005,0.000728,0.085055
109,0.009093,0.000040,0.000003,0.032377,0.000306,0.000005,0.002398,0.044227
126,0.008866,0.000037,0.000004,0.066379,0.000324,0.000005,0.000535,0.076153
127,0.010527,0.000040,0.000005,0.093766,0.000318,0.000004,0.011994,0.116661
94,0.013846,0.000051,0.000006,0.090080,0.000355,0.000004,0.000447,0.104792
119,0.013938,0.000040,0.000006,0.081566,0.000315,0.000005,0.000717,0.096591
127,0.009573,0.000037,0.000004,0.074581,0.000278,0.000004,0.000496,0.084977
117,0.008754,0.000039,0.000004,0.087021,0.000335,0.000005,0.006394,0.102559
110,0.010672,0.000039,0.000005,0.097480,0.000343,0.000005,0.002553,0.111103
95,0.012197,0.000033,0.000007,0.074090,0.000305,0.000005,0.000455,0.087097
118,0.007309,0.000033,0.000003,0.077264,0.000347,0.000004,0.005781,0.090749
120,0.010696,0.000039,0.000006,0.082069,0.000385,0.000005,0.000858,0.094063
111,0.016255,0.000039,0.000004,0.079360,0.000323,0.000005,0.002673,0.098666
96,0.013699,0.000044,0.000006,0.021495,0.000324,0.000005,0.000432,0.036008
97,0.014435,0.000034,0.000006,0.011237,0.000314,0.000004,0.000423,0.026457
112,0.014789,0.000035,0.000004,0.016952,0.000292,0.000004,0.002515,0.034597
119,0.007516,0.000035,0.000004,0.075129,0.000329,0.000004,0.005282,0.088306
121,0.016488,0.000041,0.000005,0.078552,0.000326,0.000005,0.000720,0.096141
122,0.015561,0.000041,0.000004,0.014338,0.000353,0.000008,0.000981,0.031292
98,0.013921,0.000035,0.000006,0.066262,0.000305,0.000004,0.000388,0.080924
113,0.011981,0.000060,0.000004,0.066983,0.000341,0.000004,0.002291,0.081676
120,0.008866,0.000039,0.000004,0.068187,0.000322,0.000006,0.005431,0.082864
64,0.456146,0.000075,0.000012,0.102571,0.000626,0.000008,0.001627,0.561078
114,0.007994,0.000034,0.000004,0.022632,0.000277,0.000004,0.002293,0.033243
99,0.007841,0.000033,0.000005,0.064161,0.000285,0.000005,0.000454,0.072787
123,0.015156,0.000038,0.000005,0.072792,0.000320,0.000007,0.000790,0.089111
121,0.007990,0.000034,0.000005,0.061697,0.000281,0.000004,0.005622,0.075640
115,0.009134,0.000037,0.000003,0.060953,0.000280,0.000005,0.002396,0.072813
100,0.007946,0.000031,0.000006,0.079096,0.000412,0.000011,0.000626,0.088134
124,0.008322,0.000031,0.000004,0.071776,0.000649,0.000021,0.002548,0.083361
101,0.010093,0.000039,0.000006,0.017035,0.000326,0.000006,0.000537,0.028046
122,0.008002,0.000033,0.000003,0.068238,0.000280,0.000006,0.005790,0.082358
116,0.009522,0.000041,0.000004,0.067020,0.000261,0.000005,0.002301,0.079158
123,0.007069,0.000030,0.000003,0.005634,0.000264,0.000004,0.005270,0.018283
125,0.016896,0.000039,0.000004,0.025636,0.000354,0.000009,0.001019,0.043962
65,0.009824,0.000046,0.000005,0.226568,0.000373,0.000006,0.001249,0.238077
117,0.014511,0.000030,0.000003,0.066661,0.000261,0.000005,0.002136,0.083612
124,0.008705,0.000032,0.000003,0.061576,0.000267,0.000005,0.005324,0.075916
102,0.010302,0.000047,0.000008,0.091921,0.000355,0.000006,0.000631,0.103275
125,0.006413,0.000032,0.000004,0.006575,0.000305,0.000005,0.005355,0.018695
126,0.016424,0.000039,0.000004,0.097583,0.000423,0.000009,0.001004,0.115493
118,0.006826,0.000031,0.000003,0.057810,0.000245,0.000004,0.001983,0.066907
66,0.009054,0.000040,0.000004,0.085401,0.000424,0.000008,0.001367,0.096303
127,0.016443,0.000060,0.000005,0.018151,0.000354,0.000011,0.001140,0.036170
119,0.013173,0.000031,0.000004,0.013762,0.000260,0.000003,0.001946,0.029184
126,0.007617,0.000034,0.000003,0.056804,0.000280,0.000004,0.008193,0.072948
103,0.017661,0.000044,0.000006,0.112282,0.000640,0.000008,0.000730,0.131381
120,0.007719,0.000033,0.000003,0.056391,0.000289,0.000005,0.002264,0.066708
127,0.007692,0.000035,0.000003,0.059346,0.000342,0.000005,0.005001,0.072430
67,0.008893,0.000045,0.000006,0.075753,0.000307,0.000006,0.000827,0.085841
121,0.008325,0.000032,0.000003,0.063277,0.000268,0.000004,0.001972,0.073885
104,0.010073,0.000041,0.000009,0.091424,0.000356,0.000007,0.000640,0.102553
68,0.015862,0.000031,0.000004,0.051320,0.000251,0.000004,0.000847,0.068324
69,0.007097,0.000029,0.000003,0.021377,0.000313,0.000005,0.001101,0.029929
122,0.008077,0.000032,0.000003,0.059403,0.000254,0.000004,0.002050,0.069827
70,0.008697,0.000035,0.000003,0.054389,0.000254,0.000004,0.000972,0.064357
105,0.009396,0.000043,0.000007,0.101512,0.000491,0.000009,0.000703,0.112165
123,0.013131,0.000031,0.000003,0.045252,0.000276,0.000004,0.002229,0.060930
71,0.008291,0.000036,0.000003,0.020069,0.000301,0.000004,0.000922,0.029631
124,0.013847,0.000033,0.000003,0.055185,0.000278,0.000005,0.002175,0.071531
72,0.011818,0.000035,0.000004,0.053052,0.000252,0.000004,0.000776,0.065944
106,0.017387,0.000042,0.000007,0.078545,0.000361,0.000007,0.000572,0.096926
125,0.007279,0.000032,0.000003,0.050219,0.000229,0.000004,0.001761,0.059532
73,0.006266,0.000031,0.000003,0.051987,0.000260,0.000004,0.000730,0.059286
107,0.009017,0.000042,0.000007,0.092842,0.000395,0.000007,0.000593,0.102908
74,0.006750,0.000033,0.000003,0.051579,0.000298,0.000004,0.000880,0.059550
126,0.008126,0.000030,0.000003,0.052765,0.000230,0.000004,0.001869,0.063030
127,0.012952,0.000028,0.000003,0.021849,0.000277,0.000004,0.001978,0.037095
75,0.005945,0.000028,0.000003,0.051624,0.000281,0.000004,0.000795,0.058685
108,0.014628,0.000039,0.000006,0.085156,0.000387,0.000008,0.000696,0.100926
76,0.007288,0.000032,0.000004,0.043333,0.000284,0.000004,0.000928,0.051877
77,0.006481,0.000027,0.000003,0.042763,0.000260,0.000004,0.000791,0.050333
78,0.006790,0.000034,0.000003,0.005183,0.000243,0.000004,0.000821,0.013082
109,0.009825,0.000039,0.000007,0.089089,0.000391,0.000007,0.000625,0.099989
79,0.007517,0.000037,0.000003,0.044451,0.000252,0.000003,0.000824,0.053090
110,0.009085,0.000041,0.000006,0.084687,0.000354,0.000007,0.000581,0.094765
80,0.007078,0.000030,0.000003,0.044969,0.000223,0.000003,0.000862,0.053173
81,0.005706,0.000030,0.000002,0.004150,0.000260,0.000004,0.000858,0.011016
82,0.008003,0.000037,0.000004,0.044416,0.000251,0.000004,0.000871,0.053590
111,0.007668,0.000037,0.000005,0.097378,0.000361,0.000007,0.000547,0.106008
83,0.007060,0.000029,0.000003,0.062033,0.000273,0.000004,0.000979,0.070384
112,0.009345,0.000042,0.000006,0.086349,0.000383,0.000007,0.000551,0.096689
84,0.006953,0.000028,0.000003,0.053943,0.000248,0.000004,0.000769,0.061951
85,0.006475,0.000028,0.000003,0.052958,0.000269,0.000004,0.000788,0.060527
113,0.007526,0.000036,0.000004,0.085844,0.000385,0.000008,0.000523,0.094331
86,0.012783,0.000031,0.000003,0.047470,0.000228,0.000004,0.000840,0.061363
87,0.010749,0.000033,0.000004,0.052295,0.000270,0.000004,0.000809,0.064167
114,0.009558,0.000046,0.000005,0.097506,0.000379,0.000007,0.000632,0.108137
88,0.015328,0.000032,0.000003,0.045468,0.000253,0.000004,0.000732,0.061823
115,0.007588,0.000036,0.000004,0.071157,0.000341,0.000007,0.000553,0.079690
116,0.008797,0.000045,0.000004,0.010774,0.000387,0.000007,0.000597,0.020615
89,0.012429,0.000038,0.000004,0.045056,0.000261,0.000003,0.000877,0.058672
117,0.016049,0.000039,0.000006,0.011193,0.000334,0.000008,0.000455,0.028087
90,0.012301,0.000029,0.000003,0.005794,0.000220,0.000004,0.000813,0.019166
118,0.007704,0.000036,0.000005,0.046857,0.000235,0.000004,0.000338,0.055180
91,0.005479,0.000030,0.000003,0.050623,0.000246,0.000004,0.000744,0.057132
92,0.010937,0.000025,0.000003,0.004572,0.000225,0.000004,0.000801,0.016570
93,0.010294,0.000030,0.000003,0.003641,0.000232,0.000004,0.000737,0.014943
94,0.010975,0.000032,0.000003,0.004780,0.000248,0.000005,0.000781,0.016827
119,0.011600,0.000031,0.000005,0.050227,0.000393,0.000005,0.000384,0.062650
95,0.006261,0.000030,0.000003,0.046376,0.000236,0.000004,0.000718,0.053631
120,0.006903,0.000031,0.000005,0.046098,0.000245,0.000004,0.000350,0.053638
121,0.006784,0.000030,0.000004,0.008006,0.000272,0.000003,0.000364,0.015466
96,0.006603,0.000031,0.000003,0.046509,0.000241,0.000004,0.000783,0.054176
122,0.005811,0.000027,0.000004,0.035902,0.000229,0.000004,0.000344,0.042323
97,0.006213,0.000028,0.000003,0.050846,0.000299,0.000004,0.000870,0.058266
123,0.006519,0.000030,0.000005,0.051888,0.000262,0.000004,0.000348,0.059058
124,0.011327,0.000028,0.000004,0.010298,0.000289,0.000004,0.000396,0.022348
98,0.006770,0.000033,0.000003,0.052127,0.000280,0.000003,0.000844,0.060063
125,0.009254,0.000042,0.000007,0.047047,0.000257,0.000004,0.000310,0.056922
99,0.006785,0.000038,0.000004,0.055850,0.000303,0.000005,0.000834,0.063822
126,0.007275,0.000031,0.000004,0.050475,0.000291,0.000004,0.000342,0.058425
100,0.006826,0.000030,0.000003,0.045067,0.000248,0.000004,0.000831,0.053012
127,0.010532,0.000030,0.000005,0.051089,0.000248,0.000004,0.000299,0.062208
101,0.007641,0.000039,0.000005,0.045775,0.000259,0.000004,0.000836,0.054562
102,0.006725,0.000032,0.000003,0.041480,0.000241,0.000004,0.000829,0.049316
103,0.006632,0.000038,0.000003,0.043422,0.000266,0.000004,0.000819,0.051187
104,0.006451,0.000034,0.000003,0.043560,0.000259,0.000005,0.000799,0.051114
105,0.014263,0.000032,0.000003,0.047276,0.000361,0.000004,0.000807,0.062755
106,0.007005,0.000035,0.000004,0.005622,0.000262,0.000005,0.000953,0.013889
107,0.007159,0.000036,0.000003,0.044592,0.000253,0.000004,0.000747,0.052797
108,0.006532,0.000036,0.000003,0.004607,0.000245,0.000004,0.000820,0.012250
109,0.006826,0.000034,0.000003,0.038930,0.000231,0.000003,0.000712,0.046741
110,0.006208,0.000029,0.000003,0.038124,0.000231,0.000004,0.000698,0.045300
111,0.005539,0.000027,0.000003,0.029785,0.000227,0.000004,0.000630,0.036218
112,0.005981,0.000032,0.000003,0.034470,0.000214,0.000003,0.000675,0.041380
113,0.006588,0.000032,0.000003,0.031577,0.000216,0.000004,0.000699,0.039120
114,0.010921,0.000034,0.000003,0.036235,0.000229,0.000004,0.000712,0.048140
115,0.011196,0.000034,0.000003,0.038871,0.000302,0.000004,0.000700,0.051113
116,0.009666,0.000032,0.000003,0.030305,0.000232,0.000004,0.000686,0.040930
117,0.010806,0.000031,0.000003,0.036288,0.000260,0.000004,0.000737,0.048132
118,0.006719,0.000034,0.000003,0.003942,0.000248,0.000005,0.000800,0.011756
119,0.011465,0.000040,0.000004,0.003444,0.000322,0.000006,0.001050,0.016367
120,0.009495,0.000031,0.000002,0.035201,0.000234,0.000004,0.000661,0.045631
121,0.011216,0.000032,0.000003,0.007390,0.000249,0.000004,0.000735,0.019632
122,0.005261,0.000026,0.000002,0.037798,0.000231,0.000004,0.000658,0.043983
123,0.010760,0.000033,0.000003,0.003805,0.000250,0.000004,0.000847,0.015705
124,0.011865,0.000035,0.000003,0.012200,0.000261,0.000004,0.000720,0.025091
125,0.006740,0.000035,0.000003,0.031722,0.000230,0.000004,0.000724,0.039459
126,0.005220,0.000028,0.000003,0.033421,0.000232,0.000004,0.000634,0.039543
127,0.011791,0.000036,0.000003,0.036665,0.000237,0.000004,0.000728,0.049468
128,0.013089,0.000036,0.000010,0.031312,0.000235,0.000004,0.002618,0.047308
129,0.005976,0.000037,0.000003,0.032980,0.000245,0.000004,0.003193,0.042442
130,0.006718,0.000034,0.000004,0.035586,0.000236,0.000004,0.003082,0.045668
131,0.007013,0.000033,0.000003,0.041047,0.000271,0.000004,0.003053,0.051429
132,0.005500,0.000030,0.000003,0.031235,0.000233,0.000003,0.002574,0.039581
133,0.006688,0.000035,0.000003,0.035646,0.000243,0.000004,0.002787,0.045411
134,0.005765,0.000027,0.000003,0.029618,0.000239,0.000004,0.002783,0.038443
135,0.005749,0.000028,0.000003,0.032286,0.000244,0.000003,0.003219,0.041535
136,0.005748,0.000030,0.000003,0.030557,0.000237,0.000004,0.003112,0.039692
137,0.005657,0.000027,0.000004,0.030544,0.000232,0.000004,0.003372,0.039843
138,0.006040,0.000029,0.000003,0.024476,0.000234,0.000004,0.002700,0.033488
139,0.005296,0.000021,0.000002,0.028475,0.000232,0.000004,0.002967,0.037002
140,0.006287,0.000032,0.000003,0.023018,0.000237,0.000004,0.003044,0.032628
141,0.006128,0.000030,0.000003,0.028743,0.000238,0.000004,0.003132,0.038282
142,0.004946,0.000025,0.000002,0.027046,0.000227,0.000004,0.002734,0.034988
143,0.005844,0.000029,0.000003,0.027779,0.000227,0.000004,0.002796,0.036684
144,0.006028,0.000030,0.000003,0.026493,0.000223,0.000004,0.002680,0.035465
145,0.005755,0.000026,0.000003,0.022954,0.000225,0.000003,0.002890,0.031858
146,0.005649,0.000027,0.000003,0.023566,0.000243,0.000004,0.002799,0.032294
147,0.005600,0.000029,0.000003,0.025355,0.000233,0.000004,0.002649,0.033875
148,0.005586,0.000028,0.000003,0.022977,0.000225,0.000004,0.002564,0.031390
149,0.004814,0.000025,0.000003,0.002162,0.000240,0.000005,0.002769,0.010020
150,0.005992,0.000024,0.000003,0.019378,0.000222,0.000004,0.002766,0.028392
151,0.005339,0.000024,0.000003,0.021902,0.000230,0.000004,0.002627,0.030134
152,0.005634,0.000027,0.000002,0.024868,0.000239,0.000005,0.002970,0.033748
153,0.005735,0.000024,0.000002,0.020870,0.000226,0.000004,0.002674,0.029537
154,0.005742,0.000026,0.000003,0.022655,0.000230,0.000004,0.002600,0.031264
155,0.004717,0.000020,0.000003,0.016990,0.000223,0.000004,0.002359,0.024318
156,0.004855,0.000024,0.000003,0.016874,0.000214,0.000004,0.002263,0.024239
157,0.006161,0.000024,0.000003,0.020910,0.000224,0.000004,0.002956,0.030285
158,0.006229,0.000030,0.000003,0.024539,0.000231,0.000004,0.003155,0.034194
159,0.005384,0.000024,0.000003,0.023373,0.000267,0.000004,0.002481,0.031545
160,0.005986,0.000029,0.000003,0.021040,0.000228,0.000004,0.002940,0.030234
161,0.004999,0.000020,0.000003,0.023208,0.000226,0.000004,0.002467,0.030930
162,0.005431,0.000022,0.000002,0.006399,0.000235,0.000005,0.002994,0.015092
163,0.005924,0.000022,0.000002,0.006355,0.000202,0.000004,0.002530,0.015041
164,0.004404,0.000019,0.000003,0.018433,0.000214,0.000004,0.002321,0.025401
165,0.005438,0.000022,0.000002,0.018108,0.000226,0.000004,0.002578,0.026382
166,0.005316,0.000021,0.000003,0.022275,0.000226,0.000004,0.002556,0.030403
167,0.005316,0.000022,0.000003,0.018618,0.000228,0.000004,0.002556,0.026749
168,0.005414,0.000022,0.000003,0.019123,0.000225,0.000004,0.002513,0.027307
169,0.005697,0.000022,0.000002,0.003393,0.000193,0.000004,0.002395,0.011708
170,0.006100,0.000024,0.000003,0.019020,0.000213,0.000005,0.002791,0.028158
171,0.005693,0.000023,0.000002,0.017420,0.000217,0.000004,0.002769,0.026131
172,0.005331,0.000022,0.000003,0.018844,0.000222,0.000004,0.002794,0.027222
173,0.005248,0.000034,0.000003,0.022155,0.000224,0.000004,0.002497,0.030167
174,0.006069,0.000026,0.000003,0.018944,0.000221,0.000004,0.002519,0.027789
175,0.005371,0.000021,0.000003,0.017575,0.000218,0.000004,0.002543,0.025738
176,0.005020,0.000023,0.000003,0.016420,0.000220,0.000004,0.002305,0.023998
177,0.005484,0.000023,0.000002,0.015647,0.000218,0.000004,0.002526,0.023906
178,0.005278,0.000023,0.000002,0.018960,0.000220,0.000004,0.002505,0.026994
179,0.005292,0.000020,0.000002,0.009190,0.000202,0.000004,0.002431,0.017144
180,0.004346,0.000019,0.000002,0.002338,0.000184,0.000004,0.002258,0.009153
181,0.005727,0.000023,0.000003,0.024192,0.000230,0.000004,0.002515,0.032696
182,0.004609,0.000019,0.000002,0.017210,0.000207,0.000004,0.002322,0.024377
183,0.005354,0.000023,0.000002,0.018876,0.000214,0.000004,0.002468,0.026944
184,0.005186,0.000021,0.000002,0.018235,0.000224,0.000004,0.002492,0.026165
185,0.005276,0.000019,0.000002,0.017008,0.000227,0.000004,0.002569,0.025109
186,0.005382,0.000020,0.000003,0.019407,0.000230,0.000004,0.002641,0.027689
187,0.004475,0.000019,0.000003,0.018501,0.000211,0.000004,0.002363,0.025578
188,0.005299,0.000021,0.000002,0.019923,0.000220,0.000004,0.002601,0.028074
189,0.006716,0.000024,0.000004,0.006891,0.000230,0.000005,0.002563,0.016436
190,0.005137,0.000020,0.000002,0.022667,0.000215,0.000003,0.002530,0.030578
191,0.005221,0.000021,0.000003,0.017570,0.000278,0.000004,0.002529,0.025629
128,0.006263,0.000038,0.000004,0.034116,0.000315,0.000005,0.002666,0.043416
129,0.004937,0.000024,0.000003,0.028450,0.000222,0.000004,0.002237,0.035879
130,0.006094,0.000026,0.000003,0.004872,0.000243,0.000004,0.002603,0.013848
131,0.006060,0.000033,0.000003,0.027462,0.000256,0.000004,0.002601,0.036423
132,0.005234,0.000030,0.000003,0.006386,0.000225,0.000004,0.002356,0.014241
133,0.005779,0.000024,0.000003,0.031779,0.000244,0.000004,0.002670,0.040506
134,0.005884,0.000030,0.000003,0.004940,0.000206,0.000005,0.002276,0.013347
135,0.005780,0.000032,0.000003,0.005530,0.000209,0.000004,0.002456,0.014016
136,0.005400,0.000025,0.000003,0.006810,0.000207,0.000004,0.002233,0.014685
137,0.005547,0.000025,0.000003,0.028848,0.000227,0.000004,0.002429,0.037087
138,0.006164,0.000026,0.000003,0.004936,0.000255,0.000005,0.002985,0.014379
139,0.009165,0.000031,0.000003,0.027320,0.000266,0.000005,0.002455,0.039248
140,0.005077,0.000025,0.000003,0.027404,0.000223,0.000004,0.002076,0.034817
141,0.005934,0.000029,0.000003,0.004304,0.000233,0.000004,0.002404,0.012915
142,0.007999,0.000043,0.000005,0.004026,0.000380,0.000008,0.004024,0.016490
143,0.007855,0.000034,0.000003,0.004405,0.000310,0.000007,0.004134,0.016753
144,0.014544,0.000027,0.000003,0.004957,0.000234,0.000005,0.002311,0.022085
145,0.005749,0.000027,0.000003,0.037055,0.000261,0.000005,0.002843,0.045946
146,0.006137,0.000027,0.000003,0.032581,0.000214,0.000005,0.002362,0.041332
147,0.006742,0.000033,0.000003,0.037137,0.000269,0.000005,0.002844,0.047036
148,0.006135,0.000032,0.000003,0.031619,0.000244,0.000005,0.002494,0.040536
149,0.005045,0.000023,0.000003,0.006264,0.000221,0.000004,0.002266,0.013829
150,0.005086,0.000026,0.000002,0.030933,0.000229,0.000005,0.002308,0.038592
151,0.005446,0.000031,0.000003,0.002459,0.000241,0.000005,0.002502,0.010690
152,0.006607,0.000029,0.000003,0.034278,0.000252,0.000005,0.002540,0.043717
153,0.006267,0.000034,0.000003,0.008292,0.000250,0.000005,0.002979,0.017834
154,0.005998,0.000028,0.000003,0.008005,0.000234,0.000005,0.002567,0.016843
155,0.005940,0.000027,0.000003,0.029527,0.000226,0.000004,0.002325,0.038055
156,0.005770,0.000027,0.000003,0.022542,0.000222,0.000004,0.002349,0.030919
157,0.005783,0.000029,0.000003,0.004646,0.000253,0.000005,0.002679,0.013401
158,0.006132,0.000024,0.000003,0.031192,0.000218,0.000004,0.002303,0.039880
159,0.006054,0.000026,0.000003,0.003930,0.000228,0.000005,0.002579,0.012828
160,0.006335,0.000027,0.000003,0.030570,0.000222,0.000005,0.002340,0.039506
161,0.005737,0.000026,0.000003,0.004608,0.000237,0.000005,0.002356,0.012976
162,0.005836,0.000026,0.000003,0.025507,0.000230,0.000004,0.002377,0.033987
163,0.006164,0.000030,0.000003,0.004219,0.000257,0.000006,0.002680,0.013363
164,0.006593,0.000030,0.000003,0.007628,0.000234,0.000004,0.002411,0.016906
165,0.005865,0.000025,0.000002,0.031627,0.000241,0.000005,0.002413,0.040181
166,0.005954,0.000027,0.000003,0.027982,0.000245,0.000005,0.002561,0.036780
167,0.005880,0.000026,0.000003,0.028474,0.000264,0.000005,0.002358,0.037014
168,0.006471,0.000030,0.000003,0.035064,0.000269,0.000006,0.002412,0.044258
169,0.005933,0.000039,0.000002,0.012074,0.000259,0.000004,0.002372,0.020687
170,0.005876,0.000031,0.000003,0.007491,0.000260,0.000005,0.002872,0.016541
171,0.006104,0.000033,0.000003,0.029563,0.000225,0.000004,0.002448,0.038385
172,0.006453,0.000035,0.000003,0.005524,0.000267,0.000005,0.002805,0.015096
173,0.005252,0.000026,0.000003,0.028447,0.000235,0.000004,0.002225,0.036197
174,0.006346,0.000032,0.000003,0.024714,0.000222,0.000005,0.002270,0.033595
175,0.005862,0.000027,0.000003,0.007072,0.000248,0.000004,0.002392,0.015612
176,0.006267,0.000031,0.000003,0.031648,0.000248,0.000005,0.002642,0.040848
128,0.011379,0.000033,0.000003,0.042326,0.000261,0.000005,0.002852,0.056862
129,0.006096,0.000033,0.000003,0.008096,0.000276,0.000006,0.003828,0.018342
177,0.007460,0.000032,0.000004,0.037858,0.003628,0.000016,0.002577,0.051583
178,0.006564,0.000035,0.000004,0.007761,0.000246,0.000004,0.002401,0.017017
130,0.006751,0.000030,0.000003,0.035187,0.000224,0.000005,0.003280,0.045483
179,0.006205,0.000029,0.000003,0.037457,0.000245,0.000005,0.002422,0.046368
131,0.006816,0.000038,0.000003,0.035098,0.000233,0.000005,0.003369,0.045568
180,0.006357,0.000034,0.000003,0.042268,0.000260,0.000005,0.002723,0.051654
132,0.005926,0.000029,0.000003,0.039009,0.000229,0.000005,0.002978,0.048183
181,0.006461,0.000038,0.000004,0.038286,0.000253,0.000004,0.002489,0.047537
133,0.008455,0.000027,0.000002,0.042353,0.000250,0.000005,0.003352,0.054449
182,0.006902,0.000038,0.000003,0.044196,0.000330,0.000004,0.002739,0.054217
134,0.006780,0.000030,0.000003,0.036756,0.000235,0.000005,0.003507,0.047321
183,0.006722,0.000030,0.000003,0.037864,0.000264,0.000005,0.002589,0.047480
135,0.005993,0.000028,0.000003,0.038785,0.000229,0.000004,0.003330,0.048378
184,0.006088,0.000036,0.000003,0.033952,0.000229,0.000004,0.002231,0.042547
136,0.006070,0.000029,0.000003,0.038955,0.000231,0.000005,0.003485,0.048782
185,0.006147,0.000027,0.000003,0.031499,0.000237,0.000005,0.002657,0.040579
186,0.006249,0.000035,0.000003,0.012804,0.000250,0.000005,0.002595,0.021944
137,0.007205,0.000037,0.000003,0.038742,0.000238,0.000005,0.003375,0.049609
187,0.006037,0.000027,0.000003,0.008415,0.000249,0.000006,0.002934,0.017675
188,0.006781,0.000036,0.000004,0.041790,0.000256,0.000005,0.002676,0.051552
138,0.005990,0.000025,0.000003,0.051876,0.000241,0.000005,0.003170,0.061314
189,0.006344,0.000027,0.000003,0.003610,0.000246,0.000005,0.002908,0.013145
190,0.006557,0.000032,0.000003,0.013058,0.000286,0.000005,0.002479,0.022423
139,0.004978,0.000025,0.000003,0.037318,0.000219,0.000005,0.003052,0.045602
191,0.006135,0.000028,0.000004,0.041210,0.000248,0.000005,0.002440,0.050074
140,0.006010,0.000027,0.000003,0.035145,0.000218,0.000005,0.003247,0.044659
141,0.005888,0.000029,0.000003,0.036775,0.000227,0.000005,0.003235,0.046166
142,0.005604,0.000027,0.000002,0.011203,0.000241,0.000005,0.003272,0.020357
143,0.005953,0.000029,0.000003,0.030632,0.000243,0.000005,0.003184,0.040052
144,0.007280,0.000029,0.000003,0.007218,0.000244,0.000006,0.003965,0.018748
145,0.006323,0.000032,0.000003,0.038315,0.000228,0.000005,0.003052,0.047961
146,0.005566,0.000029,0.000003,0.025482,0.000223,0.000005,0.002809,0.034122
147,0.006197,0.000029,0.000003,0.036444,0.000243,0.000006,0.003110,0.046035
148,0.005743,0.000026,0.000003,0.027127,0.000265,0.000005,0.003248,0.036423
149,0.005994,0.000028,0.000003,0.011580,0.000253,0.000006,0.003659,0.021527
150,0.005638,0.000027,0.000003,0.009220,0.000246,0.000005,0.003785,0.018930
151,0.005926,0.000026,0.000003,0.003246,0.000206,0.000004,0.003089,0.012503
152,0.005393,0.000025,0.000003,0.029267,0.000223,0.000005,0.003150,0.038070
153,0.006351,0.000030,0.000003,0.026383,0.000226,0.000005,0.003095,0.036097
154,0.005676,0.000026,0.000002,0.031165,0.000230,0.000004,0.003189,0.040298
155,0.005040,0.000026,0.000003,0.024641,0.000236,0.000005,0.002918,0.032871
156,0.006884,0.000026,0.000003,0.025749,0.000227,0.000005,0.003180,0.036077
157,0.005930,0.000033,0.000003,0.025558,0.000221,0.000005,0.003038,0.034792
158,0.004944,0.000026,0.000003,0.005694,0.000233,0.000005,0.003043,0.013952
159,0.005880,0.000025,0.000003,0.023986,0.000235,0.000005,0.003247,0.033384
160,0.004910,0.000025,0.000002,0.022041,0.000245,0.000005,0.002775,0.030006
161,0.006721,0.000026,0.000004,0.029997,0.000212,0.000005,0.002929,0.039897
162,0.006670,0.000025,0.000002,0.031355,0.000224,0.000005,0.003151,0.041436
163,0.005640,0.000025,0.000003,0.025294,0.000232,0.000006,0.003088,0.034289
164,0.005713,0.000023,0.000003,0.005740,0.000208,0.000005,0.002921,0.014614
165,0.005180,0.000023,0.000002,0.023016,0.000214,0.000005,0.003011,0.031453
166,0.005331,0.000022,0.000003,0.024115,0.000235,0.000005,0.002966,0.032680
167,0.005568,0.000021,0.000002,0.023618,0.000225,0.000005,0.003149,0.032593
168,0.005717,0.000024,0.000003,0.014348,0.000210,0.000005,0.003051,0.023363
169,0.006608,0.000021,0.000002,0.030631,0.000220,0.000005,0.003059,0.040551
170,0.007012,0.000024,0.000003,0.030631,0.000259,0.000010,0.002758,0.040704
171,0.005747,0.000024,0.000004,0.025359,0.000247,0.000005,0.003014,0.034403
172,0.006039,0.000022,0.000003,0.023019,0.000225,0.000005,0.002803,0.032118
173,0.005579,0.000025,0.000002,0.020061,0.000236,0.000005,0.003066,0.028978
174,0.005503,0.000032,0.000004,0.006705,0.000204,0.000005,0.002923,0.015378
175,0.005387,0.000025,0.000002,0.023097,0.000221,0.000004,0.003177,0.031916
176,0.005670,0.000026,0.000003,0.032054,0.000220,0.000005,0.003056,0.041038
177,0.007787,0.000030,0.000003,0.026586,0.000225,0.000005,0.003178,0.037817
178,0.006513,0.000029,0.000003,0.027078,0.000223,0.000005,0.003067,0.036922
179,0.004847,0.000021,0.000003,0.021942,0.000225,0.000005,0.002841,0.029888
180,0.006778,0.000022,0.000002,0.032036,0.000215,0.000005,0.003139,0.042201
181,0.005434,0.000022,0.000003,0.029502,0.000222,0.000005,0.003108,0.038299
182,0.005485,0.000026,0.000003,0.006354,0.000241,0.000005,0.004047,0.016164
183,0.004990,0.000020,0.000002,0.021677,0.000221,0.000005,0.002793,0.029714
184,0.005733,0.000025,0.000003,0.024203,0.000252,0.000007,0.003261,0.033488
185,0.005968,0.000030,0.000003,0.025002,0.000266,0.000005,0.003750,0.035029
186,0.005267,0.000022,0.000003,0.034569,0.000215,0.000004,0.002921,0.043004
187,0.005880,0.000030,0.000003,0.008305,0.000258,0.000005,0.004109,0.018594
188,0.005900,0.000028,0.000003,0.046884,0.000312,0.000005,0.003156,0.056294
189,0.005692,0.000022,0.000002,0.006029,0.000224,0.000005,0.003663,0.015641
190,0.005627,0.000021,0.000002,0.028284,0.000224,0.000005,0.003018,0.037184
191,0.005554,0.000024,0.000003,0.007408,0.000234,0.000005,0.003463,0.016694
128,0.018255,0.000047,0.000004,0.038361,0.000300,0.000004,0.002448,0.059428
129,0.005293,0.000024,0.000003,0.032012,0.000214,0.000004,0.002146,0.039698
130,0.007065,0.000030,0.000003,0.035819,0.000245,0.000004,0.002172,0.045342
131,0.005205,0.000026,0.000003,0.032158,0.000215,0.000004,0.002013,0.039627
132,0.006293,0.000029,0.000003,0.036375,0.000211,0.000004,0.002019,0.044938
133,0.010073,0.000030,0.000003,0.038148,0.000239,0.000004,0.002206,0.050706
134,0.006295,0.000032,0.000003,0.049536,0.000247,0.000004,0.002223,0.058344
135,0.006130,0.000028,0.000003,0.043977,0.000284,0.000004,0.002262,0.052692
136,0.006159,0.000031,0.000003,0.039532,0.000246,0.000004,0.002303,0.048280
137,0.005968,0.000028,0.000003,0.041666,0.000250,0.000004,0.002106,0.050028
138,0.005976,0.000028,0.000003,0.037640,0.000233,0.000004,0.002141,0.046028
139,0.005112,0.000025,0.000003,0.048340,0.000268,0.000004,0.002024,0.055780
140,0.006244,0.000028,0.000007,0.038093,0.000237,0.000004,0.002121,0.046737
141,0.006430,0.000027,0.000003,0.045717,0.000241,0.000004,0.002198,0.054623
142,0.006315,0.000030,0.000003,0.037110,0.000240,0.000004,0.002144,0.045849
143,0.006558,0.000029,0.000003,0.004031,0.000231,0.000004,0.002199,0.013057
144,0.006276,0.000031,0.000003,0.028239,0.000238,0.000004,0.002063,0.036857
145,0.005897,0.000027,0.000003,0.004359,0.000228,0.000003,0.002135,0.012657
146,0.005399,0.000028,0.000003,0.033555,0.000222,0.000003,0.001824,0.041037
147,0.005843,0.000025,0.000003,0.052781,0.000252,0.000016,0.002228,0.061151
148,0.006037,0.000029,0.000003,0.039207,0.000255,0.000004,0.002114,0.047653
149,0.005309,0.000028,0.000003,0.034345,0.000218,0.000004,0.001793,0.041702
150,0.011943,0.000033,0.000004,0.042061,0.000394,0.000004,0.002096,0.056544
151,0.006417,0.000035,0.000003,0.035127,0.000243,0.000004,0.002098,0.043931
152,0.006022,0.000028,0.000003,0.031496,0.000238,0.000004,0.002119,0.039913
153,0.006892,0.000031,0.000003,0.032851,0.000226,0.000004,0.002026,0.042039
154,0.005925,0.000035,0.000003,0.035130,0.000254,0.000004,0.002072,0.043426
155,0.005151,0.000025,0.000003,0.030194,0.000220,0.000004,0.001849,0.037448
156,0.006367,0.000033,0.000004,0.035948,0.000230,0.000004,0.002042,0.044632
157,0.019409,0.000039,0.000003,0.134228,0.000307,0.000004,0.002447,0.156441
158,0.013195,0.000038,0.000004,0.031703,0.000273,0.000004,0.002172,0.047393
159,0.010348,0.000027,0.000003,0.003901,0.000226,0.000004,0.002427,0.016939
160,0.008504,0.000021,0.000003,0.002709,0.000244,0.000004,0.001899,0.013386
161,0.013150,0.000027,0.000003,0.022010,0.000287,0.000004,0.002256,0.037742
162,0.010539,0.000030,0.000004,0.027206,0.000256,0.000004,0.002172,0.040214
163,0.010032,0.000025,0.000003,0.029144,0.000280,0.000004,0.002218,0.041709
164,0.009662,0.000026,0.000004,0.021033,0.000254,0.000004,0.001842,0.032829
165,0.010118,0.000026,0.000003,0.022791,0.000272,0.000004,0.002030,0.035246
166,0.015707,0.000080,0.000008,0.044386,0.000252,0.000004,0.002169,0.062610
167,0.005990,0.000026,0.000003,0.007738,0.000243,0.000004,0.002287,0.016294
168,0.006043,0.000037,0.000003,0.041121,0.000245,0.000004,0.002273,0.049731
169,0.013275,0.000030,0.000003,0.011304,0.000194,0.000021,0.002023,0.026854
170,0.006024,0.000030,0.000003,0.033571,0.000255,0.000004,0.001990,0.041881
171,0.005835,0.000031,0.000003,0.008232,0.000229,0.000004,0.002021,0.016358
172,0.005714,0.000029,0.000003,0.039724,0.000240,0.000004,0.002118,0.047837
173,0.005996,0.000030,0.000003,0.035503,0.000246,0.000004,0.002048,0.043833
174,0.005880,0.000032,0.000003,0.005195,0.000267,0.000004,0.002323,0.013709
175,0.005767,0.000030,0.000003,0.025640,0.000221,0.000004,0.011948,0.043630
176,0.006288,0.000042,0.000006,0.003845,0.000316,0.000004,0.001986,0.012489
177,0.004718,0.000021,0.000003,0.028133,0.000216,0.000004,0.001684,0.034781
178,0.005400,0.000025,0.000003,0.032266,0.000226,0.000003,0.001990,0.039916
179,0.004945,0.000024,0.000003,0.002238,0.000222,0.000004,0.001779,0.009218
180,0.009937,0.000027,0.000003,0.011092,0.000246,0.000003,0.001943,0.023254
181,0.006339,0.000034,0.000003,0.025851,0.000246,0.000004,0.001856,0.034336
182,0.006419,0.000030,0.000003,0.027058,0.000248,0.000003,0.002059,0.035825
183,0.005986,0.000028,0.000003,0.022662,0.000246,0.000004,0.001960,0.030892
184,0.006719,0.000033,0.000003,0.019647,0.000232,0.000004,0.001816,0.028457
185,0.005927,0.000031,0.000003,0.019520,0.000223,0.000004,0.001829,0.027538
186,0.005485,0.000023,0.000003,0.009537,0.000208,0.000004,0.001872,0.017133
187,0.006092,0.000025,0.000003,0.018244,0.000222,0.000004,0.001810,0.026402
188,0.005417,0.000026,0.000002,0.018859,0.000216,0.000004,0.001919,0.026445
189,0.006090,0.000026,0.000003,0.023670,0.000275,0.000004,0.001888,0.031959
190,0.005901,0.000025,0.000003,0.005658,0.000205,0.000003,0.001750,0.013547
191,0.005138,0.000021,0.000003,0.019215,0.000220,0.000004,0.001890,0.026492
128,0.015971,0.000032,0.000003,0.025674,0.000236,0.000004,0.004069,0.045993
129,0.006345,0.000026,0.000003,0.030757,0.000241,0.000005,0.003732,0.041112
130,0.005799,0.000025,0.000003,0.021693,0.000250,0.000004,0.003801,0.031579
131,0.006052,0.000023,0.000003,0.031080,0.000224,0.000004,0.003834,0.041223
132,0.006027,0.000024,0.000003,0.022896,0.000215,0.000004,0.003346,0.032518
133,0.006179,0.000025,0.000003,0.023851,0.000232,0.000004,0.003415,0.033713
134,0.006168,0.000023,0.000002,0.020475,0.000233,0.000004,0.003291,0.030199
135,0.006687,0.000028,0.000003,0.011146,0.000239,0.000004,0.003302,0.021413
136,0.004980,0.000023,0.000003,0.002303,0.000221,0.000004,0.002921,0.010458
137,0.004630,0.000020,0.000002,0.026715,0.000232,0.000004,0.003527,0.035133
138,0.005342,0.000022,0.000003,0.024205,0.000217,0.000004,0.003519,0.033315
139,0.005349,0.000021,0.000002,0.026483,0.000237,0.000004,0.003374,0.035474
140,0.005326,0.000022,0.000003,0.026450,0.000202,0.000004,0.003236,0.035246
141,0.005589,0.000025,0.000003,0.025422,0.000215,0.000004,0.003074,0.034336
142,0.005529,0.000026,0.000003,0.026315,0.000213,0.000004,0.003148,0.035241
143,0.004886,0.000025,0.000003,0.022672,0.000213,0.000004,0.002887,0.030693
144,0.005643,0.000029,0.000003,0.021355,0.000214,0.000004,0.003221,0.030472
145,0.004897,0.000024,0.000003,0.027180,0.000229,0.000004,0.003050,0.035390
146,0.004987,0.000026,0.000003,0.022838,0.000230,0.000004,0.002900,0.030990
147,0.005718,0.000025,0.000003,0.006748,0.000215,0.000004,0.003460,0.016177
148,0.006408,0.000032,0.000003,0.022341,0.000221,0.000004,0.003361,0.032372
149,0.005270,0.000021,0.000003,0.026299,0.000238,0.000004,0.003712,0.035551
150,0.006340,0.000025,0.000003,0.021502,0.000222,0.000004,0.003187,0.031286
151,0.005741,0.000023,0.000002,0.023152,0.000229,0.000004,0.003286,0.032441
152,0.005733,0.000024,0.000003,0.003296,0.000193,0.000004,0.003464,0.012722
153,0.006300,0.000031,0.000003,0.019126,0.000213,0.000004,0.003339,0.029019
154,0.005681,0.000027,0.000003,0.021299,0.000211,0.000004,0.003096,0.030324
155,0.005391,0.000022,0.000002,0.030766,0.000263,0.000004,0.003229,0.039681
156,0.006179,0.000030,0.000003,0.030016,0.000216,0.000004,0.003121,0.039572
157,0.004914,0.000025,0.000003,0.002280,0.000228,0.000004,0.003350,0.010809
158,0.006383,0.000027,0.000003,0.007152,0.000233,0.000005,0.003390,0.017196
159,0.005737,0.000029,0.000003,0.022909,0.000217,0.000004,0.003193,0.032095
160,0.005682,0.000030,0.000002,0.024230,0.000224,0.000004,0.003222,0.033397
161,0.004952,0.000024,0.000003,0.017399,0.000225,0.000004,0.002921,0.025530
162,0.005980,0.000031,0.000003,0.024621,0.000227,0.000004,0.003411,0.034282
163,0.004952,0.000023,0.000003,0.022268,0.000233,0.000004,0.002970,0.030457
164,0.005655,0.000025,0.000002,0.020464,0.000240,0.000004,0.003285,0.029679
165,0.005772,0.000026,0.000002,0.007069,0.000206,0.000004,0.003028,0.016109
166,0.005447,0.000025,0.000003,0.027786,0.000218,0.000004,0.003034,0.036520
167,0.005368,0.000024,0.000003,0.002038,0.000210,0.000005,0.003242,0.010893
168,0.005313,0.000021,0.000003,0.008107,0.000256,0.000005,0.003627,0.017335
169,0.006383,0.000029,0.000003,0.008164,0.000192,0.000004,0.002976,0.017755
170,0.005396,0.000023,0.000003,0.023194,0.000220,0.000004,0.003112,0.031956
171,0.005636,0.000027,0.000003,0.027419,0.000364,0.000004,0.003172,0.036638
172,0.006885,0.000030,0.000004,0.026452,0.000234,0.000004,0.003190,0.036803
173,0.004922,0.000024,0.000002,0.002174,0.000188,0.000004,0.002816,0.010134
174,0.006279,0.000032,0.000003,0.009225,0.000255,0.000005,0.003749,0.019551
175,0.005662,0.000026,0.000002,0.025239,0.000216,0.000004,0.003226,0.034377
176,0.005578,0.000027,0.000003,0.025472,0.000222,0.000004,0.003261,0.034571
177,0.005136,0.000026,0.000003,0.003811,0.000252,0.000005,0.003402,0.012638
128,0.011211,0.000036,0.000004,0.041179,0.000275,0.000004,0.001992,0.054705
178,0.006782,0.000031,0.000003,0.042036,0.000238,0.000004,0.003418,0.052518
129,0.005834,0.000050,0.000005,0.042579,0.000252,0.000004,0.002407,0.051133
179,0.005944,0.000033,0.000003,0.038104,0.000242,0.000004,0.003383,0.047717
130,0.006462,0.000029,0.000004,0.034904,0.000242,0.000004,0.002088,0.043737
180,0.005861,0.000027,0.000003,0.037968,0.000222,0.000003,0.003378,0.047467
131,0.011569,0.000033,0.000006,0.039525,0.000241,0.000004,0.001877,0.053258
181,0.006693,0.000031,0.000004,0.032697,0.000208,0.000004,0.003236,0.042876
132,0.011256,0.000030,0.000004,0.035181,0.000250,0.000004,0.004758,0.051485
182,0.006326,0.000030,0.000003,0.042940,0.000294,0.000004,0.003312,0.052913
183,0.005587,0.000023,0.000003,0.033047,0.000249,0.000004,0.003085,0.042002
133,0.006090,0.000026,0.000004,0.038558,0.000225,0.000004,0.001987,0.046897
184,0.005994,0.000027,0.000003,0.011727,0.000238,0.000004,0.003205,0.021200
134,0.006247,0.000029,0.000004,0.034655,0.000244,0.000004,0.001959,0.043145
185,0.005128,0.000030,0.000003,0.028268,0.000212,0.000004,0.002955,0.036603
135,0.005882,0.000026,0.000004,0.006422,0.000256,0.000004,0.002151,0.014748
186,0.006015,0.000031,0.000003,0.038893,0.000231,0.000004,0.003274,0.048454
136,0.006520,0.000032,0.000003,0.039731,0.000219,0.000004,0.001926,0.048438
187,0.006620,0.000033,0.000003,0.032695,0.000236,0.000004,0.003351,0.042946
137,0.005838,0.000026,0.000002,0.039018,0.000227,0.000004,0.001966,0.047083
188,0.005802,0.000026,0.000003,0.003217,0.000215,0.000004,0.003204,0.012475
138,0.005591,0.000027,0.000002,0.010461,0.000246,0.000004,0.001967,0.018301
189,0.005904,0.000027,0.000003,0.004169,0.000208,0.000004,0.003163,0.013481
190,0.005657,0.000029,0.000003,0.007556,0.000271,0.000004,0.003712,0.017236
139,0.010338,0.000027,0.000002,0.031979,0.000246,0.000004,0.001998,0.044599
140,0.008683,0.000024,0.000004,0.002566,0.000214,0.000004,0.001717,0.013216
191,0.006097,0.000031,0.000013,0.033233,0.000228,0.000004,0.003265,0.042874
141,0.005822,0.000026,0.000004,0.029766,0.000258,0.000004,0.002055,0.037937
142,0.006586,0.000031,0.000005,0.029896,0.000259,0.000004,0.001934,0.038718
143,0.007785,0.000027,0.000003,0.026292,0.000232,0.000004,0.001857,0.036201
144,0.005015,0.000027,0.000004,0.024496,0.000220,0.000004,0.001704,0.031474
145,0.005144,0.000047,0.000003,0.002361,0.000224,0.000004,0.002085,0.009871
146,0.005351,0.000022,0.000004,0.027353,0.000232,0.000003,0.001793,0.034763
147,0.006239,0.000028,0.000004,0.007530,0.000260,0.000005,0.001585,0.015654
148,0.004871,0.000022,0.000003,0.034455,0.000238,0.000004,0.001621,0.041217
149,0.010254,0.000027,0.000004,0.003273,0.000216,0.000004,0.007381,0.021166
150,0.006213,0.000036,0.000003,0.007126,0.000287,0.000005,0.002167,0.015841
151,0.010562,0.000028,0.000004,0.007601,0.000224,0.000004,0.001849,0.020276
152,0.008970,0.000031,0.000004,0.032272,0.000250,0.000005,0.001713,0.043247
153,0.005796,0.000027,0.000004,0.007220,0.000216,0.000003,0.002081,0.015352
154,0.006522,0.000030,0.000004,0.006311,0.000255,0.000003,0.001965,0.015094
155,0.006264,0.000028,0.000004,0.032301,0.000241,0.000004,0.001768,0.040612
156,0.007057,0.000031,0.000006,0.003448,0.000247,0.000004,0.001990,0.012786
157,0.005788,0.000027,0.000005,0.024100,0.000213,0.000004,0.001830,0.031970
158,0.005529,0.000027,0.000004,0.032674,0.000245,0.000004,0.002206,0.040692
159,0.005841,0.000033,0.000005,0.026736,0.000227,0.000004,0.001799,0.034647
160,0.011289,0.000031,0.000005,0.037328,0.000387,0.000004,0.001912,0.050965
161,0.006389,0.000033,0.000004,0.025736,0.000227,0.000004,0.001831,0.034228
162,0.012127,0.000030,0.000003,0.028056,0.000216,0.000004,0.001815,0.042254
163,0.010853,0.000035,0.000003,0.030178,0.000221,0.000004,0.001966,0.043263
164,0.010350,0.000033,0.000003,0.030631,0.000223,0.000004,0.001896,0.043142
165,0.006817,0.000029,0.000005,0.032885,0.000272,0.000004,0.001778,0.041793
166,0.008764,0.000022,0.000004,0.002228,0.000209,0.000003,0.001733,0.012967
167,0.005234,0.000023,0.000003,0.031766,0.000237,0.000004,0.001869,0.039140
168,0.009079,0.000026,0.000005,0.025906,0.000222,0.000004,0.001688,0.036933
169,0.005347,0.000026,0.000005,0.024216,0.000224,0.000004,0.001596,0.031421
170,0.010789,0.000034,0.000005,0.026128,0.000220,0.000012,0.001713,0.038905
171,0.005082,0.000029,0.000005,0.035275,0.000222,0.000003,0.001686,0.042304
172,0.005556,0.000029,0.000004,0.041554,0.000225,0.000004,0.002359,0.049734
173,0.006791,0.000030,0.000005,0.036097,0.000218,0.000004,0.001873,0.045020
174,0.006501,0.000032,0.000005,0.035696,0.000233,0.000004,0.001728,0.044202
175,0.005112,0.000025,0.000004,0.035418,0.000214,0.000004,0.001611,0.042389
176,0.005559,0.000025,0.000004,0.033689,0.000236,0.000005,0.001801,0.041321
177,0.006249,0.000026,0.000004,0.004771,0.000237,0.000004,0.002121,0.013415
178,0.006757,0.000034,0.000004,0.037508,0.000232,0.000004,0.002003,0.046545
179,0.009135,0.000029,0.000006,0.034378,0.000238,0.000004,0.001597,0.045390
180,0.006064,0.000026,0.000005,0.028789,0.000237,0.000004,0.001864,0.036990
181,0.006751,0.000035,0.000004,0.029412,0.000227,0.000004,0.001772,0.038209
182,0.005822,0.000027,0.000005,0.006372,0.000281,0.000004,0.002240,0.014754
183,0.006732,0.000029,0.000004,0.029311,0.000232,0.000004,0.002051,0.038365
184,0.005954,0.000026,0.000003,0.033133,0.000223,0.000004,0.001791,0.041137
185,0.011517,0.000033,0.000003,0.031616,0.000251,0.000004,0.002106,0.045535
186,0.005932,0.000030,0.000003,0.024689,0.000214,0.000004,0.001712,0.032588
187,0.005839,0.000032,0.000003,0.031756,0.000236,0.000004,0.001778,0.039651
188,0.005016,0.000027,0.000002,0.031922,0.000215,0.000004,0.001633,0.038822
189,0.008124,0.000028,0.000005,0.032461,0.000231,0.000004,0.001962,0.042818
190,0.006049,0.000026,0.000004,0.032666,0.000244,0.000004,0.001804,0.040800
191,0.006169,0.000027,0.000004,0.027377,0.000221,0.000004,0.001828,0.035633
128,0.015882,0.000027,0.000003,0.007713,0.000228,0.000004,0.000781,0.024640
129,0.006154,0.000025,0.000003,0.032698,0.000234,0.000005,0.000789,0.039911
130,0.005463,0.000033,0.000003,0.023322,0.000225,0.000005,0.000735,0.029788
131,0.006093,0.000028,0.000003,0.008643,0.000278,0.000006,0.000874,0.015928
132,0.004689,0.000019,0.000002,0.022523,0.000248,0.000005,0.000720,0.028210
133,0.006026,0.000028,0.000003,0.029175,0.000242,0.000004,0.000757,0.036240
134,0.006198,0.000026,0.000003,0.040176,0.000275,0.000005,0.001010,0.047696
135,0.006022,0.000023,0.000003,0.009974,0.000234,0.000005,0.000757,0.017020
136,0.004790,0.000020,0.000003,0.028892,0.000246,0.000005,0.000736,0.034695
137,0.006123,0.000027,0.000003,0.005027,0.000246,0.000006,0.000881,0.012314
138,0.004784,0.000023,0.000002,0.022833,0.000252,0.000004,0.000705,0.028607
139,0.005810,0.000026,0.000003,0.023014,0.000223,0.000005,0.000767,0.029851
140,0.005460,0.000026,0.000003,0.029417,0.000243,0.000004,0.000738,0.035894
141,0.006092,0.000031,0.000003,0.025686,0.000236,0.000005,0.000746,0.032803
142,0.005705,0.000026,0.000003,0.028555,0.000218,0.000004,0.000793,0.035307
143,0.005414,0.000021,0.000003,0.004574,0.000214,0.000004,0.000734,0.010968
144,0.005283,0.000028,0.000003,0.006504,0.000273,0.000006,0.000816,0.012916
145,0.005702,0.000023,0.000002,0.024657,0.000235,0.000004,0.000727,0.031352
146,0.005720,0.000025,0.000002,0.024933,0.000277,0.000011,0.000765,0.031739
147,0.005061,0.000023,0.000003,0.022277,0.000225,0.000004,0.000700,0.028295
148,0.004742,0.000022,0.000003,0.030964,0.000216,0.000004,0.000694,0.036648
149,0.006246,0.000026,0.000003,0.030450,0.000298,0.000005,0.000779,0.037812
150,0.005591,0.000024,0.000002,0.008466,0.000263,0.000005,0.000850,0.015204
151,0.005978,0.000024,0.000002,0.022171,0.000242,0.000004,0.000737,0.029160
152,0.005631,0.000026,0.000002,0.011652,0.000232,0.000005,0.000723,0.018274
153,0.005531,0.000021,0.000003,0.024971,0.000224,0.000005,0.000746,0.031505
154,0.006284,0.000028,0.000003,0.029750,0.000243,0.000004,0.000768,0.037084
155,0.005664,0.000027,0.000003,0.030606,0.000266,0.000005,0.000740,0.037313
156,0.005899,0.000032,0.000003,0.033229,0.000305,0.000005,0.000772,0.040248
157,0.006299,0.000028,0.000003,0.027657,0.000254,0.000005,0.000723,0.034971
158,0.005550,0.000029,0.000002,0.006140,0.000238,0.000006,0.000851,0.012819
159,0.006408,0.000031,0.000003,0.024656,0.000227,0.000003,0.000758,0.032090
160,0.005580,0.000023,0.000002,0.027005,0.000251,0.000004,0.000744,0.033612
161,0.005739,0.000028,0.000002,0.006254,0.000199,0.000004,0.000713,0.012943
162,0.004532,0.000021,0.000003,0.007534,0.000202,0.000004,0.000686,0.012985
163,0.004665,0.000019,0.000003,0.021279,0.000254,0.000004,0.000680,0.026906
164,0.006116,0.000030,0.000003,0.029445,0.000246,0.000005,0.000927,0.036775
165,0.007440,0.000030,0.000002,0.014465,0.000226,0.000005,0.000798,0.022971
166,0.006891,0.000023,0.000003,0.029081,0.000239,0.000005,0.000754,0.036999
167,0.005583,0.000023,0.000003,0.031249,0.000230,0.000005,0.000772,0.037868
168,0.006775,0.000028,0.000003,0.030793,0.000241,0.000004,0.000808,0.038656
169,0.007845,0.000032,0.000003,0.027366,0.000212,0.000005,0.000739,0.036205
170,0.006570,0.000022,0.000003,0.029075,0.000228,0.000005,0.000736,0.036641
171,0.005568,0.000024,0.000003,0.025608,0.000226,0.000005,0.000743,0.032179
172,0.005556,0.000022,0.000003,0.010693,0.000240,0.000004,0.000735,0.017255
173,0.005481,0.000024,0.000003,0.023612,0.000237,0.000004,0.000730,0.030094
174,0.006989,0.000023,0.000003,0.023589,0.000249,0.000005,0.000740,0.031600
175,0.006113,0.000027,0.000003,0.032099,0.000245,0.000004,0.000740,0.039233
176,0.005781,0.000021,0.000003,0.034909,0.000242,0.000011,0.000722,0.041693
177,0.006270,0.000024,0.000003,0.029922,0.000233,0.000005,0.000721,0.037180
178,0.005715,0.000022,0.000002,0.007457,0.000228,0.000006,0.000838,0.014270
179,0.006037,0.000027,0.000003,0.029753,0.000213,0.000005,0.000719,0.036759
180,0.006308,0.000024,0.000003,0.030077,0.000225,0.000005,0.000738,0.037383
181,0.004644,0.000020,0.000003,0.031313,0.000219,0.000004,0.000665,0.036871
182,0.007642,0.000029,0.000003,0.024886,0.000229,0.000004,0.000724,0.033521
183,0.005822,0.000022,0.000002,0.029053,0.000219,0.000004,0.000741,0.035866
184,0.006527,0.000023,0.000003,0.029768,0.000217,0.000004,0.000686,0.037230
185,0.006929,0.000022,0.000003,0.033096,0.000220,0.000004,0.000728,0.041006
186,0.009684,0.000045,0.000003,0.027144,0.000334,0.000004,0.000755,0.037977
187,0.007305,0.000025,0.000003,0.014082,0.000221,0.000004,0.000704,0.022346
188,0.007206,0.000022,0.000002,0.012646,0.000235,0.000004,0.000713,0.020831
189,0.005202,0.000020,0.000003,0.023512,0.000236,0.000005,0.000740,0.029721
190,0.006786,0.000027,0.000003,0.014423,0.000226,0.000004,0.000736,0.022208
191,0.005554,0.000020,0.000002,0.005412,0.000190,0.000004,0.000674,0.011858
128,0.010644,0.000039,0.000004,0.027482,0.000243,0.000004,0.000844,0.039263
129,0.005758,0.000027,0.000002,0.022138,0.000230,0.000004,0.000843,0.029004
130,0.005640,0.000027,0.000002,0.007279,0.000227,0.000004,0.000841,0.014024
131,0.005603,0.000025,0.000003,0.027894,0.000228,0.000004,0.000804,0.034563
132,0.008240,0.000022,0.000003,0.006397,0.000232,0.000005,0.000889,0.015790
133,0.011550,0.000030,0.000003,0.005849,0.000231,0.000004,0.000846,0.018516
134,0.010796,0.000033,0.000003,0.025327,0.000228,0.000003,0.000827,0.037220
135,0.011583,0.000032,0.000003,0.026556,0.000225,0.000004,0.000794,0.039199
136,0.011430,0.000037,0.000003,0.026280,0.000214,0.000003,0.000783,0.038753
137,0.005431,0.000029,0.000003,0.025883,0.000206,0.000003,0.000752,0.032309
138,0.005646,0.000026,0.000002,0.003555,0.000202,0.000004,0.000833,0.010269
139,0.005821,0.000032,0.000003,0.028686,0.000229,0.000004,0.000822,0.035599
140,0.011845,0.000033,0.000003,0.007496,0.000194,0.000004,0.000775,0.020351
141,0.011644,0.000031,0.000003,0.007217,0.000220,0.000004,0.000794,0.019915
142,0.011326,0.000028,0.000002,0.022082,0.000217,0.000004,0.000809,0.034472
143,0.010543,0.000024,0.000002,0.002971,0.000202,0.000004,0.000777,0.014525
144,0.010874,0.000034,0.000003,0.026659,0.000233,0.000004,0.000805,0.038613
145,0.012403,0.000031,0.000003,0.024370,0.000228,0.000004,0.000830,0.037872
146,0.006631,0.000033,0.000003,0.023724,0.000215,0.000003,0.000817,0.031432
147,0.009924,0.000027,0.000002,0.029391,0.000221,0.000003,0.000784,0.040355
148,0.010426,0.000025,0.000002,0.024653,0.000232,0.000004,0.000788,0.036132
149,0.011425,0.000030,0.000003,0.025265,0.000231,0.000004,0.000812,0.037772
150,0.005017,0.000023,0.000002,0.022157,0.000220,0.000004,0.000754,0.028181
151,0.005684,0.000030,0.000002,0.031789,0.000219,0.000003,0.000786,0.038517
152,0.010162,0.000030,0.000002,0.028075,0.000214,0.000004,0.000769,0.039259
153,0.010701,0.000035,0.000003,0.025760,0.000226,0.000004,0.000785,0.037517
154,0.011205,0.000033,0.000003,0.011593,0.000221,0.000004,0.000775,0.023837
155,0.005676,0.000023,0.000002,0.005654,0.000202,0.000004,0.000754,0.012318
156,0.008741,0.000022,0.000003,0.027312,0.000224,0.000004,0.000732,0.037040
157,0.005661,0.000023,0.000003,0.002956,0.000192,0.000003,0.000748,0.009588
158,0.005147,0.000024,0.000003,0.031643,0.000242,0.000004,0.000804,0.037868
159,0.010791,0.000031,0.000002,0.016522,0.000241,0.000004,0.000806,0.028400
160,0.005537,0.000027,0.000002,0.009306,0.000219,0.000004,0.000794,0.015891
161,0.005658,0.000025,0.000003,0.027402,0.000231,0.000003,0.000774,0.034099
162,0.010714,0.000030,0.000003,0.008792,0.000222,0.000003,0.000793,0.020560
163,0.005709,0.000030,0.000003,0.009583,0.000199,0.000004,0.000766,0.016295
164,0.005442,0.000021,0.000002,0.028986,0.000228,0.000005,0.000785,0.035471
165,0.010654,0.000026,0.000003,0.029047,0.000226,0.000004,0.000776,0.040738
166,0.010426,0.000025,0.000003,0.010690,0.000232,0.000003,0.000784,0.022164
167,0.011206,0.000031,0.000003,0.019769,0.000222,0.000004,0.000796,0.032033
168,0.005812,0.000029,0.000003,0.027146,0.000239,0.000003,0.000802,0.034036
169,0.005649,0.000028,0.000003,0.027921,0.000226,0.000004,0.000787,0.034619
170,0.011528,0.000029,0.000003,0.034795,0.000253,0.000004,0.000792,0.047406
171,0.011153,0.000029,0.000003,0.033272,0.000234,0.000004,0.000779,0.045476
172,0.010905,0.000029,0.000003,0.029004,0.000237,0.000004,0.000776,0.040959
173,0.005729,0.000026,0.000003,0.026455,0.000235,0.000004,0.000794,0.033248
174,0.010486,0.000029,0.000003,0.028727,0.000230,0.000004,0.000781,0.040260
175,0.010445,0.000025,0.000003,0.024920,0.000217,0.000003,0.000781,0.036397
176,0.010492,0.000028,0.000003,0.034237,0.000219,0.000004,0.000769,0.045753
177,0.009947,0.000029,0.000003,0.027827,0.000214,0.000004,0.000760,0.038785
178,0.006416,0.000027,0.000003,0.006887,0.000200,0.000003,0.000754,0.014292
179,0.009942,0.000023,0.000002,0.029675,0.000256,0.000004,0.000820,0.040724
128,0.016193,0.000049,0.000003,0.038567,0.000318,0.000004,0.000277,0.055412
129,0.006190,0.000031,0.000003,0.007764,0.000241,0.000004,0.000248,0.014482
180,0.010907,0.000027,0.000003,0.035305,0.000217,0.000004,0.000792,0.047257
181,0.017208,0.000030,0.000003,0.007227,0.000231,0.000004,0.000806,0.025512
130,0.006072,0.000026,0.000003,0.036685,0.000251,0.000004,0.000236,0.043279
182,0.011537,0.000033,0.000003,0.003940,0.000247,0.000005,0.000942,0.016710
183,0.011359,0.000028,0.000002,0.009115,0.000226,0.000004,0.000780,0.021516
131,0.006024,0.000029,0.000003,0.031921,0.000215,0.000004,0.000210,0.038408
132,0.005964,0.000026,0.000003,0.009738,0.000267,0.000004,0.000228,0.016232
184,0.010566,0.000027,0.000002,0.038303,0.000227,0.000003,0.000813,0.049945
133,0.006911,0.000034,0.000004,0.036900,0.000232,0.000004,0.000217,0.044303
185,0.011127,0.000027,0.000004,0.017030,0.000229,0.000004,0.000829,0.029253
134,0.006711,0.000030,0.000003,0.040857,0.000243,0.000004,0.000233,0.048082
186,0.006141,0.000028,0.000003,0.039846,0.000241,0.000004,0.000856,0.047120
135,0.005396,0.000027,0.000003,0.035375,0.000232,0.000004,0.000220,0.041259
136,0.006076,0.000034,0.000003,0.010113,0.000234,0.000004,0.000223,0.016689
187,0.009542,0.000028,0.000003,0.037175,0.000231,0.000003,0.000735,0.047722
137,0.005150,0.000024,0.000003,0.007887,0.000226,0.000003,0.000222,0.013517
138,0.006418,0.000036,0.000003,0.009097,0.000257,0.000004,0.000290,0.016108
188,0.012255,0.000027,0.000003,0.043184,0.000235,0.000004,0.001077,0.056786
189,0.006909,0.000030,0.000003,0.006354,0.000251,0.000004,0.000887,0.014441
139,0.005988,0.000026,0.000003,0.035712,0.000287,0.000004,0.000258,0.042280
140,0.008258,0.000043,0.000005,0.004665,0.000353,0.000007,0.000385,0.013719
190,0.006723,0.000033,0.000003,0.036801,0.000224,0.000004,0.000876,0.044667
141,0.006289,0.000030,0.000003,0.037904,0.000250,0.000004,0.000225,0.044708
191,0.014145,0.000039,0.000003,0.033607,0.000240,0.000004,0.000844,0.048885
142,0.006259,0.000030,0.000003,0.042207,0.000253,0.000004,0.000244,0.049002
143,0.005815,0.000025,0.000003,0.036524,0.000254,0.000004,0.000251,0.042878
144,0.006032,0.000026,0.000003,0.003993,0.000247,0.000005,0.000279,0.010586
145,0.005150,0.000024,0.000003,0.004812,0.000224,0.000004,0.000217,0.010435
146,0.006154,0.000028,0.000003,0.040327,0.000222,0.000004,0.000237,0.046976
147,0.006017,0.000027,0.000003,0.039328,0.000245,0.000004,0.000240,0.045866
148,0.006008,0.000028,0.000003,0.034479,0.000239,0.000004,0.000229,0.040992
149,0.006016,0.000027,0.000003,0.007681,0.000217,0.000004,0.000247,0.014196
150,0.005678,0.000029,0.000003,0.035791,0.000233,0.000003,0.000239,0.041976
151,0.006013,0.000027,0.000003,0.003616,0.000225,0.000003,0.000231,0.010120
152,0.006721,0.000046,0.000003,0.042384,0.000269,0.000004,0.000319,0.049748
153,0.006498,0.000028,0.000003,0.029948,0.000233,0.000004,0.000249,0.036966
154,0.005972,0.000027,0.000003,0.026235,0.000232,0.000004,0.000233,0.032706
155,0.005513,0.000024,0.000003,0.004043,0.000215,0.000004,0.000236,0.010039
156,0.005956,0.000037,0.000004,0.027709,0.000242,0.000004,0.000257,0.034210
157,0.016187,0.000028,0.000003,0.030396,0.000270,0.000004,0.000258,0.047147
158,0.006122,0.000027,0.000003,0.041177,0.000228,0.000004,0.000224,0.047786
159,0.006039,0.000029,0.000003,0.034504,0.000240,0.000004,0.000242,0.041061
160,0.010653,0.000035,0.000003,0.032184,0.000222,0.000004,0.000234,0.043337
161,0.007197,0.000023,0.000002,0.006806,0.000218,0.000004,0.000219,0.014471
162,0.008677,0.000040,0.000004,0.009112,0.000238,0.000003,0.000228,0.018304
163,0.007210,0.000029,0.000003,0.006897,0.000254,0.000004,0.000236,0.014635
164,0.005857,0.000029,0.000003,0.029106,0.000243,0.000005,0.000224,0.035468
165,0.014136,0.000029,0.000003,0.025287,0.000234,0.000004,0.000234,0.039929
166,0.007441,0.000033,0.000003,0.023961,0.000243,0.000004,0.000226,0.031913
167,0.006458,0.000027,0.000003,0.026808,0.000240,0.000004,0.000221,0.033762
168,0.008467,0.000052,0.000004,0.008086,0.000222,0.000003,0.000227,0.017063
169,0.006726,0.000036,0.000003,0.029305,0.000226,0.000004,0.000216,0.036517
170,0.008016,0.000035,0.000004,0.006934,0.000251,0.000004,0.000222,0.015468
171,0.007097,0.000032,0.000003,0.004173,0.000228,0.000004,0.000261,0.011801
172,0.008091,0.000030,0.000003,0.027392,0.000230,0.000004,0.000235,0.035987
173,0.007805,0.000036,0.000004,0.025747,0.000226,0.000004,0.000245,0.034068
174,0.008770,0.000035,0.000003,0.027050,0.000229,0.000004,0.000264,0.036356
175,0.008308,0.000028,0.000003,0.026743,0.000254,0.000004,0.000279,0.035620
176,0.007835,0.000030,0.000003,0.023030,0.000235,0.000004,0.000239,0.031377
177,0.008365,0.000031,0.000003,0.024191,0.000232,0.000004,0.000240,0.033067
178,0.006595,0.000031,0.000004,0.007615,0.000243,0.000005,0.000276,0.014769
179,0.011687,0.000036,0.000003,0.021922,0.000246,0.000005,0.000224,0.034125
180,0.006584,0.000026,0.000002,0.006055,0.000219,0.000003,0.000212,0.013103
181,0.008555,0.000031,0.000003,0.025554,0.000227,0.000004,0.000215,0.034591
182,0.007133,0.000036,0.000004,0.007799,0.000267,0.000004,0.000249,0.015493
183,0.007475,0.000031,0.000003,0.033721,0.000256,0.000004,0.000252,0.041743
184,0.008487,0.000029,0.000003,0.025302,0.000224,0.000003,0.000232,0.034283
185,0.007816,0.000030,0.000003,0.030310,0.000226,0.000004,0.000216,0.038607
186,0.006679,0.000031,0.000003,0.028517,0.000226,0.000004,0.000222,0.035684
187,0.007283,0.000029,0.000003,0.035121,0.000243,0.000004,0.000243,0.042926
188,0.007375,0.000036,0.000003,0.007378,0.000251,0.000004,0.000237,0.015286
189,0.007425,0.000027,0.000003,0.027767,0.003847,0.000008,0.000294,0.039376
190,0.007601,0.000036,0.000004,0.003246,0.000215,0.000003,0.000222,0.011328
191,0.007173,0.000027,0.000003,0.007766,0.000234,0.000004,0.000227,0.015436
128,0.017254,0.000037,0.000003,0.035446,0.000289,0.000005,0.003670,0.056710
129,0.006792,0.000033,0.000003,0.020260,0.000271,0.000004,0.003226,0.030592
130,0.007502,0.000027,0.000003,0.019318,0.000260,0.000004,0.003041,0.030158
131,0.007318,0.000034,0.000003,0.020652,0.000256,0.000004,0.005138,0.033409
132,0.007765,0.000039,0.000003,0.021991,0.000238,0.000003,0.002970,0.033012
133,0.008641,0.000029,0.000003,0.002228,0.000247,0.000004,0.003071,0.014226
134,0.006825,0.000030,0.000003,0.021506,0.000245,0.000004,0.002882,0.031500
135,0.006910,0.000030,0.000002,0.022479,0.000269,0.000004,0.003805,0.033502
136,0.008842,0.000040,0.000003,0.022921,0.000254,0.000004,0.003204,0.035270
137,0.009053,0.000032,0.000003,0.021613,0.000253,0.000004,0.002925,0.033886
138,0.008289,0.000029,0.000002,0.020061,0.000240,0.000004,0.005720,0.034348
139,0.007930,0.000032,0.000003,0.024203,0.000236,0.000004,0.002984,0.035395
140,0.005845,0.000030,0.000002,0.020472,0.000256,0.000004,0.002870,0.029484
141,0.005741,0.000030,0.000003,0.022822,0.000249,0.000004,0.003190,0.032041
142,0.008674,0.000035,0.000003,0.024791,0.000247,0.000004,0.002856,0.036612
143,0.007394,0.000035,0.000003,0.022996,0.000245,0.000003,0.003215,0.033895
144,0.007642,0.000038,0.000004,0.006119,0.000217,0.000004,0.002593,0.016620
145,0.008716,0.000040,0.000003,0.030723,0.000276,0.000004,0.003433,0.043202
146,0.009084,0.000029,0.000002,0.024376,0.000245,0.000003,0.002972,0.036715
147,0.007826,0.000030,0.000002,0.002917,0.000214,0.000004,0.002831,0.013826
148,0.006456,0.000033,0.000003,0.021315,0.000239,0.000004,0.002875,0.030929
149,0.009295,0.000032,0.000003,0.011423,0.000247,0.000004,0.003369,0.024374
150,0.006840,0.000029,0.000002,0.018914,0.000232,0.000004,0.002667,0.028692
151,0.008370,0.000032,0.000002,0.023510,0.000252,0.000004,0.003037,0.035209
152,0.009998,0.000030,0.000003,0.004930,0.000248,0.000004,0.003265,0.018482
153,0.008132,0.000027,0.000003,0.018096,0.000257,0.000004,0.006445,0.032978
154,0.007388,0.000031,0.000004,0.003878,0.000301,0.000004,0.002784,0.014392
155,0.007696,0.000034,0.000003,0.023677,0.000262,0.000004,0.002930,0.034608
156,0.006732,0.000034,0.000003,0.022600,0.000238,0.000003,0.002928,0.032542
157,0.007127,0.000037,0.000004,0.006954,0.000256,0.000004,0.003269,0.017654
158,0.007055,0.000034,0.000003,0.024597,0.000306,0.000004,0.002915,0.034918
159,0.008020,0.000034,0.000003,0.026839,0.000253,0.000004,0.002761,0.037917
160,0.007194,0.000030,0.000003,0.022690,0.000258,0.000004,0.002892,0.033073
161,0.008906,0.000031,0.000003,0.007653,0.000253,0.000004,0.003076,0.019931
162,0.008043,0.000027,0.000003,0.031234,0.000267,0.000004,0.003412,0.042994
128,0.017855,0.000031,0.000003,0.033823,0.000262,0.000004,0.000456,0.052435
163,0.005880,0.000026,0.000003,0.037789,0.000266,0.000004,0.003297,0.047270
129,0.014484,0.000033,0.000003,0.034817,0.000250,0.000004,0.000410,0.050003
164,0.005936,0.000027,0.000003,0.007222,0.000221,0.000004,0.002904,0.016319
130,0.009583,0.000029,0.000003,0.005845,0.000214,0.000004,0.000386,0.016067
165,0.008697,0.000030,0.000003,0.034627,0.000248,0.000004,0.005320,0.048934
131,0.013575,0.000030,0.000003,0.039077,0.000353,0.000004,0.000441,0.053488
132,0.013143,0.000039,0.000005,0.004844,0.000247,0.000004,0.000413,0.018695
166,0.007427,0.000034,0.000003,0.027208,0.000249,0.000003,0.003182,0.038110
133,0.008875,0.000024,0.000003,0.024752,0.000239,0.000004,0.000399,0.034300
167,0.009614,0.000035,0.000004,0.031373,0.000240,0.000003,0.002950,0.044221
134,0.011815,0.000028,0.000003,0.029073,0.000233,0.000004,0.000372,0.041529
168,0.007817,0.000033,0.000003,0.023661,0.000235,0.000004,0.002891,0.034647
135,0.015537,0.000033,0.000003,0.010640,0.000262,0.000004,0.000401,0.026880
169,0.008930,0.000031,0.000003,0.031813,0.000235,0.000004,0.002914,0.043934
136,0.014681,0.000032,0.000003,0.030000,0.000263,0.000004,0.000443,0.045428
170,0.009051,0.000039,0.000004,0.036240,0.000264,0.000004,0.003295,0.048902
137,0.006671,0.000029,0.000003,0.037035,0.000285,0.000004,0.000411,0.044439
138,0.012686,0.000038,0.000003,0.005266,0.000262,0.000005,0.000474,0.018736
171,0.007707,0.000030,0.000003,0.033809,0.000246,0.000004,0.003149,0.044953
139,0.008743,0.000047,0.000004,0.008119,0.000226,0.000004,0.000413,0.017558
172,0.007561,0.000030,0.000003,0.024177,0.000232,0.000004,0.002913,0.034923
140,0.007595,0.000033,0.000003,0.006823,0.000235,0.000004,0.000442,0.015136
173,0.008926,0.000027,0.000002,0.035737,0.000261,0.000004,0.003177,0.048138
141,0.008890,0.000033,0.000003,0.028815,0.000220,0.000003,0.000363,0.038331
174,0.006872,0.000030,0.000003,0.007369,0.000236,0.000004,0.003136,0.017653
142,0.014614,0.000027,0.000003,0.031128,0.000225,0.000003,0.000369,0.046372
175,0.009413,0.000030,0.000003,0.048224,0.000416,0.000005,0.003295,0.061395
143,0.016198,0.000034,0.000003,0.030222,0.000255,0.000004,0.000388,0.047106
176,0.008267,0.000033,0.000007,0.034059,0.000233,0.000004,0.003108,0.045715
144,0.006487,0.000029,0.000003,0.022932,0.000229,0.000004,0.000359,0.030045
145,0.010864,0.000033,0.000003,0.007954,0.000220,0.000004,0.000370,0.019450
177,0.008116,0.000039,0.000003,0.035793,0.000223,0.000004,0.002954,0.047134
178,0.013213,0.000027,0.000003,0.003605,0.000210,0.000004,0.003259,0.020326
146,0.010120,0.000033,0.000004,0.030446,0.000232,0.000004,0.000353,0.041193
179,0.005713,0.000027,0.000003,0.039151,0.000263,0.000004,0.002875,0.048040
147,0.010851,0.000033,0.000003,0.036554,0.000230,0.000004,0.000382,0.048058
180,0.005329,0.000023,0.000003,0.039665,0.000234,0.000003,0.003010,0.048272
148,0.012608,0.000032,0.000003,0.038276,0.000225,0.000004,0.000378,0.051529
181,0.006246,0.000028,0.000003,0.009096,0.000253,0.000004,0.003280,0.018913
149,0.011226,0.000037,0.000003,0.004541,0.000215,0.000004,0.000391,0.016419
150,0.009096,0.000027,0.000002,0.004064,0.000230,0.000004,0.000345,0.013770
182,0.005989,0.000025,0.000003,0.038060,0.000246,0.000004,0.003281,0.047612
151,0.009612,0.000037,0.000003,0.041015,0.000257,0.000004,0.000466,0.051396
152,0.011971,0.000030,0.000003,0.007034,0.000228,0.000004,0.000406,0.019677
183,0.006101,0.000026,0.000003,0.041454,0.000245,0.000004,0.003266,0.051103
153,0.011483,0.000032,0.000003,0.037960,0.000258,0.000004,0.000426,0.050167
184,0.006387,0.000035,0.000003,0.040569,0.000259,0.000004,0.005999,0.053264
154,0.010883,0.000057,0.000002,0.036119,0.000243,0.000004,0.000455,0.047767
185,0.006725,0.000033,0.000003,0.038885,0.000271,0.000004,0.003368,0.049294
155,0.009493,0.000036,0.000003,0.034823,0.000251,0.000004,0.000384,0.044996
186,0.006386,0.000036,0.000003,0.039682,0.000271,0.000004,0.003333,0.049720
156,0.011171,0.000034,0.000004,0.014417,0.000239,0.000004,0.000495,0.026366
187,0.005283,0.000025,0.000003,0.029434,0.000229,0.000004,0.003036,0.038018
188,0.006209,0.000030,0.000002,0.012303,0.000308,0.000005,0.003583,0.022444
157,0.010805,0.000029,0.000003,0.039050,0.000241,0.000004,0.000408,0.050540
189,0.008555,0.000030,0.000003,0.006868,0.000274,0.000004,0.003855,0.019594
158,0.010820,0.000030,0.000003,0.037510,0.000228,0.000004,0.000413,0.049011
128,0.014923,0.000031,0.000004,0.008636,0.000217,0.000005,0.002918,0.026737
190,0.006280,0.000033,0.000003,0.033223,0.000256,0.000004,0.003307,0.043109
191,0.006026,0.000031,0.000002,0.004654,0.000280,0.000004,0.003654,0.014656
159,0.012103,0.000033,0.000003,0.041947,0.000238,0.000004,0.000441,0.054771
129,0.006187,0.000028,0.000003,0.046620,0.000236,0.000005,0.003272,0.056355
160,0.011503,0.000028,0.000002,0.012568,0.000234,0.000004,0.000424,0.024767
161,0.010896,0.000031,0.000003,0.007731,0.000279,0.000005,0.000435,0.019383
130,0.011153,0.000030,0.000004,0.041177,0.000224,0.000005,0.003412,0.056008
162,0.010790,0.000033,0.000003,0.035460,0.000245,0.000004,0.000435,0.046972
131,0.006037,0.000031,0.000004,0.046737,0.000239,0.000005,0.003081,0.056137
163,0.011621,0.000034,0.000003,0.032735,0.000240,0.000004,0.000440,0.045079
132,0.010237,0.000029,0.000004,0.046512,0.000219,0.000005,0.003296,0.060305
164,0.010953,0.000032,0.000004,0.039409,0.000228,0.000004,0.000427,0.051059
133,0.007335,0.000026,0.000003,0.042264,0.000229,0.000005,0.003098,0.052965
165,0.010681,0.000028,0.000002,0.037519,0.000237,0.000004,0.000429,0.048903
166,0.011387,0.000037,0.000003,0.007595,0.000291,0.000005,0.000504,0.019824
134,0.011071,0.000031,0.000003,0.046294,0.000230,0.000005,0.003430,0.061068
167,0.011511,0.000034,0.000003,0.033580,0.000253,0.000004,0.000415,0.045802
135,0.006051,0.000028,0.000004,0.045995,0.000232,0.000005,0.003413,0.055733
168,0.011356,0.000032,0.000003,0.037884,0.000269,0.000004,0.000411,0.049962
136,0.012511,0.000034,0.000004,0.012247,0.000260,0.000005,0.003493,0.028560
169,0.011839,0.000033,0.000003,0.038428,0.000239,0.000004,0.000457,0.051005
137,0.011706,0.000032,0.000004,0.040031,0.000238,0.000005,0.003407,0.055427
170,0.006147,0.000033,0.000003,0.038020,0.000242,0.000004,0.000417,0.044867
171,0.010551,0.000032,0.000003,0.008693,0.000257,0.000004,0.000470,0.020014
138,0.011329,0.000029,0.000004,0.034716,0.000210,0.000005,0.003259,0.049555
172,0.011188,0.000033,0.000003,0.036795,0.000237,0.000004,0.000426,0.048688
139,0.010451,0.000029,0.000004,0.043889,0.000237,0.000005,0.003113,0.057731
173,0.011719,0.000031,0.000003,0.031659,0.000233,0.000004,0.000419,0.044071
140,0.012202,0.000029,0.000004,0.014437,0.000267,0.000005,0.003470,0.030419
174,0.010988,0.000029,0.000003,0.037223,0.000259,0.000004,0.000394,0.048900
141,0.010006,0.000027,0.000004,0.040088,0.000224,0.000005,0.003055,0.053413
142,0.015237,0.000035,0.000004,0.014646,0.000276,0.000005,0.003304,0.033511
175,0.005684,0.000031,0.000003,0.037104,0.000242,0.000004,0.000373,0.043442
143,0.011281,0.000028,0.000004,0.004313,0.000211,0.000005,0.003278,0.019124
144,0.009381,0.000025,0.000003,0.003309,0.000246,0.000005,0.003671,0.016645
176,0.011292,0.000028,0.000003,0.034654,0.000219,0.000004,0.000391,0.046593
145,0.010975,0.000031,0.000004,0.044456,0.000223,0.000005,0.003048,0.058746
177,0.011611,0.000032,0.000003,0.037646,0.000230,0.000003,0.000408,0.049936
146,0.009928,0.000029,0.000004,0.003348,0.000224,0.000005,0.003016,0.016557
178,0.011143,0.000030,0.000002,0.034101,0.000264,0.000004,0.000398,0.045944
147,0.006650,0.000025,0.000004,0.034446,0.000235,0.000005,0.003053,0.044423
179,0.009473,0.000026,0.000002,0.035059,0.000225,0.000004,0.000352,0.045143
148,0.010956,0.000033,0.000003,0.017231,0.000251,0.000005,0.003288,0.031772
180,0.009854,0.000027,0.000003,0.032089,0.000229,0.000004,0.000359,0.042567
149,0.011797,0.000028,0.000004,0.042410,0.000223,0.000005,0.003275,0.057746
181,0.012110,0.000030,0.000003,0.043078,0.000343,0.000004,0.000407,0.055981
150,0.005472,0.000027,0.000003,0.043034,0.000225,0.000005,0.002755,0.051523
182,0.011515,0.000035,0.000004,0.008345,0.000242,0.000004,0.000394,0.020541
151,0.011124,0.000030,0.000003,0.005465,0.000241,0.000005,0.003316,0.020189
152,0.011646,0.000036,0.000004,0.006056,0.000220,0.000005,0.003400,0.021369
183,0.009889,0.000034,0.000003,0.028727,0.000235,0.000004,0.000361,0.039254
184,0.010899,0.000034,0.000002,0.008462,0.000246,0.000004,0.000398,0.020046
153,0.011071,0.000028,0.000003,0.047149,0.000224,0.000005,0.003196,0.061681
185,0.011682,0.000037,0.000003,0.034541,0.000228,0.000004,0.000372,0.046871
154,0.005693,0.000027,0.000004,0.035984,0.000234,0.000005,0.003496,0.045448
186,0.012833,0.000039,0.000002,0.039942,0.000252,0.000004,0.000394,0.053468
187,0.011282,0.000039,0.000003,0.008353,0.000225,0.000004,0.000368,0.020276
155,0.006644,0.000031,0.000004,0.041766,0.000276,0.000005,0.003330,0.052061
188,0.010358,0.000031,0.000002,0.030379,0.000244,0.000004,0.000395,0.041415
189,0.008869,0.000032,0.000003,0.006597,0.000211,0.000003,0.000351,0.016069
156,0.010722,0.000029,0.000004,0.043289,0.000231,0.000004,0.003371,0.057653
190,0.010967,0.000035,0.000003,0.006555,0.000228,0.000004,0.000393,0.018185
191,0.009063,0.000029,0.000003,0.029759,0.000219,0.000004,0.000361,0.039440
157,0.010967,0.000028,0.000003,0.039957,0.000224,0.000006,0.003241,0.054431
158,0.005871,0.000027,0.000003,0.043398,0.000219,0.000005,0.003197,0.052724
159,0.011669,0.000032,0.000004,0.004522,0.000294,0.000006,0.003466,0.019995
160,0.011628,0.000036,0.000003,0.037350,0.000245,0.000005,0.003256,0.052526
161,0.005963,0.000032,0.000003,0.040679,0.000230,0.000005,0.003360,0.050276
162,0.005153,0.000027,0.000003,0.034981,0.000225,0.000005,0.003022,0.043419
163,0.011244,0.000032,0.000004,0.036862,0.000261,0.000006,0.003400,0.051812
164,0.012275,0.000031,0.000004,0.042189,0.000239,0.000005,0.003238,0.057985
165,0.009653,0.000028,0.000004,0.005573,0.000204,0.000005,0.002935,0.018404
128,0.013784,0.000077,0.000006,0.026249,0.000383,0.000004,0.000382,0.040890
166,0.010965,0.000031,0.000004,0.039977,0.000244,0.000005,0.003296,0.054525
129,0.005523,0.000026,0.000003,0.027909,0.000225,0.000004,0.000338,0.034029
167,0.011802,0.000030,0.000004,0.004453,0.000261,0.000006,0.003773,0.020334
130,0.005596,0.000026,0.000003,0.033881,0.000240,0.000004,0.000322,0.040074
131,0.006230,0.000031,0.000003,0.011994,0.000249,0.000004,0.000330,0.018843
168,0.011400,0.000030,0.000003,0.045390,0.000247,0.000004,0.003391,0.060470
132,0.005604,0.000024,0.000003,0.025094,0.000233,0.000004,0.000347,0.031311
133,0.004959,0.000023,0.000003,0.006162,0.000217,0.000004,0.000282,0.011652
169,0.009520,0.000027,0.000003,0.044366,0.000265,0.000005,0.002969,0.057160
134,0.005769,0.000026,0.000003,0.027888,0.000236,0.000004,0.000322,0.034250
135,0.005702,0.000025,0.000003,0.026885,0.000240,0.000004,0.000342,0.033204
170,0.005655,0.000027,0.000003,0.040924,0.000232,0.000005,0.002939,0.049789
136,0.005732,0.000031,0.000003,0.031729,0.000300,0.000004,0.000343,0.038144
171,0.011058,0.000028,0.000003,0.044120,0.000259,0.000006,0.003261,0.058740
137,0.006195,0.000026,0.000004,0.036722,0.000245,0.000004,0.000307,0.043505
138,0.005569,0.000026,0.000003,0.030831,0.000244,0.000003,0.000337,0.037016
172,0.016785,0.000034,0.000003,0.043290,0.000280,0.000005,0.003403,0.063803
139,0.005605,0.000032,0.000003,0.007241,0.000258,0.000004,0.000320,0.013465
140,0.005164,0.000029,0.000003,0.029634,0.000254,0.000004,0.000303,0.035393
173,0.007529,0.000027,0.000004,0.048327,0.000243,0.000006,0.003257,0.059397
141,0.005022,0.000030,0.000004,0.028979,0.000243,0.000004,0.000299,0.034581
142,0.006069,0.000032,0.000003,0.037655,0.000243,0.000004,0.000314,0.044322
174,0.013583,0.000034,0.000004,0.049544,0.000246,0.000005,0.003261,0.066681
143,0.006234,0.000032,0.000003,0.032306,0.000231,0.000004,0.000310,0.039121
175,0.011941,0.000031,0.000004,0.045978,0.000233,0.000005,0.003517,0.061712
144,0.005866,0.000030,0.000003,0.031950,0.000240,0.000004,0.000338,0.038433
145,0.005748,0.000031,0.000003,0.011552,0.000284,0.000004,0.000367,0.017991
176,0.009696,0.000029,0.000004,0.036774,0.000247,0.000005,0.003023,0.049782
146,0.006791,0.000032,0.000004,0.031440,0.000237,0.000004,0.000359,0.038870
147,0.006089,0.000029,0.000003,0.005227,0.000245,0.000004,0.000384,0.011983
177,0.011077,0.000028,0.000003,0.041825,0.000240,0.000005,0.003440,0.056623
148,0.006301,0.000032,0.000004,0.038828,0.000250,0.000004,0.000466,0.045887
178,0.006219,0.000029,0.000003,0.042421,0.000261,0.000005,0.003416,0.052359
149,0.006304,0.000031,0.000003,0.031376,0.000254,0.000004,0.000335,0.038310
150,0.006393,0.000036,0.000004,0.028168,0.000251,0.000004,0.000335,0.035193
179,0.006297,0.000033,0.000003,0.047154,0.000228,0.000005,0.003358,0.057083
151,0.005952,0.000031,0.000003,0.025504,0.000237,0.000004,0.000333,0.032065
152,0.005764,0.000027,0.000003,0.003897,0.000216,0.000004,0.000319,0.010230
180,0.011933,0.000028,0.000003,0.048088,0.000258,0.000005,0.003337,0.063656
153,0.005512,0.000024,0.000003,0.032705,0.000238,0.000003,0.000361,0.038848
181,0.011516,0.000029,0.000003,0.014035,0.000267,0.000005,0.003550,0.029410
154,0.005865,0.000027,0.000003,0.029011,0.000238,0.000003,0.000338,0.035487
155,0.007104,0.000033,0.000004,0.007118,0.000277,0.000006,0.000428,0.014973
182,0.011436,0.000031,0.000004,0.042156,0.000263,0.000005,0.003566,0.057465
156,0.004941,0.000026,0.000003,0.026336,0.000228,0.000003,0.000308,0.031848
157,0.005808,0.000028,0.000004,0.029098,0.000256,0.000004,0.000308,0.035508
183,0.011375,0.000029,0.000004,0.037718,0.000246,0.000006,0.003594,0.052975
158,0.005047,0.000028,0.000003,0.003545,0.000271,0.000004,0.000350,0.009251
159,0.005900,0.000028,0.000003,0.029028,0.000235,0.000004,0.000322,0.035522
184,0.006535,0.000032,0.000003,0.049466,0.000417,0.000006,0.005413,0.061878
160,0.005287,0.000031,0.000003,0.032578,0.000248,0.000004,0.000328,0.038481
161,0.005828,0.000028,0.000003,0.023895,0.000236,0.000003,0.000332,0.030327
185,0.009758,0.000029,0.000003,0.047840,0.000263,0.000005,0.003440,0.061345
162,0.005919,0.000030,0.000003,0.032703,0.000268,0.000004,0.000347,0.039276
186,0.012244,0.000028,0.000004,0.050763,0.000232,0.000005,0.003392,0.066671
163,0.005933,0.000042,0.000004,0.037829,0.000262,0.000004,0.000329,0.044405
187,0.012086,0.000029,0.000003,0.008510,0.000228,0.000006,0.004038,0.024903
164,0.005808,0.000029,0.000003,0.029327,0.000275,0.000004,0.000317,0.035765
188,0.011181,0.000030,0.000004,0.006572,0.000234,0.000005,0.004076,0.022107
165,0.005888,0.000029,0.000003,0.027209,0.000255,0.000004,0.000332,0.033722
189,0.011147,0.000027,0.000004,0.045010,0.000246,0.000005,0.003345,0.059788
166,0.005841,0.000033,0.000003,0.030183,0.000248,0.000004,0.000328,0.036643
167,0.005108,0.000029,0.000003,0.031103,0.000277,0.000003,0.000316,0.036842
190,0.006836,0.000036,0.000004,0.043334,0.000253,0.000005,0.003316,0.053789
168,0.005998,0.000033,0.000004,0.029375,0.000263,0.000004,0.000306,0.035985
191,0.006183,0.000030,0.000004,0.042495,0.000242,0.000005,0.003268,0.052230
169,0.004890,0.000025,0.000003,0.032371,0.000231,0.000004,0.000281,0.037807
170,0.005917,0.000031,0.000003,0.029237,0.000214,0.000004,0.000316,0.035723
171,0.005779,0.000028,0.000003,0.006023,0.000224,0.000003,0.000298,0.012360
172,0.005897,0.000033,0.000003,0.007453,0.000251,0.000003,0.000327,0.013969
173,0.004944,0.000028,0.000003,0.003377,0.000205,0.000003,0.000287,0.008849
174,0.005607,0.000027,0.000003,0.030533,0.000243,0.000004,0.000298,0.036717
175,0.005502,0.000025,0.000004,0.012109,0.000229,0.000003,0.003673,0.021561
176,0.006257,0.000041,0.000004,0.009432,0.000403,0.000006,0.000377,0.016522
177,0.005745,0.000028,0.000003,0.004304,0.000219,0.000003,0.000291,0.010597
178,0.005363,0.000027,0.000003,0.007434,0.000250,0.000004,0.000346,0.013429
179,0.005390,0.000027,0.000003,0.026839,0.000234,0.000004,0.000293,0.032792
180,0.005834,0.000029,0.000003,0.035403,0.000273,0.000005,0.000309,0.041858
181,0.005819,0.000034,0.000003,0.031479,0.000256,0.000003,0.000319,0.037915
182,0.005873,0.000034,0.000003,0.029148,0.000241,0.000004,0.000315,0.035620
183,0.005976,0.000037,0.000004,0.029124,0.000238,0.000004,0.000319,0.035703
184,0.005844,0.000035,0.000004,0.005944,0.000224,0.000004,0.000298,0.012355
185,0.005650,0.000025,0.000003,0.031252,0.000303,0.000004,0.000305,0.037544
186,0.005832,0.000027,0.000003,0.011743,0.000228,0.000003,0.000300,0.018138
187,0.005663,0.000031,0.000003,0.030467,0.000230,0.000004,0.000296,0.036695
188,0.004881,0.000025,0.000004,0.029120,0.000241,0.000004,0.000287,0.034562
189,0.005851,0.000027,0.000004,0.033675,0.000291,0.000004,0.000333,0.040188
190,0.006194,0.000027,0.000004,0.033971,0.000283,0.000004,0.000320,0.040804
191,0.005655,0.000027,0.000003,0.034826,0.000248,0.000004,0.000313,0.041077
128,0.013551,0.000034,0.000004,0.029349,0.000247,0.000004,0.003254,0.046447
129,0.021891,0.000040,0.000003,0.043447,0.000306,0.000005,0.004220,0.069917
130,0.011581,0.000035,0.000003,0.007152,0.000297,0.000004,0.003887,0.022965
131,0.006994,0.000035,0.000004,0.055261,0.000321,0.000005,0.004441,0.067068
132,0.010359,0.000031,0.000003,0.048356,0.000290,0.000004,0.003574,0.062621
133,0.011149,0.000032,0.000003,0.041396,0.000267,0.000004,0.004365,0.057222
134,0.006364,0.000034,0.000003,0.043045,0.000289,0.000004,0.004034,0.053780
135,0.006943,0.000034,0.000004,0.042476,0.000287,0.000003,0.004566,0.054319
136,0.006913,0.000038,0.000003,0.045599,0.000277,0.000004,0.004544,0.057383
137,0.020292,0.000045,0.000005,0.005478,0.000295,0.000004,0.004424,0.030547
138,0.006910,0.000032,0.000004,0.049412,0.000282,0.000004,0.003834,0.060484
139,0.005698,0.000031,0.000003,0.039349,0.000310,0.000004,0.003426,0.048826
140,0.006697,0.000030,0.000003,0.040146,0.000287,0.000004,0.003551,0.050723
141,0.009699,0.000031,0.000004,0.043299,0.000319,0.000004,0.003593,0.056960
142,0.006481,0.000027,0.000004,0.040136,0.000274,0.000004,0.003666,0.050597
143,0.007222,0.000031,0.000003,0.046590,0.000349,0.000004,0.003783,0.057993
144,0.019162,0.000084,0.000008,0.036352,0.000251,0.000004,0.003656,0.059522
145,0.012274,0.000031,0.000003,0.027492,0.000259,0.000004,0.003650,0.043718
146,0.013694,0.000031,0.000003,0.031702,0.000258,0.000005,0.003324,0.049021
147,0.012106,0.000030,0.000003,0.003746,0.000213,0.000004,0.003851,0.019956
148,0.012731,0.000030,0.000002,0.026237,0.000264,0.000004,0.003946,0.043220
149,0.011739,0.000031,0.000003,0.004017,0.000244,0.000005,0.003805,0.019847
150,0.008257,0.000034,0.000003,0.030172,0.000223,0.000004,0.003351,0.042048
151,0.011012,0.000048,0.000003,0.003685,0.000219,0.000004,0.003781,0.018757
152,0.010941,0.000030,0.000003,0.025987,0.000220,0.000004,0.003400,0.040590
153,0.009199,0.000028,0.000003,0.006259,0.000223,0.000004,0.003619,0.019338
154,0.006653,0.000032,0.000003,0.030163,0.000239,0.000004,0.003696,0.040794
155,0.010826,0.000029,0.000003,0.034018,0.000223,0.000004,0.003576,0.048683
156,0.006231,0.000029,0.000003,0.035191,0.000222,0.000004,0.003330,0.045013
157,0.014218,0.000030,0.000003,0.035357,0.000224,0.000003,0.003455,0.053295
158,0.010683,0.000030,0.000003,0.031376,0.000235,0.000004,0.003369,0.045704
159,0.009387,0.000029,0.000003,0.036852,0.000231,0.000004,0.002982,0.049492
160,0.011555,0.000029,0.000003,0.003676,0.000219,0.000004,0.003549,0.019039
161,0.012084,0.000031,0.000003,0.008046,0.000233,0.000004,0.003287,0.023692
162,0.011310,0.000029,0.000003,0.033667,0.000255,0.000004,0.003292,0.048563
163,0.010397,0.000051,0.000003,0.039443,0.000257,0.000004,0.003948,0.054110
164,0.011791,0.000029,0.000003,0.030615,0.000252,0.000004,0.003864,0.046564
165,0.012375,0.000031,0.000003,0.027971,0.000235,0.000004,0.003843,0.044466
166,0.011275,0.000032,0.000003,0.008347,0.000228,0.000004,0.003379,0.023273
167,0.009142,0.000027,0.000003,0.033255,0.000250,0.000004,0.003150,0.045835
168,0.009126,0.000026,0.000003,0.029902,0.000246,0.000004,0.003266,0.042576
169,0.010672,0.000029,0.000003,0.034868,0.000356,0.000004,0.003337,0.049281
170,0.009348,0.000025,0.000004,0.002528,0.000220,0.000005,0.003359,0.015492
171,0.011751,0.000030,0.000003,0.032187,0.000240,0.000003,0.003488,0.047706
128,0.018084,0.000032,0.000003,0.044713,0.000278,0.000005,0.007954,0.071073
172,0.012186,0.000029,0.000002,0.040372,0.000269,0.000004,0.006071,0.058944
129,0.006470,0.000029,0.000002,0.045731,0.000256,0.000004,0.007728,0.060224
173,0.011409,0.000035,0.000003,0.035807,0.000252,0.000004,0.003621,0.051135
174,0.011839,0.000028,0.000003,0.007534,0.000239,0.000004,0.003500,0.023149
130,0.009161,0.000029,0.000003,0.035250,0.000229,0.000005,0.006494,0.051173
175,0.011851,0.000036,0.000003,0.040787,0.000235,0.000004,0.003906,0.056826
131,0.005377,0.000025,0.000002,0.042039,0.000227,0.000005,0.006325,0.054004
176,0.012073,0.000030,0.000003,0.046703,0.000254,0.000004,0.003539,0.062610
132,0.011318,0.000029,0.000003,0.041702,0.000247,0.000003,0.007484,0.060792
133,0.006168,0.000029,0.000002,0.005615,0.000227,0.000004,0.007307,0.019356
177,0.012501,0.000034,0.000003,0.036505,0.000268,0.000004,0.004101,0.053421
134,0.011269,0.000031,0.000003,0.043569,0.000266,0.000004,0.007720,0.062866
178,0.009704,0.000027,0.000003,0.047769,0.000289,0.000004,0.004196,0.061996
135,0.007199,0.000037,0.000003,0.043768,0.000242,0.000004,0.007390,0.058648
179,0.009636,0.000028,0.000002,0.036351,0.000228,0.000004,0.003520,0.049775
136,0.011257,0.000027,0.000003,0.037575,0.000234,0.000004,0.007707,0.056811
180,0.010080,0.000036,0.000004,0.045707,0.000240,0.000004,0.003546,0.059620
181,0.005162,0.000026,0.000003,0.008126,0.000236,0.000004,0.003267,0.016828
182,0.009409,0.000026,0.000003,0.003092,0.000226,0.000004,0.003486,0.016249
137,0.011400,0.000026,0.000003,0.042517,0.000239,0.000004,0.007091,0.061284
183,0.009049,0.000038,0.000003,0.010275,0.000243,0.000004,0.003586,0.023202
138,0.009677,0.000027,0.000003,0.044690,0.000240,0.000004,0.006209,0.060855
184,0.013146,0.000034,0.000003,0.040339,0.000227,0.000004,0.003660,0.057417
139,0.005985,0.000027,0.000003,0.012964,0.000244,0.000004,0.007249,0.026482
140,0.012998,0.000026,0.000003,0.002848,0.000221,0.000004,0.006443,0.022547
185,0.007033,0.000035,0.000003,0.037845,0.000264,0.000004,0.003748,0.048936
141,0.006251,0.000027,0.000003,0.041946,0.000252,0.000004,0.007030,0.055518
186,0.011254,0.000027,0.000003,0.042673,0.000244,0.000004,0.003408,0.057617
142,0.011186,0.000028,0.000002,0.041644,0.000279,0.000004,0.007302,0.060449
187,0.009106,0.000026,0.000003,0.033051,0.000218,0.000004,0.003027,0.045438
188,0.011119,0.000029,0.000003,0.008917,0.000271,0.000005,0.003568,0.023915
189,0.006275,0.000056,0.000003,0.006361,0.000240,0.000004,0.003624,0.016567
143,0.011288,0.000031,0.000003,0.038509,0.000230,0.000004,0.006953,0.057021
144,0.010759,0.000027,0.000003,0.004925,0.000215,0.000004,0.007032,0.022967
145,0.005233,0.000027,0.000003,0.004028,0.000253,0.000004,0.007073,0.016626
190,0.011832,0.000032,0.000004,0.052098,0.000290,0.000005,0.003409,0.067674
191,0.011333,0.000030,0.000003,0.004211,0.000247,0.000005,0.003875,0.019709
146,0.012410,0.000033,0.000004,0.039146,0.000243,0.000004,0.006797,0.058640
147,0.006026,0.000029,0.000002,0.034907,0.000250,0.000004,0.007250,0.048472
148,0.006238,0.000029,0.000003,0.035698,0.000235,0.000005,0.006946,0.049159
149,0.006154,0.000035,0.000003,0.031471,0.000232,0.000004,0.006938,0.044840
150,0.005202,0.000024,0.000002,0.042012,0.000260,0.000004,0.006555,0.054063
151,0.006327,0.000025,0.000002,0.041336,0.000243,0.000004,0.006553,0.054494
152,0.010865,0.000033,0.000003,0.035789,0.000229,0.000004,0.007038,0.053965
153,0.009109,0.000077,0.000008,0.036051,0.000229,0.000004,0.006285,0.051767
154,0.005571,0.000027,0.000003,0.037797,0.000242,0.000003,0.006060,0.049707
155,0.007086,0.000030,0.000003,0.040008,0.000263,0.000004,0.007215,0.054614
156,0.005406,0.000030,0.000003,0.002802,0.000223,0.000004,0.006327,0.014798
157,0.006126,0.000031,0.000003,0.007939,0.000237,0.000004,0.006975,0.021319
158,0.010693,0.000032,0.000003,0.004178,0.000241,0.000004,0.006847,0.022001
159,0.011501,0.000030,0.000003,0.041968,0.000243,0.000004,0.006473,0.060226
160,0.011574,0.000028,0.000003,0.043402,0.000236,0.000004,0.006798,0.062049
161,0.010455,0.000034,0.000003,0.033348,0.000229,0.000005,0.006205,0.050283
162,0.005828,0.000027,0.000002,0.035318,0.000232,0.000004,0.006966,0.048381
163,0.010981,0.000032,0.000003,0.004104,0.000237,0.000004,0.007055,0.022421
164,0.006674,0.000029,0.000003,0.007822,0.000270,0.000005,0.007437,0.022246
165,0.011823,0.000039,0.000003,0.034083,0.000235,0.000004,0.006938,0.053129
166,0.006264,0.000032,0.000003,0.045223,0.000264,0.000004,0.006859,0.058654
167,0.011123,0.000027,0.000003,0.033667,0.000241,0.000004,0.007082,0.052152
168,0.005945,0.000029,0.000003,0.007185,0.000204,0.000003,0.005804,0.019178
169,0.006662,0.000034,0.000003,0.035616,0.000231,0.000004,0.006895,0.049449
170,0.006225,0.000032,0.000003,0.037594,0.000236,0.000004,0.006868,0.050966
171,0.009302,0.000026,0.000003,0.040746,0.000264,0.000004,0.006074,0.056424
172,0.010837,0.000029,0.000003,0.003557,0.000210,0.000003,0.006708,0.021352
173,0.010636,0.000026,0.000003,0.004756,0.000225,0.000004,0.006866,0.022522
174,0.006058,0.000032,0.000002,0.007659,0.000231,0.000004,0.006607,0.020597
175,0.010247,0.000027,0.000003,0.029971,0.000217,0.000004,0.006285,0.046758
176,0.005686,0.000026,0.000002,0.036868,0.000243,0.000004,0.006569,0.049404
177,0.004797,0.000024,0.000003,0.035386,0.000201,0.000004,0.005603,0.046023
178,0.010430,0.000029,0.000003,0.035740,0.000227,0.000004,0.012836,0.059275
179,0.006771,0.000035,0.000003,0.039446,0.000233,0.000005,0.006980,0.053477
180,0.010523,0.000034,0.000003,0.010504,0.000225,0.000004,0.007010,0.028307
181,0.011290,0.000029,0.000003,0.006797,0.000249,0.000004,0.007065,0.025440
182,0.005166,0.000027,0.000003,0.034480,0.000229,0.000004,0.006604,0.046518
183,0.006475,0.000032,0.000003,0.009491,0.000278,0.000005,0.007557,0.023846
184,0.006605,0.000032,0.000003,0.010049,0.000250,0.000004,0.006945,0.023891
185,0.007167,0.000034,0.000003,0.038356,0.000239,0.000004,0.006297,0.052105
186,0.011029,0.000032,0.000003,0.023883,0.000225,0.000003,0.007826,0.043006
187,0.004989,0.000027,0.000002,0.023246,0.000231,0.000004,0.007658,0.036162
188,0.006329,0.000029,0.000002,0.029852,0.000238,0.000004,0.006504,0.042962
189,0.011985,0.000035,0.000004,0.030991,0.000227,0.000004,0.006279,0.049528
190,0.010068,0.000033,0.000003,0.033228,0.000234,0.000004,0.007460,0.051035
191,0.011349,0.000036,0.000003,0.006422,0.000236,0.000004,0.006746,0.024799
