sample_idx,h5_read,crop_timestamps,pad_timestamps,fill_missing,subset_sample,ndvi,normalize,total
0,4.420416,0.000032,0.000005,0.032532,0.000324,0.000005,0.000293,4.453610
0,4.329533,0.000033,0.000005,0.034085,0.000318,0.000005,0.000617,4.364605
0,3.808425,0.000034,0.000005,0.042421,0.000299,0.000005,0.001173,3.852371
0,5.908157,0.000040,0.000007,0.021499,0.000412,0.000007,0.005522,5.935656
0,3.893626,0.000042,0.000005,0.046631,0.000307,0.000006,0.001417,3.942039
0,4.007050,0.000031,0.000005,0.035504,0.000314,0.000004,0.010113,4.053035
0,4.534022,0.000046,0.000004,0.029612,0.000391,0.000005,0.000349,4.564436
0,5.842528,0.000033,0.000005,0.032514,0.000365,0.000006,0.000331,5.875786
0,4.693150,0.000040,0.000006,0.029857,0.000335,0.000005,0.005315,4.728723
0,5.354638,0.000032,0.000005,0.006607,0.000329,0.000005,0.001758,5.363386
0,3.975762,0.000046,0.000007,0.014240,0.000326,0.000005,0.003353,3.993747
1,0.009705,0.000040,0.000004,0.011188,0.000305,0.000004,0.000182,0.021431
1,0.012727,0.000077,0.000009,0.025179,0.000514,0.000007,0.001136,0.039657
1,0.011344,0.000056,0.000005,0.025562,0.000418,0.000005,0.006073,0.043473
2,0.007852,0.000052,0.000005,0.009408,0.000422,0.000008,0.000944,0.018697
1,0.011708,0.000076,0.000008,0.045399,0.000488,0.000011,0.000346,0.058041
1,0.008140,0.000052,0.000006,0.052062,0.000886,0.000021,0.003048,0.064223
1,0.012625,0.000089,0.000012,0.034877,0.000444,0.000009,0.017315,0.065382
1,0.008592,0.000045,0.000005,0.049213,0.000343,0.000005,0.005466,0.063676
2,0.004175,0.000028,0.000003,0.041152,0.000263,0.000004,0.000148,0.045776
3,0.006226,0.000033,0.000003,0.015040,0.000279,0.000004,0.000186,0.021773
2,0.008690,0.000050,0.000006,0.040231,0.000397,0.000006,0.005501,0.054889
1,0.007021,0.000055,0.000005,0.096558,0.000456,0.000004,0.002020,0.106125
4,0.004678,0.000032,0.000003,0.005238,0.000265,0.000004,0.000178,0.010400
2,0.010493,0.000056,0.000007,0.037588,0.000438,0.000009,0.000324,0.048919
1,0.013145,0.000144,0.000012,0.105374,0.000344,0.000006,0.009588,0.128621
2,0.011236,0.000032,0.000003,0.041828,0.000306,0.000004,0.005223,0.058637
3,0.006020,0.000038,0.000004,0.017045,0.000340,0.000005,0.004992,0.028454
5,0.005031,0.000034,0.000003,0.043764,0.000309,0.000004,0.000179,0.049326
1,0.012382,0.000056,0.000007,0.149109,0.000497,0.000010,0.003501,0.165570
0,6.024875,0.000061,0.000007,0.098278,0.000468,0.000006,0.001285,6.124991
1,0.011164,0.000058,0.000007,0.169082,0.001629,0.000033,0.000780,0.182772
3,0.004665,0.000036,0.000003,0.044745,0.000255,0.000004,0.005339,0.055051
6,0.006187,0.000032,0.000003,0.044759,0.000308,0.000004,0.000172,0.051467
3,0.008339,0.000048,0.000005,0.144955,0.000676,0.000021,0.001384,0.155436
2,0.009982,0.000063,0.000008,0.021900,0.000571,0.000012,0.000364,0.032905
2,0.012971,0.000094,0.000012,0.152999,0.000498,0.000008,0.002384,0.168973
4,0.006088,0.000026,0.000003,0.037287,0.000239,0.000004,0.004839,0.048491
2,0.006601,0.000038,0.000006,0.094154,0.000339,0.000005,0.008402,0.109551
2,0.007245,0.000040,0.000003,0.122732,0.000457,0.000005,0.002044,0.132532
2,0.008971,0.000045,0.000006,0.152486,0.000430,0.000010,0.018254,0.180213
4,0.007519,0.000040,0.000006,0.106593,0.000391,0.000007,0.005958,0.120522
7,0.006483,0.000036,0.000002,0.046037,0.000306,0.000004,0.000175,0.053045
3,0.008474,0.000051,0.000004,0.154920,0.000439,0.000007,0.000351,0.164251
5,0.004145,0.000026,0.000003,0.034336,0.000252,0.000004,0.004869,0.043639
1,0.007629,0.000042,0.000004,0.103831,0.000386,0.000007,0.001058,0.112962
3,0.008813,0.000041,0.000006,0.048296,0.000434,0.000007,0.009139,0.066744
8,0.006544,0.000027,0.000003,0.049703,0.000280,0.000004,0.000237,0.056800
6,0.003978,0.000026,0.000003,0.043167,0.000240,0.000004,0.004651,0.052074
2,0.011210,0.000046,0.000006,0.164994,0.000440,0.000010,0.004688,0.181407
3,0.009547,0.000040,0.000004,0.109849,0.000373,0.000005,0.002122,0.121946
9,0.005471,0.000030,0.000002,0.040141,0.000277,0.000004,0.000180,0.046106
3,0.016436,0.000103,0.000016,0.145235,0.000472,0.000009,0.000274,0.162550
4,0.008951,0.000059,0.000005,0.154214,0.000526,0.000014,0.001219,0.164993
2,0.006454,0.000038,0.000004,0.085922,0.000317,0.000004,0.000943,0.093687
5,0.007558,0.000054,0.000004,0.112416,0.000378,0.000005,0.006264,0.126688
7,0.004642,0.000034,0.000003,0.043203,0.000285,0.000004,0.005474,0.053649
4,0.009582,0.000051,0.000004,0.016136,0.000336,0.000004,0.002055,0.028173
10,0.005057,0.000029,0.000003,0.014359,0.000315,0.000005,0.000202,0.019971
8,0.005913,0.000027,0.000003,0.007445,0.000250,0.000004,0.005716,0.019364
3,0.009172,0.000049,0.000007,0.167434,0.000497,0.000008,0.002600,0.179776
3,0.008966,0.000037,0.000004,0.029062,0.000342,0.000005,0.001063,0.039486
4,0.009510,0.000038,0.000006,0.102018,0.000369,0.000005,0.009096,0.121052
3,0.008661,0.000049,0.000004,0.158407,0.000528,0.000009,0.021480,0.189149
5,0.007589,0.000068,0.000005,0.032451,0.000405,0.000005,0.002166,0.042696
4,0.006331,0.000037,0.000005,0.007720,0.000332,0.000004,0.001089,0.015526
4,0.008540,0.000051,0.000006,0.175132,0.000484,0.000010,0.000331,0.184558
11,0.012096,0.000074,0.000007,0.048807,0.000255,0.000004,0.000184,0.061430
9,0.004492,0.000027,0.000003,0.051938,0.000287,0.000004,0.005713,0.062469
10,0.004403,0.000026,0.000003,0.003311,0.000250,0.000004,0.005058,0.013058
6,0.006768,0.000033,0.000005,0.100551,0.000402,0.000005,0.005866,0.113641
12,0.004722,0.000029,0.000002,0.042238,0.000232,0.000004,0.000178,0.047407
4,0.009575,0.000089,0.000011,0.142514,0.000448,0.000007,0.000285,0.152933
13,0.005238,0.000033,0.000002,0.013895,0.000266,0.000003,0.000183,0.019624
11,0.005501,0.000032,0.000003,0.039919,0.000277,0.000004,0.005458,0.051200
3,0.009017,0.000048,0.000006,0.178593,0.000438,0.000009,0.004438,0.192558
5,0.009423,0.000046,0.000006,0.155502,0.000579,0.000014,0.001183,0.166760
6,0.007480,0.000041,0.000003,0.109173,0.000358,0.000005,0.002294,0.119362
5,0.007738,0.000039,0.000005,0.105097,0.000361,0.000005,0.001060,0.114309
14,0.004218,0.000028,0.000002,0.042156,0.000298,0.000004,0.000180,0.046888
12,0.004635,0.000030,0.000003,0.045932,0.000289,0.000004,0.005396,0.056294
5,0.009637,0.000038,0.000005,0.147527,0.000455,0.000009,0.014584,0.172267
4,0.011401,0.000048,0.000006,0.169896,0.000915,0.000020,0.006201,0.188501
6,0.010611,0.000065,0.000004,0.039976,0.000485,0.000008,0.001493,0.052649
5,0.009032,0.000049,0.000004,0.150261,0.000605,0.000011,0.000402,0.160373
7,0.007332,0.000039,0.000004,0.116574,0.000378,0.000005,0.006276,0.130618
0,6.572398,0.000061,0.000010,0.017568,0.000574,0.000008,0.001752,6.592390
15,0.006930,0.000033,0.000003,0.046587,0.000286,0.000004,0.000203,0.054048
13,0.009537,0.000030,0.000003,0.040359,0.000279,0.000004,0.005552,0.055769
4,0.011052,0.000053,0.000011,0.186338,0.000613,0.000009,0.024989,0.223073
8,0.007208,0.000038,0.000003,0.030969,0.000382,0.000006,0.006389,0.045006
7,0.009145,0.000044,0.000004,0.107784,0.000382,0.000004,0.002597,0.119970
16,0.006346,0.000029,0.000003,0.041311,0.000267,0.000004,0.000216,0.048177
5,0.009415,0.000049,0.000005,0.168823,0.000517,0.000012,0.000298,0.179127
1,0.012752,0.000055,0.000006,0.061397,0.001305,0.000032,0.004592,0.080150
14,0.005295,0.000034,0.000003,0.045807,0.000250,0.000004,0.005461,0.056859
6,0.010480,0.000045,0.000004,0.156786,0.000515,0.000010,0.001556,0.169406
4,0.009268,0.000049,0.000006,0.169373,0.000478,0.000009,0.004590,0.183784
17,0.005232,0.000030,0.000003,0.045187,0.000287,0.000004,0.000193,0.050937
7,0.008044,0.000043,0.000005,0.126526,0.000394,0.000004,0.001102,0.136126
0,6.613288,0.000057,0.000008,0.105932,0.000580,0.000008,0.001348,6.721232
15,0.005334,0.000034,0.000004,0.045457,0.000265,0.000004,0.005548,0.056653
5,0.009784,0.000053,0.000005,0.041570,0.000455,0.000009,0.004672,0.056557
6,0.011846,0.000062,0.000006,0.154996,0.000926,0.000020,0.000770,0.168637
8,0.007119,0.000035,0.000004,0.100842,0.000365,0.000004,0.002145,0.110521
16,0.005841,0.000035,0.000003,0.008034,0.000274,0.000004,0.005307,0.019503
5,0.017995,0.000043,0.000004,0.177341,0.000602,0.000019,0.003256,0.199270
18,0.006462,0.000036,0.000002,0.054376,0.000309,0.000004,0.000195,0.061385
6,0.009721,0.000048,0.000007,0.187194,0.000413,0.000006,0.009793,0.207190
9,0.006753,0.000038,0.000004,0.126292,0.000418,0.000007,0.007624,0.141147
17,0.004723,0.000030,0.000003,0.008058,0.000289,0.000004,0.005276,0.018388
5,0.010501,0.000058,0.000005,0.142666,0.000451,0.000007,0.024509,0.178210
18,0.005915,0.000037,0.000004,0.008695,0.000295,0.000004,0.005382,0.020335
19,0.007532,0.000032,0.000003,0.040528,0.000266,0.000004,0.000223,0.048590
0,6.803656,0.000065,0.000009,0.026609,0.000707,0.000009,0.005785,6.836863
2,0.012174,0.000059,0.000006,0.160362,0.000486,0.000007,0.002186,0.175289
19,0.006104,0.000032,0.000004,0.038713,0.000268,0.000004,0.005313,0.050442
20,0.004333,0.000030,0.000004,0.040845,0.000224,0.000003,0.000180,0.045622
6,0.015034,0.000081,0.000011,0.177532,0.000458,0.000008,0.000266,0.193394
8,0.010062,0.000041,0.000006,0.148264,0.000466,0.000008,0.001645,0.160499
7,0.014234,0.000055,0.000005,0.181945,0.000385,0.000005,0.000862,0.197496
21,0.006752,0.000040,0.000003,0.010484,0.000286,0.000004,0.000192,0.017761
9,0.010174,0.000066,0.000005,0.125225,0.000401,0.000004,0.002870,0.138751
22,0.004814,0.000032,0.000004,0.010582,0.000328,0.000005,0.000218,0.015985
1,0.011468,0.000071,0.000008,0.172018,0.000419,0.000005,0.001097,0.185093
20,0.004739,0.000030,0.000003,0.047303,0.000265,0.000004,0.010294,0.062646
0,6.801404,0.000056,0.000007,0.112964,0.000569,0.000008,0.022711,6.937755
7,0.013713,0.000068,0.000010,0.166940,0.000872,0.000023,0.000617,0.182253
6,0.009473,0.000048,0.000004,0.176989,0.000591,0.000008,0.005188,0.192311
8,0.009388,0.000037,0.000005,0.051530,0.000588,0.000010,0.001192,0.062758
7,0.007769,0.000041,0.000007,0.155096,0.000550,0.000013,0.015902,0.179391
9,0.009706,0.000076,0.000004,0.059504,0.000511,0.000006,0.001536,0.071350
23,0.004094,0.000028,0.000003,0.040621,0.000254,0.000004,0.000173,0.045177
6,0.010888,0.000085,0.000011,0.176399,0.000383,0.000005,0.001844,0.189620
24,0.006254,0.000032,0.000003,0.009845,0.000275,0.000004,0.000211,0.016626
8,0.009880,0.000051,0.000006,0.021158,0.000434,0.000007,0.000359,0.031900
7,0.008917,0.000051,0.000006,0.016414,0.000430,0.000008,0.004300,0.030135
21,0.005138,0.000030,0.000003,0.039560,0.000255,0.000004,0.005397,0.050394
25,0.004871,0.000030,0.000003,0.003631,0.000214,0.000003,0.000169,0.008923
26,0.004466,0.000055,0.000004,0.005916,0.000272,0.000004,0.000213,0.010934
22,0.004595,0.000028,0.000003,0.005231,0.000267,0.000004,0.005388,0.015521
1,0.009300,0.000056,0.000007,0.145659,0.000396,0.000005,0.003862,0.159296
10,0.017940,0.000057,0.000006,0.193080,0.000494,0.000013,0.008917,0.220519
1,0.014297,0.000066,0.000007,0.036181,0.000571,0.000014,0.017845,0.068995
6,0.015765,0.000101,0.000010,0.181604,0.000707,0.000016,0.036490,0.234712
27,0.005684,0.000030,0.000003,0.053742,0.000265,0.000003,0.000173,0.059903
2,0.008293,0.000031,0.000003,0.140093,0.000598,0.000012,0.001900,0.150940
23,0.004607,0.000029,0.000003,0.053101,0.000266,0.000004,0.005462,0.063476
10,0.011627,0.000042,0.000004,0.152022,0.000360,0.000004,0.002441,0.166507
3,0.017329,0.000108,0.000019,0.195451,0.000574,0.000023,0.005405,0.218926
7,0.012874,0.000043,0.000005,0.109716,0.000383,0.000004,0.002018,0.125051
24,0.006466,0.000032,0.000003,0.038174,0.000306,0.000004,0.009700,0.054693
7,0.009866,0.000052,0.000007,0.246086,0.001242,0.000027,0.001134,0.258432
28,0.015200,0.000030,0.000004,0.054190,0.000318,0.000004,0.000198,0.069947
8,0.008131,0.000050,0.000007,0.039710,0.000421,0.000006,0.002134,0.050465
9,0.010021,0.000056,0.000005,0.179377,0.000678,0.000012,0.002039,0.192197
8,0.025544,0.000106,0.000017,0.157164,0.001061,0.000013,0.013790,0.197705
8,0.009384,0.000048,0.000005,0.174560,0.000541,0.000009,0.004749,0.189307
9,0.008453,0.000047,0.000005,0.185548,0.000580,0.000009,0.000356,0.195002
11,0.016553,0.000051,0.000007,0.138604,0.000393,0.000004,0.007094,0.162717
25,0.007830,0.000036,0.000004,0.040140,0.000283,0.000004,0.005307,0.053610
2,0.007002,0.000048,0.000006,0.163424,0.000529,0.000009,0.004481,0.175512
29,0.008477,0.000029,0.000003,0.048861,0.000299,0.000005,0.000214,0.057890
10,0.012490,0.000058,0.000007,0.225057,0.000463,0.000010,0.001695,0.239788
2,0.007961,0.000030,0.000003,0.154760,0.000594,0.000019,0.022468,0.185849
7,0.010274,0.000056,0.000005,0.136874,0.001262,0.000030,0.036543,0.185058
3,0.016853,0.000076,0.000007,0.146874,0.000497,0.000012,0.001898,0.166227
9,0.013976,0.000097,0.000018,0.058795,0.000492,0.000007,0.010460,0.083855
26,0.006384,0.000030,0.000004,0.056886,0.000341,0.000006,0.005535,0.069194
30,0.007563,0.000032,0.000003,0.048010,0.000315,0.000004,0.000181,0.056110
11,0.012438,0.000057,0.000008,0.053617,0.000493,0.000009,0.001504,0.068134
9,0.008216,0.000049,0.000005,0.119207,0.000464,0.000006,0.002228,0.130183
11,0.014078,0.000075,0.000007,0.184179,0.000563,0.000013,0.003483,0.202407
31,0.007884,0.000031,0.000003,0.044384,0.000267,0.000004,0.000168,0.052742
27,0.006624,0.000029,0.000002,0.046300,0.000292,0.000004,0.005288,0.058545
10,0.010012,0.000048,0.000004,0.024687,0.000395,0.000005,0.002186,0.037345
12,0.008639,0.000044,0.000004,0.125422,0.000399,0.000006,0.015589,0.150117
4,0.021260,0.000091,0.000006,0.223659,0.000541,0.000009,0.002734,0.248305
32,0.005729,0.000030,0.000002,0.013435,0.000258,0.000004,0.000180,0.019640
10,0.014286,0.000053,0.000005,0.170071,0.000572,0.000010,0.001826,0.186832
9,0.010387,0.000049,0.000006,0.151984,0.000454,0.000008,0.004929,0.167828
10,0.012638,0.000058,0.000007,0.174604,0.000455,0.000010,0.000353,0.188129
3,0.010235,0.000051,0.000006,0.165984,0.000526,0.000008,0.004668,0.181488
8,0.011594,0.000064,0.000008,0.218028,0.000439,0.000008,0.000304,0.230451
28,0.010987,0.000031,0.000004,0.045832,0.000276,0.000004,0.005704,0.062841
3,0.009047,0.000050,0.000004,0.152381,0.000573,0.000011,0.020074,0.182157
10,0.010014,0.000051,0.000008,0.117725,0.000475,0.000005,0.011789,0.140080
33,0.013328,0.000035,0.000004,0.047440,0.000289,0.000004,0.000230,0.061333
5,0.014378,0.000079,0.000007,0.053984,0.000523,0.000009,0.002287,0.071273
29,0.013005,0.000036,0.000008,0.038208,0.000313,0.000004,0.005586,0.057173
34,0.005854,0.000029,0.000003,0.046266,0.000241,0.000004,0.000179,0.052578
12,0.014207,0.000074,0.000008,0.156200,0.000557,0.000010,0.003515,0.174579
6,0.009580,0.000035,0.000003,0.040774,0.000378,0.000005,0.002498,0.053282
4,0.013457,0.000077,0.000008,0.212482,0.000547,0.000009,0.001432,0.228022
8,0.010062,0.000060,0.000005,0.201782,0.000494,0.000009,0.024061,0.236485
12,0.012021,0.000047,0.000005,0.181102,0.000662,0.000015,0.002695,0.196558
13,0.010954,0.000042,0.000004,0.131334,0.000357,0.000005,0.006568,0.149274
30,0.006782,0.000028,0.000003,0.042198,0.000276,0.000003,0.005382,0.054679
5,0.011139,0.000054,0.000004,0.016627,0.000435,0.000006,0.001362,0.029639
35,0.008721,0.000033,0.000003,0.041073,0.000259,0.000004,0.000176,0.050272
4,0.010082,0.000050,0.000008,0.142363,0.000513,0.000009,0.004119,0.157155
10,0.009938,0.000071,0.000006,0.170153,0.000403,0.000007,0.004107,0.184695
11,0.009858,0.000067,0.000008,0.205478,0.000529,0.000009,0.002564,0.218524
31,0.007153,0.000033,0.000004,0.046113,0.000281,0.000004,0.005379,0.058970
11,0.010424,0.000057,0.000005,0.184425,0.000517,0.000022,0.000892,0.196356
36,0.008270,0.000030,0.000003,0.049966,0.000268,0.000004,0.000195,0.058738
11,0.014020,0.000080,0.000007,0.217237,0.000538,0.000009,0.001159,0.233076
11,0.008252,0.000044,0.000010,0.164637,0.001054,0.000028,0.018263,0.192298
32,0.006492,0.000033,0.000004,0.014479,0.000291,0.000004,0.005082,0.026390
9,0.009674,0.000049,0.000006,0.214975,0.000820,0.000016,0.000411,0.225959
14,0.010473,0.000040,0.000005,0.103521,0.000356,0.000004,0.006572,0.120981
4,0.010546,0.000056,0.000006,0.194185,0.000454,0.000008,0.015615,0.220878
37,0.007181,0.000029,0.000003,0.048729,0.000258,0.000004,0.000187,0.056392
33,0.006623,0.000029,0.000003,0.038166,0.000260,0.000004,0.005563,0.050650
12,0.010474,0.000077,0.000006,0.069586,0.000904,0.000011,0.000845,0.081914
38,0.010563,0.000036,0.000003,0.017536,0.000352,0.000004,0.000174,0.028670
13,0.014103,0.000062,0.000006,0.183287,0.000690,0.000015,0.005175,0.203349
7,0.012859,0.000066,0.000007,0.188326,0.000591,0.000010,0.002263,0.204132
13,0.013675,0.000072,0.000007,0.187255,0.000625,0.000011,0.002164,0.203819
6,0.009399,0.000051,0.000005,0.163109,0.000441,0.000010,0.001543,0.174571
39,0.008395,0.000033,0.000003,0.010612,0.000305,0.000004,0.000190,0.019543
34,0.005809,0.000028,0.000003,0.039689,0.000350,0.000004,0.005103,0.051001
12,0.011156,0.000053,0.000006,0.106191,0.000390,0.000004,0.000852,0.118656
40,0.006809,0.000031,0.000003,0.012181,0.000256,0.000004,0.000198,0.019485
14,0.013177,0.000054,0.000004,0.021456,0.000468,0.000007,0.003394,0.038571
5,0.011958,0.000052,0.000004,0.159589,0.000559,0.000010,0.005483,0.177669
35,0.006799,0.000027,0.000003,0.004157,0.000249,0.000004,0.005259,0.016504
12,0.016806,0.000110,0.000019,0.158127,0.000261,0.000004,0.001630,0.176967
41,0.005889,0.000030,0.000003,0.017828,0.000260,0.000004,0.000184,0.024199
36,0.007044,0.000030,0.000003,0.007072,0.000308,0.000004,0.005351,0.019817
8,0.015240,0.000074,0.000008,0.041966,0.000657,0.000012,0.002814,0.060782
9,0.011055,0.000062,0.000004,0.222424,0.000462,0.000009,0.034253,0.268282
11,0.007945,0.000043,0.000007,0.198342,0.000564,0.000010,0.004914,0.211839
42,0.008236,0.000034,0.000004,0.013750,0.000285,0.000003,0.000171,0.022484
15,0.019265,0.000049,0.000005,0.137691,0.000431,0.000007,0.007744,0.165203
37,0.006376,0.000030,0.000003,0.039145,0.000270,0.000004,0.005387,0.051220
12,0.011813,0.000087,0.000010,0.187631,0.000561,0.000013,0.014118,0.214244
5,0.007918,0.000037,0.000003,0.168804,0.000527,0.000010,0.014760,0.192071
43,0.008436,0.000034,0.000003,0.040950,0.000280,0.000004,0.000187,0.049897
10,0.011141,0.000103,0.000008,0.218035,0.000537,0.000010,0.000303,0.230140
38,0.006597,0.000029,0.000003,0.047093,0.000290,0.000004,0.005427,0.059450
13,0.007698,0.000040,0.000004,0.145264,0.000429,0.000005,0.000937,0.154384
13,0.013805,0.000050,0.000007,0.181002,0.000731,0.000017,0.000514,0.196134
6,0.009321,0.000054,0.000006,0.033303,0.000528,0.000010,0.016677,0.059911
7,0.011171,0.000058,0.000006,0.171322,0.000636,0.000011,0.001292,0.184505
14,0.015340,0.000087,0.000012,0.171451,0.000625,0.000011,0.002997,0.190535
44,0.006553,0.000031,0.000003,0.054429,0.000335,0.000004,0.000202,0.061559
13,0.013736,0.000053,0.000009,0.041969,0.000664,0.000014,0.016774,0.073230
15,0.008078,0.000050,0.000006,0.154626,0.000531,0.000011,0.003327,0.166638
9,0.011240,0.000067,0.000006,0.149222,0.000497,0.000007,0.002378,0.163427
39,0.006731,0.000033,0.000003,0.044444,0.000355,0.000005,0.005586,0.057163
10,0.010451,0.000053,0.000004,0.142811,0.000477,0.000009,0.021367,0.175183
13,0.009521,0.000055,0.000005,0.178634,0.008626,0.000012,0.002711,0.199574
45,0.014724,0.000038,0.000003,0.042491,0.000272,0.000004,0.000203,0.057736
8,0.012550,0.000087,0.000014,0.049960,0.000489,0.000009,0.001543,0.064661
6,0.018723,0.000066,0.000006,0.221425,0.000615,0.000011,0.004596,0.245453
46,0.007191,0.000031,0.000003,0.015470,0.000284,0.000004,0.000180,0.023164
12,0.018072,0.000066,0.000007,0.189241,0.000596,0.000011,0.006052,0.214059
40,0.007207,0.000031,0.000003,0.050205,0.000275,0.000004,0.005475,0.063205
41,0.006623,0.000031,0.000003,0.019365,0.000269,0.000004,0.005402,0.031702
16,0.011024,0.000039,0.000005,0.213458,0.000606,0.000011,0.008878,0.234054
14,0.008610,0.000041,0.000005,0.149178,0.000511,0.000008,0.001278,0.159641
14,0.009226,0.000051,0.000004,0.157127,0.000230,0.000004,0.000182,0.166826
47,0.012435,0.000046,0.000003,0.052405,0.000313,0.000004,0.000170,0.065377
15,0.009634,0.000049,0.000006,0.155558,0.000598,0.000014,0.002043,0.167914
15,0.012279,0.000074,0.000006,0.011499,0.000382,0.000004,0.000310,0.024559
14,0.009376,0.000050,0.000007,0.164087,0.000600,0.000015,0.021870,0.196024
48,0.026188,0.000035,0.000003,0.016530,0.000302,0.000004,0.000223,0.043286
11,0.009718,0.000055,0.000009,0.227626,0.000552,0.000009,0.000303,0.238279
11,0.019285,0.000056,0.000006,0.117667,0.000435,0.000005,0.018415,0.155878
42,0.018274,0.000040,0.000004,0.056641,0.000333,0.000004,0.005924,0.081226
10,0.010478,0.000056,0.000006,0.177445,0.000515,0.000008,0.002289,0.190806
16,0.012357,0.000058,0.000005,0.215372,0.000705,0.000012,0.005284,0.233809
7,0.009590,0.000050,0.000006,0.218527,0.000621,0.000009,0.015500,0.244315
16,0.007587,0.000053,0.000006,0.050891,0.000899,0.000014,0.000376,0.059830
14,0.012519,0.000054,0.000006,0.189060,0.000475,0.000008,0.002869,0.205003
49,0.016300,0.000037,0.000003,0.048285,0.000293,0.000004,0.000183,0.065106
9,0.012214,0.000055,0.000005,0.190219,0.000485,0.000010,0.001535,0.204533
13,0.017637,0.000086,0.000007,0.159190,0.000620,0.000013,0.003812,0.181378
15,0.009921,0.000059,0.000008,0.055746,0.000583,0.000013,0.014018,0.080359
43,0.008629,0.000035,0.000003,0.053521,0.000315,0.000004,0.005664,0.068176
12,0.009966,0.000043,0.000005,0.039057,0.000595,0.000014,0.036380,0.086082
17,0.020698,0.000057,0.000005,0.038724,0.000555,0.000011,0.000611,0.060668
15,0.008560,0.000054,0.000006,0.036458,0.000467,0.000008,0.002497,0.048061
17,0.022048,0.000055,0.000009,0.160274,0.000512,0.000010,0.007272,0.190197
15,0.011221,0.000054,0.000006,0.171365,0.000482,0.000006,0.001296,0.184439
50,0.014877,0.000033,0.000004,0.050297,0.000274,0.000005,0.000181,0.065673
7,0.013137,0.000054,0.000006,0.233109,0.000511,0.000011,0.004524,0.251364
44,0.006924,0.000032,0.000003,0.050644,0.000264,0.000004,0.005518,0.063395
18,0.011559,0.000096,0.000012,0.040637,0.000495,0.000009,0.000339,0.053150
8,0.012578,0.000089,0.000007,0.014538,0.000447,0.000006,0.003320,0.030995
18,0.020127,0.000048,0.000006,0.021359,0.000506,0.000006,0.008016,0.050079
16,0.019229,0.000066,0.000007,0.198664,0.001095,0.000022,0.004308,0.223408
51,0.015645,0.000041,0.000003,0.051179,0.000292,0.000004,0.000200,0.067366
12,0.010248,0.000052,0.000008,0.192994,0.000445,0.000009,0.000282,0.204042
19,0.009506,0.000054,0.000005,0.035272,0.000426,0.000007,0.000385,0.045659
11,0.010152,0.000075,0.000005,0.184792,0.000550,0.000011,0.002270,0.197865
45,0.008334,0.000034,0.000004,0.064610,0.000359,0.000004,0.005941,0.079293
16,0.011805,0.000045,0.000006,0.132150,0.000635,0.000010,0.022928,0.167594
9,0.009395,0.000057,0.000006,0.046046,0.000876,0.000018,0.013126,0.069538
17,0.008385,0.000038,0.000004,0.048856,0.000500,0.000011,0.001683,0.059489
8,0.006800,0.000032,0.000003,0.202938,0.000541,0.000010,0.016370,0.226706
52,0.008590,0.000031,0.000004,0.056632,0.000262,0.000004,0.000193,0.065719
17,0.021784,0.000055,0.000006,0.202257,0.000546,0.000010,0.003442,0.228111
10,0.010449,0.000080,0.000005,0.212667,0.000536,0.000011,0.001536,0.225294
46,0.007877,0.000030,0.000003,0.044531,0.000271,0.000004,0.005569,0.058290
17,0.019120,0.000089,0.000009,0.030049,0.000556,0.000007,0.014104,0.063944
14,0.016320,0.000074,0.000007,0.226370,0.000461,0.000008,0.005272,0.248525
47,0.014347,0.000034,0.000004,0.008218,0.000322,0.000004,0.005485,0.028420
9,0.008580,0.000066,0.000006,0.037070,0.000458,0.000007,0.013154,0.059351
16,0.012143,0.000057,0.000006,0.203758,0.000540,0.000008,0.002720,0.219242
53,0.008666,0.000042,0.000003,0.048817,0.000272,0.000003,0.000172,0.057977
48,0.006884,0.000030,0.000003,0.004262,0.000243,0.000004,0.009614,0.021044
19,0.012060,0.000050,0.000007,0.167904,0.000725,0.000009,0.009454,0.190228
49,0.015907,0.000039,0.000003,0.006629,0.000304,0.000005,0.006380,0.029274
16,0.012757,0.000052,0.000004,0.231559,0.000524,0.000010,0.001187,0.246100
13,0.013519,0.000055,0.000005,0.223883,0.000506,0.000010,0.046865,0.284856
20,0.008012,0.000048,0.000006,0.170535,0.000505,0.000009,0.000399,0.179519
54,0.011760,0.000034,0.000003,0.043951,0.000266,0.000004,0.000180,0.056199
15,0.013038,0.000043,0.000004,0.047719,0.000562,0.000013,0.006053,0.067442
18,0.012835,0.000053,0.000004,0.126853,0.000457,0.000009,0.001550,0.141770
13,0.009378,0.000061,0.000006,0.198854,0.000553,0.000010,0.000308,0.209175
12,0.014808,0.000050,0.000006,0.188010,0.000485,0.000007,0.002311,0.205688
10,0.019882,0.000053,0.000006,0.151317,0.000551,0.000012,0.004479,0.176308
50,0.005900,0.000028,0.000003,0.036776,0.000349,0.000005,0.006376,0.049444
21,0.014719,0.000071,0.000008,0.033272,0.000341,0.000008,0.000254,0.048678
51,0.006672,0.000034,0.000003,0.003925,0.000235,0.000004,0.005410,0.016290
55,0.007178,0.000036,0.000004,0.051813,0.000300,0.000004,0.000187,0.059523
22,0.009591,0.000052,0.000006,0.017834,0.000437,0.000008,0.000349,0.028281
52,0.006990,0.000033,0.000004,0.038957,0.000297,0.000004,0.005425,0.051713
56,0.008017,0.000032,0.000003,0.042603,0.000311,0.000004,0.000178,0.051151
18,0.026118,0.000056,0.000007,0.212369,0.000475,0.000008,0.003687,0.242730
18,0.010126,0.000059,0.000008,0.184728,0.000502,0.000009,0.013716,0.209161
53,0.006763,0.000028,0.000004,0.008470,0.000283,0.000004,0.006178,0.021734
11,0.013422,0.000101,0.000007,0.218108,0.000550,0.000010,0.001618,0.233827
17,0.012768,0.000055,0.000006,0.182848,0.000443,0.000008,0.002619,0.198758
10,0.018200,0.000065,0.000006,0.171055,0.000443,0.000008,0.014505,0.204295
23,0.009458,0.000051,0.000004,0.048287,0.000509,0.000007,0.000461,0.058784
20,0.014779,0.000055,0.000007,0.156690,0.000459,0.000006,0.010227,0.182238
57,0.012506,0.000032,0.000003,0.054957,0.000312,0.000005,0.000210,0.068027
19,0.014344,0.000029,0.000003,0.038926,0.000427,0.000006,0.003665,0.057407
16,0.007940,0.000051,0.000006,0.176347,0.000403,0.000008,0.004258,0.189026
24,0.015146,0.000052,0.000005,0.032240,0.000478,0.000009,0.000382,0.048319
54,0.005920,0.000028,0.000003,0.049564,0.000280,0.000003,0.004774,0.060577
14,0.008719,0.000048,0.000007,0.170083,0.000411,0.000009,0.000263,0.179543
19,0.008678,0.000052,0.000005,0.190820,0.000461,0.000009,0.001495,0.201528
17,0.011257,0.000050,0.000004,0.206454,0.000479,0.000008,0.001184,0.219446
21,0.013065,0.000050,0.000005,0.020708,0.000548,0.000008,0.008950,0.043347
13,0.014572,0.000056,0.000005,0.165491,0.000389,0.000006,0.001822,0.182349
58,0.015405,0.000030,0.000004,0.019452,0.000274,0.000004,0.000192,0.035364
55,0.006300,0.000031,0.000003,0.041800,0.000300,0.000005,0.009668,0.058111
14,0.014710,0.000060,0.000007,0.221392,0.000833,0.000015,0.035467,0.272496
15,0.014333,0.000051,0.000006,0.048341,0.000481,0.000007,0.000312,0.063537
20,0.012812,0.000048,0.000005,0.046123,0.000556,0.000009,0.003516,0.063079
56,0.007658,0.000033,0.000004,0.004361,0.000305,0.000005,0.006040,0.018414
59,0.007933,0.000033,0.000003,0.052429,0.000256,0.000004,0.000184,0.060844
11,0.020995,0.000059,0.000010,0.225127,0.000495,0.000009,0.004498,0.251201
60,0.011387,0.000049,0.000005,0.019011,0.000313,0.000004,0.000202,0.030973
16,0.012632,0.000052,0.000008,0.031404,0.000466,0.000010,0.000303,0.044881
12,0.008161,0.000028,0.000003,0.177301,0.000442,0.000008,0.001378,0.187331
19,0.009255,0.000052,0.000008,0.171231,0.000502,0.000009,0.014273,0.195340
57,0.006436,0.000031,0.000003,0.040627,0.000275,0.000004,0.005364,0.052746
61,0.012193,0.000034,0.000004,0.008968,0.000236,0.000003,0.000184,0.021622
17,0.013236,0.000061,0.000007,0.025993,0.000606,0.000012,0.000345,0.040265
20,0.011403,0.000055,0.000007,0.164546,0.000710,0.000013,0.003409,0.180152
25,0.009639,0.000057,0.000005,0.164343,0.000443,0.000007,0.000371,0.174870
62,0.015106,0.000058,0.000004,0.005903,0.000347,0.000004,0.000209,0.021636
18,0.022011,0.000062,0.000007,0.214546,0.000498,0.000010,0.005438,0.242589
14,0.010710,0.000047,0.000004,0.149885,0.000406,0.000006,0.001752,0.162816
22,0.021647,0.000059,0.000006,0.142197,0.000477,0.000006,0.009111,0.173518
58,0.005468,0.000024,0.000003,0.037009,0.000247,0.000004,0.004964,0.047725
12,0.011892,0.000057,0.000006,0.074937,0.000961,0.000024,0.008838,0.096727
11,0.018068,0.000056,0.000006,0.208549,0.000579,0.000011,0.022732,0.250013
17,0.012689,0.000053,0.000005,0.203763,0.000825,0.000012,0.006324,0.223680
63,0.012532,0.000032,0.000003,0.039103,0.000273,0.000004,0.000162,0.052110
18,0.011196,0.000053,0.000005,0.211926,0.000486,0.000011,0.001290,0.224978
21,0.015442,0.000059,0.000006,0.047721,0.000613,0.000014,0.003561,0.067427
59,0.006836,0.000033,0.000002,0.043664,0.000282,0.000005,0.014326,0.065154
21,0.010000,0.000045,0.000005,0.172000,0.000625,0.000013,0.002457,0.185155
15,0.009594,0.000051,0.000005,0.155740,0.000536,0.000008,0.031657,0.197604
12,0.009251,0.000052,0.000006,0.042219,0.000352,0.000007,0.019336,0.071236
20,0.009481,0.000050,0.000007,0.124392,0.000484,0.000009,0.014343,0.148779
23,0.013066,0.000051,0.000005,0.066694,0.000582,0.000008,0.009176,0.089596
22,0.023244,0.000053,0.000005,0.034554,0.000548,0.000011,0.003402,0.061833
13,0.009867,0.000055,0.000005,0.015364,0.000483,0.000009,0.014680,0.040475
15,0.010638,0.000047,0.000005,0.109723,0.000375,0.000006,0.001514,0.122312
60,0.010178,0.000037,0.000004,0.043291,0.000281,0.000004,0.005321,0.059123
18,0.014554,0.000053,0.000010,0.141127,0.000484,0.000007,0.000256,0.156498
13,0.010519,0.000052,0.000005,0.188204,0.000433,0.000008,0.001306,0.200537
19,0.013407,0.000053,0.000005,0.168051,0.000724,0.000018,0.004567,0.186839
61,0.007762,0.000031,0.000003,0.042876,0.000263,0.000004,0.005366,0.056312
13,0.012716,0.000051,0.000006,0.188960,0.000789,0.000011,0.006199,0.208749
26,0.017933,0.000049,0.000005,0.218715,0.000450,0.000007,0.000382,0.237545
19,0.019537,0.000059,0.000005,0.164416,0.000420,0.000004,0.001010,0.185457
62,0.013660,0.000050,0.000006,0.041680,0.000399,0.000004,0.005333,0.061148
16,0.009066,0.000044,0.000005,0.136688,0.000491,0.000005,0.001950,0.148256
24,0.011919,0.000048,0.000005,0.156366,0.000517,0.000007,0.009079,0.177953
63,0.010644,0.000040,0.000004,0.010805,0.000269,0.000004,0.005442,0.027213
16,0.010457,0.000049,0.000006,0.161382,0.000513,0.000008,0.032834,0.205261
18,0.031645,0.000066,0.000007,0.209139,0.000537,0.000010,0.005631,0.247050
27,0.017974,0.000097,0.000012,0.036496,0.000492,0.000009,0.000323,0.055405
14,0.033181,0.000065,0.000006,0.105294,0.000351,0.000006,0.001049,0.139958
22,0.012123,0.000049,0.000006,0.204732,0.000498,0.000008,0.001588,0.219014
23,0.013566,0.000050,0.000005,0.162525,0.000615,0.000011,0.003956,0.180742
25,0.012333,0.000051,0.000005,0.013338,0.000497,0.000006,0.008992,0.035235
15,0.008918,0.000045,0.000004,0.024820,0.000434,0.000006,0.001103,0.035336
14,0.009862,0.000055,0.000006,0.174043,0.000464,0.000009,0.015413,0.199864
17,0.010860,0.000048,0.000004,0.036095,0.000395,0.000006,0.001531,0.048948
21,0.009773,0.000060,0.000007,0.218479,0.000517,0.000010,0.013049,0.241909
19,0.014303,0.000057,0.000007,0.203295,0.008682,0.000009,0.000344,0.226706
24,0.016983,0.000064,0.000006,0.024470,0.000566,0.000013,0.013039,0.055150
20,0.008060,0.000041,0.000006,0.117901,0.000430,0.000005,0.000990,0.127437
20,0.010372,0.000055,0.000008,0.199675,0.000704,0.000015,0.004561,0.215402
25,0.014853,0.000043,0.000005,0.027086,0.000477,0.000005,0.002500,0.044976
16,0.007078,0.000046,0.000004,0.096579,0.000365,0.000005,0.001060,0.105144
28,0.012868,0.000051,0.000005,0.142644,0.000492,0.000010,0.000357,0.156431
26,0.012110,0.000041,0.000004,0.016933,0.000358,0.000004,0.002397,0.031858
14,0.035615,0.000039,0.000004,0.185330,0.000534,0.000010,0.006948,0.228489
20,0.015293,0.000091,0.000024,0.085386,0.000504,0.000011,0.000288,0.101600
17,0.012850,0.000050,0.000006,0.167189,0.000507,0.000009,0.030672,0.211299
21,0.008419,0.000040,0.000006,0.115867,0.000375,0.000005,0.000887,0.125605
18,0.008495,0.000055,0.000004,0.159333,0.000494,0.000006,0.002326,0.170722
19,0.010039,0.000070,0.000005,0.198038,0.000499,0.000011,0.005148,0.213821
23,0.008870,0.000046,0.000004,0.193081,0.000536,0.000008,0.001472,0.204026
21,0.014728,0.000056,0.000007,0.025203,0.000447,0.000008,0.000272,0.040726
15,0.020942,0.000059,0.000008,0.045457,0.000439,0.000009,0.004251,0.071176
26,0.012371,0.000050,0.000006,0.191897,0.000497,0.000006,0.009824,0.214667
22,0.008047,0.000051,0.000004,0.022137,0.000401,0.000005,0.000938,0.031590
29,0.027729,0.000060,0.000006,0.070086,0.000528,0.000011,0.000375,0.098802
22,0.009617,0.000052,0.000008,0.185288,0.000556,0.000011,0.014330,0.209875
15,0.009736,0.000049,0.000007,0.202071,0.000521,0.000008,0.014611,0.227014
24,0.012192,0.000055,0.000006,0.044396,0.000477,0.000009,0.001701,0.058844
17,0.010443,0.000044,0.000005,0.126426,0.000413,0.000006,0.001354,0.138699
27,0.010025,0.000031,0.000003,0.120759,0.000450,0.000007,0.002421,0.133704
18,0.009330,0.000042,0.000005,0.031544,0.000448,0.000005,0.001083,0.042465
21,0.016643,0.000084,0.000012,0.208217,0.000422,0.000006,0.002179,0.227570
16,0.017947,0.000057,0.000007,0.035519,0.000739,0.000013,0.020193,0.074483
64,0.023694,0.000066,0.000005,0.016648,0.000316,0.000004,0.007960,0.048705
23,0.007675,0.000043,0.000004,0.122031,0.000399,0.000005,0.001084,0.131249
16,0.009560,0.000054,0.000006,0.152517,0.000459,0.000009,0.003731,0.166345
22,0.025681,0.000055,0.000006,0.029741,0.000386,0.000005,0.002119,0.058000
24,0.009467,0.000051,0.000005,0.021559,0.000355,0.000004,0.000856,0.032302
17,0.008927,0.000041,0.000005,0.037303,0.000447,0.000008,0.015799,0.062542
18,0.009305,0.000056,0.000006,0.179052,0.000433,0.000008,0.020596,0.209469
27,0.013397,0.000057,0.000006,0.156433,0.000446,0.000006,0.009289,0.179647
28,0.011216,0.000046,0.000006,0.122327,0.000398,0.000006,0.002577,0.136586
20,0.009919,0.000059,0.000006,0.212344,0.000481,0.000009,0.005111,0.227939
19,0.009973,0.000059,0.000007,0.218131,0.000502,0.000007,0.002029,0.230716
22,0.013284,0.000054,0.000008,0.206368,0.000955,0.000023,0.000531,0.221229
65,0.010588,0.000034,0.000004,0.054321,0.000332,0.000004,0.003407,0.068693
23,0.007726,0.000043,0.000005,0.028390,0.000355,0.000004,0.002248,0.038779
25,0.007924,0.000045,0.000005,0.031097,0.000370,0.000005,0.000981,0.040432
17,0.015975,0.000080,0.000014,0.038655,0.000494,0.000008,0.012918,0.068158
23,0.017305,0.000051,0.000007,0.180226,0.000554,0.000012,0.021447,0.219616
66,0.007074,0.000033,0.000003,0.022219,0.000369,0.000006,0.003728,0.033438
18,0.022134,0.000079,0.000005,0.026684,0.000272,0.000004,0.019934,0.069124
30,0.021384,0.000065,0.000006,0.216350,0.000526,0.000009,0.000389,0.238733
28,0.012832,0.000051,0.000006,0.050213,0.000577,0.000010,0.008817,0.072519
25,0.012494,0.000044,0.000005,0.209854,0.000404,0.000007,0.001727,0.224544
20,0.010025,0.000056,0.000005,0.054595,0.000513,0.000008,0.002193,0.067404
24,0.008663,0.000052,0.000007,0.009089,0.000423,0.000008,0.011748,0.030004
18,0.013088,0.000053,0.000005,0.030392,0.000480,0.000009,0.004712,0.048749
19,0.010782,0.000053,0.000004,0.191016,0.000534,0.000011,0.001488,0.203899
31,0.011829,0.000051,0.000006,0.039739,0.000435,0.000010,0.000378,0.052453
67,0.015204,0.000032,0.000003,0.059303,0.000418,0.000004,0.003290,0.078259
24,0.007130,0.000039,0.000006,0.117850,0.000447,0.000008,0.002471,0.127958
26,0.007972,0.000028,0.000002,0.127946,0.000398,0.000006,0.001119,0.137477
29,0.012119,0.000044,0.000004,0.182478,0.000673,0.000008,0.003079,0.198429
68,0.018702,0.000033,0.000003,0.046182,0.000255,0.000004,0.003092,0.068276
27,0.007870,0.000040,0.000005,0.031312,0.000364,0.000004,0.000812,0.040411
19,0.010332,0.000052,0.000005,0.212045,0.000434,0.000007,0.020361,0.243249
21,0.010249,0.000057,0.000005,0.224145,0.000547,0.000013,0.005280,0.240311
30,0.014647,0.000061,0.000005,0.039893,0.000473,0.000011,0.003124,0.058225
23,0.022688,0.000102,0.000010,0.224084,0.000563,0.000009,0.000281,0.247745
29,0.011890,0.000049,0.000006,0.179408,0.000461,0.000006,0.008698,0.200533
21,0.009706,0.000054,0.000005,0.177441,0.000422,0.000005,0.001521,0.189162
69,0.008009,0.000038,0.000003,0.061315,0.000284,0.000004,0.003260,0.072917
19,0.009524,0.000057,0.000006,0.181045,0.000522,0.000010,0.031647,0.222826
26,0.009918,0.000057,0.000006,0.196823,0.000458,0.000008,0.001556,0.208835
25,0.009654,0.000052,0.000007,0.184593,0.000475,0.000009,0.013524,0.208324
25,0.011608,0.000042,0.000004,0.128264,0.000344,0.000004,0.002025,0.142301
20,0.010882,0.000056,0.000006,0.177262,0.000629,0.000016,0.002279,0.191139
19,0.010341,0.000054,0.000006,0.188011,0.000457,0.000008,0.004383,0.203274
30,0.010470,0.000049,0.000005,0.020088,0.000476,0.000007,0.007844,0.038953
22,0.011077,0.000041,0.000005,0.032129,0.000636,0.000012,0.002317,0.046223
28,0.009844,0.000040,0.000005,0.104806,0.000392,0.000004,0.000927,0.116023
70,0.007474,0.000034,0.000003,0.045504,0.000248,0.000004,0.007365,0.060636
32,0.009320,0.000049,0.000005,0.217814,0.000566,0.000012,0.000512,0.228285
27,0.008852,0.000053,0.000007,0.055974,0.000603,0.000014,0.001403,0.066914
23,0.019516,0.000044,0.000005,0.043520,0.000447,0.000006,0.001471,0.065014
33,0.012344,0.000048,0.000005,0.024425,0.000393,0.000006,0.000289,0.037513
71,0.007068,0.000038,0.000004,0.055865,0.000302,0.000004,0.003097,0.066383
34,0.013060,0.000061,0.000007,0.018817,0.000543,0.000011,0.000485,0.032993
26,0.008464,0.000042,0.000005,0.138792,0.000449,0.000005,0.002588,0.150354
24,0.012664,0.000048,0.000007,0.173876,0.000449,0.000007,0.000300,0.187354
24,0.011605,0.000046,0.000004,0.062324,0.000421,0.000004,0.001445,0.075858
29,0.007038,0.000032,0.000003,0.131931,0.000377,0.000005,0.000894,0.140286
20,0.023446,0.000081,0.000006,0.173626,0.000710,0.000023,0.030994,0.228900
22,0.010676,0.000050,0.000007,0.201702,0.000432,0.000007,0.005324,0.218211
31,0.012668,0.000067,0.000005,0.146801,0.000388,0.000005,0.006250,0.166194
72,0.007375,0.000033,0.000003,0.057347,0.000319,0.000004,0.003278,0.068364
31,0.021317,0.000059,0.000006,0.195080,0.000632,0.000007,0.003252,0.220363
20,0.009822,0.000053,0.000006,0.176739,0.000425,0.000009,0.021068,0.208132
21,0.012014,0.000060,0.000005,0.192073,0.000564,0.000011,0.002470,0.207207
32,0.011575,0.000040,0.000005,0.037726,0.000436,0.000008,0.014287,0.064088
26,0.009819,0.000050,0.000005,0.215305,0.001080,0.000027,0.025519,0.251819
73,0.015060,0.000035,0.000003,0.046120,0.000316,0.000004,0.003124,0.064667
20,0.012656,0.000054,0.000005,0.244639,0.000493,0.000009,0.004347,0.262213
74,0.015770,0.000033,0.000003,0.008276,0.000249,0.000004,0.003191,0.027531
28,0.012079,0.000060,0.000007,0.210339,0.000479,0.000008,0.001550,0.224528
27,0.011820,0.000045,0.000007,0.123311,0.000362,0.000006,0.002160,0.137719
25,0.011255,0.000047,0.000005,0.110318,0.000402,0.000005,0.001513,0.123552
30,0.008277,0.000051,0.000004,0.114998,0.000370,0.000006,0.000867,0.124577
26,0.009608,0.000037,0.000004,0.014716,0.000375,0.000004,0.001422,0.026174
35,0.026783,0.000063,0.000006,0.167987,0.000460,0.000007,0.000363,0.195673
75,0.007129,0.000031,0.000002,0.057141,0.000374,0.000005,0.003894,0.068581
23,0.010864,0.000053,0.000006,0.160203,0.000479,0.000010,0.005037,0.176663
25,0.012855,0.000052,0.000008,0.189499,0.000506,0.000009,0.000290,0.203225
32,0.014483,0.000055,0.000006,0.158477,0.000539,0.000009,0.003128,0.176709
21,0.011926,0.000070,0.000006,0.142322,0.000561,0.000011,0.015703,0.170608
21,0.012739,0.000058,0.000008,0.163485,0.000598,0.000016,0.026777,0.203695
31,0.020008,0.000120,0.000014,0.055857,0.000718,0.000010,0.002376,0.079116
76,0.012169,0.000027,0.000003,0.014748,0.000291,0.000004,0.002957,0.030205
22,0.014854,0.000074,0.000006,0.166988,0.000875,0.000027,0.004482,0.187321
33,0.014101,0.000055,0.000007,0.038157,0.000521,0.000009,0.002962,0.055821
33,0.010636,0.000046,0.000005,0.155932,0.000471,0.000006,0.008666,0.175778
27,0.014823,0.000047,0.000008,0.155660,0.000485,0.000009,0.027110,0.198152
77,0.008461,0.000032,0.000003,0.053462,0.000352,0.000005,0.003518,0.065839
28,0.011227,0.000049,0.000004,0.151628,0.000751,0.000016,0.005222,0.168911
27,0.009473,0.000028,0.000003,0.138855,0.000452,0.000005,0.001510,0.150332
21,0.012541,0.000054,0.000005,0.199919,0.000414,0.000008,0.004420,0.217371
28,0.009465,0.000047,0.000007,0.013668,0.000429,0.000009,0.013004,0.036639
29,0.012625,0.000051,0.000005,0.192254,0.000489,0.000011,0.001630,0.207076
34,0.008727,0.000026,0.000003,0.052947,0.000472,0.000006,0.008208,0.070402
78,0.016551,0.000032,0.000002,0.048568,0.000250,0.000004,0.003240,0.068652
22,0.009941,0.000053,0.000005,0.021208,0.000448,0.000009,0.005501,0.037178
29,0.009340,0.000048,0.000007,0.028823,0.000399,0.000007,0.020441,0.059075
35,0.012094,0.000052,0.000006,0.032356,0.000550,0.000009,0.009069,0.054153
30,0.008988,0.000053,0.000005,0.046349,0.000487,0.000009,0.001576,0.057474
24,0.011810,0.000057,0.000006,0.185958,0.000472,0.000009,0.004487,0.202807
36,0.026082,0.000061,0.000006,0.205605,0.000577,0.000010,0.000398,0.232743
26,0.013955,0.000056,0.000006,0.199117,0.000873,0.000014,0.000677,0.214711
32,0.009584,0.000049,0.000006,0.187809,0.000461,0.000009,0.001242,0.199171
30,0.008290,0.000041,0.000006,0.017177,0.000427,0.000005,0.011701,0.037658
34,0.028437,0.000080,0.000007,0.135672,0.000528,0.000009,0.003129,0.167875
79,0.015610,0.000029,0.000003,0.048869,0.000267,0.000004,0.003540,0.068327
22,0.012049,0.000055,0.000005,0.173545,0.000584,0.000014,0.029919,0.216183
22,0.009622,0.000050,0.000004,0.221187,0.000474,0.000012,0.014890,0.246252
23,0.018700,0.000064,0.000006,0.221406,0.000484,0.000010,0.001816,0.242496
31,0.008296,0.000049,0.000007,0.040970,0.000927,0.000020,0.013377,0.063655
28,0.012306,0.000041,0.000004,0.161762,0.000518,0.000005,0.001756,0.176406
80,0.007062,0.000029,0.000002,0.068727,0.000361,0.000005,0.003361,0.079554
23,0.009757,0.000056,0.000006,0.042966,0.000496,0.000009,0.024089,0.077390
29,0.013585,0.000052,0.000006,0.203916,0.000698,0.000013,0.004815,0.223099
36,0.010219,0.000050,0.000006,0.133553,0.000464,0.000007,0.007767,0.152078
31,0.008693,0.000058,0.000004,0.145239,0.000364,0.000004,0.001106,0.155475
24,0.008653,0.000050,0.000006,0.009742,0.000444,0.000007,0.021388,0.040304
81,0.007235,0.000030,0.000003,0.058010,0.000311,0.000005,0.003998,0.069599
37,0.011801,0.000049,0.000006,0.020520,0.000530,0.000008,0.009899,0.042830
25,0.011612,0.000068,0.000008,0.194858,0.000521,0.000006,0.004594,0.211677
32,0.007107,0.000037,0.000006,0.106786,0.000402,0.000005,0.011831,0.126182
82,0.016395,0.000041,0.000003,0.015895,0.000370,0.000006,0.003853,0.036568
37,0.014547,0.000056,0.000005,0.207847,0.000552,0.000010,0.000382,0.223404
23,0.030354,0.000139,0.000011,0.236951,0.000496,0.000009,0.004672,0.272643
27,0.024152,0.000078,0.000012,0.191871,0.000775,0.000026,0.000594,0.217519
35,0.013299,0.000061,0.000006,0.201395,0.001261,0.000038,0.007387,0.223460
33,0.014837,0.000104,0.000010,0.221927,0.000547,0.000010,0.001445,0.238891
29,0.010598,0.000041,0.000007,0.171819,0.000464,0.000008,0.001952,0.184898
24,0.008695,0.000054,0.000005,0.028295,0.000406,0.000007,0.004263,0.041738
32,0.007917,0.000047,0.000005,0.124562,0.000377,0.000006,0.001245,0.134167
23,0.009658,0.000050,0.000005,0.195125,0.000473,0.000010,0.032250,0.237585
24,0.011170,0.000054,0.000005,0.200427,0.000785,0.000026,0.003585,0.216067
83,0.014932,0.000030,0.000003,0.062805,0.000294,0.000004,0.003473,0.081546
30,0.010468,0.000062,0.000006,0.181677,0.000588,0.000013,0.003268,0.196091
25,0.017392,0.000060,0.000006,0.133412,0.000428,0.000006,0.016895,0.168213
33,0.008232,0.000043,0.000009,0.092854,0.000373,0.000004,0.010556,0.112081
30,0.014626,0.000057,0.000006,0.040752,0.000475,0.000007,0.002354,0.058285
25,0.018273,0.000051,0.000006,0.017396,0.000575,0.000013,0.001725,0.038051
38,0.010241,0.000048,0.000007,0.141412,0.000411,0.000007,0.007626,0.159764
84,0.008201,0.000047,0.000003,0.057530,0.000348,0.000005,0.003714,0.069855
34,0.007744,0.000037,0.000005,0.032459,0.000421,0.000006,0.010502,0.051182
33,0.008223,0.000043,0.000005,0.109916,0.000399,0.000006,0.001184,0.119782
26,0.008688,0.000044,0.000005,0.052135,0.000387,0.000005,0.016781,0.078055
85,0.008239,0.000030,0.000003,0.014375,0.000316,0.000004,0.003473,0.026445
26,0.009821,0.000053,0.000006,0.192155,0.000493,0.000009,0.004870,0.207418
38,0.015099,0.000052,0.000006,0.188294,0.000506,0.000010,0.000412,0.204389
34,0.017655,0.000060,0.000006,0.177002,0.000571,0.000009,0.001509,0.196822
24,0.009335,0.000056,0.000006,0.150537,0.000465,0.000007,0.014361,0.174778
28,0.014078,0.000051,0.000007,0.209682,0.000437,0.000008,0.000333,0.224598
86,0.015289,0.000037,0.000003,0.050971,0.000334,0.000004,0.003304,0.069949
36,0.039699,0.000059,0.000005,0.184024,0.000483,0.000007,0.003748,0.228033
25,0.009789,0.000057,0.000005,0.211660,0.000484,0.000008,0.004443,0.226461
31,0.013870,0.000066,0.000009,0.163311,0.000440,0.000007,0.002884,0.180596
31,0.013142,0.000050,0.000005,0.149776,0.000584,0.000007,0.002199,0.165780
35,0.007958,0.000048,0.000006,0.112190,0.000387,0.000005,0.011126,0.131729
29,0.014384,0.000053,0.000008,0.039833,0.000464,0.000007,0.000292,0.055045
27,0.008009,0.000042,0.000006,0.104376,0.000383,0.000005,0.017482,0.130312
34,0.008544,0.000043,0.000004,0.134879,0.000439,0.000006,0.001216,0.145139
39,0.009853,0.000040,0.000005,0.184009,0.000666,0.000008,0.008427,0.203036
26,0.013492,0.000093,0.000010,0.198632,0.000647,0.000013,0.002612,0.215511
26,0.020402,0.000052,0.000006,0.035212,0.000276,0.000004,0.008224,0.064188
87,0.022802,0.000032,0.000004,0.059658,0.000298,0.000004,0.004346,0.087150
32,0.010624,0.000056,0.000006,0.060748,0.000772,0.000016,0.004038,0.076270
36,0.009779,0.000045,0.000007,0.045349,0.000524,0.000008,0.012248,0.067968
27,0.009692,0.000059,0.000006,0.177255,0.000442,0.000009,0.004070,0.191543
35,0.018311,0.000059,0.000006,0.159875,0.000399,0.000007,0.001068,0.179732
39,0.019877,0.000055,0.000007,0.184983,0.000409,0.000007,0.004077,0.209423
32,0.014064,0.000051,0.000005,0.119523,0.000507,0.000007,0.001847,0.136011
37,0.028247,0.000064,0.000008,0.136533,0.000372,0.000006,0.002193,0.167429
28,0.008608,0.000045,0.000005,0.099708,0.000300,0.000005,0.011641,0.120319
25,0.011507,0.000067,0.000007,0.169723,0.000326,0.000004,0.008522,0.190162
30,0.013868,0.000061,0.000007,0.121030,0.000253,0.000004,0.000157,0.135383
88,0.010445,0.000035,0.000003,0.036118,0.000255,0.000004,0.002940,0.049804
27,0.014106,0.000079,0.000005,0.108177,0.000320,0.000008,0.001016,0.123717
40,0.009179,0.000031,0.000005,0.114443,0.000348,0.000008,0.005088,0.129109
35,0.023579,0.000150,0.000037,0.106475,0.000236,0.000004,0.000757,0.131241
27,0.015572,0.000037,0.000004,0.058717,0.000232,0.000004,0.002072,0.076642
33,0.010752,0.000058,0.000004,0.059492,0.000249,0.000004,0.001306,0.071869
37,0.008295,0.000046,0.000006,0.052912,0.000242,0.000004,0.004985,0.066496
28,0.006984,0.000039,0.000004,0.009323,0.000236,0.000005,0.001619,0.018212
40,0.010514,0.000036,0.000004,0.054489,0.000348,0.000004,0.000219,0.065614
36,0.007593,0.000036,0.000003,0.084540,0.000363,0.000006,0.000924,0.093470
38,0.018427,0.000034,0.000003,0.015379,0.000277,0.000005,0.001431,0.035560
29,0.007009,0.000035,0.000003,0.016289,0.000248,0.000004,0.007679,0.031272
26,0.006962,0.000039,0.000004,0.011163,0.000281,0.000004,0.008080,0.026540
33,0.010423,0.000044,0.000005,0.087208,0.000403,0.000006,0.001214,0.099306
89,0.014463,0.000058,0.000004,0.037288,0.000388,0.000004,0.003127,0.055345
31,0.011437,0.000032,0.000004,0.053740,0.000248,0.000004,0.000157,0.065624
28,0.007946,0.000044,0.000004,0.050770,0.000250,0.000004,0.000675,0.059699
28,0.010268,0.000035,0.000004,0.043064,0.000248,0.000005,0.002041,0.055668
36,0.006901,0.000082,0.000018,0.062081,0.000240,0.000004,0.000695,0.070024
41,0.009130,0.000043,0.000005,0.077258,0.000377,0.000007,0.005117,0.091944
34,0.005842,0.000031,0.000003,0.035340,0.000244,0.000004,0.001308,0.042776
29,0.005401,0.000036,0.000003,0.041778,0.000257,0.000005,0.001629,0.049113
38,0.006523,0.000034,0.000004,0.062848,0.000331,0.000007,0.007230,0.076982
41,0.013467,0.000026,0.000003,0.044449,0.000316,0.000004,0.000206,0.058472
39,0.019059,0.000032,0.000003,0.005627,0.000248,0.000004,0.001327,0.026304
37,0.004974,0.000024,0.000003,0.045352,0.000247,0.000004,0.000476,0.051083
30,0.006266,0.000042,0.000004,0.039288,0.000248,0.000005,0.006872,0.052730
27,0.004841,0.000030,0.000003,0.048965,0.000251,0.000004,0.006295,0.060394
34,0.011945,0.000058,0.000005,0.074613,0.000259,0.000004,0.000805,0.087691
29,0.006002,0.000038,0.000004,0.009153,0.000245,0.000004,0.000657,0.016106
90,0.009379,0.000029,0.000003,0.036289,0.000251,0.000003,0.003151,0.049108
32,0.008443,0.000031,0.000004,0.040888,0.000248,0.000003,0.000150,0.049768
29,0.008188,0.000027,0.000003,0.034601,0.000230,0.000004,0.001921,0.044978
37,0.006923,0.000092,0.000019,0.068432,0.000254,0.000004,0.000766,0.076493
42,0.011106,0.000060,0.000008,0.052048,0.000273,0.000004,0.003757,0.067263
35,0.006862,0.000037,0.000004,0.052993,0.000263,0.000004,0.001269,0.061436
30,0.006113,0.000040,0.000004,0.048574,0.000264,0.000004,0.001678,0.056680
39,0.006381,0.000028,0.000004,0.074214,0.000364,0.000007,0.007023,0.088026
40,0.011992,0.000032,0.000004,0.043502,0.000256,0.000004,0.001339,0.057132
42,0.010904,0.000046,0.000005,0.052441,0.000279,0.000005,0.000202,0.063882
38,0.007601,0.000034,0.000004,0.048862,0.000262,0.000004,0.000502,0.057273
28,0.008186,0.000034,0.000003,0.050036,0.000246,0.000004,0.006300,0.064813
31,0.009626,0.000051,0.000005,0.060724,0.000281,0.000007,0.016216,0.086916
35,0.010761,0.000043,0.000005,0.010583,0.000313,0.000006,0.001190,0.022905
33,0.007587,0.000035,0.000005,0.009636,0.000245,0.000004,0.000146,0.017659
30,0.007432,0.000037,0.000003,0.040825,0.000241,0.000004,0.000679,0.049222
91,0.014412,0.000030,0.000003,0.035658,0.000252,0.000004,0.003057,0.053420
64,0.389159,0.000071,0.000005,0.047244,0.000403,0.000006,0.000342,0.437234
30,0.008027,0.000038,0.000003,0.044047,0.000247,0.000004,0.002073,0.054443
38,0.008189,0.000028,0.000003,0.012536,0.000242,0.000004,0.000724,0.021729
43,0.008433,0.000028,0.000003,0.044401,0.000269,0.000004,0.003029,0.056173
36,0.007252,0.000032,0.000003,0.044936,0.000288,0.000004,0.001311,0.053830
31,0.004928,0.000028,0.000003,0.050589,0.000313,0.000006,0.002400,0.058271
40,0.007296,0.000044,0.000005,0.059453,0.000251,0.000005,0.005296,0.072353
39,0.005237,0.000031,0.000004,0.016730,0.000245,0.000004,0.000497,0.022748
41,0.016642,0.000031,0.000003,0.050707,0.000274,0.000004,0.001406,0.069070
43,0.009484,0.000036,0.000004,0.063364,0.000249,0.000004,0.000247,0.073390
29,0.007843,0.000062,0.000005,0.054649,0.000347,0.000007,0.010383,0.073301
31,0.005914,0.000036,0.000004,0.015518,0.000270,0.000005,0.000710,0.022460
34,0.006568,0.000028,0.000004,0.045190,0.000244,0.000004,0.000151,0.052189
32,0.009423,0.000056,0.000006,0.052284,0.000280,0.000004,0.014329,0.076388
65,0.010737,0.000036,0.000003,0.005078,0.000270,0.000004,0.000485,0.016615
36,0.008664,0.000034,0.000003,0.060319,0.000267,0.000004,0.000991,0.070285
92,0.010019,0.000034,0.000003,0.041167,0.000297,0.000004,0.002784,0.054312
31,0.008240,0.000031,0.000004,0.052023,0.000255,0.000004,0.002163,0.062723
39,0.005985,0.000033,0.000004,0.048908,0.000259,0.000004,0.000765,0.055962
37,0.006654,0.000039,0.000004,0.044711,0.000244,0.000004,0.001224,0.052883
44,0.011662,0.000036,0.000004,0.052136,0.000276,0.000006,0.003065,0.067189
32,0.005314,0.000031,0.000003,0.051424,0.000252,0.000004,0.001623,0.058655
41,0.007375,0.000037,0.000005,0.060883,0.000429,0.000006,0.006876,0.075616
40,0.007754,0.000052,0.000004,0.038289,0.000249,0.000004,0.000492,0.046847
42,0.015317,0.000032,0.000002,0.051116,0.000264,0.000004,0.001406,0.068145
44,0.012103,0.000038,0.000003,0.048543,0.000261,0.000004,0.000222,0.061175
32,0.006131,0.000042,0.000004,0.010173,0.000288,0.000005,0.000822,0.017468
35,0.006253,0.000027,0.000004,0.009192,0.000233,0.000004,0.000133,0.015849
33,0.005859,0.000034,0.000003,0.004228,0.000261,0.000005,0.007820,0.018214
30,0.005410,0.000031,0.000003,0.047992,0.000238,0.000004,0.006262,0.059943
66,0.006075,0.000032,0.000003,0.028560,0.000312,0.000004,0.000217,0.035204
37,0.006997,0.000033,0.000003,0.041734,0.000237,0.000004,0.000823,0.049833
93,0.010735,0.000032,0.000003,0.027253,0.000266,0.000004,0.002591,0.040886
32,0.006535,0.000029,0.000002,0.018377,0.000271,0.000004,0.002082,0.027304
40,0.005172,0.000029,0.000003,0.013298,0.000254,0.000004,0.000731,0.019494
38,0.008136,0.000029,0.000003,0.047746,0.000249,0.000004,0.001247,0.057417
45,0.008409,0.000037,0.000004,0.051497,0.000257,0.000004,0.003308,0.063520
33,0.005350,0.000036,0.000003,0.047467,0.000248,0.000004,0.001737,0.054849
42,0.008431,0.000030,0.000004,0.017033,0.000371,0.000006,0.006349,0.032229
41,0.008875,0.000030,0.000003,0.018001,0.000258,0.000004,0.000533,0.027707
45,0.011607,0.000077,0.000004,0.008012,0.000238,0.000004,0.000197,0.020142
33,0.004656,0.000030,0.000003,0.008060,0.000249,0.000004,0.000653,0.013657
43,0.011042,0.000033,0.000003,0.041898,0.000221,0.000004,0.001102,0.054305
31,0.005954,0.000034,0.000003,0.012877,0.000341,0.000006,0.008139,0.027360
34,0.007240,0.000034,0.000003,0.033865,0.000261,0.000004,0.007174,0.048586
67,0.007840,0.000038,0.000003,0.023410,0.000252,0.000004,0.000186,0.031735
36,0.006371,0.000035,0.000004,0.058012,0.000246,0.000004,0.000149,0.064823
94,0.008217,0.000036,0.000003,0.012256,0.000272,0.000004,0.002754,0.023546
33,0.006499,0.000033,0.000003,0.007176,0.000245,0.000004,0.001980,0.015944
38,0.006404,0.000028,0.000003,0.036868,0.000246,0.000004,0.000945,0.044501
41,0.005490,0.000027,0.000003,0.009597,0.000215,0.000004,0.000698,0.016036
39,0.008527,0.000035,0.000004,0.057407,0.000260,0.000004,0.000803,0.067042
39,0.006005,0.000039,0.000004,0.042140,0.000244,0.000004,0.001242,0.049682
46,0.009531,0.000030,0.000003,0.039695,0.000256,0.000004,0.003240,0.052764
34,0.006567,0.000042,0.000004,0.049794,0.000250,0.000005,0.001694,0.058360
43,0.005706,0.000037,0.000005,0.045775,0.000230,0.000004,0.004290,0.056050
42,0.007258,0.000036,0.000003,0.010921,0.000264,0.000004,0.000511,0.019001
34,0.005622,0.000035,0.000003,0.004247,0.000294,0.000006,0.000956,0.011165
44,0.013242,0.000027,0.000003,0.012045,0.000249,0.000004,0.001249,0.026823
46,0.013863,0.000029,0.000003,0.040913,0.000251,0.000004,0.000200,0.055265
35,0.010766,0.000070,0.000004,0.010896,0.000306,0.000004,0.007654,0.029705
68,0.012371,0.000046,0.000003,0.025810,0.000285,0.000004,0.000202,0.038722
34,0.009913,0.000036,0.000003,0.009820,0.000247,0.000004,0.002063,0.022090
95,0.006709,0.000032,0.000002,0.031274,0.000259,0.000004,0.002797,0.041080
37,0.009107,0.000035,0.000005,0.055339,0.000310,0.000006,0.000223,0.065026
42,0.008589,0.000046,0.000004,0.014236,0.000296,0.000007,0.000983,0.024166
32,0.007109,0.000040,0.000004,0.084893,0.000271,0.000005,0.006013,0.098338
40,0.007589,0.000027,0.000003,0.009295,0.000258,0.000005,0.000820,0.018000
40,0.005257,0.000030,0.000003,0.014548,0.000223,0.000004,0.001226,0.021294
47,0.007558,0.000034,0.000005,0.050425,0.000295,0.000004,0.003049,0.061374
35,0.006894,0.000040,0.000004,0.044264,0.000248,0.000004,0.001578,0.053036
44,0.006933,0.000030,0.000004,0.037457,0.000221,0.000005,0.004744,0.049397
43,0.007092,0.000035,0.000004,0.042749,0.000295,0.000004,0.000504,0.050686
35,0.004252,0.000027,0.000003,0.070752,0.000348,0.000006,0.000884,0.076276
45,0.015828,0.000033,0.000003,0.044513,0.000267,0.000004,0.001475,0.062128
35,0.008684,0.000038,0.000004,0.008704,0.000251,0.000004,0.002110,0.019798
47,0.011295,0.000032,0.000004,0.048385,0.000257,0.000004,0.000187,0.060166
69,0.007913,0.000029,0.000004,0.029160,0.000288,0.000004,0.000253,0.037652
36,0.008782,0.000032,0.000003,0.047706,0.000242,0.000004,0.006381,0.063154
33,0.006525,0.000031,0.000003,0.010827,0.000346,0.000008,0.009251,0.026998
96,0.007530,0.000029,0.000003,0.041899,0.000272,0.000005,0.003046,0.052787
38,0.010929,0.000042,0.000005,0.035586,0.000265,0.000004,0.000160,0.046993
43,0.012629,0.000034,0.000004,0.039957,0.000284,0.000004,0.002515,0.055438
41,0.005412,0.000025,0.000003,0.060017,0.000300,0.000006,0.001042,0.066808
41,0.006205,0.000039,0.000003,0.048734,0.000264,0.000004,0.001244,0.056496
48,0.012514,0.000033,0.000003,0.013786,0.000292,0.000004,0.003380,0.030018
36,0.007107,0.000041,0.000004,0.047795,0.000241,0.000004,0.001613,0.056808
45,0.008011,0.000070,0.000006,0.038750,0.000237,0.000004,0.004630,0.051713
44,0.008032,0.000033,0.000003,0.053605,0.000341,0.000007,0.001465,0.063494
70,0.009659,0.000032,0.000003,0.023775,0.000257,0.000004,0.000192,0.033925
36,0.007801,0.000029,0.000003,0.061693,0.000250,0.000004,0.000647,0.070428
46,0.014978,0.000030,0.000003,0.044863,0.000264,0.000004,0.001320,0.061468
48,0.014911,0.000036,0.000003,0.044062,0.000243,0.000004,0.000197,0.059458
36,0.015457,0.000032,0.000003,0.052046,0.000322,0.000004,0.002026,0.069898
37,0.008988,0.000033,0.000004,0.045550,0.000245,0.000005,0.006529,0.061358
39,0.009155,0.000029,0.000004,0.007902,0.000235,0.000004,0.000142,0.017473
97,0.011683,0.000032,0.000003,0.027426,0.000279,0.000004,0.003051,0.042483
46,0.009978,0.000047,0.000008,0.012150,0.000427,0.000005,0.012914,0.035539
45,0.007834,0.000048,0.000006,0.044888,0.000599,0.000006,0.001377,0.054766
40,0.016904,0.000084,0.000014,0.037853,0.000544,0.000009,0.000302,0.055715
71,0.021358,0.000031,0.000003,0.057957,0.000267,0.000004,0.000252,0.079875
47,0.016738,0.000075,0.000007,0.055231,0.000494,0.000010,0.002988,0.075555
42,0.021663,0.000077,0.000008,0.070549,0.000439,0.000008,0.001964,0.094716
34,0.007275,0.000032,0.000003,0.100402,0.000507,0.000007,0.014392,0.122628
98,0.016918,0.000031,0.000003,0.054898,0.000287,0.000004,0.003096,0.075243
72,0.006909,0.000030,0.000003,0.003941,0.000250,0.000004,0.000199,0.011336
99,0.011900,0.000035,0.000003,0.009054,0.000328,0.000005,0.003313,0.024644
73,0.006584,0.000029,0.000003,0.010952,0.000302,0.000004,0.000250,0.018125
74,0.006524,0.000031,0.000003,0.003651,0.000253,0.000005,0.000250,0.010720
100,0.006163,0.000030,0.000003,0.004696,0.000254,0.000005,0.003210,0.014364
48,0.014882,0.000074,0.000007,0.040605,0.000497,0.000008,0.002640,0.058721
101,0.006428,0.000031,0.000003,0.004967,0.000251,0.000004,0.003255,0.014943
49,0.017652,0.000051,0.000005,0.147899,0.000490,0.000010,0.007907,0.174028
102,0.006760,0.000029,0.000003,0.010902,0.000292,0.000004,0.003410,0.021403
44,0.011846,0.000032,0.000004,0.177327,0.000932,0.000024,0.004140,0.194319
49,0.012433,0.000067,0.000007,0.167436,0.000457,0.000012,0.000338,0.180758
75,0.007074,0.000030,0.000003,0.047908,0.000265,0.000004,0.000230,0.055516
42,0.011854,0.000050,0.000006,0.180742,0.012570,0.000012,0.002951,0.208196
76,0.011006,0.000024,0.000003,0.003595,0.000284,0.000005,0.000226,0.015144
37,0.012329,0.000065,0.000010,0.208156,0.000522,0.000012,0.005628,0.226733
77,0.007655,0.000032,0.000004,0.005604,0.000285,0.000004,0.000246,0.013832
37,0.015502,0.000073,0.000008,0.200888,0.000696,0.000014,0.002912,0.220102
38,0.013813,0.000059,0.000007,0.158940,0.001041,0.000035,0.046197,0.220111
37,0.022676,0.000111,0.000021,0.189632,0.000833,0.000014,0.008186,0.221496
78,0.006660,0.000039,0.000004,0.003900,0.000316,0.000005,0.000238,0.011164
46,0.008959,0.000057,0.000005,0.174324,0.000495,0.000007,0.001364,0.185218
103,0.006863,0.000028,0.000003,0.055695,0.000258,0.000004,0.003370,0.066228
47,0.011095,0.000095,0.000013,0.189459,0.000450,0.000009,0.017234,0.218373
45,0.032201,0.000066,0.000005,0.041335,0.000624,0.000013,0.002839,0.077093
79,0.007051,0.000030,0.000003,0.011770,0.000249,0.000004,0.000223,0.019330
41,0.013248,0.000051,0.000006,0.174147,0.000772,0.000014,0.000324,0.188569
104,0.008320,0.000035,0.000004,0.009064,0.000261,0.000004,0.003196,0.020887
43,0.011145,0.000043,0.000005,0.169966,0.000442,0.000005,0.001334,0.182946
38,0.015207,0.000059,0.000005,0.039199,0.000463,0.000008,0.001429,0.056376
35,0.007346,0.000038,0.000004,0.178918,0.000447,0.000008,0.012653,0.199428
39,0.013025,0.000058,0.000007,0.009851,0.000422,0.000008,0.001345,0.024721
46,0.015793,0.000054,0.000005,0.035919,0.000498,0.000010,0.001717,0.054004
80,0.005927,0.000027,0.000003,0.051730,0.000294,0.000004,0.000222,0.058209
50,0.013128,0.000066,0.000006,0.150878,0.000424,0.000007,0.006386,0.170906
105,0.014798,0.000035,0.000003,0.054603,0.000315,0.000004,0.003314,0.073077
50,0.015632,0.000047,0.000005,0.138246,0.000429,0.000005,0.000294,0.154660
47,0.010911,0.000046,0.000006,0.013375,0.000463,0.000008,0.001442,0.026261
49,0.022567,0.000058,0.000006,0.184443,0.000660,0.000015,0.004433,0.212195
81,0.006830,0.000031,0.000004,0.048663,0.000311,0.000004,0.000220,0.056065
38,0.010193,0.000054,0.000006,0.157502,0.000215,0.000004,0.001448,0.169426
106,0.010343,0.000037,0.000003,0.044898,0.000266,0.000004,0.003198,0.058754
82,0.006798,0.000035,0.000003,0.018297,0.000458,0.000007,0.000343,0.025944
44,0.012490,0.000043,0.000004,0.114396,0.000471,0.000007,0.001736,0.129155
47,0.011248,0.000056,0.000006,0.152286,0.000506,0.000008,0.001561,0.165677
83,0.006376,0.000026,0.000004,0.003880,0.000255,0.000004,0.000207,0.010754
43,0.011328,0.000051,0.000005,0.200167,0.000485,0.000009,0.002650,0.214708
84,0.006375,0.000027,0.000003,0.003983,0.000262,0.000004,0.000186,0.010841
48,0.013681,0.000060,0.000009,0.159754,0.000422,0.000005,0.011278,0.185221
38,0.017061,0.000065,0.000008,0.195041,0.000551,0.000011,0.004747,0.217494
39,0.014815,0.000052,0.000006,0.196389,0.000912,0.000022,0.023129,0.235337
107,0.007695,0.000031,0.000003,0.054328,0.000320,0.000004,0.003269,0.065655
45,0.014464,0.000048,0.000005,0.059415,0.000521,0.000008,0.002181,0.076651
85,0.006812,0.000028,0.000004,0.047257,0.000257,0.000004,0.000214,0.054577
39,0.012120,0.000055,0.000007,0.031184,0.000547,0.000009,0.005986,0.049917
42,0.013320,0.000055,0.000006,0.227449,0.000685,0.000012,0.000482,0.242019
36,0.013345,0.000052,0.000006,0.183100,0.000379,0.000005,0.021606,0.218507
46,0.015206,0.000055,0.000007,0.016829,0.000420,0.000006,0.001896,0.034425
40,0.012369,0.000058,0.000006,0.194864,0.000495,0.000008,0.001674,0.209484
86,0.012071,0.000034,0.000004,0.042851,0.000278,0.000004,0.000244,0.055487
108,0.014818,0.000035,0.000003,0.053219,0.000322,0.000004,0.003374,0.071788
51,0.012441,0.000044,0.000004,0.193293,0.000501,0.000011,0.009108,0.215415
50,0.021973,0.000053,0.000004,0.174397,0.000679,0.000012,0.004266,0.201413
48,0.023270,0.000064,0.000009,0.192769,0.000524,0.000011,0.001962,0.218631
51,0.018388,0.000046,0.000005,0.206896,0.000813,0.000014,0.000628,0.226805
109,0.006893,0.000041,0.000004,0.016095,0.000305,0.000004,0.003302,0.026649
40,0.014212,0.000048,0.000005,0.056242,0.000735,0.000012,0.008981,0.080250
44,0.010231,0.000054,0.000007,0.163264,0.000588,0.000015,0.003677,0.177846
110,0.006964,0.000031,0.000003,0.020462,0.000356,0.000006,0.003553,0.031379
87,0.006955,0.000032,0.000003,0.063181,0.000319,0.000005,0.000249,0.070747
39,0.009687,0.000050,0.000005,0.198328,0.000455,0.000009,0.005089,0.213637
48,0.010845,0.000053,0.000006,0.196238,0.000510,0.000006,0.001258,0.208924
52,0.024645,0.000062,0.000007,0.020820,0.000470,0.000009,0.000376,0.046393
45,0.010230,0.000057,0.000005,0.021670,0.000476,0.000009,0.002750,0.035207
37,0.008755,0.000041,0.000005,0.136673,0.000425,0.000006,0.011248,0.157163
88,0.007930,0.000034,0.000003,0.040478,0.000324,0.000004,0.000221,0.048997
40,0.009957,0.000052,0.000006,0.032268,0.000495,0.000010,0.005225,0.048024
40,0.009629,0.000060,0.000005,0.169663,0.000502,0.000009,0.024538,0.204418
111,0.008993,0.000034,0.000004,0.051918,0.000282,0.000004,0.003349,0.064590
49,0.016090,0.000096,0.000013,0.216341,0.000488,0.000011,0.021403,0.254456
43,0.013351,0.000051,0.000015,0.181769,0.000467,0.000010,0.000336,0.196005
41,0.014757,0.000058,0.000005,0.160982,0.000475,0.000010,0.001622,0.177917
38,0.008056,0.000043,0.000006,0.032115,0.000357,0.000005,0.012690,0.053282
89,0.006375,0.000026,0.000003,0.050214,0.000280,0.000004,0.000251,0.057156
112,0.007378,0.000030,0.000003,0.047290,0.000245,0.000004,0.002918,0.057873
90,0.006373,0.000027,0.000003,0.004766,0.000244,0.000004,0.000228,0.011646
49,0.010935,0.000045,0.000004,0.115682,0.000513,0.000006,0.001323,0.128516
42,0.012364,0.000058,0.000005,0.033006,0.000570,0.000011,0.001673,0.047703
44,0.013302,0.000048,0.000008,0.039538,0.000507,0.000009,0.000311,0.053728
47,0.012468,0.000055,0.000006,0.225183,0.000672,0.000009,0.002290,0.240708
113,0.008498,0.000033,0.000003,0.015386,0.000417,0.000004,0.003547,0.027910
39,0.007158,0.000039,0.000005,0.026999,0.000353,0.000005,0.011611,0.046180
50,0.010720,0.000053,0.000008,0.058029,0.000454,0.000009,0.014492,0.083777
114,0.007030,0.000031,0.000003,0.005650,0.000288,0.000004,0.003162,0.016173
91,0.006055,0.000028,0.000003,0.046884,0.000264,0.000004,0.000241,0.053481
52,0.013078,0.000053,0.000006,0.208514,0.000530,0.000011,0.017813,0.240019
51,0.031303,0.000058,0.000006,0.196376,0.000931,0.000018,0.005844,0.234549
49,0.038136,0.000056,0.000005,0.218569,0.000657,0.000009,0.001597,0.259038
46,0.009772,0.000056,0.000005,0.186507,0.000508,0.000009,0.002647,0.199514
53,0.010890,0.000056,0.000007,0.203153,0.000450,0.000007,0.000371,0.214939
92,0.007815,0.000033,0.000003,0.047618,0.000391,0.000004,0.000268,0.056137
52,0.025683,0.000051,0.000005,0.021050,0.000457,0.000010,0.002958,0.050223
115,0.018652,0.000038,0.000003,0.048812,0.000259,0.000004,0.003293,0.071066
41,0.009543,0.000053,0.000006,0.172221,0.000422,0.000009,0.005449,0.187715
93,0.007295,0.000031,0.000005,0.011306,0.000272,0.000004,0.000241,0.019155
116,0.008075,0.000029,0.000003,0.009889,0.000286,0.000004,0.003408,0.021701
41,0.018660,0.000061,0.000006,0.169761,0.000476,0.000010,0.031127,0.220113
41,0.018987,0.000060,0.000007,0.279335,0.000661,0.000014,0.006991,0.306127
94,0.018869,0.000046,0.000004,0.039770,0.000265,0.000004,0.000209,0.059168
43,0.021380,0.000057,0.000007,0.160566,0.000457,0.000008,0.001597,0.184081
50,0.010519,0.000053,0.000005,0.174473,0.000452,0.000006,0.001226,0.186740
42,0.010310,0.000057,0.000006,0.013199,0.000472,0.000009,0.023457,0.047520
45,0.012670,0.000054,0.000006,0.182476,0.000465,0.000009,0.000270,0.195954
117,0.012125,0.000032,0.000003,0.049651,0.000288,0.000004,0.003222,0.065329
40,0.006953,0.000038,0.000004,0.179897,0.000464,0.000009,0.015027,0.202403
48,0.015007,0.000056,0.000007,0.200816,0.000448,0.000008,0.001915,0.218263
53,0.012646,0.000054,0.000006,0.167941,0.000389,0.000008,0.016855,0.197911
95,0.007301,0.000033,0.000003,0.057329,0.000392,0.000007,0.000326,0.065394
51,0.009885,0.000059,0.000006,0.054808,0.000520,0.000007,0.001410,0.066703
118,0.008317,0.000029,0.000003,0.055217,0.000307,0.000004,0.003263,0.067144
51,0.019014,0.000059,0.000007,0.213441,0.000522,0.000011,0.014496,0.247563
49,0.015843,0.000056,0.000005,0.020913,0.000510,0.000008,0.002145,0.039490
50,0.015328,0.000057,0.000006,0.195368,0.000583,0.000008,0.001655,0.213015
47,0.008295,0.000050,0.000008,0.195960,0.000456,0.000009,0.002406,0.207194
96,0.006963,0.000036,0.000004,0.044584,0.000268,0.000005,0.000259,0.052120
54,0.014172,0.000061,0.000005,0.201554,0.000584,0.000009,0.000395,0.216785
119,0.008297,0.000030,0.000004,0.020436,0.000290,0.000004,0.007538,0.036606
53,0.021189,0.000058,0.000005,0.199221,0.000467,0.000009,0.003094,0.224055
42,0.009942,0.000056,0.000005,0.225928,0.000481,0.000011,0.005650,0.242082
42,0.012929,0.000050,0.000006,0.193528,0.000444,0.000008,0.004505,0.211482
97,0.007242,0.000030,0.000003,0.054106,0.000331,0.000004,0.000201,0.061917
43,0.009771,0.000060,0.000006,0.155901,0.000420,0.000005,0.017494,0.183667
98,0.006209,0.000029,0.000003,0.007140,0.000350,0.000004,0.000245,0.013983
120,0.007970,0.000031,0.000003,0.075065,0.000418,0.000006,0.004149,0.087648
44,0.013234,0.000055,0.000006,0.209042,0.000663,0.000009,0.001547,0.224569
46,0.012448,0.000053,0.000007,0.199408,0.000696,0.000012,0.000312,0.212941
52,0.009515,0.000055,0.000006,0.153804,0.000476,0.000006,0.001230,0.165098
41,0.026743,0.000067,0.000007,0.174547,0.000450,0.000009,0.022333,0.224166
121,0.017103,0.000042,0.000004,0.021235,0.000334,0.000005,0.003361,0.042089
44,0.009798,0.000061,0.000005,0.038713,0.000367,0.000005,0.025849,0.074807
99,0.014571,0.000032,0.000003,0.055466,0.000269,0.000004,0.000197,0.070543
50,0.012658,0.000052,0.000005,0.155629,0.000502,0.000010,0.002160,0.171024
45,0.011208,0.000052,0.000005,0.024984,0.000433,0.000008,0.001308,0.038007
54,0.012770,0.000049,0.000006,0.202397,0.000546,0.000012,0.009131,0.224923
100,0.006799,0.000030,0.000003,0.009773,0.000261,0.000004,0.000202,0.017073
53,0.008686,0.000058,0.000007,0.033944,0.000455,0.000006,0.001129,0.044295
55,0.014837,0.000052,0.000007,0.170477,0.000429,0.000005,0.000320,0.186129
101,0.007425,0.000031,0.000003,0.009947,0.000283,0.000004,0.000215,0.017910
48,0.011065,0.000052,0.000006,0.187899,0.000428,0.000008,0.002364,0.201836
102,0.006741,0.000028,0.000003,0.004953,0.000280,0.000004,0.000227,0.012239
51,0.022148,0.000058,0.000006,0.196217,0.000487,0.000009,0.001649,0.220582
54,0.020224,0.000056,0.000006,0.164998,0.000493,0.000010,0.002734,0.188531
51,0.013089,0.000047,0.000005,0.043862,0.000497,0.000008,0.002214,0.059731
52,0.009691,0.000050,0.000007,0.219555,0.000485,0.000011,0.014180,0.243989
122,0.016242,0.000033,0.000003,0.058521,0.000270,0.000004,0.003550,0.078627
54,0.012151,0.000057,0.000006,0.026553,0.000419,0.000005,0.009366,0.048567
55,0.013512,0.000050,0.000004,0.027330,0.000501,0.000008,0.021106,0.062524
56,0.019926,0.000048,0.000005,0.048487,0.000444,0.000004,0.000342,0.069259
43,0.010027,0.000057,0.000007,0.200387,0.000767,0.000014,0.005394,0.216667
123,0.009104,0.000037,0.000004,0.016586,0.000270,0.000004,0.003328,0.029337
103,0.007097,0.000031,0.000004,0.059066,0.000289,0.000004,0.000196,0.066688
55,0.018425,0.000083,0.000006,0.037455,0.000650,0.000013,0.002838,0.059480
45,0.007855,0.000041,0.000004,0.098998,0.000402,0.000005,0.018674,0.125990
55,0.010567,0.000061,0.000006,0.029494,0.000515,0.000007,0.001302,0.041960
43,0.014363,0.000067,0.000006,0.200382,0.000519,0.000014,0.006291,0.221655
124,0.006036,0.000030,0.000003,0.015191,0.000266,0.000004,0.002878,0.024413
57,0.012451,0.000061,0.000008,0.037419,0.000746,0.000015,0.000594,0.051304
125,0.008180,0.000035,0.000003,0.013520,0.000325,0.000004,0.003420,0.025493
104,0.007071,0.000031,0.000003,0.040330,0.000267,0.000004,0.000194,0.047903
44,0.010210,0.000053,0.000006,0.040306,0.000477,0.000009,0.005318,0.056391
47,0.024261,0.000060,0.000007,0.199772,0.000516,0.000009,0.000358,0.224988
42,0.010007,0.000055,0.000006,0.186310,0.000598,0.000012,0.016079,0.213080
49,0.010754,0.000047,0.000006,0.154669,0.000527,0.000013,0.003525,0.169557
46,0.012796,0.000056,0.000005,0.200600,0.000518,0.000008,0.001624,0.215618
126,0.015508,0.000056,0.000004,0.044612,0.000279,0.000004,0.003413,0.063880
105,0.009474,0.000041,0.000005,0.042855,0.000266,0.000004,0.000282,0.052929
127,0.007533,0.000031,0.000003,0.016862,0.000281,0.000004,0.003222,0.027941
52,0.011107,0.000047,0.000005,0.213019,0.000447,0.000007,0.001807,0.226449
106,0.007288,0.000026,0.000004,0.041638,0.000269,0.000004,0.000214,0.049446
56,0.014453,0.000060,0.000006,0.171078,0.000523,0.000012,0.017227,0.203376
56,0.009311,0.000057,0.000008,0.158366,0.000459,0.000006,0.001236,0.169449
46,0.007827,0.000048,0.000005,0.146621,0.000498,0.000010,0.023169,0.178187
52,0.021620,0.000061,0.000007,0.225878,0.000561,0.000008,0.002276,0.250420
53,0.019131,0.000074,0.000008,0.217434,0.000494,0.000011,0.012991,0.250154
53,0.013946,0.000051,0.000006,0.021137,0.000479,0.000009,0.001570,0.037207
57,0.010729,0.000047,0.000004,0.016000,0.000420,0.000010,0.008345,0.035567
107,0.006595,0.000030,0.000003,0.037462,0.000272,0.000004,0.000259,0.044627
44,0.015645,0.000085,0.000008,0.180708,0.000471,0.000010,0.008480,0.205425
56,0.015160,0.000053,0.000005,0.211218,0.000590,0.000009,0.003124,0.230171
47,0.008241,0.000046,0.000005,0.040455,0.000706,0.000022,0.028301,0.077787
50,0.014795,0.000065,0.000008,0.151955,0.000441,0.000011,0.006130,0.173426
108,0.006973,0.000028,0.000003,0.053616,0.000315,0.000004,0.000222,0.061162
45,0.009400,0.000052,0.000005,0.203714,0.000480,0.000008,0.004447,0.218118
43,0.008561,0.000054,0.000005,0.176425,0.000465,0.000009,0.012993,0.198523
58,0.029389,0.000064,0.000006,0.176586,0.000531,0.000011,0.040659,0.247261
48,0.015703,0.000054,0.000008,0.203380,0.000701,0.000012,0.000338,0.220202
109,0.005916,0.000029,0.000003,0.038568,0.000291,0.000004,0.000229,0.045042
47,0.014422,0.000060,0.000005,0.224034,0.000614,0.000010,0.001532,0.240687
46,0.012357,0.000058,0.000005,0.043654,0.000482,0.000010,0.004812,0.061389
57,0.011935,0.000046,0.000006,0.155473,0.000432,0.000007,0.009344,0.177247
110,0.006871,0.000031,0.000003,0.037412,0.000281,0.000004,0.000206,0.044809
111,0.005630,0.000027,0.000004,0.004683,0.000251,0.000005,0.000190,0.010790
54,0.018775,0.000053,0.000006,0.167637,0.000509,0.000008,0.001676,0.188675
112,0.006503,0.000026,0.000003,0.008610,0.000327,0.000006,0.000206,0.015684
48,0.016824,0.000090,0.000005,0.042219,0.000497,0.000008,0.001617,0.061269
54,0.008108,0.000050,0.000007,0.212275,0.000612,0.000013,0.013282,0.234358
58,0.012657,0.000049,0.000005,0.205370,0.000491,0.000008,0.009136,0.227731
51,0.022467,0.000039,0.000004,0.142984,0.000432,0.000007,0.002552,0.168493
45,0.015045,0.000069,0.000008,0.198791,0.001079,0.000037,0.006324,0.221361
49,0.012405,0.000061,0.000006,0.024545,0.000508,0.000009,0.001509,0.039052
113,0.006823,0.000035,0.000003,0.042635,0.000267,0.000004,0.000199,0.049968
53,0.013996,0.000056,0.000008,0.236197,0.008639,0.000010,0.002070,0.260985
49,0.022537,0.000094,0.000010,0.147459,0.000532,0.000009,0.000322,0.170968
57,0.025961,0.000061,0.000006,0.200865,0.000565,0.000010,0.003417,0.230895
48,0.008686,0.000049,0.000007,0.165376,0.000976,0.000028,0.037563,0.212695
46,0.010132,0.000038,0.000004,0.023352,0.000654,0.000015,0.006874,0.041081
44,0.009061,0.000049,0.000004,0.174360,0.000605,0.000014,0.020463,0.204575
59,0.015592,0.000063,0.000006,0.190892,0.000474,0.000008,0.000372,0.207412
59,0.020437,0.000051,0.000006,0.031874,0.000528,0.000013,0.009093,0.062010
114,0.007600,0.000034,0.000004,0.048162,0.000322,0.000004,0.000230,0.056357
58,0.010690,0.000050,0.000005,0.156371,0.000529,0.000007,0.001384,0.169044
47,0.019239,0.000052,0.000006,0.179057,0.000504,0.000011,0.012661,0.211542
55,0.019195,0.000060,0.000006,0.063676,0.000910,0.000024,0.038569,0.122456
115,0.006928,0.000033,0.000003,0.047045,0.000274,0.000004,0.000203,0.054492
59,0.012242,0.000051,0.000005,0.046321,0.000469,0.000006,0.001333,0.060437
116,0.006505,0.000029,0.000003,0.013201,0.000283,0.000004,0.000215,0.020241
55,0.012835,0.000050,0.000006,0.199443,0.000476,0.000008,0.001611,0.214436
47,0.016658,0.000051,0.000006,0.129752,0.000393,0.000009,0.004926,0.151805
48,0.013475,0.000060,0.000005,0.061261,0.000488,0.000011,0.005338,0.080649
52,0.020775,0.000075,0.000009,0.176928,0.000802,0.000011,0.004060,0.202676
117,0.006711,0.000030,0.000003,0.051718,0.000261,0.000005,0.000203,0.058932
58,0.013408,0.000052,0.000005,0.173537,0.000444,0.000008,0.003157,0.190621
56,0.012025,0.000076,0.000008,0.072474,0.000719,0.000016,0.017738,0.103069
49,0.008917,0.000027,0.000004,0.017960,0.000480,0.000010,0.006092,0.033501
60,0.015633,0.000077,0.000008,0.165095,0.000501,0.000012,0.008363,0.189703
54,0.014335,0.000058,0.000005,0.216443,0.000478,0.000007,0.002129,0.233464
45,0.011162,0.000057,0.000005,0.180481,0.000479,0.000007,0.015305,0.207509
118,0.006924,0.000032,0.000003,0.039670,0.000262,0.000004,0.000203,0.047099
60,0.012733,0.000052,0.000006,0.188110,0.000729,0.000013,0.000627,0.202281
50,0.014179,0.000053,0.000005,0.242388,0.000666,0.000013,0.002412,0.259726
50,0.013789,0.000057,0.000006,0.242913,0.000513,0.000010,0.000275,0.257568
46,0.009914,0.000057,0.000006,0.017690,0.000448,0.000010,0.014035,0.042172
49,0.016435,0.000090,0.000006,0.215060,0.000795,0.000017,0.028891,0.261305
60,0.009487,0.000050,0.000006,0.147192,0.000317,0.000006,0.000871,0.157934
119,0.014445,0.000034,0.000004,0.045572,0.000313,0.000004,0.000243,0.060617
51,0.023639,0.000086,0.000011,0.042593,0.000557,0.000011,0.001573,0.068477
120,0.007103,0.000034,0.000003,0.008637,0.000316,0.000004,0.000203,0.016301
51,0.022111,0.000036,0.000005,0.046695,0.000470,0.000009,0.000279,0.069608
121,0.006974,0.000033,0.000003,0.007838,0.000283,0.000004,0.000218,0.015354
122,0.006816,0.000029,0.000004,0.004401,0.000271,0.000004,0.000217,0.011744
50,0.021963,0.000064,0.000005,0.039979,0.000445,0.000009,0.025340,0.087816
56,0.012919,0.000053,0.000005,0.215055,0.000510,0.000009,0.001514,0.230073
53,0.019598,0.000058,0.000007,0.176902,0.000463,0.000007,0.002761,0.199807
123,0.006611,0.000031,0.000003,0.036789,0.000325,0.000005,0.000259,0.044026
48,0.019958,0.000050,0.000006,0.199049,0.000554,0.000012,0.004355,0.223997
57,0.012476,0.000049,0.000007,0.183756,0.000466,0.000007,0.014484,0.211257
59,0.014620,0.000053,0.000005,0.199675,0.000521,0.000010,0.003104,0.217998
124,0.007212,0.000029,0.000003,0.009765,0.000262,0.000004,0.000198,0.017476
50,0.009544,0.000055,0.000005,0.185749,0.000470,0.000010,0.004894,0.200737
55,0.014343,0.000057,0.000007,0.184558,0.000507,0.000008,0.002061,0.201551
61,0.017513,0.000065,0.000005,0.174095,0.000678,0.000012,0.000623,0.193002
61,0.009524,0.000053,0.000006,0.145272,0.000528,0.000006,0.001423,0.156819
49,0.012996,0.000054,0.000006,0.049241,0.000410,0.000005,0.003628,0.066348
61,0.016606,0.000057,0.000006,0.211826,0.000511,0.000012,0.008551,0.237582
125,0.005902,0.000029,0.000003,0.047998,0.000391,0.000004,0.000247,0.054580
51,0.009952,0.000054,0.000006,0.044321,0.000532,0.000012,0.005060,0.059944
52,0.021833,0.000063,0.000005,0.140551,0.000626,0.000010,0.010904,0.174012
126,0.007071,0.000029,0.000004,0.014009,0.000349,0.000005,0.000240,0.021710
47,0.018452,0.000063,0.000008,0.191410,0.000312,0.000007,0.013072,0.223337
62,0.029574,0.000046,0.000004,0.017109,0.000461,0.000005,0.000938,0.048144
127,0.007616,0.000032,0.000004,0.008965,0.000311,0.000004,0.000230,0.017164
63,0.019111,0.000055,0.000006,0.013287,0.000464,0.000004,0.000773,0.033704
52,0.010991,0.000050,0.000007,0.192164,0.000449,0.000007,0.000250,0.203921
58,0.010105,0.000054,0.000006,0.113738,0.000363,0.000006,0.010954,0.135235
57,0.026404,0.000065,0.000005,0.142532,0.000575,0.000009,0.001606,0.171204
54,0.006138,0.000028,0.000003,0.202172,0.000977,0.000026,0.003934,0.213291
50,0.011898,0.000048,0.000004,0.110380,0.000348,0.000006,0.004221,0.126915
60,0.014777,0.000056,0.000006,0.177086,0.000460,0.000010,0.002929,0.195335
48,0.008656,0.000051,0.000005,0.103107,0.000361,0.000005,0.011833,0.124028
62,0.018549,0.000095,0.000014,0.169238,0.000495,0.000008,0.000345,0.188748
51,0.009123,0.000055,0.000004,0.218966,0.000559,0.000012,0.029140,0.257874
56,0.013900,0.000052,0.000007,0.192321,0.000473,0.000008,0.002047,0.208816
62,0.028636,0.000061,0.000008,0.161013,0.000548,0.000010,0.008245,0.198546
52,0.013953,0.000056,0.000007,0.188318,0.000299,0.000004,0.001808,0.204450
63,0.014391,0.000055,0.000005,0.054866,0.000521,0.000010,0.000454,0.070306
59,0.007755,0.000039,0.000007,0.145050,0.000410,0.000005,0.009412,0.162687
51,0.011990,0.000041,0.000004,0.107884,0.000396,0.000005,0.003761,0.124087
53,0.018753,0.000058,0.000007,0.213205,0.000566,0.000009,0.001536,0.234140
53,0.013922,0.000052,0.000007,0.187065,0.000473,0.000008,0.000303,0.201836
53,0.008038,0.000048,0.000005,0.036546,0.000732,0.000026,0.006028,0.051432
58,0.012808,0.000052,0.000006,0.193568,0.000481,0.000009,0.001658,0.208593
49,0.006627,0.000039,0.000006,0.133574,0.000449,0.000008,0.012070,0.152780
60,0.008600,0.000040,0.000006,0.044816,0.000354,0.000006,0.009899,0.063727
55,0.012682,0.000056,0.000006,0.186632,0.000551,0.000013,0.002941,0.202888
57,0.013288,0.000083,0.000005,0.147540,0.000495,0.000008,0.002074,0.163500
54,0.026275,0.000062,0.000012,0.043981,0.000471,0.000007,0.000323,0.071134
61,0.012146,0.000043,0.000006,0.025329,0.000484,0.000012,0.016610,0.054640
50,0.006494,0.000049,0.000005,0.034029,0.000430,0.000008,0.021859,0.062883
52,0.011402,0.000081,0.000005,0.111389,0.000403,0.000005,0.003493,0.126787
52,0.010750,0.000048,0.000006,0.184403,0.000739,0.000024,0.025689,0.221673
63,0.011502,0.000035,0.000005,0.167798,0.000440,0.000011,0.008066,0.187867
61,0.020320,0.000044,0.000004,0.223928,0.000553,0.000011,0.006254,0.251132
54,0.012705,0.000053,0.000006,0.161160,0.000475,0.000009,0.001348,0.175763
62,0.015600,0.000055,0.000008,0.041207,0.000758,0.000011,0.016311,0.073964
54,0.016593,0.000058,0.000006,0.159397,0.000466,0.000008,0.004549,0.181090
55,0.014041,0.000059,0.000007,0.038399,0.000425,0.000008,0.001462,0.054408
56,0.012716,0.000054,0.000005,0.150892,0.000459,0.000010,0.002681,0.166826
53,0.011692,0.000073,0.000005,0.105364,0.000514,0.000005,0.003952,0.121628
58,0.012802,0.000053,0.000003,0.152669,0.000482,0.000010,0.001924,0.167951
55,0.013480,0.000052,0.000008,0.157612,0.000485,0.000007,0.000258,0.171907
59,0.026133,0.000053,0.000005,0.196808,0.000505,0.000010,0.001678,0.225202
51,0.011720,0.000068,0.000006,0.150925,0.000458,0.000011,0.024134,0.187341
56,0.022479,0.000063,0.000006,0.029245,0.000434,0.000008,0.000276,0.052515
57,0.015119,0.000074,0.000010,0.063922,0.000502,0.000008,0.002875,0.082521
62,0.024293,0.000057,0.000004,0.171543,0.000681,0.000014,0.004430,0.201036
53,0.009272,0.000051,0.000005,0.183827,0.000651,0.000024,0.025061,0.218900
55,0.010687,0.000055,0.000006,0.158984,0.000401,0.000009,0.003577,0.173726
58,0.011746,0.000054,0.000005,0.039123,0.000465,0.000010,0.002620,0.054032
63,0.013986,0.000054,0.000004,0.028094,0.000437,0.000007,0.003042,0.045633
54,0.010006,0.000047,0.000007,0.134961,0.000434,0.000007,0.004484,0.149955
59,0.012626,0.000051,0.000005,0.150454,0.000496,0.000012,0.002276,0.165929
63,0.014714,0.000058,0.000008,0.200988,0.000529,0.000012,0.017959,0.234284
56,0.013432,0.000053,0.000006,0.038475,0.000447,0.000008,0.004778,0.057213
56,0.012407,0.000038,0.000004,0.185879,0.000516,0.000009,0.001456,0.200316
60,0.022274,0.000053,0.000006,0.170406,0.000524,0.000012,0.001754,0.195040
52,0.012493,0.000059,0.000006,0.155430,0.000556,0.000011,0.013876,0.182441
57,0.012379,0.000047,0.000005,0.036483,0.000450,0.000008,0.004729,0.054114
61,0.016868,0.000072,0.000008,0.046282,0.000512,0.000011,0.001574,0.065337
57,0.021397,0.000050,0.000006,0.190319,0.000749,0.000014,0.000314,0.212853
59,0.008485,0.000046,0.000004,0.154271,0.000409,0.000007,0.002347,0.165592
55,0.011947,0.000050,0.000006,0.141016,0.000455,0.000006,0.003795,0.157286
54,0.009042,0.000034,0.000003,0.189439,0.000449,0.000010,0.020643,0.219631
56,0.011732,0.000048,0.000007,0.016211,0.000431,0.000008,0.004286,0.032733
57,0.016380,0.000052,0.000006,0.136778,0.000459,0.000008,0.001455,0.155147
57,0.010902,0.000047,0.000006,0.009820,0.000475,0.000008,0.004510,0.025795
53,0.009981,0.000049,0.000006,0.107418,0.000319,0.000004,0.009574,0.127361
60,0.016048,0.000060,0.000006,0.184675,0.000601,0.000013,0.002954,0.204370
58,0.014635,0.000068,0.000010,0.153582,0.000419,0.000007,0.003854,0.172583
62,0.010295,0.000046,0.000005,0.134470,0.000765,0.000011,0.002338,0.147960
58,0.015161,0.000051,0.000007,0.159605,0.000600,0.000012,0.000307,0.175747
60,0.013427,0.000057,0.000006,0.150198,0.000392,0.000008,0.002509,0.166606
55,0.010142,0.000055,0.000005,0.145270,0.000493,0.000008,0.019269,0.175252
54,0.007357,0.000041,0.000004,0.102071,0.000321,0.000004,0.011205,0.121015
61,0.012435,0.000046,0.000005,0.036758,0.000454,0.000008,0.002406,0.052121
56,0.008887,0.000048,0.000006,0.012343,0.000418,0.000008,0.020785,0.042505
58,0.013575,0.000056,0.000005,0.172619,0.000453,0.000008,0.001366,0.188088
55,0.011369,0.000052,0.000005,0.017867,0.000450,0.000008,0.015708,0.045469
58,0.012840,0.000054,0.000005,0.164858,0.000534,0.000008,0.005519,0.183827
59,0.013258,0.000046,0.000005,0.148444,0.000414,0.000008,0.004018,0.166201
61,0.015752,0.000040,0.000004,0.172182,0.000464,0.000007,0.012660,0.201122
57,0.007732,0.000045,0.000004,0.025584,0.000426,0.000008,0.018231,0.052041
63,0.017014,0.000048,0.000006,0.156651,0.000592,0.000012,0.002667,0.177000
62,0.010599,0.000047,0.000004,0.019337,0.000463,0.000009,0.001663,0.032130
64,0.017184,0.000077,0.000012,0.040363,0.000601,0.000019,0.000801,0.059068
59,0.012061,0.000048,0.000006,0.156996,0.000574,0.000011,0.000280,0.169980
58,0.010908,0.000093,0.000009,0.012872,0.000354,0.000004,0.025461,0.049714
64,0.024562,0.000067,0.000020,0.147991,0.000586,0.000007,0.004471,0.177721
62,0.012487,0.000049,0.000004,0.153210,0.000452,0.000008,0.002597,0.168817
56,0.007777,0.000038,0.000005,0.130046,0.000859,0.000013,0.024689,0.163434
59,0.015766,0.000053,0.000005,0.135894,0.000327,0.000005,0.004040,0.156099
59,0.011826,0.000051,0.000005,0.156825,0.000443,0.000008,0.001531,0.170697
60,0.010448,0.000046,0.000004,0.156067,0.000393,0.000008,0.003360,0.170334
60,0.017397,0.000060,0.000005,0.020988,0.000358,0.000006,0.001359,0.040181
65,0.018029,0.000053,0.000006,0.144567,0.000673,0.000009,0.000720,0.164064
63,0.012009,0.000052,0.000004,0.157829,0.000500,0.000008,0.002033,0.172443
59,0.012819,0.000058,0.000006,0.117309,0.000782,0.000023,0.031394,0.162401
61,0.010825,0.000049,0.000005,0.039223,0.000634,0.000007,0.001164,0.051921
60,0.021358,0.000052,0.000006,0.162562,0.000458,0.000009,0.000259,0.184708
60,0.013353,0.000069,0.000004,0.105728,0.000371,0.000006,0.003716,0.123257
65,0.014647,0.000051,0.000007,0.144424,0.000561,0.000007,0.010425,0.170134
62,0.010829,0.000046,0.000006,0.028490,0.000392,0.000005,0.001258,0.041032
63,0.009652,0.000040,0.000004,0.008295,0.000352,0.000004,0.001013,0.019366
63,0.012659,0.000055,0.000007,0.176657,0.000836,0.000033,0.006461,0.196720
57,0.010720,0.000063,0.000007,0.164372,0.000546,0.000010,0.015483,0.191213
61,0.013574,0.000050,0.000005,0.153697,0.000425,0.000008,0.004313,0.172080
60,0.010124,0.000061,0.000007,0.104833,0.000322,0.000004,0.013183,0.128543
66,0.014778,0.000060,0.000006,0.095935,0.000396,0.000004,0.003347,0.114532
61,0.011685,0.000050,0.000005,0.103674,0.000368,0.000006,0.003210,0.119004
66,0.013397,0.000050,0.000006,0.155054,0.000578,0.000011,0.000734,0.169838
61,0.014416,0.000055,0.000006,0.166011,0.000461,0.000007,0.000264,0.181224
61,0.007541,0.000038,0.000003,0.101610,0.000416,0.000005,0.013590,0.123213
62,0.023895,0.000051,0.000007,0.042157,0.000608,0.000010,0.000293,0.067026
58,0.010320,0.000086,0.000009,0.146412,0.000638,0.000013,0.015317,0.172804
62,0.010840,0.000065,0.000004,0.115291,0.000498,0.000008,0.003952,0.130668
67,0.011499,0.000041,0.000005,0.131872,0.000540,0.000008,0.003497,0.147471
62,0.014950,0.000076,0.000010,0.178999,0.000751,0.000018,0.007533,0.202348
67,0.013926,0.000044,0.000004,0.153664,0.000451,0.000005,0.000475,0.168573
62,0.006846,0.000045,0.000004,0.103575,0.000374,0.000006,0.015971,0.126828
59,0.010786,0.000061,0.000006,0.133774,0.000420,0.000008,0.013792,0.158858
68,0.011177,0.000035,0.000004,0.108078,0.000515,0.000009,0.003540,0.123372
63,0.013084,0.000049,0.000005,0.128657,0.000508,0.000007,0.004562,0.146881
63,0.023327,0.000076,0.000011,0.152479,0.000553,0.000009,0.000323,0.176788
68,0.025743,0.000056,0.000006,0.121697,0.000399,0.000009,0.000599,0.148515
69,0.014571,0.000057,0.000007,0.034712,0.000475,0.000006,0.004411,0.054245
63,0.010053,0.000038,0.000004,0.090369,0.000337,0.000006,0.013987,0.114801
63,0.012922,0.000051,0.000007,0.157266,0.000747,0.000020,0.004083,0.175104
69,0.033612,0.000053,0.000007,0.021139,0.000467,0.000011,0.000733,0.056029
70,0.012492,0.000069,0.000005,0.020324,0.000577,0.000014,0.000683,0.034169
60,0.008362,0.000050,0.000005,0.141001,0.000545,0.000011,0.013674,0.163659
70,0.019074,0.000046,0.000005,0.137661,0.000588,0.000008,0.004405,0.161803
71,0.012400,0.000046,0.000004,0.122522,0.000397,0.000007,0.000592,0.135975
61,0.009796,0.000049,0.000005,0.121809,0.000586,0.000021,0.014797,0.147076
71,0.014844,0.000055,0.000005,0.113578,0.000454,0.000007,0.004213,0.133167
62,0.010681,0.000049,0.000005,0.022387,0.000460,0.000009,0.014040,0.047642
63,0.008706,0.000047,0.000005,0.010507,0.000449,0.000008,0.014601,0.034331
72,0.012069,0.000053,0.000005,0.037450,0.000508,0.000005,0.003095,0.053192
73,0.010549,0.000041,0.000003,0.025752,0.000486,0.000009,0.004320,0.041171
72,0.012845,0.000047,0.000004,0.165310,0.000520,0.000011,0.000876,0.179622
64,0.041190,0.000092,0.000008,0.135051,0.000658,0.000009,0.028498,0.205525
74,0.013053,0.000060,0.000009,0.150950,0.000922,0.000018,0.006551,0.171571
73,0.024907,0.000074,0.000007,0.139050,0.000509,0.000012,0.000879,0.165445
74,0.018348,0.000045,0.000005,0.033892,0.000414,0.000008,0.000839,0.053561
65,0.028100,0.000075,0.000008,0.150742,0.001140,0.000012,0.011397,0.191484
75,0.023222,0.000054,0.000006,0.150845,0.000440,0.000007,0.004340,0.178921
64,0.025051,0.000055,0.000007,0.113917,0.000512,0.000008,0.007173,0.146742
75,0.023581,0.000060,0.000005,0.131421,0.000468,0.000012,0.000828,0.156383
66,0.026279,0.000066,0.000009,0.135406,0.000580,0.000018,0.010897,0.173264
64,0.018382,0.000069,0.000009,0.111911,0.000497,0.000007,0.000970,0.131857
65,0.020617,0.000052,0.000005,0.100678,0.000358,0.000005,0.005977,0.127700
76,0.011385,0.000049,0.000006,0.145554,0.000451,0.000008,0.003786,0.161249
64,0.030570,0.000102,0.000024,0.126196,0.000574,0.000009,0.000365,0.157848
76,0.014537,0.000062,0.000006,0.142832,0.000394,0.000005,0.000499,0.158338
65,0.012495,0.000045,0.000005,0.043066,0.000592,0.000007,0.000991,0.057207
65,0.012630,0.000052,0.000007,0.033930,0.000432,0.000007,0.000325,0.047386
64,0.018581,0.000072,0.000007,0.164102,0.000596,0.000009,0.008090,0.191477
66,0.010287,0.000044,0.000005,0.121317,0.000542,0.000010,0.008291,0.140505
67,0.024966,0.000050,0.000005,0.138764,0.000421,0.000006,0.010985,0.175210
77,0.015471,0.000039,0.000004,0.102472,0.000409,0.000007,0.000493,0.118900
66,0.010384,0.000046,0.000005,0.119114,0.000431,0.000006,0.000938,0.130930
77,0.014317,0.000055,0.000004,0.158922,0.000501,0.000010,0.004954,0.178772
78,0.010752,0.000045,0.000005,0.052708,0.000429,0.000007,0.000485,0.064436
68,0.029745,0.000062,0.000005,0.034162,0.000557,0.000009,0.012223,0.076775
66,0.018667,0.000054,0.000009,0.152703,0.000577,0.000009,0.000300,0.172324
67,0.011583,0.000048,0.000005,0.118703,0.000567,0.000010,0.010521,0.141452
65,0.025884,0.000071,0.000006,0.138829,0.000484,0.000008,0.006683,0.171979
67,0.009883,0.000041,0.000005,0.117904,0.000418,0.000007,0.000781,0.129043
68,0.023332,0.000047,0.000006,0.012211,0.000452,0.000008,0.007014,0.043080
79,0.010776,0.000041,0.000004,0.101783,0.000569,0.000013,0.000809,0.114006
68,0.012060,0.000055,0.000005,0.017905,0.000433,0.000007,0.001021,0.031492
67,0.013565,0.000046,0.000007,0.121307,0.000506,0.000011,0.000273,0.135718
69,0.018099,0.000053,0.000005,0.030613,0.000474,0.000009,0.007792,0.057058
69,0.017313,0.000046,0.000006,0.120544,0.000459,0.000010,0.009693,0.148083
78,0.015300,0.000096,0.000011,0.179081,0.000461,0.000009,0.004618,0.199586
69,0.011416,0.000050,0.000005,0.046033,0.000453,0.000008,0.000915,0.058884
80,0.023667,0.000060,0.000005,0.038965,0.000495,0.000010,0.000742,0.063953
66,0.012816,0.000057,0.000004,0.179074,0.000463,0.000009,0.006899,0.199335
81,0.010890,0.000047,0.000005,0.086298,0.000354,0.000005,0.000490,0.098091
70,0.011952,0.000066,0.000005,0.149948,0.000533,0.000010,0.007287,0.169810
68,0.014950,0.000058,0.000006,0.159900,0.000432,0.000007,0.000266,0.175622
70,0.020824,0.000050,0.000004,0.143558,0.000546,0.000008,0.010950,0.175954
79,0.022324,0.000067,0.000008,0.167320,0.000466,0.000007,0.004596,0.194798
70,0.039794,0.000056,0.000005,0.144262,0.000478,0.000006,0.001121,0.185727
69,0.011996,0.000038,0.000006,0.045480,0.000383,0.000005,0.000269,0.058180
71,0.010306,0.000046,0.000004,0.112426,0.000515,0.000008,0.007316,0.130632
71,0.020955,0.000049,0.000004,0.092846,0.000383,0.000005,0.007631,0.121883
82,0.021529,0.000047,0.000006,0.162819,0.000473,0.000006,0.000667,0.185556
67,0.013334,0.000062,0.000005,0.182750,0.000522,0.000010,0.006589,0.203281
70,0.009601,0.000040,0.000005,0.097092,0.000334,0.000004,0.000196,0.107273
64,0.803041,0.000148,0.000009,0.159558,0.000889,0.000011,0.015047,0.978726
83,0.010617,0.000046,0.000005,0.029527,0.000329,0.000004,0.000414,0.040944
71,0.010312,0.000044,0.000005,0.147981,0.000438,0.000006,0.000943,0.159733
80,0.013573,0.000052,0.000005,0.176749,0.000398,0.000006,0.004863,0.195656
84,0.010109,0.000043,0.000004,0.040316,0.000722,0.000011,0.000888,0.052106
72,0.016341,0.000049,0.000005,0.085975,0.000569,0.000012,0.011092,0.114052
72,0.012355,0.000054,0.000005,0.117699,0.000370,0.000005,0.006108,0.136603
73,0.010716,0.000048,0.000005,0.008998,0.000482,0.000008,0.007535,0.027803
71,0.011505,0.000062,0.000006,0.113721,0.000368,0.000005,0.000238,0.125908
65,0.013693,0.000066,0.000007,0.153861,0.000947,0.000019,0.015648,0.184255
72,0.013486,0.000053,0.000004,0.141969,0.000410,0.000006,0.001094,0.157030
68,0.012867,0.000060,0.000005,0.184937,0.000956,0.000027,0.009129,0.207996
81,0.035631,0.000058,0.000004,0.157987,0.000449,0.000006,0.003186,0.197328
72,0.018081,0.000038,0.000005,0.119528,0.000390,0.000007,0.000268,0.138320
85,0.014139,0.000063,0.000007,0.178451,0.000474,0.000006,0.000808,0.193961
73,0.024687,0.000055,0.000006,0.160636,0.000450,0.000005,0.008664,0.194512
64,0.023820,0.000084,0.000010,0.171592,0.000621,0.000013,0.004252,0.200412
74,0.011538,0.000045,0.000004,0.156466,0.000800,0.000016,0.009523,0.178416
74,0.023651,0.000073,0.000010,0.027502,0.000477,0.000010,0.009913,0.061645
73,0.011868,0.000056,0.000004,0.136376,0.000491,0.000007,0.001030,0.149838
69,0.012003,0.000062,0.000006,0.135479,0.000583,0.000009,0.012502,0.160660
64,0.019635,0.000102,0.000007,0.028374,0.000565,0.000010,0.001963,0.050677
74,0.013439,0.000047,0.000005,0.027658,0.000441,0.000006,0.000952,0.042554
66,0.013639,0.000058,0.000005,0.176702,0.000630,0.000013,0.014695,0.205754
65,0.012534,0.000052,0.000006,0.012326,0.000430,0.000006,0.001828,0.027194
70,0.012067,0.000053,0.000004,0.026028,0.000433,0.000009,0.006339,0.044947
73,0.017493,0.000036,0.000006,0.138896,0.000397,0.000006,0.000232,0.157068
66,0.015537,0.000048,0.000005,0.016576,0.000398,0.000007,0.001568,0.034151
82,0.013572,0.000064,0.000004,0.168011,0.000429,0.000008,0.004299,0.186395
65,0.013022,0.000051,0.000005,0.140373,0.000478,0.000010,0.003417,0.157370
86,0.016646,0.000052,0.000005,0.167369,0.000499,0.000009,0.000776,0.185364
67,0.015160,0.000096,0.000009,0.032589,0.000685,0.000011,0.014654,0.063216
75,0.012149,0.000043,0.000006,0.139323,0.000596,0.000011,0.007600,0.159739
75,0.010245,0.000046,0.000005,0.111553,0.000412,0.000006,0.000869,0.123141
75,0.020978,0.000057,0.000006,0.151067,0.000491,0.000010,0.010847,0.183466
87,0.015930,0.000098,0.000007,0.050544,0.000437,0.000008,0.000689,0.067720
67,0.014949,0.000043,0.000005,0.101104,0.000396,0.000007,0.003806,0.120320
74,0.016436,0.000036,0.000006,0.126061,0.000411,0.000006,0.000251,0.143211
76,0.020285,0.000053,0.000005,0.025480,0.000427,0.000006,0.009758,0.056028
71,0.012039,0.000061,0.000004,0.155970,0.000490,0.000007,0.014497,0.183083
68,0.012076,0.000040,0.000005,0.117615,0.000459,0.000009,0.012736,0.142950
77,0.021528,0.000057,0.000005,0.012629,0.000576,0.000007,0.011067,0.045880
68,0.011831,0.000050,0.000004,0.045484,0.000525,0.000009,0.001906,0.059822
83,0.013086,0.000049,0.000005,0.167136,0.000446,0.000006,0.004552,0.185289
72,0.013749,0.000057,0.000006,0.020212,0.000489,0.000008,0.007254,0.041788
66,0.013059,0.000049,0.000004,0.167861,0.000556,0.000011,0.003774,0.185327
76,0.012021,0.000045,0.000006,0.196575,0.000735,0.000012,0.008982,0.218401
76,0.011707,0.000041,0.000004,0.155126,0.000534,0.000011,0.001373,0.168811
88,0.011138,0.000052,0.000006,0.163236,0.000481,0.000011,0.000791,0.175721
78,0.016711,0.000055,0.000005,0.096546,0.000430,0.000004,0.007139,0.120903
75,0.012460,0.000071,0.000007,0.170349,0.000566,0.000010,0.000375,0.183843
69,0.012026,0.000055,0.000006,0.131308,0.000519,0.000012,0.002503,0.146442
76,0.018458,0.000039,0.000006,0.038184,0.000586,0.000012,0.000372,0.057664
69,0.015389,0.000053,0.000005,0.184762,0.000539,0.000010,0.012507,0.213278
67,0.018285,0.000091,0.000007,0.155055,0.000463,0.000007,0.002718,0.176637
79,0.021131,0.000052,0.000006,0.050518,0.000412,0.000005,0.005370,0.077503
73,0.010804,0.000054,0.000005,0.190728,0.000516,0.000009,0.006445,0.208579
77,0.012412,0.000054,0.000005,0.134027,0.000502,0.000010,0.010853,0.157872
84,0.023097,0.000091,0.000012,0.201797,0.000764,0.000011,0.006852,0.232660
77,0.015752,0.000057,0.000007,0.176322,0.000420,0.000008,0.001102,0.193676
89,0.015980,0.000061,0.000006,0.176792,0.000404,0.000004,0.000612,0.193862
74,0.021429,0.000065,0.000009,0.047584,0.000434,0.000008,0.006629,0.076173
85,0.025737,0.000054,0.000006,0.030066,0.000669,0.000012,0.007229,0.063783
80,0.039847,0.000066,0.000007,0.105760,0.000452,0.000008,0.007508,0.153658
70,0.013937,0.000073,0.000007,0.198448,0.000449,0.000008,0.001500,0.214433
75,0.020483,0.000060,0.000006,0.036399,0.000519,0.000010,0.007746,0.065235
77,0.014366,0.000054,0.000007,0.161713,0.000739,0.000010,0.000383,0.177280
68,0.014122,0.000064,0.000006,0.173079,0.000459,0.000009,0.002971,0.190725
70,0.013338,0.000048,0.000006,0.175598,0.000485,0.000008,0.011880,0.201372
78,0.020704,0.000053,0.000006,0.019853,0.000500,0.000009,0.000336,0.041466
69,0.011879,0.000048,0.000005,0.020713,0.000319,0.000005,0.003404,0.036390
78,0.010365,0.000086,0.000011,0.188039,0.000530,0.000008,0.007519,0.206569
90,0.012315,0.000046,0.000006,0.145916,0.000466,0.000007,0.000823,0.159587
78,0.020421,0.000111,0.000015,0.176936,0.000504,0.000007,0.001080,0.199082
81,0.018908,0.000043,0.000005,0.066496,0.000478,0.000006,0.010485,0.096435
70,0.014406,0.000050,0.000005,0.061374,0.000483,0.000009,0.002953,0.079293
86,0.021176,0.000054,0.000007,0.174925,0.000600,0.000012,0.005817,0.202605
71,0.011481,0.000044,0.000004,0.138965,0.000364,0.000005,0.001388,0.152259
71,0.013389,0.000053,0.000005,0.165103,0.000479,0.000008,0.013250,0.192297
91,0.013611,0.000053,0.000005,0.146777,0.000402,0.000005,0.000562,0.161419
76,0.021172,0.000052,0.000006,0.209490,0.000729,0.000009,0.007995,0.239482
82,0.029384,0.000071,0.000007,0.111418,0.000505,0.000011,0.009257,0.150664
79,0.011456,0.000050,0.000006,0.161339,0.000491,0.000010,0.007351,0.180713
92,0.009588,0.000045,0.000005,0.018785,0.000418,0.000006,0.000513,0.029364
79,0.028232,0.000053,0.000007,0.202814,0.000591,0.000010,0.000349,0.232059
72,0.014032,0.000057,0.000006,0.051062,0.000494,0.000007,0.012988,0.078659
64,0.037894,0.000085,0.000008,0.191131,0.000654,0.000009,0.000476,0.230266
79,0.013226,0.000049,0.000005,0.226102,0.000814,0.000034,0.003100,0.243344
72,0.013599,0.000057,0.000007,0.177632,0.000415,0.000006,0.001865,0.193594
87,0.032240,0.000059,0.000006,0.173141,0.000398,0.000004,0.004627,0.210487
71,0.014164,0.000049,0.000004,0.212859,0.000612,0.000012,0.003371,0.231091
65,0.025207,0.000056,0.000005,0.052184,0.000495,0.000009,0.000325,0.078284
80,0.012482,0.000057,0.000006,0.152517,0.000426,0.000008,0.007211,0.172717
83,0.018859,0.000050,0.000006,0.131816,0.000928,0.000024,0.025274,0.176972
77,0.012558,0.000052,0.000005,0.165213,0.000442,0.000008,0.006302,0.184590
93,0.015872,0.000071,0.000007,0.181259,0.000404,0.000005,0.000567,0.198189
66,0.013242,0.000055,0.000005,0.038053,0.000471,0.000010,0.000327,0.052168
78,0.014008,0.000053,0.000005,0.033312,0.000597,0.000009,0.007267,0.055261
73,0.013508,0.000051,0.000006,0.166698,0.000483,0.000007,0.012028,0.192792
80,0.012496,0.000048,0.000006,0.152236,0.000487,0.000010,0.000987,0.166276
73,0.013130,0.000057,0.000005,0.164000,0.000536,0.000014,0.002576,0.180329
80,0.024628,0.000064,0.000007,0.240428,0.000561,0.000012,0.000359,0.266066
84,0.028960,0.000052,0.000005,0.101009,0.000480,0.000007,0.009057,0.139581
81,0.021373,0.000060,0.000004,0.040792,0.000535,0.000009,0.000920,0.063701
72,0.015109,0.000053,0.000007,0.182487,0.000378,0.000008,0.002800,0.200850
94,0.011592,0.000040,0.000005,0.111433,0.000395,0.000005,0.000541,0.124016
88,0.015867,0.000063,0.000006,0.221033,0.000508,0.000007,0.005643,0.243138
67,0.012571,0.000054,0.000005,0.141192,0.000524,0.000011,0.000345,0.154708
81,0.025461,0.000082,0.000010,0.172924,0.000485,0.000010,0.008494,0.207476
74,0.013663,0.000057,0.000008,0.113831,0.000343,0.000005,0.001358,0.129274
79,0.013068,0.000056,0.000005,0.154806,0.000504,0.000011,0.007004,0.175466
74,0.013065,0.000053,0.000005,0.172584,0.000488,0.000010,0.011761,0.197977
85,0.030040,0.000059,0.000006,0.104554,0.000435,0.000008,0.008937,0.144048
82,0.010626,0.000049,0.000005,0.156576,0.000440,0.000008,0.000853,0.168564
68,0.017605,0.000068,0.000007,0.100644,0.000371,0.000006,0.000305,0.119009
73,0.012718,0.000058,0.000005,0.147576,0.000436,0.000008,0.003455,0.164265
89,0.019828,0.000057,0.000006,0.117679,0.000345,0.000004,0.003348,0.141275
64,0.023992,0.000093,0.000012,0.174794,0.000755,0.000019,0.001889,0.201574
81,0.023916,0.000047,0.000006,0.218974,0.000581,0.000011,0.000338,0.243877
75,0.014023,0.000102,0.000013,0.136567,0.000536,0.000015,0.002061,0.153330
95,0.024693,0.000058,0.000005,0.207956,0.000840,0.000012,0.000940,0.234527
82,0.013848,0.000060,0.000006,0.175609,0.000500,0.000009,0.008234,0.198277
80,0.012582,0.000060,0.000005,0.176497,0.000555,0.000009,0.007756,0.197476
86,0.020898,0.000054,0.000006,0.125318,0.000686,0.000018,0.009244,0.156251
76,0.014962,0.000056,0.000008,0.035878,0.000572,0.000014,0.002473,0.053982
83,0.011409,0.000051,0.000005,0.017106,0.000427,0.000007,0.008293,0.037307
75,0.019611,0.000082,0.000015,0.144520,0.000477,0.000007,0.010978,0.175700
90,0.010903,0.000049,0.000004,0.143042,0.000532,0.000007,0.004424,0.158971
69,0.010973,0.000040,0.000005,0.163606,0.000520,0.000014,0.000363,0.175526
74,0.011903,0.000051,0.000007,0.181847,0.000508,0.000009,0.003324,0.197661
83,0.011530,0.000045,0.000004,0.186160,0.000502,0.000010,0.000941,0.199205
76,0.013086,0.000053,0.000005,0.050780,0.000597,0.000012,0.020848,0.085396
70,0.017739,0.000060,0.000007,0.025480,0.000926,0.000031,0.000709,0.044966
65,0.012899,0.000055,0.000007,0.172657,0.000638,0.000011,0.002037,0.188314
77,0.014786,0.000051,0.000005,0.115995,0.000556,0.000013,0.001755,0.133171
96,0.015185,0.000048,0.000006,0.170825,0.000541,0.000012,0.000752,0.187375
87,0.013008,0.000054,0.000007,0.138581,0.000464,0.000008,0.009313,0.161445
81,0.011552,0.000050,0.000004,0.160758,0.000437,0.000007,0.006157,0.178976
82,0.020485,0.000068,0.000011,0.239020,0.001211,0.000021,0.000749,0.261589
97,0.021600,0.000052,0.000006,0.020731,0.000513,0.000011,0.000781,0.043705
84,0.021398,0.000053,0.000005,0.188279,0.000535,0.000009,0.008567,0.218856
91,0.011717,0.000047,0.000006,0.195228,0.000567,0.000010,0.005244,0.212833
84,0.014133,0.000054,0.000007,0.162038,0.000662,0.000015,0.001281,0.178198
78,0.012153,0.000057,0.000006,0.110154,0.000414,0.000005,0.001542,0.124343
82,0.014323,0.000054,0.000004,0.064705,0.000534,0.000009,0.007066,0.086706
75,0.012476,0.000050,0.000005,0.187276,0.000459,0.000009,0.003007,0.203298
88,0.021058,0.000054,0.000005,0.091749,0.000573,0.000011,0.011580,0.125045
71,0.014116,0.000053,0.000007,0.169542,0.000600,0.000008,0.000402,0.184739
83,0.014117,0.000057,0.000005,0.024492,0.000492,0.000009,0.007629,0.046812
85,0.017402,0.000090,0.000011,0.044045,0.000456,0.000008,0.000992,0.063012
76,0.012646,0.000051,0.000005,0.026264,0.000423,0.000009,0.002995,0.042406
77,0.017277,0.000056,0.000005,0.204992,0.000764,0.000014,0.019038,0.242173
66,0.029019,0.000066,0.000006,0.201630,0.000621,0.000013,0.001876,0.233240
92,0.015395,0.000084,0.000012,0.101849,0.000391,0.000005,0.003770,0.121513
84,0.014815,0.000100,0.000012,0.037150,0.000710,0.000016,0.013091,0.065906
78,0.013537,0.000060,0.000007,0.031814,0.000547,0.000012,0.012869,0.058860
79,0.010473,0.000043,0.000004,0.125445,0.000363,0.000006,0.001631,0.137976
98,0.014727,0.000055,0.000005,0.185354,0.000373,0.000005,0.000603,0.201126
89,0.029853,0.000129,0.000013,0.085861,0.000345,0.000004,0.007223,0.123438
83,0.018309,0.000055,0.000017,0.203515,0.000582,0.000011,0.000326,0.222822
79,0.010850,0.000049,0.000006,0.026331,0.000435,0.000008,0.010613,0.048300
72,0.018921,0.000080,0.000019,0.142783,0.000508,0.000008,0.000362,0.162685
85,0.029374,0.000104,0.000011,0.200120,0.000580,0.000011,0.007731,0.237942
86,0.010820,0.000045,0.000005,0.135491,0.000877,0.000021,0.002225,0.149495
93,0.009554,0.000039,0.000004,0.098978,0.000391,0.000004,0.002983,0.111963
77,0.018198,0.000052,0.000004,0.144182,0.000647,0.000013,0.007796,0.170908
90,0.017897,0.000054,0.000007,0.062499,0.000425,0.000004,0.006042,0.086941
67,0.018922,0.000053,0.000009,0.136807,0.000541,0.000011,0.001637,0.157989
99,0.010433,0.000038,0.000004,0.098459,0.000352,0.000004,0.000486,0.109780
80,0.011016,0.000045,0.000005,0.102091,0.000364,0.000005,0.001635,0.115172
73,0.016813,0.000088,0.000016,0.054632,0.000701,0.000016,0.000475,0.072748
85,0.012896,0.000057,0.000005,0.139763,0.000480,0.000010,0.005772,0.158996
81,0.011787,0.000060,0.000005,0.028095,0.000402,0.000006,0.001628,0.041993
86,0.021092,0.000062,0.000006,0.106326,0.000393,0.000005,0.006847,0.134740
82,0.010535,0.000042,0.000005,0.024787,0.000368,0.000006,0.001507,0.037257
91,0.018763,0.000052,0.000006,0.087827,0.000364,0.000004,0.007936,0.114960
84,0.020607,0.000056,0.000008,0.186292,0.000507,0.000010,0.000334,0.207817
100,0.018441,0.000042,0.000004,0.103160,0.000379,0.000005,0.000556,0.122594
87,0.008983,0.000037,0.000004,0.029558,0.000363,0.000004,0.005648,0.044604
94,0.012048,0.000050,0.000006,0.142955,0.000458,0.000008,0.004839,0.160374
80,0.012809,0.000049,0.000006,0.184073,0.000491,0.000009,0.011351,0.208797
87,0.013340,0.000049,0.000004,0.168206,0.001301,0.000031,0.002516,0.185462
92,0.019956,0.000048,0.000004,0.026418,0.000386,0.000005,0.006410,0.053233
86,0.012917,0.000046,0.000004,0.113040,0.000444,0.000006,0.005869,0.132335
78,0.017007,0.000061,0.000006,0.156575,0.000433,0.000008,0.003601,0.177703
68,0.014331,0.000057,0.000009,0.168093,0.000613,0.000014,0.001806,0.184933
74,0.014374,0.000060,0.000006,0.149817,0.000599,0.000008,0.000338,0.165211
83,0.008924,0.000037,0.000004,0.107712,0.000402,0.000006,0.001525,0.118619
101,0.019055,0.000043,0.000005,0.125705,0.000465,0.000007,0.000526,0.145814
85,0.022181,0.000074,0.000010,0.140742,0.000358,0.000005,0.000219,0.163591
88,0.014954,0.000042,0.000005,0.126534,0.000371,0.000005,0.006309,0.148229
88,0.012006,0.000050,0.000005,0.132670,0.000643,0.000012,0.001003,0.146398
79,0.015420,0.000060,0.000009,0.132955,0.000347,0.000005,0.002397,0.151204
93,0.017528,0.000042,0.000005,0.137680,0.000499,0.000008,0.009739,0.165512
87,0.010923,0.000046,0.000005,0.147016,0.000481,0.000009,0.006890,0.165380
84,0.011054,0.000043,0.000004,0.113035,0.000336,0.000005,0.001302,0.125787
69,0.018694,0.000049,0.000007,0.130819,0.000501,0.000009,0.001394,0.151483
95,0.020247,0.000053,0.000004,0.165637,0.000829,0.000020,0.005166,0.191968
89,0.021940,0.000089,0.000012,0.019202,0.000610,0.000011,0.000846,0.042716
75,0.013685,0.000054,0.000005,0.147888,0.000439,0.000007,0.000366,0.162448
86,0.023756,0.000062,0.000009,0.042596,0.000466,0.000007,0.000242,0.067141
81,0.012690,0.000052,0.000006,0.191493,0.000493,0.000008,0.012473,0.217229
76,0.013548,0.000052,0.000005,0.013184,0.000394,0.000007,0.000341,0.027537
94,0.011959,0.000048,0.000004,0.036416,0.000474,0.000009,0.009823,0.058741
102,0.014186,0.000043,0.000004,0.102739,0.000359,0.000005,0.000531,0.117872
77,0.013601,0.000050,0.000006,0.018355,0.000406,0.000007,0.000335,0.032765
88,0.015733,0.000100,0.000010,0.060505,0.000444,0.000007,0.006719,0.083529
85,0.017882,0.000068,0.000006,0.098167,0.000487,0.000006,0.001576,0.118216
89,0.010704,0.000052,0.000005,0.021137,0.000429,0.000007,0.005666,0.038009
89,0.010473,0.000047,0.000005,0.164677,0.000475,0.000009,0.008021,0.183715
87,0.010014,0.000039,0.000006,0.102305,0.000446,0.000008,0.000271,0.113094
96,0.012356,0.000053,0.000006,0.138712,0.000466,0.000009,0.005086,0.156699
103,0.010718,0.000039,0.000005,0.105074,0.000374,0.000005,0.000539,0.116758
88,0.019678,0.000039,0.000006,0.031501,0.000386,0.000005,0.000222,0.051840
80,0.011503,0.000050,0.000006,0.188503,0.000578,0.000010,0.007221,0.207901
90,0.020897,0.000049,0.000005,0.032151,0.000443,0.000009,0.007959,0.061522
70,0.019022,0.000092,0.000014,0.178088,0.000440,0.000008,0.001327,0.199001
90,0.030517,0.000114,0.000010,0.156624,0.000448,0.000007,0.000882,0.188609
86,0.010019,0.000040,0.000003,0.084488,0.000326,0.000005,0.001492,0.096382
97,0.029533,0.000067,0.000007,0.020246,0.000438,0.000011,0.005024,0.055337
82,0.015266,0.000051,0.000007,0.168135,0.000477,0.000007,0.012562,0.196517
95,0.019491,0.000049,0.000005,0.154452,0.000470,0.000007,0.014742,0.189228
78,0.013192,0.000049,0.000006,0.154918,0.000459,0.000006,0.000295,0.168927
81,0.014739,0.000075,0.000006,0.049442,0.000540,0.000011,0.002893,0.067716
90,0.012313,0.000074,0.000006,0.137290,0.000498,0.000007,0.006451,0.156649
89,0.017360,0.000051,0.000006,0.107873,0.000356,0.000005,0.000226,0.125879
87,0.010481,0.000040,0.000004,0.099673,0.000340,0.000004,0.001353,0.111905
91,0.012685,0.000053,0.000005,0.130347,0.000333,0.000005,0.000754,0.144187
90,0.011926,0.000044,0.000005,0.025407,0.000385,0.000004,0.000228,0.038002
104,0.023266,0.000052,0.000005,0.151043,0.000466,0.000008,0.000662,0.175507
71,0.012232,0.000046,0.000007,0.165371,0.000649,0.000011,0.001555,0.179880
91,0.014915,0.000045,0.000006,0.162186,0.000438,0.000007,0.007550,0.185159
98,0.021781,0.000055,0.000004,0.148840,0.000420,0.000005,0.005040,0.176158
79,0.016350,0.000065,0.000009,0.139299,0.000783,0.000023,0.000526,0.157064
83,0.012720,0.000049,0.000005,0.158876,0.000434,0.000009,0.012076,0.184177
96,0.012123,0.000045,0.000005,0.146026,0.000468,0.000009,0.009518,0.168203
82,0.010670,0.000039,0.000005,0.146426,0.000441,0.000008,0.002650,0.160251
72,0.026853,0.000047,0.000007,0.042906,0.000465,0.000011,0.001275,0.071571
92,0.009600,0.000038,0.000005,0.107246,0.000330,0.000005,0.000852,0.118081
88,0.010055,0.000039,0.000004,0.113492,0.000360,0.000004,0.001372,0.125337
91,0.018512,0.000042,0.000007,0.093827,0.000320,0.000004,0.000272,0.112986
97,0.021548,0.000048,0.000005,0.030398,0.000528,0.000007,0.010849,0.063390
91,0.012764,0.000052,0.000005,0.181860,0.000460,0.000008,0.006037,0.201211
92,0.011947,0.000050,0.000006,0.125646,0.000602,0.000024,0.011182,0.149468
105,0.013110,0.000051,0.000006,0.179818,0.000541,0.000010,0.000828,0.194372
93,0.013453,0.000055,0.000007,0.017843,0.000485,0.000011,0.008235,0.040101
84,0.012295,0.000050,0.000005,0.155585,0.000587,0.000011,0.019113,0.187667
80,0.014556,0.000078,0.000009,0.192832,0.000454,0.000008,0.000515,0.208458
98,0.010851,0.000049,0.000006,0.118464,0.000383,0.000004,0.008066,0.137832
99,0.021573,0.000051,0.000005,0.199473,0.000638,0.000011,0.005730,0.227491
94,0.013235,0.000086,0.000012,0.022453,0.000966,0.000026,0.010878,0.047663
83,0.014020,0.000053,0.000007,0.186576,0.000454,0.000009,0.003541,0.204672
93,0.024865,0.000093,0.000011,0.142590,0.000431,0.000008,0.000951,0.168954
92,0.011399,0.000048,0.000006,0.157700,0.000502,0.000012,0.006370,0.176047
89,0.016506,0.000053,0.000007,0.169371,0.000522,0.000014,0.002178,0.188662
73,0.011881,0.000049,0.000006,0.184592,0.000480,0.000009,0.001265,0.198289
99,0.017739,0.000038,0.000004,0.029545,0.000377,0.000005,0.008810,0.056525
92,0.026792,0.000062,0.000007,0.153655,0.000418,0.000007,0.000286,0.181231
94,0.024799,0.000053,0.000005,0.027226,0.000435,0.000009,0.001027,0.053563
90,0.016050,0.000066,0.000007,0.016445,0.000530,0.000013,0.001900,0.035018
95,0.014420,0.000102,0.000008,0.019068,0.000509,0.000009,0.000969,0.035091
106,0.014722,0.000056,0.000005,0.187115,0.000509,0.000009,0.000787,0.203210
81,0.013577,0.000049,0.000006,0.141931,0.000421,0.000009,0.000430,0.156431
100,0.015135,0.000041,0.000005,0.080619,0.000329,0.000004,0.007464,0.103604
85,0.013014,0.000055,0.000005,0.153569,0.001315,0.000025,0.018292,0.186303
82,0.010540,0.000045,0.000006,0.014567,0.000423,0.000008,0.000357,0.025951
100,0.014433,0.000049,0.000005,0.168431,0.000617,0.000011,0.004678,0.188250
84,0.014449,0.000055,0.000007,0.168065,0.000521,0.000009,0.003010,0.186126
95,0.017381,0.000083,0.000011,0.176106,0.000833,0.000015,0.009905,0.204366
86,0.012867,0.000052,0.000005,0.027867,0.000537,0.000011,0.016745,0.058097
91,0.012650,0.000046,0.000007,0.131169,0.000402,0.000007,0.001721,0.146012
93,0.013626,0.000055,0.000007,0.185471,0.000444,0.000009,0.007296,0.206920
74,0.012261,0.000049,0.000007,0.180694,0.000529,0.000009,0.001333,0.194893
93,0.016176,0.000064,0.000007,0.172462,0.000473,0.000009,0.000284,0.189479
101,0.013675,0.000054,0.000006,0.042499,0.000435,0.000008,0.004708,0.061394
96,0.019462,0.000063,0.000010,0.039746,0.000454,0.000009,0.007863,0.067617
96,0.012307,0.000049,0.000004,0.164606,0.000466,0.000009,0.000986,0.178435
101,0.017427,0.000047,0.000003,0.112971,0.000393,0.000028,0.008872,0.139752
107,0.020958,0.000069,0.000005,0.177613,0.000494,0.000009,0.000673,0.199830
83,0.012362,0.000051,0.000006,0.153937,0.000496,0.000010,0.000429,0.167296
87,0.014529,0.000056,0.000006,0.139337,0.000430,0.000008,0.013174,0.167549
92,0.012966,0.000055,0.000005,0.159145,0.000397,0.000008,0.001820,0.174406
85,0.012701,0.000046,0.000006,0.179497,0.001087,0.000037,0.008028,0.201418
75,0.013747,0.000044,0.000006,0.150578,0.000505,0.000010,0.001485,0.166385
108,0.013861,0.000055,0.000006,0.058061,0.000634,0.000012,0.001158,0.073800
102,0.012991,0.000048,0.000007,0.153960,0.000412,0.000007,0.003557,0.170989
94,0.013466,0.000051,0.000006,0.165979,0.000427,0.000007,0.000304,0.180245
97,0.012020,0.000048,0.000005,0.137034,0.000405,0.000008,0.008146,0.157679
102,0.017606,0.000046,0.000004,0.104916,0.000965,0.000023,0.016805,0.140375
88,0.013970,0.000052,0.000005,0.021462,0.000582,0.000011,0.015163,0.051257
97,0.017916,0.000047,0.000005,0.129428,0.000315,0.000004,0.000664,0.148384
94,0.013557,0.000065,0.000005,0.184671,0.000747,0.000012,0.007214,0.206299
76,0.012597,0.000046,0.000007,0.026677,0.000423,0.000007,0.001305,0.041070
64,0.017937,0.000073,0.000008,0.161639,0.000630,0.000009,0.006911,0.187238
84,0.012343,0.000050,0.000005,0.144164,0.000750,0.000029,0.000828,0.158182
89,0.020624,0.000052,0.000005,0.034884,0.000508,0.000008,0.011926,0.068020
65,0.012238,0.000050,0.000006,0.017703,0.000445,0.000010,0.010749,0.041209
103,0.011955,0.000044,0.000004,0.099418,0.000372,0.000007,0.003353,0.115161
98,0.011383,0.000044,0.000004,0.100675,0.000420,0.000005,0.000722,0.113260
86,0.016777,0.000050,0.000005,0.152777,0.000450,0.000009,0.003211,0.173295
93,0.017683,0.000061,0.000008,0.169243,0.000490,0.000009,0.001929,0.189433
104,0.017889,0.000043,0.000004,0.050647,0.000387,0.000005,0.003430,0.072415
99,0.011158,0.000054,0.000004,0.048282,0.000430,0.000005,0.000766,0.060705
109,0.017681,0.000107,0.000008,0.191120,0.000639,0.000027,0.001156,0.210747
95,0.013160,0.000055,0.000006,0.164239,0.000546,0.000010,0.008814,0.186845
66,0.012400,0.000056,0.000004,0.108118,0.000415,0.000009,0.004413,0.125423
95,0.017597,0.000046,0.000007,0.185444,0.000477,0.000009,0.000267,0.203854
98,0.012058,0.000059,0.000006,0.176921,0.000997,0.000020,0.015931,0.206005
77,0.012517,0.000057,0.000007,0.172121,0.000521,0.000012,0.001396,0.186640
103,0.020698,0.000050,0.000006,0.171206,0.000514,0.000008,0.011887,0.204380
85,0.014126,0.000051,0.000006,0.127955,0.000437,0.000010,0.000365,0.142955
67,0.010959,0.000046,0.000004,0.011325,0.000358,0.000005,0.005010,0.027716
96,0.013873,0.000052,0.000015,0.024575,0.000882,0.000025,0.000502,0.039933
110,0.015588,0.000051,0.000007,0.041882,0.000447,0.000008,0.000690,0.058680
90,0.010721,0.000045,0.000006,0.166635,0.000805,0.000021,0.015338,0.193584
78,0.020655,0.000052,0.000007,0.046120,0.000921,0.000023,0.003516,0.071310
100,0.010073,0.000041,0.000005,0.100977,0.000364,0.000005,0.000673,0.112142
105,0.018615,0.000043,0.000008,0.119694,0.000440,0.000005,0.003612,0.142425
94,0.011929,0.000052,0.000004,0.157286,0.000521,0.000010,0.001948,0.171759
91,0.012510,0.000045,0.000006,0.035217,0.000493,0.000010,0.011876,0.060166
68,0.014154,0.000060,0.000003,0.084791,0.000424,0.000005,0.004276,0.103720
87,0.018224,0.000087,0.000011,0.199147,0.000495,0.000008,0.003257,0.221239
95,0.011426,0.000047,0.000004,0.035999,0.000435,0.000007,0.001900,0.049831
69,0.014843,0.000053,0.000005,0.029464,0.000433,0.000007,0.004547,0.049360
96,0.021860,0.000111,0.000010,0.167363,0.000573,0.000015,0.009041,0.198987
86,0.012329,0.000048,0.000005,0.177266,0.000430,0.000010,0.000447,0.190541
96,0.010121,0.000049,0.000004,0.019618,0.000486,0.000012,0.002021,0.032324
99,0.017144,0.000091,0.000010,0.182142,0.000648,0.000011,0.010116,0.210177
104,0.020315,0.000051,0.000007,0.178585,0.000892,0.000021,0.011879,0.211766
101,0.012342,0.000040,0.000005,0.107006,0.000373,0.000004,0.000781,0.120557
97,0.017192,0.000054,0.000010,0.171235,0.000435,0.000007,0.000266,0.189206
111,0.012527,0.000052,0.000005,0.175369,0.000465,0.000010,0.000683,0.189122
79,0.016759,0.000063,0.000009,0.169805,0.001060,0.000024,0.003146,0.190879
106,0.012242,0.000042,0.000004,0.142151,0.000444,0.000008,0.004667,0.159568
92,0.011932,0.000053,0.000008,0.157885,0.000489,0.000011,0.012098,0.182485
70,0.012729,0.000053,0.000005,0.127004,0.000358,0.000004,0.004177,0.144340
107,0.012414,0.000050,0.000005,0.042773,0.000902,0.000011,0.004491,0.060656
102,0.008907,0.000037,0.000004,0.119710,0.000352,0.000005,0.000633,0.129651
87,0.014598,0.000086,0.000009,0.137944,0.000433,0.000009,0.000418,0.153503
88,0.012770,0.000054,0.000007,0.187339,0.000504,0.000010,0.003041,0.203738
97,0.013635,0.000056,0.000005,0.145335,0.000434,0.000009,0.003566,0.163056
97,0.026017,0.000056,0.000005,0.158454,0.000479,0.000008,0.006479,0.191509
105,0.033825,0.000119,0.000011,0.133209,0.000724,0.000015,0.013499,0.181443
98,0.017053,0.000051,0.000005,0.018418,0.000468,0.000009,0.002727,0.038742
89,0.012682,0.000049,0.000006,0.035567,0.000443,0.000007,0.003320,0.052085
98,0.029969,0.000054,0.000008,0.160810,0.000506,0.000010,0.000287,0.191647
80,0.016727,0.000062,0.000006,0.147261,0.000436,0.000008,0.001429,0.165938
112,0.012855,0.000066,0.000006,0.179715,0.000457,0.000008,0.000716,0.193831
100,0.017386,0.000058,0.000007,0.197554,0.000576,0.000015,0.011719,0.227330
71,0.018873,0.000043,0.000004,0.116608,0.000391,0.000006,0.004269,0.140202
98,0.012380,0.000058,0.000005,0.038770,0.000527,0.000009,0.036274,0.088037
103,0.011987,0.000039,0.000004,0.130409,0.000398,0.000007,0.000719,0.143568
93,0.013049,0.000051,0.000006,0.164491,0.000386,0.000006,0.009633,0.187630
108,0.018170,0.000089,0.000012,0.176077,0.001029,0.000025,0.008203,0.203617
94,0.010480,0.000045,0.000006,0.033110,0.000412,0.000005,0.009304,0.053370
88,0.012367,0.000055,0.000005,0.187566,0.000470,0.000009,0.000428,0.200905
99,0.016905,0.000081,0.000014,0.145291,0.001133,0.000026,0.005236,0.168701
90,0.023187,0.000054,0.000006,0.137602,0.000494,0.000011,0.002698,0.164063
72,0.010979,0.000042,0.000005,0.101771,0.000361,0.000008,0.003979,0.117152
106,0.024468,0.000053,0.000006,0.164332,0.000542,0.000010,0.011475,0.200896
113,0.020832,0.000056,0.000005,0.142314,0.000543,0.000010,0.000720,0.164487
104,0.015034,0.000039,0.000010,0.097516,0.000365,0.000006,0.000666,0.113639
81,0.016310,0.000086,0.000013,0.163492,0.000468,0.000011,0.001391,0.181781
99,0.017108,0.000085,0.000011,0.191618,0.000783,0.000014,0.000464,0.210094
99,0.018182,0.000064,0.000005,0.130217,0.000550,0.000012,0.008465,0.157506
101,0.035208,0.000070,0.000006,0.157592,0.000548,0.000009,0.008255,0.201699
114,0.016733,0.000093,0.000005,0.039355,0.000425,0.000007,0.000608,0.057235
82,0.013908,0.000047,0.000006,0.032928,0.000607,0.000026,0.003075,0.050615
102,0.010495,0.000045,0.000006,0.016833,0.000433,0.000008,0.009203,0.037038
95,0.018446,0.000047,0.000005,0.106716,0.000498,0.000009,0.010784,0.136513
105,0.011478,0.000040,0.000004,0.101040,0.000365,0.000005,0.000698,0.113635
73,0.010460,0.000040,0.000004,0.121082,0.000733,0.000012,0.008458,0.140801
89,0.012714,0.000052,0.000006,0.171890,0.000440,0.000008,0.000446,0.185561
109,0.013774,0.000054,0.000006,0.180780,0.000505,0.000007,0.004633,0.199767
83,0.031922,0.000060,0.000008,0.049355,0.000535,0.000011,0.001375,0.083277
100,0.013457,0.000044,0.000004,0.167676,0.000493,0.000010,0.002230,0.183925
91,0.018380,0.000061,0.000007,0.184375,0.000530,0.000008,0.003039,0.206411
107,0.025923,0.000059,0.000007,0.183133,0.000523,0.000009,0.011634,0.221298
100,0.015924,0.000052,0.000005,0.167440,0.000935,0.000029,0.012359,0.196753
96,0.011495,0.000044,0.000004,0.135597,0.000416,0.000009,0.011743,0.159319
106,0.011244,0.000043,0.000003,0.116260,0.000422,0.000005,0.000721,0.128702
115,0.012311,0.000049,0.000005,0.191046,0.000391,0.000005,0.000520,0.204333
100,0.024517,0.000066,0.000009,0.194616,0.000994,0.000012,0.000556,0.220789
108,0.018773,0.000054,0.000007,0.025067,0.000427,0.000006,0.011005,0.055348
103,0.015882,0.000070,0.000008,0.181917,0.000449,0.000007,0.009110,0.207455
97,0.010935,0.000052,0.000006,0.026315,0.000482,0.000010,0.011828,0.049643
107,0.012524,0.000043,0.000004,0.031944,0.000554,0.000011,0.001141,0.046228
101,0.013909,0.000068,0.000006,0.044091,0.000482,0.000010,0.007438,0.066013
90,0.012214,0.000052,0.000006,0.166391,0.000704,0.000022,0.000467,0.179861
101,0.011306,0.000045,0.000006,0.152029,0.000455,0.000008,0.001792,0.165655
101,0.018622,0.000054,0.000011,0.045278,0.000467,0.000006,0.000322,0.064763
110,0.019949,0.000051,0.000006,0.160823,0.000504,0.000010,0.005125,0.186481
84,0.012428,0.000048,0.000006,0.182135,0.000489,0.000009,0.001486,0.196611
74,0.014557,0.000086,0.000014,0.190839,0.000481,0.000008,0.007756,0.213751
102,0.011445,0.000050,0.000008,0.021202,0.000454,0.000008,0.000275,0.033445
102,0.012561,0.000056,0.000005,0.051661,0.000472,0.000010,0.002161,0.066937
116,0.013551,0.000058,0.000005,0.127941,0.000430,0.000006,0.000514,0.142508
92,0.014283,0.000065,0.000007,0.203638,0.000602,0.000013,0.003617,0.222239
108,0.014355,0.000053,0.000005,0.147288,0.000437,0.000010,0.000967,0.163121
117,0.019578,0.000102,0.000009,0.034066,0.000593,0.000010,0.000695,0.055070
102,0.012877,0.000060,0.000004,0.161202,0.000561,0.000009,0.007795,0.182520
91,0.012996,0.000049,0.000006,0.169830,0.000678,0.000014,0.000471,0.184052
98,0.015469,0.000089,0.000010,0.169328,0.001096,0.000027,0.021016,0.207048
109,0.018082,0.000047,0.000005,0.208492,0.000524,0.000011,0.010351,0.237523
111,0.021799,0.000051,0.000006,0.154322,0.000459,0.000009,0.004498,0.181153
104,0.019883,0.000051,0.000007,0.197675,0.000613,0.000012,0.015132,0.233383
75,0.014984,0.000052,0.000004,0.167645,0.000587,0.000012,0.007361,0.190660
85,0.013231,0.000056,0.000009,0.181200,0.001187,0.000025,0.002578,0.198301
103,0.016771,0.000052,0.000008,0.170294,0.000580,0.000009,0.000313,0.188031
118,0.012381,0.000049,0.000005,0.114776,0.000452,0.000007,0.000705,0.128382
99,0.013703,0.000053,0.000006,0.061653,0.000960,0.000028,0.024951,0.101376
103,0.012445,0.000048,0.000006,0.198045,0.000484,0.000009,0.002104,0.213152
93,0.016619,0.000059,0.000006,0.178638,0.000490,0.000010,0.003408,0.199242
92,0.016990,0.000089,0.000017,0.142431,0.000854,0.000022,0.000822,0.161233
109,0.022444,0.000041,0.000004,0.174473,0.000639,0.000009,0.001036,0.198662
103,0.014020,0.000056,0.000006,0.182200,0.000528,0.000009,0.007321,0.204154
86,0.014898,0.000061,0.000009,0.143202,0.000554,0.000012,0.001834,0.160581
110,0.020211,0.000052,0.000005,0.169288,0.000458,0.000008,0.011817,0.201851
105,0.011330,0.000043,0.000005,0.167653,0.000896,0.000021,0.012525,0.192488
112,0.017626,0.000045,0.000005,0.180883,0.000459,0.000008,0.005209,0.204248
76,0.018383,0.000074,0.000008,0.184836,0.000736,0.000014,0.006626,0.210688
104,0.012231,0.000049,0.000006,0.124325,0.000334,0.000005,0.001642,0.138601
119,0.016403,0.000054,0.000005,0.147308,0.000453,0.000006,0.000695,0.164927
104,0.017505,0.000059,0.000008,0.191034,0.000459,0.000009,0.000274,0.209353
105,0.010731,0.000040,0.000004,0.012150,0.000324,0.000004,0.001549,0.024812
100,0.011534,0.000056,0.000007,0.155950,0.000758,0.000012,0.015889,0.184219
113,0.019890,0.000092,0.000010,0.042191,0.000532,0.000009,0.005328,0.068062
106,0.010769,0.000043,0.000004,0.012098,0.000355,0.000005,0.001595,0.024877
94,0.017734,0.000061,0.000006,0.178232,0.000556,0.000011,0.003394,0.200008
93,0.014181,0.000067,0.000009,0.170866,0.000447,0.000008,0.000402,0.185986
120,0.029038,0.000060,0.000006,0.057836,0.000509,0.000007,0.000714,0.088173
114,0.012254,0.000047,0.000006,0.037132,0.000485,0.000008,0.005110,0.055053
101,0.012661,0.000055,0.000004,0.047740,0.000487,0.000009,0.012243,0.073211
87,0.012418,0.000060,0.000010,0.170379,0.000888,0.000025,0.003310,0.187105
110,0.020443,0.000095,0.000018,0.205161,0.000365,0.000005,0.000740,0.226838
64,0.031777,0.000086,0.000008,0.175662,0.000859,0.000012,0.014237,0.222672
106,0.012628,0.000048,0.000004,0.174010,0.000489,0.000007,0.011711,0.198914
104,0.013935,0.000053,0.000005,0.202910,0.000490,0.000010,0.007194,0.224608
77,0.018588,0.000061,0.000006,0.154459,0.000501,0.000011,0.008463,0.182101
111,0.041798,0.000107,0.000007,0.166127,0.000498,0.000012,0.011084,0.219642
65,0.015160,0.000058,0.000005,0.013047,0.000494,0.000008,0.008275,0.037061
107,0.010820,0.000043,0.000004,0.135751,0.000367,0.000006,0.001332,0.148333
107,0.024724,0.000057,0.000006,0.025801,0.000584,0.000010,0.010997,0.062191
111,0.016746,0.000056,0.000007,0.075429,0.000485,0.000012,0.001017,0.093760
95,0.015558,0.000061,0.000006,0.154740,0.000455,0.000009,0.003593,0.174436
105,0.024661,0.000102,0.000011,0.210215,0.000553,0.000018,0.000436,0.236003
115,0.010612,0.000050,0.000005,0.137293,0.000517,0.000011,0.005739,0.154240
121,0.021667,0.000064,0.000006,0.137528,0.000498,0.000006,0.000728,0.160503
112,0.035858,0.000059,0.000006,0.032147,0.000497,0.000011,0.016662,0.085254
94,0.018019,0.000075,0.000009,0.160100,0.000552,0.000013,0.000362,0.179136
102,0.010926,0.000068,0.000006,0.147690,0.000583,0.000013,0.011794,0.171093
95,0.012159,0.000050,0.000007,0.012628,0.000607,0.000015,0.000461,0.025937
108,0.010765,0.000043,0.000005,0.119170,0.000381,0.000005,0.001623,0.132001
105,0.017756,0.000056,0.000006,0.143113,0.000486,0.000009,0.007564,0.169001
78,0.016057,0.000054,0.000005,0.155682,0.000562,0.000013,0.007392,0.179777
122,0.010978,0.000049,0.000007,0.127105,0.000510,0.000009,0.000860,0.139526
66,0.012710,0.000051,0.000005,0.213601,0.000578,0.000010,0.008736,0.235701
96,0.013149,0.000054,0.000006,0.181996,0.000528,0.000011,0.003919,0.199677
112,0.014193,0.000054,0.000006,0.189439,0.000595,0.000010,0.001108,0.205413
106,0.018377,0.000061,0.000008,0.197062,0.000583,0.000013,0.000393,0.216504
108,0.026712,0.000058,0.000006,0.210298,0.000531,0.000012,0.012067,0.249703
103,0.015681,0.000077,0.000009,0.161180,0.000670,0.000014,0.016825,0.194475
116,0.020995,0.000085,0.000005,0.207006,0.000676,0.000013,0.009347,0.238143
67,0.017689,0.000080,0.000006,0.042539,0.000545,0.000010,0.008482,0.069360
96,0.020021,0.000062,0.000006,0.171626,0.000638,0.000009,0.000364,0.192736
88,0.012343,0.000055,0.000006,0.341861,0.000793,0.000014,0.003746,0.358833
109,0.010569,0.000048,0.000005,0.156373,0.000394,0.000005,0.002119,0.169528
97,0.014171,0.000053,0.000007,0.060855,0.000536,0.000012,0.003425,0.079075
109,0.016262,0.000053,0.000006,0.015055,0.000773,0.000015,0.010864,0.043046
113,0.024870,0.000053,0.000006,0.213610,0.000671,0.000019,0.015073,0.254312
89,0.012364,0.000057,0.000010,0.010201,0.000460,0.000010,0.003022,0.026138
97,0.012712,0.000076,0.000018,0.013769,0.000445,0.000019,0.000749,0.027799
123,0.020305,0.000041,0.000004,0.132361,0.000373,0.000005,0.000545,0.153638
79,0.014342,0.000061,0.000009,0.169254,0.000715,0.000024,0.011529,0.195951
106,0.012845,0.000055,0.000004,0.201316,0.000508,0.000010,0.007097,0.221848
113,0.014639,0.000057,0.000006,0.147896,0.000474,0.000008,0.001168,0.164260
117,0.013187,0.000053,0.000007,0.140430,0.000469,0.000009,0.005418,0.159584
104,0.011463,0.000055,0.000006,0.153300,0.000836,0.000021,0.012049,0.177743
110,0.019096,0.000056,0.000006,0.156066,0.000451,0.000010,0.001931,0.177626
107,0.024457,0.000059,0.000007,0.188090,0.000498,0.000013,0.000352,0.213483
98,0.014607,0.000055,0.000006,0.147600,0.000478,0.000009,0.000484,0.163243
118,0.015259,0.000053,0.000004,0.022171,0.000531,0.000010,0.005321,0.043359
68,0.020095,0.000056,0.000005,0.177939,0.000478,0.000008,0.008548,0.207139
110,0.027079,0.000043,0.000005,0.147194,0.000457,0.000011,0.007198,0.181999
90,0.015866,0.000051,0.000008,0.156713,0.000910,0.000026,0.003452,0.177039
80,0.014716,0.000054,0.000008,0.139359,0.000499,0.000009,0.006800,0.161457
105,0.015267,0.000054,0.000007,0.027535,0.000572,0.000017,0.015867,0.059333
124,0.019184,0.000060,0.000007,0.148044,0.000528,0.000007,0.000763,0.168599
91,0.011038,0.000049,0.000007,0.009600,0.000443,0.000007,0.001381,0.022535
107,0.012144,0.000059,0.000007,0.161341,0.000523,0.000008,0.006689,0.180782
98,0.018289,0.000083,0.000011,0.201715,0.000451,0.000007,0.004115,0.224683
114,0.022458,0.000049,0.000004,0.190375,0.000534,0.000010,0.014003,0.227446
106,0.013017,0.000052,0.000005,0.025512,0.000413,0.000008,0.010716,0.049736
111,0.020891,0.000060,0.000006,0.037028,0.000439,0.000009,0.008135,0.066579
114,0.016883,0.000098,0.000011,0.166561,0.000460,0.000009,0.000999,0.185028
125,0.034444,0.000092,0.000008,0.043160,0.000489,0.000006,0.000819,0.079022
108,0.014530,0.000058,0.000005,0.038837,0.000719,0.000020,0.015519,0.069705
115,0.028992,0.000094,0.000009,0.037033,0.000515,0.000009,0.011952,0.078619
111,0.014729,0.000054,0.000007,0.140182,0.000414,0.000009,0.001898,0.157304
108,0.016748,0.000104,0.000012,0.151433,0.000530,0.000012,0.000320,0.169164
107,0.016624,0.000078,0.000010,0.053074,0.000503,0.000008,0.013355,0.083666
99,0.016974,0.000099,0.000015,0.156643,0.000558,0.000009,0.000442,0.174746
112,0.014453,0.000054,0.000005,0.018313,0.000450,0.000007,0.001911,0.035207
69,0.011289,0.000051,0.000004,0.151198,0.000559,0.000012,0.009360,0.172485
92,0.012577,0.000054,0.000009,0.134357,0.000501,0.000009,0.001432,0.148948
119,0.015443,0.000058,0.000007,0.192774,0.000811,0.000027,0.008231,0.217362
99,0.013132,0.000049,0.000005,0.154739,0.000539,0.000011,0.003401,0.171887
108,0.015384,0.000098,0.000011,0.036455,0.000496,0.000009,0.012376,0.064840
93,0.012789,0.000052,0.000007,0.036674,0.000523,0.000014,0.001528,0.051596
81,0.012749,0.000054,0.000005,0.197744,0.001030,0.000025,0.006179,0.217799
113,0.023353,0.000090,0.000010,0.057729,0.000734,0.000012,0.003954,0.085902
109,0.013257,0.000050,0.000005,0.014095,0.000490,0.000008,0.012395,0.040314
120,0.016918,0.000088,0.000014,0.025086,0.000554,0.000012,0.005563,0.048248
126,0.021767,0.000055,0.000006,0.143392,0.000411,0.000005,0.000764,0.166406
109,0.018763,0.000043,0.000005,0.147146,0.000402,0.000007,0.006310,0.172686
109,0.013353,0.000056,0.000006,0.125393,0.000388,0.000004,0.000225,0.139429
82,0.019631,0.000125,0.000011,0.035085,0.000456,0.000009,0.006051,0.061378
112,0.014530,0.000074,0.000007,0.209792,0.000557,0.000015,0.008071,0.233060
127,0.010289,0.000045,0.000005,0.019901,0.000446,0.000006,0.000663,0.031361
121,0.018253,0.000048,0.000006,0.016245,0.000506,0.000009,0.004303,0.039379
100,0.013673,0.000055,0.000006,0.140031,0.000458,0.000010,0.000404,0.154642
115,0.012782,0.000054,0.000004,0.225047,0.000485,0.000010,0.001304,0.239694
116,0.021561,0.000048,0.000005,0.186256,0.000499,0.000009,0.012257,0.220647
70,0.019187,0.000055,0.000004,0.159066,0.000453,0.000009,0.008236,0.187022
101,0.012423,0.000056,0.000007,0.030802,0.000467,0.000008,0.000426,0.044193
100,0.015210,0.000051,0.000005,0.162089,0.000416,0.000007,0.003203,0.180996
71,0.012581,0.000051,0.000005,0.021097,0.000488,0.000007,0.008966,0.043205
102,0.012132,0.000050,0.000005,0.034077,0.000427,0.000007,0.000239,0.046941
94,0.014423,0.000063,0.000008,0.176355,0.000519,0.000009,0.001371,0.192763
110,0.015579,0.000040,0.000006,0.121509,0.000359,0.000004,0.000227,0.137727
114,0.029250,0.000134,0.000016,0.157442,0.000478,0.000009,0.002066,0.189416
110,0.011255,0.000047,0.000004,0.157827,0.000525,0.000011,0.017402,0.187086
83,0.024922,0.000047,0.000005,0.133799,0.000533,0.000012,0.009161,0.168494
95,0.013232,0.000059,0.000011,0.033380,0.000565,0.000013,0.002062,0.049335
115,0.012543,0.000051,0.000006,0.028536,0.000884,0.000018,0.005810,0.047865
110,0.019681,0.000058,0.000006,0.193870,0.000585,0.000010,0.010056,0.224279
113,0.011885,0.000048,0.000016,0.195289,0.000409,0.000007,0.011349,0.219018
116,0.015638,0.000058,0.000007,0.173040,0.000452,0.000009,0.001073,0.190285
84,0.015974,0.000060,0.000006,0.037885,0.000478,0.000010,0.006904,0.061328
122,0.019020,0.000052,0.000006,0.192120,0.000969,0.000026,0.010545,0.222751
116,0.018608,0.000122,0.000015,0.024382,0.000479,0.000012,0.002076,0.045705
117,0.013749,0.000052,0.000006,0.185307,0.000547,0.000008,0.011961,0.211645
114,0.020300,0.000084,0.000009,0.032110,0.000543,0.000011,0.010942,0.064014
72,0.010915,0.000045,0.000006,0.164625,0.000420,0.000006,0.006895,0.182924
101,0.015304,0.000052,0.000006,0.172828,0.000538,0.000010,0.004271,0.193025
111,0.018829,0.000057,0.000008,0.148418,0.000571,0.000013,0.000321,0.168220
103,0.013201,0.000062,0.000008,0.178075,0.000466,0.000007,0.000433,0.192256
115,0.014869,0.000058,0.000007,0.015431,0.000462,0.000009,0.009939,0.040786
96,0.015982,0.000083,0.000014,0.151843,0.000493,0.000010,0.001166,0.169598
112,0.021542,0.000044,0.000011,0.018652,0.000340,0.000004,0.000222,0.040816
111,0.013475,0.000058,0.000005,0.177368,0.000816,0.000023,0.015040,0.206797
117,0.013025,0.000069,0.000009,0.125591,0.000351,0.000007,0.001394,0.140458
85,0.012548,0.000055,0.000004,0.133452,0.000839,0.000012,0.012572,0.159498
97,0.012857,0.000053,0.000007,0.039410,0.000721,0.000016,0.001872,0.054945
117,0.018310,0.000048,0.000006,0.158513,0.000475,0.000007,0.001074,0.178442
118,0.022324,0.000060,0.000005,0.122673,0.000376,0.000005,0.009316,0.154767
111,0.015101,0.000096,0.000009,0.163677,0.000652,0.000012,0.008137,0.187714
118,0.012301,0.000050,0.000007,0.016856,0.000717,0.000012,0.002300,0.032257
123,0.018229,0.000061,0.000007,0.185911,0.000640,0.000007,0.005435,0.210317
73,0.012138,0.000050,0.000006,0.143946,0.000696,0.000015,0.011161,0.168028
113,0.018332,0.000041,0.000005,0.098696,0.000349,0.000005,0.000228,0.117660
104,0.014594,0.000060,0.000009,0.153271,0.000491,0.000009,0.000331,0.168769
102,0.015448,0.000054,0.000005,0.169782,0.000513,0.000010,0.003901,0.189721
112,0.014591,0.000056,0.000007,0.047805,0.000562,0.000009,0.007004,0.070045
114,0.011719,0.000044,0.000007,0.016851,0.000376,0.000004,0.000225,0.029227
116,0.013770,0.000049,0.000005,0.165770,0.000386,0.000005,0.007129,0.187121
112,0.013586,0.000057,0.000007,0.145447,0.000540,0.000009,0.011756,0.171414
117,0.009235,0.000042,0.000006,0.013290,0.000338,0.000005,0.006865,0.029790
86,0.016926,0.000063,0.000007,0.136910,0.000426,0.000008,0.008719,0.163070
98,0.019076,0.000051,0.000008,0.131814,0.000454,0.000009,0.001246,0.152667
87,0.014247,0.000057,0.000005,0.018169,0.000942,0.000022,0.007160,0.040614
118,0.015357,0.000062,0.000006,0.186988,0.000454,0.000007,0.001099,0.203982
115,0.010309,0.000040,0.000005,0.101801,0.000331,0.000005,0.000230,0.112723
119,0.011332,0.000047,0.000005,0.180331,0.000465,0.000006,0.010737,0.202933
119,0.014200,0.000052,0.000005,0.177068,0.001289,0.000028,0.004319,0.196983
113,0.010437,0.000044,0.000006,0.108529,0.000504,0.000010,0.012182,0.131727
74,0.022588,0.000050,0.000005,0.144292,0.000570,0.000011,0.009319,0.176847
124,0.011038,0.000053,0.000006,0.192151,0.000524,0.000008,0.004514,0.208306
105,0.010909,0.000046,0.000005,0.171502,0.000477,0.000009,0.000392,0.183346
116,0.016224,0.000048,0.000007,0.036575,0.000432,0.000004,0.000238,0.053531
120,0.017086,0.000104,0.000019,0.036886,0.000469,0.000010,0.001996,0.056581
103,0.013965,0.000052,0.000006,0.172212,0.000574,0.000010,0.003965,0.190798
118,0.009156,0.000042,0.000005,0.116264,0.000375,0.000005,0.005964,0.131818
75,0.016974,0.000057,0.000005,0.021139,0.000450,0.000007,0.007854,0.046497
88,0.011174,0.000043,0.000005,0.073514,0.000384,0.000005,0.004280,0.089412
89,0.010444,0.000040,0.000005,0.020682,0.000372,0.000004,0.004409,0.035965
117,0.023634,0.000054,0.000007,0.032347,0.000405,0.000007,0.000298,0.056756
113,0.014557,0.000083,0.000007,0.179375,0.000626,0.000011,0.012761,0.207434
119,0.017579,0.000045,0.000006,0.035780,0.000489,0.000004,0.005994,0.059919
99,0.017387,0.000090,0.000013,0.176662,0.000503,0.000010,0.001205,0.195875
118,0.017637,0.000049,0.000006,0.020217,0.000412,0.000008,0.000274,0.038609
121,0.011956,0.000052,0.000006,0.096885,0.000342,0.000005,0.001436,0.110689
100,0.010985,0.000047,0.000007,0.022748,0.000449,0.000010,0.001206,0.035460
120,0.012560,0.000053,0.000005,0.156077,0.000360,0.000005,0.007888,0.176957
119,0.014425,0.000060,0.000005,0.188689,0.000457,0.000012,0.001124,0.204780
114,0.013805,0.000053,0.000004,0.168431,0.000531,0.000009,0.007277,0.190126
90,0.009586,0.000042,0.000005,0.078091,0.000301,0.000004,0.003370,0.091404
106,0.012306,0.000049,0.000004,0.145613,0.000463,0.000010,0.000388,0.158839
125,0.021594,0.000048,0.000004,0.153406,0.000418,0.000008,0.004075,0.179561
76,0.012156,0.000041,0.000004,0.141089,0.000497,0.000010,0.008224,0.162033
120,0.010327,0.000041,0.000007,0.087666,0.000316,0.000005,0.005880,0.104250
104,0.013830,0.000054,0.000009,0.190696,0.000497,0.000012,0.003326,0.208432
122,0.011859,0.000039,0.000004,0.092322,0.000420,0.000006,0.001330,0.105987
91,0.009921,0.000046,0.000005,0.078859,0.000353,0.000004,0.003940,0.093135
121,0.010154,0.000042,0.000004,0.104258,0.000355,0.000005,0.007840,0.122666
105,0.013031,0.000057,0.000005,0.020300,0.000315,0.000004,0.002151,0.035872
114,0.015227,0.000073,0.000010,0.168045,0.000356,0.000006,0.009094,0.192816
119,0.029905,0.000076,0.000014,0.138923,0.000541,0.000007,0.000322,0.169794
101,0.016769,0.000089,0.000015,0.136564,0.000383,0.000009,0.001286,0.155123
121,0.008489,0.000038,0.000004,0.082772,0.000356,0.000004,0.005327,0.096998
122,0.017243,0.000043,0.000005,0.017452,0.000330,0.000005,0.007672,0.042758
107,0.011751,0.000052,0.000004,0.142662,0.000310,0.000005,0.000266,0.155054
120,0.021304,0.000050,0.000005,0.137100,0.000499,0.000009,0.001130,0.160105
102,0.011432,0.000047,0.000006,0.014473,0.000827,0.000019,0.003115,0.029930
115,0.017562,0.000051,0.000003,0.151251,0.000850,0.000018,0.012423,0.182171
123,0.010258,0.000043,0.000005,0.091424,0.000349,0.000004,0.001406,0.103500
108,0.009767,0.000039,0.000003,0.025682,0.000338,0.000006,0.000242,0.036081
92,0.010038,0.000044,0.000004,0.086397,0.000361,0.000005,0.003940,0.100798
77,0.026688,0.000046,0.000005,0.143554,0.000684,0.000015,0.010549,0.181551
106,0.009515,0.000040,0.000005,0.088426,0.000363,0.000006,0.002345,0.100707
115,0.010349,0.000045,0.000004,0.078413,0.000355,0.000005,0.009037,0.098217
126,0.011722,0.000052,0.000007,0.180223,0.000546,0.000010,0.004303,0.196872
122,0.009948,0.000051,0.000006,0.111314,0.000383,0.000006,0.005765,0.127482
123,0.010291,0.000041,0.000004,0.111567,0.000527,0.000005,0.007823,0.130278
124,0.009826,0.000037,0.000004,0.094383,0.000364,0.000005,0.001464,0.106091
109,0.010905,0.000047,0.000005,0.083651,0.000351,0.000005,0.000268,0.095236
120,0.012457,0.000046,0.000006,0.156745,0.000417,0.000009,0.000256,0.169940
93,0.010135,0.000041,0.000005,0.106749,0.000418,0.000005,0.004202,0.121562
127,0.013597,0.000043,0.000005,0.085026,0.000350,0.000004,0.003290,0.102322
103,0.013016,0.000056,0.000011,0.146822,0.000474,0.000008,0.001474,0.161869
110,0.010520,0.000043,0.000005,0.021622,0.000316,0.000005,0.000263,0.032777
107,0.008493,0.000037,0.000005,0.101444,0.000363,0.000007,0.002086,0.112443
116,0.009097,0.000041,0.000004,0.101605,0.000361,0.000005,0.007961,0.119082
116,0.013440,0.000057,0.000004,0.138890,0.000459,0.000010,0.007072,0.159942
121,0.014109,0.000092,0.000008,0.174208,0.000485,0.000010,0.001138,0.190057
117,0.008672,0.000038,0.000004,0.007806,0.000333,0.000005,0.008332,0.025197
111,0.009898,0.000043,0.000004,0.027171,0.000320,0.000006,0.000234,0.037678
123,0.010656,0.000041,0.000005,0.095469,0.000370,0.000005,0.005374,0.111928
78,0.011420,0.000049,0.000005,0.140973,0.000565,0.000015,0.010153,0.163192
117,0.012360,0.000053,0.000005,0.019959,0.000424,0.000008,0.005709,0.038531
125,0.011856,0.000043,0.000005,0.085254,0.000360,0.000005,0.001373,0.098902
124,0.010812,0.000040,0.000006,0.103570,0.000377,0.000004,0.007831,0.122647
112,0.010410,0.000045,0.000004,0.022234,0.000322,0.000005,0.000225,0.033246
118,0.011723,0.000055,0.000005,0.017094,0.000421,0.000009,0.006246,0.035562
94,0.008523,0.000038,0.000004,0.096123,0.000352,0.000004,0.003516,0.108568
108,0.011437,0.000039,0.000004,0.095321,0.000341,0.000005,0.002176,0.109335
124,0.011028,0.000039,0.000004,0.098381,0.000390,0.000005,0.006383,0.116239
126,0.010579,0.000048,0.000004,0.096107,0.000381,0.000006,0.001398,0.108532
118,0.012687,0.000049,0.000005,0.110373,0.000390,0.000006,0.010335,0.133855
121,0.021295,0.000054,0.000005,0.190564,0.000612,0.000009,0.000367,0.212913
104,0.023769,0.000049,0.000007,0.163183,0.000596,0.000013,0.001806,0.189431
122,0.017247,0.000045,0.000004,0.149289,0.000438,0.000009,0.001038,0.168077
113,0.009924,0.000038,0.000004,0.105148,0.000827,0.000025,0.000664,0.116636
127,0.010859,0.000046,0.000006,0.010989,0.000308,0.000004,0.001263,0.023481
79,0.013517,0.000050,0.000007,0.135326,0.000336,0.000004,0.008555,0.157809
125,0.017217,0.000038,0.000003,0.114089,0.000501,0.000006,0.007799,0.139660
109,0.014008,0.000046,0.000005,0.087662,0.000345,0.000004,0.002545,0.104623
95,0.010142,0.000040,0.000003,0.106032,0.000422,0.000006,0.005400,0.122056
123,0.009946,0.000042,0.000004,0.032097,0.000413,0.000008,0.000963,0.043480
119,0.012142,0.000051,0.000004,0.149233,0.000420,0.000008,0.006719,0.168588
125,0.010676,0.000044,0.000005,0.092949,0.000339,0.000005,0.005880,0.109905
126,0.014526,0.000039,0.000005,0.079367,0.000354,0.000004,0.006866,0.101166
120,0.021143,0.000051,0.000004,0.029641,0.000413,0.000008,0.006340,0.057611
105,0.013359,0.000047,0.000008,0.129635,0.000397,0.000010,0.001257,0.144721
119,0.010237,0.000053,0.000006,0.136945,0.000308,0.000005,0.008571,0.156132
110,0.010401,0.000052,0.000005,0.101733,0.000337,0.000005,0.002096,0.114637
114,0.012367,0.000056,0.000010,0.136455,0.000379,0.000009,0.000308,0.149590
96,0.009615,0.000045,0.000004,0.107759,0.000390,0.000006,0.004628,0.122455
80,0.016421,0.000048,0.000005,0.123964,0.000300,0.000004,0.008139,0.148893
122,0.016274,0.000051,0.000007,0.173989,0.000484,0.000010,0.000322,0.191143
106,0.018390,0.000073,0.000006,0.023936,0.000574,0.000011,0.001377,0.044383
126,0.009151,0.000036,0.000003,0.102811,0.000350,0.000006,0.005803,0.118172
124,0.013647,0.000052,0.000004,0.147403,0.000436,0.000010,0.000981,0.162540
127,0.018937,0.000064,0.000004,0.097480,0.000341,0.000004,0.007694,0.124532
120,0.018312,0.000041,0.000004,0.096152,0.000396,0.000006,0.008993,0.123914
111,0.009245,0.000035,0.000003,0.111269,0.000491,0.000008,0.003060,0.124122
97,0.009406,0.000042,0.000005,0.100971,0.000299,0.000004,0.003069,0.113802
115,0.011571,0.000049,0.000005,0.129139,0.000373,0.000008,0.000272,0.141420
121,0.011160,0.000048,0.000005,0.151766,0.000361,0.000007,0.006683,0.170042
112,0.015682,0.000049,0.000005,0.019470,0.000430,0.000009,0.003095,0.038752
127,0.009974,0.000036,0.000005,0.094856,0.000473,0.000009,0.006486,0.111846
123,0.014461,0.000046,0.000006,0.122300,0.000370,0.000006,0.000270,0.137463
107,0.012013,0.000050,0.000007,0.125439,0.000478,0.000011,0.001452,0.139459
81,0.025246,0.000048,0.000005,0.140206,0.000774,0.000017,0.006765,0.173069
122,0.013778,0.000058,0.000006,0.013406,0.000398,0.000009,0.005084,0.032747
121,0.009549,0.000044,0.000005,0.085668,0.000337,0.000005,0.009035,0.104652
98,0.009313,0.000038,0.000003,0.093826,0.000338,0.000005,0.003427,0.106955
125,0.013038,0.000047,0.000005,0.156051,0.000608,0.000015,0.001052,0.170831
82,0.019467,0.000050,0.000005,0.027064,0.000440,0.000009,0.006921,0.053968
108,0.011745,0.000038,0.000005,0.087673,0.000371,0.000005,0.001059,0.100901
113,0.010815,0.000046,0.000006,0.111182,0.000402,0.000007,0.002958,0.125424
116,0.015382,0.000074,0.000010,0.134619,0.000445,0.000007,0.000275,0.150816
109,0.009105,0.000036,0.000005,0.009043,0.000310,0.000005,0.000805,0.019312
126,0.012121,0.000051,0.000006,0.051558,0.000561,0.000012,0.001272,0.065586
114,0.010955,0.000043,0.000006,0.016873,0.000361,0.000005,0.003227,0.031483
122,0.009571,0.000036,0.000004,0.084692,0.000344,0.000004,0.008415,0.103075
99,0.009362,0.000041,0.000004,0.085560,0.000363,0.000005,0.003517,0.098857
123,0.010964,0.000050,0.000005,0.120930,0.000584,0.000019,0.007583,0.140143
124,0.021582,0.000049,0.000006,0.157772,0.000509,0.000008,0.000269,0.180198
83,0.010704,0.000043,0.000005,0.114390,0.000414,0.000008,0.006379,0.131951
110,0.010497,0.000042,0.000005,0.090432,0.000353,0.000005,0.000801,0.102139
127,0.012874,0.000044,0.000005,0.112759,0.000373,0.000004,0.000649,0.126712
123,0.009443,0.000041,0.000005,0.088837,0.000418,0.000005,0.008333,0.107100
100,0.009435,0.000037,0.000004,0.088563,0.000347,0.000005,0.003295,0.101690
115,0.010825,0.000047,0.000005,0.110019,0.000411,0.000007,0.002799,0.124123
117,0.010928,0.000044,0.000005,0.140269,0.000372,0.000007,0.000283,0.151914
101,0.009095,0.000042,0.000004,0.021296,0.000316,0.000005,0.003295,0.034058
111,0.007781,0.000038,0.000006,0.070052,0.000289,0.000004,0.000770,0.078944
116,0.010662,0.000044,0.000005,0.027185,0.000403,0.000007,0.002971,0.041286
125,0.012355,0.000045,0.000008,0.120893,0.000375,0.000010,0.000252,0.133943
124,0.014700,0.000052,0.000005,0.139777,0.000407,0.000009,0.006062,0.161017
84,0.010690,0.000045,0.000005,0.100010,0.000366,0.000007,0.006223,0.117357
112,0.013362,0.000039,0.000005,0.006096,0.000263,0.000004,0.000672,0.020445
124,0.009690,0.000048,0.000005,0.063347,0.000312,0.000004,0.007031,0.080444
125,0.007665,0.000033,0.000004,0.006291,0.000303,0.000004,0.007123,0.021428
126,0.019055,0.000036,0.000005,0.031143,0.000425,0.000010,0.000283,0.050961
102,0.008734,0.000039,0.000003,0.072250,0.000299,0.000005,0.003209,0.084544
126,0.008078,0.000039,0.000005,0.006672,0.000275,0.000004,0.006840,0.021918
118,0.010888,0.000039,0.000004,0.099102,0.000372,0.000007,0.000253,0.110669
103,0.008666,0.000034,0.000006,0.015683,0.000301,0.000005,0.003484,0.028184
117,0.010158,0.000044,0.000004,0.113278,0.000488,0.000006,0.003034,0.127024
113,0.013495,0.000037,0.000004,0.087746,0.000382,0.000005,0.000769,0.102441
85,0.010186,0.000043,0.000004,0.114089,0.000360,0.000005,0.004915,0.129608
119,0.010567,0.000046,0.000005,0.077438,0.000275,0.000005,0.000210,0.088549
125,0.012913,0.000045,0.000004,0.119133,0.000824,0.000020,0.010213,0.143163
127,0.008798,0.000040,0.000003,0.075214,0.000429,0.000005,0.007790,0.092285
118,0.009003,0.000041,0.000004,0.025944,0.000268,0.000004,0.001778,0.037047
86,0.008250,0.000029,0.000003,0.008634,0.000282,0.000005,0.004394,0.021602
120,0.008788,0.000034,0.000003,0.019593,0.000317,0.000005,0.000223,0.028966
104,0.008987,0.000040,0.000008,0.085774,0.000340,0.000006,0.003390,0.098549
127,0.012159,0.000046,0.000005,0.127576,0.000394,0.000009,0.000291,0.140483
119,0.010028,0.000036,0.000004,0.022856,0.000304,0.000005,0.001953,0.035192
114,0.008120,0.000041,0.000005,0.070456,0.000292,0.000004,0.000691,0.079615
121,0.008925,0.000035,0.000004,0.065592,0.000293,0.000004,0.000199,0.075053
87,0.017137,0.000032,0.000003,0.074728,0.000303,0.000005,0.004742,0.096955
105,0.008865,0.000038,0.000005,0.073226,0.000307,0.000004,0.003228,0.085680
115,0.007348,0.000033,0.000006,0.066870,0.000276,0.000005,0.000668,0.075209
120,0.008576,0.000035,0.000004,0.069734,0.000291,0.000005,0.001915,0.080566
122,0.008426,0.000031,0.000004,0.014391,0.000270,0.000005,0.000197,0.023327
106,0.008520,0.000034,0.000003,0.007962,0.000296,0.000004,0.003171,0.019997
123,0.008141,0.000037,0.000004,0.014747,0.000317,0.000005,0.000225,0.023479
126,0.011154,0.000046,0.000004,0.150918,0.000441,0.000029,0.005964,0.168566
88,0.008777,0.000035,0.000004,0.063950,0.000294,0.000004,0.004615,0.077685
116,0.015078,0.000034,0.000005,0.062240,0.000283,0.000004,0.000709,0.078359
121,0.009785,0.000033,0.000004,0.068057,0.000314,0.000004,0.001980,0.080181
107,0.007675,0.000031,0.000004,0.061607,0.000235,0.000004,0.002414,0.071975
124,0.008598,0.000033,0.000004,0.062474,0.000271,0.000005,0.000190,0.071577
89,0.008265,0.000035,0.000004,0.066352,0.000301,0.000005,0.004316,0.079285
108,0.008274,0.000036,0.000004,0.053332,0.000265,0.000004,0.002800,0.064719
117,0.008213,0.000031,0.000004,0.068897,0.000266,0.000005,0.000641,0.078060
122,0.008060,0.000031,0.000004,0.066056,0.000266,0.000004,0.001738,0.076167
127,0.010427,0.000042,0.000004,0.101778,0.000335,0.000007,0.004214,0.116814
125,0.008034,0.000035,0.000004,0.058765,0.000284,0.000005,0.000190,0.067318
90,0.008472,0.000033,0.000004,0.013167,0.000293,0.000004,0.004465,0.026444
118,0.007600,0.000031,0.000004,0.022893,0.000296,0.000005,0.000775,0.031608
91,0.014993,0.000032,0.000003,0.009789,0.000314,0.000004,0.004159,0.029298
109,0.006662,0.000029,0.000003,0.055277,0.000301,0.000004,0.002779,0.065061
123,0.006686,0.000028,0.000004,0.061152,0.000294,0.000004,0.001778,0.069951
126,0.007952,0.000033,0.000003,0.063093,0.000305,0.000004,0.000191,0.071584
119,0.008278,0.000036,0.000006,0.061188,0.000286,0.000004,0.000720,0.070523
92,0.006960,0.000029,0.000004,0.063741,0.000258,0.000004,0.003707,0.074707
110,0.009083,0.000039,0.000004,0.062472,0.000272,0.000004,0.002909,0.074788
124,0.008141,0.000032,0.000004,0.061922,0.000277,0.000007,0.001774,0.072163
127,0.006958,0.000032,0.000004,0.053904,0.000255,0.000004,0.000172,0.061332
111,0.007871,0.000034,0.000003,0.013260,0.000294,0.000005,0.002871,0.024341
120,0.008004,0.000035,0.000005,0.061483,0.000278,0.000005,0.000691,0.070504
93,0.007910,0.000035,0.000004,0.060261,0.000271,0.000004,0.003603,0.072092
125,0.009333,0.000032,0.000003,0.049643,0.000274,0.000004,0.001797,0.061090
112,0.007979,0.000032,0.000003,0.050326,0.000264,0.000003,0.002828,0.061441
121,0.008261,0.000036,0.000005,0.052704,0.000257,0.000004,0.000711,0.061982
94,0.006685,0.000028,0.000003,0.050810,0.000258,0.000004,0.003665,0.061459
126,0.008158,0.000032,0.000003,0.064154,0.000278,0.000005,0.001830,0.074468
113,0.007602,0.000031,0.000003,0.050305,0.000301,0.000005,0.002816,0.061068
122,0.007534,0.000033,0.000004,0.054194,0.000253,0.000004,0.000700,0.062726
95,0.007500,0.000032,0.000003,0.063010,0.000292,0.000004,0.003945,0.074790
96,0.007723,0.000036,0.000003,0.012356,0.000288,0.000005,0.004360,0.024776
127,0.008490,0.000037,0.000004,0.065893,0.000274,0.000004,0.001719,0.076427
114,0.007227,0.000032,0.000003,0.060200,0.000286,0.000004,0.002636,0.070394
123,0.006812,0.000034,0.000004,0.052798,0.000257,0.000004,0.000630,0.060544
115,0.007751,0.000034,0.000003,0.007719,0.000299,0.000004,0.003093,0.018911
124,0.007791,0.000032,0.000004,0.052274,0.000294,0.000005,0.000770,0.061173
97,0.007803,0.000035,0.000003,0.059440,0.000297,0.000004,0.004329,0.071916
125,0.008227,0.000030,0.000004,0.007751,0.000261,0.000004,0.000674,0.016955
116,0.008552,0.000041,0.000004,0.060160,0.000280,0.000004,0.002739,0.071783
117,0.007851,0.000033,0.000003,0.014629,0.000264,0.000004,0.002569,0.025359
98,0.007763,0.000033,0.000003,0.065105,0.000325,0.000005,0.004327,0.077567
126,0.006793,0.000029,0.000004,0.060127,0.000274,0.000004,0.000607,0.067841
118,0.008267,0.000038,0.000003,0.077749,0.000323,0.000004,0.003108,0.089497
127,0.007923,0.000032,0.000005,0.065029,0.000278,0.000004,0.000684,0.073958
99,0.008680,0.000037,0.000004,0.068196,0.000276,0.000004,0.004291,0.081494
119,0.007879,0.000035,0.000003,0.057565,0.000284,0.000004,0.002756,0.068531
100,0.008729,0.000056,0.000004,0.060933,0.000264,0.000005,0.004457,0.074454
101,0.007973,0.000034,0.000005,0.010015,0.000323,0.000005,0.004733,0.023091
120,0.007916,0.000036,0.000003,0.066358,0.000320,0.000005,0.002712,0.077355
102,0.008383,0.000034,0.000004,0.058340,0.000279,0.000004,0.004262,0.071311
121,0.008200,0.000033,0.000004,0.056928,0.000312,0.000004,0.002714,0.068200
122,0.008242,0.000035,0.000003,0.016096,0.000282,0.000004,0.002820,0.027486
103,0.008713,0.000045,0.000004,0.062111,0.000248,0.000004,0.004169,0.075299
123,0.007766,0.000032,0.000003,0.019382,0.000268,0.000004,0.002486,0.029947
104,0.007685,0.000032,0.000003,0.007082,0.000283,0.000006,0.004185,0.019283
124,0.007798,0.000030,0.000004,0.007781,0.000285,0.000004,0.002535,0.018443
105,0.007796,0.000033,0.000003,0.059551,0.000260,0.000004,0.003868,0.071520
125,0.007616,0.000032,0.000003,0.059271,0.000298,0.000004,0.002728,0.069956
126,0.007415,0.000036,0.000003,0.016023,0.000290,0.000004,0.002805,0.026580
127,0.009013,0.000044,0.000004,0.011719,0.000300,0.000005,0.002986,0.024076
106,0.007767,0.000035,0.000004,0.061124,0.000245,0.000004,0.003997,0.073181
107,0.014514,0.000035,0.000004,0.059109,0.000258,0.000004,0.003910,0.077840
128,0.010464,0.000054,0.000004,0.049658,0.000377,0.000005,0.002741,0.063315
108,0.015532,0.000035,0.000003,0.011809,0.000299,0.000005,0.003711,0.031399
109,0.007386,0.000038,0.000003,0.006623,0.000254,0.000004,0.004026,0.018340
129,0.020479,0.000032,0.000003,0.049418,0.000288,0.000005,0.002604,0.072834
110,0.007560,0.000034,0.000004,0.057981,0.000261,0.000004,0.003796,0.069647
130,0.019407,0.000033,0.000003,0.061289,0.000305,0.000005,0.002640,0.083685
111,0.007545,0.000029,0.000003,0.053479,0.000278,0.000005,0.004651,0.065993
131,0.020136,0.000036,0.000004,0.047806,0.000285,0.000004,0.002390,0.070667
112,0.006945,0.000032,0.000003,0.056577,0.000299,0.000004,0.003538,0.067404
113,0.008274,0.000033,0.000005,0.045117,0.000256,0.000004,0.004393,0.058086
132,0.019726,0.000033,0.000003,0.051372,0.000245,0.000004,0.002478,0.073865
114,0.007936,0.000031,0.000003,0.052988,0.000292,0.000004,0.003698,0.064960
133,0.014597,0.000030,0.000003,0.046955,0.000242,0.000004,0.002324,0.064159
134,0.014646,0.000032,0.000003,0.006810,0.000262,0.000004,0.002520,0.024282
115,0.007494,0.000035,0.000004,0.049567,0.000299,0.000004,0.003788,0.061196
135,0.015657,0.000030,0.000003,0.010434,0.000283,0.000004,0.002386,0.028803
116,0.006898,0.000033,0.000003,0.040866,0.000247,0.000004,0.003385,0.051441
136,0.014067,0.000029,0.000003,0.042456,0.000262,0.000004,0.002376,0.059201
117,0.007061,0.000037,0.000003,0.045113,0.000259,0.000004,0.004425,0.056907
137,0.012403,0.000033,0.000003,0.045761,0.000258,0.000003,0.002115,0.060580
118,0.007083,0.000033,0.000003,0.048024,0.000243,0.000004,0.003396,0.058789
138,0.016090,0.000038,0.000003,0.038500,0.000277,0.000004,0.002637,0.057553
119,0.006955,0.000038,0.000004,0.043411,0.000246,0.000004,0.003600,0.054262
139,0.015882,0.000029,0.000003,0.048074,0.000307,0.000004,0.002407,0.066709
140,0.012284,0.000031,0.000003,0.009313,0.000232,0.000004,0.002024,0.023895
120,0.015258,0.000037,0.000003,0.046816,0.000265,0.000004,0.003380,0.065767
121,0.006874,0.000034,0.000003,0.010277,0.000282,0.000004,0.003430,0.020908
122,0.006804,0.000037,0.000003,0.005107,0.000242,0.000005,0.003939,0.016141
141,0.013409,0.000029,0.000004,0.041708,0.000232,0.000004,0.002141,0.057529
123,0.011769,0.000032,0.000003,0.048693,0.000355,0.000005,0.004573,0.065435
142,0.007029,0.000029,0.000003,0.051629,0.000261,0.000005,0.002218,0.061176
143,0.013648,0.000030,0.000003,0.045682,0.000255,0.000005,0.002127,0.061752
124,0.008445,0.000044,0.000004,0.061925,0.000381,0.000005,0.004491,0.075301
144,0.013135,0.000036,0.000003,0.046091,0.000247,0.000004,0.002302,0.061823
125,0.008633,0.000046,0.000003,0.048656,0.000233,0.000004,0.003588,0.061167
126,0.006571,0.000031,0.000003,0.042756,0.000255,0.000004,0.003728,0.053351
145,0.012349,0.000029,0.000003,0.048200,0.000249,0.000004,0.002335,0.063172
127,0.006532,0.000028,0.000003,0.042012,0.000268,0.000004,0.003792,0.052643
146,0.017907,0.000042,0.000003,0.045859,0.000243,0.000004,0.002153,0.066214
147,0.006674,0.000032,0.000003,0.039565,0.000232,0.000004,0.002229,0.048742
148,0.006422,0.000028,0.000002,0.004461,0.000241,0.000005,0.002054,0.013216
149,0.006544,0.000033,0.000003,0.045400,0.000248,0.000003,0.002581,0.054815
150,0.013154,0.000033,0.000003,0.038580,0.000232,0.000004,0.002175,0.054184
151,0.006737,0.000033,0.000003,0.007343,0.000252,0.000004,0.002123,0.016498
152,0.012058,0.000029,0.000003,0.041270,0.000232,0.000004,0.002253,0.055851
153,0.012362,0.000030,0.000003,0.045927,0.000249,0.000004,0.002122,0.060700
154,0.012167,0.000030,0.000003,0.048837,0.000275,0.000004,0.002719,0.064038
155,0.013031,0.000039,0.000003,0.045612,0.000282,0.000004,0.002240,0.061216
156,0.006798,0.000037,0.000003,0.041821,0.000246,0.000004,0.001970,0.050882
157,0.013152,0.000033,0.000003,0.047241,0.000264,0.000005,0.002098,0.062800
158,0.012791,0.000034,0.000009,0.032272,0.000234,0.000004,0.002165,0.047511
159,0.012155,0.000033,0.000003,0.032244,0.000245,0.000004,0.001976,0.046663
160,0.012708,0.000035,0.000003,0.012075,0.000227,0.000004,0.001992,0.027045
161,0.011361,0.000031,0.000002,0.007145,0.000242,0.000004,0.001959,0.020747
162,0.012903,0.000026,0.000003,0.007934,0.000222,0.000003,0.002015,0.023111
163,0.011742,0.000033,0.000003,0.031965,0.000240,0.000004,0.002010,0.046000
164,0.005293,0.000028,0.000002,0.025992,0.000219,0.000004,0.001789,0.033330
165,0.011546,0.000032,0.000002,0.009572,0.000215,0.000004,0.002007,0.023382
166,0.011062,0.000025,0.000002,0.027229,0.003482,0.000008,0.002046,0.043865
167,0.006332,0.000025,0.000004,0.020731,0.000232,0.000004,0.001780,0.029111
168,0.005806,0.000025,0.000002,0.009017,0.000278,0.000004,0.002211,0.017347
169,0.006667,0.000030,0.000003,0.029038,0.000215,0.000004,0.001886,0.037846
170,0.011867,0.000031,0.000002,0.007636,0.000216,0.000004,0.001885,0.021644
171,0.011274,0.000025,0.000003,0.006945,0.000233,0.000004,0.001956,0.020443
172,0.005684,0.000026,0.000002,0.003407,0.000218,0.000004,0.001985,0.011329
173,0.010116,0.000029,0.000002,0.003480,0.000212,0.000003,0.001847,0.015693
174,0.012391,0.000032,0.000003,0.011330,0.000227,0.000004,0.002096,0.026085
175,0.011281,0.000028,0.000003,0.022872,0.000228,0.000004,0.001683,0.036101
176,0.011914,0.000033,0.000003,0.032839,0.000298,0.000004,0.001984,0.047078
177,0.012415,0.000031,0.000003,0.031511,0.000261,0.000004,0.002001,0.046229
178,0.005265,0.000026,0.000002,0.003379,0.000234,0.000005,0.001972,0.010886
179,0.012295,0.000027,0.000002,0.004146,0.000212,0.000004,0.001935,0.018623
180,0.011763,0.000041,0.000002,0.025235,0.000226,0.000004,0.002113,0.039387
181,0.006238,0.000037,0.000003,0.007340,0.000279,0.000005,0.002235,0.016139
182,0.012588,0.000032,0.000002,0.007900,0.000272,0.000004,0.002190,0.022992
183,0.010866,0.000034,0.000003,0.025053,0.000222,0.000004,0.001805,0.037989
184,0.012744,0.000035,0.000003,0.027313,0.000247,0.000004,0.001901,0.042250
185,0.011189,0.000030,0.000002,0.026018,0.000225,0.000005,0.001931,0.039402
186,0.010955,0.000028,0.000003,0.022518,0.000214,0.000004,0.001735,0.035461
187,0.011297,0.000029,0.000003,0.020758,0.000223,0.000004,0.001938,0.034254
188,0.011703,0.000032,0.000003,0.028468,0.000245,0.000004,0.001966,0.042422
189,0.012718,0.000035,0.000003,0.021963,0.000237,0.000003,0.001901,0.036864
190,0.004856,0.000022,0.000002,0.021516,0.000213,0.000004,0.001777,0.028394
191,0.010989,0.000029,0.000003,0.023225,0.000235,0.000004,0.001886,0.036373
128,0.018421,0.000043,0.000003,0.010127,0.000307,0.000004,0.001265,0.030183
129,0.006163,0.000027,0.000002,0.004256,0.000221,0.000004,0.001339,0.012014
130,0.005528,0.000027,0.000003,0.031881,0.000232,0.000004,0.001205,0.038884
131,0.005998,0.000027,0.000003,0.030722,0.000228,0.000004,0.001175,0.038160
132,0.005307,0.000027,0.000003,0.004707,0.000238,0.000004,0.001056,0.011344
133,0.006807,0.000033,0.000003,0.032283,0.000257,0.000004,0.001192,0.040582
134,0.005763,0.000028,0.000003,0.007189,0.000225,0.000004,0.001017,0.014232
135,0.005307,0.000027,0.000003,0.030892,0.000263,0.000004,0.001178,0.037677
136,0.006770,0.000031,0.000003,0.009264,0.000252,0.000004,0.001118,0.017445
137,0.005221,0.000027,0.000002,0.002765,0.000219,0.000004,0.000969,0.009209
138,0.006250,0.000036,0.000003,0.039534,0.000259,0.000004,0.001104,0.047192
139,0.006299,0.000034,0.000004,0.012378,0.000257,0.000004,0.001114,0.020093
140,0.006507,0.000028,0.000003,0.004476,0.000216,0.000004,0.001065,0.012301
141,0.011806,0.000029,0.000003,0.032804,0.000217,0.000004,0.001018,0.045885
142,0.006097,0.000028,0.000003,0.033469,0.000242,0.000004,0.001112,0.040957
143,0.006088,0.000026,0.000003,0.007203,0.000234,0.000004,0.001070,0.014629
144,0.005003,0.000025,0.000003,0.028885,0.000210,0.000004,0.001017,0.035150
145,0.006256,0.000026,0.000002,0.008451,0.000223,0.000004,0.001063,0.016028
146,0.005354,0.000028,0.000003,0.007196,0.000223,0.000004,0.000976,0.013787
147,0.007049,0.000035,0.000003,0.027808,0.000248,0.000004,0.001065,0.036215
148,0.006810,0.000032,0.000003,0.028605,0.000351,0.000004,0.001053,0.036865
149,0.006733,0.000035,0.000004,0.032178,0.000244,0.000004,0.001065,0.040267
150,0.006068,0.000030,0.000003,0.033402,0.000251,0.000004,0.001104,0.040864
151,0.006226,0.000030,0.000003,0.025776,0.000219,0.000004,0.001008,0.033268
152,0.005875,0.000025,0.000003,0.004055,0.000219,0.000004,0.001014,0.011198
153,0.005127,0.000027,0.000003,0.026379,0.000218,0.000004,0.000924,0.032685
154,0.005906,0.000025,0.000002,0.026970,0.000274,0.000004,0.001032,0.034216
155,0.006499,0.000026,0.000003,0.003311,0.000214,0.000003,0.001047,0.011104
156,0.006192,0.000030,0.000003,0.029541,0.000224,0.000004,0.001024,0.037020
157,0.006258,0.000030,0.000003,0.030900,0.000241,0.000004,0.001103,0.038541
158,0.006047,0.000029,0.000003,0.031418,0.000252,0.000004,0.000988,0.038745
159,0.005364,0.000024,0.000003,0.024095,0.000233,0.000004,0.000957,0.030682
160,0.008943,0.000030,0.000003,0.008982,0.000247,0.000004,0.001006,0.019217
161,0.006009,0.000024,0.000003,0.007499,0.000230,0.000003,0.001073,0.014845
162,0.005873,0.000031,0.000003,0.028292,0.000227,0.000004,0.001064,0.035496
163,0.006355,0.000027,0.000002,0.033576,0.000235,0.000004,0.001136,0.041340
164,0.006642,0.000032,0.000003,0.008198,0.000233,0.000004,0.001101,0.016217
165,0.006271,0.000032,0.000003,0.027168,0.000238,0.000004,0.001014,0.034733
166,0.006488,0.000035,0.000003,0.032197,0.000247,0.000004,0.001241,0.040218
167,0.006952,0.000030,0.000003,0.028958,0.000238,0.000004,0.001077,0.037266
168,0.005504,0.000030,0.000003,0.007167,0.000220,0.000003,0.000968,0.013899
169,0.005134,0.000021,0.000003,0.035832,0.000254,0.000004,0.001039,0.042290
170,0.011736,0.000032,0.000003,0.037698,0.000236,0.000004,0.001034,0.050746
171,0.006103,0.000026,0.000003,0.030348,0.000233,0.000004,0.001043,0.037764
172,0.006363,0.000028,0.000003,0.025111,0.000230,0.000004,0.001052,0.032792
173,0.006352,0.000035,0.000003,0.012624,0.000253,0.000004,0.001105,0.020378
174,0.006152,0.000027,0.000003,0.033555,0.000243,0.000004,0.001094,0.041081
175,0.006343,0.000029,0.000003,0.031560,0.000246,0.000004,0.001076,0.039263
176,0.006073,0.000024,0.000003,0.032280,0.000238,0.000004,0.001045,0.039670
177,0.006286,0.000026,0.000003,0.022742,0.000238,0.000004,0.001126,0.030426
178,0.006363,0.000030,0.000003,0.006336,0.000225,0.000004,0.001050,0.014014
179,0.005865,0.000025,0.000003,0.028746,0.000253,0.000004,0.001041,0.035940
180,0.006271,0.000026,0.000003,0.028046,0.000248,0.000004,0.001024,0.035624
181,0.006158,0.000035,0.000003,0.023140,0.000237,0.000004,0.000990,0.030570
182,0.006471,0.000032,0.000003,0.042512,0.000238,0.000005,0.001064,0.050328
183,0.006408,0.000032,0.000003,0.016943,0.000245,0.000004,0.001015,0.024653
184,0.006074,0.000023,0.000003,0.019802,0.000227,0.000004,0.001014,0.027150
185,0.006047,0.000026,0.000003,0.021024,0.000217,0.000004,0.001005,0.028330
186,0.005565,0.000024,0.000003,0.021183,0.000214,0.000004,0.000987,0.027982
187,0.004771,0.000019,0.000003,0.022399,0.000234,0.000004,0.000961,0.028394
188,0.005896,0.000022,0.000003,0.009320,0.000216,0.000004,0.000997,0.016460
189,0.005692,0.000025,0.000003,0.004572,0.000215,0.000004,0.000960,0.011472
190,0.005811,0.000024,0.000002,0.021308,0.000233,0.000004,0.001008,0.028394
191,0.011549,0.000025,0.000003,0.003794,0.000203,0.000004,0.001037,0.016616
128,0.020513,0.000026,0.000004,0.038885,0.000226,0.000004,0.001137,0.060796
129,0.005209,0.000023,0.000003,0.029966,0.000239,0.000004,0.001119,0.036566
130,0.006845,0.000033,0.000004,0.044832,0.000271,0.000004,0.001174,0.053166
131,0.011106,0.000032,0.000006,0.011650,0.000249,0.000004,0.001081,0.024131
132,0.011168,0.000025,0.000003,0.034494,0.000214,0.000003,0.001080,0.046991
133,0.012004,0.000028,0.000004,0.007497,0.000217,0.000004,0.001482,0.021240
134,0.007056,0.000029,0.000004,0.003931,0.000248,0.000004,0.001301,0.012577
135,0.008813,0.000028,0.000004,0.032323,0.000225,0.000004,0.001223,0.042622
136,0.006674,0.000034,0.000004,0.008032,0.000227,0.000003,0.001125,0.016102
137,0.005887,0.000024,0.000003,0.034545,0.000243,0.000004,0.001144,0.041853
138,0.012600,0.000026,0.000003,0.041405,0.000348,0.000004,0.001170,0.055563
139,0.010816,0.000028,0.000008,0.040733,0.000229,0.000003,0.001166,0.052987
140,0.012044,0.000028,0.000003,0.039575,0.000225,0.000004,0.001140,0.053021
141,0.012214,0.000027,0.000004,0.008603,0.000224,0.000004,0.001150,0.022227
142,0.014237,0.000035,0.000003,0.003532,0.000242,0.000003,0.001153,0.019209
143,0.011153,0.000032,0.000003,0.035559,0.000233,0.000004,0.001098,0.048085
144,0.006167,0.000027,0.000003,0.032650,0.000231,0.000004,0.001187,0.040272
145,0.006291,0.000030,0.000004,0.033615,0.000205,0.000004,0.001132,0.041284
146,0.004991,0.000022,0.000003,0.040319,0.000210,0.000004,0.001106,0.046658
147,0.005951,0.000025,0.000003,0.036527,0.000222,0.000004,0.001106,0.043839
148,0.005849,0.000030,0.000003,0.012500,0.000263,0.000005,0.001138,0.019792
149,0.009750,0.000027,0.000004,0.008471,0.000205,0.000004,0.001105,0.019569
150,0.006278,0.000027,0.000004,0.040712,0.000228,0.000003,0.001483,0.048738
151,0.012560,0.000031,0.000003,0.035971,0.000245,0.000004,0.001193,0.050009
152,0.011502,0.000029,0.000003,0.031659,0.000227,0.000004,0.001176,0.044603
153,0.011712,0.000029,0.000003,0.032820,0.000221,0.000003,0.001312,0.046104
154,0.007095,0.000033,0.000003,0.034592,0.000249,0.000004,0.001147,0.043127
155,0.009732,0.000029,0.000004,0.028697,0.000238,0.000004,0.001104,0.039811
156,0.011888,0.000032,0.000004,0.006309,0.000218,0.000004,0.001115,0.019573
157,0.006158,0.000028,0.000004,0.010453,0.000243,0.000003,0.001252,0.018144
158,0.011279,0.000032,0.000004,0.036367,0.000253,0.000004,0.001151,0.049093
159,0.012493,0.000030,0.000004,0.034269,0.000229,0.000004,0.001183,0.048214
160,0.012359,0.000029,0.000003,0.034615,0.000206,0.000003,0.001109,0.048328
161,0.018919,0.000055,0.000005,0.031883,0.000257,0.000005,0.001193,0.052321
162,0.010281,0.000033,0.000004,0.038948,0.000238,0.000004,0.001118,0.050628
163,0.011266,0.000025,0.000003,0.034743,0.000228,0.000004,0.001143,0.047415
164,0.012497,0.000027,0.000003,0.037383,0.000225,0.000004,0.001146,0.051288
165,0.006349,0.000023,0.000003,0.005785,0.000200,0.000004,0.001031,0.013397
166,0.005961,0.000028,0.000003,0.004840,0.000214,0.000004,0.001245,0.012297
167,0.005939,0.000030,0.000004,0.007623,0.000233,0.000004,0.001161,0.014997
168,0.005160,0.000026,0.000003,0.038914,0.000355,0.000004,0.001129,0.045601
169,0.014005,0.000032,0.000004,0.039806,0.000217,0.000004,0.001125,0.055197
170,0.012758,0.000030,0.000003,0.036202,0.000223,0.000004,0.001170,0.050391
171,0.009677,0.000030,0.000003,0.037248,0.000233,0.000004,0.001109,0.048307
172,0.012411,0.000026,0.000003,0.036720,0.000283,0.000004,0.001217,0.050667
173,0.011095,0.000024,0.000004,0.005802,0.000215,0.000004,0.001060,0.018207
174,0.010883,0.000034,0.000003,0.032037,0.000238,0.000004,0.001133,0.044335
175,0.006460,0.000028,0.000003,0.033606,0.000223,0.000003,0.001116,0.041442
176,0.011317,0.000034,0.000004,0.041939,0.000232,0.000004,0.001186,0.054719
177,0.011523,0.000026,0.000004,0.035434,0.000236,0.000003,0.001061,0.048291
178,0.012896,0.000026,0.000003,0.035102,0.000219,0.000004,0.001160,0.049412
179,0.010878,0.000029,0.000003,0.031748,0.000234,0.000004,0.001154,0.044054
180,0.011399,0.000025,0.000003,0.008650,0.000223,0.000003,0.001115,0.021422
181,0.014588,0.000028,0.000004,0.030043,0.000221,0.000003,0.001454,0.046344
182,0.006074,0.000023,0.000003,0.029387,0.000228,0.000003,0.001116,0.036838
183,0.007509,0.000030,0.000003,0.030998,0.000235,0.000004,0.001152,0.039935
184,0.007552,0.000028,0.000003,0.026749,0.000232,0.000004,0.001024,0.035595
185,0.007376,0.000026,0.000003,0.034396,0.000232,0.000004,0.001170,0.043212
186,0.011843,0.000030,0.000003,0.022698,0.000223,0.000004,0.001010,0.035812
187,0.011992,0.000027,0.000004,0.028106,0.000226,0.000004,0.001153,0.041515
188,0.010674,0.000025,0.000003,0.030330,0.000220,0.000004,0.001024,0.042283
189,0.013082,0.000030,0.000003,0.037777,0.000279,0.000004,0.001162,0.052342
190,0.012500,0.000026,0.000007,0.024925,0.000237,0.000004,0.001123,0.038825
191,0.007448,0.000028,0.000004,0.028865,0.000215,0.000003,0.001171,0.037737
128,0.016907,0.000050,0.000004,0.025225,0.000325,0.000004,0.001413,0.043937
129,0.005839,0.000033,0.000003,0.005523,0.000223,0.000004,0.001316,0.012943
130,0.006185,0.000031,0.000003,0.007709,0.000222,0.000004,0.001422,0.015579
131,0.008057,0.000024,0.000002,0.022164,0.000228,0.000004,0.001244,0.031727
132,0.005750,0.000027,0.000003,0.026373,0.000280,0.000003,0.001529,0.033969
133,0.005720,0.000027,0.000002,0.026048,0.000261,0.000004,0.001468,0.033533
134,0.005716,0.000026,0.000002,0.034431,0.000270,0.000004,0.001467,0.041919
135,0.006108,0.000025,0.000003,0.003059,0.000221,0.000004,0.001324,0.010748
136,0.005542,0.000023,0.000002,0.005584,0.000216,0.000004,0.001330,0.012705
137,0.005691,0.000023,0.000002,0.022948,0.000252,0.000003,0.001452,0.030375
138,0.005757,0.000026,0.000002,0.004402,0.000229,0.000004,0.001424,0.011847
139,0.004683,0.000021,0.000003,0.002172,0.000195,0.000003,0.001166,0.008245
140,0.005500,0.000021,0.000002,0.023620,0.000244,0.000004,0.001429,0.030823
141,0.005656,0.000024,0.000003,0.022188,0.000243,0.000003,0.001464,0.029583
142,0.005834,0.000027,0.000002,0.029823,0.000258,0.000004,0.001494,0.037445
143,0.005733,0.000025,0.000002,0.033656,0.000240,0.000004,0.001660,0.041325
144,0.009693,0.000029,0.000003,0.026539,0.000234,0.000004,0.001372,0.037876
145,0.005189,0.000025,0.000003,0.027564,0.000263,0.000004,0.001338,0.034388
146,0.009946,0.000030,0.000002,0.026087,0.000231,0.000004,0.001365,0.037669
147,0.005894,0.000027,0.000002,0.023480,0.000237,0.000004,0.001475,0.031122
148,0.006240,0.000030,0.000003,0.007577,0.000262,0.000005,0.001470,0.015588
149,0.004946,0.000022,0.000002,0.006410,0.000215,0.000004,0.001251,0.012855
150,0.005743,0.000023,0.000002,0.028764,0.000241,0.000003,0.001583,0.036364
151,0.005817,0.000024,0.000002,0.026243,0.000234,0.000004,0.001454,0.033781
152,0.005748,0.000028,0.000003,0.010435,0.000230,0.000004,0.001392,0.017841
153,0.004925,0.000022,0.000002,0.025764,0.000250,0.000003,0.001402,0.032372
154,0.005634,0.000026,0.000002,0.024299,0.000244,0.000003,0.001484,0.031695
155,0.012766,0.000037,0.000003,0.023215,0.000249,0.000003,0.001509,0.037786
156,0.005696,0.000025,0.000003,0.023793,0.000261,0.000004,0.001446,0.031230
157,0.005584,0.000025,0.000003,0.029959,0.000243,0.000004,0.001418,0.037239
158,0.005897,0.000024,0.000002,0.024791,0.000242,0.000004,0.001456,0.032419
159,0.005917,0.000025,0.000002,0.023462,0.000234,0.000004,0.001334,0.030981
160,0.005897,0.000025,0.000002,0.006901,0.000224,0.000004,0.001350,0.014407
161,0.005769,0.000023,0.000002,0.023600,0.000235,0.000004,0.001476,0.031111
162,0.005682,0.000023,0.000003,0.025901,0.000346,0.000004,0.001347,0.033312
163,0.006292,0.000025,0.000003,0.027317,0.000256,0.000004,0.001495,0.035395
164,0.006043,0.000027,0.000002,0.003818,0.000243,0.000005,0.001608,0.011750
165,0.005353,0.000024,0.000003,0.021161,0.000240,0.000004,0.001336,0.028124
166,0.006566,0.000031,0.000003,0.007216,0.000255,0.000004,0.001428,0.015507
167,0.005617,0.000023,0.000002,0.027119,0.000332,0.000004,0.001486,0.034587
168,0.008704,0.000031,0.000002,0.025950,0.000244,0.000004,0.001458,0.036398
169,0.009854,0.000029,0.000003,0.026125,0.000233,0.000004,0.001440,0.037691
170,0.005891,0.000025,0.000003,0.007009,0.000228,0.000003,0.001349,0.014512
171,0.005606,0.000024,0.000003,0.021743,0.000244,0.000003,0.001408,0.029035
172,0.012996,0.000032,0.000003,0.030506,0.000258,0.000004,0.001717,0.045521
173,0.005075,0.000022,0.000002,0.024641,0.000240,0.000004,0.001372,0.031360
174,0.005913,0.000028,0.000003,0.023257,0.000244,0.000004,0.001501,0.030954
175,0.005769,0.000024,0.000003,0.018531,0.000249,0.000004,0.001454,0.026036
176,0.005774,0.000022,0.000003,0.018399,0.000240,0.000004,0.001429,0.025874
177,0.004985,0.000023,0.000002,0.020607,0.000228,0.000004,0.001313,0.027166
128,0.013444,0.000036,0.000004,0.044918,0.000264,0.000005,0.000983,0.059658
178,0.006246,0.000030,0.000003,0.027611,0.000244,0.000004,0.001471,0.035613
129,0.005265,0.000025,0.000003,0.002897,0.000275,0.000005,0.001208,0.009683
130,0.006293,0.000026,0.000003,0.008217,0.000225,0.000004,0.000916,0.015689
179,0.004918,0.000023,0.000002,0.019855,0.000235,0.000004,0.001342,0.026383
180,0.004933,0.000024,0.000002,0.025359,0.000241,0.000004,0.001234,0.031801
131,0.006205,0.000026,0.000003,0.035420,0.000244,0.000004,0.000846,0.042752
181,0.004983,0.000025,0.000002,0.026125,0.000243,0.000003,0.001332,0.032717
132,0.005337,0.000024,0.000003,0.036591,0.000226,0.000004,0.000826,0.043014
182,0.005578,0.000024,0.000003,0.020692,0.000244,0.000004,0.001525,0.028075
183,0.005956,0.000030,0.000003,0.006126,0.000252,0.000005,0.001697,0.014071
184,0.005114,0.000021,0.000002,0.002101,0.000199,0.000004,0.001286,0.008729
133,0.006204,0.000033,0.000003,0.044795,0.000268,0.000004,0.000876,0.052188
185,0.006458,0.000029,0.000003,0.020813,0.000229,0.000004,0.001484,0.029023
134,0.006199,0.000030,0.000003,0.040763,0.000223,0.000004,0.000888,0.048114
186,0.005748,0.000023,0.000002,0.019344,0.000231,0.000004,0.001424,0.026781
135,0.005929,0.000028,0.000003,0.009170,0.000270,0.000005,0.000955,0.016364
187,0.005820,0.000023,0.000003,0.022647,0.000251,0.000004,0.001338,0.030088
188,0.005611,0.000024,0.000003,0.019370,0.000244,0.000004,0.001405,0.026665
136,0.006414,0.000030,0.000003,0.041953,0.000256,0.000004,0.000848,0.049513
189,0.005668,0.000026,0.000003,0.023791,0.000261,0.000004,0.001506,0.031261
137,0.006140,0.000027,0.000003,0.035783,0.000239,0.000004,0.000815,0.043016
190,0.018758,0.000036,0.000003,0.022047,0.000278,0.000004,0.001416,0.042544
191,0.005733,0.000024,0.000002,0.023112,0.000249,0.000004,0.001514,0.030642
138,0.007023,0.000032,0.000004,0.048973,0.000258,0.000005,0.000857,0.057155
139,0.006818,0.000034,0.000005,0.042018,0.000243,0.000004,0.000933,0.050058
140,0.006377,0.000027,0.000003,0.042357,0.000240,0.000004,0.000870,0.049882
141,0.005993,0.000026,0.000003,0.011772,0.000293,0.000004,0.000924,0.019019
142,0.006240,0.000028,0.000003,0.041725,0.000248,0.000004,0.000820,0.049073
143,0.006229,0.000031,0.000004,0.040163,0.000235,0.000004,0.000850,0.047520
144,0.005177,0.000027,0.000003,0.039820,0.000237,0.000005,0.000736,0.046007
145,0.006306,0.000031,0.000003,0.040380,0.000247,0.000004,0.000861,0.047835
146,0.006108,0.000029,0.000003,0.041914,0.000375,0.000013,0.000871,0.049320
147,0.006515,0.000035,0.000004,0.040315,0.000251,0.000004,0.000881,0.048009
148,0.006252,0.000037,0.000003,0.009584,0.000305,0.000005,0.001007,0.017197
149,0.006850,0.000031,0.000003,0.040735,0.000237,0.000004,0.000827,0.048691
150,0.006040,0.000032,0.000003,0.043376,0.000245,0.000004,0.001058,0.050762
151,0.005263,0.000028,0.000003,0.037060,0.000222,0.000004,0.000889,0.043471
152,0.005381,0.000025,0.000003,0.043847,0.000238,0.000004,0.000757,0.050257
153,0.005984,0.000027,0.000003,0.045047,0.000260,0.000004,0.000876,0.052206
154,0.005339,0.000028,0.000003,0.037072,0.000233,0.000004,0.000793,0.043475
155,0.006005,0.000028,0.000003,0.040325,0.000278,0.000005,0.000860,0.047508
156,0.005162,0.000027,0.000003,0.037219,0.000258,0.000004,0.000748,0.043425
157,0.007278,0.000032,0.000004,0.009616,0.000258,0.000004,0.000803,0.018000
158,0.005921,0.000029,0.000004,0.035463,0.000235,0.000004,0.000827,0.042487
159,0.005859,0.000029,0.000003,0.008161,0.000269,0.000004,0.000826,0.015155
160,0.006287,0.000026,0.000003,0.036849,0.000241,0.000004,0.000808,0.044222
161,0.005993,0.000032,0.000003,0.033423,0.000258,0.000004,0.000866,0.040582
162,0.006091,0.000033,0.000003,0.041971,0.000272,0.000004,0.000904,0.049282
163,0.005516,0.000030,0.000003,0.034468,0.000233,0.000004,0.000758,0.041017
164,0.006207,0.000031,0.000003,0.007811,0.000286,0.000005,0.001010,0.015356
165,0.006840,0.000028,0.000003,0.008203,0.000246,0.000004,0.000886,0.016213
166,0.005764,0.000028,0.000003,0.040807,0.000312,0.000004,0.000853,0.047774
167,0.006328,0.000030,0.000003,0.040699,0.000268,0.000005,0.000843,0.048179
168,0.005266,0.000030,0.000003,0.037492,0.000229,0.000004,0.000733,0.043760
169,0.005261,0.000025,0.000003,0.036121,0.000238,0.000004,0.000726,0.042382
170,0.006016,0.000028,0.000003,0.037583,0.000253,0.000004,0.000841,0.044731
171,0.006267,0.000028,0.000004,0.036691,0.000267,0.000005,0.000789,0.044055
172,0.005898,0.000032,0.000003,0.037738,0.000244,0.000004,0.000840,0.044762
173,0.005399,0.000025,0.000003,0.037694,0.000256,0.000005,0.000833,0.044219
174,0.006332,0.000040,0.000003,0.040156,0.000249,0.000004,0.000791,0.047580
175,0.006136,0.000035,0.000003,0.007860,0.000265,0.000004,0.000843,0.015150
176,0.006040,0.000026,0.000003,0.064945,0.000398,0.000005,0.001362,0.072784
177,0.008624,0.000049,0.000005,0.057058,0.000361,0.000005,0.001110,0.067216
178,0.007864,0.000033,0.000004,0.054682,0.000373,0.000006,0.001224,0.064192
179,0.007071,0.000034,0.000003,0.049012,0.000339,0.000007,0.001224,0.057695
180,0.007988,0.000041,0.000005,0.004996,0.000356,0.000008,0.001477,0.014875
181,0.008523,0.000056,0.000007,0.011140,0.000361,0.000008,0.001413,0.021513
182,0.007753,0.000049,0.000004,0.061298,0.000308,0.000005,0.001171,0.070593
183,0.008758,0.000037,0.000004,0.076461,0.000313,0.000005,0.001181,0.086764
184,0.006485,0.000033,0.000003,0.035202,0.000251,0.000004,0.000794,0.042775
185,0.005841,0.000031,0.000003,0.034595,0.000241,0.000004,0.000836,0.041554
186,0.005754,0.000027,0.000003,0.041338,0.000280,0.000004,0.000811,0.048221
187,0.005995,0.000028,0.000003,0.003852,0.000216,0.000005,0.000768,0.010869
188,0.004784,0.000023,0.000003,0.031966,0.000236,0.000004,0.000720,0.037740
189,0.006037,0.000027,0.000003,0.034991,0.000230,0.000004,0.000775,0.042071
190,0.005925,0.000024,0.000003,0.027350,0.000228,0.000004,0.000820,0.034357
191,0.005772,0.000027,0.000003,0.028502,0.000219,0.000004,0.000753,0.035285
128,0.013554,0.000034,0.000003,0.024479,0.000237,0.000004,0.002385,0.040699
129,0.005197,0.000025,0.000003,0.006660,0.000263,0.000005,0.002792,0.014948
130,0.007039,0.000034,0.000003,0.036716,0.000315,0.000004,0.002833,0.046949
131,0.006050,0.000029,0.000003,0.025088,0.000240,0.000004,0.002501,0.033919
132,0.006180,0.000029,0.000003,0.008707,0.000250,0.000004,0.003215,0.018392
133,0.006239,0.000027,0.000002,0.006583,0.000245,0.000004,0.002712,0.015816
134,0.008936,0.000027,0.000003,0.034234,0.000258,0.000004,0.003024,0.046490
135,0.006789,0.000026,0.000003,0.038114,0.000261,0.000004,0.002937,0.048138
136,0.006271,0.000032,0.000003,0.008061,0.000272,0.000004,0.002837,0.017484
137,0.006132,0.000026,0.000003,0.042738,0.000247,0.000004,0.002822,0.051976
138,0.005478,0.000025,0.000003,0.003436,0.000223,0.000004,0.002431,0.011603
139,0.005862,0.000024,0.000003,0.032281,0.000252,0.000004,0.002911,0.041341
140,0.006250,0.000029,0.000003,0.027891,0.000263,0.000004,0.002793,0.037237
141,0.006153,0.000032,0.000003,0.005996,0.000252,0.000003,0.002652,0.015095
142,0.006020,0.000027,0.000003,0.031906,0.000238,0.000004,0.003381,0.041583
143,0.006405,0.000029,0.000003,0.030978,0.000238,0.000004,0.002741,0.040404
144,0.006267,0.000028,0.000003,0.039817,0.000276,0.000004,0.002698,0.049097
145,0.006739,0.000028,0.000003,0.005130,0.000229,0.000004,0.002657,0.014792
146,0.006266,0.000031,0.000002,0.032136,0.000236,0.000005,0.002645,0.041326
147,0.006639,0.000032,0.000003,0.003745,0.000262,0.000004,0.003063,0.013752
148,0.015054,0.000032,0.000004,0.034632,0.000243,0.000005,0.003183,0.053157
149,0.006327,0.000027,0.000003,0.030576,0.000242,0.000004,0.002795,0.039978
150,0.006418,0.000025,0.000003,0.003450,0.000222,0.000004,0.002625,0.012750
151,0.006519,0.000033,0.000003,0.029424,0.000234,0.000004,0.002727,0.038948
152,0.006060,0.000026,0.000003,0.004563,0.000224,0.000004,0.002631,0.013515
153,0.006053,0.000034,0.000003,0.008537,0.000265,0.000004,0.002674,0.017574
154,0.006161,0.000030,0.000003,0.026279,0.000233,0.000004,0.002724,0.035438
155,0.006543,0.000032,0.000003,0.034879,0.000375,0.000004,0.002700,0.044544
156,0.007428,0.000029,0.000004,0.011813,0.000236,0.000004,0.002729,0.022246
157,0.006437,0.000031,0.000003,0.028207,0.000239,0.000004,0.003160,0.038085
158,0.005111,0.000023,0.000003,0.003373,0.000220,0.000004,0.002766,0.011501
159,0.005233,0.000021,0.000003,0.039963,0.000286,0.000004,0.002934,0.048447
160,0.005859,0.000028,0.000003,0.033594,0.000260,0.000004,0.002869,0.042621
161,0.005417,0.000035,0.000003,0.029762,0.000220,0.000004,0.002789,0.038234
162,0.006252,0.000028,0.000003,0.038679,0.000256,0.000004,0.002864,0.048089
163,0.005510,0.000025,0.000003,0.028136,0.000230,0.000004,0.002454,0.036367
164,0.006268,0.000031,0.000003,0.035307,0.000263,0.000004,0.002669,0.044549
165,0.006494,0.000034,0.000002,0.029968,0.000255,0.000004,0.002980,0.039741
166,0.006625,0.000035,0.000003,0.005304,0.000224,0.000004,0.003213,0.015411
167,0.005685,0.000025,0.000003,0.038956,0.000245,0.000004,0.003134,0.048055
168,0.005970,0.000025,0.000003,0.033673,0.000237,0.000004,0.002587,0.042503
169,0.005763,0.000032,0.000003,0.038448,0.000239,0.000004,0.002623,0.047116
170,0.005906,0.000026,0.000003,0.029537,0.000249,0.000004,0.002661,0.038389
171,0.005303,0.000034,0.000003,0.033646,0.000235,0.000004,0.002902,0.042131
172,0.005182,0.000023,0.000003,0.041415,0.000375,0.000004,0.002918,0.049930
173,0.007417,0.000040,0.000004,0.030017,0.000256,0.000004,0.002793,0.040533
174,0.006254,0.000029,0.000003,0.031813,0.000242,0.000004,0.002640,0.040987
128,0.012204,0.000032,0.000005,0.040430,0.000272,0.000005,0.004101,0.057055
175,0.006599,0.000034,0.000003,0.007612,0.000269,0.000004,0.002701,0.017225
176,0.006182,0.000027,0.000003,0.007334,0.000223,0.000004,0.002592,0.016367
129,0.006288,0.000028,0.000002,0.041367,0.000257,0.000004,0.004122,0.052073
177,0.005664,0.000026,0.000003,0.025989,0.000232,0.000004,0.002417,0.034338
130,0.006428,0.000028,0.000005,0.004242,0.000217,0.000004,0.004297,0.015224
178,0.006162,0.000030,0.000003,0.027848,0.000238,0.000005,0.002621,0.036911
131,0.006090,0.000025,0.000002,0.035189,0.000242,0.000004,0.003816,0.045372
179,0.005250,0.000028,0.000003,0.006777,0.000229,0.000004,0.002407,0.014701
180,0.005960,0.000030,0.000003,0.030489,0.000264,0.000004,0.002595,0.039349
132,0.006012,0.000025,0.000002,0.039016,0.000228,0.000004,0.003551,0.048842
181,0.005306,0.000027,0.000003,0.002462,0.000209,0.000003,0.002394,0.010408
182,0.005108,0.000021,0.000002,0.007035,0.000213,0.000004,0.002354,0.014740
133,0.005479,0.000026,0.000004,0.035080,0.000237,0.000004,0.003298,0.044132
183,0.006039,0.000035,0.000003,0.025407,0.000232,0.000003,0.002629,0.034352
134,0.005429,0.000025,0.000003,0.036969,0.000252,0.000004,0.003347,0.046033
184,0.005103,0.000028,0.000003,0.024301,0.000237,0.000004,0.002798,0.032477
185,0.006500,0.000030,0.000003,0.028020,0.000249,0.000004,0.003339,0.038150
135,0.006133,0.000027,0.000005,0.039110,0.000243,0.000004,0.003649,0.049175
186,0.006199,0.000032,0.000003,0.026351,0.000236,0.000003,0.002953,0.035781
136,0.006163,0.000026,0.000003,0.040531,0.000242,0.000004,0.003685,0.050658
187,0.005994,0.000033,0.000003,0.032744,0.000258,0.000004,0.002729,0.041767
188,0.006049,0.000026,0.000003,0.003200,0.000216,0.000004,0.002550,0.012050
137,0.005992,0.000026,0.000002,0.045685,0.000238,0.000004,0.003609,0.055561
189,0.005013,0.000022,0.000003,0.035949,0.000293,0.000004,0.002407,0.043694
138,0.005090,0.000024,0.000002,0.037731,0.000223,0.000004,0.003084,0.046161
190,0.006688,0.000038,0.000003,0.029698,0.000244,0.000004,0.002669,0.039348
139,0.005944,0.000027,0.000005,0.037560,0.000242,0.000004,0.003843,0.047628
191,0.006905,0.000036,0.000003,0.032231,0.000244,0.000004,0.002758,0.042186
140,0.005915,0.000028,0.000003,0.034796,0.000233,0.000004,0.003273,0.044255
141,0.006052,0.000030,0.000005,0.008416,0.000233,0.000004,0.004117,0.018860
142,0.005167,0.000026,0.000003,0.002668,0.000199,0.000003,0.002950,0.011020
143,0.005612,0.000024,0.000005,0.033130,0.000247,0.000004,0.003325,0.042351
144,0.005990,0.000032,0.000012,0.037519,0.000242,0.000004,0.003725,0.047528
145,0.005947,0.000030,0.000004,0.037712,0.000224,0.000004,0.003673,0.047597
146,0.005155,0.000025,0.000003,0.035633,0.000239,0.000004,0.003501,0.044564
147,0.006002,0.000027,0.000004,0.010783,0.000224,0.000004,0.003335,0.020384
148,0.005056,0.000026,0.000003,0.037559,0.000233,0.000004,0.003001,0.045886
149,0.005769,0.000030,0.000004,0.034878,0.000237,0.000004,0.003964,0.044890
150,0.005090,0.000025,0.000002,0.032941,0.000224,0.000003,0.003366,0.041655
151,0.005893,0.000031,0.000004,0.034954,0.000227,0.000005,0.003700,0.044819
152,0.006344,0.000036,0.000003,0.033526,0.000235,0.000004,0.003711,0.043862
153,0.006306,0.000034,0.000004,0.035188,0.000232,0.000004,0.003648,0.045419
154,0.005985,0.000026,0.000003,0.030833,0.000218,0.000004,0.003249,0.040320
155,0.005934,0.000026,0.000005,0.035311,0.000222,0.000004,0.003272,0.044778
156,0.006665,0.000029,0.000003,0.032385,0.000235,0.000004,0.003632,0.042956
157,0.005917,0.000027,0.000005,0.034451,0.000223,0.000004,0.003687,0.044319
158,0.005949,0.000028,0.000003,0.032239,0.000219,0.000004,0.003775,0.042221
159,0.005773,0.000027,0.000004,0.038788,0.000223,0.000004,0.003432,0.048255
160,0.005840,0.000025,0.000003,0.032701,0.000230,0.000004,0.003876,0.042683
161,0.005908,0.000026,0.000004,0.031266,0.000245,0.000004,0.003807,0.041264
162,0.005926,0.000026,0.000003,0.007493,0.000212,0.000004,0.003486,0.017154
163,0.005057,0.000025,0.000002,0.033540,0.000215,0.000004,0.003044,0.041891
164,0.005071,0.000025,0.000003,0.033673,0.000201,0.000004,0.003105,0.042085
165,0.006155,0.000026,0.000002,0.036308,0.000235,0.000004,0.003573,0.046306
166,0.006053,0.000030,0.000002,0.032728,0.000234,0.000004,0.003543,0.042598
167,0.006098,0.000032,0.000003,0.034758,0.000232,0.000004,0.003404,0.044535
168,0.005048,0.000028,0.000005,0.033657,0.000209,0.000003,0.003254,0.042209
169,0.005791,0.000026,0.000002,0.004260,0.000232,0.000004,0.003778,0.014096
170,0.007301,0.000026,0.000002,0.006603,0.000218,0.000004,0.003040,0.017197
171,0.006008,0.000028,0.000003,0.034225,0.000237,0.000004,0.003577,0.044086
172,0.008013,0.000028,0.000002,0.037371,0.000245,0.000004,0.003686,0.049353
173,0.011939,0.000031,0.000003,0.035869,0.000254,0.000003,0.003366,0.051470
174,0.005334,0.000030,0.000002,0.032850,0.000205,0.000004,0.002931,0.041359
175,0.005835,0.000028,0.000003,0.008451,0.000252,0.000004,0.003358,0.017933
176,0.006580,0.000033,0.000003,0.005608,0.000263,0.000004,0.003694,0.016188
177,0.005702,0.000025,0.000003,0.036247,0.000216,0.000003,0.003350,0.045550
178,0.005805,0.000026,0.000002,0.008329,0.000274,0.000005,0.003942,0.018388
179,0.005339,0.000029,0.000002,0.002800,0.000223,0.000004,0.003041,0.011444
180,0.006486,0.000032,0.000002,0.007910,0.000253,0.000004,0.003958,0.018650
181,0.006853,0.000030,0.000003,0.033899,0.000253,0.000004,0.003745,0.044791
182,0.006226,0.000030,0.000003,0.003880,0.000244,0.000004,0.003954,0.014345
183,0.006373,0.000026,0.000002,0.034806,0.000221,0.000003,0.003637,0.045073
184,0.005019,0.000025,0.000003,0.031048,0.000215,0.000004,0.003008,0.039324
185,0.005838,0.000027,0.000003,0.035425,0.000238,0.000004,0.003369,0.044907
186,0.005108,0.000028,0.000003,0.002681,0.000238,0.000004,0.003524,0.011590
187,0.006561,0.000028,0.000003,0.036767,0.000267,0.000004,0.003614,0.047249
188,0.006588,0.000031,0.000003,0.034386,0.000241,0.000004,0.003500,0.044758
189,0.005289,0.000026,0.000002,0.006863,0.000211,0.000004,0.003016,0.015413
190,0.005693,0.000024,0.000003,0.032011,0.000210,0.000003,0.003276,0.041223
191,0.009471,0.000024,0.000003,0.003320,0.000214,0.000004,0.002983,0.016023
128,0.008552,0.000046,0.000004,0.043726,0.000351,0.000006,0.000626,0.053315
129,0.016348,0.000039,0.000004,0.011943,0.000377,0.000007,0.000564,0.029285
130,0.010599,0.000038,0.000003,0.062891,0.000307,0.000006,0.000607,0.074454
131,0.010414,0.000042,0.000004,0.036894,0.000239,0.000004,0.000399,0.047999
132,0.005797,0.000027,0.000003,0.039336,0.000229,0.000003,0.000382,0.045779
133,0.006382,0.000029,0.000003,0.037281,0.000268,0.000004,0.000433,0.044405
134,0.006044,0.000027,0.000002,0.005800,0.000241,0.000004,0.000392,0.012512
135,0.005786,0.000026,0.000002,0.041762,0.000249,0.000005,0.000415,0.048248
136,0.006656,0.000030,0.000003,0.006695,0.000269,0.000004,0.000419,0.014078
137,0.005161,0.000023,0.000002,0.002492,0.000219,0.000004,0.000396,0.008299
138,0.006659,0.000029,0.000003,0.038796,0.000243,0.000004,0.000418,0.046156
139,0.005270,0.000023,0.000003,0.039256,0.000228,0.000004,0.000392,0.045178
140,0.006034,0.000028,0.000003,0.039297,0.000255,0.000004,0.000409,0.046032
141,0.012593,0.000036,0.000003,0.042791,0.000215,0.000004,0.000446,0.056090
142,0.011186,0.000029,0.000002,0.043653,0.000234,0.000004,0.000417,0.055529
143,0.011350,0.000027,0.000003,0.006598,0.000235,0.000004,0.000451,0.018670
144,0.006204,0.000024,0.000003,0.039533,0.000361,0.000003,0.000412,0.046552
145,0.011467,0.000028,0.000003,0.039167,0.000220,0.000004,0.000424,0.051316
146,0.009764,0.000026,0.000003,0.035056,0.000242,0.000004,0.000384,0.045480
147,0.011711,0.000028,0.000003,0.006158,0.000233,0.000004,0.000410,0.018550
148,0.005196,0.000030,0.000003,0.037394,0.000260,0.000004,0.000431,0.043320
149,0.006193,0.000028,0.000003,0.037853,0.000244,0.000004,0.000400,0.044726
150,0.005808,0.000028,0.000002,0.038903,0.000232,0.000004,0.000403,0.045382
151,0.009664,0.000027,0.000003,0.037199,0.000303,0.000004,0.000436,0.047638
152,0.012041,0.000025,0.000003,0.037458,0.000259,0.000004,0.000448,0.050241
153,0.006964,0.000030,0.000003,0.007431,0.000223,0.000004,0.000398,0.015055
154,0.005902,0.000026,0.000003,0.009943,0.000247,0.000004,0.000424,0.016552
155,0.011236,0.000028,0.000003,0.036077,0.000239,0.000004,0.000384,0.047973
156,0.005281,0.000028,0.000003,0.031623,0.000228,0.000004,0.000328,0.037497
157,0.006086,0.000026,0.000003,0.034333,0.000243,0.000003,0.000359,0.041055
158,0.005638,0.000027,0.000003,0.036675,0.000227,0.000004,0.000392,0.042969
159,0.005830,0.000025,0.000003,0.004911,0.000244,0.000004,0.000392,0.011412
160,0.005556,0.000025,0.000002,0.008040,0.000245,0.000004,0.000359,0.014235
161,0.009781,0.000027,0.000003,0.028540,0.000222,0.000004,0.000341,0.038922
162,0.011049,0.000026,0.000003,0.012022,0.000215,0.000004,0.000349,0.023669
163,0.010028,0.000027,0.000003,0.006140,0.000231,0.000004,0.000332,0.016767
164,0.009660,0.000029,0.000003,0.026855,0.000242,0.000005,0.000323,0.037120
165,0.011064,0.000031,0.000003,0.005969,0.000237,0.000004,0.000345,0.017654
166,0.011205,0.000026,0.000003,0.008826,0.000221,0.000004,0.000350,0.020637
167,0.005571,0.000026,0.000003,0.033213,0.000234,0.000004,0.000342,0.039394
168,0.005940,0.000027,0.000002,0.007559,0.000229,0.000004,0.000369,0.014132
169,0.005656,0.000026,0.000002,0.034493,0.000252,0.000004,0.000677,0.041114
170,0.012728,0.000026,0.000003,0.034550,0.000246,0.000004,0.000485,0.048044
171,0.005742,0.000026,0.000003,0.032748,0.000248,0.000003,0.000373,0.039145
172,0.007335,0.000030,0.000003,0.029404,0.000255,0.000004,0.000465,0.037499
173,0.006372,0.000030,0.000002,0.026124,0.000220,0.000004,0.000389,0.033143
174,0.007099,0.000028,0.000003,0.011520,0.000280,0.000004,0.000430,0.019366
175,0.011937,0.000029,0.000003,0.033168,0.000271,0.000004,0.000393,0.045809
176,0.006313,0.000024,0.000003,0.030956,0.000218,0.000004,0.000380,0.037901
177,0.007105,0.000028,0.000002,0.008965,0.000214,0.000004,0.000469,0.016791
178,0.005627,0.000025,0.000003,0.032453,0.000231,0.000004,0.000425,0.038770
179,0.013978,0.000025,0.000002,0.010908,0.000224,0.000004,0.000410,0.025554
180,0.009776,0.000029,0.000003,0.030067,0.000205,0.000004,0.000498,0.040583
181,0.014148,0.000031,0.000003,0.033075,0.000221,0.000004,0.000485,0.047969
182,0.011179,0.000026,0.000003,0.040237,0.000224,0.000004,0.000422,0.052096
183,0.006863,0.000023,0.000003,0.038466,0.000236,0.000004,0.000427,0.046024
184,0.005899,0.000022,0.000003,0.010557,0.000219,0.000004,0.000401,0.017108
185,0.009337,0.000034,0.000003,0.036530,0.000264,0.000003,0.000395,0.046568
186,0.007354,0.000029,0.000003,0.037097,0.000249,0.000004,0.000383,0.045121
187,0.011652,0.000035,0.000003,0.041550,0.000237,0.000004,0.000384,0.053866
188,0.007158,0.000030,0.000003,0.032421,0.000212,0.000004,0.000371,0.040201
189,0.007213,0.000030,0.000003,0.007047,0.000253,0.000004,0.000491,0.015044
190,0.006535,0.000031,0.000003,0.030989,0.000239,0.000004,0.000442,0.038246
191,0.007097,0.000028,0.000003,0.040655,0.000249,0.000004,0.000408,0.048447
128,0.014052,0.000061,0.000007,0.004587,0.000199,0.000004,0.002824,0.021738
129,0.005351,0.000021,0.000002,0.032001,0.000228,0.000004,0.003766,0.041377
130,0.005888,0.000026,0.000003,0.012636,0.000261,0.000004,0.003257,0.022078
131,0.006052,0.000029,0.000003,0.010542,0.000237,0.000004,0.003783,0.020655
132,0.005928,0.000027,0.000003,0.033976,0.000243,0.000004,0.003381,0.043566
133,0.006159,0.000027,0.000003,0.033919,0.000213,0.000004,0.003239,0.043568
134,0.006750,0.000032,0.000003,0.007848,0.000224,0.000004,0.003263,0.018127
135,0.005079,0.000027,0.000003,0.034911,0.000226,0.000004,0.002929,0.043182
136,0.012063,0.000035,0.000003,0.038561,0.000231,0.000004,0.003335,0.054236
137,0.006068,0.000028,0.000003,0.038137,0.000233,0.000004,0.003306,0.047783
138,0.004724,0.000022,0.000002,0.032635,0.000234,0.000004,0.003209,0.040834
139,0.006092,0.000026,0.000003,0.042558,0.000242,0.000004,0.003441,0.052368
140,0.005746,0.000024,0.000003,0.043886,0.000236,0.000004,0.003231,0.053133
141,0.005844,0.000027,0.000003,0.042133,0.000229,0.000004,0.003339,0.051583
142,0.011114,0.000031,0.000002,0.043021,0.000292,0.000004,0.003223,0.057690
143,0.005783,0.000032,0.000003,0.004134,0.000240,0.000005,0.003576,0.013777
144,0.006900,0.000039,0.000003,0.039795,0.000276,0.000005,0.003395,0.050418
145,0.005882,0.000025,0.000003,0.040507,0.000227,0.000004,0.003141,0.049794
146,0.010309,0.000025,0.000003,0.007591,0.000231,0.000004,0.003891,0.022058
147,0.006155,0.000033,0.000003,0.031489,0.000236,0.000004,0.003361,0.041285
148,0.005949,0.000026,0.000003,0.029989,0.000234,0.000004,0.003308,0.039517
149,0.006853,0.000031,0.000003,0.037553,0.000224,0.000004,0.003376,0.048048
150,0.005270,0.000025,0.000003,0.032985,0.000214,0.000004,0.002964,0.041467
151,0.005254,0.000026,0.000003,0.032474,0.000211,0.000004,0.002944,0.040919
152,0.005872,0.000025,0.000003,0.036768,0.000213,0.000004,0.003186,0.046075
153,0.005849,0.000026,0.000003,0.036701,0.000219,0.000004,0.007838,0.050645
154,0.006929,0.000028,0.000003,0.034823,0.000239,0.000004,0.003331,0.045360
155,0.006061,0.000026,0.000003,0.030412,0.000214,0.000004,0.003325,0.040050
156,0.006078,0.000029,0.000004,0.033629,0.000234,0.000004,0.003278,0.043259
157,0.006207,0.000032,0.000003,0.039067,0.000235,0.000004,0.003289,0.048842
158,0.006253,0.000027,0.000003,0.008815,0.000247,0.000005,0.003833,0.019186
159,0.005934,0.000025,0.000003,0.008260,0.000236,0.000004,0.003195,0.017661
160,0.005970,0.000025,0.000003,0.034623,0.000233,0.000004,0.003178,0.044040
161,0.006250,0.000024,0.000003,0.012018,0.000233,0.000004,0.003257,0.021793
162,0.005980,0.000027,0.000003,0.033244,0.000227,0.000004,0.003406,0.042893
163,0.011686,0.000034,0.000002,0.011122,0.000256,0.000005,0.003140,0.026248
164,0.005933,0.000029,0.000003,0.008199,0.000227,0.000004,0.003084,0.017483
165,0.004821,0.000025,0.000003,0.029698,0.000224,0.000004,0.002940,0.037718
166,0.007414,0.000029,0.000003,0.040126,0.000250,0.000004,0.003283,0.051114
167,0.008946,0.000026,0.000003,0.041895,0.000235,0.000004,0.003281,0.054395
168,0.014361,0.000027,0.000003,0.050576,0.000255,0.000005,0.004026,0.069258
169,0.008809,0.000036,0.000003,0.043006,0.000243,0.000004,0.003409,0.055515
128,0.008906,0.000035,0.000004,0.070242,0.000366,0.000006,0.000553,0.080119
170,0.006301,0.000030,0.000003,0.036224,0.000206,0.000004,0.003185,0.045956
129,0.007857,0.000038,0.000004,0.056553,0.000365,0.000007,0.000545,0.065372
171,0.006010,0.000026,0.000003,0.045366,0.000233,0.000004,0.003415,0.055062
130,0.007841,0.000034,0.000004,0.012550,0.000317,0.000006,0.000535,0.021290
172,0.005454,0.000026,0.000002,0.046462,0.000237,0.000004,0.003002,0.055191
131,0.007770,0.000036,0.000004,0.059043,0.000313,0.000006,0.000570,0.067746
173,0.006286,0.000028,0.000003,0.054867,0.000522,0.000005,0.005461,0.067178
132,0.007674,0.000036,0.000004,0.057518,0.000305,0.000006,0.000565,0.066110
174,0.006180,0.000027,0.000002,0.004663,0.000221,0.000004,0.003295,0.014395
175,0.005222,0.000025,0.000003,0.003289,0.000244,0.000004,0.002939,0.011730
133,0.007484,0.000034,0.000004,0.060300,0.000320,0.000006,0.000546,0.068697
176,0.006128,0.000028,0.000003,0.047677,0.000234,0.000004,0.003320,0.057397
134,0.007578,0.000034,0.000004,0.006106,0.000314,0.000006,0.000555,0.014600
177,0.006209,0.000029,0.000003,0.044716,0.000221,0.000004,0.003326,0.054511
135,0.007429,0.000035,0.000004,0.060405,0.000314,0.000005,0.000606,0.068800
178,0.006176,0.000027,0.000003,0.042043,0.000255,0.000005,0.003385,0.051899
136,0.007639,0.000034,0.000004,0.052027,0.000332,0.000006,0.000591,0.060636
179,0.006701,0.000036,0.000003,0.042140,0.000231,0.000004,0.003335,0.052452
137,0.007690,0.000038,0.000004,0.009648,0.000309,0.000006,0.000584,0.018283
138,0.007591,0.000035,0.000004,0.009527,0.000313,0.000006,0.000541,0.018020
180,0.006275,0.000027,0.000003,0.038876,0.000224,0.000004,0.003300,0.048712
139,0.006619,0.000032,0.000003,0.055530,0.000324,0.000005,0.000460,0.062976
181,0.006016,0.000026,0.000002,0.042647,0.000238,0.000004,0.003373,0.052310
140,0.007886,0.000042,0.000004,0.054446,0.000332,0.000006,0.000499,0.063218
182,0.006242,0.000028,0.000003,0.035835,0.000256,0.000004,0.003474,0.045845
183,0.006258,0.000029,0.000003,0.040361,0.000260,0.000004,0.003456,0.050374
141,0.014618,0.000034,0.000004,0.051720,0.000345,0.000006,0.000556,0.067287
184,0.007129,0.000030,0.000003,0.045878,0.000244,0.000004,0.003435,0.056728
142,0.007991,0.000036,0.000004,0.059936,0.000248,0.000005,0.000332,0.068554
185,0.013032,0.000030,0.000003,0.012035,0.000228,0.000004,0.003259,0.028595
186,0.005817,0.000025,0.000002,0.020902,0.000266,0.000007,0.003371,0.030396
143,0.006746,0.000030,0.000003,0.037107,0.000243,0.000004,0.000362,0.044499
144,0.007510,0.000039,0.000005,0.037325,0.000252,0.000004,0.000348,0.045488
187,0.007075,0.000029,0.000002,0.045934,0.000257,0.000004,0.003369,0.056674
145,0.006056,0.000033,0.000003,0.004175,0.000263,0.000005,0.000364,0.010901
146,0.005489,0.000028,0.000003,0.035970,0.000237,0.000004,0.000315,0.042049
188,0.007285,0.000033,0.000003,0.043068,0.000237,0.000004,0.003285,0.053920
189,0.007175,0.000029,0.000003,0.019042,0.000231,0.000004,0.003280,0.029767
147,0.006076,0.000033,0.000003,0.039415,0.000237,0.000004,0.000331,0.046103
190,0.013136,0.000025,0.000003,0.007727,0.000217,0.000004,0.003704,0.024820
148,0.006273,0.000027,0.000003,0.034543,0.000221,0.000005,0.000334,0.041408
191,0.006219,0.000029,0.000003,0.041519,0.000228,0.000004,0.003111,0.051115
149,0.005981,0.000030,0.000004,0.035328,0.000242,0.000005,0.000321,0.041914
150,0.006938,0.000036,0.000003,0.032064,0.000215,0.000004,0.000316,0.039577
151,0.006103,0.000030,0.000003,0.041551,0.000256,0.000004,0.000361,0.048309
152,0.006049,0.000032,0.000003,0.034414,0.000244,0.000004,0.000323,0.041070
153,0.005867,0.000025,0.000003,0.010168,0.000214,0.000004,0.000314,0.016596
154,0.005764,0.000027,0.000003,0.025683,0.000229,0.000004,0.000320,0.032032
155,0.005610,0.000026,0.000003,0.026743,0.000245,0.000004,0.000344,0.032978
156,0.006060,0.000030,0.000003,0.003747,0.000193,0.000004,0.000371,0.010411
157,0.005365,0.000024,0.000003,0.024589,0.000315,0.000006,0.000530,0.030837
158,0.010186,0.000041,0.000004,0.029967,0.000234,0.000004,0.000319,0.040758
159,0.008941,0.000035,0.000004,0.025163,0.000241,0.000004,0.000359,0.034749
160,0.004986,0.000027,0.000004,0.025978,0.000228,0.000004,0.000329,0.031558
161,0.011385,0.000028,0.000002,0.029375,0.000229,0.000004,0.000345,0.041371
162,0.005796,0.000030,0.000003,0.028453,0.000218,0.000004,0.000339,0.034845
163,0.005558,0.000024,0.000003,0.005064,0.000246,0.000005,0.000399,0.011302
164,0.006635,0.000034,0.000004,0.011838,0.000262,0.000004,0.000371,0.019150
165,0.005763,0.000024,0.000002,0.022205,0.000232,0.000004,0.000357,0.028589
166,0.005918,0.000031,0.000003,0.030311,0.000217,0.000004,0.000373,0.036858
167,0.006417,0.000032,0.000003,0.023820,0.000216,0.000004,0.000351,0.030845
168,0.005586,0.000027,0.000003,0.007136,0.000268,0.000004,0.000364,0.013390
169,0.006593,0.000028,0.000003,0.007442,0.000229,0.000004,0.000354,0.014654
170,0.004724,0.000020,0.000003,0.028791,0.000195,0.000004,0.000325,0.034064
171,0.005686,0.000026,0.000003,0.024733,0.000227,0.000004,0.000390,0.031071
172,0.005369,0.000029,0.000003,0.038085,0.000243,0.000004,0.000366,0.044102
173,0.005805,0.000029,0.000003,0.028791,0.000230,0.000004,0.000372,0.035235
174,0.005925,0.000031,0.000003,0.030577,0.000215,0.000004,0.000343,0.037100
175,0.005638,0.000026,0.000003,0.008045,0.000227,0.000004,0.000344,0.014290
176,0.005954,0.000027,0.000003,0.026613,0.000226,0.000004,0.000363,0.033192
177,0.006296,0.000035,0.000003,0.030275,0.000228,0.000004,0.000361,0.037205
178,0.006616,0.000031,0.000003,0.003509,0.000237,0.000006,0.000425,0.010829
179,0.005553,0.000025,0.000003,0.029035,0.000228,0.000005,0.000355,0.035206
180,0.005880,0.000032,0.000003,0.007463,0.000229,0.000004,0.000342,0.013955
181,0.004941,0.000027,0.000003,0.027339,0.000221,0.000004,0.000314,0.032850
182,0.011059,0.000028,0.000003,0.030560,0.000223,0.000004,0.000357,0.042235
183,0.005615,0.000025,0.000003,0.027296,0.000229,0.000004,0.000345,0.033520
184,0.006760,0.000031,0.000003,0.003502,0.000244,0.000004,0.000403,0.010949
185,0.004804,0.000021,0.000003,0.029811,0.000220,0.000004,0.000355,0.035220
186,0.005944,0.000029,0.000003,0.031853,0.000242,0.000004,0.000346,0.038424
187,0.005292,0.000031,0.000003,0.032494,0.000221,0.000004,0.000334,0.038382
188,0.005048,0.000029,0.000003,0.027580,0.000215,0.000004,0.000312,0.033194
189,0.005873,0.000027,0.000003,0.028441,0.000218,0.000004,0.000328,0.034896
190,0.005536,0.000027,0.000003,0.006789,0.000208,0.000004,0.000359,0.012928
191,0.004911,0.000024,0.000003,0.027284,0.000218,0.000004,0.000319,0.032765
128,0.011396,0.000034,0.000003,0.005650,0.000287,0.000004,0.001578,0.018961
129,0.006523,0.000030,0.000002,0.038694,0.000220,0.000004,0.001812,0.047289
130,0.011686,0.000030,0.000003,0.006563,0.000241,0.000004,0.001520,0.020050
131,0.011929,0.000032,0.000003,0.037873,0.000245,0.000003,0.001517,0.051606
132,0.006227,0.000031,0.000003,0.039003,0.000240,0.000004,0.001447,0.046958
133,0.006343,0.000027,0.000003,0.033374,0.000228,0.000004,0.001508,0.041490
134,0.006412,0.000028,0.000003,0.005331,0.000258,0.000005,0.001638,0.013679
135,0.005354,0.000026,0.000003,0.003767,0.000227,0.000004,0.001525,0.010909
136,0.007117,0.000030,0.000003,0.037012,0.000233,0.000004,0.001607,0.046008
137,0.005880,0.000026,0.000003,0.037916,0.000237,0.000004,0.001520,0.045589
138,0.006156,0.000028,0.000003,0.034840,0.000240,0.000004,0.001538,0.042813
139,0.007034,0.000030,0.000003,0.038444,0.000266,0.000004,0.001528,0.047313
140,0.006069,0.000039,0.000003,0.045390,0.000340,0.000008,0.002414,0.054268
141,0.008239,0.000041,0.000005,0.059281,0.000460,0.000007,0.002515,0.070554
142,0.009129,0.000047,0.000004,0.050707,0.000367,0.000007,0.002468,0.062733
143,0.008059,0.000042,0.000004,0.047031,0.000265,0.000004,0.001530,0.056939
144,0.006894,0.000029,0.000003,0.036823,0.000256,0.000005,0.001508,0.045522
145,0.006759,0.000030,0.000003,0.026090,0.000243,0.000004,0.001430,0.034563
146,0.006102,0.000032,0.000003,0.035460,0.000238,0.000004,0.001404,0.043245
147,0.005931,0.000030,0.000002,0.034516,0.000227,0.000004,0.001433,0.042146
148,0.005422,0.000028,0.000004,0.002558,0.000230,0.000005,0.001627,0.009878
149,0.006933,0.000028,0.000003,0.035658,0.000230,0.000004,0.001405,0.044264
150,0.011446,0.000026,0.000002,0.034614,0.000238,0.000004,0.001509,0.047844
151,0.006752,0.000030,0.000003,0.039217,0.000260,0.000004,0.001526,0.047795
152,0.011724,0.000029,0.000003,0.032945,0.000237,0.000004,0.001555,0.046499
153,0.005815,0.000026,0.000003,0.003303,0.000214,0.000004,0.001421,0.010789
154,0.006300,0.000029,0.000003,0.034755,0.000217,0.000004,0.001401,0.042711
155,0.005486,0.000024,0.000003,0.006918,0.000224,0.000004,0.001487,0.014149
156,0.005645,0.000026,0.000003,0.035103,0.000241,0.000005,0.001393,0.042418
157,0.005690,0.000027,0.000003,0.033537,0.000248,0.000004,0.001337,0.040849
158,0.010935,0.000025,0.000003,0.030269,0.000252,0.000004,0.001724,0.043215
159,0.011292,0.000025,0.000003,0.037358,0.000249,0.000005,0.001451,0.050385
160,0.005664,0.000026,0.000002,0.027932,0.000226,0.000004,0.001424,0.035282
161,0.005784,0.000028,0.000003,0.031429,0.000209,0.000004,0.001284,0.038744
162,0.005894,0.000030,0.000003,0.026832,0.000222,0.000004,0.001380,0.034367
163,0.005774,0.000030,0.000002,0.032787,0.000246,0.000004,0.001457,0.040304
164,0.006735,0.000035,0.000004,0.029073,0.000232,0.000004,0.001464,0.037550
165,0.005062,0.000029,0.000002,0.029557,0.000214,0.000004,0.001268,0.036138
166,0.005846,0.000026,0.000003,0.032193,0.000229,0.000004,0.001475,0.039779
167,0.005791,0.000025,0.000003,0.033705,0.000241,0.000004,0.001443,0.041215
168,0.005992,0.000028,0.000003,0.027047,0.000231,0.000004,0.001376,0.034683
169,0.004867,0.000023,0.000003,0.029305,0.000217,0.000004,0.001503,0.035924
170,0.005706,0.000027,0.000003,0.034005,0.000216,0.000004,0.001438,0.041403
171,0.005638,0.000025,0.000003,0.006550,0.000227,0.000004,0.001495,0.013945
172,0.004983,0.000024,0.000003,0.028681,0.000247,0.000004,0.001334,0.035279
173,0.005230,0.000029,0.000003,0.006837,0.000229,0.000004,0.001355,0.013690
174,0.010923,0.000030,0.000003,0.007756,0.000218,0.000004,0.001378,0.020314
175,0.006342,0.000032,0.000003,0.034299,0.000213,0.000004,0.001442,0.042337
176,0.005477,0.000024,0.000003,0.034721,0.000223,0.000004,0.001399,0.041853
177,0.004812,0.000023,0.000003,0.037296,0.000221,0.000004,0.001245,0.043607
178,0.005646,0.000024,0.000003,0.007151,0.000218,0.000004,0.001399,0.014447
179,0.009712,0.000023,0.000003,0.003125,0.000200,0.000004,0.001222,0.014292
180,0.005471,0.000022,0.000003,0.034254,0.000223,0.000004,0.001378,0.041357
181,0.010671,0.000025,0.000003,0.004669,0.000213,0.000004,0.001362,0.016950
182,0.012701,0.000029,0.000003,0.029522,0.000237,0.000004,0.001444,0.043942
183,0.005986,0.000032,0.000003,0.007763,0.000222,0.000004,0.001461,0.015473
184,0.005830,0.000024,0.000003,0.024731,0.000220,0.000004,0.001411,0.032228
185,0.005649,0.000029,0.000003,0.035328,0.000230,0.000004,0.001467,0.042714
186,0.005144,0.000024,0.000003,0.002507,0.000213,0.000004,0.001279,0.009176
187,0.005931,0.000026,0.000002,0.030339,0.000223,0.000004,0.001392,0.037920
188,0.005582,0.000025,0.000003,0.029210,0.000227,0.000004,0.001445,0.036499
189,0.005756,0.000026,0.000003,0.010375,0.000256,0.000004,0.001737,0.018159
190,0.005729,0.000029,0.000003,0.026060,0.000221,0.000004,0.001305,0.033355
191,0.006839,0.000033,0.000004,0.035757,0.000234,0.000004,0.001437,0.044310
128,0.016025,0.000035,0.000004,0.008932,0.000285,0.000004,0.001209,0.026503
129,0.005475,0.000026,0.000002,0.038679,0.000247,0.000004,0.000998,0.045435
130,0.006164,0.000026,0.000003,0.033314,0.000244,0.000004,0.001176,0.040933
131,0.006860,0.000032,0.000004,0.037384,0.000225,0.000004,0.001121,0.045632
132,0.006641,0.000029,0.000003,0.032628,0.000227,0.000004,0.001206,0.040740
133,0.005933,0.000025,0.000002,0.011979,0.000238,0.000004,0.001250,0.019436
134,0.006033,0.000031,0.000003,0.030982,0.000246,0.000004,0.001301,0.038603
135,0.005216,0.000026,0.000003,0.006503,0.000215,0.000004,0.001153,0.013123
136,0.006740,0.000032,0.000003,0.038623,0.000304,0.000004,0.001250,0.046960
137,0.006351,0.000029,0.000003,0.007542,0.000244,0.000004,0.001186,0.015362
138,0.006036,0.000027,0.000002,0.031710,0.000230,0.000004,0.001089,0.039102
139,0.006030,0.000027,0.000003,0.034397,0.000243,0.000004,0.001199,0.041907
140,0.006043,0.000032,0.000003,0.033394,0.000243,0.000004,0.001130,0.040852
141,0.005995,0.000028,0.000003,0.032230,0.000245,0.000004,0.001121,0.039628
142,0.006251,0.000028,0.000003,0.034699,0.000225,0.000004,0.001301,0.042514
143,0.006066,0.000028,0.000003,0.008494,0.000207,0.000004,0.001053,0.015859
144,0.005773,0.000026,0.000003,0.004308,0.000209,0.000004,0.001162,0.011488
145,0.006376,0.000029,0.000003,0.040625,0.000239,0.000004,0.001228,0.048508
146,0.005290,0.000024,0.000003,0.041021,0.000244,0.000004,0.001407,0.047996
147,0.006949,0.000029,0.000003,0.009419,0.000255,0.000004,0.001140,0.017800
148,0.007387,0.000033,0.000004,0.008054,0.000229,0.000005,0.001148,0.016861
149,0.011474,0.000030,0.000003,0.037549,0.000248,0.000004,0.001120,0.050431
150,0.006422,0.000031,0.000003,0.031524,0.000228,0.000004,0.001152,0.039367
151,0.005791,0.000030,0.000003,0.007312,0.000244,0.000004,0.001159,0.014546
152,0.006482,0.000030,0.000003,0.010991,0.000234,0.000004,0.001149,0.018896
153,0.005930,0.000027,0.000003,0.031286,0.000227,0.000004,0.001150,0.038630
154,0.006337,0.000030,0.000003,0.036304,0.000219,0.000004,0.001203,0.044103
155,0.005825,0.000028,0.000003,0.034049,0.000213,0.000004,0.001104,0.041228
156,0.006158,0.000026,0.000003,0.031974,0.000232,0.000004,0.001197,0.039596
157,0.005913,0.000025,0.000004,0.031676,0.000230,0.000004,0.001090,0.038945
158,0.005922,0.000027,0.000003,0.038123,0.000239,0.000004,0.001117,0.045438
159,0.005714,0.000025,0.000003,0.005989,0.000231,0.000004,0.001122,0.013091
160,0.006043,0.000032,0.000003,0.042305,0.000229,0.000004,0.001146,0.049766
161,0.006176,0.000031,0.000003,0.032409,0.000231,0.000004,0.001122,0.039979
162,0.005872,0.000026,0.000002,0.035246,0.000238,0.000004,0.001105,0.042497
163,0.004985,0.000026,0.000003,0.027950,0.000206,0.000004,0.000995,0.034172
164,0.005555,0.000024,0.000003,0.008249,0.000253,0.000004,0.001115,0.015206
165,0.005945,0.000030,0.000003,0.035794,0.000214,0.000004,0.001109,0.043102
166,0.006101,0.000031,0.000003,0.042026,0.000252,0.000004,0.001100,0.049520
167,0.006263,0.000032,0.000003,0.003882,0.000225,0.000004,0.001217,0.011628
168,0.005568,0.000025,0.000003,0.006819,0.000222,0.000004,0.001029,0.013672
169,0.006196,0.000033,0.000003,0.009357,0.000240,0.000004,0.001140,0.016975
170,0.011819,0.000029,0.000003,0.039572,0.000232,0.000004,0.001078,0.052740
171,0.006192,0.000030,0.000003,0.004502,0.000233,0.000004,0.001124,0.012091
172,0.006103,0.000024,0.000003,0.038602,0.000207,0.000004,0.001067,0.046012
173,0.005713,0.000025,0.000003,0.038309,0.000238,0.000004,0.001230,0.045526
174,0.006763,0.000032,0.000003,0.030112,0.000219,0.000004,0.001100,0.038236
175,0.005723,0.000027,0.000003,0.004966,0.000260,0.000005,0.001245,0.012231
176,0.007221,0.000036,0.000003,0.031794,0.000268,0.000004,0.001216,0.040546
128,0.016185,0.000037,0.000005,0.014608,0.000296,0.000005,0.000980,0.032133
177,0.006406,0.000028,0.000003,0.013664,0.000257,0.000005,0.001186,0.021551
129,0.007706,0.000034,0.000003,0.041417,0.000234,0.000004,0.000807,0.050207
178,0.006772,0.000028,0.000003,0.042812,0.000221,0.000004,0.001188,0.051031
130,0.006455,0.000030,0.000003,0.007847,0.000284,0.000005,0.000986,0.015615
179,0.006511,0.000029,0.000003,0.044063,0.000225,0.000004,0.003383,0.054222
131,0.006974,0.000031,0.000003,0.040400,0.000252,0.000004,0.000882,0.048549
180,0.006297,0.000028,0.000003,0.045309,0.000247,0.000004,0.001186,0.053079
132,0.009807,0.000031,0.000003,0.043862,0.000238,0.000004,0.000922,0.054871
181,0.006790,0.000026,0.000003,0.043633,0.000251,0.000004,0.001262,0.051972
133,0.006436,0.000029,0.000002,0.043476,0.000224,0.000004,0.000924,0.051101
182,0.006674,0.000026,0.000003,0.042467,0.000239,0.000004,0.001252,0.050669
134,0.006315,0.000029,0.000002,0.041398,0.000243,0.000005,0.000859,0.048856
135,0.005524,0.000028,0.000003,0.004676,0.000226,0.000004,0.000750,0.011213
183,0.006711,0.000029,0.000003,0.042238,0.000239,0.000004,0.001196,0.050423
136,0.006360,0.000030,0.000003,0.043692,0.000238,0.000004,0.000878,0.051207
184,0.007172,0.000030,0.000004,0.013918,0.000242,0.000004,0.001104,0.022478
137,0.006336,0.000028,0.000003,0.014651,0.000252,0.000005,0.000799,0.022077
185,0.006220,0.000029,0.000003,0.043739,0.000252,0.000004,0.001201,0.051453
138,0.006810,0.000031,0.000003,0.043415,0.000214,0.000004,0.000773,0.051253
186,0.006354,0.000029,0.000003,0.042536,0.000247,0.000004,0.001196,0.050373
139,0.006649,0.000032,0.000002,0.041381,0.000235,0.000004,0.000755,0.049061
187,0.013023,0.000031,0.000003,0.003136,0.000235,0.000005,0.001081,0.017517
188,0.012666,0.000028,0.000003,0.009440,0.000229,0.000004,0.001225,0.023599
140,0.006358,0.000030,0.000003,0.046956,0.000245,0.000004,0.000774,0.054373
189,0.006523,0.000030,0.000003,0.047521,0.000268,0.000004,0.001170,0.055523
141,0.006311,0.000028,0.000003,0.051367,0.000296,0.000007,0.000796,0.058812
190,0.006369,0.000029,0.000003,0.037760,0.000223,0.000004,0.001208,0.045598
191,0.005232,0.000026,0.000003,0.004431,0.000234,0.000004,0.001195,0.011128
142,0.006405,0.000028,0.000003,0.043977,0.000276,0.000004,0.000768,0.051464
143,0.006821,0.000034,0.000003,0.039998,0.000238,0.000005,0.000767,0.047869
144,0.006610,0.000033,0.000003,0.043030,0.000242,0.000005,0.000767,0.050693
145,0.006104,0.000031,0.000003,0.041890,0.000225,0.000004,0.000758,0.049019
146,0.013317,0.000033,0.000003,0.006866,0.000240,0.000004,0.000741,0.021205
147,0.006149,0.000027,0.000003,0.039319,0.000231,0.000004,0.000739,0.046475
148,0.006132,0.000027,0.000003,0.033352,0.000259,0.000004,0.000756,0.040536
149,0.006679,0.000032,0.000003,0.042634,0.000381,0.000004,0.000838,0.050578
150,0.006446,0.000030,0.000004,0.008478,0.000268,0.000004,0.000727,0.015960
151,0.006235,0.000031,0.000002,0.039978,0.000230,0.000005,0.000856,0.047339
152,0.006103,0.000028,0.000003,0.039566,0.000240,0.000005,0.000789,0.046738
153,0.006353,0.000035,0.000003,0.042027,0.000230,0.000004,0.000779,0.049434
154,0.006584,0.000031,0.000003,0.031189,0.000235,0.000004,0.000780,0.038830
155,0.005406,0.000026,0.000003,0.040942,0.000304,0.000005,0.000696,0.047386
156,0.007028,0.000028,0.000003,0.039222,0.000244,0.000005,0.000732,0.047265
157,0.005933,0.000032,0.000003,0.007898,0.000281,0.000004,0.000932,0.015087
158,0.006165,0.000028,0.000003,0.002866,0.000230,0.000004,0.000764,0.010064
159,0.005127,0.000024,0.000002,0.037178,0.000220,0.000004,0.000773,0.043331
160,0.006376,0.000029,0.000002,0.040982,0.000231,0.000004,0.000758,0.048385
161,0.006025,0.000030,0.000003,0.038097,0.000232,0.000004,0.000740,0.045134
162,0.005778,0.000029,0.000003,0.042332,0.000253,0.000005,0.000955,0.049358
163,0.006724,0.000032,0.000002,0.033968,0.000244,0.000004,0.000744,0.041721
164,0.006193,0.000029,0.000003,0.008324,0.000246,0.000005,0.000759,0.015562
165,0.006131,0.000030,0.000002,0.034646,0.000227,0.000004,0.000834,0.041877
166,0.006028,0.000028,0.000003,0.033470,0.000234,0.000004,0.000734,0.040504
167,0.006784,0.000035,0.000003,0.029535,0.000228,0.000004,0.000722,0.037314
168,0.005146,0.000031,0.000002,0.033723,0.000229,0.000004,0.000737,0.039875
169,0.006243,0.000035,0.000003,0.030146,0.000219,0.000004,0.000738,0.037390
170,0.005867,0.000028,0.000003,0.009097,0.000265,0.000004,0.000741,0.016007
171,0.006183,0.000039,0.000003,0.035669,0.000252,0.000004,0.000748,0.042901
172,0.011533,0.000031,0.000003,0.034207,0.000235,0.000004,0.000736,0.046751
173,0.006135,0.000029,0.000003,0.032826,0.000225,0.000004,0.000717,0.039942
174,0.006001,0.000032,0.000003,0.034748,0.000244,0.000004,0.000861,0.041896
175,0.005860,0.000029,0.000002,0.030122,0.000215,0.000004,0.000760,0.036996
176,0.005877,0.000030,0.000003,0.035407,0.000238,0.000004,0.000803,0.042364
177,0.005969,0.000029,0.000002,0.012982,0.000291,0.000004,0.000875,0.020155
178,0.006131,0.000031,0.000002,0.041713,0.000221,0.000004,0.000724,0.048830
179,0.006166,0.000034,0.000003,0.037845,0.000256,0.000004,0.000730,0.045040
180,0.005988,0.000030,0.000003,0.004194,0.000221,0.000004,0.000764,0.011206
181,0.006141,0.000027,0.000003,0.008023,0.000253,0.000003,0.000737,0.015190
182,0.006064,0.000030,0.000003,0.034061,0.000242,0.000004,0.000725,0.041131
183,0.006113,0.000034,0.000003,0.037175,0.000245,0.000004,0.000760,0.044336
184,0.005401,0.000031,0.000002,0.033950,0.000218,0.000004,0.000650,0.040259
185,0.005852,0.000031,0.000003,0.036183,0.000228,0.000004,0.000673,0.042976
186,0.005186,0.000025,0.000002,0.037662,0.000230,0.000004,0.000630,0.043742
187,0.005208,0.000026,0.000002,0.006978,0.000238,0.000004,0.000669,0.013129
188,0.012612,0.000039,0.000003,0.007162,0.000243,0.000007,0.000731,0.020800
189,0.006013,0.000029,0.000002,0.038404,0.000258,0.000004,0.000736,0.045449
190,0.005966,0.000031,0.000003,0.032319,0.000247,0.000004,0.000717,0.039289
191,0.006116,0.000030,0.000003,0.040184,0.000257,0.000004,0.000742,0.047339
128,0.014058,0.000027,0.000003,0.003941,0.000243,0.000004,0.006725,0.025004
129,0.006269,0.000031,0.000003,0.035527,0.000255,0.000004,0.006555,0.048647
130,0.006262,0.000032,0.000003,0.038272,0.000240,0.000004,0.006296,0.051114
131,0.006150,0.000027,0.000003,0.005985,0.000233,0.000004,0.006407,0.018813
132,0.006052,0.000027,0.000003,0.008825,0.000229,0.000004,0.006393,0.021536
133,0.011892,0.000026,0.000003,0.008227,0.000232,0.000004,0.006694,0.027083
134,0.013060,0.000035,0.000003,0.038397,0.000245,0.000004,0.006412,0.058161
135,0.010312,0.000027,0.000003,0.039136,0.000251,0.000004,0.006000,0.055736
136,0.013189,0.000027,0.000002,0.004392,0.000226,0.000004,0.006098,0.023941
137,0.005880,0.000028,0.000003,0.010498,0.000229,0.000003,0.006664,0.023310
138,0.005985,0.000026,0.000003,0.040907,0.000236,0.000004,0.006304,0.053470
139,0.006053,0.000032,0.000003,0.039342,0.000232,0.000004,0.006469,0.052138
140,0.005787,0.000026,0.000003,0.038427,0.000247,0.000004,0.006586,0.051086
141,0.006255,0.000034,0.000003,0.037421,0.000259,0.000004,0.006463,0.050443
142,0.006183,0.000033,0.000003,0.038995,0.000250,0.000004,0.006337,0.051809
143,0.006070,0.000032,0.000003,0.038930,0.000256,0.000004,0.006340,0.051638
144,0.012192,0.000032,0.000003,0.036680,0.000267,0.000004,0.006577,0.055758
145,0.006106,0.000027,0.000003,0.040121,0.000267,0.000005,0.006573,0.053109
146,0.011546,0.000033,0.000003,0.038178,0.000241,0.000004,0.006517,0.056526
147,0.006250,0.000031,0.000003,0.040728,0.000242,0.000004,0.006495,0.053757
148,0.005374,0.000028,0.000003,0.035184,0.000218,0.000005,0.005768,0.046583
149,0.006076,0.000026,0.000003,0.037844,0.000264,0.000004,0.006418,0.050640
150,0.006196,0.000027,0.000003,0.038626,0.000239,0.000004,0.006552,0.051651
151,0.011764,0.000029,0.000002,0.007563,0.000247,0.000004,0.006497,0.026111
152,0.006134,0.000027,0.000003,0.040220,0.000260,0.000004,0.006903,0.053554
153,0.006261,0.000027,0.000003,0.035993,0.000229,0.000004,0.006474,0.048994
154,0.011682,0.000032,0.000003,0.004437,0.000245,0.000004,0.007130,0.023538
155,0.016182,0.000055,0.000006,0.032724,0.000325,0.000004,0.006692,0.056006
156,0.010969,0.000030,0.000004,0.003069,0.000242,0.000005,0.006483,0.020807
157,0.012278,0.000026,0.000003,0.037714,0.000232,0.000004,0.006229,0.056491
158,0.005695,0.000025,0.000003,0.033286,0.000267,0.000004,0.006703,0.045989
159,0.005951,0.000025,0.000003,0.030996,0.000267,0.000004,0.006416,0.043667
160,0.006698,0.000027,0.000003,0.038896,0.000243,0.000004,0.006505,0.052381
161,0.005897,0.000027,0.000003,0.035678,0.000239,0.000004,0.006434,0.048286
162,0.005696,0.000026,0.000003,0.031185,0.000231,0.000004,0.006075,0.043224
163,0.005500,0.000025,0.000003,0.039925,0.000291,0.000004,0.006251,0.052004
164,0.011768,0.000031,0.000003,0.039055,0.000249,0.000004,0.006355,0.057467
165,0.011403,0.000027,0.000003,0.030605,0.000243,0.000004,0.006217,0.048505
166,0.005864,0.000027,0.000003,0.034849,0.000236,0.000004,0.006270,0.047256
167,0.005714,0.000025,0.000003,0.004758,0.000220,0.000004,0.006135,0.016862
168,0.006500,0.000028,0.000003,0.034030,0.000205,0.000004,0.005878,0.046651
169,0.004792,0.000024,0.000002,0.031554,0.000218,0.000004,0.005234,0.041833
170,0.005615,0.000028,0.000004,0.030248,0.000213,0.000004,0.006233,0.042348
171,0.005568,0.000026,0.000003,0.031423,0.000263,0.000004,0.006201,0.043492
172,0.005018,0.000030,0.000003,0.002466,0.000215,0.000004,0.005534,0.013274
173,0.011061,0.000035,0.000003,0.037904,0.000245,0.000004,0.006399,0.055653
174,0.012014,0.000033,0.000003,0.004900,0.000243,0.000004,0.006446,0.023646
175,0.011588,0.000029,0.000004,0.031373,0.000220,0.000004,0.005858,0.049079
176,0.005026,0.000029,0.000003,0.031291,0.000226,0.000004,0.005453,0.042037
177,0.011754,0.000028,0.000002,0.031481,0.000244,0.000004,0.006154,0.049670
178,0.005909,0.000027,0.000002,0.034160,0.000228,0.000004,0.006468,0.046803
179,0.011763,0.000032,0.000003,0.034027,0.000246,0.000004,0.006358,0.052437
180,0.006241,0.000031,0.000003,0.035753,0.000249,0.000004,0.006451,0.048736
181,0.005966,0.000028,0.000003,0.034872,0.000251,0.000004,0.006125,0.047254
182,0.006099,0.000035,0.000003,0.037090,0.000270,0.000004,0.006584,0.050089
183,0.006721,0.000031,0.000003,0.022003,0.000218,0.000004,0.006188,0.035172
184,0.005880,0.000028,0.000003,0.027367,0.000236,0.000004,0.005677,0.039200
185,0.011192,0.000031,0.000003,0.004294,0.000208,0.000004,0.005923,0.021659
186,0.005035,0.000024,0.000003,0.021625,0.000212,0.000004,0.005361,0.032268
187,0.005645,0.000028,0.000003,0.030260,0.000223,0.000004,0.005757,0.041923
188,0.005518,0.000025,0.000004,0.002202,0.000227,0.000004,0.005460,0.013443
189,0.004556,0.000021,0.000002,0.021032,0.000224,0.000004,0.004560,0.030402
190,0.006106,0.000026,0.000003,0.023055,0.000219,0.000004,0.005160,0.034576
191,0.010363,0.000022,0.000002,0.006063,0.000201,0.000004,0.004827,0.021485
128,0.021079,0.000039,0.000005,0.034734,0.000249,0.000004,0.000256,0.056367
129,0.005829,0.000027,0.000004,0.034451,0.000239,0.000004,0.000218,0.040773
130,0.005826,0.000027,0.000004,0.032116,0.000229,0.000004,0.000213,0.038419
131,0.005720,0.000028,0.000004,0.032398,0.000224,0.000004,0.000209,0.038587
132,0.012651,0.000028,0.000003,0.030499,0.000223,0.000004,0.000215,0.043625
133,0.005928,0.000026,0.000003,0.005075,0.000228,0.000004,0.000215,0.011481
134,0.005625,0.000027,0.000003,0.039462,0.000229,0.000004,0.000213,0.045567
135,0.004895,0.000027,0.000003,0.032533,0.000219,0.000004,0.000199,0.037881
136,0.006055,0.000029,0.000004,0.035405,0.000247,0.000004,0.000214,0.041960
137,0.005208,0.000030,0.000004,0.032665,0.000228,0.000004,0.000193,0.038334
138,0.006292,0.000030,0.000004,0.012979,0.000231,0.000004,0.000210,0.019752
139,0.005624,0.000026,0.000003,0.038246,0.000256,0.000005,0.000215,0.044375
140,0.011534,0.000028,0.000003,0.035472,0.000217,0.000005,0.000227,0.047488
141,0.011506,0.000030,0.000003,0.030196,0.000245,0.000004,0.000211,0.042198
142,0.006020,0.000031,0.000003,0.032688,0.000239,0.000004,0.000221,0.039208
143,0.005738,0.000030,0.000003,0.039869,0.000243,0.000004,0.000231,0.046120
144,0.005732,0.000030,0.000004,0.036228,0.000218,0.000005,0.000202,0.042420
145,0.005482,0.000025,0.000003,0.034176,0.000222,0.000004,0.000219,0.040134
146,0.005725,0.000027,0.000004,0.034551,0.000226,0.000004,0.000237,0.040776
147,0.005790,0.000027,0.000003,0.005907,0.000213,0.000004,0.000214,0.012159
148,0.005630,0.000027,0.000003,0.033535,0.000218,0.000005,0.000232,0.039651
149,0.005542,0.000025,0.000003,0.031718,0.000240,0.000005,0.000225,0.037758
150,0.005794,0.000028,0.000003,0.003314,0.000215,0.000004,0.000225,0.009585
151,0.005672,0.000027,0.000004,0.040068,0.000235,0.000005,0.000234,0.046247
152,0.012000,0.000026,0.000004,0.029117,0.000229,0.000004,0.000250,0.041633
153,0.005669,0.000027,0.000004,0.030237,0.000217,0.000004,0.000201,0.036361
154,0.005134,0.000028,0.000004,0.029190,0.000214,0.000004,0.000190,0.034765
155,0.010497,0.000026,0.000004,0.027389,0.000222,0.000004,0.000194,0.038337
156,0.005970,0.000032,0.000004,0.030519,0.000213,0.000004,0.000202,0.036946
157,0.005521,0.000024,0.000003,0.035498,0.000216,0.000004,0.000203,0.041472
158,0.005433,0.000023,0.000003,0.037198,0.000223,0.000004,0.000196,0.043082
159,0.004797,0.000023,0.000003,0.002175,0.000209,0.000004,0.000178,0.007390
160,0.006330,0.000028,0.000003,0.008301,0.000250,0.000004,0.000215,0.015133
161,0.005940,0.000031,0.000003,0.029707,0.000223,0.000004,0.000211,0.036120
162,0.005574,0.000025,0.000004,0.026501,0.000222,0.000004,0.000203,0.032534
163,0.011704,0.000030,0.000004,0.037861,0.000256,0.000005,0.000205,0.050066
164,0.010377,0.000031,0.000003,0.032479,0.000226,0.000004,0.000187,0.043308
165,0.012833,0.000039,0.000005,0.033913,0.000223,0.000004,0.000209,0.047228
166,0.005264,0.000028,0.000003,0.003701,0.000220,0.000004,0.000188,0.009410
167,0.006118,0.000034,0.000004,0.030646,0.000245,0.000004,0.000206,0.037258
168,0.006727,0.000034,0.000004,0.008266,0.000222,0.000004,0.000202,0.015461
169,0.005836,0.000025,0.000003,0.032928,0.000228,0.000004,0.000203,0.039230
170,0.005506,0.000025,0.000004,0.032476,0.000222,0.000004,0.000203,0.038442
171,0.005588,0.000025,0.000003,0.032620,0.000221,0.000004,0.000197,0.038659
172,0.005679,0.000028,0.000004,0.034150,0.000216,0.000004,0.000201,0.040284
173,0.005686,0.000025,0.000003,0.006432,0.000256,0.000005,0.000226,0.012634
174,0.006372,0.000031,0.000004,0.027976,0.000205,0.000004,0.000195,0.034789
175,0.005693,0.000027,0.000004,0.031563,0.000258,0.000004,0.000216,0.037766
128,0.011338,0.000037,0.000007,0.046654,0.000253,0.000004,0.000977,0.059274
176,0.006042,0.000029,0.000004,0.040004,0.000229,0.000004,0.000205,0.046519
129,0.013652,0.000030,0.000003,0.043905,0.000350,0.000004,0.000987,0.058939
177,0.006834,0.000031,0.000004,0.041616,0.000241,0.000004,0.000210,0.048942
178,0.005238,0.000026,0.000003,0.038426,0.000210,0.000004,0.000194,0.044102
130,0.007235,0.000037,0.000005,0.040612,0.000233,0.000004,0.000907,0.049035
131,0.006034,0.000026,0.000003,0.012006,0.000237,0.000004,0.000998,0.019311
179,0.006919,0.000029,0.000004,0.039940,0.000246,0.000004,0.000215,0.047359
132,0.007101,0.000030,0.000003,0.038915,0.000246,0.000004,0.000967,0.047268
133,0.010505,0.000025,0.000003,0.003155,0.000201,0.000004,0.000790,0.014686
180,0.012333,0.000028,0.000004,0.044189,0.000260,0.000004,0.000221,0.057040
134,0.012550,0.000033,0.000003,0.040983,0.000247,0.000004,0.001041,0.054865
181,0.006164,0.000031,0.000003,0.036444,0.000236,0.000004,0.000208,0.043094
182,0.006228,0.000028,0.000003,0.034458,0.000245,0.000004,0.000224,0.041192
135,0.012316,0.000025,0.000002,0.035688,0.000210,0.000004,0.000843,0.049091
183,0.005308,0.000028,0.000003,0.002939,0.000220,0.000004,0.000197,0.008701
136,0.006361,0.000027,0.000003,0.004494,0.000222,0.000004,0.000799,0.011913
184,0.005485,0.000025,0.000003,0.039817,0.000225,0.000004,0.000232,0.045794
137,0.006045,0.000028,0.000003,0.040856,0.000235,0.000004,0.000815,0.047990
185,0.006550,0.000027,0.000004,0.041483,0.000233,0.000004,0.000226,0.048529
138,0.006298,0.000028,0.000003,0.038454,0.000214,0.000004,0.000819,0.045824
139,0.005884,0.000025,0.000003,0.033517,0.000230,0.000004,0.000869,0.040536
186,0.011882,0.000027,0.000004,0.044960,0.000266,0.000004,0.000235,0.057380
140,0.006153,0.000028,0.000003,0.039003,0.000234,0.000004,0.000846,0.046274
141,0.005219,0.000027,0.000003,0.008100,0.000225,0.000004,0.000806,0.014387
187,0.012429,0.000029,0.000003,0.042831,0.000218,0.000004,0.000229,0.055746
188,0.011907,0.000029,0.000005,0.004402,0.000245,0.000005,0.000250,0.016845
142,0.011819,0.000026,0.000003,0.038708,0.000246,0.000004,0.000884,0.051693
189,0.006647,0.000031,0.000004,0.041700,0.000230,0.000004,0.000213,0.048831
190,0.012613,0.000032,0.000004,0.004304,0.000224,0.000004,0.000210,0.017393
143,0.011387,0.000029,0.000003,0.032884,0.000243,0.000004,0.000789,0.045343
191,0.012205,0.000029,0.000004,0.012733,0.000243,0.000004,0.000214,0.025432
144,0.005390,0.000027,0.000003,0.036000,0.000225,0.000004,0.000746,0.042397
145,0.006430,0.000032,0.000004,0.040400,0.000231,0.000004,0.000834,0.047937
146,0.006110,0.000035,0.000003,0.006870,0.000245,0.000004,0.000852,0.014122
147,0.006209,0.000028,0.000003,0.008782,0.000228,0.000004,0.000814,0.016070
148,0.005883,0.000027,0.000003,0.004177,0.000212,0.000004,0.000808,0.011118
149,0.004911,0.000023,0.000003,0.007548,0.000229,0.000004,0.000777,0.013499
150,0.006514,0.000029,0.000003,0.003721,0.000214,0.000004,0.000832,0.011320
151,0.011735,0.000027,0.000003,0.008029,0.000223,0.000004,0.000832,0.020855
152,0.005839,0.000025,0.000003,0.039214,0.000241,0.000004,0.000811,0.046141
153,0.005669,0.000026,0.000003,0.032511,0.000225,0.000004,0.000811,0.039251
154,0.009966,0.000026,0.000003,0.007069,0.000224,0.000004,0.000724,0.018018
155,0.010769,0.000027,0.000003,0.030203,0.000234,0.000004,0.000717,0.041959
156,0.005989,0.000038,0.000003,0.039438,0.000248,0.000004,0.001102,0.046826
157,0.007457,0.000036,0.000004,0.031622,0.000244,0.000004,0.000907,0.040277
158,0.005034,0.000026,0.000003,0.006844,0.000217,0.000004,0.000781,0.012911
159,0.006390,0.000028,0.000003,0.032025,0.000234,0.000004,0.000846,0.039532
160,0.005842,0.000025,0.000002,0.029710,0.000225,0.000004,0.000806,0.036616
161,0.006332,0.000027,0.000003,0.030761,0.000243,0.000004,0.000927,0.038300
162,0.005904,0.000031,0.000003,0.034574,0.000231,0.000004,0.000862,0.041611
163,0.006198,0.000028,0.000003,0.008266,0.000233,0.000004,0.000808,0.015544
164,0.010787,0.000026,0.000003,0.033420,0.000206,0.000004,0.000772,0.045222
165,0.006124,0.000035,0.000002,0.038070,0.000221,0.000004,0.000782,0.045242
166,0.006023,0.000025,0.000003,0.035441,0.000217,0.000004,0.000867,0.042582
167,0.008547,0.000027,0.000003,0.007790,0.000236,0.000004,0.000813,0.017422
168,0.005773,0.000027,0.000003,0.008330,0.000274,0.000004,0.000905,0.015320
169,0.006187,0.000027,0.000003,0.036977,0.000230,0.000004,0.000814,0.044243
170,0.006152,0.000027,0.000003,0.038778,0.000234,0.000004,0.000880,0.046081
171,0.010159,0.000030,0.000003,0.031219,0.000220,0.000004,0.000730,0.042368
172,0.005982,0.000028,0.000002,0.006435,0.000237,0.000004,0.000833,0.013525
173,0.005343,0.000025,0.000003,0.007289,0.000220,0.000004,0.000762,0.013648
174,0.011869,0.000029,0.000003,0.032167,0.000238,0.000004,0.000848,0.045160
175,0.009810,0.000025,0.000003,0.002808,0.000207,0.000004,0.000786,0.013646
176,0.011499,0.000031,0.000003,0.039208,0.000225,0.000004,0.000861,0.051835
177,0.005106,0.000025,0.000003,0.035105,0.000217,0.000004,0.000746,0.041209
178,0.005148,0.000026,0.000002,0.043103,0.000230,0.000004,0.000761,0.049278
179,0.012289,0.000030,0.000003,0.036743,0.000226,0.000004,0.000792,0.050090
180,0.006065,0.000025,0.000003,0.037904,0.000220,0.000004,0.000815,0.045040
181,0.006009,0.000026,0.000003,0.034315,0.000209,0.000004,0.000794,0.041361
182,0.005815,0.000024,0.000003,0.007201,0.000228,0.000004,0.000797,0.014075
183,0.005963,0.000029,0.000002,0.004193,0.000229,0.000004,0.000869,0.011292
184,0.006053,0.000034,0.000003,0.005699,0.000265,0.000005,0.000948,0.013010
185,0.006405,0.000032,0.000003,0.041096,0.000245,0.000004,0.000845,0.048632
186,0.005760,0.000027,0.000003,0.034294,0.000236,0.000004,0.000851,0.041177
187,0.005953,0.000029,0.000002,0.035642,0.000224,0.000004,0.000809,0.042667
188,0.005865,0.000026,0.000003,0.032840,0.000242,0.000004,0.000849,0.039832
189,0.006813,0.000031,0.000003,0.044037,0.000287,0.000005,0.000841,0.052023
190,0.011808,0.000028,0.000003,0.008057,0.000225,0.000004,0.000795,0.020923
191,0.005187,0.000026,0.000003,0.007181,0.000257,0.000004,0.000858,0.013520
0,0.160910,0.000039,0.000008,0.033788,0.000340,0.000005,0.001217,0.196315
1,0.003790,0.000023,0.000003,0.027303,0.000231,0.000005,0.001121,0.032480
2,0.003269,0.000019,0.000002,0.025380,0.000223,0.000005,0.000985,0.029886
3,0.004243,0.000025,0.000002,0.046663,0.000474,0.000012,0.002636,0.054062
4,0.009311,0.000053,0.000006,0.089718,0.000329,0.000009,0.001720,0.101152
5,0.006405,0.000038,0.000003,0.060090,0.000245,0.000004,0.001212,0.068000
0,0.477326,0.000045,0.000008,0.048110,0.000350,0.000005,0.000287,0.526136
1,0.004879,0.000028,0.000004,0.014993,0.000252,0.000004,0.000174,0.020336
6,0.005399,0.000029,0.000003,0.042525,0.000219,0.000005,0.001154,0.049339
2,0.004437,0.000028,0.000004,0.042821,0.000234,0.000004,0.000164,0.047695
7,0.005164,0.000033,0.000003,0.041039,0.000213,0.000005,0.001177,0.047637
8,0.004851,0.000030,0.000003,0.071904,0.000362,0.000009,0.002038,0.079203
3,0.004515,0.000028,0.000004,0.081168,0.000412,0.000009,0.000247,0.086386
4,0.009305,0.000037,0.000005,0.028498,0.000307,0.000005,0.000173,0.038332
9,0.006527,0.000051,0.000004,0.077079,0.000242,0.000005,0.001271,0.085183
5,0.005401,0.000029,0.000005,0.038266,0.000340,0.000006,0.000181,0.044230
0,0.769726,0.000042,0.000007,0.011016,0.000325,0.000005,0.000323,0.781448
1,0.005427,0.000031,0.000003,0.013173,0.000293,0.000005,0.000174,0.019110
6,0.005805,0.000030,0.000006,0.027586,0.000309,0.000005,0.000164,0.033906
2,0.005178,0.000031,0.000003,0.009321,0.000264,0.000004,0.000177,0.014981
10,0.006930,0.000028,0.000003,0.052107,0.000242,0.000004,0.001259,0.060577
7,0.004836,0.000027,0.000005,0.026830,0.000298,0.000004,0.000177,0.032180
11,0.005537,0.000028,0.000003,0.014617,0.000270,0.000005,0.001366,0.021829
3,0.005065,0.000033,0.000003,0.045458,0.000243,0.000004,0.000195,0.051002
8,0.004992,0.000030,0.000005,0.022776,0.000307,0.000004,0.000164,0.028283
12,0.004897,0.000030,0.000003,0.047604,0.000244,0.000004,0.001403,0.054189
9,0.004709,0.000026,0.000004,0.025897,0.000284,0.000005,0.000176,0.031102
4,0.004996,0.000029,0.000003,0.064465,0.000397,0.000009,0.000354,0.070258
10,0.005616,0.000032,0.000005,0.029175,0.000594,0.000010,0.000236,0.035672
13,0.008724,0.000044,0.000006,0.105540,0.000485,0.000012,0.002863,0.117680
5,0.007754,0.000052,0.000004,0.092088,0.000305,0.000005,0.000196,0.100406
11,0.008193,0.000040,0.000006,0.102264,0.000305,0.000005,0.000167,0.110982
6,0.005426,0.000038,0.000003,0.017981,0.000276,0.000005,0.000188,0.023919
12,0.007202,0.000032,0.000004,0.015762,0.000263,0.000004,0.000155,0.023425
7,0.005258,0.000028,0.000003,0.005919,0.000265,0.000004,0.000176,0.011655
14,0.007969,0.000031,0.000004,0.052278,0.000242,0.000006,0.001231,0.061765
0,1.050301,0.000056,0.000009,0.067515,0.000436,0.000007,0.003859,1.122196
13,0.004569,0.000026,0.000003,0.050681,0.000282,0.000004,0.000150,0.055717
8,0.005207,0.000037,0.000003,0.061370,0.000270,0.000005,0.000183,0.067077
15,0.007168,0.000033,0.000003,0.061332,0.000272,0.000005,0.001379,0.070195
1,0.004529,0.000032,0.000004,0.052159,0.000295,0.000005,0.003234,0.060263
14,0.005901,0.000028,0.000005,0.049574,0.000237,0.000004,0.000160,0.055911
16,0.007181,0.000031,0.000003,0.024157,0.000333,0.000005,0.001601,0.033316
15,0.007856,0.000043,0.000006,0.013870,0.000373,0.000009,0.000238,0.022398
9,0.007508,0.000030,0.000003,0.068562,0.000402,0.000006,0.000256,0.076770
16,0.006640,0.000036,0.000004,0.008499,0.000354,0.000008,0.000230,0.015775
17,0.017406,0.000051,0.000005,0.027169,0.000360,0.000006,0.001808,0.046812
2,0.006624,0.000030,0.000003,0.097168,0.000503,0.000010,0.007866,0.112213
17,0.008442,0.000032,0.000005,0.118234,0.000359,0.000006,0.000209,0.127290
10,0.010918,0.000042,0.000005,0.124161,0.000289,0.000005,0.000199,0.135622
18,0.009720,0.000055,0.000004,0.116423,0.000314,0.000005,0.001592,0.128118
11,0.005220,0.000031,0.000003,0.012500,0.000277,0.000004,0.000184,0.018221
3,0.034654,0.000045,0.000005,0.065319,0.000304,0.000004,0.003312,0.103649
4,0.005534,0.000030,0.000003,0.007165,0.000303,0.000005,0.004236,0.017283
0,1.366154,0.000043,0.000007,0.068557,0.000529,0.000011,0.012741,1.448053
5,0.005460,0.000031,0.000003,0.012665,0.000297,0.000005,0.003830,0.022294
18,0.007574,0.000033,0.000004,0.063295,0.000265,0.000004,0.000159,0.071336
19,0.008044,0.000036,0.000004,0.060330,0.000259,0.000005,0.001398,0.070079
12,0.010270,0.000034,0.000004,0.061759,0.000279,0.000004,0.000221,0.072572
6,0.004715,0.000028,0.000003,0.048464,0.000271,0.000004,0.003819,0.057308
19,0.007227,0.000050,0.000006,0.076099,0.000326,0.000006,0.000202,0.083920
7,0.008047,0.000050,0.000004,0.021172,0.000430,0.000008,0.006566,0.036286
20,0.005932,0.000029,0.000004,0.074854,0.000396,0.000010,0.002153,0.083388
13,0.007600,0.000030,0.000003,0.100587,0.000471,0.000010,0.000321,0.109027
1,0.008787,0.000052,0.000005,0.125919,0.000459,0.000011,0.011682,0.146929
21,0.011229,0.000039,0.000004,0.034673,0.000363,0.000007,0.001795,0.048116
2,0.007255,0.000051,0.000005,0.016224,0.000406,0.000010,0.011544,0.035502
8,0.008509,0.000044,0.000004,0.119223,0.000310,0.000004,0.005380,0.133480
20,0.008131,0.000057,0.000006,0.131046,0.000358,0.000006,0.000210,0.139817
22,0.008801,0.000054,0.000006,0.088525,0.000430,0.000010,0.002623,0.100455
9,0.007349,0.000045,0.000005,0.013230,0.000273,0.000004,0.003819,0.024730
14,0.013339,0.000045,0.000004,0.120577,0.000347,0.000007,0.000264,0.134587
10,0.004855,0.000030,0.000004,0.016278,0.000250,0.000004,0.003523,0.024948
3,0.009170,0.000052,0.000004,0.100189,0.000449,0.000007,0.009162,0.119040
15,0.009864,0.000062,0.000006,0.016851,0.000286,0.000004,0.000657,0.027740
21,0.007757,0.000049,0.000007,0.066953,0.000268,0.000004,0.000160,0.075200
0,1.690036,0.000043,0.000006,0.065617,0.000390,0.000005,0.010296,1.766416
11,0.005710,0.000032,0.000003,0.025929,0.000303,0.000005,0.003994,0.035981
23,0.006342,0.000029,0.000003,0.062113,0.000286,0.000006,0.001342,0.070126
22,0.005638,0.000033,0.000004,0.011821,0.000268,0.000004,0.000162,0.017932
16,0.010855,0.000034,0.000003,0.013842,0.000293,0.000006,0.000195,0.025230
23,0.005521,0.000032,0.000004,0.010052,0.000259,0.000004,0.000157,0.016030
12,0.004936,0.000028,0.000003,0.094619,0.000461,0.000010,0.008154,0.108223
4,0.008307,0.000056,0.000004,0.110834,0.000494,0.000007,0.011449,0.131163
1,0.005697,0.000036,0.000003,0.101743,0.000376,0.000005,0.019361,0.127236
24,0.007276,0.000031,0.000003,0.109113,0.000382,0.000010,0.002736,0.119556
17,0.005540,0.000034,0.000003,0.113192,0.000406,0.000010,0.000339,0.119528
24,0.006403,0.000043,0.000006,0.107399,0.000407,0.000007,0.000271,0.114542
2,0.012055,0.000034,0.000004,0.034861,0.000454,0.000011,0.021014,0.068441
13,0.010898,0.000043,0.000004,0.106164,0.000384,0.000007,0.006644,0.124152
5,0.009397,0.000059,0.000005,0.106371,0.000444,0.000007,0.010713,0.127004
18,0.006779,0.000032,0.000005,0.107702,0.000327,0.000005,0.000228,0.115079
25,0.007180,0.000051,0.000007,0.123840,0.000287,0.000005,0.001429,0.132804
25,0.007883,0.000051,0.000007,0.113514,0.000301,0.000005,0.000204,0.121967
6,0.007987,0.000037,0.000003,0.020504,0.000323,0.000005,0.008462,0.037327
26,0.006886,0.000033,0.000004,0.011062,0.000275,0.000006,0.001526,0.019796
26,0.007083,0.000034,0.000006,0.015989,0.000289,0.000004,0.000177,0.023584
14,0.010409,0.000058,0.000007,0.042652,0.000330,0.000004,0.004374,0.057841
0,2.000270,0.000055,0.000008,0.081751,0.000427,0.000007,0.000878,2.083402
3,0.017813,0.000048,0.000005,0.084333,0.000380,0.000005,0.011950,0.114541
7,0.005849,0.000030,0.000003,0.010378,0.000305,0.000006,0.008511,0.025088
27,0.005360,0.000035,0.000006,0.018689,0.000268,0.000005,0.000157,0.024522
15,0.007460,0.000035,0.000005,0.011944,0.000284,0.000004,0.004290,0.024029
19,0.007295,0.000038,0.000004,0.070813,0.000307,0.000005,0.000223,0.078688
27,0.006073,0.000035,0.000004,0.093149,0.000381,0.000007,0.002365,0.102022
8,0.006149,0.000036,0.000004,0.132403,0.000433,0.000012,0.011841,0.150886
1,0.006537,0.000044,0.000004,0.160012,0.000536,0.000013,0.001177,0.168333
4,0.006405,0.000039,0.000004,0.142657,0.000378,0.000006,0.019900,0.169402
28,0.008347,0.000043,0.000007,0.161070,0.000411,0.000009,0.000240,0.170131
20,0.007884,0.000042,0.000005,0.170520,0.000438,0.000009,0.000323,0.179224
16,0.007172,0.000042,0.000004,0.177043,0.000511,0.000011,0.005527,0.190319
5,0.008778,0.000033,0.000004,0.035709,0.000347,0.000004,0.012242,0.057127
28,0.010871,0.000063,0.000007,0.139441,0.000296,0.000005,0.006021,0.156710
29,0.011946,0.000044,0.000004,0.016706,0.000359,0.000007,0.002420,0.031493
2,0.007362,0.000043,0.000004,0.100690,0.000297,0.000005,0.000679,0.109084
29,0.008367,0.000053,0.000011,0.088795,0.000272,0.000004,0.000166,0.097671
9,0.012250,0.000065,0.000008,0.112244,0.000398,0.000009,0.009774,0.134758
3,0.007205,0.000036,0.000004,0.011982,0.000279,0.000006,0.000684,0.020200
0,2.267965,0.000058,0.000008,0.117582,0.000809,0.000021,0.003045,2.389502
17,0.009921,0.000063,0.000005,0.089131,0.000323,0.000005,0.005107,0.104559
21,0.011878,0.000047,0.000005,0.143089,0.000470,0.000009,0.000353,0.155855
6,0.012206,0.000038,0.000003,0.092223,0.000823,0.000015,0.035092,0.140413
1,0.008010,0.000050,0.000005,0.106692,0.000234,0.000004,0.017433,0.132436
30,0.006532,0.000035,0.000006,0.174643,0.000465,0.000009,0.000298,0.181992
10,0.008066,0.000043,0.000005,0.164621,0.000372,0.000007,0.012715,0.185840
30,0.007764,0.000044,0.000004,0.189368,0.000408,0.000009,0.002543,0.200146
4,0.006443,0.000042,0.000005,0.170233,0.000621,0.000011,0.002160,0.179523
18,0.009097,0.000040,0.000004,0.183603,0.000430,0.000009,0.030775,0.223968
22,0.018192,0.000047,0.000004,0.167953,0.000537,0.000010,0.000326,0.187074
7,0.008514,0.000043,0.000004,0.170375,0.000324,0.000005,0.013430,0.192703
2,0.012730,0.000054,0.000007,0.127095,0.000347,0.000005,0.001147,0.141390
19,0.006633,0.000039,0.000003,0.030966,0.000392,0.000007,0.006122,0.044172
11,0.009220,0.000052,0.000006,0.114296,0.000289,0.000006,0.009694,0.133570
0,2.592372,0.000052,0.000007,0.114808,0.000454,0.000007,0.003037,2.710757
8,0.008573,0.000036,0.000003,0.029405,0.000329,0.000005,0.019007,0.057368
31,0.011218,0.000042,0.000006,0.163539,0.000456,0.000008,0.000612,0.175886
5,0.010338,0.000047,0.000004,0.150710,0.000606,0.000021,0.002178,0.163913
12,0.008466,0.000051,0.000006,0.016122,0.000426,0.000011,0.013442,0.038533
31,0.018932,0.000054,0.000004,0.165892,0.000660,0.000020,0.005679,0.191251
6,0.009828,0.000055,0.000004,0.038183,0.000510,0.000010,0.001284,0.049884
3,0.008082,0.000039,0.000004,0.146382,0.000363,0.000005,0.001897,0.156780
23,0.015439,0.000049,0.000004,0.176096,0.000463,0.000006,0.000372,0.192434
7,0.041786,0.000066,0.000005,0.034939,0.000553,0.000015,0.001220,0.078595
1,0.008612,0.000059,0.000006,0.205156,0.000302,0.000005,0.003361,0.217511
20,0.009681,0.000047,0.000006,0.202025,0.000768,0.000015,0.046640,0.259196
32,0.016290,0.000054,0.000007,0.199856,0.000404,0.000008,0.000245,0.216869
13,0.007890,0.000040,0.000004,0.194638,0.000451,0.000010,0.011043,0.214083
9,0.009250,0.000057,0.000006,0.205645,0.000473,0.000011,0.019651,0.235100
32,0.011300,0.000055,0.000005,0.184642,0.000307,0.000007,0.001720,0.198044
21,0.009691,0.000046,0.000005,0.018885,0.000416,0.000009,0.006348,0.035408
8,0.009513,0.000043,0.000005,0.095123,0.000409,0.000008,0.000682,0.105787
0,2.933964,0.000073,0.000018,0.033348,0.000511,0.000007,0.013221,2.981163
4,0.009545,0.000062,0.000008,0.136875,0.000375,0.000005,0.001381,0.148257
9,0.006971,0.000042,0.000005,0.031435,0.000522,0.000014,0.001155,0.040151
24,0.016931,0.000076,0.000006,0.182669,0.000550,0.000011,0.000377,0.200624
2,0.011879,0.000039,0.000005,0.108792,0.000576,0.000012,0.005827,0.127142
10,0.017374,0.000065,0.000008,0.029829,0.000528,0.000014,0.001261,0.049085
14,0.006910,0.000041,0.000005,0.129479,0.028716,0.000006,0.012849,0.178024
11,0.014133,0.000050,0.000006,0.063279,0.000472,0.000010,0.001012,0.078970
25,0.017390,0.000061,0.000005,0.093781,0.000671,0.000009,0.000438,0.112364
33,0.008832,0.000041,0.000003,0.192201,0.000503,0.000008,0.002684,0.204282
33,0.015715,0.000044,0.000008,0.206206,0.000477,0.000011,0.000315,0.222781
5,0.007664,0.000045,0.000005,0.194773,0.000515,0.000008,0.035376,0.238401
1,0.006290,0.000039,0.000004,0.235138,0.000486,0.000007,0.011182,0.253156
26,0.013581,0.000047,0.000007,0.056660,0.000720,0.000016,0.000759,0.071801
15,0.015633,0.000059,0.000005,0.074967,0.000374,0.000005,0.008658,0.099715
22,0.008697,0.000046,0.000004,0.254449,0.000447,0.000009,0.008655,0.272316
10,0.008075,0.000055,0.000004,0.260456,0.000469,0.000008,0.021442,0.290519
12,0.013031,0.000058,0.000006,0.082984,0.000387,0.000007,0.000719,0.097199
6,0.016679,0.000211,0.000017,0.016702,0.000389,0.000004,0.001454,0.035462
34,0.008331,0.000056,0.000005,0.081018,0.000561,0.000011,0.002764,0.092753
13,0.009150,0.000047,0.000004,0.011033,0.000376,0.000006,0.000672,0.021292
16,0.011086,0.000055,0.000006,0.020554,0.000417,0.000006,0.007754,0.039897
23,0.008766,0.000051,0.000005,0.032405,0.000445,0.000009,0.007371,0.049063
0,3.235743,0.000138,0.000016,0.062148,0.001065,0.000037,0.007638,3.306809
17,0.008304,0.000052,0.000005,0.008890,0.000386,0.000007,0.008376,0.026033
3,0.010877,0.000070,0.000006,0.243658,0.000512,0.000010,0.005724,0.260867
14,0.007187,0.000050,0.000005,0.044196,0.000577,0.000014,0.001237,0.053273
34,0.054301,0.000064,0.000011,0.140484,0.001173,0.000014,0.000282,0.196334
27,0.015173,0.000063,0.000007,0.168005,0.000434,0.000008,0.000313,0.184006
2,0.008642,0.000047,0.000004,0.187785,0.000446,0.000005,0.015634,0.212575
15,0.009444,0.000066,0.000007,0.113152,0.000483,0.000012,0.001237,0.124411
11,0.009126,0.000050,0.000004,0.174501,0.000546,0.000008,0.026120,0.210369
7,0.007918,0.000045,0.000005,0.198635,0.000407,0.000007,0.001790,0.208814
18,0.010620,0.000051,0.000006,0.135745,0.000537,0.000009,0.024108,0.171087
24,0.009407,0.000058,0.000004,0.226096,0.000444,0.000008,0.008017,0.244042
35,0.012038,0.000087,0.000008,0.263749,0.000384,0.000010,0.002335,0.278617
1,0.011951,0.000074,0.000009,0.227494,0.000478,0.000007,0.003788,0.243810
16,0.012064,0.000067,0.000005,0.077827,0.000391,0.000007,0.000823,0.091189
36,0.010603,0.000064,0.000005,0.035582,0.000415,0.000011,0.002504,0.049193
4,0.012521,0.000052,0.000008,0.261153,0.000592,0.000010,0.004733,0.279083
28,0.018753,0.000068,0.000008,0.159657,0.000501,0.000010,0.000381,0.179387
12,0.007640,0.000038,0.000004,0.122730,0.000383,0.000005,0.016717,0.147525
35,0.056839,0.000057,0.000007,0.174269,0.000470,0.000008,0.000292,0.231948
2,0.009413,0.000046,0.000007,0.048279,0.000548,0.000007,0.004403,0.062708
17,0.007450,0.000044,0.000004,0.062873,0.000507,0.000009,0.001408,0.072303
37,0.008777,0.000056,0.000006,0.015906,0.000435,0.000009,0.002660,0.027862
0,3.487574,0.000085,0.000011,0.177435,0.000885,0.000016,0.002078,3.668104
3,0.010572,0.000052,0.000006,0.202011,0.000604,0.000015,0.016539,0.229814
8,0.042034,0.000060,0.000006,0.202963,0.000494,0.000008,0.002887,0.248460
3,0.010651,0.000067,0.000011,0.122860,0.000781,0.000011,0.005152,0.139546
19,0.041852,0.000049,0.000005,0.212362,0.001022,0.000031,0.017821,0.273151
9,0.014637,0.000098,0.000018,0.020245,0.000495,0.000010,0.002581,0.038093
25,0.008454,0.000046,0.000006,0.212957,0.000560,0.000008,0.049530,0.271566
29,0.024650,0.000057,0.000007,0.223875,0.000509,0.000006,0.000287,0.249395
20,0.010579,0.000053,0.000005,0.075623,0.000467,0.000008,0.015721,0.102470
4,0.016333,0.000081,0.000010,0.092510,0.000443,0.000005,0.002960,0.112350
38,0.009962,0.000074,0.000007,0.231047,0.000450,0.000009,0.002786,0.244346
18,0.013410,0.000056,0.000005,0.237189,0.000482,0.000009,0.001157,0.252319
36,0.012260,0.000052,0.000008,0.274413,0.000472,0.000009,0.000262,0.287478
5,0.017756,0.000104,0.000013,0.277588,0.016509,0.000007,0.004515,0.316503
13,0.012703,0.000062,0.000008,0.275325,0.000681,0.000016,0.027110,0.315919
5,0.006670,0.000044,0.000005,0.050725,0.000545,0.000009,0.003381,0.061387
1,0.010246,0.000062,0.000006,0.264502,0.000540,0.000011,0.001678,0.277060
6,0.009370,0.000059,0.000010,0.007719,0.000491,0.000006,0.003440,0.021105
4,0.016168,0.000081,0.000007,0.200422,0.000538,0.000011,0.016021,0.233258
10,0.053163,0.000064,0.000007,0.198961,0.000528,0.000007,0.002188,0.254926
0,3.853503,0.000051,0.000006,0.179639,0.000980,0.000016,0.000891,4.035095
14,0.010782,0.000045,0.000005,0.047595,0.000252,0.000005,0.058995,0.117697
7,0.007783,0.000060,0.000010,0.100867,0.000547,0.000008,0.003383,0.112670
39,0.009794,0.000050,0.000007,0.184669,0.000541,0.000008,0.003398,0.198479
26,0.010974,0.000057,0.000005,0.298493,0.000786,0.000012,0.012033,0.322372
40,0.044256,0.000054,0.000007,0.020094,0.000522,0.000010,0.003128,0.068083
21,0.009426,0.000098,0.000010,0.265082,0.000599,0.000012,0.013512,0.288750
30,0.010679,0.000054,0.000004,0.298711,0.000683,0.000014,0.000384,0.310533
6,0.017808,0.000065,0.000007,0.224719,0.000593,0.000013,0.005102,0.248319
8,0.052761,0.000071,0.000010,0.056309,0.032526,0.000006,0.002226,0.143918
19,0.011272,0.000046,0.000004,0.316044,0.001093,0.000014,0.002041,0.330525
5,0.015793,0.000054,0.000006,0.205656,0.032515,0.000008,0.011587,0.265631
0,4.149410,0.000067,0.000010,0.075471,0.000741,0.000011,0.019748,4.245491
22,0.009115,0.000057,0.000005,0.053145,0.000433,0.000008,0.024483,0.087260
37,0.033339,0.000099,0.000014,0.324211,0.000620,0.000009,0.000337,0.358638
6,0.009825,0.000055,0.000004,0.016947,0.000643,0.000011,0.017699,0.045209
1,0.011047,0.000082,0.000010,0.275772,0.000471,0.000011,0.000320,0.287720
11,0.008486,0.000066,0.000009,0.247316,0.000500,0.000006,0.034628,0.291020
2,0.021240,0.000053,0.000005,0.340320,0.000569,0.000010,0.001504,0.363711
9,0.007612,0.000048,0.000006,0.090046,0.000620,0.000011,0.006467,0.104825
1,0.009806,0.000066,0.000009,0.035811,0.000267,0.000005,0.040682,0.086660
15,0.014555,0.000053,0.000005,0.283299,0.000600,0.000012,0.064611,0.363148
3,0.017267,0.000067,0.000006,0.025836,0.045088,0.000029,0.003736,0.092047
12,0.016474,0.000066,0.000010,0.110977,0.000547,0.000008,0.002494,0.130588
10,0.014700,0.000079,0.000008,0.114720,0.000421,0.000005,0.002716,0.132658
31,0.048971,0.000062,0.000007,0.241571,0.000485,0.000009,0.000365,0.291474
41,0.009038,0.000053,0.000005,0.307328,0.000513,0.000013,0.002975,0.319937
16,0.013724,0.000057,0.000006,0.017424,0.000558,0.000013,0.028877,0.060671
13,0.008950,0.000056,0.000007,0.058023,0.000645,0.000013,0.002845,0.070550
11,0.009071,0.000052,0.000008,0.053033,0.000474,0.000006,0.002887,0.065541
7,0.053259,0.000120,0.000009,0.190345,0.000693,0.000012,0.012377,0.256838
27,0.012511,0.000060,0.000005,0.369082,0.000518,0.000010,0.010457,0.392659
7,0.009601,0.000029,0.000003,0.362387,0.000781,0.000019,0.007831,0.380667
12,0.008131,0.000063,0.000010,0.014174,0.000594,0.000008,0.002565,0.025552
23,0.011028,0.000061,0.000006,0.297850,0.000839,0.000018,0.019078,0.328896
20,0.023475,0.000106,0.000006,0.332167,0.000368,0.000006,0.000705,0.356836
14,0.014710,0.000088,0.000011,0.034856,0.000510,0.000007,0.038367,0.088563
38,0.053691,0.000059,0.000007,0.298249,0.000566,0.000012,0.000304,0.352896
2,0.013403,0.000066,0.000006,0.294113,0.000539,0.000008,0.000447,0.308587
8,0.015006,0.000056,0.000007,0.094855,0.000858,0.000013,0.010570,0.121387
15,0.013201,0.000118,0.000017,0.040934,0.000649,0.000014,0.001761,0.056697
2,0.027870,0.000069,0.000005,0.312237,0.000687,0.000015,0.053684,0.394580
28,0.013132,0.000061,0.000007,0.119683,0.000607,0.000011,0.052103,0.185622
24,0.047580,0.000058,0.000005,0.096336,0.000580,0.000008,0.016474,0.161061
16,0.009538,0.000065,0.000010,0.021010,0.000561,0.000006,0.002419,0.033619
0,4.669485,0.000124,0.000010,0.086139,0.000895,0.000013,0.002420,4.759109
4,0.010048,0.000082,0.000005,0.336202,0.000561,0.000009,0.001746,0.348665
13,0.056201,0.000092,0.000010,0.156809,0.040759,0.000010,0.004165,0.258058
9,0.010164,0.000059,0.000007,0.145182,0.000444,0.000006,0.006869,0.162740
21,0.039441,0.000069,0.000008,0.235861,0.000546,0.000018,0.001241,0.277189
17,0.011563,0.000047,0.000006,0.314843,0.000615,0.000010,0.029815,0.356928
10,0.007223,0.000041,0.000005,0.037618,0.000459,0.000008,0.005144,0.050510
42,0.049861,0.000052,0.000006,0.361216,0.000540,0.000010,0.002849,0.414545
8,0.016412,0.000063,0.000008,0.305599,0.000469,0.000011,0.005167,0.327741
32,0.014126,0.000063,0.000006,0.409391,0.000568,0.000011,0.000423,0.424595
39,0.019648,0.000067,0.000010,0.248945,0.000708,0.000013,0.000402,0.269801
3,0.010794,0.000059,0.000005,0.279606,0.000466,0.000009,0.000341,0.291286
43,0.010444,0.000035,0.000003,0.043033,0.000538,0.000010,0.003305,0.057380
11,0.006989,0.000046,0.000005,0.053247,0.000417,0.000004,0.005340,0.066061
0,4.847447,0.000066,0.000014,0.102657,0.001249,0.000020,0.005123,4.956613
1,0.011583,0.000073,0.000006,0.196053,0.000404,0.000005,0.001251,0.209384
9,0.029755,0.000047,0.000006,0.044595,0.000701,0.000015,0.007010,0.082143
14,0.009419,0.000055,0.000007,0.130691,0.000958,0.000029,0.011696,0.152866
29,0.020659,0.000059,0.000010,0.211965,0.000546,0.000010,0.012144,0.245406
12,0.006453,0.000052,0.000005,0.024349,0.000422,0.000005,0.005471,0.036767
3,0.010465,0.000074,0.000007,0.237950,0.000452,0.000008,0.014689,0.263656
1,0.015118,0.000066,0.000006,0.018059,0.000478,0.000006,0.002016,0.035758
17,0.013710,0.000062,0.000007,0.225134,0.000524,0.000007,0.002232,0.241683
13,0.006748,0.000047,0.000005,0.028718,0.000436,0.000005,0.005362,0.041328
5,0.050803,0.000054,0.000005,0.210513,0.000507,0.000008,0.001601,0.263501
4,0.012564,0.000062,0.000006,0.032579,0.000482,0.000010,0.012746,0.058461
14,0.006579,0.000044,0.000005,0.008230,0.000471,0.000011,0.006572,0.021923
25,0.010337,0.000052,0.000006,0.299633,0.000534,0.000010,0.014048,0.324634
22,0.010374,0.000047,0.000004,0.204256,0.000498,0.000012,0.001595,0.216795
18,0.040331,0.000109,0.000014,0.141724,0.000483,0.000006,0.026659,0.209344
6,0.009292,0.000062,0.000005,0.041861,0.000527,0.000008,0.001667,0.053432
15,0.010730,0.000051,0.000004,0.028303,0.000424,0.000004,0.005565,0.045092
4,0.009618,0.000049,0.000005,0.182274,0.000869,0.000025,0.000978,0.193832
40,0.035167,0.000053,0.000009,0.187335,0.000503,0.000011,0.000350,0.223433
26,0.008106,0.000051,0.000005,0.020710,0.000488,0.000011,0.022435,0.051824
33,0.040552,0.000058,0.000006,0.187956,0.000607,0.000012,0.000358,0.229554
16,0.005585,0.000061,0.000007,0.030123,0.000410,0.000004,0.005356,0.041555
2,0.006737,0.000039,0.000005,0.153699,0.000666,0.000014,0.002541,0.163710
17,0.004891,0.000038,0.000004,0.007075,0.000375,0.000007,0.005030,0.017433
44,0.012433,0.000061,0.000005,0.210909,0.000471,0.000010,0.002900,0.226798
15,0.010361,0.000052,0.000008,0.186277,0.000604,0.000010,0.004034,0.201358
10,0.017675,0.000114,0.000015,0.187992,0.001018,0.000030,0.011471,0.218335
18,0.009173,0.000046,0.000005,0.005237,0.000399,0.000005,0.005403,0.020278
30,0.011743,0.000053,0.000004,0.187330,0.000533,0.000011,0.013554,0.213245
3,0.014199,0.000076,0.000006,0.019952,0.000440,0.000008,0.002303,0.036996
2,0.010236,0.000069,0.000006,0.217274,0.000480,0.000007,0.001854,0.229935
18,0.009674,0.000031,0.000004,0.209281,0.000943,0.000032,0.006552,0.226534
5,0.008250,0.000049,0.000006,0.162582,0.000545,0.000010,0.013186,0.184641
19,0.006464,0.000043,0.000003,0.034663,0.000404,0.000005,0.005483,0.047077
31,0.021918,0.000059,0.000007,0.015897,0.000618,0.000025,0.014363,0.052898
19,0.011663,0.000045,0.000005,0.030718,0.000553,0.000015,0.001857,0.044864
23,0.015452,0.000061,0.000007,0.178041,0.000505,0.000029,0.001257,0.195360
20,0.005257,0.000037,0.000004,0.021620,0.000474,0.000005,0.005848,0.033254
41,0.012761,0.000045,0.000006,0.153973,0.000528,0.000009,0.000298,0.167626
7,0.009131,0.000030,0.000003,0.185225,0.001167,0.000027,0.004602,0.200204
6,0.009523,0.000059,0.000006,0.038728,0.000568,0.000011,0.014411,0.063317
5,0.010702,0.000054,0.000005,0.168554,0.000578,0.000009,0.000422,0.180329
34,0.031035,0.000054,0.000005,0.155203,0.000533,0.000009,0.000337,0.187180
21,0.006233,0.000047,0.000006,0.035368,0.000434,0.000006,0.006392,0.048498
19,0.016206,0.000102,0.000011,0.183590,0.000617,0.000019,0.043380,0.243943
20,0.012494,0.000102,0.000015,0.051571,0.000459,0.000007,0.002084,0.066740
27,0.009461,0.000067,0.000005,0.202185,0.000416,0.000009,0.014321,0.226478
22,0.006802,0.000041,0.000005,0.010637,0.000426,0.000004,0.005533,0.023455
42,0.022180,0.000059,0.000010,0.042062,0.000478,0.000008,0.000298,0.065100
16,0.010780,0.000055,0.000008,0.172709,0.000543,0.000011,0.004360,0.188477
4,0.008634,0.004260,0.000007,0.158520,0.000403,0.000005,0.001992,0.173829
45,0.012762,0.000061,0.000005,0.181626,0.001151,0.000046,0.005755,0.201436
23,0.013929,0.000050,0.000005,0.005935,0.000407,0.000005,0.005942,0.026280
28,0.014918,0.000059,0.000006,0.014640,0.000491,0.000011,0.016815,0.046958
3,0.019081,0.000054,0.000007,0.179854,0.000467,0.000009,0.001537,0.201018
20,0.012921,0.000074,0.000005,0.043744,0.000680,0.000009,0.024370,0.081813
24,0.005745,0.000037,0.000004,0.035360,0.000505,0.000005,0.005152,0.046815
11,0.023817,0.000060,0.000009,0.222427,0.000696,0.000014,0.007810,0.254852
32,0.010938,0.000055,0.000005,0.198058,0.000486,0.000010,0.008965,0.218528
25,0.014072,0.000046,0.000006,0.034041,0.000426,0.000009,0.005391,0.054001
5,0.008324,0.000044,0.000004,0.112917,0.000421,0.000007,0.001936,0.123659
24,0.015172,0.000055,0.000004,0.202652,0.000584,0.000023,0.001455,0.219954
21,0.013419,0.000048,0.000006,0.037208,0.000519,0.000009,0.031472,0.082689
8,0.021792,0.000086,0.000010,0.177576,0.000722,0.000011,0.001810,0.202015
12,0.014356,0.000058,0.000005,0.027993,0.000449,0.000008,0.005232,0.048111
26,0.007294,0.000039,0.000004,0.008810,0.000310,0.000004,0.005259,0.021727
6,0.017104,0.000067,0.000007,0.195520,0.000468,0.000009,0.000358,0.213539
35,0.012713,0.000049,0.000006,0.189951,0.000671,0.000017,0.000609,0.204031
7,0.011583,0.000063,0.000006,0.198828,0.000630,0.000009,0.017403,0.228533
21,0.008269,0.000054,0.000007,0.176190,0.000523,0.000010,0.002264,0.187325
27,0.012093,0.000042,0.000005,0.031173,0.000397,0.000007,0.004818,0.048542
43,0.011282,0.000053,0.000011,0.203788,0.000429,0.000008,0.000254,0.215829
36,0.018175,0.000067,0.000007,0.042038,0.000434,0.000010,0.000306,0.061039
17,0.008484,0.000050,0.000006,0.205634,0.000410,0.000007,0.003777,0.218379
22,0.021460,0.000076,0.000008,0.043027,0.000553,0.000012,0.024266,0.089416
28,0.008022,0.000040,0.000004,0.027010,0.000429,0.000005,0.014516,0.050035
46,0.014351,0.000057,0.000007,0.228928,0.000491,0.000009,0.002900,0.246753
29,0.009504,0.000055,0.000005,0.003555,0.000361,0.000005,0.005234,0.018727
18,0.008904,0.000048,0.000007,0.038600,0.000487,0.000009,0.004249,0.052315
4,0.019738,0.000083,0.000011,0.226507,0.000523,0.000008,0.001744,0.248622
30,0.006576,0.000037,0.000004,0.004248,0.000370,0.000006,0.005536,0.016789
23,0.010741,0.000036,0.000004,0.024587,0.000506,0.000009,0.024706,0.060601
9,0.008018,0.000068,0.000007,0.153024,0.000504,0.000010,0.001686,0.163325
29,0.026737,0.000048,0.000006,0.225213,0.000568,0.000010,0.018260,0.270859
33,0.010307,0.000090,0.000009,0.195903,0.000452,0.000009,0.008962,0.215745
6,0.021408,0.000062,0.000005,0.168999,0.000593,0.000013,0.002829,0.193920
13,0.005027,0.000053,0.000006,0.182146,0.000704,0.000014,0.005523,0.193485
31,0.007603,0.000042,0.000004,0.041122,0.000668,0.000005,0.007824,0.057312
7,0.010841,0.000051,0.000006,0.184478,0.000463,0.000007,0.000364,0.196216
5,0.013490,0.000049,0.000005,0.039819,0.000543,0.000007,0.001449,0.055370
34,0.012864,0.000051,0.000006,0.006678,0.000523,0.000007,0.007545,0.027685
8,0.009806,0.000049,0.000005,0.174149,0.000421,0.000006,0.013138,0.197585
10,0.009936,0.000055,0.000005,0.053898,0.000542,0.000008,0.001700,0.066156
14,0.007373,0.000036,0.000003,0.033636,0.000440,0.000007,0.004657,0.046163
7,0.007984,0.000053,0.000004,0.040229,0.000468,0.000009,0.002694,0.051453
30,0.016774,0.000059,0.000007,0.039354,0.000558,0.000011,0.019953,0.076732
22,0.013845,0.000055,0.000007,0.197600,0.000556,0.000008,0.002238,0.214319
32,0.008629,0.000047,0.000012,0.024421,0.000377,0.000004,0.005510,0.039006
25,0.019009,0.000073,0.000009,0.235326,0.000542,0.000016,0.001231,0.256221
44,0.012214,0.000053,0.000010,0.166087,0.000389,0.000007,0.000240,0.179003
33,0.006422,0.000032,0.000003,0.015514,0.000398,0.000007,0.005375,0.027759
37,0.012301,0.000040,0.000005,0.192605,0.000409,0.000006,0.000256,0.205626
9,0.009397,0.000057,0.000005,0.038785,0.000591,0.000009,0.015427,0.064281
34,0.006570,0.000035,0.000003,0.005985,0.000364,0.000004,0.009916,0.022885
15,0.012457,0.000052,0.000006,0.046823,0.000549,0.000010,0.005494,0.065402
26,0.013187,0.000062,0.000008,0.051442,0.000516,0.000009,0.001229,0.066462
19,0.010802,0.000049,0.000008,0.182786,0.000412,0.000008,0.004073,0.198145
47,0.028527,0.000056,0.000006,0.187953,0.000493,0.000008,0.002572,0.219623
35,0.007526,0.000041,0.000003,0.023309,0.000375,0.000006,0.005361,0.036628
8,0.008578,0.000050,0.000004,0.130599,0.000361,0.000004,0.000238,0.139838
27,0.012356,0.000054,0.000006,0.023229,0.000425,0.000007,0.001156,0.037241
10,0.007126,0.000031,0.000003,0.046261,0.000819,0.000013,0.015061,0.069323
20,0.009384,0.000049,0.000006,0.020439,0.000444,0.000008,0.004344,0.034683
36,0.006462,0.000033,0.000004,0.021177,0.000444,0.000004,0.005255,0.033385
8,0.009370,0.000048,0.000004,0.138532,0.000522,0.000010,0.003791,0.152287
35,0.012738,0.000042,0.000006,0.174613,0.000283,0.000004,0.005218,0.192918
6,0.016381,0.000082,0.000009,0.183135,0.000626,0.000012,0.002248,0.202505
37,0.012417,0.000045,0.000004,0.026607,0.000423,0.000005,0.005576,0.045082
11,0.007909,0.000055,0.000005,0.186519,0.000537,0.000010,0.001454,0.196497
24,0.011658,0.000052,0.000006,0.252617,0.000613,0.000010,0.022735,0.287703
31,0.013203,0.000049,0.000006,0.169173,0.000634,0.000016,0.017115,0.200209
23,0.020814,0.000059,0.000006,0.187675,0.000482,0.000009,0.002287,0.211341
38,0.016131,0.000057,0.000007,0.153115,0.000493,0.000009,0.000315,0.170132
38,0.006154,0.000032,0.000003,0.023351,0.000425,0.000006,0.005390,0.035369
45,0.017215,0.000056,0.000008,0.192739,0.000513,0.000009,0.000349,0.210893
16,0.009711,0.000055,0.000005,0.164357,0.000426,0.000010,0.005013,0.179588
32,0.013308,0.000062,0.000005,0.017294,0.000513,0.000013,0.015086,0.046290
39,0.007673,0.000040,0.000003,0.030531,0.000394,0.000005,0.007352,0.046003
48,0.013806,0.000060,0.000006,0.153348,0.000664,0.000013,0.003084,0.170998
40,0.015368,0.000061,0.000005,0.020808,0.000372,0.000004,0.005334,0.041958
33,0.031340,0.000063,0.000007,0.011152,0.000527,0.000009,0.014267,0.057387
9,0.010180,0.000051,0.000004,0.196519,0.000506,0.000007,0.000370,0.207641
28,0.012629,0.000056,0.000004,0.187600,0.000458,0.000008,0.001299,0.202063
11,0.009730,0.000053,0.000005,0.170175,0.000557,0.000011,0.019498,0.200041
21,0.008089,0.000045,0.000005,0.197165,0.000463,0.000008,0.004809,0.210593
7,0.010112,0.000054,0.000007,0.193907,0.000449,0.000008,0.001563,0.206109
36,0.012976,0.000055,0.000007,0.195341,0.000806,0.000017,0.012890,0.222106
9,0.018703,0.000124,0.000011,0.216193,0.000561,0.000012,0.003118,0.238736
29,0.012964,0.000050,0.000006,0.062517,0.000523,0.000009,0.001127,0.077204
39,0.011771,0.000051,0.000006,0.177492,0.000484,0.000006,0.000310,0.190125
46,0.012269,0.000054,0.000007,0.176557,0.000503,0.000008,0.000263,0.189666
12,0.011525,0.000061,0.000005,0.220999,0.000350,0.000004,0.001341,0.234295
41,0.017089,0.000085,0.000004,0.097458,0.000644,0.000008,0.010075,0.125382
24,0.012441,0.000062,0.000005,0.205395,0.000512,0.000008,0.002096,0.220530
37,0.018075,0.000118,0.000014,0.023045,0.000500,0.000011,0.010936,0.052711
49,0.011334,0.000053,0.000005,0.155404,0.000473,0.000010,0.002885,0.170176
22,0.012668,0.000073,0.000007,0.080599,0.000766,0.000019,0.012524,0.106664
25,0.013381,0.000059,0.000005,0.173844,0.000573,0.000009,0.070578,0.258454
17,0.011973,0.000066,0.000007,0.194468,0.000528,0.000010,0.005064,0.212126
10,0.016434,0.000065,0.000006,0.049445,0.000457,0.000008,0.002486,0.068911
40,0.016137,0.000053,0.000007,0.046929,0.000493,0.000009,0.000375,0.064012
47,0.014947,0.000058,0.000011,0.058616,0.000511,0.000009,0.000320,0.074476
25,0.022402,0.000057,0.000008,0.044124,0.000501,0.000007,0.002097,0.069202
26,0.014600,0.000062,0.000006,0.024963,0.000540,0.000007,0.025883,0.066073
50,0.009475,0.000027,0.000003,0.070101,0.000786,0.000017,0.003006,0.083427
12,0.017858,0.000054,0.000004,0.177086,0.000692,0.000014,0.018701,0.214423
8,0.014063,0.000047,0.000005,0.160731,0.000558,0.000014,0.002067,0.177497
10,0.009629,0.000053,0.000004,0.229757,0.000529,0.000009,0.000358,0.240342
34,0.017444,0.000063,0.000005,0.213875,0.008763,0.000012,0.018762,0.258940
27,0.012522,0.000052,0.000004,0.027977,0.000591,0.000012,0.040153,0.081328
30,0.012615,0.000050,0.000005,0.199061,0.000708,0.000012,0.001629,0.214103
13,0.011340,0.000058,0.000004,0.193467,0.000504,0.000009,0.001268,0.206658
23,0.009237,0.000056,0.000008,0.175974,0.000431,0.000007,0.004857,0.190582
42,0.026995,0.000099,0.000010,0.163397,0.000635,0.000009,0.016183,0.207340
48,0.012762,0.000053,0.000008,0.151773,0.000690,0.000015,0.000374,0.165682
41,0.016389,0.000058,0.000006,0.168178,0.000640,0.000014,0.000525,0.185818
38,0.027427,0.000058,0.000006,0.198108,0.000608,0.000009,0.008804,0.235041
31,0.016470,0.000056,0.000006,0.041242,0.000413,0.000010,0.001040,0.059245
11,0.008490,0.000062,0.000005,0.196394,0.000548,0.000015,0.003937,0.209465
18,0.018833,0.000099,0.000011,0.205947,0.000529,0.000011,0.005402,0.230841
51,0.019820,0.000042,0.000005,0.159491,0.000506,0.000010,0.002706,0.182592
43,0.027499,0.000089,0.000007,0.042531,0.000797,0.000011,0.011568,0.082511
26,0.013437,0.000064,0.000011,0.202002,0.000914,0.000019,0.002993,0.219450
13,0.010812,0.004303,0.000007,0.179370,0.000525,0.000010,0.021444,0.216485
35,0.013712,0.000052,0.000005,0.155554,0.000509,0.000008,0.023461,0.193314
11,0.010991,0.000051,0.000006,0.195667,0.000484,0.000008,0.000395,0.207609
9,0.013823,0.000056,0.000006,0.209597,0.000473,0.000009,0.001684,0.225657
12,0.011881,0.000052,0.000004,0.039914,0.000476,0.000008,0.000403,0.052743
49,0.017911,0.000049,0.000007,0.152844,0.000887,0.000030,0.000563,0.172298
14,0.010455,0.000066,0.000005,0.201566,0.000610,0.000010,0.009889,0.222617
28,0.014984,0.000066,0.000008,0.192510,0.000575,0.000012,0.040398,0.248563
32,0.016054,0.000057,0.000005,0.166957,0.000671,0.000011,0.001504,0.185271
36,0.034711,0.000090,0.000005,0.034566,0.000767,0.000011,0.028621,0.098806
24,0.026111,0.000098,0.000014,0.196064,0.000459,0.000007,0.004938,0.227700
42,0.013952,0.000104,0.000011,0.215274,0.000486,0.000010,0.000359,0.230203
12,0.013334,0.000058,0.000006,0.184908,0.001228,0.000047,0.006927,0.206525
39,0.016016,0.000083,0.000010,0.198738,0.001105,0.000028,0.021458,0.237454
44,0.027804,0.000066,0.000006,0.160494,0.000472,0.000007,0.011110,0.199969
19,0.010331,0.000057,0.000006,0.215183,0.000576,0.000008,0.007470,0.233645
29,0.013920,0.000058,0.000006,0.051297,0.000508,0.000008,0.032766,0.098578
45,0.016182,0.000029,0.000003,0.007042,0.000401,0.000005,0.010688,0.034358
14,0.009406,0.000049,0.000005,0.191511,0.001039,0.000016,0.016662,0.218720
10,0.009657,0.000057,0.000005,0.215176,0.000490,0.000008,0.001660,0.227062
20,0.029952,0.000051,0.000007,0.038335,0.000462,0.000008,0.004492,0.073318
52,0.014531,0.000055,0.000006,0.281807,0.000475,0.000009,0.003071,0.299968
27,0.036582,0.000095,0.000013,0.232084,0.001219,0.000013,0.005442,0.275475
37,0.017664,0.000062,0.000006,0.112101,0.000685,0.000015,0.016256,0.146803
13,0.009601,0.000051,0.000003,0.193800,0.000476,0.000008,0.000351,0.204296
50,0.016168,0.000041,0.000008,0.180387,0.000403,0.000008,0.000248,0.197267
33,0.013517,0.000065,0.000006,0.154861,0.000465,0.000007,0.001091,0.170021
15,0.030700,0.000062,0.000005,0.158209,0.000415,0.000010,0.005928,0.195343
15,0.027774,0.000079,0.000007,0.038441,0.000494,0.000010,0.023950,0.090763
14,0.017590,0.000081,0.000006,0.021794,0.000454,0.000010,0.000372,0.040313
13,0.009787,0.000059,0.000006,0.169596,0.000467,0.000008,0.002534,0.182467
25,0.009638,0.000073,0.000007,0.198102,0.000421,0.000006,0.004523,0.212782
43,0.012561,0.000053,0.000007,0.188296,0.000622,0.000010,0.000388,0.201947
15,0.009109,0.000052,0.000004,0.014944,0.000774,0.000011,0.000874,0.025784
40,0.013630,0.000058,0.000006,0.164419,0.000612,0.000012,0.008703,0.187459
16,0.035891,0.000074,0.000006,0.021635,0.000483,0.000009,0.001613,0.059720
26,0.007993,0.000048,0.000009,0.038606,0.000513,0.000010,0.004941,0.052128
14,0.009325,0.000057,0.000005,0.042680,0.000967,0.000030,0.002904,0.055978
34,0.020713,0.000097,0.000008,0.096569,0.000565,0.000012,0.001624,0.119597
46,0.020000,0.000048,0.000004,0.167954,0.000479,0.000007,0.012573,0.201074
30,0.013725,0.000052,0.000005,0.179135,0.000452,0.000008,0.026453,0.219839
21,0.009717,0.000049,0.000005,0.153001,0.000584,0.000012,0.008326,0.171711
53,0.014082,0.000057,0.000005,0.194899,0.000532,0.000010,0.002701,0.212296
38,0.010924,0.000052,0.000005,0.182284,0.000994,0.000024,0.023004,0.217300
51,0.022036,0.000062,0.000010,0.186323,0.000271,0.000005,0.000149,0.208858
11,0.016578,0.000054,0.000007,0.222559,0.000536,0.000009,0.001754,0.241506
28,0.019521,0.000059,0.000006,0.238912,0.000688,0.000008,0.002124,0.261329
17,0.017544,0.000055,0.000005,0.145146,0.000457,0.000006,0.001317,0.164539
16,0.010766,0.000058,0.000004,0.188150,0.000474,0.000008,0.000373,0.199837
16,0.019919,0.000051,0.000005,0.205607,0.000585,0.000007,0.014844,0.241042
39,0.027470,0.000073,0.000006,0.042624,0.000541,0.000010,0.013932,0.084667
15,0.005730,0.000042,0.000004,0.172381,0.000512,0.000008,0.002683,0.181368
41,0.014847,0.000057,0.000006,0.203729,0.000970,0.000024,0.013163,0.232809
44,0.012777,0.000054,0.000010,0.233132,0.000257,0.000004,0.000168,0.246404
27,0.014666,0.000066,0.000010,0.178421,0.000471,0.000007,0.013499,0.207156
12,0.012851,0.000054,0.000007,0.081264,0.000655,0.000022,0.002059,0.096921
22,0.010330,0.000052,0.000007,0.164217,0.000498,0.000010,0.005161,0.180286
17,0.022767,0.000058,0.000007,0.032699,0.000566,0.000009,0.017648,0.073772
35,0.014363,0.000065,0.000005,0.228064,0.000555,0.000011,0.001309,0.244380
47,0.018914,0.000047,0.000005,0.193706,0.000594,0.000007,0.026711,0.239994
31,0.012961,0.000049,0.000005,0.189985,0.000502,0.000007,0.025341,0.228860
54,0.012173,0.000040,0.000003,0.185449,0.000523,0.000010,0.002841,0.201051
13,0.022525,0.000114,0.000015,0.053139,0.000688,0.000011,0.002877,0.079385
52,0.014309,0.000055,0.000008,0.184752,0.000370,0.000007,0.000226,0.199733
18,0.020886,0.000053,0.000005,0.013784,0.000513,0.000010,0.023929,0.059190
18,0.025922,0.000063,0.000005,0.190880,0.000542,0.000007,0.001485,0.218919
17,0.008232,0.000047,0.000005,0.201552,0.000451,0.000009,0.000369,0.210670
29,0.024696,0.000059,0.000007,0.208158,0.000550,0.000008,0.002154,0.235640
45,0.015634,0.000054,0.000005,0.149243,0.000542,0.000009,0.000384,0.165879
28,0.016641,0.000044,0.000007,0.157217,0.000480,0.000008,0.004654,0.179063
16,0.024274,0.000084,0.000012,0.180178,0.000580,0.000008,0.002616,0.207758
40,0.012598,0.000053,0.000005,0.190133,0.000539,0.000010,0.023192,0.226542
18,0.009655,0.000048,0.000005,0.038064,0.000443,0.000009,0.000377,0.048605
42,0.018884,0.000060,0.000005,0.200548,0.001466,0.000027,0.016197,0.237201
36,0.010866,0.000052,0.000005,0.177018,0.000498,0.000010,0.000988,0.189445
23,0.010030,0.000048,0.000006,0.217372,0.000455,0.000009,0.003829,0.231757
55,0.017870,0.000060,0.000005,0.152196,0.000522,0.000010,0.003771,0.174447
32,0.012921,0.000052,0.000004,0.168139,0.000539,0.000009,0.023669,0.205348
48,0.022722,0.000065,0.000005,0.171089,0.000443,0.000004,0.009848,0.204182
49,0.011251,0.000038,0.000003,0.005807,0.000274,0.000004,0.013007,0.030389
53,0.010962,0.000051,0.000009,0.219814,0.000439,0.000008,0.000243,0.231530
14,0.027701,0.000056,0.000005,0.221714,0.000600,0.000009,0.001699,0.251805
19,0.022583,0.000052,0.000005,0.217345,0.000767,0.000012,0.014521,0.255309
50,0.014396,0.000040,0.000003,0.031079,0.000386,0.000004,0.006434,0.052351
54,0.011938,0.000048,0.000009,0.021512,0.000654,0.000023,0.000565,0.034758
19,0.013885,0.000047,0.000004,0.150896,0.000464,0.000006,0.000297,0.165601
30,0.020155,0.000034,0.000005,0.207600,0.000606,0.000011,0.002385,0.230805
29,0.013286,0.000080,0.000010,0.190017,0.008792,0.000009,0.005009,0.217218
51,0.007411,0.000037,0.000003,0.038716,0.000452,0.000005,0.007147,0.053777
19,0.019139,0.000068,0.000006,0.238398,0.001006,0.000025,0.003279,0.261936
46,0.012891,0.000059,0.000007,0.231534,0.000630,0.000010,0.000384,0.245521
43,0.013767,0.000053,0.000008,0.176819,0.000446,0.000007,0.008613,0.199724
17,0.027059,0.000068,0.000005,0.203670,0.000500,0.000009,0.012989,0.244321
41,0.014456,0.000056,0.000005,0.202907,0.000491,0.000009,0.014682,0.232618
52,0.007546,0.000039,0.000003,0.008639,0.000390,0.000004,0.005974,0.022599
37,0.021107,0.000067,0.000007,0.168922,0.000619,0.000013,0.002228,0.192976
33,0.012533,0.000052,0.000005,0.155107,0.000421,0.000010,0.025554,0.193696
24,0.008101,0.000042,0.000005,0.195577,0.000834,0.000013,0.007892,0.212480
56,0.015916,0.000051,0.000006,0.189559,0.000501,0.000012,0.002838,0.208894
53,0.007341,0.000040,0.000003,0.034620,0.000433,0.000004,0.005604,0.048053
44,0.013069,0.000052,0.000006,0.040445,0.000567,0.000011,0.010341,0.064502
18,0.020465,0.000074,0.000007,0.049662,0.000596,0.000010,0.002972,0.073797
42,0.012239,0.000058,0.000004,0.053000,0.000614,0.000012,0.016443,0.082382
54,0.011164,0.000036,0.000003,0.014647,0.000432,0.000004,0.005743,0.032035
57,0.017101,0.000033,0.000004,0.036421,0.000432,0.000006,0.003169,0.057177
25,0.013433,0.000063,0.000006,0.053891,0.000476,0.000006,0.004960,0.072849
55,0.013680,0.000049,0.000003,0.029464,0.000421,0.000004,0.006492,0.050124
15,0.022225,0.000058,0.000008,0.206754,0.000521,0.000011,0.001662,0.231250
55,0.033071,0.000122,0.000017,0.175835,0.000567,0.000011,0.000298,0.209926
20,0.020994,0.000060,0.000007,0.188443,0.000538,0.000009,0.014354,0.224419
43,0.013250,0.000056,0.000006,0.023935,0.000450,0.000007,0.026947,0.064668
20,0.006268,0.000029,0.000002,0.207772,0.000544,0.000011,0.000382,0.215013
30,0.009854,0.000048,0.000006,0.192198,0.000365,0.000005,0.006292,0.208781
47,0.015681,0.000052,0.000006,0.183218,0.000545,0.000011,0.000360,0.199883
20,0.019656,0.000051,0.000007,0.182721,0.000779,0.000014,0.002498,0.205738
56,0.008693,0.000043,0.000004,0.047094,0.000400,0.000004,0.006211,0.062453
31,0.017909,0.000062,0.000007,0.215869,0.000533,0.000007,0.002140,0.236537
38,0.014862,0.000064,0.000006,0.185826,0.000720,0.000041,0.001421,0.202948
57,0.006960,0.000041,0.000003,0.028408,0.000450,0.000004,0.006095,0.041969
48,0.015518,0.000066,0.000009,0.047341,0.000402,0.000009,0.000250,0.063599
34,0.013043,0.000055,0.000006,0.197458,0.000522,0.000009,0.042350,0.253463
58,0.006879,0.000042,0.000003,0.026679,0.000435,0.000004,0.005935,0.039985
58,0.013133,0.000057,0.000006,0.185957,0.000479,0.000009,0.002753,0.202402
45,0.013713,0.000052,0.000007,0.220744,0.000452,0.000009,0.008411,0.243399
19,0.018212,0.000062,0.000005,0.216347,0.000504,0.000011,0.002640,0.237793
26,0.010228,0.000053,0.000007,0.187275,0.000593,0.000011,0.009575,0.207757
59,0.007227,0.000044,0.000003,0.027744,0.000473,0.000005,0.006158,0.041660
16,0.028498,0.000075,0.000006,0.171116,0.000841,0.000012,0.002134,0.202694
20,0.016211,0.000059,0.000005,0.017322,0.000474,0.000008,0.001823,0.035907
56,0.011938,0.000055,0.000010,0.182872,0.000312,0.000007,0.000194,0.195391
21,0.033592,0.000070,0.000006,0.168279,0.000604,0.000015,0.024751,0.227332
35,0.013455,0.000057,0.000005,0.044020,0.000546,0.000008,0.038984,0.097087
60,0.013722,0.000046,0.000003,0.032908,0.000382,0.000004,0.005755,0.052826
21,0.010479,0.000064,0.000005,0.207894,0.000572,0.000010,0.000366,0.219395
21,0.021594,0.000059,0.000004,0.194501,0.000666,0.000013,0.001657,0.218508
49,0.013220,0.000057,0.000005,0.136142,0.000609,0.000012,0.000473,0.150525
31,0.015284,0.000074,0.000010,0.209061,0.000527,0.000010,0.005856,0.230837
39,0.015197,0.000061,0.000005,0.185415,0.000622,0.000012,0.001499,0.202822
44,0.015224,0.000074,0.000007,0.228002,0.000714,0.000028,0.027950,0.272025
32,0.012952,0.000057,0.000008,0.200600,0.000515,0.000008,0.002218,0.216367
61,0.007060,0.000033,0.000002,0.031186,0.000373,0.000004,0.005050,0.043716
45,0.015669,0.000073,0.000010,0.019076,0.001183,0.000033,0.018580,0.054639
62,0.014535,0.000044,0.000003,0.031234,0.000360,0.000004,0.005703,0.051889
27,0.012054,0.000070,0.000009,0.156864,0.000528,0.000011,0.004966,0.174512
36,0.015526,0.000062,0.000007,0.069586,0.000550,0.000011,0.026461,0.112214
32,0.025818,0.000078,0.000010,0.060697,0.000476,0.000007,0.004620,0.091718
46,0.015230,0.000056,0.000006,0.208318,0.000502,0.000010,0.009331,0.233463
46,0.012836,0.000053,0.000006,0.035074,0.000561,0.000010,0.014515,0.063069
63,0.013604,0.000037,0.000003,0.041795,0.000446,0.000004,0.005679,0.061575
59,0.013418,0.000059,0.000003,0.231441,0.000648,0.000015,0.011618,0.257217
57,0.010165,0.000053,0.000008,0.222482,0.000619,0.000009,0.000306,0.233645
17,0.038890,0.000062,0.000007,0.189379,0.000534,0.000012,0.002025,0.230921
50,0.020491,0.000080,0.000007,0.172017,0.000520,0.000010,0.000360,0.193490
22,0.018698,0.000057,0.000006,0.180878,0.000707,0.000015,0.002443,0.202819
21,0.040523,0.000101,0.000006,0.218423,0.001252,0.000024,0.006804,0.267148
22,0.017762,0.000093,0.000009,0.216425,0.000595,0.000011,0.000531,0.235435
33,0.016236,0.000058,0.000007,0.189231,0.000514,0.000009,0.002103,0.208170
18,0.027907,0.000053,0.000006,0.021070,0.000465,0.000007,0.001663,0.051181
60,0.023414,0.000103,0.000010,0.058450,0.000466,0.000015,0.002166,0.084643
58,0.013092,0.000057,0.000007,0.039638,0.000497,0.000011,0.000265,0.053571
22,0.054316,0.000064,0.000006,0.227188,0.000602,0.000014,0.016989,0.299189
40,0.020332,0.000067,0.000007,0.244954,0.000551,0.000011,0.001290,0.267221
33,0.019933,0.000055,0.000007,0.169794,0.000905,0.000034,0.005061,0.195798
28,0.009538,0.000057,0.000006,0.226067,0.000538,0.000009,0.005197,0.241421
47,0.015627,0.000058,0.000006,0.182995,0.000515,0.000008,0.006825,0.206039
37,0.013626,0.000052,0.000006,0.221981,0.001018,0.000016,0.037063,0.273793
47,0.021213,0.000071,0.000007,0.180550,0.008566,0.000010,0.015810,0.226240
61,0.014645,0.000058,0.000006,0.126989,0.000398,0.000006,0.002188,0.144300
29,0.009178,0.000032,0.000003,0.038507,0.000472,0.000011,0.004401,0.052617
34,0.031124,0.000080,0.000009,0.046924,0.000491,0.000010,0.004777,0.083427
51,0.012647,0.000056,0.000005,0.176983,0.000527,0.000011,0.000331,0.190564
59,0.021512,0.000093,0.000018,0.144560,0.000769,0.000027,0.000555,0.167547
23,0.028347,0.000045,0.000004,0.178357,0.000655,0.000012,0.002001,0.209432
23,0.013589,0.000050,0.000005,0.188056,0.000831,0.000026,0.000691,0.203259
62,0.013446,0.000047,0.000005,0.020079,0.000540,0.000013,0.003488,0.037631
41,0.014061,0.000059,0.000005,0.162700,0.000546,0.000011,0.001369,0.178761
22,0.036159,0.000105,0.000009,0.212488,0.000752,0.000016,0.004090,0.253636
34,0.031819,0.000069,0.000006,0.204450,0.000489,0.000007,0.002263,0.239111
60,0.014901,0.000054,0.000008,0.052856,0.000953,0.000026,0.000627,0.069437
19,0.032731,0.000064,0.000006,0.213482,0.000633,0.000016,0.002145,0.249085
24,0.035449,0.000095,0.000008,0.035839,0.000571,0.000011,0.002042,0.074026
23,0.020770,0.000052,0.000005,0.196165,0.000551,0.000013,0.014210,0.231776
23,0.022051,0.000057,0.000006,0.054323,0.000538,0.000009,0.003035,0.080031
30,0.010277,0.000057,0.000007,0.162930,0.000522,0.000012,0.005278,0.179092
20,0.021083,0.000052,0.000006,0.058895,0.000539,0.000010,0.001685,0.082278
48,0.017781,0.000068,0.000006,0.202487,0.000560,0.000011,0.009688,0.230614
24,0.013582,0.000034,0.000004,0.138717,0.000394,0.000004,0.000301,0.153039
48,0.012529,0.000054,0.000005,0.202075,0.000482,0.000011,0.013829,0.228998
24,0.021094,0.000064,0.000004,0.021359,0.000485,0.000007,0.002641,0.045664
38,0.013574,0.000048,0.000008,0.201456,0.000501,0.000008,0.025766,0.241374
63,0.027056,0.000083,0.000008,0.149802,0.001030,0.000026,0.003572,0.181587
25,0.009927,0.000042,0.000004,0.024915,0.000416,0.000006,0.000293,0.035607
35,0.016797,0.000045,0.000006,0.214945,0.000556,0.000011,0.005391,0.237764
21,0.028666,0.000046,0.000005,0.019071,0.000571,0.000013,0.002015,0.050396
52,0.012620,0.000059,0.000006,0.221402,0.000460,0.000010,0.000334,0.234898
35,0.012606,0.000052,0.000006,0.168107,0.000528,0.000010,0.002093,0.183410
53,0.016381,0.000055,0.000006,0.020108,0.000493,0.000010,0.000381,0.037440
42,0.013257,0.000076,0.000004,0.206293,0.000606,0.000023,0.001339,0.221610
36,0.033459,0.000051,0.000008,0.031797,0.000543,0.000010,0.004777,0.070654
61,0.019056,0.000079,0.000012,0.198673,0.000476,0.000007,0.000314,0.218623
24,0.020085,0.000055,0.000006,0.172950,0.000513,0.000011,0.014445,0.208076
36,0.018571,0.000054,0.000008,0.035136,0.000465,0.000006,0.001873,0.056121
25,0.026771,0.000075,0.000007,0.206448,0.000785,0.000020,0.003192,0.237310
49,0.017972,0.000049,0.000007,0.138802,0.000496,0.000010,0.017755,0.175104
31,0.008077,0.000050,0.000005,0.185391,0.000516,0.000010,0.004525,0.198585
26,0.010094,0.000061,0.000005,0.177256,0.000581,0.000010,0.000550,0.188569
39,0.012165,0.000047,0.000005,0.175110,0.000401,0.000005,0.016514,0.204254
49,0.010984,0.000053,0.000005,0.216367,0.000497,0.000009,0.021843,0.249770
25,0.019569,0.000062,0.000005,0.229117,0.000583,0.000011,0.003223,0.252582
22,0.037033,0.000059,0.000007,0.200874,0.000613,0.000013,0.002817,0.241428
62,0.014881,0.000066,0.000010,0.152635,0.000492,0.000009,0.000324,0.168422
43,0.013608,0.000059,0.000006,0.174389,0.000560,0.000008,0.000893,0.189530
27,0.012418,0.000054,0.000006,0.059570,0.000498,0.000007,0.000416,0.072976
54,0.012722,0.000051,0.000005,0.201559,0.000783,0.000016,0.000424,0.215567
37,0.019811,0.000048,0.000005,0.197170,0.000600,0.000011,0.005032,0.222703
50,0.011911,0.000048,0.000005,0.180053,0.000737,0.000014,0.011304,0.204088
26,0.021393,0.000063,0.000005,0.194666,0.000499,0.000011,0.001577,0.218226
37,0.014713,0.000059,0.000006,0.241267,0.000605,0.000010,0.002072,0.258747
25,0.034181,0.000093,0.000012,0.228753,0.000531,0.000010,0.013757,0.277353
32,0.012678,0.000060,0.000005,0.214573,0.000492,0.000009,0.004692,0.232520
63,0.013103,0.000062,0.000010,0.164518,0.000460,0.000009,0.000307,0.178471
40,0.011471,0.000052,0.000004,0.189735,0.000590,0.000011,0.045715,0.247592
55,0.014206,0.000056,0.000005,0.159944,0.000651,0.000024,0.000837,0.175732
50,0.014282,0.000062,0.000004,0.190225,0.000534,0.000012,0.014990,0.220120
28,0.010151,0.000050,0.000005,0.185437,0.000484,0.000010,0.000451,0.196597
26,0.021835,0.000063,0.000004,0.203159,0.000474,0.000011,0.002682,0.228237
44,0.016765,0.000066,0.000005,0.194744,0.000965,0.000013,0.001613,0.214187
23,0.022553,0.000056,0.000004,0.196320,0.000879,0.000014,0.002931,0.222769
51,0.012408,0.000057,0.000005,0.018530,0.013622,0.000025,0.014516,0.059193
56,0.017212,0.000055,0.000007,0.045813,0.000961,0.000026,0.000759,0.064841
27,0.019679,0.000054,0.000005,0.184013,0.000536,0.000008,0.001845,0.206150
38,0.029211,0.000061,0.000009,0.224848,0.000496,0.000009,0.004727,0.259371
26,0.019881,0.000056,0.000005,0.160443,0.000534,0.000011,0.013404,0.194356
33,0.011997,0.000053,0.000004,0.187498,0.000486,0.000010,0.004523,0.204581
52,0.025477,0.000082,0.000008,0.033185,0.000806,0.000013,0.017724,0.077309
38,0.021040,0.000063,0.000009,0.207619,0.000978,0.000021,0.003809,0.233548
51,0.016423,0.000060,0.000005,0.212893,0.000553,0.000015,0.025179,0.255146
45,0.015516,0.000057,0.000005,0.144499,0.000961,0.000022,0.002961,0.164037
29,0.012600,0.000050,0.000005,0.195282,0.000595,0.000013,0.000439,0.208996
27,0.020051,0.000071,0.000006,0.179079,0.000945,0.000024,0.005933,0.206124
39,0.015474,0.000058,0.000008,0.071348,0.000600,0.000010,0.002579,0.090085
28,0.022330,0.000057,0.000005,0.108843,0.000333,0.000004,0.001193,0.132803
57,0.016262,0.000057,0.000006,0.172435,0.000501,0.000009,0.000428,0.189702
41,0.018846,0.000059,0.000005,0.213786,0.000523,0.000010,0.047352,0.280591
24,0.027184,0.000058,0.000006,0.206419,0.000608,0.000010,0.010110,0.244406
46,0.017706,0.000058,0.000005,0.052884,0.000313,0.000004,0.005516,0.076497
58,0.013876,0.000047,0.000006,0.024782,0.000663,0.000012,0.000510,0.039902
53,0.010721,0.000051,0.000004,0.155145,0.000500,0.000009,0.017191,0.183638
27,0.017288,0.000073,0.000007,0.197797,0.000521,0.000011,0.012032,0.227740
34,0.009738,0.000056,0.000008,0.192098,0.000490,0.000012,0.004587,0.206998
39,0.020847,0.000054,0.000006,0.217933,0.000606,0.000014,0.004984,0.244455
52,0.014373,0.000057,0.000006,0.200617,0.000437,0.000007,0.017543,0.233054
29,0.015351,0.000041,0.000005,0.133062,0.000387,0.000005,0.001437,0.150299
35,0.022382,0.000053,0.000006,0.042155,0.000521,0.000010,0.004867,0.070006
30,0.017770,0.000104,0.000009,0.178781,0.000494,0.000007,0.000383,0.197554
40,0.029930,0.000075,0.000006,0.036892,0.000506,0.000009,0.004551,0.071977
28,0.023928,0.000068,0.000006,0.189220,0.000480,0.000009,0.002447,0.216167
40,0.021748,0.000059,0.000008,0.202380,0.000572,0.000007,0.001891,0.226680
42,0.016006,0.000052,0.000004,0.163043,0.000592,0.000011,0.031243,0.210968
25,0.025511,0.000054,0.000006,0.204281,0.000795,0.000011,0.002050,0.232729
47,0.016818,0.000055,0.000006,0.218639,0.000489,0.000009,0.001159,0.237183
59,0.018416,0.000110,0.000012,0.200723,0.000660,0.000013,0.000452,0.220404
54,0.015070,0.000066,0.000007,0.172566,0.000518,0.000009,0.019929,0.208178
28,0.018530,0.000034,0.000004,0.167406,0.000502,0.000009,0.012700,0.199195
41,0.021626,0.000054,0.000006,0.044558,0.000878,0.000031,0.007112,0.074281
43,0.017505,0.000060,0.000006,0.045033,0.000515,0.000010,0.031199,0.094341
30,0.020793,0.000046,0.000006,0.189303,0.000536,0.000008,0.001640,0.212348
36,0.008020,0.000047,0.000004,0.173719,0.000437,0.000007,0.004599,0.186845
53,0.013421,0.000057,0.000006,0.220283,0.000540,0.000009,0.008615,0.242945
31,0.009751,0.000050,0.000005,0.193748,0.000515,0.000007,0.000386,0.204466
42,0.037156,0.000064,0.000006,0.044063,0.000557,0.000009,0.002268,0.084131
31,0.017463,0.000067,0.000007,0.030777,0.000842,0.000009,0.001053,0.050227
41,0.023204,0.000038,0.000004,0.211259,0.000442,0.000009,0.004587,0.239553
54,0.012439,0.000059,0.000006,0.037094,0.000684,0.000014,0.010094,0.060399
29,0.040787,0.000052,0.000006,0.210991,0.000472,0.000010,0.002608,0.254935
26,0.020682,0.000056,0.000010,0.168829,0.000439,0.000007,0.001465,0.191497
29,0.047130,0.000105,0.000010,0.094430,0.000727,0.000013,0.019482,0.161941
60,0.015130,0.000054,0.000007,0.190196,0.000832,0.000015,0.000533,0.206776
55,0.015805,0.000072,0.000006,0.187396,0.000593,0.000011,0.016850,0.220752
48,0.012635,0.000054,0.000006,0.229052,0.000497,0.000010,0.001355,0.243619
27,0.020511,0.000055,0.000006,0.052277,0.000582,0.000008,0.001818,0.075264
30,0.018719,0.000051,0.000006,0.022014,0.000499,0.000009,0.025338,0.066646
44,0.015162,0.000060,0.000006,0.156773,0.000518,0.000011,0.038858,0.211396
37,0.012580,0.000055,0.000006,0.185459,0.000435,0.000007,0.004860,0.203411
31,0.016943,0.000049,0.000005,0.017651,0.000533,0.000008,0.011942,0.047142
32,0.030331,0.000062,0.000006,0.143297,0.000400,0.000006,0.001173,0.175281
32,0.009660,0.000055,0.000004,0.202212,0.000508,0.000009,0.000409,0.212862
43,0.018344,0.000042,0.000005,0.195977,0.000500,0.000008,0.001947,0.216831
42,0.022610,0.000055,0.000007,0.195581,0.000436,0.000008,0.005015,0.223724
33,0.025817,0.000062,0.000007,0.027875,0.000895,0.000027,0.000720,0.055410
55,0.023399,0.000079,0.000011,0.186078,0.000604,0.000008,0.007875,0.218081
32,0.020106,0.000055,0.000005,0.049845,0.000881,0.000022,0.013395,0.084323
30,0.018553,0.000055,0.000006,0.196409,0.000527,0.000013,0.002385,0.217958
61,0.016492,0.000052,0.000005,0.201734,0.000570,0.000010,0.000387,0.219257
34,0.010024,0.000053,0.000005,0.056654,0.000685,0.000016,0.000535,0.067980
28,0.013150,0.000046,0.000006,0.181044,0.000557,0.000010,0.001592,0.196414
49,0.014102,0.000060,0.000005,0.190868,0.000524,0.000012,0.001273,0.206850
38,0.009773,0.000050,0.000005,0.156200,0.000464,0.000009,0.004225,0.170736
56,0.016343,0.000057,0.000004,0.192456,0.000483,0.000010,0.014359,0.223726
50,0.011846,0.000049,0.000005,0.035439,0.000454,0.000009,0.001077,0.048887
45,0.016151,0.000058,0.000008,0.217905,0.000729,0.000014,0.024953,0.259825
33,0.019534,0.000054,0.000005,0.205326,0.000532,0.000009,0.009668,0.235150
56,0.012444,0.000053,0.000006,0.135187,0.000513,0.000008,0.022069,0.170292
31,0.023185,0.000062,0.000004,0.140005,0.000453,0.000009,0.002498,0.166225
44,0.023561,0.000078,0.000006,0.226732,0.000491,0.000009,0.002447,0.253333
43,0.028898,0.000056,0.000006,0.175095,0.000414,0.000004,0.003835,0.208317
33,0.019548,0.000056,0.000005,0.178157,0.000590,0.000013,0.013726,0.212109
64,0.018348,0.000071,0.000010,0.188166,0.000601,0.000008,0.000349,0.207560
57,0.013679,0.000052,0.000005,0.045156,0.000511,0.000008,0.008645,0.068068
62,0.014584,0.000056,0.000005,0.181348,0.000624,0.000010,0.000704,0.197341
39,0.007826,0.000046,0.000005,0.151260,0.000407,0.000008,0.004804,0.164367
35,0.009734,0.000047,0.000005,0.167385,0.000888,0.000021,0.000868,0.178957
44,0.014935,0.000040,0.000005,0.023699,0.000335,0.000005,0.015584,0.054613
57,0.011047,0.000048,0.000005,0.180843,0.000505,0.000009,0.013311,0.205780
51,0.011599,0.000051,0.000004,0.162144,0.000450,0.000008,0.001060,0.175326
29,0.021548,0.000056,0.000005,0.219835,0.000661,0.000009,0.001717,0.243841
34,0.019580,0.000053,0.000004,0.150346,0.000501,0.000007,0.009113,0.179620
46,0.013498,0.000060,0.000007,0.162007,0.000866,0.000011,0.027141,0.203602
52,0.014068,0.000061,0.000005,0.043725,0.000567,0.000013,0.001583,0.060031
58,0.012923,0.000061,0.000005,0.053928,0.000626,0.000012,0.016593,0.084161
45,0.015700,0.000061,0.000006,0.175166,0.000443,0.000006,0.002151,0.193541
32,0.019730,0.000056,0.000004,0.199896,0.000651,0.000016,0.002412,0.222788
35,0.036260,0.000062,0.000005,0.026670,0.000491,0.000008,0.001539,0.065044
36,0.014114,0.000051,0.000005,0.171884,0.000427,0.000006,0.000403,0.186893
40,0.025206,0.000083,0.000010,0.174345,0.000393,0.000006,0.010905,0.210959
58,0.022729,0.000057,0.000006,0.178418,0.000576,0.000007,0.016869,0.218674
65,0.014145,0.000051,0.000007,0.219493,0.000513,0.000010,0.000343,0.234567
53,0.012443,0.000056,0.000005,0.077916,0.000702,0.000020,0.002065,0.093217
33,0.022120,0.000055,0.000006,0.041474,0.000542,0.000014,0.002451,0.066671
34,0.037672,0.000067,0.000007,0.172021,0.000520,0.000012,0.048500,0.258819
30,0.019504,0.000050,0.000005,0.145475,0.000434,0.000007,0.001677,0.167160
63,0.013834,0.000050,0.000007,0.229992,0.000558,0.000012,0.000426,0.244885
45,0.024201,0.000054,0.000008,0.198690,0.001024,0.000024,0.011684,0.235702
34,0.033189,0.000056,0.000005,0.016275,0.000558,0.000012,0.003064,0.053173
35,0.021940,0.000062,0.000006,0.041959,0.000257,0.000004,0.018906,0.083150
46,0.020649,0.000058,0.000007,0.160491,0.000492,0.000008,0.002360,0.184071
36,0.019462,0.000048,0.000005,0.153724,0.000468,0.000010,0.001511,0.175237
47,0.012058,0.000062,0.000005,0.196231,0.000516,0.000009,0.020990,0.229881
59,0.017582,0.000082,0.000008,0.180190,0.001103,0.000029,0.016422,0.215427
59,0.014778,0.000064,0.000005,0.128114,0.000445,0.000008,0.008450,0.151876
37,0.017208,0.000063,0.000006,0.154832,0.000495,0.000010,0.000453,0.173078
54,0.012508,0.000048,0.000005,0.164651,0.000424,0.000007,0.000673,0.178320
41,0.016437,0.000042,0.000004,0.163695,0.000500,0.000011,0.004090,0.184788
66,0.012026,0.000046,0.000006,0.185815,0.000583,0.000011,0.000433,0.198926
31,0.021565,0.000051,0.000004,0.184561,0.000508,0.000008,0.001885,0.208592
60,0.018359,0.000067,0.000005,0.068041,0.000444,0.000008,0.015204,0.102142
42,0.015996,0.000039,0.000004,0.029413,0.000775,0.000014,0.007357,0.053614
67,0.012495,0.000056,0.000006,0.045612,0.000518,0.000010,0.000320,0.059021
46,0.017941,0.000057,0.000006,0.217530,0.000475,0.000010,0.004442,0.240471
35,0.036735,0.000070,0.000005,0.165024,0.000624,0.000012,0.002859,0.205335
43,0.012718,0.000053,0.000006,0.041867,0.000544,0.000010,0.005617,0.060825
48,0.012347,0.000053,0.000005,0.156797,0.000498,0.000010,0.026122,0.195845
47,0.014113,0.000054,0.000006,0.197766,0.000422,0.000005,0.001515,0.213888
36,0.019852,0.000051,0.000005,0.188910,0.000549,0.000009,0.017949,0.227341
60,0.013425,0.000060,0.000006,0.163875,0.000564,0.000009,0.008755,0.186704
38,0.014595,0.000055,0.000007,0.174064,0.000450,0.000009,0.000339,0.189524
55,0.015724,0.000061,0.000006,0.152044,0.000537,0.000014,0.001641,0.170037
36,0.036997,0.000086,0.000007,0.048734,0.000597,0.000010,0.002570,0.089011
37,0.019296,0.000057,0.000006,0.222876,0.000912,0.000012,0.005244,0.248415
48,0.014488,0.000047,0.000006,0.041675,0.000505,0.000007,0.002006,0.058742
32,0.021796,0.000060,0.000005,0.201325,0.000520,0.000007,0.002317,0.226044
68,0.011985,0.000073,0.000008,0.194938,0.000974,0.000012,0.000491,0.208494
61,0.013716,0.000055,0.000006,0.242671,0.000522,0.000012,0.015041,0.272036
61,0.013520,0.000056,0.000005,0.152728,0.000433,0.000006,0.007963,0.174725
37,0.015855,0.000050,0.000005,0.149944,0.000630,0.000013,0.013432,0.179945
69,0.024354,0.000068,0.000009,0.024296,0.000467,0.000009,0.000286,0.049494
39,0.009077,0.000047,0.000004,0.170426,0.000464,0.000008,0.000389,0.180419
44,0.017065,0.000053,0.000007,0.191838,0.000440,0.000008,0.004873,0.214294
47,0.034164,0.000056,0.000007,0.204718,0.000747,0.000021,0.007658,0.247391
33,0.031746,0.000068,0.000008,0.041885,0.000525,0.000009,0.001894,0.076146
62,0.010875,0.000049,0.000005,0.034723,0.000446,0.000006,0.007973,0.054086
49,0.018436,0.000047,0.000007,0.154378,0.000453,0.000008,0.002110,0.175448
56,0.017169,0.000090,0.000013,0.188519,0.000776,0.000014,0.002299,0.208886
38,0.033558,0.000054,0.000006,0.162999,0.001098,0.000028,0.004242,0.201998
70,0.012383,0.000051,0.000008,0.036604,0.000375,0.000008,0.000256,0.049689
37,0.028810,0.000054,0.000006,0.173258,0.000482,0.000012,0.002529,0.205160
38,0.026515,0.000053,0.000006,0.019967,0.000469,0.000008,0.025255,0.072282
49,0.012183,0.000045,0.000006,0.221375,0.000539,0.000009,0.030961,0.265131
50,0.011128,0.000045,0.000004,0.017396,0.000434,0.000007,0.025462,0.054487
64,0.019835,0.000095,0.000015,0.184773,0.000666,0.000008,0.022983,0.228395
45,0.009802,0.000052,0.000005,0.132736,0.000566,0.000013,0.002782,0.145960
34,0.021921,0.000058,0.000005,0.141377,0.000670,0.000013,0.002037,0.166094
51,0.011188,0.000051,0.000005,0.023718,0.000486,0.000010,0.021967,0.057437
62,0.013137,0.000055,0.000007,0.175295,0.000533,0.000009,0.014072,0.203121
40,0.009405,0.000045,0.000005,0.198901,0.000459,0.000007,0.000363,0.209191
48,0.029235,0.000062,0.000009,0.187617,0.000506,0.000008,0.004496,0.221942
71,0.012596,0.000049,0.000009,0.170101,0.000443,0.000007,0.000288,0.183496
50,0.018639,0.000049,0.000006,0.165700,0.000428,0.000006,0.001848,0.186693
39,0.018282,0.000045,0.000006,0.153445,0.000441,0.000010,0.024336,0.196577
63,0.026858,0.000066,0.000005,0.168074,0.000506,0.000009,0.021174,0.216706
57,0.013816,0.000055,0.000004,0.192978,0.000718,0.000019,0.001670,0.209271
35,0.021694,0.000061,0.000006,0.065141,0.000638,0.000011,0.002723,0.090286
41,0.011756,0.000052,0.000004,0.048345,0.000531,0.000010,0.000410,0.061115
39,0.028563,0.000071,0.000006,0.192195,0.000567,0.000009,0.001900,0.223320
42,0.009270,0.000050,0.000004,0.023758,0.000483,0.000009,0.000385,0.033966
38,0.023669,0.000059,0.000005,0.233296,0.000540,0.000009,0.002723,0.260310
46,0.013744,0.000054,0.000006,0.194967,0.000613,0.000014,0.006903,0.216317
65,0.025465,0.000058,0.000005,0.192421,0.000524,0.000012,0.013509,0.232005
52,0.012674,0.000055,0.000004,0.188449,0.000602,0.000010,0.028942,0.230775
63,0.012660,0.000067,0.000005,0.205543,0.000632,0.000013,0.017702,0.236637
47,0.008450,0.000047,0.000006,0.034193,0.000409,0.000008,0.003870,0.046991
49,0.031280,0.000050,0.000008,0.165030,0.000521,0.000008,0.004675,0.201583
72,0.019434,0.000062,0.000009,0.175906,0.000447,0.000005,0.000216,0.196084
36,0.024661,0.000060,0.000005,0.160473,0.000660,0.000012,0.002477,0.188359
58,0.014453,0.000055,0.000005,0.180236,0.001220,0.000029,0.003679,0.199692
40,0.016181,0.000049,0.000005,0.165871,0.000542,0.000007,0.001599,0.184261
66,0.012466,0.000052,0.000005,0.067339,0.001013,0.000024,0.018329,0.099242
51,0.037974,0.000092,0.000008,0.197889,0.000722,0.000013,0.002363,0.239070
40,0.020188,0.000051,0.000004,0.221915,0.000563,0.000010,0.014105,0.256848
48,0.011650,0.000047,0.000005,0.073899,0.000516,0.000011,0.004743,0.090881
37,0.025856,0.000045,0.000005,0.021405,0.000582,0.000016,0.001866,0.049783
41,0.021672,0.000066,0.000005,0.035905,0.000495,0.000008,0.001672,0.059832
64,0.050129,0.000095,0.000011,0.060639,0.000794,0.000010,0.028395,0.140090
39,0.033893,0.000069,0.000007,0.187287,0.000321,0.000005,0.009653,0.231246
52,0.015237,0.000056,0.000007,0.048286,0.000676,0.000009,0.003644,0.067926
43,0.009123,0.000049,0.000004,0.243427,0.000749,0.000009,0.000351,0.253715
41,0.022013,0.000062,0.000006,0.059989,0.000517,0.000010,0.013703,0.096312
44,0.017811,0.000123,0.000016,0.042860,0.000526,0.000012,0.000427,0.061781
59,0.012668,0.000055,0.000006,0.172532,0.000540,0.000010,0.001394,0.187213
73,0.017433,0.000040,0.000009,0.195354,0.001245,0.000023,0.000829,0.214946
53,0.015758,0.000060,0.000007,0.207404,0.000533,0.000011,0.041973,0.265763
50,0.032005,0.000065,0.000007,0.214708,0.000528,0.000008,0.004642,0.251972
67,0.017610,0.000082,0.000007,0.191286,0.000612,0.000010,0.014098,0.223723
49,0.011651,0.000052,0.000006,0.180939,0.000537,0.000010,0.004283,0.197487
42,0.026889,0.000079,0.000007,0.155404,0.000502,0.000007,0.001656,0.184555
74,0.020370,0.000097,0.000008,0.024065,0.000923,0.000017,0.000748,0.046242
68,0.013755,0.000056,0.000006,0.009995,0.000488,0.000011,0.013544,0.037869
53,0.025544,0.000057,0.000006,0.155925,0.000366,0.000006,0.001548,0.183461
38,0.037639,0.000093,0.000009,0.195883,0.000554,0.000011,0.001944,0.236143
40,0.021736,0.000081,0.000004,0.204033,0.000495,0.000010,0.002604,0.228972
65,0.019941,0.000055,0.000006,0.208308,0.000603,0.000022,0.013124,0.242075
50,0.017144,0.000051,0.000005,0.069870,0.000482,0.000008,0.004434,0.092004
45,0.029343,0.000063,0.000006,0.155119,0.000408,0.000006,0.000322,0.185272
42,0.019587,0.000053,0.000005,0.180433,0.000515,0.000010,0.013625,0.214243
60,0.024107,0.000099,0.000007,0.150715,0.000603,0.000008,0.001251,0.176805
41,0.022666,0.000059,0.000006,0.078874,0.000545,0.000011,0.002779,0.104954
43,0.030086,0.000056,0.000005,0.149277,0.000429,0.000009,0.001428,0.181344
51,0.019656,0.000063,0.000006,0.201263,0.000550,0.000010,0.005344,0.226906
64,0.522578,0.000102,0.000005,0.006178,0.000614,0.000004,0.006808,0.536306
75,0.013936,0.000061,0.000010,0.182531,0.000541,0.000009,0.000363,0.197459
69,0.014828,0.000054,0.000005,0.131233,0.000795,0.000029,0.022697,0.169658
54,0.014796,0.000053,0.000005,0.199443,0.000737,0.000010,0.029186,0.244241
44,0.018426,0.000055,0.000004,0.028907,0.000437,0.000006,0.001920,0.049767
39,0.020609,0.000054,0.000005,0.208028,0.000506,0.000009,0.001797,0.231017
65,0.012374,0.000079,0.000006,0.057366,0.000448,0.000005,0.007940,0.078228
54,0.031360,0.000052,0.000006,0.210264,0.000586,0.000008,0.002232,0.244528
61,0.018312,0.000056,0.000007,0.147386,0.000543,0.000010,0.001140,0.167463
46,0.010936,0.000051,0.000005,0.186347,0.000509,0.000009,0.000387,0.198250
66,0.007950,0.000042,0.000004,0.051957,0.000530,0.000006,0.004966,0.065462
51,0.035560,0.000066,0.000008,0.209882,0.000538,0.000009,0.003015,0.249087
66,0.017951,0.000085,0.000006,0.237841,0.000912,0.000020,0.015090,0.271918
40,0.020665,0.000052,0.000005,0.077369,0.000670,0.000013,0.002822,0.101609
42,0.019373,0.000060,0.000005,0.188501,0.000590,0.000013,0.003440,0.211993
67,0.007625,0.000057,0.000005,0.035598,0.000364,0.000004,0.003312,0.046972
76,0.011701,0.000039,0.000005,0.200559,0.000262,0.000005,0.000172,0.212745
43,0.029499,0.000068,0.000007,0.259274,0.000686,0.000012,0.029794,0.319367
52,0.022331,0.000037,0.000005,0.224519,0.000541,0.000009,0.005671,0.253122
70,0.012616,0.000035,0.000004,0.220937,0.000551,0.000010,0.013041,0.247204
55,0.011049,0.000036,0.000004,0.214169,0.000793,0.000017,0.027175,0.253255
45,0.022308,0.000059,0.000006,0.198932,0.000710,0.000014,0.001880,0.223919
68,0.007710,0.000041,0.000003,0.061886,0.000365,0.000004,0.003613,0.073631
69,0.007453,0.000044,0.000003,0.008231,0.000425,0.000005,0.003565,0.019732
55,0.024986,0.000049,0.000007,0.184601,0.000509,0.000008,0.002050,0.212217
62,0.014349,0.000053,0.000005,0.201478,0.000621,0.000011,0.001257,0.217782
47,0.009837,0.000030,0.000003,0.196919,0.000493,0.000009,0.016478,0.223775
56,0.013331,0.000050,0.000006,0.029808,0.000464,0.000007,0.040789,0.084466
70,0.007404,0.000045,0.000004,0.042880,0.000378,0.000005,0.003823,0.054546
71,0.006757,0.000041,0.000003,0.004899,0.000382,0.000005,0.003516,0.015608
67,0.013474,0.000054,0.000005,0.181241,0.000654,0.000012,0.013137,0.208589
52,0.022149,0.000048,0.000006,0.200158,0.000436,0.000008,0.004648,0.227463
43,0.025933,0.000048,0.000004,0.168031,0.000743,0.000014,0.004292,0.199083
72,0.007761,0.000044,0.000003,0.012790,0.000409,0.000006,0.004333,0.025352
48,0.016302,0.000093,0.000012,0.046035,0.000531,0.000009,0.000430,0.063418
77,0.015939,0.000050,0.000009,0.170458,0.000302,0.000005,0.000173,0.186938
53,0.019396,0.000046,0.000007,0.162035,0.000465,0.000008,0.004490,0.186456
41,0.020659,0.000048,0.000005,0.239534,0.000909,0.000013,0.002306,0.263501
44,0.023292,0.000063,0.000006,0.175670,0.000577,0.000012,0.014267,0.213900
57,0.012544,0.000051,0.000005,0.059456,0.000334,0.000005,0.052804,0.125213
73,0.034122,0.000045,0.000003,0.041583,0.000393,0.000005,0.003429,0.079587
68,0.023981,0.000053,0.000005,0.067988,0.000513,0.000010,0.011642,0.104204
56,0.046739,0.000118,0.000012,0.132639,0.000409,0.000005,0.001560,0.181491
71,0.011967,0.000057,0.000006,0.203814,0.000557,0.000008,0.011998,0.228420
46,0.021548,0.000071,0.000006,0.215469,0.000470,0.000010,0.002033,0.239618
57,0.012246,0.000051,0.000007,0.035125,0.000491,0.000005,0.001441,0.049373
63,0.020378,0.000059,0.000006,0.212773,0.000522,0.000010,0.001726,0.235482
74,0.021714,0.000038,0.000004,0.046980,0.000423,0.000004,0.004488,0.073657
53,0.020322,0.000047,0.000005,0.171047,0.000571,0.000011,0.004960,0.196976
54,0.023238,0.000049,0.000006,0.150838,0.000422,0.000006,0.003257,0.177824
44,0.035907,0.000066,0.000006,0.189226,0.000325,0.000007,0.001531,0.227073
75,0.007435,0.000036,0.000003,0.047148,0.000355,0.000004,0.016375,0.071363
42,0.018163,0.000063,0.000009,0.166217,0.000482,0.000009,0.001527,0.186479
49,0.014309,0.000042,0.000004,0.221326,0.000552,0.000010,0.000429,0.236680
58,0.020374,0.000048,0.000006,0.085197,0.000538,0.000008,0.002001,0.108178
78,0.016324,0.000048,0.000007,0.196339,0.000480,0.000008,0.000355,0.213565
76,0.010352,0.000044,0.000006,0.010733,0.000471,0.000008,0.003771,0.025391
58,0.020206,0.000048,0.000005,0.147205,0.000520,0.000010,0.023048,0.191053
69,0.011904,0.000051,0.000005,0.172527,0.000616,0.000009,0.010082,0.195223
43,0.022656,0.000053,0.000005,0.028051,0.000477,0.000008,0.001646,0.052906
45,0.020005,0.000048,0.000005,0.203984,0.000572,0.000010,0.014145,0.238780
47,0.039173,0.000058,0.000006,0.158670,0.000556,0.000011,0.002074,0.200557
72,0.011845,0.000054,0.000005,0.201971,0.000474,0.000009,0.011817,0.226187
77,0.013647,0.000045,0.000003,0.035173,0.000396,0.000005,0.003545,0.052820
59,0.020278,0.000061,0.000006,0.064604,0.000511,0.000011,0.002212,0.087691
59,0.013780,0.000048,0.000005,0.016094,0.000496,0.000010,0.044158,0.074606
73,0.024487,0.000061,0.000006,0.013326,0.000435,0.000007,0.011826,0.050160
46,0.020779,0.000051,0.000005,0.050902,0.000541,0.000007,0.015620,0.087916
78,0.014860,0.000058,0.000004,0.049450,0.000407,0.000005,0.003679,0.068470
54,0.029912,0.000049,0.000004,0.174525,0.000487,0.000010,0.004061,0.209059
45,0.020025,0.000049,0.000006,0.153873,0.000624,0.000019,0.002623,0.177246
79,0.014569,0.000047,0.000007,0.147826,0.000431,0.000006,0.000306,0.163195
74,0.010412,0.000048,0.000006,0.025572,0.000422,0.000007,0.012107,0.048582
55,0.030561,0.000043,0.000006,0.158869,0.000465,0.000006,0.004392,0.194351
70,0.012105,0.000049,0.000007,0.119158,0.000381,0.000005,0.018642,0.150354
79,0.008009,0.000040,0.000003,0.057161,0.000358,0.000004,0.003475,0.069057
44,0.021531,0.000038,0.000004,0.176678,0.000558,0.000009,0.001633,0.200458
80,0.009648,0.000037,0.000004,0.041340,0.000390,0.000004,0.003355,0.054784
71,0.016003,0.000059,0.000007,0.085704,0.000489,0.000010,0.009627,0.111911
81,0.015569,0.000075,0.000004,0.008922,0.000367,0.000005,0.004291,0.029241
45,0.019192,0.000042,0.000004,0.034676,0.000619,0.000012,0.001979,0.056535
48,0.047725,0.000097,0.000008,0.200253,0.000679,0.000011,0.002095,0.250883
47,0.028691,0.000065,0.000007,0.136003,0.000968,0.000031,0.028281,0.194054
50,0.015128,0.000083,0.000005,0.320786,0.000931,0.000020,0.000838,0.337802
80,0.024651,0.000059,0.000009,0.144957,0.000506,0.000006,0.000305,0.170496
60,0.020656,0.000051,0.000005,0.228240,0.000830,0.000025,0.003052,0.252868
60,0.015284,0.000056,0.000005,0.219232,0.000460,0.000009,0.023807,0.258867
82,0.015756,0.000048,0.000003,0.038135,0.000375,0.000004,0.003542,0.057870
81,0.010500,0.000050,0.000007,0.018692,0.000275,0.000004,0.000171,0.029700
55,0.022229,0.000033,0.000004,0.230325,0.000589,0.000012,0.007018,0.260220
75,0.028825,0.000057,0.000006,0.198274,0.000629,0.000012,0.013482,0.241295
46,0.036249,0.000077,0.000011,0.198759,0.001234,0.000025,0.007859,0.244231
49,0.023945,0.000052,0.000005,0.067492,0.000616,0.000014,0.002013,0.094147
56,0.038145,0.000048,0.000007,0.207211,0.000644,0.000009,0.004874,0.250961
83,0.007345,0.000035,0.000004,0.048222,0.000364,0.000004,0.003569,0.059547
48,0.022765,0.000063,0.000007,0.052866,0.000544,0.000011,0.013088,0.089355
61,0.009892,0.000030,0.000003,0.034308,0.000484,0.000007,0.024314,0.069047
50,0.019485,0.000054,0.000005,0.010163,0.000483,0.000010,0.001639,0.031847
49,0.017745,0.000048,0.000005,0.009158,0.000461,0.000008,0.012246,0.039684
84,0.007422,0.000042,0.000003,0.035993,0.000321,0.000005,0.003292,0.047083
56,0.023963,0.000054,0.000008,0.056655,0.000760,0.000016,0.006981,0.088447
51,0.034041,0.000062,0.000006,0.038196,0.000617,0.000013,0.001976,0.074923
82,0.013970,0.000058,0.000008,0.137043,0.000544,0.000007,0.000330,0.151965
72,0.024070,0.000064,0.000006,0.198316,0.000524,0.000010,0.011386,0.234390
46,0.021938,0.000049,0.000005,0.216380,0.000487,0.000009,0.001514,0.240392
85,0.022064,0.000036,0.000003,0.041925,0.000370,0.000004,0.003384,0.067792
86,0.007023,0.000038,0.000003,0.004623,0.000387,0.000006,0.003887,0.015972
61,0.044988,0.000102,0.000014,0.213298,0.000701,0.000013,0.003302,0.262428
87,0.025651,0.000065,0.000004,0.032090,0.000320,0.000005,0.003649,0.061790
47,0.033284,0.000063,0.000007,0.047381,0.000614,0.000011,0.001829,0.083200
73,0.013133,0.000057,0.000005,0.079075,0.000568,0.000009,0.011325,0.104181
51,0.025993,0.000105,0.000013,0.282490,0.000442,0.000006,0.000357,0.309409
76,0.012412,0.000054,0.000006,0.219399,0.000712,0.000010,0.011415,0.244041
62,0.012012,0.000053,0.000004,0.197886,0.000532,0.000009,0.023166,0.233671
57,0.038053,0.000054,0.000010,0.224043,0.000774,0.000018,0.007508,0.270472
88,0.006958,0.000037,0.000003,0.052865,0.000298,0.000003,0.003750,0.063919
47,0.023185,0.000058,0.000005,0.259810,0.000523,0.000010,0.002657,0.286257
52,0.037771,0.000069,0.000008,0.026272,0.000409,0.000006,0.000384,0.064922
57,0.024366,0.000061,0.000007,0.181266,0.000435,0.000006,0.004509,0.210660
74,0.012824,0.000049,0.000005,0.046215,0.000530,0.000013,0.010015,0.069664
52,0.019194,0.000060,0.000007,0.177793,0.000522,0.000009,0.001686,0.199284
50,0.034467,0.000070,0.000005,0.217502,0.000463,0.000010,0.014351,0.266880
89,0.006606,0.000038,0.000004,0.026668,0.000363,0.000004,0.003755,0.037444
53,0.020443,0.000045,0.000004,0.014513,0.000455,0.000008,0.000382,0.035853
83,0.014549,0.000050,0.000009,0.206741,0.000547,0.000007,0.000328,0.222236
53,0.028412,0.000062,0.000006,0.033061,0.000566,0.000011,0.002271,0.064401
90,0.018394,0.000041,0.000003,0.039647,0.000366,0.000005,0.003832,0.062294
84,0.019305,0.000051,0.000009,0.042904,0.000482,0.000008,0.000328,0.063090
62,0.026855,0.000057,0.000006,0.186115,0.000737,0.000023,0.003083,0.216884
91,0.006850,0.000035,0.000003,0.035722,0.000340,0.000004,0.003303,0.046263
77,0.024424,0.000059,0.000005,0.162666,0.000421,0.000009,0.011561,0.199158
85,0.011976,0.000049,0.000007,0.026798,0.000555,0.000007,0.000299,0.039695
92,0.005999,0.000030,0.000003,0.032391,0.000414,0.000007,0.004870,0.043720
48,0.042398,0.000063,0.000005,0.215015,0.000700,0.000014,0.003119,0.261324
63,0.020353,0.000057,0.000007,0.191554,0.000456,0.000011,0.024849,0.237300
58,0.024441,0.000058,0.000007,0.178695,0.000559,0.000011,0.005501,0.209282
78,0.012105,0.000049,0.000005,0.027124,0.000455,0.000007,0.012246,0.052001
48,0.027398,0.000057,0.000005,0.178682,0.000498,0.000009,0.002453,0.209111
54,0.016431,0.000034,0.000003,0.148902,0.000384,0.000005,0.000330,0.166092
75,0.015215,0.000050,0.000007,0.198655,0.000446,0.000007,0.010404,0.224796
93,0.020347,0.000043,0.000003,0.028899,0.000366,0.000004,0.003333,0.052999
58,0.018884,0.000057,0.000005,0.212607,0.001101,0.000027,0.008157,0.240856
49,0.031540,0.000062,0.000007,0.027796,0.000503,0.000008,0.001691,0.061617
51,0.025114,0.000057,0.000005,0.184028,0.000753,0.000017,0.020588,0.230579
55,0.011168,0.000043,0.000005,0.032833,0.000346,0.000005,0.000256,0.044658
76,0.013328,0.000048,0.000007,0.024585,0.000605,0.000011,0.009800,0.048399
54,0.021933,0.000064,0.000005,0.181982,0.000478,0.000010,0.001788,0.206268
94,0.006981,0.000039,0.000003,0.043325,0.000339,0.000004,0.003282,0.053978
95,0.007218,0.000041,0.000003,0.007892,0.000384,0.000005,0.003702,0.019252
63,0.022077,0.000055,0.000007,0.173942,0.000449,0.000008,0.003764,0.200311
86,0.021079,0.000066,0.000010,0.142362,0.000446,0.000006,0.000292,0.164265
96,0.006930,0.000044,0.000003,0.026659,0.000333,0.000005,0.003312,0.037292
56,0.029831,0.000038,0.000005,0.097143,0.000386,0.000005,0.000275,0.127685
59,0.024585,0.000072,0.000013,0.170037,0.000636,0.000013,0.006583,0.201952
79,0.012269,0.000059,0.000004,0.175645,0.000499,0.000010,0.011691,0.200192
97,0.016552,0.000044,0.000004,0.034452,0.000319,0.000004,0.003210,0.054591
64,0.020473,0.000057,0.000007,0.183952,0.000980,0.000018,0.001623,0.207124
77,0.011824,0.000052,0.000005,0.142064,0.000465,0.000007,0.010712,0.165140
98,0.005882,0.000032,0.000003,0.028450,0.000359,0.000004,0.002831,0.037567
49,0.020588,0.000066,0.000005,0.242137,0.000573,0.000010,0.002852,0.266244
50,0.030630,0.000052,0.000005,0.185594,0.000513,0.000011,0.001870,0.218682
52,0.031244,0.000055,0.000007,0.200735,0.000683,0.000012,0.018717,0.251473
99,0.014659,0.000040,0.000003,0.029048,0.000316,0.000004,0.010051,0.054147
59,0.035798,0.000056,0.000006,0.217857,0.000564,0.000019,0.006911,0.261222
87,0.014173,0.000056,0.000007,0.174983,0.000650,0.000006,0.000353,0.190237
57,0.017725,0.000038,0.000005,0.110463,0.000342,0.000005,0.000292,0.128872
55,0.023008,0.000055,0.000005,0.205842,0.000496,0.000010,0.001814,0.231237
100,0.012686,0.000054,0.000006,0.027322,0.000667,0.000005,0.015300,0.056045
88,0.013679,0.000052,0.000008,0.056681,0.000499,0.000006,0.000298,0.071226
53,0.027832,0.000055,0.000006,0.041928,0.000843,0.000014,0.014617,0.085306
60,0.020448,0.000044,0.000005,0.164141,0.000901,0.000030,0.011541,0.197127
56,0.039005,0.000078,0.000006,0.045018,0.000576,0.000011,0.001966,0.086669
80,0.012566,0.000052,0.000004,0.187149,0.000468,0.000009,0.018017,0.218280
101,0.012066,0.000043,0.000003,0.036218,0.000347,0.000004,0.003284,0.051970
102,0.006951,0.000036,0.000003,0.005691,0.000325,0.000004,0.003221,0.016236
89,0.014102,0.000054,0.000008,0.038299,0.000470,0.000006,0.000333,0.053274
65,0.022350,0.000059,0.000006,0.182102,0.000840,0.000041,0.001237,0.206656
78,0.026777,0.000047,0.000005,0.175706,0.000355,0.000005,0.018865,0.221771
57,0.022401,0.000071,0.000008,0.030675,0.000585,0.000013,0.001957,0.055721
58,0.018300,0.000037,0.000005,0.145145,0.000489,0.000007,0.000387,0.164373
50,0.021720,0.000052,0.000005,0.185612,0.000645,0.000012,0.002628,0.210687
51,0.026200,0.000053,0.000005,0.188965,0.000464,0.000010,0.002357,0.218065
61,0.025587,0.000075,0.000007,0.063343,0.000462,0.000009,0.004457,0.093949
103,0.006669,0.000036,0.000003,0.051902,0.000327,0.000004,0.003145,0.062091
60,0.021102,0.000047,0.000005,0.176735,0.000533,0.000013,0.005872,0.204320
104,0.006817,0.000036,0.000004,0.007632,0.000357,0.000004,0.003238,0.018095
105,0.015960,0.000041,0.000003,0.043811,0.000339,0.000005,0.003144,0.063308
61,0.019551,0.000057,0.000006,0.046454,0.000550,0.000011,0.005010,0.071650
54,0.023046,0.000061,0.000006,0.166543,0.000384,0.000006,0.010067,0.200121
81,0.012982,0.000054,0.000005,0.161556,0.000536,0.000009,0.013856,0.189011
106,0.014142,0.000036,0.000003,0.006977,0.000300,0.000004,0.003016,0.024483
90,0.019464,0.000054,0.000009,0.171090,0.000595,0.000012,0.000318,0.191546
66,0.014955,0.000054,0.000006,0.183638,0.000431,0.000011,0.000706,0.199808
79,0.014023,0.000053,0.000005,0.149461,0.000477,0.000007,0.026355,0.190393
59,0.018656,0.000043,0.000006,0.165528,0.000696,0.000027,0.000853,0.185819
58,0.023466,0.000051,0.000005,0.173728,0.000546,0.000012,0.001994,0.199809
51,0.020624,0.000060,0.000005,0.167819,0.000526,0.000010,0.002683,0.191734
82,0.014718,0.000069,0.000007,0.027075,0.000259,0.000004,0.023144,0.065286
107,0.014582,0.000036,0.000003,0.047185,0.000646,0.000005,0.003086,0.065546
52,0.022631,0.000067,0.000007,0.182398,0.000861,0.000023,0.003060,0.209058
83,0.012230,0.000053,0.000006,0.012846,0.000477,0.000009,0.012322,0.037955
67,0.015847,0.000101,0.000011,0.042644,0.000529,0.000013,0.000781,0.059934
52,0.020865,0.000057,0.000005,0.024547,0.000430,0.000009,0.002552,0.048475
62,0.020837,0.000048,0.000007,0.205066,0.000595,0.000009,0.004768,0.231343
108,0.011457,0.000033,0.000003,0.036068,0.000295,0.000004,0.003128,0.050992
60,0.021645,0.000046,0.000005,0.043136,0.000402,0.000008,0.000343,0.065590
84,0.012342,0.000061,0.000005,0.021575,0.008582,0.000009,0.012714,0.055300
109,0.028516,0.000078,0.000008,0.012160,0.000308,0.000004,0.003347,0.044426
55,0.018548,0.000049,0.000005,0.152822,0.000605,0.000011,0.015347,0.187395
62,0.023134,0.000054,0.000006,0.178733,0.000510,0.000010,0.005322,0.207779
68,0.013283,0.000073,0.000007,0.061557,0.000858,0.000012,0.000781,0.076584
53,0.019417,0.000047,0.000006,0.060244,0.000841,0.000026,0.006298,0.086897
110,0.006653,0.000033,0.000003,0.030627,0.000254,0.000004,0.003004,0.040582
91,0.025383,0.000051,0.000008,0.172783,0.000586,0.000007,0.000315,0.199136
80,0.015129,0.000053,0.000006,0.161758,0.000487,0.000006,0.005690,0.183135
56,0.021303,0.000053,0.000005,0.037916,0.000330,0.000006,0.017380,0.077004
59,0.018960,0.000058,0.000005,0.168856,0.000445,0.000012,0.001856,0.190202
111,0.006582,0.000033,0.000003,0.052558,0.000265,0.000004,0.003257,0.062708
63,0.034285,0.000058,0.000007,0.120793,0.000545,0.000011,0.005378,0.161086
60,0.023815,0.000059,0.000005,0.021169,0.000447,0.000009,0.001550,0.047063
53,0.064237,0.000118,0.000016,0.163727,0.000771,0.000010,0.002149,0.231050
112,0.012006,0.000047,0.000002,0.029234,0.000278,0.000004,0.003256,0.044832
113,0.005588,0.000029,0.000003,0.002592,0.000232,0.000004,0.002874,0.011325
85,0.014120,0.000062,0.000008,0.149984,0.000496,0.000008,0.012106,0.176799
61,0.039534,0.000048,0.000004,0.183939,0.000401,0.000008,0.000359,0.224298
69,0.017229,0.000072,0.000007,0.154344,0.000598,0.000011,0.000686,0.172954
63,0.022468,0.000059,0.000008,0.153407,0.000454,0.000008,0.003660,0.180071
54,0.031824,0.000066,0.000008,0.034889,0.000461,0.000008,0.001552,0.068816
57,0.021054,0.000054,0.000007,0.107364,0.000477,0.000006,0.012574,0.141547
114,0.007869,0.000039,0.000003,0.036663,0.000249,0.000004,0.003335,0.048168
62,0.021565,0.000052,0.000004,0.024323,0.000431,0.000008,0.000324,0.046711
92,0.032858,0.000064,0.000011,0.142123,0.000420,0.000007,0.000283,0.175768
54,0.026261,0.000063,0.000003,0.188849,0.000429,0.000008,0.002339,0.217962
81,0.013993,0.000050,0.000006,0.152477,0.000463,0.000006,0.010370,0.177375
55,0.024708,0.000055,0.000005,0.047475,0.000531,0.000009,0.001945,0.074737
115,0.023666,0.000032,0.000002,0.053324,0.000313,0.000004,0.003387,0.080734
55,0.028721,0.000072,0.000007,0.029174,0.000431,0.000009,0.002486,0.060910
61,0.020568,0.000053,0.000005,0.193115,0.000574,0.000011,0.001866,0.216202
116,0.006890,0.000029,0.000003,0.032233,0.000261,0.000004,0.003377,0.042800
56,0.022661,0.000049,0.000006,0.029171,0.000586,0.000011,0.001779,0.054272
86,0.015122,0.000063,0.000005,0.165940,0.000487,0.000010,0.030543,0.212188
63,0.020562,0.000048,0.000005,0.152165,0.000481,0.000008,0.000376,0.173649
117,0.006012,0.000026,0.000002,0.045712,0.000260,0.000004,0.003114,0.055135
93,0.011610,0.000047,0.000007,0.161276,0.000437,0.000006,0.000304,0.173692
70,0.012914,0.000053,0.000004,0.204966,0.000538,0.000009,0.000683,0.219175
58,0.020890,0.000056,0.000005,0.153115,0.000832,0.000008,0.013725,0.188658
118,0.006608,0.000034,0.000003,0.008790,0.000279,0.000004,0.003284,0.019005
82,0.025085,0.000060,0.000006,0.154746,0.000504,0.000008,0.011074,0.191495
94,0.011677,0.000046,0.000007,0.049643,0.000488,0.000007,0.000299,0.062172
119,0.006658,0.000039,0.000003,0.046674,0.000370,0.000005,0.003927,0.057680
57,0.034795,0.000041,0.000005,0.118274,0.000438,0.000005,0.001327,0.154894
56,0.017942,0.000056,0.000006,0.181535,0.000550,0.000010,0.002641,0.202750
83,0.024213,0.000058,0.000007,0.036288,0.000464,0.000007,0.010756,0.071804
95,0.013799,0.000049,0.000007,0.036590,0.000499,0.000008,0.000305,0.051262
120,0.007303,0.000036,0.000002,0.031257,0.000313,0.000004,0.003459,0.042380
121,0.006618,0.000033,0.000003,0.049285,0.000265,0.000004,0.003194,0.059405
58,0.018887,0.000054,0.000005,0.064968,0.000633,0.000010,0.001609,0.086175
59,0.020818,0.000056,0.000006,0.154807,0.000519,0.000008,0.014779,0.191004
71,0.012542,0.000053,0.000004,0.181207,0.000688,0.000023,0.000860,0.195386
87,0.012133,0.000056,0.000006,0.189558,0.000971,0.000022,0.014878,0.217639
62,0.038192,0.000056,0.000006,0.241305,0.000685,0.000014,0.002332,0.282602
59,0.019276,0.000047,0.000004,0.026115,0.000446,0.000009,0.001512,0.047418
122,0.020462,0.000057,0.000004,0.038074,0.000337,0.000004,0.003508,0.062449
84,0.012452,0.000045,0.000007,0.150622,0.000509,0.000008,0.009927,0.173581
123,0.012808,0.000028,0.000003,0.010538,0.000276,0.000004,0.003230,0.026892
72,0.043583,0.000064,0.000006,0.048358,0.000450,0.000009,0.000685,0.093162
96,0.011597,0.000049,0.000007,0.182110,0.000479,0.000007,0.000351,0.194604
57,0.023256,0.000058,0.000006,0.181980,0.000588,0.000011,0.002645,0.208555
85,0.011840,0.000050,0.000005,0.019211,0.000430,0.000007,0.010104,0.041659
124,0.005756,0.000033,0.000003,0.039187,0.000246,0.000004,0.002793,0.048026
88,0.013342,0.000062,0.000005,0.113818,0.000444,0.000010,0.013373,0.141070
86,0.009773,0.000043,0.000003,0.020627,0.000514,0.000009,0.009444,0.040426
125,0.005894,0.000026,0.000003,0.040709,0.000273,0.000005,0.003271,0.050185
87,0.010323,0.000044,0.000005,0.008456,0.000408,0.000005,0.008741,0.027997
60,0.022803,0.000053,0.000006,0.174354,0.000560,0.000013,0.013597,0.211397
60,0.032475,0.000052,0.000005,0.152053,0.000510,0.000010,0.001694,0.186806
63,0.020513,0.000049,0.000003,0.185097,0.000461,0.000012,0.001857,0.207999
126,0.017924,0.000036,0.000003,0.030084,0.000261,0.000004,0.003467,0.051782
97,0.014577,0.000053,0.000007,0.162302,0.000418,0.000006,0.000298,0.177663
73,0.010252,0.000055,0.000004,0.188955,0.000618,0.000022,0.001142,0.201053
58,0.018531,0.000054,0.000005,0.152479,0.000545,0.000016,0.002020,0.173671
127,0.024397,0.000037,0.000003,0.032344,0.000298,0.000004,0.003172,0.060257
89,0.026632,0.000053,0.000006,0.137356,0.000374,0.000008,0.010552,0.174993
61,0.032430,0.000068,0.000007,0.051358,0.000627,0.000022,0.002110,0.086632
90,0.012365,0.000053,0.000004,0.038481,0.000509,0.000009,0.013166,0.064602
64,0.020033,0.000086,0.000012,0.187974,0.000713,0.000010,0.002330,0.211175
88,0.013369,0.000057,0.000006,0.165749,0.000868,0.000022,0.012499,0.192581
64,0.029270,0.000073,0.000010,0.131195,0.000529,0.000008,0.000996,0.162097
61,0.020551,0.000051,0.000005,0.197598,0.000492,0.000009,0.030025,0.248742
89,0.011355,0.000048,0.000006,0.029445,0.000465,0.000005,0.019706,0.061057
98,0.011525,0.000045,0.000007,0.162403,0.000461,0.000007,0.000322,0.174773
74,0.019788,0.000106,0.000011,0.154995,0.000470,0.000010,0.000729,0.176117
91,0.013641,0.000062,0.000007,0.019038,0.000469,0.000007,0.053249,0.086503
59,0.023338,0.000055,0.000007,0.156586,0.000474,0.000008,0.001775,0.182253
62,0.021280,0.000051,0.000005,0.018054,0.000506,0.000011,0.012547,0.052466
62,0.037814,0.000049,0.000004,0.166379,0.000521,0.000009,0.001722,0.206507
63,0.019601,0.000054,0.000006,0.019016,0.000713,0.000015,0.013272,0.052688
65,0.013051,0.000061,0.000008,0.191288,0.000630,0.000012,0.002085,0.207145
65,0.039713,0.000091,0.000011,0.131996,0.000450,0.000008,0.000982,0.173259
75,0.011641,0.000059,0.000004,0.132608,0.000692,0.000017,0.001104,0.146139
92,0.012530,0.000062,0.000007,0.159581,0.000587,0.000010,0.021395,0.194185
99,0.012927,0.000046,0.000009,0.185339,0.000516,0.000009,0.000337,0.199188
60,0.017048,0.000046,0.000003,0.169151,0.000756,0.000018,0.003247,0.190280
90,0.014319,0.000052,0.000005,0.183958,0.000884,0.000024,0.016281,0.215537
64,0.038095,0.000078,0.000009,0.177441,0.000588,0.000010,0.004568,0.220806
100,0.012211,0.000052,0.000008,0.044275,0.000526,0.000008,0.000322,0.057406
66,0.015279,0.000055,0.000006,0.129664,0.000422,0.000005,0.001270,0.146705
101,0.023600,0.000061,0.000009,0.013068,0.000464,0.000007,0.000299,0.037512
76,0.013251,0.000046,0.000004,0.145239,0.000842,0.000022,0.001898,0.161318
63,0.042887,0.000071,0.000008,0.211011,0.000619,0.000011,0.002046,0.256661
93,0.013280,0.000059,0.000007,0.162560,0.000326,0.000005,0.025534,0.201786
66,0.037504,0.000104,0.000008,0.221935,0.000771,0.000011,0.001313,0.261653
61,0.032905,0.000067,0.000006,0.202679,0.000470,0.000006,0.001931,0.238072
67,0.035684,0.000058,0.000006,0.120212,0.000449,0.000006,0.001512,0.157935
91,0.016303,0.000052,0.000005,0.203950,0.000652,0.000011,0.011752,0.232738
65,0.033282,0.000099,0.000013,0.180617,0.000460,0.000008,0.004855,0.219344
77,0.014737,0.000042,0.000004,0.130149,0.000471,0.000008,0.000643,0.146063
67,0.022684,0.000056,0.000008,0.019749,0.000469,0.000006,0.000878,0.043858
102,0.011387,0.000050,0.000008,0.154259,0.000517,0.000009,0.000312,0.166547
62,0.018845,0.000099,0.000004,0.034748,0.000509,0.000012,0.002216,0.056441
63,0.016201,0.000044,0.000003,0.032313,0.000629,0.000015,0.002618,0.051835
66,0.042653,0.000126,0.000016,0.067744,0.000455,0.000020,0.004162,0.115185
68,0.012010,0.000049,0.000005,0.137479,0.000571,0.000010,0.002019,0.152149
103,0.029081,0.000055,0.000009,0.144708,0.000453,0.000009,0.000306,0.174625
92,0.019377,0.000051,0.000005,0.176833,0.000454,0.000010,0.014483,0.211230
68,0.032519,0.000058,0.000006,0.193829,0.000541,0.000009,0.000792,0.227758
78,0.024440,0.000066,0.000005,0.206274,0.000853,0.000021,0.001576,0.233251
94,0.019723,0.000083,0.000010,0.266344,0.000577,0.000011,0.017605,0.304367
69,0.019751,0.000053,0.000008,0.101623,0.000438,0.000006,0.001624,0.123513
69,0.018705,0.000087,0.000013,0.021907,0.000474,0.000006,0.000981,0.042179
93,0.024705,0.000073,0.000007,0.040942,0.000520,0.000010,0.010574,0.076843
67,0.035042,0.000049,0.000005,0.151378,0.000416,0.000004,0.003536,0.190437
70,0.010700,0.000075,0.000005,0.028305,0.000399,0.000004,0.001226,0.040721
70,0.012716,0.000052,0.000006,0.017075,0.000397,0.000005,0.000603,0.030858
94,0.012248,0.000050,0.000005,0.016750,0.000370,0.000006,0.016579,0.046018
71,0.025165,0.000081,0.000008,0.010444,0.000419,0.000006,0.001314,0.037443
95,0.011301,0.000047,0.000006,0.028918,0.000414,0.000009,0.008552,0.049257
104,0.011533,0.000059,0.000008,0.181992,0.000505,0.000007,0.000301,0.194412
79,0.013614,0.000053,0.000004,0.201275,0.000473,0.000010,0.000698,0.216136
95,0.012958,0.000055,0.000005,0.181034,0.000678,0.000012,0.014603,0.209373
96,0.013022,0.000052,0.000005,0.017404,0.000264,0.000005,0.045081,0.075844
68,0.030802,0.000051,0.000005,0.142945,0.000511,0.000008,0.004813,0.179146
80,0.012748,0.000063,0.000004,0.019203,0.000462,0.000008,0.000650,0.033144
72,0.012345,0.000047,0.000006,0.143550,0.000655,0.000007,0.002007,0.158624
81,0.012492,0.000057,0.000006,0.025788,0.000624,0.000012,0.000894,0.039882
105,0.013451,0.000047,0.000009,0.157824,0.000425,0.000008,0.000277,0.172045
71,0.019148,0.000057,0.000007,0.200614,0.029555,0.000020,0.001465,0.250874
69,0.020099,0.000055,0.000005,0.071962,0.000420,0.000007,0.003602,0.096161
73,0.025625,0.000064,0.000007,0.054913,0.001132,0.000010,0.002021,0.083777
64,0.051903,0.000152,0.000018,0.172114,0.000853,0.000015,0.003996,0.229069
106,0.011839,0.000060,0.000008,0.067660,0.000542,0.000006,0.000317,0.080436
97,0.014442,0.000058,0.000004,0.196658,0.000886,0.000022,0.012852,0.224932
96,0.014888,0.000061,0.000006,0.187788,0.000491,0.000013,0.023630,0.226895
82,0.012553,0.000061,0.000004,0.182004,0.000807,0.000025,0.000901,0.196370
70,0.019945,0.000068,0.000004,0.159074,0.000545,0.000010,0.006100,0.185759
72,0.017154,0.000063,0.000006,0.194766,0.000602,0.000011,0.001158,0.213767
107,0.011907,0.000046,0.000009,0.155060,0.000371,0.000004,0.000214,0.167613
74,0.015176,0.000058,0.000005,0.218742,0.000571,0.000009,0.002939,0.237513
71,0.024170,0.000055,0.000005,0.035602,0.000663,0.000016,0.006043,0.066565
65,0.019950,0.000066,0.000007,0.171333,0.001066,0.000023,0.007498,0.199953
72,0.019808,0.000063,0.000007,0.008967,0.000477,0.000014,0.005578,0.034927
97,0.011746,0.000053,0.000004,0.166263,0.000451,0.000009,0.010386,0.188924
75,0.016530,0.000060,0.000007,0.028827,0.000473,0.000007,0.002264,0.048177
98,0.014148,0.000057,0.000004,0.176220,0.000435,0.000009,0.010979,0.201866
83,0.011693,0.000057,0.000007,0.148984,0.000447,0.000011,0.000635,0.161839
84,0.010580,0.000049,0.000005,0.021709,0.000489,0.000011,0.000705,0.033553
98,0.012535,0.000056,0.000005,0.032503,0.000485,0.000009,0.012813,0.058419
85,0.009825,0.000051,0.000005,0.009169,0.000439,0.000010,0.000557,0.020065
108,0.013976,0.000046,0.000006,0.141001,0.000499,0.000008,0.000295,0.155836
73,0.032490,0.000057,0.000007,0.160048,0.000487,0.000009,0.001216,0.194320
66,0.015722,0.000053,0.000006,0.185637,0.000500,0.000008,0.003416,0.205357
74,0.021259,0.000045,0.000005,0.076853,0.000449,0.000006,0.001028,0.099651
99,0.012831,0.000054,0.000004,0.187210,0.000456,0.000009,0.009677,0.210252
73,0.023484,0.000059,0.000005,0.205382,0.016662,0.000012,0.006464,0.252079
76,0.017609,0.000073,0.000007,0.225852,0.000873,0.000019,0.003834,0.248277
86,0.011785,0.000055,0.000004,0.177373,0.000526,0.000010,0.000720,0.190481
99,0.012006,0.000053,0.000005,0.205295,0.000549,0.000009,0.012886,0.230815
109,0.022926,0.000037,0.000006,0.189860,0.000519,0.000008,0.000277,0.213636
100,0.024446,0.000057,0.000006,0.060781,0.000449,0.000008,0.009641,0.095397
100,0.013212,0.000066,0.000005,0.050414,0.000746,0.000014,0.011688,0.076155
64,0.052023,0.000095,0.000009,0.205637,0.000789,0.000008,0.008628,0.267221
67,0.032325,0.000053,0.000006,0.187935,0.000550,0.000010,0.003470,0.224363
77,0.017273,0.000053,0.000005,0.157672,0.000294,0.000005,0.014338,0.189658
64,0.028334,0.000073,0.000007,0.032393,0.000665,0.000013,0.011958,0.073464
87,0.017679,0.000056,0.000005,0.171557,0.000601,0.000010,0.000713,0.190629
75,0.031753,0.000065,0.000008,0.230449,0.000666,0.000012,0.001261,0.264223
110,0.024190,0.000052,0.000009,0.147406,0.000370,0.000005,0.000257,0.172292
88,0.014460,0.000067,0.000006,0.032465,0.000528,0.000011,0.000677,0.048222
76,0.012548,0.000058,0.000008,0.019717,0.000448,0.000011,0.001214,0.034011
74,0.021894,0.000054,0.000004,0.244485,0.000546,0.000012,0.022565,0.289571
101,0.012923,0.000052,0.000005,0.194902,0.000509,0.000010,0.012392,0.220805
101,0.016321,0.000049,0.000006,0.243839,0.000509,0.000011,0.018433,0.279179
111,0.011232,0.000049,0.000007,0.136028,0.000490,0.000008,0.000276,0.148093
102,0.012613,0.000053,0.000005,0.043467,0.000535,0.000012,0.012898,0.069596
68,0.050207,0.000065,0.000007,0.202069,0.000620,0.000007,0.003992,0.256979
78,0.019673,0.000086,0.000007,0.212439,0.000577,0.000011,0.002350,0.235153
65,0.032328,0.000059,0.000005,0.196956,0.000513,0.000008,0.010511,0.240392
65,0.023657,0.000047,0.000005,0.259464,0.000670,0.000024,0.012944,0.296821
77,0.047866,0.000080,0.000009,0.161677,0.000334,0.000005,0.000676,0.210651
89,0.028830,0.000074,0.000005,0.236568,0.000500,0.000010,0.000880,0.266875
64,0.043892,0.000088,0.000010,0.231115,0.000710,0.000013,0.000398,0.276235
75,0.036399,0.000060,0.000008,0.224555,0.000684,0.000009,0.005234,0.266975
112,0.013355,0.000066,0.000007,0.162536,0.000452,0.000007,0.000278,0.176704
90,0.017046,0.000093,0.000010,0.026113,0.000310,0.000006,0.000469,0.044049
102,0.019742,0.000055,0.000004,0.179869,0.000718,0.000023,0.029216,0.229642
103,0.015181,0.000059,0.000006,0.173412,0.000578,0.000011,0.012883,0.202143
79,0.016796,0.000067,0.000007,0.171356,0.000587,0.000009,0.003067,0.191899
69,0.029263,0.000070,0.000010,0.171061,0.000461,0.000007,0.003262,0.204145
113,0.028972,0.000040,0.000005,0.028405,0.000431,0.000008,0.000277,0.058142
66,0.022415,0.000055,0.000004,0.184426,0.000467,0.000009,0.007749,0.215137
66,0.028994,0.000055,0.000005,0.177170,0.000649,0.000017,0.015219,0.222119
80,0.018188,0.000068,0.000008,0.024329,0.000457,0.000008,0.001869,0.044934
78,0.033694,0.000063,0.000006,0.163382,0.000587,0.000011,0.001259,0.199010
70,0.016224,0.000056,0.000006,0.058334,0.000751,0.000016,0.004989,0.080388
64,0.035095,0.000100,0.000010,0.220076,0.000611,0.000015,0.001436,0.257358
91,0.020835,0.000093,0.000011,0.139753,0.000579,0.000012,0.001494,0.162787
65,0.035644,0.000064,0.000006,0.167535,0.000537,0.000012,0.000367,0.204170
76,0.027750,0.000065,0.000007,0.201624,0.000635,0.000012,0.005394,0.235499
114,0.013116,0.000057,0.000009,0.173119,0.000489,0.000008,0.000305,0.187107
104,0.012818,0.000060,0.000006,0.187714,0.000492,0.000024,0.012422,0.213549
103,0.043159,0.000118,0.000016,0.184579,0.000554,0.000013,0.012596,0.241048
67,0.032846,0.000056,0.000006,0.152198,0.000477,0.000007,0.007327,0.192928
81,0.019312,0.000049,0.000006,0.169729,0.000725,0.000013,0.003161,0.193008
67,0.032336,0.000053,0.000005,0.155705,0.000544,0.000009,0.009770,0.198434
66,0.034383,0.000059,0.000008,0.060113,0.000506,0.000008,0.000310,0.095391
71,0.016066,0.000052,0.000005,0.162728,0.000439,0.000006,0.002163,0.181466
92,0.011000,0.000041,0.000005,0.163289,0.000460,0.000010,0.000685,0.175499
65,0.020832,0.000055,0.000007,0.173930,0.000486,0.000008,0.001154,0.196482
79,0.043056,0.000067,0.000007,0.191597,0.000531,0.000010,0.001278,0.236553
67,0.024763,0.000067,0.000009,0.031105,0.000542,0.000011,0.000370,0.056874
115,0.017159,0.000053,0.000008,0.181089,0.000478,0.000013,0.000311,0.199116
104,0.016167,0.000067,0.000006,0.148294,0.000504,0.000009,0.011480,0.176540
77,0.020635,0.000059,0.000004,0.212034,0.000570,0.000009,0.005724,0.239044
105,0.012409,0.000055,0.000006,0.192164,0.000586,0.000010,0.012709,0.217951
82,0.010614,0.000048,0.000005,0.182752,0.000672,0.000014,0.002055,0.196172
68,0.016314,0.000029,0.000003,0.190837,0.000500,0.000010,0.006525,0.214230
72,0.017144,0.000062,0.000008,0.180718,0.000604,0.000015,0.004330,0.202896
68,0.038481,0.000089,0.000013,0.182285,0.000675,0.000010,0.010925,0.232523
93,0.015008,0.000055,0.000005,0.170226,0.000440,0.000010,0.000605,0.186355
66,0.019664,0.000050,0.000004,0.199319,0.000646,0.000020,0.001091,0.220813
69,0.026287,0.000063,0.000008,0.023768,0.001038,0.000013,0.008673,0.059861
80,0.025919,0.000064,0.000007,0.209091,0.000656,0.000011,0.001413,0.237175
68,0.038236,0.000072,0.000016,0.206572,0.000466,0.000006,0.000293,0.245669
67,0.018778,0.000055,0.000006,0.025432,0.000487,0.000010,0.001243,0.046022
116,0.011847,0.000046,0.000007,0.180078,0.000432,0.000007,0.000295,0.192717
105,0.019020,0.000069,0.000007,0.191413,0.000555,0.000009,0.010059,0.221148
106,0.012916,0.000055,0.000004,0.194423,0.000478,0.000009,0.012158,0.220055
78,0.023000,0.000052,0.000005,0.198404,0.000498,0.000008,0.004944,0.226919
83,0.017003,0.000046,0.000005,0.213976,0.000859,0.000017,0.003343,0.235270
94,0.020735,0.000066,0.000006,0.178986,0.000468,0.000012,0.000641,0.200921
73,0.016368,0.000109,0.000011,0.189550,0.000568,0.000013,0.003634,0.210264
69,0.024653,0.000061,0.000006,0.192280,0.000562,0.000011,0.006961,0.224550
117,0.016326,0.000073,0.000010,0.086893,0.000640,0.000012,0.000566,0.104529
70,0.029158,0.000059,0.000006,0.155112,0.000567,0.000014,0.010448,0.195376
79,0.022572,0.000054,0.000006,0.043179,0.000474,0.000007,0.011446,0.077751
69,0.022103,0.000061,0.000007,0.178936,0.000694,0.000011,0.000373,0.202194
81,0.032230,0.000078,0.000008,0.193981,0.000639,0.000013,0.001392,0.228354
68,0.020814,0.000060,0.000005,0.178435,0.000552,0.000011,0.001338,0.201224
70,0.023854,0.000056,0.000008,0.035862,0.000552,0.000012,0.000364,0.060716
106,0.020895,0.000052,0.000004,0.231125,0.000748,0.000010,0.010259,0.263119
74,0.015279,0.000062,0.000007,0.185194,0.000410,0.000009,0.002973,0.203944
107,0.020016,0.000056,0.000007,0.213944,0.000545,0.000011,0.010907,0.245498
71,0.030494,0.000054,0.000008,0.033203,0.000483,0.000007,0.000329,0.064583
84,0.026641,0.000056,0.000008,0.212955,0.000513,0.000010,0.001802,0.241994
70,0.027311,0.000086,0.000008,0.194245,0.000583,0.000013,0.008038,0.230298
95,0.016790,0.000063,0.000006,0.228088,0.000531,0.000013,0.000697,0.246197
118,0.053303,0.000054,0.000009,0.181632,0.000538,0.000008,0.000299,0.235849
72,0.020186,0.000052,0.000006,0.027091,0.000393,0.000005,0.000296,0.048032
71,0.035504,0.000058,0.000005,0.160271,0.000749,0.000011,0.014198,0.210803
69,0.019806,0.000057,0.000005,0.184175,0.000508,0.000009,0.001305,0.205877
82,0.023759,0.000076,0.000014,0.194565,0.000633,0.000011,0.001460,0.220533
80,0.041822,0.000053,0.000005,0.223608,0.000548,0.000009,0.005616,0.271674
108,0.011763,0.000051,0.000008,0.159506,0.000560,0.000013,0.011848,0.183763
83,0.024243,0.000057,0.000009,0.054425,0.000505,0.000008,0.001142,0.080397
64,0.016733,0.000095,0.000006,0.185024,0.001379,0.000024,0.001384,0.204673
107,0.014816,0.000060,0.000010,0.191181,0.000855,0.000025,0.010940,0.217900
85,0.013012,0.000059,0.000005,0.182453,0.000441,0.000010,0.001951,0.197941
119,0.019800,0.000067,0.000011,0.150760,0.000497,0.000012,0.000288,0.171441
75,0.036966,0.000083,0.000009,0.184319,0.000546,0.000012,0.003144,0.225086
96,0.012402,0.000047,0.000004,0.169583,0.000508,0.000010,0.000705,0.183266
73,0.028426,0.000056,0.000006,0.157400,0.000544,0.000009,0.000455,0.186902
84,0.022077,0.000057,0.000008,0.026382,0.000449,0.000008,0.001046,0.050034
65,0.013086,0.000055,0.000005,0.046860,0.000688,0.000014,0.001185,0.061900
86,0.012236,0.000051,0.000005,0.045686,0.000441,0.000010,0.001884,0.060321
108,0.011185,0.000044,0.000005,0.046595,0.000460,0.000007,0.008352,0.066661
71,0.036332,0.000092,0.000009,0.215226,0.000577,0.000008,0.007697,0.259957
72,0.042742,0.000087,0.000009,0.195501,0.000457,0.000004,0.006979,0.245787
70,0.013193,0.000058,0.000004,0.197992,0.000566,0.000010,0.001140,0.212972
120,0.017803,0.000070,0.000011,0.062267,0.000475,0.000008,0.000284,0.080923
81,0.014620,0.000056,0.000006,0.168432,0.000475,0.000009,0.004800,0.188407
87,0.012342,0.000055,0.000004,0.013294,0.000436,0.000006,0.001739,0.027884
66,0.013797,0.000071,0.000005,0.023176,0.000429,0.000010,0.000413,0.037908
67,0.016536,0.000056,0.000004,0.013788,0.000481,0.000011,0.000446,0.031328
109,0.012929,0.000051,0.000005,0.037873,0.000515,0.000009,0.027636,0.079030
109,0.012642,0.000055,0.000007,0.184822,0.000440,0.000008,0.012251,0.210237
97,0.017172,0.000053,0.000005,0.192606,0.000406,0.000007,0.000635,0.210891
74,0.034920,0.000053,0.000007,0.162225,0.000448,0.000007,0.000288,0.197952
71,0.017498,0.000054,0.000005,0.132051,0.000211,0.000004,0.000468,0.150294
85,0.035171,0.000056,0.000007,0.193660,0.000981,0.000016,0.001862,0.231769
76,0.013295,0.000050,0.000006,0.236287,0.000540,0.000012,0.003939,0.254144
88,0.012214,0.000050,0.000005,0.165661,0.000533,0.000012,0.002400,0.180886
73,0.021384,0.000043,0.000004,0.178240,0.000730,0.000016,0.013288,0.213720
121,0.011849,0.000051,0.000007,0.202245,0.000450,0.000010,0.000288,0.214904
82,0.020250,0.000054,0.000005,0.187677,0.000487,0.000007,0.004576,0.213064
77,0.012654,0.000050,0.000006,0.036028,0.000612,0.000014,0.003177,0.052553
72,0.020922,0.000065,0.000006,0.217623,0.000564,0.000011,0.008261,0.247463
68,0.020922,0.000054,0.000005,0.165061,0.001527,0.000013,0.000475,0.188064
110,0.011867,0.000056,0.000005,0.153415,0.000561,0.000012,0.014583,0.180512
110,0.012972,0.000049,0.000007,0.198735,0.000421,0.000010,0.009194,0.221399
69,0.023967,0.000096,0.000011,0.032498,0.000432,0.000006,0.001080,0.058100
78,0.026783,0.000068,0.000006,0.042519,0.000493,0.000012,0.006537,0.076430
73,0.044292,0.000064,0.000006,0.051482,0.000768,0.000013,0.010858,0.107509
98,0.026630,0.000087,0.000007,0.182976,0.000357,0.000006,0.000467,0.210534
75,0.031867,0.000103,0.000010,0.220367,0.000530,0.000012,0.000452,0.253347
86,0.024237,0.000062,0.000008,0.210170,0.000578,0.000011,0.001173,0.236247
122,0.012569,0.000051,0.000011,0.182320,0.000522,0.000009,0.000332,0.195818
72,0.026508,0.000070,0.000007,0.232102,0.000672,0.000017,0.001794,0.261181
99,0.016559,0.000056,0.000006,0.042921,0.000575,0.000012,0.000819,0.060955
89,0.015496,0.000067,0.000006,0.211757,0.000983,0.000026,0.005017,0.233369
83,0.020466,0.000048,0.000006,0.178329,0.000452,0.000007,0.005083,0.204401
74,0.021451,0.000049,0.000006,0.197150,0.000984,0.000022,0.010830,0.230502
111,0.012121,0.000051,0.000005,0.159804,0.008703,0.000011,0.013926,0.194655
70,0.015750,0.000089,0.000011,0.171773,0.000491,0.000011,0.000365,0.188496
87,0.024966,0.000064,0.000005,0.051299,0.000546,0.000024,0.001268,0.078183
112,0.011373,0.000049,0.000007,0.008918,0.000411,0.000008,0.010681,0.031460
79,0.014607,0.000056,0.000005,0.171318,0.000567,0.000009,0.004016,0.190589
111,0.013589,0.000052,0.000006,0.197373,0.000542,0.000010,0.010407,0.221990
88,0.027921,0.000058,0.000007,0.009516,0.000926,0.000029,0.002468,0.040936
112,0.013416,0.000049,0.000005,0.037225,0.000562,0.000009,0.015754,0.067033
76,0.021569,0.000056,0.000007,0.165953,0.000571,0.000013,0.000396,0.188570
100,0.011362,0.000048,0.000005,0.152342,0.000443,0.000009,0.000609,0.164823
80,0.012141,0.000052,0.000005,0.068935,0.000456,0.000009,0.002925,0.084530
74,0.027505,0.000054,0.000005,0.203248,0.000880,0.000014,0.020241,0.251969
90,0.012403,0.000051,0.000005,0.172995,0.000566,0.000009,0.001555,0.187600
73,0.033789,0.000088,0.000010,0.163868,0.000529,0.000010,0.001337,0.199636
123,0.013586,0.000059,0.000010,0.207719,0.000639,0.000011,0.000411,0.222444
75,0.029442,0.000052,0.000005,0.166382,0.000489,0.000006,0.014434,0.210820
84,0.026626,0.000053,0.000004,0.210807,0.000701,0.000015,0.004911,0.243126
71,0.012164,0.000050,0.000007,0.180480,0.000478,0.000008,0.000428,0.193618
124,0.024277,0.000059,0.000009,0.024592,0.000648,0.000015,0.000425,0.050031
74,0.011644,0.000057,0.000006,0.056206,0.000650,0.000013,0.001117,0.069702
113,0.017936,0.000045,0.000004,0.218163,0.000309,0.000005,0.025850,0.262331
77,0.030906,0.000094,0.000013,0.165700,0.000569,0.000011,0.000426,0.197727
89,0.039057,0.000060,0.000009,0.212357,0.000694,0.000012,0.001407,0.253606
113,0.013942,0.000056,0.000006,0.200389,0.000493,0.000007,0.011289,0.226195
114,0.013150,0.000062,0.000009,0.009872,0.000557,0.000045,0.013986,0.037702
81,0.012472,0.000051,0.000005,0.209665,0.000505,0.000009,0.003107,0.225824
101,0.025010,0.000101,0.000010,0.218224,0.000577,0.000010,0.000740,0.244686
91,0.013447,0.000056,0.000008,0.207427,0.000473,0.000009,0.001675,0.223102
72,0.028653,0.000055,0.000005,0.154778,0.000624,0.000013,0.000555,0.184691
125,0.011806,0.000047,0.000008,0.183234,0.000501,0.000009,0.000285,0.195894
92,0.013491,0.000054,0.000005,0.030641,0.000440,0.000010,0.002057,0.046707
76,0.034310,0.000041,0.000005,0.201335,0.000492,0.000008,0.008436,0.244640
64,0.670382,0.000194,0.000019,0.236947,0.000786,0.000010,0.023298,0.931663
75,0.021847,0.000060,0.000005,0.298035,0.000545,0.000008,0.007786,0.328298
85,0.021963,0.000053,0.000006,0.272843,0.000521,0.000011,0.004780,0.300188
78,0.025595,0.000054,0.000007,0.207479,0.000510,0.000007,0.000358,0.234013
114,0.012649,0.000051,0.000004,0.184913,0.000481,0.000009,0.011191,0.209309
102,0.026889,0.000077,0.000006,0.162839,0.008204,0.000013,0.000729,0.198763
115,0.013841,0.000047,0.000005,0.211182,0.000347,0.000008,0.019811,0.245255
75,0.026129,0.000053,0.000005,0.340532,0.000473,0.000010,0.001017,0.368230
103,0.021054,0.000068,0.000008,0.020506,0.000391,0.000007,0.000612,0.042655
82,0.060412,0.000059,0.000009,0.213254,0.000479,0.000011,0.003438,0.277675
73,0.015067,0.000071,0.000005,0.223875,0.000588,0.000013,0.000592,0.240218
93,0.018108,0.000045,0.000004,0.196568,0.000661,0.000011,0.003009,0.218419
90,0.057668,0.000081,0.000010,0.260972,0.000614,0.000011,0.001547,0.320912
77,0.021782,0.000051,0.000005,0.199212,0.000646,0.000010,0.027412,0.249135
65,0.020376,0.000050,0.000005,0.188946,0.000631,0.000016,0.024784,0.234822
126,0.016206,0.000053,0.000008,0.252845,0.000735,0.000013,0.000440,0.270308
74,0.014900,0.000068,0.000009,0.046540,0.000505,0.000011,0.000469,0.062508
104,0.013241,0.000069,0.000006,0.069218,0.000500,0.000009,0.000704,0.083752
94,0.017970,0.000039,0.000003,0.044068,0.000549,0.000013,0.002188,0.064841
86,0.029427,0.000080,0.000008,0.186911,0.000834,0.000017,0.006139,0.223451
76,0.026992,0.000066,0.000005,0.219680,0.000548,0.000011,0.008184,0.255499
79,0.033582,0.000064,0.000008,0.187076,0.000400,0.000005,0.000244,0.221381
66,0.020067,0.000058,0.000005,0.048873,0.000510,0.000009,0.028298,0.097831
116,0.014007,0.000057,0.000004,0.178568,0.000550,0.000010,0.012642,0.205853
115,0.012538,0.000055,0.000006,0.225471,0.000596,0.000012,0.011752,0.250442
87,0.023517,0.000072,0.000009,0.047550,0.000470,0.000007,0.004288,0.075924
95,0.019055,0.000058,0.000007,0.070558,0.000954,0.000029,0.005684,0.096360
76,0.013939,0.000048,0.000005,0.230788,0.000492,0.000013,0.001099,0.246393
80,0.024560,0.000060,0.000008,0.038233,0.000520,0.000010,0.000371,0.063768
67,0.015502,0.000057,0.000006,0.033290,0.000467,0.000009,0.006708,0.056050
88,0.021421,0.000055,0.000004,0.021251,0.000482,0.000009,0.004891,0.048123
127,0.013623,0.000056,0.000009,0.170346,0.000444,0.000007,0.000440,0.184930
91,0.027478,0.000050,0.000007,0.217151,0.000516,0.000008,0.001047,0.246264
78,0.028004,0.000054,0.000004,0.193143,0.000689,0.000012,0.014336,0.236258
75,0.013737,0.000059,0.000005,0.219538,0.000473,0.000008,0.000394,0.234219
83,0.014855,0.000062,0.000006,0.273980,0.000781,0.000015,0.016520,0.306235
77,0.023367,0.000070,0.000004,0.176349,0.000433,0.000008,0.007125,0.207368
105,0.013830,0.000062,0.000005,0.226145,0.000471,0.000010,0.000828,0.241360
76,0.015804,0.000058,0.000005,0.032406,0.000571,0.000015,0.000599,0.049467
117,0.018498,0.000046,0.000005,0.149526,0.000453,0.000008,0.018956,0.187505
92,0.021427,0.000055,0.000006,0.075297,0.000526,0.000008,0.000991,0.098317
106,0.012517,0.000043,0.000004,0.037552,0.000437,0.000008,0.000729,0.051296
96,0.013604,0.000050,0.000005,0.172601,0.001033,0.000035,0.005514,0.192857
79,0.033126,0.000058,0.000006,0.058059,0.000911,0.000022,0.010760,0.102953
116,0.019207,0.000073,0.000007,0.211777,0.000496,0.000011,0.009965,0.241548
93,0.021123,0.000059,0.000007,0.020684,0.000407,0.000007,0.000951,0.043243
81,0.034488,0.000058,0.000008,0.165981,0.000460,0.000008,0.000332,0.201339
84,0.031741,0.000027,0.000003,0.092414,0.000921,0.000029,0.005660,0.130809
77,0.020867,0.000049,0.000004,0.216013,0.000737,0.000016,0.001832,0.239532
89,0.029507,0.000056,0.000006,0.197903,0.000731,0.000012,0.005478,0.233701
68,0.011016,0.000044,0.000005,0.252494,0.000536,0.000010,0.005686,0.269799
82,0.043354,0.000062,0.000006,0.038910,0.000475,0.000008,0.000334,0.083155
78,0.030771,0.000063,0.000005,0.178206,0.000513,0.000010,0.007546,0.217125
107,0.012132,0.000060,0.000005,0.166298,0.000561,0.000014,0.000952,0.180030
118,0.012745,0.000059,0.000004,0.177188,0.000529,0.000008,0.013223,0.203770
77,0.013041,0.000052,0.000005,0.192720,0.000490,0.000009,0.000418,0.206742
97,0.012404,0.000047,0.000006,0.170503,0.000535,0.000014,0.002426,0.185945
108,0.013192,0.000052,0.000005,0.020437,0.000479,0.000009,0.000657,0.034835
80,0.020202,0.000049,0.000005,0.171470,0.000576,0.000010,0.008330,0.200656
94,0.019789,0.000052,0.000006,0.168537,0.000476,0.000006,0.001001,0.189874
117,0.011927,0.000048,0.000005,0.172537,0.000490,0.000010,0.010259,0.195287
109,0.010627,0.000049,0.000004,0.008671,0.000413,0.000084,0.000590,0.020445
119,0.012440,0.000069,0.000007,0.034380,0.000472,0.000008,0.011821,0.059210
79,0.023027,0.000058,0.000006,0.055599,0.000533,0.000011,0.006841,0.086088
78,0.027382,0.000054,0.000005,0.166190,0.000666,0.000016,0.001814,0.196136
95,0.012808,0.000071,0.000005,0.034172,0.000892,0.000024,0.002917,0.050902
69,0.012566,0.000050,0.000006,0.171066,0.000372,0.000004,0.004218,0.188291
81,0.024768,0.000074,0.000008,0.039947,0.000466,0.000007,0.007608,0.072888
90,0.021445,0.000051,0.000004,0.198959,0.000444,0.000007,0.005211,0.226131
82,0.020176,0.000049,0.000005,0.015594,0.000455,0.000006,0.009589,0.045887
83,0.023548,0.000062,0.000009,0.199590,0.000501,0.000009,0.000320,0.224045
70,0.010102,0.000048,0.000004,0.034168,0.000579,0.000007,0.006526,0.051446
85,0.033998,0.000098,0.000014,0.242181,0.000699,0.000008,0.003250,0.280272
98,0.017936,0.000060,0.000005,0.148203,0.000367,0.000005,0.001632,0.168214
78,0.017230,0.000045,0.000004,0.180370,0.000692,0.000016,0.000523,0.198888
79,0.030998,0.000091,0.000012,0.081035,0.000784,0.000018,0.001135,0.114093
110,0.012082,0.000053,0.000005,0.159180,0.000444,0.000011,0.000619,0.172399
86,0.011602,0.000042,0.000005,0.024783,0.000362,0.000005,0.002432,0.039239
118,0.013648,0.000055,0.000004,0.187340,0.000449,0.000010,0.010018,0.211535
120,0.010612,0.000058,0.000006,0.188709,0.000478,0.000010,0.009487,0.209369
96,0.020801,0.000056,0.000005,0.152365,0.000410,0.000007,0.000716,0.174365
64,0.033092,0.000076,0.000013,0.030216,0.000799,0.000022,0.003333,0.067582
91,0.022531,0.000061,0.000005,0.157323,0.000353,0.000004,0.003010,0.183292
80,0.020859,0.000048,0.000005,0.200594,0.000444,0.000007,0.005139,0.227108
83,0.022755,0.000047,0.000006,0.121386,0.000313,0.000004,0.004411,0.148927
71,0.009868,0.000041,0.000004,0.113887,0.000392,0.000007,0.004584,0.128789
111,0.013578,0.000044,0.000003,0.025757,0.000350,0.000008,0.000385,0.040128
99,0.029838,0.000049,0.000004,0.108456,0.000286,0.000004,0.001211,0.139852
80,0.019505,0.000052,0.000006,0.084088,0.000286,0.000005,0.000625,0.104571
84,0.019507,0.000053,0.000008,0.139918,0.000384,0.000008,0.000270,0.160153
79,0.011628,0.000056,0.000004,0.110776,0.000302,0.000005,0.000248,0.123020
87,0.015641,0.000043,0.000005,0.089185,0.000306,0.000004,0.001608,0.106796
97,0.013214,0.000033,0.000004,0.011367,0.000252,0.000004,0.000503,0.025382
121,0.009473,0.000043,0.000004,0.024760,0.000380,0.000007,0.007862,0.042535
119,0.010606,0.000042,0.000005,0.078807,0.000262,0.000005,0.003706,0.093438
92,0.012643,0.000068,0.000008,0.012203,0.000230,0.000004,0.001837,0.026996
65,0.021825,0.000041,0.000004,0.054553,0.000309,0.000004,0.000797,0.077539
81,0.016826,0.000074,0.000007,0.046057,0.000264,0.000004,0.002793,0.066029
84,0.013441,0.000032,0.000003,0.009870,0.000272,0.000004,0.003334,0.026960
72,0.006663,0.000037,0.000003,0.046877,0.000278,0.000004,0.002174,0.056040
112,0.006679,0.000031,0.000003,0.047656,0.000264,0.000005,0.000330,0.054971
80,0.006743,0.000031,0.000003,0.006804,0.000268,0.000005,0.000228,0.014084
100,0.006532,0.000029,0.000003,0.046907,0.000259,0.000004,0.000915,0.054652
81,0.013184,0.000031,0.000003,0.052109,0.000239,0.000004,0.000518,0.066091
85,0.013397,0.000033,0.000004,0.041211,0.000228,0.000004,0.000192,0.055071
128,0.015120,0.000028,0.000004,0.072830,0.000269,0.000004,0.001314,0.089573
88,0.011110,0.000041,0.000003,0.078135,0.000325,0.000005,0.001793,0.091416
98,0.018194,0.000040,0.000004,0.079561,0.000268,0.000004,0.000517,0.098592
122,0.008556,0.000039,0.000003,0.077432,0.000290,0.000005,0.006094,0.092424
120,0.007891,0.000030,0.000004,0.066341,0.000292,0.000004,0.003082,0.077649
93,0.013353,0.000031,0.000003,0.044332,0.000245,0.000004,0.001932,0.059904
82,0.017595,0.000030,0.000003,0.020307,0.000561,0.000014,0.004987,0.043504
66,0.021586,0.000062,0.000005,0.053820,0.000266,0.000004,0.000609,0.076356
73,0.010116,0.000030,0.000003,0.011686,0.000286,0.000004,0.002550,0.024679
113,0.008103,0.000035,0.000003,0.015496,0.000269,0.000005,0.000331,0.024244
85,0.015811,0.000042,0.000004,0.082884,0.000326,0.000007,0.005165,0.104244
81,0.016997,0.000036,0.000003,0.042599,0.000259,0.000005,0.000227,0.060128
101,0.007941,0.000039,0.000003,0.048842,0.000244,0.000004,0.000896,0.057972
82,0.012884,0.000031,0.000003,0.048815,0.000293,0.000004,0.000536,0.062570
86,0.017694,0.000059,0.000011,0.045676,0.000378,0.000004,0.000234,0.064062
129,0.012602,0.000056,0.000006,0.034898,0.000246,0.000004,0.001306,0.049122
99,0.016825,0.000041,0.000003,0.020625,0.000295,0.000004,0.000486,0.038282
89,0.015042,0.000031,0.000003,0.053662,0.000298,0.000005,0.001655,0.070699
123,0.009281,0.000040,0.000004,0.073265,0.000317,0.000007,0.009060,0.091979
121,0.010309,0.000033,0.000003,0.056236,0.000251,0.000004,0.003751,0.070591
83,0.012947,0.000040,0.000003,0.019694,0.000301,0.000006,0.003669,0.036667
94,0.011696,0.000032,0.000003,0.056785,0.000260,0.000005,0.002195,0.070980
114,0.007345,0.000035,0.000003,0.005977,0.000260,0.000005,0.000377,0.014004
74,0.009474,0.000033,0.000003,0.047183,0.000263,0.000004,0.002397,0.059361
86,0.021472,0.000033,0.000003,0.009289,0.000273,0.000004,0.003653,0.034732
67,0.024115,0.000074,0.000009,0.074772,0.000470,0.000007,0.000956,0.100412
87,0.011233,0.000028,0.000004,0.009868,0.000238,0.000004,0.000176,0.021553
82,0.005780,0.000026,0.000003,0.046509,0.000266,0.000005,0.000225,0.052816
102,0.013170,0.000033,0.000003,0.049543,0.000259,0.000004,0.000920,0.063935
130,0.010597,0.000029,0.000004,0.033844,0.000250,0.000004,0.001253,0.045985
83,0.016934,0.000040,0.000004,0.074078,0.000389,0.000008,0.000708,0.092165
90,0.012327,0.000032,0.000003,0.024948,0.000347,0.000005,0.001671,0.039338
100,0.011313,0.000035,0.000005,0.058756,0.000255,0.000004,0.000510,0.070879
124,0.010421,0.000034,0.000003,0.043372,0.000252,0.000004,0.004992,0.059084
122,0.008509,0.000039,0.000004,0.044019,0.000247,0.000004,0.003404,0.056231
84,0.019517,0.000031,0.000003,0.054095,0.000271,0.000004,0.002868,0.076792
95,0.014461,0.000030,0.000002,0.053758,0.000344,0.000008,0.002099,0.070707
115,0.009608,0.000031,0.000003,0.053416,0.000261,0.000005,0.000352,0.063677
75,0.010839,0.000035,0.000003,0.047022,0.000270,0.000004,0.002539,0.060715
87,0.014958,0.000028,0.000003,0.041670,0.000248,0.000004,0.003441,0.060357
88,0.014670,0.000034,0.000004,0.045626,0.000277,0.000004,0.000184,0.060800
83,0.011417,0.000037,0.000003,0.041525,0.000229,0.000005,0.000263,0.053481
68,0.017543,0.000037,0.000003,0.073671,0.000447,0.000011,0.001417,0.093133
84,0.015539,0.000036,0.000003,0.014818,0.000279,0.000005,0.000576,0.031259
131,0.009844,0.000029,0.000004,0.043412,0.000248,0.000004,0.001195,0.054740
103,0.007666,0.000034,0.000004,0.067674,0.000401,0.000008,0.001304,0.077096
101,0.009828,0.000035,0.000005,0.015225,0.000274,0.000004,0.000491,0.025863
125,0.009888,0.000035,0.000003,0.046238,0.000277,0.000004,0.005333,0.061783
85,0.016322,0.000031,0.000002,0.010869,0.000246,0.000004,0.002946,0.030424
91,0.024882,0.000053,0.000005,0.139691,0.000276,0.000004,0.001532,0.166447
123,0.012003,0.000032,0.000003,0.057868,0.000270,0.000004,0.003470,0.073655
96,0.015555,0.000031,0.000003,0.050619,0.000279,0.000005,0.002056,0.068551
116,0.007670,0.000033,0.000003,0.054593,0.000231,0.000005,0.000335,0.062872
76,0.007066,0.000028,0.000003,0.034908,0.000229,0.000004,0.001961,0.044204
88,0.013037,0.000037,0.000004,0.012265,0.000331,0.000007,0.005221,0.030908
69,0.019922,0.000042,0.000004,0.014505,0.000303,0.000004,0.000658,0.035442
89,0.012756,0.000029,0.000004,0.040078,0.000287,0.000004,0.000191,0.053350
84,0.009075,0.000040,0.000004,0.043111,0.000263,0.000005,0.000221,0.052721
132,0.007238,0.000037,0.000004,0.050291,0.000304,0.000004,0.001940,0.059821
85,0.014582,0.000030,0.000003,0.055342,0.000381,0.000008,0.000920,0.071271
104,0.010670,0.000046,0.000006,0.050245,0.000246,0.000004,0.000868,0.062086
102,0.016872,0.000032,0.000003,0.050411,0.000253,0.000004,0.000485,0.068062
92,0.012194,0.000036,0.000003,0.008280,0.000236,0.000004,0.001366,0.022123
126,0.009378,0.000033,0.000003,0.044161,0.000265,0.000004,0.005425,0.059275
124,0.011147,0.000035,0.000003,0.015665,0.000275,0.000004,0.003368,0.030501
86,0.012575,0.000031,0.000003,0.045533,0.000252,0.000004,0.002776,0.061179
117,0.008335,0.000032,0.000003,0.009622,0.000347,0.000005,0.000338,0.018685
77,0.006477,0.000029,0.000003,0.009054,0.000258,0.000004,0.002339,0.018168
97,0.015290,0.000031,0.000003,0.051718,0.000243,0.000004,0.002029,0.069322
70,0.015996,0.000041,0.000003,0.044785,0.000252,0.000004,0.000621,0.061705
89,0.013832,0.000037,0.000005,0.075810,0.000371,0.000008,0.005245,0.095316
85,0.006523,0.000031,0.000003,0.044354,0.000260,0.000005,0.000225,0.051403
90,0.015770,0.000039,0.000004,0.047042,0.000289,0.000004,0.000212,0.063360
133,0.010322,0.000036,0.000004,0.055501,0.000289,0.000004,0.001448,0.067609
105,0.007123,0.000029,0.000003,0.047797,0.000259,0.000004,0.000858,0.056076
86,0.016065,0.000035,0.000003,0.067527,0.000530,0.000010,0.000974,0.085150
93,0.009976,0.000035,0.000003,0.008749,0.000262,0.000004,0.001849,0.020884
103,0.014837,0.000033,0.000003,0.055963,0.000242,0.000004,0.000524,0.071610
127,0.009410,0.000041,0.000004,0.045297,0.000253,0.000004,0.004893,0.059907
125,0.008437,0.000037,0.000003,0.046334,0.000267,0.000005,0.003834,0.058923
87,0.014022,0.000036,0.000003,0.050332,0.000263,0.000005,0.002752,0.067417
118,0.011895,0.000049,0.000005,0.053592,0.000240,0.000004,0.000344,0.066132
78,0.009348,0.000032,0.000003,0.008514,0.000235,0.000004,0.002274,0.020414
98,0.012358,0.000030,0.000003,0.049325,0.000276,0.000004,0.001895,0.063894
71,0.015926,0.000038,0.000003,0.049648,0.000279,0.000004,0.000748,0.066651
86,0.008973,0.000035,0.000003,0.049262,0.000247,0.000005,0.000285,0.058812
91,0.014015,0.000033,0.000004,0.042650,0.000246,0.000004,0.000178,0.057132
90,0.014768,0.000034,0.000003,0.055332,0.000278,0.000004,0.003829,0.074253
134,0.007651,0.000041,0.000006,0.040342,0.000219,0.000004,0.001231,0.049497
106,0.016724,0.000031,0.000003,0.067372,0.000383,0.000008,0.001422,0.085947
87,0.016848,0.000037,0.000003,0.057366,0.000288,0.000005,0.000558,0.075108
94,0.008750,0.000044,0.000004,0.047134,0.000260,0.000004,0.001452,0.057652
104,0.016292,0.000035,0.000004,0.010572,0.000229,0.000004,0.000498,0.027638
88,0.014144,0.000034,0.000003,0.015884,0.000280,0.000005,0.002855,0.033210
126,0.009524,0.000036,0.000004,0.061351,0.000393,0.000004,0.003330,0.074654
79,0.005941,0.000027,0.000002,0.047309,0.000256,0.000004,0.002030,0.055575
119,0.012310,0.000044,0.000004,0.087481,0.000447,0.000019,0.000574,0.100913
99,0.013152,0.000029,0.000003,0.052431,0.000252,0.000004,0.001987,0.067862
72,0.018784,0.000039,0.000004,0.044880,0.000257,0.000004,0.000717,0.064690
87,0.011938,0.000040,0.000003,0.050261,0.000253,0.000004,0.000223,0.062725
107,0.009043,0.000044,0.000004,0.006789,0.000254,0.000004,0.000884,0.017026
92,0.015087,0.000032,0.000004,0.053242,0.000260,0.000004,0.000176,0.068807
135,0.009642,0.000030,0.000005,0.052805,0.000271,0.000005,0.001335,0.064096
91,0.017371,0.000034,0.000003,0.053234,0.000269,0.000004,0.003665,0.074585
88,0.015023,0.000032,0.000003,0.080809,0.000431,0.000009,0.001487,0.097801
89,0.010271,0.000032,0.000004,0.004436,0.000235,0.000004,0.002653,0.017639
105,0.009699,0.000033,0.000003,0.055853,0.000246,0.000004,0.000497,0.066337
95,0.013186,0.000033,0.000003,0.061029,0.000255,0.000004,0.001532,0.076047
120,0.008910,0.000038,0.000005,0.008774,0.000284,0.000005,0.000325,0.018343
127,0.010923,0.000036,0.000005,0.074184,0.000357,0.000007,0.005127,0.090645
100,0.015108,0.000031,0.000004,0.015989,0.000268,0.000004,0.001963,0.033370
80,0.008371,0.000036,0.000004,0.040576,0.000239,0.000004,0.002143,0.051377
88,0.009425,0.000032,0.000003,0.004291,0.000252,0.000005,0.000236,0.014246
73,0.015678,0.000038,0.000003,0.042236,0.000249,0.000004,0.000686,0.058898
136,0.006854,0.000029,0.000004,0.042271,0.000283,0.000005,0.001340,0.050790
108,0.010850,0.000043,0.000004,0.058795,0.000308,0.000004,0.000908,0.070920
93,0.010196,0.000034,0.000003,0.076736,0.000313,0.000007,0.000301,0.087594
92,0.014233,0.000035,0.000004,0.088056,0.000560,0.000007,0.005465,0.108379
96,0.012684,0.000032,0.000004,0.020475,0.000274,0.000005,0.002287,0.035765
90,0.016069,0.000039,0.000003,0.057771,0.000303,0.000004,0.002814,0.077012
89,0.016286,0.000031,0.000003,0.063194,0.000287,0.000004,0.000568,0.080375
106,0.017827,0.000034,0.000003,0.058017,0.000257,0.000005,0.000485,0.076629
121,0.009791,0.000045,0.000005,0.063046,0.000342,0.000006,0.000494,0.073732
101,0.016057,0.000037,0.000003,0.047873,0.000253,0.000004,0.002055,0.066285
74,0.018136,0.000058,0.000006,0.015518,0.000574,0.000011,0.001249,0.035558
81,0.009431,0.000029,0.000003,0.051499,0.000347,0.000004,0.003374,0.064701
122,0.013006,0.000054,0.000005,0.032022,0.000520,0.000013,0.000846,0.046471
97,0.025733,0.000043,0.000005,0.029849,0.000518,0.000014,0.003681,0.059852
94,0.026482,0.000082,0.000013,0.046620,0.000513,0.000008,0.000328,0.074050
89,0.009020,0.000042,0.000004,0.093831,0.000592,0.000012,0.000499,0.104012
75,0.024245,0.000066,0.000005,0.032611,0.000482,0.000011,0.001184,0.058614
90,0.012206,0.000056,0.000008,0.033737,0.000524,0.000011,0.000389,0.046937
93,0.018527,0.000038,0.000006,0.111051,0.000465,0.000008,0.007508,0.137611
109,0.013351,0.000040,0.000005,0.156572,0.000497,0.000007,0.001777,0.172258
137,0.008132,0.000039,0.000006,0.164328,0.000477,0.000010,0.002637,0.175637
91,0.023837,0.000083,0.000009,0.155085,0.000650,0.000013,0.008503,0.188190
107,0.027167,0.000054,0.000007,0.166322,0.000821,0.000012,0.001504,0.195904
82,0.010976,0.000050,0.000006,0.157068,0.000634,0.000011,0.005639,0.174392
102,0.020928,0.000068,0.000004,0.179021,0.000400,0.000007,0.003518,0.203953
90,0.034603,0.000073,0.000006,0.180028,0.000895,0.000020,0.002902,0.218540
123,0.012436,0.000057,0.000005,0.153111,0.000458,0.000010,0.000737,0.166822
138,0.011998,0.000054,0.000007,0.038755,0.000939,0.000014,0.002640,0.054411
95,0.019969,0.000048,0.000006,0.164784,0.000418,0.000005,0.000372,0.185607
92,0.022396,0.000074,0.000006,0.042008,0.000537,0.000008,0.006740,0.071780
98,0.012394,0.000053,0.000006,0.191253,0.000519,0.000011,0.003250,0.207494
91,0.010411,0.000049,0.000006,0.143254,0.000949,0.000021,0.001051,0.155750
76,0.033924,0.000050,0.000006,0.161898,0.000420,0.000008,0.001458,0.197773
94,0.020797,0.000051,0.000005,0.135534,0.000482,0.000011,0.008787,0.165680
91,0.061997,0.000073,0.000006,0.019798,0.000517,0.000011,0.001209,0.083631
93,0.022123,0.000065,0.000005,0.022556,0.000484,0.000008,0.007194,0.052447
99,0.014597,0.000050,0.000007,0.035220,0.000490,0.000010,0.003209,0.053590
103,0.017321,0.000037,0.000003,0.125300,0.000438,0.000009,0.004809,0.147929
110,0.014709,0.000053,0.000007,0.201079,0.000523,0.000009,0.001841,0.218234
95,0.035735,0.000103,0.000015,0.041622,0.000570,0.000012,0.009411,0.087480
108,0.027480,0.000061,0.000009,0.171001,0.000511,0.000007,0.001038,0.200115
139,0.010687,0.000052,0.000008,0.163143,0.000412,0.000007,0.002864,0.177183
124,0.026254,0.000087,0.000005,0.171834,0.000681,0.000012,0.000812,0.199700
111,0.012528,0.000060,0.000007,0.023403,0.000428,0.000009,0.001869,0.038313
83,0.015780,0.000054,0.000005,0.212402,0.000504,0.000008,0.007114,0.235878
77,0.020065,0.000055,0.000005,0.156888,0.000396,0.000005,0.001105,0.178529
92,0.019962,0.000049,0.000004,0.138232,0.000408,0.000010,0.001025,0.159699
96,0.038507,0.000067,0.000005,0.184295,0.000935,0.000034,0.000762,0.224611
96,0.026921,0.000094,0.000009,0.050696,0.000587,0.000009,0.008010,0.086335
84,0.011409,0.000044,0.000004,0.023887,0.000399,0.000006,0.005657,0.041416
92,0.010447,0.000050,0.000004,0.200390,0.000549,0.000010,0.000404,0.211859
93,0.021504,0.000053,0.000006,0.025004,0.000607,0.000014,0.001329,0.048526
100,0.016541,0.000063,0.000006,0.170173,0.000685,0.000012,0.003768,0.191258
94,0.024293,0.000065,0.000005,0.183715,0.000575,0.000013,0.011414,0.220093
104,0.016971,0.000050,0.000005,0.160842,0.000619,0.000014,0.004980,0.183494
94,0.017110,0.000047,0.000004,0.014302,0.000458,0.000009,0.001060,0.032997
112,0.016832,0.000048,0.000004,0.131886,0.000526,0.000011,0.001995,0.151312
109,0.013354,0.000054,0.000006,0.165398,0.000416,0.000007,0.000990,0.180235
140,0.020848,0.000044,0.000007,0.163043,0.000497,0.000012,0.002693,0.187156
125,0.021380,0.000058,0.000006,0.154975,0.000621,0.000011,0.000983,0.178043
105,0.025956,0.000051,0.000007,0.042129,0.000543,0.000014,0.005156,0.073864
78,0.017158,0.000044,0.000004,0.165366,0.000688,0.000015,0.001720,0.185009
97,0.021012,0.000051,0.000005,0.145742,0.000523,0.000008,0.008967,0.176318
113,0.022366,0.000074,0.000005,0.059712,0.000553,0.000010,0.001826,0.084564
97,0.020399,0.000052,0.000005,0.173236,0.000616,0.000013,0.000408,0.194733
93,0.012761,0.000060,0.000004,0.171660,0.000463,0.000013,0.000418,0.185386
85,0.011980,0.000052,0.000005,0.173283,0.000476,0.000008,0.006740,0.192553
94,0.012023,0.000063,0.000005,0.023343,0.000525,0.000011,0.000632,0.036610
101,0.023854,0.000066,0.000009,0.159608,0.000422,0.000006,0.007420,0.191396
95,0.022300,0.000055,0.000004,0.165184,0.000544,0.000011,0.001209,0.189317
141,0.014586,0.000043,0.000007,0.150717,0.000456,0.000010,0.002849,0.168677
95,0.012390,0.000057,0.000005,0.028516,0.000539,0.000015,0.000442,0.041969
95,0.034107,0.000041,0.000004,0.183332,0.000552,0.000014,0.006510,0.224571
110,0.021395,0.000066,0.000007,0.167602,0.000554,0.000009,0.001333,0.190973
96,0.010217,0.000056,0.000005,0.013574,0.000452,0.000011,0.000377,0.024697
111,0.015080,0.000059,0.000007,0.026016,0.000551,0.000009,0.001344,0.043073
79,0.020120,0.000056,0.000007,0.156296,0.000317,0.000007,0.000901,0.177710
114,0.010431,0.000047,0.000004,0.141770,0.000687,0.000011,0.011948,0.164910
126,0.018272,0.000060,0.000006,0.203549,0.000279,0.000006,0.000465,0.222640
97,0.012099,0.000051,0.000005,0.031426,0.000506,0.000012,0.000408,0.044513
98,0.019970,0.000049,0.000007,0.140997,0.000532,0.000010,0.000356,0.161926
98,0.019393,0.000052,0.000005,0.151268,0.000452,0.000008,0.008225,0.179413
106,0.026024,0.000053,0.000005,0.187638,0.000725,0.000011,0.005243,0.219733
98,0.012731,0.000058,0.000005,0.013223,0.000398,0.000009,0.000396,0.026824
102,0.017408,0.000054,0.000006,0.139873,0.000606,0.000013,0.003479,0.161449
107,0.014993,0.000052,0.000008,0.029713,0.000511,0.000012,0.005211,0.050508
86,0.012019,0.000051,0.000005,0.219469,0.000505,0.000008,0.006822,0.238888
99,0.024156,0.000103,0.000016,0.080202,0.000663,0.000013,0.000473,0.105631
103,0.021821,0.000055,0.000007,0.029101,0.000665,0.000012,0.003473,0.055146
96,0.018686,0.000059,0.000004,0.197321,0.000529,0.000039,0.001142,0.217793
96,0.021133,0.000502,0.000010,0.173794,0.000666,0.000016,0.008966,0.205099
142,0.013056,0.000052,0.000009,0.197456,0.000482,0.000009,0.002675,0.213747
100,0.020139,0.000057,0.000005,0.027727,0.000433,0.000007,0.000300,0.048673
112,0.024093,0.000055,0.000009,0.149720,0.000552,0.000011,0.001042,0.175491
97,0.018159,0.000051,0.000004,0.016708,0.000398,0.000006,0.000997,0.036335
104,0.013683,0.000057,0.000007,0.032770,0.000467,0.000006,0.003354,0.050355
99,0.010274,0.000049,0.000005,0.129950,0.000406,0.000007,0.000348,0.141043
127,0.018392,0.000105,0.000010,0.153481,0.000482,0.000009,0.000607,0.173092
115,0.012880,0.000055,0.000005,0.161630,0.001068,0.000022,0.003237,0.178908
143,0.012859,0.000054,0.000007,0.042990,0.000516,0.000011,0.004055,0.060509
100,0.010563,0.000050,0.000005,0.018442,0.000456,0.000010,0.000390,0.029920
99,0.019584,0.000049,0.000005,0.184523,0.000907,0.000025,0.011139,0.216244
98,0.025070,0.000067,0.000006,0.031608,0.000493,0.000009,0.001133,0.058395
108,0.018719,0.000051,0.000006,0.143911,0.000514,0.000009,0.004857,0.168078
105,0.023468,0.000055,0.000007,0.035349,0.000585,0.000010,0.003409,0.062895
80,0.019752,0.000055,0.000006,0.221750,0.000926,0.000024,0.003483,0.246009
100,0.020875,0.000052,0.000007,0.064293,0.000500,0.000009,0.008605,0.094352
116,0.016635,0.000065,0.000006,0.138691,0.000506,0.000009,0.002202,0.158122
87,0.016173,0.000048,0.000006,0.228315,0.000437,0.000009,0.006421,0.251418
101,0.019861,0.000056,0.000006,0.162378,0.000467,0.000009,0.000342,0.183122
144,0.028280,0.000155,0.000019,0.115701,0.000427,0.000006,0.002203,0.146797
97,0.023523,0.000053,0.000004,0.204082,0.000600,0.000011,0.008297,0.236581
113,0.022208,0.000037,0.000004,0.197408,0.000505,0.000007,0.000947,0.221123
101,0.012178,0.000055,0.000005,0.180390,0.000522,0.000008,0.000471,0.193636
102,0.020103,0.000056,0.000007,0.034857,0.000517,0.000008,0.000324,0.055875
106,0.019448,0.000053,0.000006,0.142518,0.000761,0.000013,0.003367,0.166199
101,0.020094,0.000046,0.000007,0.066479,0.001033,0.000026,0.012622,0.100320
109,0.018080,0.000055,0.000008,0.175708,0.000645,0.000013,0.004804,0.199321
81,0.032821,0.000059,0.000005,0.159586,0.000454,0.000009,0.001276,0.194218
99,0.021850,0.000057,0.000006,0.192532,0.000611,0.000012,0.001157,0.216239
114,0.022419,0.000073,0.000008,0.029627,0.000454,0.000007,0.001032,0.053630
145,0.010501,0.000046,0.000008,0.111377,0.000372,0.000005,0.002317,0.124636
100,0.021700,0.000063,0.000005,0.027168,0.000707,0.000024,0.001832,0.051509
102,0.021195,0.000057,0.000006,0.079394,0.000485,0.000009,0.009445,0.110602
102,0.014659,0.000068,0.000007,0.126716,0.000349,0.000007,0.000330,0.142138
117,0.018960,0.000081,0.000010,0.180924,0.000468,0.000010,0.002090,0.202555
88,0.020358,0.000111,0.000011,0.183218,0.000864,0.000018,0.007643,0.212235
103,0.021561,0.000051,0.000006,0.167949,0.000446,0.000010,0.000395,0.190423
110,0.024300,0.000060,0.000005,0.132468,0.000441,0.000007,0.003556,0.160843
107,0.015135,0.000054,0.000008,0.183361,0.000571,0.000013,0.003561,0.202712
98,0.037166,0.000107,0.000011,0.206532,0.000478,0.000010,0.006931,0.251249
115,0.033655,0.000067,0.000005,0.157845,0.000500,0.000009,0.001045,0.193134
82,0.035531,0.000094,0.000006,0.165500,0.000655,0.000011,0.001744,0.203558
108,0.015283,0.000051,0.000006,0.016385,0.000462,0.000011,0.002724,0.034932
103,0.017618,0.000092,0.000013,0.115212,0.000415,0.000005,0.000356,0.133715
146,0.011210,0.000036,0.000005,0.193884,0.000668,0.000010,0.002728,0.208560
89,0.016774,0.000096,0.000014,0.134275,0.000399,0.000007,0.006237,0.157815
101,0.027867,0.000060,0.000006,0.188473,0.000619,0.000010,0.001194,0.218238
118,0.020987,0.000089,0.000015,0.165351,0.000477,0.000007,0.002193,0.189129
111,0.012465,0.000059,0.000004,0.133768,0.000428,0.000008,0.003764,0.150501
103,0.026968,0.000090,0.000011,0.180022,0.000493,0.000009,0.008406,0.216010
104,0.019995,0.000050,0.000009,0.181687,0.000498,0.000012,0.000382,0.202638
104,0.017449,0.000044,0.000005,0.123303,0.000367,0.000007,0.000330,0.141508
116,0.030020,0.000063,0.000008,0.152656,0.000514,0.000008,0.001075,0.184352
105,0.011285,0.000050,0.000005,0.011800,0.000365,0.000006,0.000299,0.023812
83,0.029311,0.000066,0.000006,0.178543,0.000531,0.000009,0.001454,0.209930
109,0.020765,0.000055,0.000005,0.186675,0.000590,0.000009,0.003186,0.211296
147,0.015065,0.000065,0.000012,0.159568,0.000480,0.000008,0.002755,0.177960
112,0.013208,0.000043,0.000004,0.110764,0.000393,0.000004,0.003543,0.127965
99,0.033250,0.000122,0.000013,0.211447,0.000543,0.000010,0.006690,0.252086
84,0.018820,0.000049,0.000005,0.013657,0.000519,0.000009,0.001327,0.034397
119,0.010669,0.000047,0.000007,0.169493,0.000407,0.000008,0.001816,0.182456
102,0.021971,0.000056,0.000005,0.166085,0.000554,0.000010,0.001139,0.189828
90,0.012537,0.000057,0.000005,0.183756,0.000502,0.000009,0.007269,0.204144
113,0.018596,0.000043,0.000004,0.055923,0.000419,0.000005,0.003606,0.078603
104,0.020676,0.000056,0.000006,0.200612,0.000507,0.000010,0.008082,0.229961
105,0.019985,0.000049,0.000006,0.173387,0.000639,0.000009,0.000468,0.194554
106,0.010740,0.000052,0.000004,0.158064,0.000489,0.000011,0.000450,0.169814
117,0.042769,0.000053,0.000006,0.171917,0.000482,0.000007,0.001076,0.216321
107,0.012614,0.000046,0.000004,0.025376,0.000371,0.000006,0.000396,0.038817
148,0.010512,0.000047,0.000010,0.183025,0.000482,0.000009,0.002523,0.196617
110,0.020794,0.000041,0.000005,0.192672,0.000599,0.000013,0.003416,0.217551
108,0.010473,0.000042,0.000005,0.024526,0.000435,0.000008,0.000312,0.035805
85,0.031832,0.000132,0.000012,0.172376,0.000539,0.000009,0.001583,0.206492
100,0.019152,0.000055,0.000006,0.183083,0.000524,0.000010,0.011860,0.214706
103,0.020666,0.000061,0.000006,0.169822,0.000592,0.000014,0.001284,0.192457
109,0.010421,0.000042,0.000004,0.020074,0.000387,0.000007,0.000347,0.031284
120,0.012510,0.000060,0.000020,0.217208,0.000452,0.000007,0.002281,0.232547
114,0.024299,0.000054,0.000006,0.147756,0.000503,0.000009,0.005305,0.177943
91,0.012819,0.000052,0.000005,0.209701,0.000648,0.000011,0.007938,0.231202
106,0.021311,0.000054,0.000008,0.166596,0.000895,0.000024,0.000795,0.189694
110,0.021058,0.000063,0.000008,0.033996,0.000522,0.000013,0.000512,0.056180
92,0.014246,0.000062,0.000008,0.014823,0.000503,0.000014,0.008099,0.037765
105,0.019682,0.000051,0.000005,0.208457,0.000499,0.000008,0.008065,0.236780
107,0.020768,0.000054,0.000005,0.017893,0.000458,0.000008,0.000338,0.039528
118,0.023487,0.000047,0.000006,0.159041,0.000509,0.000007,0.000964,0.184068
149,0.017187,0.000054,0.000008,0.160620,0.000949,0.000022,0.007059,0.185913
108,0.018014,0.000045,0.000006,0.013780,0.000447,0.000007,0.000334,0.032638
111,0.019599,0.000102,0.000010,0.184118,0.000531,0.000014,0.003208,0.207592
101,0.025385,0.000063,0.000006,0.158329,0.000417,0.000009,0.007942,0.192162
86,0.021999,0.000095,0.000011,0.176667,0.000463,0.000010,0.001329,0.200583
115,0.018684,0.000055,0.000005,0.143877,0.000549,0.000010,0.005207,0.168397
104,0.027644,0.000064,0.000007,0.179533,0.000669,0.000014,0.001582,0.209523
111,0.012189,0.000053,0.000005,0.147363,0.000468,0.000007,0.000389,0.160479
93,0.018047,0.000074,0.000013,0.145115,0.000382,0.000005,0.004739,0.168381
112,0.009376,0.000041,0.000005,0.008681,0.000328,0.000005,0.000295,0.018734
128,0.015174,0.000061,0.000005,0.183472,0.000526,0.000010,0.003444,0.202700
121,0.012483,0.000056,0.000005,0.205485,0.000629,0.000011,0.002236,0.220915
150,0.019370,0.000087,0.000016,0.161727,0.000484,0.000008,0.002397,0.184096
106,0.021139,0.000056,0.000004,0.193754,0.000483,0.000010,0.008666,0.224126
119,0.026565,0.000109,0.000014,0.192230,0.000564,0.000009,0.001165,0.220668
109,0.017847,0.000050,0.000006,0.180449,0.000454,0.000008,0.000292,0.199110
122,0.010336,0.000043,0.000006,0.102769,0.000620,0.000011,0.002730,0.116525
113,0.014719,0.000054,0.000005,0.110628,0.000410,0.000008,0.000310,0.126138
94,0.008992,0.000038,0.000004,0.116207,0.000395,0.000006,0.004431,0.130082
102,0.029906,0.000066,0.000009,0.173026,0.000441,0.000009,0.008709,0.212179
112,0.021492,0.000053,0.000007,0.194109,0.000526,0.000010,0.003683,0.219891
105,0.031695,0.000060,0.000005,0.171471,0.000554,0.000012,0.001443,0.205252
123,0.011529,0.000043,0.000005,0.028534,0.000389,0.000005,0.001664,0.042175
120,0.030568,0.000058,0.000006,0.044453,0.000477,0.000009,0.001061,0.076638
116,0.025069,0.000075,0.000007,0.191405,0.001005,0.000031,0.008478,0.226080
87,0.024790,0.000057,0.000005,0.218849,0.000564,0.000011,0.001733,0.246016
129,0.011006,0.000034,0.000004,0.181520,0.000705,0.000008,0.003399,0.196697
121,0.021274,0.000062,0.000008,0.013567,0.000464,0.000009,0.000965,0.036356
151,0.020542,0.000086,0.000015,0.153336,0.000876,0.000040,0.003770,0.178678
130,0.012969,0.000068,0.000009,0.030255,0.000470,0.000008,0.003431,0.047223
95,0.011409,0.000045,0.000005,0.101229,0.000424,0.000005,0.004590,0.117715
114,0.010727,0.000046,0.000004,0.118279,0.000460,0.000007,0.000361,0.129886
110,0.021510,0.000057,0.000008,0.149337,0.000521,0.000007,0.000333,0.171779
124,0.009715,0.000042,0.000004,0.095034,0.000374,0.000004,0.001566,0.106745
107,0.022112,0.000077,0.000007,0.191552,0.000643,0.000013,0.009176,0.223592
152,0.023215,0.000071,0.000010,0.035141,0.000633,0.000013,0.006852,0.065953
113,0.021193,0.000051,0.000005,0.192901,0.000506,0.000009,0.003247,0.217923
96,0.011482,0.000047,0.000005,0.098207,0.000372,0.000006,0.004739,0.114867
103,0.019448,0.000044,0.000004,0.195535,0.000734,0.000013,0.006552,0.222360
88,0.028714,0.000070,0.000006,0.159221,0.000483,0.000008,0.002224,0.190737
153,0.013878,0.000056,0.000008,0.049857,0.000495,0.000010,0.002663,0.066979
115,0.011280,0.000051,0.000004,0.113492,0.000380,0.000006,0.000334,0.125551
122,0.020446,0.000061,0.000007,0.187767,0.000641,0.000008,0.001021,0.209971
125,0.011038,0.000058,0.000005,0.130812,0.000418,0.000006,0.001745,0.144091
117,0.015477,0.000057,0.000006,0.214701,0.000786,0.000037,0.007354,0.238439
111,0.018928,0.000051,0.000007,0.156685,0.000911,0.000023,0.000548,0.177162
131,0.012720,0.000052,0.000006,0.189874,0.000503,0.000009,0.003566,0.206740
97,0.010577,0.000043,0.000004,0.095911,0.000423,0.000005,0.004335,0.111306
118,0.021843,0.000049,0.000006,0.035281,0.000411,0.000010,0.003936,0.061545
116,0.010688,0.000043,0.000005,0.101048,0.000398,0.000005,0.000375,0.112565
108,0.023775,0.000058,0.000005,0.161294,0.000496,0.000012,0.013882,0.199540
126,0.010749,0.000045,0.000004,0.104671,0.000369,0.000004,0.001539,0.117389
104,0.022033,0.000072,0.000008,0.137450,0.000438,0.000008,0.011085,0.171114
154,0.010951,0.000047,0.000006,0.160490,0.000561,0.000011,0.003586,0.175663
106,0.030565,0.000061,0.000005,0.362222,0.000602,0.000012,0.001452,0.394932
114,0.014397,0.000055,0.000007,0.203738,0.000463,0.000011,0.004610,0.223294
98,0.010910,0.000051,0.000004,0.093888,0.000332,0.000004,0.004246,0.109442
112,0.026556,0.000051,0.000008,0.129388,0.000455,0.000007,0.000334,0.156804
117,0.011624,0.000050,0.000005,0.105367,0.000471,0.000015,0.000384,0.117923
132,0.010520,0.000043,0.000005,0.152050,0.000459,0.000008,0.003243,0.166340
89,0.023664,0.000109,0.000015,0.226381,0.000634,0.000010,0.001546,0.252374
123,0.021594,0.000054,0.000007,0.192655,0.000516,0.000009,0.002168,0.217016
115,0.024653,0.000102,0.000016,0.019147,0.000376,0.000005,0.002909,0.047220
99,0.011179,0.000050,0.000005,0.032515,0.000394,0.000006,0.004349,0.048504
109,0.021718,0.000049,0.000005,0.132567,0.000470,0.000009,0.007346,0.162175
127,0.011028,0.000049,0.000004,0.117665,0.000406,0.000005,0.001699,0.130866
105,0.028889,0.000062,0.000006,0.121774,0.000541,0.000007,0.005319,0.156611
107,0.030371,0.000075,0.000008,0.119015,0.000388,0.000005,0.000798,0.150665
119,0.014902,0.000053,0.000005,0.221443,0.000539,0.000009,0.004892,0.241854
155,0.012403,0.000054,0.000008,0.156069,0.000515,0.000011,0.002880,0.171950
118,0.016043,0.000074,0.000007,0.130311,0.000357,0.000006,0.000330,0.147133
113,0.021199,0.000052,0.000007,0.152988,0.000460,0.000008,0.000334,0.175052
100,0.011230,0.000044,0.000005,0.117468,0.000512,0.000005,0.004145,0.133416
133,0.012656,0.000051,0.000005,0.155484,0.000593,0.000010,0.003580,0.172391
156,0.012641,0.000057,0.000009,0.050520,0.000541,0.000011,0.003276,0.067065
110,0.030491,0.000059,0.000007,0.114984,0.000357,0.000005,0.005837,0.151744
134,0.013214,0.000053,0.000005,0.013143,0.000484,0.000009,0.003162,0.030082
106,0.018316,0.000044,0.000003,0.108144,0.000363,0.000005,0.004903,0.131787
124,0.024935,0.000058,0.000007,0.168590,0.000444,0.000005,0.000747,0.194790
157,0.011986,0.000050,0.000008,0.025072,0.000473,0.000010,0.003135,0.040744
108,0.017262,0.000047,0.000005,0.113282,0.000400,0.000007,0.001030,0.132039
116,0.027221,0.000087,0.000012,0.177874,0.000664,0.000016,0.004424,0.210309
90,0.017301,0.000051,0.000007,0.200656,0.000457,0.000008,0.001370,0.219861
119,0.010645,0.000048,0.000004,0.120995,0.000463,0.000010,0.000349,0.132519
109,0.018849,0.000049,0.000005,0.037047,0.000478,0.000007,0.000932,0.057373
120,0.014473,0.000053,0.000005,0.164899,0.000809,0.000013,0.006057,0.186318
91,0.028802,0.000080,0.000012,0.029422,0.000456,0.000008,0.000972,0.059756
101,0.014911,0.000053,0.000006,0.123438,0.000431,0.000005,0.004170,0.143020
110,0.017929,0.000043,0.000005,0.029169,0.000346,0.000006,0.000801,0.048302
125,0.018917,0.000048,0.000006,0.125406,0.000397,0.000004,0.001002,0.145784
114,0.034168,0.000047,0.000007,0.171167,0.000435,0.000008,0.000346,0.206185
111,0.018267,0.000044,0.000004,0.138754,0.000445,0.000010,0.006434,0.163966
107,0.018194,0.000047,0.000004,0.153437,0.000477,0.000007,0.006446,0.178623
135,0.012175,0.000053,0.000006,0.171345,0.000513,0.000009,0.003382,0.187494
126,0.020036,0.000044,0.000006,0.034122,0.000348,0.000004,0.000785,0.055350
158,0.012902,0.000047,0.000008,0.192458,0.000510,0.000009,0.002977,0.208923
117,0.014823,0.000054,0.000006,0.195684,0.000845,0.000020,0.004805,0.216261
120,0.015838,0.000056,0.000005,0.154509,0.000594,0.000009,0.000403,0.171422
111,0.018252,0.000048,0.000004,0.119784,0.000441,0.000009,0.000860,0.139410
121,0.016667,0.000058,0.000006,0.159939,0.000491,0.000011,0.019723,0.196925
92,0.025759,0.000074,0.000009,0.169203,0.000536,0.000013,0.001499,0.197101
112,0.018739,0.000075,0.000004,0.107199,0.000384,0.000004,0.006242,0.132658
102,0.012656,0.000050,0.000006,0.192691,0.000651,0.000014,0.007355,0.213434
127,0.010989,0.000049,0.000006,0.091919,0.000369,0.000004,0.000769,0.104107
112,0.018336,0.000047,0.000006,0.035287,0.000411,0.000006,0.000804,0.054902
115,0.021733,0.000059,0.000006,0.167193,0.000467,0.000010,0.000409,0.189882
108,0.020437,0.000058,0.000005,0.149609,0.000398,0.000005,0.004908,0.175426
113,0.018721,0.000047,0.000005,0.019548,0.000376,0.000005,0.000849,0.039557
159,0.013049,0.000059,0.000006,0.145177,0.000466,0.000010,0.002843,0.161621
136,0.012417,0.000060,0.000006,0.189714,0.000515,0.000009,0.003652,0.206384
109,0.015150,0.000045,0.000004,0.014385,0.000302,0.000004,0.004364,0.034263
121,0.025010,0.000113,0.000010,0.134048,0.000416,0.000008,0.000348,0.159959
114,0.017465,0.000045,0.000004,0.015105,0.000349,0.000006,0.000752,0.033731
128,0.011910,0.000053,0.000009,0.009660,0.000438,0.000006,0.001722,0.023811
113,0.017552,0.000048,0.000004,0.104206,0.000521,0.000012,0.010288,0.132643
118,0.023196,0.000056,0.000008,0.171654,0.000773,0.000014,0.005328,0.201042
122,0.020842,0.000056,0.000007,0.143376,0.000608,0.000014,0.004386,0.169300
93,0.025696,0.000073,0.000007,0.152325,0.000542,0.000012,0.001473,0.180139
128,0.019475,0.000088,0.000016,0.039477,0.000674,0.000012,0.003559,0.063323
103,0.012376,0.000052,0.000004,0.146198,0.000725,0.000013,0.008443,0.167822
119,0.016262,0.000053,0.000007,0.016487,0.000379,0.000008,0.002857,0.036064
116,0.027611,0.000061,0.000007,0.149432,0.000488,0.000008,0.000348,0.177962
120,0.020083,0.000052,0.000005,0.031534,0.000525,0.000010,0.003287,0.055507
137,0.012735,0.000048,0.000006,0.129467,0.000512,0.000010,0.003324,0.146113
110,0.023704,0.000043,0.000006,0.121535,0.000385,0.000006,0.004704,0.150391
138,0.011939,0.000055,0.000004,0.031627,0.000452,0.000009,0.003382,0.047476
129,0.010999,0.000050,0.000005,0.103786,0.000371,0.000005,0.001664,0.116887
114,0.022189,0.000044,0.000004,0.135304,0.000363,0.000004,0.006024,0.163939
129,0.015287,0.000064,0.000005,0.156627,0.000592,0.000011,0.002393,0.174987
122,0.012296,0.000052,0.000005,0.196693,0.000519,0.000012,0.000401,0.209986
115,0.022760,0.000063,0.000006,0.189382,0.000635,0.000011,0.001362,0.214226
160,0.012327,0.000053,0.000007,0.218589,0.000481,0.000009,0.002639,0.234114
123,0.024419,0.000052,0.000005,0.153923,0.000385,0.000005,0.003385,0.182179
104,0.015250,0.000057,0.000004,0.131703,0.000435,0.000006,0.032155,0.179622
115,0.019576,0.000052,0.000004,0.041185,0.000490,0.000010,0.008197,0.069524
123,0.015813,0.000054,0.000005,0.035494,0.000587,0.000011,0.000477,0.052448
116,0.022978,0.000061,0.000007,0.022818,0.000484,0.000013,0.001399,0.047770
94,0.023455,0.000073,0.000007,0.177321,0.000549,0.000008,0.001284,0.202706
124,0.018963,0.000043,0.000003,0.025962,0.000342,0.000005,0.003637,0.048963
117,0.033906,0.000098,0.000019,0.143098,0.000489,0.000008,0.000335,0.177957
111,0.018237,0.000047,0.000004,0.139252,0.000411,0.000006,0.004848,0.162814
130,0.011705,0.000047,0.000006,0.113239,0.000364,0.000006,0.002179,0.127553
121,0.020220,0.000055,0.000006,0.163988,0.000653,0.000012,0.003818,0.188763
139,0.011685,0.000053,0.000005,0.159816,0.000460,0.000007,0.003254,0.175290
112,0.019597,0.000049,0.000004,0.035689,0.000387,0.000005,0.004935,0.060675
130,0.014959,0.000062,0.000008,0.155464,0.000476,0.000010,0.002377,0.173365
140,0.010186,0.000044,0.000004,0.012553,0.000411,0.000009,0.002982,0.026199
161,0.010157,0.000044,0.000007,0.169375,0.000347,0.000005,0.001809,0.181750
131,0.011710,0.000053,0.000006,0.025665,0.000476,0.000008,0.002283,0.040211
95,0.026650,0.000049,0.000005,0.129739,0.000403,0.000008,0.001116,0.157979
105,0.016674,0.000071,0.000007,0.161792,0.000487,0.000008,0.007652,0.186705
131,0.010578,0.000039,0.000005,0.109805,0.000489,0.000010,0.001760,0.122693
124,0.014960,0.000101,0.000008,0.167525,0.000700,0.000012,0.000507,0.183822
132,0.011154,0.000040,0.000004,0.012491,0.000381,0.000005,0.002217,0.026299
116,0.017096,0.000048,0.000005,0.179436,0.000768,0.000014,0.009763,0.207142
125,0.017559,0.000037,0.000005,0.181414,0.000583,0.000009,0.005228,0.204844
118,0.020264,0.000050,0.000006,0.174652,0.000456,0.000008,0.000328,0.195771
117,0.022368,0.000056,0.000005,0.204452,0.000675,0.000017,0.001408,0.228995
113,0.018340,0.000040,0.000005,0.116846,0.000454,0.000005,0.005112,0.140811
162,0.010215,0.000042,0.000008,0.103007,0.000350,0.000005,0.002166,0.115801
122,0.028945,0.000065,0.000007,0.173691,0.000667,0.000012,0.005227,0.208629
126,0.019181,0.000048,0.000005,0.036249,0.000551,0.000010,0.004387,0.060443
118,0.020463,0.000057,0.000006,0.039677,0.000465,0.000008,0.001083,0.061767
141,0.011703,0.000046,0.000005,0.175300,0.000446,0.000009,0.003114,0.190632
133,0.011511,0.000042,0.000004,0.101911,0.000377,0.000005,0.001846,0.115707
125,0.018124,0.000088,0.000010,0.139324,0.000474,0.000009,0.000361,0.158395
132,0.010655,0.000044,0.000004,0.195218,0.000490,0.000008,0.002103,0.208530
114,0.011068,0.000048,0.000004,0.097913,0.000375,0.000004,0.004822,0.114243
96,0.020991,0.000055,0.000005,0.175643,0.000499,0.000011,0.001279,0.198491
106,0.013297,0.000051,0.000006,0.177587,0.000763,0.000013,0.008508,0.200240
163,0.010994,0.000042,0.000007,0.113979,0.000385,0.000006,0.002101,0.127523
117,0.021665,0.000049,0.000006,0.157931,0.000727,0.000011,0.008746,0.189169
119,0.026764,0.000088,0.000013,0.146087,0.000588,0.000011,0.000359,0.173917
97,0.018533,0.000062,0.000005,0.020938,0.000500,0.000008,0.001134,0.041188
123,0.015150,0.000049,0.000005,0.145552,0.000539,0.000006,0.003452,0.164773
164,0.010423,0.000041,0.000007,0.036753,0.000487,0.000006,0.002293,0.050018
118,0.025929,0.000096,0.000019,0.019798,0.000477,0.000009,0.008720,0.055057
142,0.015373,0.000049,0.000005,0.132922,0.000554,0.000012,0.003741,0.152668
127,0.020980,0.000047,0.000005,0.153169,0.000379,0.000004,0.003521,0.178113
124,0.020847,0.000068,0.000006,0.030463,0.000443,0.000008,0.003313,0.055160
119,0.022689,0.000053,0.000006,0.179046,0.000555,0.000010,0.001759,0.204129
98,0.032998,0.000062,0.000008,0.062431,0.000787,0.000013,0.001371,0.097676
107,0.014246,0.000047,0.000004,0.119946,0.000336,0.000006,0.004634,0.139226
134,0.015812,0.000058,0.000005,0.179777,0.000483,0.000011,0.002661,0.198816
126,0.012320,0.000086,0.000009,0.168057,0.000443,0.000010,0.000348,0.181280
133,0.012255,0.000051,0.000005,0.152937,0.000433,0.000007,0.002213,0.167913
115,0.014694,0.000047,0.000003,0.166754,0.000442,0.000006,0.004540,0.186497
120,0.026930,0.000062,0.000009,0.155145,0.000541,0.000011,0.000337,0.183041
108,0.010695,0.000039,0.000005,0.085419,0.000319,0.000004,0.003885,0.100374
165,0.013197,0.000070,0.000014,0.165385,0.000716,0.000017,0.005615,0.185028
119,0.019612,0.000083,0.000012,0.148421,0.000467,0.000011,0.009207,0.177830
109,0.010608,0.000044,0.000005,0.011727,0.000344,0.000005,0.004421,0.027163
134,0.012935,0.000060,0.000005,0.102693,0.000448,0.000007,0.002264,0.118424
143,0.021753,0.000127,0.000021,0.158416,0.000435,0.000008,0.003005,0.183775
116,0.015250,0.000045,0.000004,0.096401,0.000378,0.000004,0.004428,0.116517
125,0.012419,0.000048,0.000005,0.156106,0.000746,0.000012,0.004142,0.173489
99,0.025923,0.000069,0.000005,0.135741,0.000410,0.000006,0.001092,0.163258
135,0.014004,0.000068,0.000006,0.158243,0.000604,0.000013,0.002879,0.175830
127,0.011746,0.000054,0.000005,0.161577,0.000439,0.000009,0.000379,0.174212
120,0.027505,0.000060,0.000006,0.036513,0.000608,0.000014,0.008564,0.073280
166,0.016132,0.000058,0.000009,0.067188,0.000512,0.000008,0.002681,0.086598
120,0.022468,0.000048,0.000006,0.186404,0.000800,0.000017,0.002284,0.212038
136,0.018283,0.000060,0.000006,0.059166,0.000491,0.000009,0.002378,0.080400
121,0.021265,0.000055,0.000007,0.168796,0.000523,0.000010,0.000351,0.191013
117,0.018082,0.000044,0.000004,0.100720,0.000369,0.000005,0.004909,0.124140
144,0.011469,0.000051,0.000006,0.125598,0.000548,0.000017,0.004883,0.142587
135,0.016573,0.000068,0.000008,0.137805,0.000459,0.000007,0.002182,0.157110
126,0.017682,0.000050,0.000029,0.113845,0.000369,0.000004,0.002325,0.134311
110,0.009954,0.000043,0.000006,0.163084,0.000515,0.000010,0.005891,0.179512
122,0.022809,0.000052,0.000008,0.023834,0.000433,0.000011,0.000315,0.047467
100,0.025969,0.000063,0.000007,0.177477,0.000453,0.000008,0.001173,0.205156
121,0.022185,0.000054,0.000007,0.154481,0.000600,0.000010,0.007938,0.185284
167,0.011978,0.000051,0.000007,0.171896,0.000683,0.000012,0.002872,0.187522
127,0.018647,0.000046,0.000004,0.088863,0.000370,0.000004,0.002336,0.110280
101,0.017428,0.000044,0.000005,0.035609,0.000421,0.000007,0.001124,0.054647
118,0.017383,0.000043,0.000005,0.118482,0.000556,0.000005,0.004753,0.141245
121,0.037011,0.000081,0.000010,0.186090,0.000412,0.000007,0.001010,0.224627
137,0.012407,0.000052,0.000005,0.155683,0.000449,0.000010,0.003183,0.171799
122,0.022107,0.000060,0.000007,0.030301,0.000502,0.000010,0.007617,0.060614
128,0.020389,0.000051,0.000005,0.047802,0.000439,0.000009,0.005923,0.074626
145,0.014594,0.000043,0.000004,0.160332,0.000457,0.000008,0.003052,0.178504
123,0.020106,0.000052,0.000007,0.128398,0.000494,0.000010,0.000367,0.149439
136,0.013128,0.000074,0.000009,0.158925,0.000513,0.000018,0.004863,0.177544
111,0.011642,0.000058,0.000005,0.146850,0.000441,0.000008,0.005660,0.164672
102,0.023738,0.000051,0.000005,0.029174,0.000417,0.000009,0.001063,0.054466
122,0.020006,0.000053,0.000005,0.091855,0.000301,0.000004,0.000745,0.112977
119,0.019254,0.000055,0.000005,0.109025,0.000348,0.000005,0.004987,0.133687
168,0.012790,0.000050,0.000009,0.181516,0.000591,0.000012,0.004652,0.199633
138,0.017281,0.000086,0.000008,0.141421,0.000437,0.000009,0.002374,0.161626
123,0.021597,0.000055,0.000005,0.128540,0.000348,0.000005,0.005717,0.156275
129,0.010163,0.000047,0.000005,0.150154,0.000505,0.000008,0.005877,0.166767
146,0.009900,0.000042,0.000004,0.134968,0.000800,0.000024,0.007054,0.152804
169,0.012759,0.000065,0.000009,0.020134,0.000460,0.000010,0.003730,0.037179
137,0.015256,0.000066,0.000009,0.152209,0.000588,0.000013,0.002466,0.170621
112,0.010440,0.000052,0.000005,0.147108,0.000456,0.000008,0.005147,0.163223
103,0.019336,0.000057,0.000006,0.154893,0.000420,0.000008,0.001183,0.175910
130,0.016459,0.000061,0.000005,0.025161,0.000451,0.000010,0.006587,0.048743
123,0.016098,0.000055,0.000004,0.098886,0.000352,0.000006,0.000747,0.116152
124,0.049987,0.000056,0.000012,0.145998,0.000472,0.000024,0.000379,0.196935
104,0.018942,0.000046,0.000005,0.025300,0.000377,0.000007,0.001057,0.045743
124,0.017608,0.000036,0.000003,0.023082,0.000334,0.000005,0.000779,0.041851
124,0.014840,0.000042,0.000004,0.085991,0.000301,0.000004,0.004966,0.106153
120,0.013330,0.000057,0.000006,0.134878,0.000406,0.000004,0.004241,0.152930
113,0.009731,0.000043,0.000008,0.094365,0.000333,0.000005,0.003379,0.107871
147,0.016874,0.000042,0.000004,0.124401,0.000366,0.000007,0.002648,0.144350
121,0.015942,0.000048,0.000005,0.027229,0.000317,0.000004,0.004020,0.047571
125,0.020973,0.000056,0.000008,0.082708,0.000318,0.000004,0.000217,0.104286
131,0.011020,0.000052,0.000005,0.087165,0.000324,0.000006,0.004993,0.103572
139,0.010466,0.000052,0.000006,0.159420,0.000416,0.000008,0.001993,0.172369
170,0.013051,0.000050,0.000006,0.132449,0.000466,0.000009,0.003000,0.149037
138,0.013972,0.000053,0.000004,0.123784,0.000391,0.000009,0.001846,0.140066
125,0.016791,0.000043,0.000004,0.083137,0.000359,0.000005,0.005586,0.105931
125,0.015948,0.000036,0.000004,0.093238,0.000331,0.000006,0.000692,0.110259
105,0.018800,0.000049,0.000005,0.122697,0.000430,0.000009,0.001231,0.143229
114,0.009617,0.000040,0.000004,0.085810,0.000381,0.000005,0.003811,0.099674
122,0.019499,0.000043,0.000004,0.081882,0.000334,0.000005,0.004318,0.106093
126,0.016310,0.000040,0.000005,0.090280,0.000335,0.000005,0.000221,0.107199
106,0.015690,0.000042,0.000004,0.021441,0.000388,0.000007,0.001073,0.038655
132,0.010427,0.000047,0.000004,0.100746,0.000355,0.000006,0.005957,0.117551
127,0.015935,0.000038,0.000005,0.013412,0.000299,0.000005,0.000252,0.029950
148,0.009831,0.000042,0.000005,0.143333,0.000437,0.000008,0.002825,0.156490
126,0.013415,0.000039,0.000005,0.083705,0.000303,0.000005,0.000781,0.098261
139,0.012904,0.000050,0.000005,0.122663,0.000401,0.000010,0.002895,0.138943
171,0.010496,0.000048,0.000007,0.130240,0.000493,0.000012,0.002821,0.144128
126,0.017319,0.000039,0.000005,0.092512,0.000328,0.000004,0.005500,0.115715
140,0.010776,0.000048,0.000008,0.160449,0.000454,0.000010,0.002267,0.174021
115,0.009341,0.000037,0.000004,0.093887,0.000513,0.000006,0.005027,0.108825
172,0.015117,0.000051,0.000007,0.025895,0.000481,0.000011,0.003063,0.044634
127,0.016151,0.000041,0.000004,0.043393,0.000386,0.000006,0.005592,0.065579
140,0.017230,0.000074,0.000009,0.063083,0.000492,0.000007,0.002096,0.082999
123,0.016929,0.000043,0.000004,0.100974,0.000372,0.000004,0.005016,0.123349
127,0.015051,0.000045,0.000004,0.079657,0.000289,0.000005,0.000692,0.095748
141,0.010818,0.000048,0.000004,0.012719,0.000403,0.000009,0.002128,0.026136
149,0.009794,0.000045,0.000004,0.118821,0.000397,0.000007,0.002549,0.131626
133,0.012325,0.000057,0.000005,0.143316,0.000327,0.000005,0.004274,0.160317
107,0.019463,0.000054,0.000005,0.159964,0.000428,0.000009,0.001135,0.181065
116,0.012196,0.000052,0.000005,0.114681,0.000443,0.000009,0.004615,0.132007
141,0.011976,0.000051,0.000006,0.130808,0.000470,0.000009,0.002686,0.146016
173,0.009959,0.000043,0.000008,0.115477,0.000429,0.000012,0.002692,0.128626
124,0.020539,0.000040,0.000003,0.087098,0.000342,0.000005,0.004694,0.112727
134,0.009967,0.000034,0.000004,0.088781,0.000338,0.000006,0.005108,0.104244
125,0.016531,0.000043,0.000004,0.021161,0.000326,0.000004,0.004524,0.042598
142,0.010157,0.000048,0.000004,0.133598,0.000442,0.000008,0.002029,0.146294
126,0.016605,0.000046,0.000004,0.013656,0.000306,0.000004,0.003819,0.034446
150,0.010373,0.000042,0.000004,0.145253,0.000570,0.000007,0.002888,0.159156
117,0.011377,0.000044,0.000004,0.119404,0.000395,0.000005,0.003630,0.134864
142,0.014646,0.000059,0.000005,0.120848,0.000462,0.000008,0.002146,0.138182
108,0.031757,0.000050,0.000005,0.148023,0.000453,0.000010,0.001332,0.181636
118,0.008292,0.000038,0.000004,0.007330,0.000330,0.000005,0.003256,0.019261
135,0.010562,0.000049,0.000005,0.074650,0.000333,0.000006,0.004632,0.090242
174,0.014590,0.000070,0.000007,0.141036,0.000416,0.000009,0.002935,0.159072
143,0.013107,0.000036,0.000003,0.023750,0.000453,0.000009,0.002691,0.040058
127,0.013262,0.000042,0.000004,0.068427,0.000313,0.000004,0.003826,0.085885
175,0.012864,0.000079,0.000007,0.018888,0.000319,0.000004,0.001869,0.034036
144,0.014239,0.000046,0.000004,0.020327,0.000337,0.000007,0.002096,0.037064
143,0.011393,0.000046,0.000004,0.133366,0.000389,0.000007,0.001907,0.147119
119,0.009146,0.000036,0.000004,0.090901,0.000369,0.000004,0.003504,0.103969
151,0.011750,0.000048,0.000006,0.141635,0.000566,0.000010,0.003453,0.157476
136,0.010922,0.000046,0.000004,0.126461,0.000427,0.000008,0.005575,0.143453
176,0.009100,0.000045,0.000005,0.093830,0.000343,0.000005,0.002249,0.105584
109,0.027230,0.000040,0.000005,0.144637,0.000428,0.000008,0.001089,0.173445
177,0.011404,0.000039,0.000006,0.020087,0.000338,0.000004,0.001768,0.033653
120,0.009160,0.000037,0.000004,0.082258,0.000462,0.000004,0.003505,0.095447
144,0.010805,0.000043,0.000004,0.119105,0.000508,0.000010,0.001574,0.132055
145,0.010855,0.000050,0.000004,0.131404,0.000367,0.000007,0.004945,0.147642
152,0.012593,0.000038,0.000005,0.098175,0.000671,0.000016,0.004196,0.115707
146,0.011276,0.000048,0.000005,0.010994,0.000363,0.000007,0.002042,0.024742
145,0.012686,0.000048,0.000005,0.031077,0.000671,0.000014,0.002337,0.046844
178,0.010163,0.000042,0.000006,0.079549,0.000327,0.000004,0.001798,0.091894
121,0.009533,0.000039,0.000004,0.077123,0.000323,0.000004,0.003546,0.090578
137,0.009060,0.000042,0.000005,0.140178,0.000402,0.000008,0.005374,0.155079
179,0.009892,0.000039,0.000005,0.029185,0.000293,0.000005,0.001802,0.041227
110,0.018156,0.000047,0.000004,0.140136,0.000460,0.000008,0.001106,0.159926
146,0.009136,0.000043,0.000005,0.085264,0.000330,0.000007,0.001129,0.095920
147,0.010875,0.000050,0.000004,0.112290,0.000399,0.000008,0.002030,0.125664
153,0.012186,0.000051,0.000005,0.139071,0.000907,0.000021,0.007701,0.159957
122,0.009122,0.000036,0.000004,0.088760,0.000358,0.000005,0.003594,0.101884
147,0.009633,0.000040,0.000005,0.030443,0.000562,0.000005,0.001409,0.042106
148,0.008561,0.000039,0.000007,0.007582,0.000336,0.000006,0.001385,0.017922
180,0.007871,0.000036,0.000006,0.097395,0.000288,0.000005,0.001713,0.107320
123,0.008804,0.000038,0.000004,0.026597,0.000369,0.000004,0.003469,0.039291
111,0.018748,0.000047,0.000006,0.085288,0.000322,0.000006,0.000781,0.105203
138,0.010701,0.000046,0.000004,0.143316,0.000414,0.000010,0.006408,0.160908
181,0.010232,0.000037,0.000005,0.017710,0.000305,0.000004,0.001846,0.030144
139,0.011732,0.000045,0.000005,0.010716,0.000343,0.000008,0.005223,0.028080
149,0.009621,0.000036,0.000004,0.079187,0.000323,0.000005,0.001314,0.090495
148,0.011648,0.000049,0.000005,0.142008,0.000598,0.000009,0.002276,0.156608
154,0.013788,0.000059,0.000037,0.113319,0.000616,0.000011,0.007069,0.134912
124,0.009577,0.000038,0.000004,0.088862,0.000358,0.000004,0.003164,0.102014
182,0.008656,0.000033,0.000006,0.073279,0.000329,0.000007,0.001736,0.084051
155,0.011352,0.000056,0.000007,0.008927,0.000403,0.000008,0.003935,0.024700
149,0.011157,0.000046,0.000006,0.023908,0.000399,0.000008,0.002091,0.037624
150,0.008863,0.000048,0.000005,0.068168,0.000299,0.000004,0.001027,0.078419
150,0.010997,0.000045,0.000005,0.019864,0.000394,0.000007,0.002021,0.033339
112,0.015196,0.000036,0.000004,0.145031,0.000292,0.000005,0.000745,0.161312
113,0.013052,0.000038,0.000004,0.007000,0.000293,0.000005,0.000740,0.021137
125,0.008733,0.000035,0.000003,0.073918,0.000278,0.000005,0.003463,0.086440
140,0.010202,0.000045,0.000004,0.125538,0.000398,0.000006,0.005493,0.141697
183,0.009865,0.000035,0.000005,0.078230,0.000307,0.000004,0.001769,0.090219
126,0.008715,0.000042,0.000004,0.019538,0.000329,0.000004,0.003396,0.032034
156,0.016173,0.000056,0.000006,0.100436,0.000409,0.000007,0.003265,0.120359
151,0.008501,0.000036,0.000004,0.105605,0.000514,0.000008,0.001650,0.116323
114,0.015482,0.000040,0.000004,0.070077,0.000397,0.000004,0.000814,0.086826
151,0.009526,0.000043,0.000004,0.104228,0.000409,0.000007,0.002074,0.116299
157,0.011194,0.000046,0.000004,0.027465,0.000441,0.000008,0.002586,0.041754
115,0.015560,0.000044,0.000003,0.022706,0.000315,0.000004,0.000771,0.039408
127,0.007512,0.000033,0.000003,0.090261,0.000309,0.000004,0.003005,0.101132
141,0.008988,0.000040,0.000004,0.117154,0.000308,0.000004,0.003959,0.130464
184,0.009055,0.000036,0.000005,0.115881,0.000586,0.000008,0.001788,0.127370
152,0.010366,0.000044,0.000004,0.077925,0.000366,0.000005,0.001302,0.090026
185,0.010906,0.000041,0.000011,0.021662,0.000358,0.000004,0.002024,0.035014
116,0.015089,0.000035,0.000004,0.079653,0.000275,0.000005,0.000754,0.095818
142,0.008734,0.000035,0.000004,0.074204,0.000278,0.000005,0.003993,0.087258
152,0.010796,0.000046,0.000004,0.137197,0.000452,0.000008,0.002327,0.150836
158,0.014923,0.000073,0.000009,0.126285,0.000810,0.000022,0.004773,0.146905
153,0.009962,0.000043,0.000004,0.078834,0.000326,0.000005,0.001202,0.090382
186,0.009418,0.000039,0.000007,0.069747,0.000271,0.000005,0.001698,0.081191
159,0.011844,0.000045,0.000004,0.016146,0.000743,0.000023,0.003005,0.031819
117,0.017210,0.000042,0.000004,0.064538,0.000339,0.000004,0.000754,0.082897
160,0.010131,0.000040,0.000004,0.010643,0.000367,0.000008,0.002639,0.023839
143,0.008566,0.000036,0.000003,0.077903,0.000340,0.000007,0.004622,0.091485
154,0.007382,0.000033,0.000003,0.062466,0.000280,0.000005,0.001140,0.071312
153,0.011260,0.000046,0.000004,0.092946,0.000361,0.000006,0.001856,0.106484
187,0.008802,0.000034,0.000005,0.094807,0.000328,0.000005,0.001693,0.105680
118,0.013148,0.000031,0.000003,0.064912,0.000316,0.000004,0.000716,0.079135
161,0.009986,0.000032,0.000003,0.071999,0.000333,0.000005,0.002110,0.084474
144,0.008649,0.000037,0.000004,0.078827,0.000335,0.000005,0.004934,0.092799
155,0.007916,0.000044,0.000005,0.073483,0.000322,0.000005,0.001234,0.083014
154,0.009382,0.000038,0.000004,0.071866,0.000338,0.000005,0.001929,0.083568
188,0.008956,0.000037,0.000005,0.072783,0.000344,0.000005,0.001729,0.083863
119,0.014954,0.000044,0.000005,0.082036,0.000336,0.000005,0.000879,0.098264
145,0.009853,0.000043,0.000004,0.077654,0.000298,0.000004,0.004949,0.092812
156,0.010310,0.000038,0.000004,0.076788,0.000317,0.000004,0.001259,0.088727
162,0.015243,0.000035,0.000004,0.097338,0.000294,0.000005,0.001981,0.114904
189,0.008931,0.000045,0.000005,0.072247,0.000297,0.000005,0.001816,0.083352
163,0.009806,0.000041,0.000004,0.019260,0.000320,0.000005,0.002187,0.031632
155,0.009233,0.000037,0.000004,0.098627,0.000334,0.000006,0.002122,0.110369
164,0.008806,0.000036,0.000005,0.013246,0.000313,0.000004,0.002208,0.024624
146,0.007762,0.000034,0.000004,0.074054,0.000314,0.000005,0.004522,0.086702
120,0.015203,0.000037,0.000004,0.097777,0.000330,0.000005,0.000793,0.114152
157,0.009014,0.000043,0.000006,0.088609,0.000365,0.000005,0.001416,0.099462
190,0.009377,0.000036,0.000005,0.081655,0.000309,0.000004,0.001819,0.093212
156,0.008702,0.000034,0.000004,0.081738,0.000419,0.000011,0.002352,0.093270
147,0.010374,0.000038,0.000003,0.069928,0.000324,0.000005,0.004272,0.084950
165,0.009758,0.000039,0.000004,0.109031,0.000496,0.000012,0.003525,0.122875
191,0.009357,0.000038,0.000005,0.077536,0.000316,0.000006,0.001705,0.088968
158,0.012134,0.000049,0.000005,0.142756,0.000530,0.000011,0.002224,0.157720
148,0.009644,0.000035,0.000003,0.070801,0.000324,0.000006,0.004362,0.085181
121,0.030371,0.000050,0.000005,0.134970,0.000384,0.000008,0.000998,0.166791
157,0.012767,0.000058,0.000006,0.130359,0.000343,0.000006,0.002007,0.145555
159,0.011373,0.000052,0.000005,0.025274,0.000421,0.000008,0.001696,0.038836
166,0.012129,0.000048,0.000005,0.116640,0.000475,0.000010,0.003322,0.132637
149,0.019470,0.000055,0.000005,0.084894,0.000352,0.000006,0.004973,0.109767
158,0.010147,0.000043,0.000005,0.089730,0.000320,0.000006,0.001509,0.101764
122,0.022148,0.000040,0.000004,0.119518,0.000424,0.000008,0.001112,0.143263
160,0.008860,0.000042,0.000004,0.095410,0.000468,0.000010,0.002026,0.106828
150,0.008393,0.000035,0.000004,0.071243,0.000384,0.000005,0.003755,0.083834
167,0.011503,0.000047,0.000005,0.122723,0.000343,0.000006,0.002021,0.136654
159,0.009402,0.000035,0.000004,0.086866,0.000342,0.000005,0.001754,0.098412
151,0.016162,0.000040,0.000003,0.016669,0.000312,0.000006,0.004162,0.037360
123,0.019965,0.000049,0.000005,0.091705,0.000438,0.000009,0.001248,0.113426
161,0.013198,0.000079,0.000011,0.121595,0.000395,0.000008,0.001891,0.137184
124,0.019276,0.000044,0.000004,0.016763,0.000375,0.000009,0.001070,0.037548
168,0.008546,0.000036,0.000003,0.098897,0.000360,0.000007,0.002199,0.110055
160,0.007503,0.000036,0.000003,0.090622,0.000417,0.000009,0.002310,0.100908
152,0.008434,0.000037,0.000004,0.083245,0.000395,0.000007,0.004331,0.096458
125,0.024621,0.000052,0.000005,0.029703,0.000381,0.000008,0.001045,0.055822
128,0.013080,0.000037,0.000004,0.072432,0.000297,0.000004,0.006850,0.092709
169,0.009348,0.000039,0.000005,0.077070,0.000315,0.000006,0.002155,0.088945
162,0.010473,0.000043,0.000004,0.114243,0.000369,0.000008,0.001812,0.126960
153,0.013324,0.000035,0.000004,0.075434,0.000371,0.000006,0.004076,0.093257
163,0.011060,0.000045,0.000005,0.021980,0.000478,0.000007,0.002094,0.035678
161,0.011834,0.000048,0.000005,0.123321,0.000347,0.000005,0.001790,0.137355
129,0.009820,0.000037,0.000003,0.068614,0.000299,0.000004,0.005934,0.084720
162,0.007801,0.000033,0.000004,0.009528,0.000313,0.000005,0.001414,0.019105
170,0.007719,0.000036,0.000004,0.084542,0.000290,0.000006,0.001919,0.094520
126,0.018977,0.000043,0.000005,0.119310,0.000420,0.000009,0.001210,0.139980
163,0.007844,0.000037,0.000004,0.015627,0.000275,0.000005,0.001440,0.025237
154,0.009568,0.000040,0.000004,0.073184,0.000306,0.000006,0.004042,0.087156
164,0.008776,0.000039,0.000004,0.019951,0.000350,0.000005,0.001640,0.030773
130,0.008611,0.000034,0.000003,0.082584,0.000374,0.000004,0.005835,0.097452
171,0.008681,0.000033,0.000003,0.085397,0.000308,0.000005,0.002087,0.096518
155,0.008662,0.000036,0.000004,0.064116,0.000303,0.000005,0.004369,0.077501
165,0.009250,0.000041,0.000004,0.070239,0.000340,0.000005,0.001814,0.081700
164,0.012331,0.000039,0.000003,0.163046,0.000787,0.000012,0.001809,0.178041
127,0.028070,0.000052,0.000005,0.120563,0.000456,0.000008,0.001061,0.150223
128,0.012861,0.000050,0.000006,0.123337,0.000448,0.000010,0.000913,0.137629
131,0.008700,0.000035,0.000004,0.091442,0.000348,0.000005,0.011579,0.112124
172,0.008491,0.000034,0.000003,0.085788,0.000306,0.000005,0.001933,0.096567
156,0.007540,0.000034,0.000004,0.088276,0.000320,0.000005,0.004489,0.100673
132,0.009022,0.000033,0.000005,0.020267,0.000375,0.000005,0.006037,0.035750
173,0.013147,0.000053,0.000005,0.021414,0.000309,0.000004,0.002289,0.037227
166,0.009056,0.000038,0.000003,0.110133,0.000497,0.000009,0.002603,0.122348
129,0.009564,0.000044,0.000005,0.078526,0.000290,0.000006,0.000466,0.088904
165,0.013429,0.000060,0.000011,0.135972,0.000819,0.000021,0.002869,0.153187
130,0.009500,0.000038,0.000003,0.021604,0.000493,0.000008,0.001057,0.032709
157,0.015628,0.000037,0.000004,0.088903,0.000513,0.000007,0.005891,0.110993
133,0.009072,0.000035,0.000003,0.076310,0.000653,0.000006,0.006122,0.092209
166,0.011612,0.000078,0.000008,0.016580,0.000387,0.000005,0.001225,0.029900
174,0.008819,0.000036,0.000004,0.082541,0.000409,0.000005,0.002093,0.093922
167,0.017948,0.000049,0.000005,0.098323,0.000356,0.000005,0.001727,0.118419
175,0.008991,0.000041,0.000005,0.031682,0.000298,0.000005,0.001968,0.042995
158,0.009459,0.000034,0.000004,0.065752,0.000302,0.000005,0.004478,0.080040
134,0.008370,0.000035,0.000003,0.064788,0.000275,0.000004,0.006016,0.079496
167,0.007854,0.000070,0.000006,0.069685,0.000297,0.000004,0.001013,0.078935
168,0.008807,0.000035,0.000003,0.018353,0.000329,0.000006,0.001531,0.029069
131,0.012037,0.000066,0.000005,0.086072,0.000298,0.000006,0.000512,0.098999
176,0.008488,0.000038,0.000004,0.070347,0.000323,0.000005,0.002145,0.081356
159,0.008582,0.000033,0.000003,0.071651,0.000315,0.000006,0.004320,0.084916
168,0.008875,0.000036,0.000003,0.074880,0.000301,0.000005,0.001300,0.085404
135,0.008461,0.000035,0.000003,0.077303,0.000394,0.000004,0.006570,0.092782
169,0.008906,0.000040,0.000003,0.075194,0.000479,0.000013,0.002314,0.086958
132,0.008006,0.000037,0.000004,0.074203,0.000305,0.000005,0.000485,0.083049
160,0.009138,0.000055,0.000004,0.009108,0.000326,0.000006,0.004204,0.022846
133,0.008598,0.000035,0.000003,0.018885,0.000332,0.000005,0.000554,0.028418
170,0.011832,0.000048,0.000006,0.025525,0.000473,0.000009,0.002362,0.040264
177,0.008889,0.000035,0.000003,0.072760,0.000297,0.000004,0.002160,0.084154
136,0.008129,0.000031,0.000004,0.059777,0.000287,0.000004,0.005185,0.073423
169,0.008844,0.000037,0.000003,0.072077,0.000323,0.000005,0.001231,0.082527
178,0.008371,0.000039,0.000003,0.018649,0.000317,0.000004,0.002095,0.029484
171,0.012026,0.000051,0.000005,0.035611,0.000452,0.000010,0.002483,0.050647
179,0.009003,0.000036,0.000004,0.016767,0.000294,0.000005,0.002186,0.028301
161,0.009504,0.000035,0.000004,0.086296,0.000416,0.000005,0.004317,0.100582
134,0.008488,0.000036,0.000003,0.085282,0.000325,0.000006,0.000537,0.094680
180,0.008695,0.000037,0.000024,0.014615,0.000320,0.000005,0.002230,0.025931
137,0.007798,0.000034,0.000004,0.072397,0.000354,0.000004,0.005586,0.086183
170,0.012475,0.000039,0.000004,0.080402,0.000336,0.000005,0.001258,0.094523
162,0.010343,0.000043,0.000004,0.067438,0.000289,0.000004,0.004269,0.082396
181,0.008752,0.000038,0.000003,0.077187,0.000363,0.000005,0.002125,0.088479
135,0.010749,0.000044,0.000005,0.100856,0.000342,0.000008,0.000624,0.112634
182,0.015252,0.000035,0.000004,0.006276,0.000274,0.000005,0.001754,0.023604
172,0.011380,0.000051,0.000006,0.150063,0.000498,0.000009,0.002295,0.164311
138,0.012505,0.000049,0.000004,0.087695,0.000335,0.000004,0.005237,0.105834
171,0.008312,0.000040,0.000005,0.081482,0.000311,0.000006,0.001183,0.091344
163,0.010243,0.000041,0.000004,0.069384,0.000293,0.000005,0.003968,0.083944
183,0.008279,0.000032,0.000003,0.070499,0.000309,0.000005,0.001911,0.081044
172,0.008833,0.000037,0.000004,0.062221,0.000270,0.000004,0.001168,0.072540
139,0.008150,0.000035,0.000004,0.067936,0.000268,0.000004,0.004994,0.081396
164,0.013538,0.000039,0.000003,0.064361,0.000297,0.000005,0.004027,0.082276
136,0.010787,0.000042,0.000004,0.112349,0.000369,0.000008,0.000696,0.124261
173,0.010307,0.000043,0.000005,0.113375,0.000376,0.000007,0.002055,0.126174
174,0.009696,0.000045,0.000005,0.010083,0.000386,0.000009,0.002093,0.022324
184,0.007194,0.000030,0.000003,0.065753,0.000284,0.000005,0.001812,0.075086
173,0.008035,0.000033,0.000004,0.065659,0.000285,0.000004,0.001169,0.075195
140,0.008203,0.000033,0.000004,0.062335,0.000274,0.000005,0.005209,0.076067
137,0.021993,0.000128,0.000012,0.030193,0.000765,0.000013,0.001100,0.054219
174,0.008094,0.000031,0.000003,0.015784,0.000259,0.000004,0.001161,0.025341
165,0.008362,0.000041,0.000003,0.065582,0.000301,0.000005,0.003730,0.078031
185,0.008002,0.000034,0.000004,0.068262,0.000267,0.000005,0.001899,0.078478
141,0.014362,0.000035,0.000004,0.047696,0.000276,0.000005,0.005403,0.067785
175,0.011430,0.000042,0.000004,0.084455,0.000285,0.000004,0.001420,0.097644
186,0.007670,0.000031,0.000003,0.008847,0.000339,0.000005,0.002280,0.019181
175,0.008151,0.000035,0.000004,0.069732,0.000303,0.000005,0.001142,0.079376
166,0.008564,0.000036,0.000004,0.066973,0.000349,0.000005,0.003842,0.079778
142,0.007922,0.000032,0.000003,0.017571,0.000299,0.000004,0.004949,0.030784
138,0.011843,0.000043,0.000004,0.108122,0.000458,0.000011,0.000898,0.121385
176,0.008483,0.000037,0.000004,0.025390,0.000287,0.000005,0.001143,0.035353
176,0.008735,0.000038,0.000004,0.065790,0.000309,0.000005,0.001600,0.076485
187,0.009389,0.000038,0.000004,0.065621,0.000298,0.000004,0.002206,0.077565
167,0.008200,0.000048,0.000003,0.061561,0.000269,0.000005,0.004182,0.074277
143,0.008264,0.000040,0.000003,0.074708,0.000432,0.000008,0.007649,0.091111
177,0.012688,0.000041,0.000003,0.071953,0.000358,0.000004,0.001223,0.086274
144,0.011193,0.000042,0.000005,0.016481,0.000443,0.000008,0.007710,0.035891
177,0.008425,0.000033,0.000004,0.066826,0.000297,0.000006,0.001613,0.077208
139,0.011170,0.000051,0.000004,0.110121,0.000363,0.000005,0.000498,0.122215
188,0.009877,0.000039,0.000004,0.073819,0.000304,0.000004,0.001979,0.086030
168,0.008178,0.000035,0.000003,0.076691,0.000313,0.000005,0.003867,0.089097
178,0.008331,0.000035,0.000003,0.016908,0.000329,0.000007,0.001452,0.027068
140,0.008739,0.000042,0.000004,0.016759,0.000278,0.000005,0.000524,0.026354
178,0.008825,0.000033,0.000003,0.062326,0.000293,0.000005,0.001065,0.072555
141,0.009812,0.000049,0.000005,0.010704,0.000285,0.000005,0.000498,0.021361
179,0.006927,0.000030,0.000003,0.006898,0.000278,0.000004,0.000932,0.015075
189,0.007222,0.000033,0.000003,0.049794,0.000251,0.000004,0.001759,0.059071
169,0.007110,0.000033,0.000003,0.049439,0.000248,0.000004,0.003737,0.060578
145,0.008930,0.000037,0.000004,0.079922,0.000329,0.000005,0.004841,0.094072
190,0.006802,0.000030,0.000003,0.006972,0.000267,0.000005,0.001900,0.015985
179,0.008333,0.000033,0.000003,0.059567,0.000277,0.000005,0.001379,0.069602
170,0.008072,0.000032,0.000003,0.016513,0.000301,0.000005,0.003988,0.028921
142,0.006522,0.000028,0.000003,0.057256,0.000306,0.000005,0.000452,0.064576
180,0.008835,0.000046,0.000005,0.070366,0.000305,0.000004,0.001251,0.080817
146,0.007645,0.000029,0.000003,0.061269,0.000272,0.000004,0.005124,0.074350
191,0.007671,0.000031,0.000004,0.058218,0.000270,0.000005,0.001823,0.068027
180,0.008015,0.000035,0.000003,0.064643,0.000263,0.000005,0.001485,0.074455
143,0.007911,0.000036,0.000003,0.066623,0.000301,0.000005,0.000483,0.075364
171,0.009198,0.000035,0.000004,0.077282,0.000486,0.000012,0.003716,0.090748
144,0.007706,0.000034,0.000003,0.015753,0.000277,0.000005,0.000530,0.024311
181,0.008446,0.000033,0.000003,0.066221,0.000318,0.000005,0.001146,0.076178
181,0.007166,0.000030,0.000003,0.061010,0.000371,0.000004,0.001300,0.069899
147,0.007959,0.000031,0.000003,0.073555,0.000281,0.000004,0.005446,0.087285
182,0.006824,0.000029,0.000004,0.005234,0.000280,0.000004,0.000999,0.013378
148,0.006898,0.000031,0.000003,0.007279,0.000264,0.000005,0.004341,0.018827
172,0.008021,0.000035,0.000003,0.060791,0.000314,0.000005,0.004213,0.073388
145,0.006747,0.000033,0.000003,0.067919,0.000271,0.000005,0.000619,0.075601
182,0.008534,0.000035,0.000003,0.066894,0.000329,0.000005,0.001338,0.077141
183,0.008354,0.000037,0.000004,0.058500,0.000377,0.000009,0.001744,0.069032
184,0.010708,0.000043,0.000003,0.007991,0.000328,0.000007,0.001583,0.020667
149,0.007999,0.000031,0.000004,0.062053,0.000294,0.000004,0.004592,0.074982
173,0.014373,0.000038,0.000003,0.055860,0.000267,0.000005,0.003719,0.074272
150,0.009988,0.000034,0.000003,0.011601,0.000296,0.000004,0.004735,0.026665
146,0.008746,0.000035,0.000003,0.062826,0.000282,0.000005,0.000507,0.072407
183,0.007889,0.000034,0.000003,0.053329,0.000285,0.000004,0.001541,0.063091
185,0.007478,0.000031,0.000003,0.065523,0.000286,0.000005,0.001032,0.074363
174,0.008755,0.000046,0.000003,0.065906,0.000312,0.000006,0.004257,0.079290
186,0.007547,0.000031,0.000003,0.009377,0.000253,0.000004,0.001061,0.018279
151,0.007899,0.000033,0.000003,0.051641,0.000260,0.000004,0.005284,0.065129
184,0.008726,0.000039,0.000003,0.054495,0.000294,0.000005,0.001411,0.064977
187,0.010127,0.000034,0.000004,0.005700,0.000306,0.000005,0.001120,0.017301
147,0.007601,0.000033,0.000003,0.064524,0.000272,0.000005,0.000479,0.072919
152,0.008199,0.000034,0.000003,0.007813,0.000290,0.000006,0.004940,0.021290
185,0.008234,0.000033,0.000003,0.015789,0.000272,0.000007,0.001392,0.025736
175,0.008081,0.000034,0.000004,0.066340,0.000302,0.000005,0.003638,0.078410
188,0.007507,0.000035,0.000003,0.066448,0.000284,0.000005,0.001013,0.075299
148,0.007517,0.000035,0.000004,0.066922,0.000268,0.000005,0.000492,0.075245
153,0.007562,0.000033,0.000004,0.069319,0.000288,0.000004,0.004353,0.081568
186,0.008701,0.000035,0.000004,0.061250,0.000290,0.000005,0.001545,0.071834
154,0.007821,0.000032,0.000002,0.008600,0.000260,0.000004,0.004773,0.021496
187,0.007907,0.000030,0.000003,0.011773,0.000303,0.000004,0.001384,0.021410
176,0.008091,0.000033,0.000003,0.064468,0.000321,0.000006,0.003832,0.076761
189,0.007474,0.000032,0.000003,0.058701,0.000256,0.000004,0.001013,0.067488
149,0.007417,0.000032,0.000004,0.061695,0.000251,0.000005,0.000466,0.069872
150,0.007272,0.000032,0.000003,0.016910,0.000273,0.000005,0.000484,0.024982
188,0.013518,0.000042,0.000003,0.049444,0.000294,0.000004,0.001311,0.064621
155,0.007802,0.000033,0.000004,0.061985,0.000255,0.000004,0.004689,0.074775
190,0.006236,0.000030,0.000003,0.048235,0.000247,0.000004,0.001010,0.055769
177,0.008011,0.000033,0.000003,0.057549,0.000286,0.000005,0.003567,0.069459
156,0.008586,0.000034,0.000004,0.007226,0.000268,0.000004,0.005111,0.021238
178,0.007247,0.000033,0.000003,0.013321,0.000283,0.000006,0.004009,0.024907
189,0.007658,0.000032,0.000003,0.053336,0.000248,0.000004,0.001377,0.062664
151,0.009220,0.000030,0.000003,0.064587,0.000278,0.000005,0.000488,0.074614
152,0.007338,0.000035,0.000003,0.013020,0.000252,0.000005,0.000443,0.021100
157,0.007675,0.000031,0.000003,0.063796,0.000296,0.000004,0.004711,0.076523
191,0.007776,0.000034,0.000003,0.075661,0.000464,0.000006,0.001073,0.085028
158,0.006511,0.000030,0.000011,0.004999,0.000243,0.000004,0.004219,0.016021
179,0.015822,0.000037,0.000003,0.050893,0.000262,0.000005,0.003325,0.070350
190,0.007392,0.000037,0.000003,0.053781,0.000251,0.000004,0.001318,0.062790
153,0.006145,0.000030,0.000003,0.046345,0.000253,0.000005,0.000442,0.053224
159,0.007765,0.000036,0.000003,0.054513,0.000271,0.000004,0.005005,0.067603
180,0.007572,0.000037,0.000003,0.055441,0.000264,0.000005,0.003499,0.066827
191,0.007659,0.000032,0.000004,0.059922,0.000301,0.000004,0.001381,0.069306
160,0.006494,0.000032,0.000003,0.011994,0.000273,0.000004,0.004524,0.023329
154,0.017712,0.000035,0.000003,0.059206,0.000268,0.000004,0.000458,0.077690
181,0.007327,0.000033,0.000003,0.061953,0.000312,0.000004,0.003910,0.073549
161,0.007694,0.000033,0.000003,0.048852,0.000259,0.000004,0.004894,0.061743
155,0.007399,0.000031,0.000003,0.060442,0.000332,0.000006,0.000465,0.068680
182,0.007931,0.000042,0.000004,0.049862,0.000256,0.000004,0.003203,0.061308
162,0.007660,0.000031,0.000004,0.049665,0.000294,0.000004,0.004195,0.061856
156,0.007634,0.000036,0.000003,0.049607,0.000269,0.000005,0.000435,0.057991
157,0.007171,0.000034,0.000004,0.010531,0.000252,0.000004,0.000464,0.018463
183,0.007120,0.000031,0.000003,0.053924,0.000276,0.000005,0.003414,0.064779
163,0.008183,0.000034,0.000003,0.054080,0.000398,0.000008,0.006114,0.068824
158,0.006967,0.000035,0.000003,0.049413,0.000287,0.000006,0.000496,0.057210
128,0.009516,0.000032,0.000004,0.005280,0.000299,0.000005,0.004812,0.019954
184,0.008479,0.000044,0.000004,0.053899,0.000265,0.000005,0.003626,0.066327
164,0.010323,0.000035,0.000004,0.061722,0.000281,0.000005,0.004983,0.077358
185,0.011460,0.000039,0.000004,0.012229,0.000310,0.000005,0.003996,0.028050
159,0.006620,0.000032,0.000003,0.065664,0.000264,0.000005,0.000468,0.073059
129,0.016828,0.000032,0.000003,0.052412,0.000270,0.000005,0.004504,0.074059
165,0.011963,0.000051,0.000004,0.049734,0.000357,0.000004,0.004224,0.066353
186,0.014143,0.000035,0.000003,0.054632,0.000266,0.000004,0.003406,0.072496
160,0.006589,0.000030,0.000002,0.056543,0.000381,0.000010,0.000489,0.064050
130,0.014081,0.000036,0.000004,0.056605,0.000292,0.000005,0.004307,0.075338
166,0.007532,0.000032,0.000003,0.052232,0.000261,0.000004,0.004369,0.064437
187,0.006632,0.000029,0.000003,0.049980,0.000258,0.000004,0.003083,0.059996
161,0.007706,0.000032,0.000004,0.063963,0.000266,0.000006,0.000435,0.072414
188,0.007440,0.000032,0.000003,0.007191,0.000253,0.000005,0.003330,0.018260
131,0.023678,0.000035,0.000004,0.050335,0.000290,0.000005,0.004403,0.078757
189,0.007102,0.000033,0.000004,0.011987,0.000286,0.000005,0.003379,0.022802
167,0.007938,0.000035,0.000003,0.051785,0.000260,0.000004,0.004260,0.064291
162,0.006170,0.000030,0.000003,0.053928,0.000284,0.000004,0.000448,0.060870
190,0.013748,0.000032,0.000003,0.018298,0.000267,0.000005,0.003231,0.035589
191,0.007304,0.000034,0.000004,0.006348,0.000277,0.000005,0.003391,0.017368
132,0.014346,0.000034,0.000004,0.051020,0.000263,0.000006,0.004165,0.069844
168,0.006292,0.000028,0.000003,0.049348,0.000235,0.000004,0.003962,0.059877
163,0.007563,0.000033,0.000003,0.062595,0.000260,0.000005,0.000422,0.070884
133,0.008037,0.000035,0.000004,0.052918,0.000248,0.000005,0.004177,0.065431
164,0.007086,0.000035,0.000003,0.016370,0.000299,0.000006,0.000434,0.024235
169,0.007690,0.000030,0.000002,0.053582,0.000278,0.000004,0.004696,0.066286
165,0.007923,0.000037,0.000004,0.064554,0.000286,0.000005,0.000588,0.073400
134,0.014134,0.000035,0.000004,0.057251,0.000423,0.000010,0.006216,0.078083
170,0.007518,0.000031,0.000003,0.052751,0.000310,0.000004,0.004241,0.064863
166,0.007928,0.000033,0.000003,0.060023,0.000285,0.000005,0.000450,0.068729
171,0.007818,0.000035,0.000004,0.056912,0.000267,0.000004,0.004639,0.069684
135,0.017358,0.000041,0.000005,0.062792,0.000275,0.000005,0.004305,0.084789
167,0.007576,0.000035,0.000004,0.016367,0.000294,0.000005,0.000440,0.024724
172,0.007383,0.000030,0.000003,0.053181,0.000263,0.000004,0.004555,0.065423
168,0.006104,0.000033,0.000003,0.057648,0.000284,0.000005,0.000432,0.064511
136,0.013160,0.000033,0.000004,0.061682,0.000426,0.000014,0.005033,0.080371
173,0.007046,0.000030,0.000003,0.024789,0.000291,0.000004,0.004360,0.036529
137,0.014113,0.000033,0.000005,0.012155,0.000256,0.000005,0.003962,0.030534
169,0.007402,0.000034,0.000003,0.047793,0.000235,0.000005,0.000418,0.055893
174,0.007443,0.000028,0.000003,0.049933,0.000260,0.000004,0.004080,0.061756
138,0.008128,0.000030,0.000003,0.045827,0.000256,0.000004,0.003843,0.058095
139,0.012132,0.000030,0.000004,0.003978,0.000228,0.000004,0.003449,0.019828
170,0.007876,0.000031,0.000003,0.057052,0.000258,0.000006,0.000406,0.065635
175,0.008127,0.000032,0.000003,0.050622,0.000252,0.000004,0.004416,0.063473
140,0.013061,0.000031,0.000004,0.045706,0.000285,0.000004,0.003725,0.062820
171,0.005967,0.000033,0.000003,0.055054,0.000241,0.000004,0.000377,0.061682
176,0.006770,0.000028,0.000002,0.046400,0.000253,0.000004,0.004434,0.057895
177,0.007440,0.000051,0.000003,0.006403,0.000252,0.000004,0.003911,0.018069
178,0.006130,0.000030,0.000003,0.010367,0.000237,0.000004,0.003527,0.020303
141,0.013477,0.000033,0.000004,0.049280,0.000262,0.000004,0.003680,0.066744
172,0.007726,0.000032,0.000003,0.067742,0.000307,0.000014,0.000462,0.076293
179,0.006871,0.000029,0.000003,0.011860,0.000228,0.000004,0.003930,0.022929
142,0.011432,0.000031,0.000004,0.005602,0.000237,0.000004,0.003443,0.020756
173,0.008042,0.000033,0.000004,0.010207,0.000254,0.000005,0.000425,0.018972
180,0.007238,0.000030,0.000003,0.051617,0.000274,0.000004,0.004510,0.063680
143,0.011392,0.000034,0.000003,0.040973,0.000243,0.000004,0.012678,0.065332
174,0.006978,0.000034,0.000002,0.051364,0.000250,0.000005,0.000401,0.059036
181,0.005957,0.000028,0.000003,0.006127,0.000226,0.000004,0.003856,0.016204
182,0.006646,0.000028,0.000003,0.006878,0.000236,0.000004,0.004371,0.018169
144,0.007632,0.000032,0.000003,0.047038,0.000246,0.000004,0.004070,0.059030
175,0.006434,0.000033,0.000003,0.051134,0.000261,0.000005,0.000419,0.058293
176,0.006756,0.000036,0.000003,0.015469,0.000265,0.000005,0.000420,0.022955
183,0.007001,0.000029,0.000002,0.049041,0.000248,0.000004,0.004259,0.060588
184,0.006601,0.000031,0.000003,0.004546,0.000262,0.000005,0.004140,0.015591
145,0.014378,0.000037,0.000004,0.051393,0.000253,0.000004,0.004256,0.070329
177,0.006720,0.000031,0.000003,0.052849,0.000268,0.000005,0.000421,0.060300
185,0.007074,0.000034,0.000004,0.049054,0.000262,0.000025,0.004020,0.060478
146,0.012303,0.000033,0.000003,0.041044,0.000251,0.000004,0.004265,0.057908
178,0.007994,0.000031,0.000003,0.044375,0.000249,0.000005,0.000403,0.053061
186,0.006851,0.000032,0.000003,0.051866,0.000287,0.000004,0.004281,0.063331
147,0.013931,0.000030,0.000003,0.052941,0.000249,0.000004,0.003822,0.070984
179,0.006656,0.000035,0.000004,0.051943,0.000236,0.000005,0.000433,0.059313
187,0.007308,0.000030,0.000003,0.043992,0.000245,0.000004,0.004030,0.055616
148,0.010867,0.000028,0.000004,0.015830,0.000231,0.000005,0.003576,0.030545
180,0.007404,0.000030,0.000003,0.055470,0.000393,0.000006,0.000438,0.063746
188,0.006947,0.000036,0.000003,0.047033,0.000234,0.000004,0.004352,0.058612
149,0.019463,0.000032,0.000004,0.053606,0.000263,0.000005,0.003727,0.077104
181,0.009058,0.000036,0.000005,0.052303,0.000244,0.000005,0.000450,0.062103
150,0.011977,0.000027,0.000003,0.010337,0.000226,0.000004,0.003247,0.025824
189,0.008095,0.000032,0.000003,0.044464,0.000236,0.000004,0.003842,0.056681
190,0.006518,0.000030,0.000003,0.004802,0.000240,0.000004,0.004220,0.015820
151,0.013289,0.000030,0.000004,0.008741,0.000260,0.000004,0.003583,0.025917
182,0.006699,0.000031,0.000003,0.049658,0.000238,0.000005,0.000416,0.057052
191,0.006473,0.000028,0.000003,0.048015,0.000242,0.000004,0.004348,0.059118
152,0.015518,0.000031,0.000004,0.044822,0.000254,0.000004,0.003544,0.064181
183,0.006723,0.000029,0.000003,0.050215,0.000285,0.000004,0.000386,0.057647
153,0.014730,0.000029,0.000004,0.010555,0.000245,0.000004,0.003899,0.029468
184,0.008008,0.000032,0.000003,0.054941,0.000248,0.000005,0.000420,0.063659
154,0.010814,0.000031,0.000004,0.048829,0.000236,0.000004,0.003177,0.063099
185,0.007658,0.000031,0.000003,0.047869,0.000245,0.000005,0.000387,0.056201
155,0.010753,0.000029,0.000003,0.050053,0.000382,0.000005,0.003395,0.064630
156,0.012165,0.000036,0.000004,0.010633,0.000240,0.000004,0.003481,0.026567
186,0.006477,0.000032,0.000003,0.057194,0.000265,0.000005,0.000525,0.064505
157,0.011622,0.000029,0.000004,0.046567,0.000296,0.000004,0.003964,0.062492
187,0.006779,0.000029,0.000002,0.051691,0.000285,0.000006,0.000420,0.059215
128,0.016970,0.000064,0.000007,0.071016,0.000327,0.000006,0.000619,0.089013
158,0.015029,0.000029,0.000004,0.050557,0.000256,0.000004,0.003455,0.069340
188,0.007912,0.000032,0.000003,0.052934,0.000255,0.000005,0.000445,0.061588
159,0.013017,0.000031,0.000004,0.015838,0.000266,0.000004,0.003727,0.032890
129,0.014897,0.000038,0.000004,0.061170,0.000390,0.000004,0.000428,0.076937
189,0.007595,0.000036,0.000003,0.050130,0.000267,0.000005,0.000431,0.058469
130,0.013557,0.000030,0.000004,0.041816,0.000251,0.000004,0.000377,0.056042
160,0.012849,0.000032,0.000026,0.054457,0.000274,0.000005,0.003845,0.071491
190,0.006769,0.000035,0.000003,0.053072,0.000241,0.000005,0.000465,0.060591
131,0.006980,0.000028,0.000003,0.046553,0.000242,0.000004,0.000375,0.054187
161,0.007912,0.000030,0.000004,0.056179,0.000251,0.000004,0.003654,0.068038
191,0.007315,0.000035,0.000004,0.057861,0.000243,0.000005,0.000424,0.065889
132,0.006093,0.000032,0.000002,0.042819,0.000248,0.000004,0.000359,0.049560
162,0.019100,0.000036,0.000005,0.057104,0.000250,0.000004,0.003450,0.079955
133,0.012645,0.000030,0.000003,0.042564,0.000215,0.000004,0.000378,0.055840
134,0.007393,0.000033,0.000004,0.006421,0.000219,0.000004,0.000393,0.014468
135,0.006680,0.000030,0.000003,0.049462,0.000285,0.000004,0.000399,0.056866
163,0.014405,0.000034,0.000004,0.060097,0.000328,0.000004,0.003755,0.078633
136,0.006915,0.000029,0.000003,0.049207,0.000287,0.000004,0.000389,0.056836
164,0.012710,0.000029,0.000004,0.054599,0.000262,0.000004,0.003202,0.070814
137,0.012317,0.000030,0.000003,0.005643,0.000244,0.000004,0.000340,0.018582
138,0.007080,0.000032,0.000003,0.008951,0.000267,0.000004,0.000397,0.016736
165,0.011728,0.000034,0.000003,0.011989,0.000259,0.000004,0.003614,0.027635
139,0.006910,0.000030,0.000004,0.041437,0.000236,0.000004,0.000386,0.049010
140,0.006888,0.000028,0.000003,0.004662,0.000228,0.000004,0.000355,0.012170
166,0.012226,0.000029,0.000004,0.039601,0.000233,0.000004,0.003609,0.055711
141,0.006258,0.000030,0.000003,0.045726,0.000272,0.000005,0.000358,0.052654
167,0.019380,0.000033,0.000003,0.052552,0.000259,0.000004,0.003884,0.076119
168,0.013374,0.000032,0.000003,0.005405,0.000278,0.000004,0.003942,0.023043
142,0.012542,0.000030,0.000003,0.050028,0.000241,0.000004,0.000333,0.063184
169,0.012916,0.000030,0.000003,0.044887,0.000227,0.000004,0.003820,0.061890
143,0.007118,0.000031,0.000003,0.045824,0.000240,0.000004,0.000347,0.053571
144,0.013133,0.000032,0.000004,0.009033,0.000262,0.000004,0.000339,0.022809
170,0.012448,0.000030,0.000004,0.009682,0.000265,0.000004,0.003783,0.026219
145,0.013704,0.000033,0.000003,0.043303,0.000232,0.000004,0.000372,0.057654
171,0.018593,0.000036,0.000004,0.045060,0.000256,0.000004,0.003630,0.067588
146,0.012067,0.000030,0.000003,0.047087,0.000255,0.000004,0.000541,0.059990
172,0.011760,0.000030,0.000004,0.050668,0.000238,0.000004,0.003683,0.066391
147,0.007406,0.000030,0.000003,0.042750,0.000254,0.000004,0.000403,0.050852
173,0.012240,0.000031,0.000003,0.050623,0.000245,0.000004,0.003610,0.066761
148,0.010136,0.000037,0.000003,0.039751,0.000235,0.000005,0.000384,0.050553
174,0.012052,0.000032,0.000004,0.012748,0.000245,0.000004,0.003456,0.028543
149,0.013573,0.000034,0.000003,0.045007,0.000229,0.000004,0.000373,0.059226
175,0.017518,0.000041,0.000005,0.067458,0.000410,0.000007,0.005433,0.090877
150,0.006874,0.000030,0.000003,0.040708,0.000232,0.000004,0.000373,0.048226
151,0.011329,0.000030,0.000003,0.037117,0.000263,0.000004,0.000352,0.049099
152,0.009684,0.000027,0.000003,0.036818,0.000238,0.000004,0.000341,0.047117
176,0.014768,0.000039,0.000004,0.089239,0.000559,0.000008,0.005253,0.109885
153,0.011518,0.000028,0.000003,0.046252,0.000267,0.000004,0.000372,0.058446
154,0.006499,0.000032,0.000003,0.004583,0.000251,0.000005,0.000399,0.011775
177,0.018165,0.000049,0.000006,0.047331,0.000233,0.000004,0.003457,0.069249
155,0.006639,0.000029,0.000003,0.004362,0.000236,0.000004,0.000425,0.011700
178,0.012646,0.000034,0.000003,0.039507,0.000269,0.000004,0.003480,0.055947
156,0.019015,0.000034,0.000003,0.034806,0.000242,0.000004,0.000340,0.054446
179,0.011919,0.000034,0.000004,0.009708,0.000250,0.000004,0.003882,0.025804
180,0.010052,0.000027,0.000004,0.003342,0.000226,0.000004,0.003786,0.017443
157,0.012345,0.000033,0.000005,0.039405,0.000226,0.000004,0.000414,0.052434
181,0.012594,0.000033,0.000003,0.010084,0.000263,0.000004,0.003541,0.026526
128,0.011435,0.000042,0.000038,0.027832,0.000362,0.000005,0.001692,0.041414
129,0.005795,0.000027,0.000003,0.006545,0.000250,0.000004,0.001383,0.014009
158,0.012411,0.000029,0.000003,0.045314,0.000275,0.000004,0.000367,0.058405
182,0.011811,0.000032,0.000004,0.051419,0.000271,0.000005,0.003657,0.067203
130,0.005707,0.000026,0.000002,0.019258,0.000256,0.000004,0.001431,0.026687
183,0.009848,0.000030,0.000003,0.007901,0.000256,0.000004,0.003307,0.021352
159,0.006819,0.000029,0.000003,0.045476,0.000238,0.000004,0.000364,0.052935
131,0.005799,0.000027,0.000003,0.022571,0.000249,0.000004,0.001322,0.029978
132,0.005917,0.000032,0.000003,0.007389,0.000266,0.000004,0.001581,0.015195
133,0.005627,0.000026,0.000002,0.022701,0.000271,0.000003,0.001435,0.030069
184,0.012097,0.000029,0.000003,0.045620,0.000248,0.000004,0.003766,0.061772
160,0.010345,0.000029,0.000002,0.049979,0.000257,0.000005,0.000353,0.060973
134,0.008258,0.000030,0.000003,0.021351,0.000268,0.000005,0.001471,0.031389
135,0.005916,0.000029,0.000002,0.022830,0.000267,0.000004,0.001502,0.030553
161,0.005768,0.000027,0.000003,0.051796,0.000254,0.000004,0.000345,0.058199
185,0.012978,0.000033,0.000005,0.055238,0.000250,0.000004,0.003704,0.072218
136,0.005126,0.000023,0.000002,0.023473,0.000247,0.000004,0.001348,0.030227
162,0.010730,0.000029,0.000003,0.047437,0.000265,0.000004,0.000355,0.058826
137,0.012643,0.000056,0.000003,0.021910,0.000258,0.000004,0.001410,0.036287
186,0.012176,0.000031,0.000004,0.053027,0.000227,0.000004,0.003633,0.069107
138,0.005958,0.000026,0.000003,0.018589,0.000254,0.000004,0.001412,0.026249
163,0.013036,0.000027,0.000003,0.044959,0.000248,0.000005,0.000401,0.058682
139,0.006304,0.000027,0.000002,0.019804,0.000254,0.000004,0.001459,0.027858
187,0.012469,0.000030,0.000003,0.046206,0.000240,0.000005,0.003694,0.062651
140,0.005806,0.000025,0.000003,0.018119,0.000279,0.000004,0.001483,0.025721
141,0.006148,0.000025,0.000003,0.010566,0.000242,0.000004,0.001448,0.018439
164,0.006725,0.000037,0.000003,0.045099,0.000232,0.000004,0.000393,0.052495
142,0.005581,0.000025,0.000003,0.020395,0.000266,0.000004,0.001435,0.027711
188,0.013024,0.000031,0.000004,0.045045,0.000245,0.000004,0.003852,0.062211
143,0.008350,0.000031,0.000003,0.022421,0.000260,0.000004,0.001416,0.032487
165,0.012087,0.000029,0.000003,0.046058,0.000221,0.000004,0.000364,0.058767
166,0.007478,0.000034,0.000003,0.006746,0.000257,0.000004,0.000378,0.014904
144,0.005825,0.000026,0.000002,0.020465,0.000268,0.000004,0.001470,0.028064
167,0.006454,0.000033,0.000003,0.008538,0.000266,0.000004,0.000395,0.015696
189,0.011825,0.000028,0.000004,0.054952,0.000262,0.000004,0.003551,0.070629
145,0.008112,0.000027,0.000002,0.034425,0.000295,0.000005,0.001683,0.044554
146,0.006066,0.000028,0.000003,0.006948,0.000247,0.000004,0.001408,0.014706
168,0.006656,0.000028,0.000003,0.048180,0.000261,0.000004,0.000394,0.055528
169,0.006846,0.000032,0.000004,0.005277,0.000248,0.000005,0.000392,0.012805
190,0.012575,0.000029,0.000004,0.052167,0.000281,0.000004,0.003450,0.068514
147,0.005870,0.000027,0.000002,0.024891,0.000255,0.000004,0.001398,0.032451
170,0.012990,0.000028,0.000003,0.006685,0.000232,0.000004,0.000372,0.020316
148,0.005771,0.000026,0.000002,0.010599,0.000261,0.000005,0.001444,0.018111
149,0.005064,0.000025,0.000002,0.019674,0.000236,0.000004,0.001249,0.026258
191,0.011162,0.000031,0.000003,0.045068,0.000229,0.000004,0.003256,0.059757
171,0.007102,0.000037,0.000004,0.049455,0.000379,0.000004,0.000381,0.057368
150,0.011052,0.000029,0.000002,0.021802,0.000249,0.000004,0.001426,0.034567
151,0.005857,0.000029,0.000002,0.019537,0.000264,0.000004,0.001423,0.027119
172,0.011956,0.000033,0.000004,0.041922,0.000241,0.000004,0.000390,0.054553
152,0.011455,0.000032,0.000003,0.024043,0.000257,0.000004,0.001475,0.037271
173,0.006671,0.000028,0.000003,0.044002,0.000237,0.000004,0.000382,0.051330
153,0.006650,0.000030,0.000003,0.018955,0.000262,0.000004,0.001434,0.027341
154,0.006205,0.000026,0.000002,0.004177,0.000232,0.000004,0.001425,0.012072
155,0.005565,0.000025,0.000002,0.007115,0.000238,0.000004,0.001487,0.014439
174,0.014208,0.000032,0.000003,0.048448,0.000259,0.000004,0.000378,0.063332
156,0.005851,0.000028,0.000003,0.026668,0.000280,0.000004,0.001695,0.034533
157,0.006654,0.000031,0.000003,0.023675,0.000262,0.000004,0.001461,0.032094
175,0.006395,0.000026,0.000003,0.043111,0.000240,0.000004,0.000334,0.050115
158,0.010353,0.000029,0.000003,0.011147,0.000332,0.000004,0.001453,0.023329
176,0.015972,0.000041,0.000005,0.005363,0.000246,0.000004,0.000386,0.022018
177,0.010605,0.000026,0.000003,0.003572,0.000227,0.000004,0.000332,0.014771
159,0.012263,0.000031,0.000004,0.020129,0.000249,0.000004,0.001434,0.034117
160,0.005890,0.000033,0.000003,0.022924,0.000253,0.000004,0.001811,0.030920
178,0.006710,0.000031,0.000003,0.039658,0.000246,0.000004,0.000399,0.047054
161,0.010576,0.000030,0.000002,0.006961,0.000246,0.000004,0.001442,0.019264
179,0.006875,0.000030,0.000003,0.010967,0.000265,0.000005,0.000405,0.018553
162,0.004913,0.000024,0.000002,0.019792,0.000247,0.000004,0.001237,0.026221
180,0.006405,0.000030,0.000003,0.040653,0.000249,0.000004,0.000361,0.047707
163,0.005990,0.000029,0.000002,0.023934,0.000255,0.000005,0.001447,0.031665
181,0.011996,0.000029,0.000003,0.004443,0.000225,0.000004,0.000378,0.017080
164,0.005824,0.000025,0.000002,0.022393,0.000250,0.000004,0.001879,0.030380
182,0.009935,0.000029,0.000003,0.045468,0.000239,0.000004,0.000349,0.056028
165,0.011028,0.000032,0.000002,0.022178,0.000243,0.000004,0.001621,0.035111
166,0.006107,0.000026,0.000002,0.020899,0.000253,0.000004,0.001389,0.028684
167,0.005782,0.000025,0.000003,0.010201,0.000306,0.000004,0.001472,0.017796
183,0.012948,0.000032,0.000003,0.045345,0.000246,0.000004,0.000365,0.058945
168,0.006721,0.000027,0.000002,0.006167,0.000252,0.000003,0.001425,0.014600
169,0.005839,0.000027,0.000002,0.019445,0.000248,0.000004,0.001333,0.026901
184,0.005795,0.000030,0.000003,0.036727,0.000214,0.000004,0.000317,0.043092
170,0.005809,0.000024,0.000002,0.021689,0.000273,0.000004,0.001375,0.029181
185,0.011647,0.000035,0.000004,0.010769,0.000255,0.000004,0.000388,0.023105
171,0.005970,0.000026,0.000002,0.019821,0.000264,0.000004,0.001533,0.027622
172,0.006405,0.000029,0.000003,0.003224,0.000245,0.000004,0.001589,0.011502
186,0.019105,0.000029,0.000003,0.043512,0.000238,0.000004,0.000359,0.063253
173,0.014291,0.000029,0.000003,0.018621,0.000249,0.000004,0.001399,0.034599
174,0.006661,0.000029,0.000003,0.023960,0.000271,0.000004,0.001441,0.032371
187,0.006337,0.000027,0.000003,0.040540,0.000254,0.000004,0.000356,0.047523
175,0.011018,0.000030,0.000002,0.023046,0.000272,0.000003,0.001464,0.035840
176,0.006329,0.000028,0.000002,0.003781,0.000251,0.000004,0.001353,0.011750
188,0.011981,0.000030,0.000003,0.037798,0.000232,0.000004,0.000413,0.050465
177,0.007067,0.000025,0.000002,0.004826,0.000234,0.000004,0.001384,0.013545
189,0.012723,0.000030,0.000004,0.011349,0.000245,0.000004,0.000441,0.024798
178,0.012618,0.000030,0.000002,0.025921,0.000275,0.000004,0.001571,0.040424
179,0.005954,0.000027,0.000003,0.021125,0.000258,0.000004,0.001360,0.028734
190,0.012498,0.000030,0.000003,0.046379,0.000228,0.000004,0.000361,0.059505
180,0.005890,0.000031,0.000003,0.022431,0.000262,0.000004,0.001402,0.030026
191,0.009884,0.000027,0.000003,0.037870,0.000237,0.000004,0.000369,0.048396
181,0.005939,0.000025,0.000002,0.024619,0.000288,0.000004,0.001426,0.032306
182,0.008397,0.000028,0.000003,0.020504,0.000246,0.000004,0.001442,0.030627
183,0.011535,0.000032,0.000002,0.021031,0.000261,0.000004,0.001405,0.034273
184,0.005746,0.000025,0.000002,0.007440,0.000249,0.000004,0.001469,0.014940
128,0.021579,0.000029,0.000004,0.043006,0.000251,0.000004,0.001207,0.066084
185,0.006218,0.000031,0.000003,0.028031,0.000245,0.000004,0.001433,0.035969
129,0.012017,0.000029,0.000004,0.038417,0.000251,0.000004,0.001268,0.051993
186,0.005729,0.000028,0.000002,0.038192,0.000248,0.000004,0.001509,0.045715
187,0.006057,0.000028,0.000002,0.027233,0.000250,0.000004,0.001458,0.035037
130,0.012433,0.000033,0.000004,0.045689,0.000249,0.000004,0.001202,0.059617
188,0.006206,0.000027,0.000002,0.024872,0.000253,0.000004,0.001478,0.032845
189,0.006147,0.000032,0.000002,0.029461,0.000251,0.000004,0.001376,0.037276
131,0.012177,0.000029,0.000004,0.043549,0.000236,0.000004,0.001310,0.057314
190,0.005831,0.000030,0.000002,0.028597,0.000244,0.000004,0.001777,0.036489
132,0.011946,0.000032,0.000004,0.041070,0.000237,0.000004,0.001399,0.054696
191,0.005490,0.000040,0.000003,0.036221,0.000247,0.000004,0.001235,0.043242
133,0.011666,0.000029,0.000003,0.043713,0.000280,0.000004,0.001384,0.057084
134,0.010055,0.000028,0.000004,0.037361,0.000221,0.000004,0.001312,0.048988
135,0.012776,0.000033,0.000004,0.048752,0.000249,0.000004,0.001404,0.063224
136,0.009998,0.000028,0.000003,0.036455,0.000211,0.000004,0.001185,0.047889
137,0.012231,0.000033,0.000004,0.050721,0.000266,0.000004,0.001237,0.064498
138,0.011846,0.000028,0.000004,0.044778,0.000241,0.000004,0.001169,0.058073
139,0.011899,0.000031,0.000004,0.043792,0.000396,0.000004,0.001318,0.057451
140,0.013264,0.000033,0.000005,0.010091,0.000249,0.000004,0.001230,0.024880
141,0.014237,0.000029,0.000004,0.043659,0.000260,0.000004,0.001273,0.059468
142,0.013278,0.000028,0.000003,0.041475,0.000230,0.000004,0.001216,0.056238
143,0.013637,0.000028,0.000004,0.004663,0.000209,0.000004,0.001164,0.019711
144,0.013852,0.000034,0.000004,0.040257,0.000239,0.000004,0.001221,0.055616
145,0.011801,0.000032,0.000003,0.040938,0.000228,0.000004,0.001180,0.054189
146,0.012176,0.000030,0.000004,0.038562,0.000238,0.000004,0.001190,0.052207
147,0.011733,0.000030,0.000003,0.004597,0.000235,0.000004,0.001224,0.017830
148,0.012471,0.000033,0.000003,0.043832,0.000268,0.000005,0.001225,0.057840
149,0.011875,0.000030,0.000004,0.004832,0.000240,0.000004,0.001223,0.018211
150,0.013048,0.000032,0.000004,0.046246,0.000280,0.000004,0.001235,0.060851
151,0.013128,0.000032,0.000003,0.036998,0.000244,0.000004,0.001127,0.051539
152,0.011891,0.000032,0.000004,0.007084,0.000246,0.000004,0.001220,0.020485
153,0.012382,0.000032,0.000004,0.042914,0.000257,0.000004,0.001178,0.056773
154,0.011993,0.000027,0.000003,0.005649,0.000234,0.000004,0.001299,0.019212
155,0.013222,0.000029,0.000003,0.040329,0.000277,0.000004,0.001260,0.055129
156,0.011804,0.000036,0.000004,0.014874,0.000264,0.000004,0.001204,0.028193
157,0.012862,0.000031,0.000004,0.037476,0.000247,0.000004,0.001179,0.051806
158,0.011658,0.000033,0.000004,0.044878,0.000305,0.000004,0.001275,0.058160
159,0.012629,0.000032,0.000003,0.008701,0.000232,0.000004,0.001175,0.022779
160,0.012324,0.000029,0.000004,0.038505,0.000228,0.000004,0.001115,0.052211
161,0.011382,0.000029,0.000004,0.043428,0.000249,0.000004,0.001215,0.056313
162,0.009891,0.000030,0.000003,0.003220,0.000222,0.000004,0.001102,0.014476
163,0.010032,0.000034,0.000004,0.007708,0.000249,0.000004,0.001100,0.019134
164,0.010916,0.000026,0.000004,0.003761,0.000217,0.000004,0.001125,0.016055
165,0.011137,0.000035,0.000004,0.043192,0.000267,0.000004,0.001238,0.055881
128,0.021760,0.000068,0.000008,0.009273,0.000331,0.000004,0.001098,0.032550
166,0.010738,0.000032,0.000004,0.042463,0.000223,0.000004,0.001125,0.054592
129,0.006561,0.000042,0.000003,0.047404,0.000263,0.000004,0.000763,0.055043
130,0.010693,0.000034,0.000003,0.041267,0.000265,0.000004,0.000779,0.053047
167,0.012103,0.000027,0.000004,0.048866,0.000265,0.000004,0.001273,0.062546
168,0.012766,0.000029,0.000004,0.009244,0.000283,0.000004,0.001366,0.023700
131,0.013218,0.000039,0.000003,0.043530,0.000257,0.000004,0.000729,0.057783
169,0.012407,0.000033,0.000004,0.041235,0.000239,0.000004,0.001263,0.055189
170,0.012367,0.000033,0.000004,0.009264,0.000233,0.000004,0.001243,0.023151
132,0.014708,0.000033,0.000003,0.038126,0.000235,0.000004,0.000840,0.053952
133,0.011895,0.000028,0.000003,0.005982,0.000229,0.000004,0.000796,0.018940
171,0.011728,0.000030,0.000004,0.045747,0.000253,0.000005,0.001298,0.059069
134,0.011744,0.000030,0.000003,0.037489,0.000244,0.000004,0.000790,0.050306
172,0.012816,0.000031,0.000004,0.049556,0.000256,0.000004,0.001216,0.063888
135,0.012031,0.000029,0.000003,0.044122,0.000246,0.000004,0.000815,0.057253
173,0.012064,0.000029,0.000004,0.045253,0.000254,0.000004,0.001226,0.058837
136,0.012988,0.000033,0.000003,0.045249,0.000249,0.000004,0.001038,0.059568
137,0.012493,0.000031,0.000003,0.010341,0.000283,0.000004,0.000986,0.024145
174,0.012192,0.000030,0.000004,0.047116,0.000272,0.000004,0.001228,0.060849
138,0.011871,0.000030,0.000003,0.049012,0.000277,0.000004,0.000927,0.062127
175,0.012348,0.000034,0.000004,0.042738,0.000226,0.000004,0.001256,0.056613
139,0.008362,0.000042,0.000003,0.040180,0.000224,0.000003,0.000786,0.049604
140,0.010177,0.000028,0.000003,0.003732,0.000221,0.000004,0.000872,0.015040
176,0.013434,0.000033,0.000004,0.049380,0.000247,0.000004,0.001465,0.064570
141,0.016056,0.000028,0.000003,0.050166,0.000262,0.000004,0.000906,0.067427
177,0.013014,0.000027,0.000003,0.042733,0.000246,0.000004,0.001245,0.057275
142,0.012078,0.000030,0.000002,0.047783,0.000262,0.000004,0.000946,0.061110
178,0.012447,0.000032,0.000004,0.043679,0.000259,0.000004,0.001383,0.057812
143,0.012511,0.000032,0.000003,0.042311,0.000225,0.000004,0.000975,0.056064
179,0.011266,0.000033,0.000004,0.042263,0.000230,0.000004,0.001176,0.054980
180,0.010630,0.000032,0.000004,0.045482,0.000238,0.000004,0.001157,0.057550
144,0.012457,0.000034,0.000004,0.046014,0.000226,0.000004,0.000939,0.059681
181,0.012943,0.000033,0.000003,0.042387,0.000269,0.000004,0.001281,0.056924
145,0.014072,0.000035,0.000003,0.044935,0.000243,0.000004,0.000847,0.060142
146,0.012955,0.000031,0.000003,0.043973,0.000238,0.000004,0.000924,0.058132
182,0.013084,0.000029,0.000004,0.049836,0.000266,0.000004,0.001300,0.064526
147,0.011756,0.000034,0.000003,0.005128,0.000225,0.000004,0.000797,0.017949
183,0.011884,0.000034,0.000003,0.044696,0.000257,0.000004,0.001373,0.058254
148,0.006526,0.000028,0.000003,0.047404,0.000250,0.000004,0.000769,0.054986
184,0.012329,0.000028,0.000004,0.041821,0.000263,0.000004,0.001251,0.055704
149,0.011899,0.000031,0.000003,0.046886,0.000234,0.000004,0.000793,0.059853
185,0.012952,0.000030,0.000004,0.040317,0.000232,0.000004,0.001186,0.054729
186,0.011739,0.000033,0.000003,0.004710,0.000213,0.000004,0.001205,0.017910
150,0.012399,0.000030,0.000002,0.044029,0.000245,0.000005,0.000788,0.057500
187,0.011903,0.000028,0.000004,0.043831,0.000240,0.000004,0.001217,0.057230
151,0.011854,0.000028,0.000002,0.042944,0.000223,0.000003,0.000803,0.055861
188,0.012884,0.000031,0.000003,0.010012,0.000239,0.000004,0.001186,0.024362
152,0.011410,0.000027,0.000003,0.043266,0.000236,0.000004,0.000810,0.055758
189,0.012011,0.000032,0.000004,0.046442,0.000288,0.000004,0.001216,0.060000
153,0.011521,0.000029,0.000003,0.040675,0.000251,0.000003,0.000773,0.053258
190,0.011778,0.000036,0.000004,0.039783,0.000249,0.000004,0.001200,0.053059
191,0.012190,0.000029,0.000004,0.008491,0.000242,0.000004,0.001151,0.022114
154,0.010462,0.000031,0.000003,0.039906,0.000240,0.000004,0.000717,0.051366
155,0.011433,0.000039,0.000003,0.030024,0.000233,0.000004,0.000759,0.042497
156,0.009742,0.000028,0.000003,0.004839,0.000225,0.000004,0.000717,0.015560
157,0.006015,0.000028,0.000003,0.005347,0.000262,0.000004,0.001015,0.012677
158,0.021597,0.000062,0.000005,0.033922,0.000349,0.000005,0.000840,0.056788
159,0.011898,0.000042,0.000003,0.037185,0.000280,0.000004,0.000818,0.050234
160,0.010390,0.000028,0.000002,0.008233,0.000233,0.000004,0.000793,0.019685
128,0.015386,0.000039,0.000004,0.042243,0.000330,0.000004,0.007992,0.066012
129,0.009904,0.000031,0.000002,0.010927,0.000267,0.000004,0.007998,0.029137
161,0.010352,0.000028,0.000003,0.039773,0.000234,0.000004,0.000733,0.051129
130,0.006695,0.000027,0.000003,0.041775,0.000250,0.000004,0.007569,0.056328
162,0.014484,0.000031,0.000003,0.040908,0.000235,0.000004,0.000749,0.056416
163,0.014636,0.000036,0.000004,0.014522,0.000287,0.000005,0.000899,0.030391
131,0.010382,0.000027,0.000003,0.040412,0.000263,0.000005,0.007086,0.058183
164,0.012515,0.000032,0.000003,0.041931,0.000290,0.000005,0.000808,0.055587
132,0.013996,0.000029,0.000003,0.049315,0.000272,0.000004,0.007798,0.071422
165,0.013073,0.000034,0.000003,0.046904,0.000255,0.000004,0.000794,0.061070
133,0.006674,0.000038,0.000003,0.048795,0.000241,0.000004,0.007499,0.063258
166,0.013103,0.000042,0.000003,0.040900,0.000232,0.000004,0.000773,0.055063
134,0.005496,0.000025,0.000003,0.003501,0.000226,0.000004,0.006755,0.016015
167,0.012371,0.000034,0.000003,0.048240,0.000248,0.000005,0.000791,0.061695
135,0.012298,0.000031,0.000003,0.043758,0.000251,0.000004,0.007312,0.063662
136,0.011943,0.000029,0.000003,0.006630,0.000254,0.000004,0.007655,0.026521
168,0.012054,0.000032,0.000003,0.041362,0.000243,0.000004,0.000865,0.054566
137,0.013392,0.000031,0.000003,0.042646,0.000243,0.000004,0.007342,0.063667
169,0.012375,0.000032,0.000002,0.041817,0.000225,0.000004,0.000731,0.055188
170,0.006116,0.000026,0.000003,0.039427,0.000235,0.000004,0.000796,0.046611
138,0.012640,0.000028,0.000002,0.044028,0.000258,0.000004,0.007308,0.064273
171,0.006291,0.000037,0.000003,0.005204,0.000228,0.000004,0.000793,0.012563
172,0.011762,0.000031,0.000002,0.008579,0.000256,0.000004,0.000796,0.021433
139,0.011433,0.000028,0.000003,0.044376,0.000294,0.000004,0.007117,0.063260
173,0.011662,0.000035,0.000003,0.046552,0.000263,0.000005,0.001044,0.059567
140,0.006967,0.000029,0.000003,0.043138,0.000239,0.000005,0.007098,0.057483
174,0.010472,0.000031,0.000003,0.042952,0.000254,0.000004,0.000705,0.054423
175,0.011610,0.000033,0.000003,0.006743,0.000229,0.000004,0.000732,0.019356
141,0.008514,0.000031,0.000003,0.043596,0.000268,0.000004,0.006835,0.059255
176,0.013059,0.000039,0.000003,0.008801,0.000262,0.000004,0.000733,0.022903
142,0.006380,0.000030,0.000003,0.045286,0.000282,0.000004,0.007211,0.059198
177,0.013021,0.000029,0.000003,0.039057,0.000220,0.000003,0.000747,0.053084
178,0.010523,0.000028,0.000002,0.003542,0.000239,0.000004,0.000670,0.015010
143,0.006320,0.000031,0.000003,0.043109,0.000260,0.000004,0.006812,0.056543
179,0.006700,0.000032,0.000003,0.048747,0.000248,0.000004,0.000802,0.056539
144,0.011378,0.000029,0.000003,0.008628,0.000247,0.000004,0.006561,0.026854
180,0.009520,0.000027,0.000003,0.037438,0.000224,0.000004,0.000724,0.047942
145,0.011610,0.000030,0.000003,0.051069,0.000284,0.000004,0.007464,0.070470
181,0.011639,0.000030,0.000003,0.039144,0.000244,0.000004,0.000834,0.051900
146,0.006798,0.000028,0.000003,0.037274,0.000262,0.000004,0.007495,0.051868
147,0.006854,0.000031,0.000003,0.009681,0.000232,0.000004,0.006468,0.023276
182,0.012670,0.000031,0.000003,0.043217,0.000217,0.000004,0.000791,0.056937
183,0.012727,0.000032,0.000003,0.041345,0.000236,0.000004,0.000777,0.055126
148,0.011607,0.000033,0.000003,0.042301,0.000276,0.000005,0.007258,0.061487
184,0.005933,0.000029,0.000003,0.039556,0.000226,0.000003,0.000851,0.046603
149,0.005842,0.000028,0.000003,0.037229,0.000235,0.000003,0.006511,0.049855
150,0.006497,0.000027,0.000002,0.006918,0.000252,0.000004,0.006938,0.020643
185,0.009782,0.000027,0.000003,0.038827,0.000211,0.000004,0.000706,0.049564
151,0.012531,0.000028,0.000003,0.044314,0.000246,0.000004,0.007571,0.064701
186,0.013256,0.000038,0.000003,0.057540,0.000281,0.000005,0.000822,0.071949
187,0.012567,0.000030,0.000002,0.006958,0.000238,0.000004,0.000798,0.020602
152,0.011237,0.000034,0.000003,0.045641,0.000243,0.000004,0.007427,0.064593
188,0.013712,0.000032,0.000003,0.050234,0.000252,0.000004,0.000837,0.065077
153,0.012522,0.000031,0.000003,0.046513,0.000267,0.000004,0.007640,0.066986
154,0.012642,0.000029,0.000002,0.009367,0.000253,0.000003,0.007127,0.029429
189,0.011940,0.000037,0.000003,0.037911,0.000233,0.000004,0.000775,0.050906
190,0.012042,0.000029,0.000003,0.045047,0.000255,0.000004,0.000751,0.058133
155,0.012483,0.000030,0.000003,0.045612,0.000253,0.000004,0.007229,0.065618
156,0.009402,0.000028,0.000003,0.038107,0.000229,0.000004,0.006521,0.054298
191,0.012206,0.000033,0.000004,0.044761,0.000245,0.000004,0.000804,0.058060
157,0.011729,0.000033,0.000003,0.041792,0.000223,0.000004,0.007109,0.060898
158,0.011617,0.000027,0.000003,0.042425,0.000224,0.000004,0.007021,0.061325
159,0.006114,0.000028,0.000003,0.044158,0.000257,0.000004,0.006942,0.057510
160,0.012612,0.000028,0.000002,0.043171,0.000257,0.000004,0.007014,0.063093
161,0.010629,0.000025,0.000003,0.036310,0.000230,0.000004,0.005903,0.053107
162,0.006663,0.000032,0.000003,0.046515,0.000250,0.000004,0.007100,0.060571
163,0.012514,0.000029,0.000003,0.042847,0.000239,0.000005,0.006416,0.062055
164,0.010876,0.000028,0.000003,0.046747,0.000259,0.000004,0.006580,0.064501
165,0.009311,0.000027,0.000003,0.002952,0.000215,0.000005,0.005974,0.018490
166,0.006194,0.000029,0.000003,0.044943,0.000245,0.000005,0.006502,0.057924
167,0.007956,0.000027,0.000003,0.002926,0.000246,0.000005,0.006739,0.017906
168,0.007857,0.000041,0.000005,0.046477,0.000292,0.000004,0.007806,0.062484
128,0.019773,0.000035,0.000003,0.047188,0.000256,0.000004,0.000248,0.067510
169,0.011859,0.000029,0.000002,0.045221,0.000256,0.000006,0.007409,0.064786
129,0.011197,0.000034,0.000003,0.043991,0.000220,0.000004,0.000200,0.055652
170,0.006547,0.000031,0.000003,0.043050,0.000245,0.000004,0.007582,0.057467
130,0.010245,0.000028,0.000002,0.038645,0.000245,0.000004,0.000210,0.049382
171,0.012807,0.000032,0.000003,0.040532,0.000274,0.000004,0.007545,0.061202
131,0.013158,0.000029,0.000003,0.042195,0.000235,0.000004,0.000214,0.055840
172,0.008903,0.000035,0.000003,0.006695,0.000246,0.000004,0.007430,0.023321
173,0.012311,0.000031,0.000003,0.004854,0.000251,0.000004,0.007738,0.025197
132,0.011803,0.000028,0.000003,0.043085,0.000231,0.000003,0.000204,0.055360
133,0.011813,0.000028,0.000003,0.042896,0.000242,0.000004,0.000224,0.055212
174,0.011529,0.000028,0.000003,0.046529,0.000250,0.000004,0.007482,0.065830
134,0.023663,0.000128,0.000013,0.043719,0.000343,0.000004,0.000233,0.068109
175,0.011783,0.000031,0.000003,0.044755,0.000251,0.000004,0.010844,0.067687
135,0.013366,0.000033,0.000003,0.010303,0.000252,0.000004,0.000213,0.024176
176,0.012094,0.000035,0.000004,0.049030,0.000367,0.000004,0.007383,0.068922
136,0.012198,0.000032,0.000003,0.041950,0.000225,0.000004,0.000218,0.054631
177,0.006829,0.000029,0.000003,0.046017,0.000242,0.000004,0.007408,0.060536
137,0.012623,0.000031,0.000003,0.046826,0.000247,0.000004,0.000214,0.059950
138,0.011695,0.000031,0.000003,0.040000,0.000244,0.000004,0.000235,0.052214
178,0.012460,0.000030,0.000002,0.046679,0.000267,0.000006,0.007480,0.066928
139,0.013190,0.000036,0.000003,0.041586,0.000288,0.000005,0.000237,0.055346
179,0.007355,0.000034,0.000003,0.041450,0.000252,0.000004,0.007041,0.056143
140,0.012722,0.000035,0.000003,0.046392,0.000244,0.000004,0.000229,0.059631
180,0.011996,0.000032,0.000003,0.039854,0.000257,0.000005,0.007274,0.059425
181,0.013155,0.000032,0.000003,0.009333,0.000273,0.000004,0.007643,0.030448
141,0.011778,0.000029,0.000003,0.047179,0.000235,0.000004,0.000235,0.059464
182,0.015811,0.000036,0.000003,0.006646,0.000286,0.000005,0.007595,0.030389
142,0.010485,0.000026,0.000003,0.040895,0.000244,0.000004,0.000197,0.051856
183,0.006545,0.000032,0.000003,0.051140,0.000270,0.000005,0.007191,0.065191
143,0.012800,0.000035,0.000003,0.044467,0.000268,0.000005,0.000260,0.057839
144,0.012791,0.000035,0.000003,0.005963,0.000259,0.000004,0.000248,0.019306
184,0.012189,0.000029,0.000003,0.051747,0.000254,0.000004,0.007074,0.071305
145,0.011806,0.000026,0.000003,0.045189,0.000234,0.000004,0.000220,0.057485
185,0.011652,0.000030,0.000003,0.039590,0.000244,0.000004,0.006943,0.058472
146,0.012060,0.000029,0.000003,0.044631,0.000235,0.000004,0.000211,0.057175
186,0.006597,0.000031,0.000003,0.048048,0.000249,0.000005,0.006982,0.061920
147,0.013118,0.000030,0.000003,0.009986,0.000236,0.000004,0.000212,0.023590
187,0.006594,0.000026,0.000002,0.046820,0.000269,0.000004,0.007404,0.061123
148,0.011601,0.000038,0.000003,0.041495,0.000253,0.000004,0.000219,0.053615
149,0.012186,0.000030,0.000003,0.004920,0.000230,0.000004,0.000215,0.017591
188,0.013403,0.000032,0.000003,0.051123,0.000252,0.000004,0.007514,0.072335
150,0.014686,0.000033,0.000003,0.048758,0.000239,0.000004,0.000235,0.063960
189,0.010497,0.000026,0.000003,0.003453,0.000226,0.000004,0.006488,0.020700
151,0.011869,0.000031,0.000003,0.043091,0.000275,0.000004,0.000211,0.055485
190,0.013182,0.000036,0.000003,0.043212,0.000241,0.000003,0.006941,0.063623
152,0.011502,0.000028,0.000003,0.004894,0.000244,0.000004,0.000210,0.016887
153,0.012437,0.000032,0.000004,0.043484,0.000242,0.000004,0.000213,0.056417
191,0.011899,0.000029,0.000003,0.045121,0.000250,0.000004,0.007308,0.064619
154,0.011672,0.000031,0.000003,0.045647,0.000260,0.000004,0.000246,0.057864
155,0.013724,0.000035,0.000003,0.043154,0.000255,0.000004,0.000227,0.057405
156,0.011668,0.000033,0.000003,0.038041,0.000247,0.000004,0.000234,0.050233
157,0.011518,0.000034,0.000003,0.008155,0.000258,0.000004,0.000229,0.020203
158,0.009508,0.000029,0.000003,0.036837,0.000229,0.000004,0.000226,0.046838
159,0.011937,0.000031,0.000003,0.010016,0.000267,0.000004,0.000245,0.022506
128,0.019870,0.000044,0.000004,0.052909,0.000343,0.000004,0.001144,0.074328
160,0.013425,0.000035,0.000003,0.050492,0.000282,0.000004,0.000229,0.064472
129,0.011929,0.000028,0.000003,0.005567,0.000250,0.000004,0.000976,0.018760
161,0.021916,0.000040,0.000003,0.008223,0.000266,0.000005,0.000241,0.030695
130,0.011809,0.000028,0.000003,0.042033,0.000253,0.000004,0.000884,0.055017
131,0.009504,0.000033,0.000004,0.006829,0.000276,0.000004,0.001211,0.017866
162,0.013097,0.000032,0.000003,0.040744,0.000257,0.000004,0.000233,0.054371
132,0.011961,0.000032,0.000003,0.048046,0.000264,0.000004,0.001029,0.061342
163,0.012174,0.000033,0.000003,0.049325,0.000269,0.000004,0.000219,0.062029
133,0.010382,0.000025,0.000003,0.048116,0.000232,0.000004,0.001002,0.059768
164,0.011849,0.000034,0.000003,0.050127,0.000262,0.000004,0.000237,0.062520
134,0.011723,0.000028,0.000003,0.048935,0.000288,0.000004,0.000931,0.061915
165,0.011978,0.000031,0.000003,0.046449,0.000257,0.000004,0.000229,0.058953
135,0.011704,0.000028,0.000003,0.037799,0.000239,0.000003,0.001112,0.050890
166,0.012033,0.000031,0.000003,0.047569,0.000250,0.000004,0.000237,0.060129
136,0.011803,0.000031,0.000003,0.042593,0.000249,0.000003,0.001065,0.055750
167,0.012267,0.000030,0.000003,0.037939,0.000246,0.000004,0.000210,0.050699
137,0.010217,0.000028,0.000003,0.040317,0.000243,0.000003,0.000972,0.051786
168,0.012560,0.000034,0.000003,0.046478,0.000263,0.000004,0.000223,0.059567
138,0.012839,0.000034,0.000003,0.055494,0.000395,0.000007,0.001508,0.070285
169,0.011743,0.000028,0.000002,0.046782,0.000246,0.000004,0.000209,0.059016
170,0.011689,0.000031,0.000003,0.004826,0.000276,0.000004,0.000220,0.017049
139,0.015353,0.000044,0.000004,0.055373,0.000321,0.000004,0.001077,0.072179
171,0.015537,0.000053,0.000005,0.045581,0.000365,0.000004,0.000254,0.061803
140,0.012700,0.000033,0.000003,0.040709,0.000236,0.000004,0.000878,0.054567
172,0.011961,0.000029,0.000003,0.049520,0.000269,0.000004,0.000234,0.062022
141,0.012184,0.000032,0.000003,0.014911,0.000255,0.000004,0.000968,0.028361
173,0.013538,0.000033,0.000004,0.009543,0.000273,0.000004,0.000240,0.023638
142,0.011890,0.000031,0.000003,0.040346,0.000263,0.000004,0.000995,0.053535
143,0.013558,0.000035,0.000003,0.005303,0.000249,0.000004,0.000932,0.020087
174,0.012125,0.000028,0.000003,0.044539,0.000265,0.000005,0.000223,0.057189
144,0.013755,0.000031,0.000003,0.009000,0.000253,0.000004,0.000958,0.024008
145,0.006567,0.000027,0.000003,0.011309,0.000247,0.000004,0.000944,0.019103
175,0.012297,0.000027,0.000003,0.046239,0.000242,0.000004,0.000216,0.059030
146,0.012168,0.000030,0.000003,0.010833,0.000229,0.000004,0.000798,0.024067
176,0.010152,0.000029,0.000003,0.044897,0.000291,0.000004,0.000224,0.055600
147,0.008437,0.000028,0.000003,0.041351,0.000215,0.000004,0.000894,0.050935
177,0.010758,0.000026,0.000003,0.003292,0.000249,0.000004,0.000207,0.014540
148,0.011649,0.000029,0.000003,0.009491,0.000246,0.000004,0.000898,0.022325
149,0.010685,0.000030,0.000003,0.035166,0.000226,0.000004,0.000779,0.046896
178,0.012173,0.000032,0.000003,0.048691,0.000257,0.000004,0.000239,0.061399
150,0.008264,0.000029,0.000003,0.041973,0.000244,0.000004,0.000888,0.051409
179,0.012965,0.000035,0.000003,0.044379,0.000229,0.000004,0.000250,0.057866
180,0.012897,0.000040,0.000004,0.008452,0.000255,0.000004,0.000250,0.021904
151,0.013148,0.000032,0.000003,0.045878,0.000256,0.000004,0.001017,0.060341
181,0.011158,0.000032,0.000003,0.041894,0.000236,0.000004,0.000222,0.053551
152,0.011838,0.000033,0.000003,0.042233,0.000253,0.000004,0.000865,0.055232
182,0.011147,0.000031,0.000003,0.039877,0.000248,0.000004,0.000215,0.051527
153,0.013963,0.000030,0.000003,0.040364,0.000242,0.000004,0.000847,0.055455
154,0.010654,0.000026,0.000003,0.003269,0.000212,0.000003,0.000761,0.014931
183,0.012434,0.000031,0.000003,0.046103,0.000263,0.000004,0.000249,0.059090
155,0.012221,0.000026,0.000003,0.009630,0.000226,0.000004,0.000892,0.023005
184,0.012767,0.000028,0.000003,0.008138,0.000262,0.000004,0.000226,0.021429
156,0.005917,0.000027,0.000003,0.037190,0.000226,0.000003,0.000783,0.044152
185,0.012731,0.000027,0.000003,0.046166,0.000260,0.000004,0.000238,0.059432
157,0.011318,0.000032,0.000003,0.014767,0.000241,0.000004,0.000846,0.027214
158,0.011594,0.000029,0.000003,0.035689,0.000235,0.000004,0.000876,0.048433
186,0.011813,0.000030,0.000003,0.039088,0.000217,0.000004,0.000252,0.051408
187,0.010894,0.000028,0.000003,0.040745,0.000235,0.000004,0.000217,0.052128
159,0.011923,0.000030,0.000003,0.042428,0.000218,0.000004,0.000834,0.055443
160,0.011911,0.000028,0.000003,0.043059,0.000226,0.000004,0.000869,0.056103
188,0.011764,0.000031,0.000003,0.048068,0.000246,0.000004,0.000234,0.060352
189,0.012791,0.000032,0.000003,0.006922,0.000252,0.000004,0.000238,0.020245
161,0.011905,0.000039,0.000003,0.045649,0.000255,0.000004,0.000904,0.058761
190,0.011855,0.000031,0.000003,0.051691,0.000236,0.000004,0.000263,0.064085
162,0.013891,0.000033,0.000004,0.038403,0.000239,0.000004,0.000882,0.053458
191,0.013409,0.000030,0.000004,0.043198,0.000245,0.000004,0.000237,0.057129
128,0.020778,0.000042,0.000004,0.045409,0.000302,0.000005,0.003241,0.069793
163,0.013257,0.000030,0.000003,0.052664,0.000270,0.000005,0.001072,0.067305
129,0.014125,0.000031,0.000003,0.044856,0.000248,0.000005,0.002831,0.062104
164,0.012581,0.000030,0.000003,0.047288,0.000260,0.000004,0.000842,0.061011
130,0.010148,0.000028,0.000003,0.043855,0.000295,0.000005,0.002590,0.056927
165,0.012212,0.000030,0.000003,0.044529,0.000251,0.000004,0.000885,0.057916
131,0.012916,0.000038,0.000003,0.042888,0.000238,0.000005,0.002661,0.058754
166,0.012642,0.000032,0.000003,0.047255,0.000257,0.000004,0.000932,0.061129
132,0.012457,0.000030,0.000003,0.046285,0.000242,0.000004,0.002725,0.061751
167,0.007404,0.000030,0.000003,0.043034,0.000242,0.000004,0.000896,0.051617
133,0.012160,0.000029,0.000003,0.045823,0.000261,0.000005,0.002572,0.060858
134,0.013020,0.000038,0.000003,0.004477,0.000236,0.000004,0.002539,0.020319
168,0.013771,0.000031,0.000003,0.044782,0.000241,0.000004,0.000883,0.059718
169,0.011664,0.000039,0.000003,0.042928,0.000245,0.000004,0.000843,0.055728
135,0.021303,0.000034,0.000003,0.045654,0.000245,0.000004,0.003102,0.070351
136,0.013665,0.000033,0.000003,0.010418,0.000255,0.000005,0.002870,0.027253
170,0.011638,0.000027,0.000003,0.035831,0.000228,0.000004,0.000816,0.048549
137,0.010280,0.000029,0.000003,0.042275,0.000243,0.000004,0.002697,0.055536
171,0.013541,0.000028,0.000003,0.039961,0.000224,0.000004,0.000809,0.054573
172,0.012939,0.000025,0.000002,0.031982,0.000207,0.000003,0.000783,0.045945
138,0.013716,0.000036,0.000003,0.035309,0.000244,0.000005,0.002659,0.051976
173,0.014113,0.000028,0.000003,0.044020,0.000221,0.000004,0.000972,0.059363
139,0.012124,0.000037,0.000003,0.048546,0.000467,0.000010,0.005398,0.066592
174,0.009753,0.000026,0.000003,0.039611,0.000222,0.000004,0.000797,0.050416
140,0.008056,0.000030,0.000003,0.041856,0.000227,0.000004,0.002300,0.052481
175,0.011444,0.000030,0.000003,0.038990,0.000260,0.000004,0.000923,0.051656
141,0.012663,0.000033,0.000003,0.042464,0.000260,0.000005,0.002877,0.058307
176,0.011841,0.000027,0.000003,0.005432,0.000227,0.000004,0.000797,0.018332
177,0.011876,0.000027,0.000003,0.040805,0.000266,0.000004,0.000868,0.053852
142,0.010592,0.000027,0.000003,0.046815,0.000239,0.000004,0.002404,0.060088
178,0.011986,0.000027,0.000003,0.004544,0.000226,0.000004,0.000857,0.017651
143,0.012067,0.000028,0.000003,0.041446,0.000258,0.000004,0.002702,0.056513
179,0.011231,0.000026,0.000003,0.040488,0.000229,0.000004,0.000816,0.052801
180,0.015726,0.000034,0.000003,0.004890,0.000260,0.000004,0.001005,0.021926
144,0.011914,0.000029,0.000003,0.042062,0.000242,0.000005,0.002801,0.057060
181,0.011396,0.000028,0.000003,0.041272,0.000243,0.000004,0.000852,0.053801
145,0.010294,0.000029,0.000003,0.050502,0.000255,0.000004,0.002444,0.063537
182,0.010648,0.000028,0.000004,0.035350,0.000234,0.000004,0.000782,0.047053
146,0.015300,0.000029,0.000003,0.041498,0.000259,0.000004,0.002584,0.059680
183,0.013892,0.000032,0.000003,0.034332,0.000211,0.000004,0.000926,0.049402
184,0.011543,0.000031,0.000003,0.004260,0.000252,0.000005,0.000983,0.017081
147,0.011154,0.000026,0.000003,0.036117,0.000257,0.000005,0.002260,0.049825
148,0.011492,0.000033,0.000003,0.012618,0.000245,0.000005,0.002477,0.026876
185,0.012839,0.000037,0.000003,0.036843,0.000230,0.000004,0.000836,0.050795
149,0.006052,0.000027,0.000002,0.042506,0.000234,0.000004,0.002532,0.051362
186,0.011063,0.000029,0.000003,0.036207,0.000245,0.000004,0.000853,0.048405
150,0.011575,0.000036,0.000004,0.043020,0.000248,0.000005,0.002271,0.057161
187,0.012417,0.000035,0.000003,0.043658,0.000256,0.000004,0.000865,0.057241
151,0.011505,0.000032,0.000003,0.010909,0.000244,0.000004,0.002473,0.025174
152,0.011544,0.000030,0.000003,0.004426,0.000220,0.000005,0.002698,0.018930
188,0.008545,0.000031,0.000003,0.037483,0.000241,0.000004,0.000767,0.047077
189,0.011044,0.000028,0.000003,0.037032,0.000224,0.000004,0.000831,0.049169
153,0.009804,0.000030,0.000003,0.040735,0.000236,0.000004,0.002225,0.053041
190,0.010168,0.000027,0.000003,0.007978,0.000210,0.000003,0.000745,0.019138
191,0.011585,0.000030,0.000003,0.005668,0.000234,0.000004,0.001025,0.018552
154,0.007846,0.000028,0.000002,0.045714,0.000236,0.000004,0.002541,0.056376
155,0.012529,0.000034,0.000003,0.046564,0.000356,0.000006,0.002441,0.061944
156,0.012174,0.000032,0.000004,0.009052,0.000224,0.000005,0.002388,0.023883
157,0.011570,0.000032,0.000004,0.003395,0.000217,0.000004,0.002178,0.017403
158,0.013832,0.000036,0.000003,0.040453,0.000222,0.000004,0.002437,0.056992
159,0.013390,0.000031,0.000003,0.043324,0.000223,0.000004,0.002455,0.059433
160,0.013806,0.000035,0.000003,0.012107,0.000242,0.000005,0.002542,0.028745
161,0.012188,0.000031,0.000003,0.043572,0.000285,0.000004,0.002559,0.058647
162,0.010945,0.000030,0.000003,0.039641,0.000234,0.000004,0.002375,0.053236
163,0.011403,0.000028,0.000002,0.034472,0.000218,0.000005,0.002222,0.048355
164,0.012931,0.000031,0.000003,0.041072,0.000229,0.000005,0.002438,0.056711
165,0.012053,0.000033,0.000003,0.013465,0.000255,0.000004,0.002394,0.028210
166,0.011336,0.000036,0.000003,0.010689,0.000220,0.000004,0.002405,0.024696
167,0.011429,0.000030,0.000004,0.046451,0.000240,0.000004,0.002955,0.061118
168,0.013444,0.000031,0.000003,0.030930,0.000239,0.000004,0.002480,0.047136
169,0.006750,0.000038,0.000003,0.042179,0.000225,0.000005,0.002291,0.051494
170,0.012018,0.000026,0.000002,0.011947,0.000223,0.000004,0.002210,0.026432
171,0.011727,0.000030,0.000003,0.028494,0.000227,0.000004,0.002306,0.042797
172,0.013302,0.000034,0.000003,0.034372,0.000219,0.000005,0.002217,0.050156
173,0.011802,0.000028,0.000003,0.029568,0.000233,0.000004,0.002342,0.043985
174,0.011920,0.000028,0.000002,0.015451,0.000222,0.000005,0.002298,0.029929
175,0.013462,0.000031,0.000003,0.034370,0.000235,0.000004,0.002398,0.050506
176,0.011533,0.000029,0.000003,0.029033,0.000231,0.000004,0.002447,0.043283
177,0.012106,0.000032,0.000003,0.033096,0.000230,0.000004,0.002429,0.047906
178,0.011311,0.000029,0.000003,0.008418,0.000228,0.000004,0.002274,0.022271
179,0.010470,0.000030,0.000003,0.036356,0.000228,0.000004,0.002331,0.049426
180,0.011938,0.000033,0.000003,0.036117,0.000223,0.000004,0.002289,0.050610
181,0.011666,0.000032,0.000003,0.034774,0.000244,0.000007,0.002368,0.049098
182,0.011197,0.000033,0.000003,0.038366,0.000254,0.000004,0.002382,0.052242
183,0.011039,0.000031,0.000003,0.008043,0.000226,0.000004,0.002407,0.021757
184,0.011894,0.000031,0.000003,0.036117,0.000239,0.000004,0.002332,0.050624
185,0.013193,0.000027,0.000003,0.036322,0.000222,0.000004,0.002366,0.052142
186,0.011850,0.000030,0.000002,0.033407,0.000236,0.000004,0.002299,0.047833
187,0.011064,0.000032,0.000003,0.006613,0.000198,0.000004,0.002205,0.020122
188,0.011689,0.000035,0.000003,0.030334,0.000225,0.000004,0.002273,0.044566
189,0.006038,0.000030,0.000002,0.031767,0.000238,0.000005,0.002342,0.040426
190,0.006208,0.000027,0.000003,0.034466,0.000232,0.000004,0.005372,0.046326
191,0.012021,0.000037,0.000004,0.032114,0.000328,0.000004,0.002362,0.046874
