sample_idx,h5_read,crop_timestamps,pad_timestamps,fill_missing,subset_sample,ndvi,normalize,total
0,1.396180,0.000142,0.000027,0.035563,0.000781,0.000012,0.008859,1.441583
0,1.436833,0.000059,0.000009,0.009254,0.037406,0.000027,0.004862,1.488481
1,0.050409,0.000101,0.000013,0.025624,0.000459,0.000009,0.005743,0.082365
0,1.506160,0.000053,0.000007,0.012062,0.000567,0.000009,0.003047,1.521923
0,1.506724,0.000059,0.000005,0.015682,0.000468,0.000006,0.002999,1.525955
0,1.419902,0.000069,0.000010,0.122177,0.000498,0.000007,0.000853,1.543527
0,1.426316,0.000080,0.000011,0.133631,0.000526,0.000006,0.000384,1.560962
0,1.482692,0.000066,0.000009,0.142221,0.000476,0.000007,0.001852,1.627336
2,0.006139,0.000035,0.000004,0.022983,0.000271,0.000004,0.003971,0.033412
0,1.458289,0.000126,0.000020,0.076214,0.000324,0.000005,0.032341,1.567329
1,0.005971,0.000043,0.000003,0.039320,0.000364,0.000005,0.000708,0.046418
1,0.006243,0.000042,0.000005,0.036988,0.000364,0.000005,0.000225,0.043877
0,1.495975,0.000074,0.000011,0.063910,0.000370,0.000005,0.035615,1.595982
1,0.008781,0.000057,0.000005,0.097127,0.000351,0.000006,0.001242,0.107573
3,0.008575,0.000037,0.000004,0.007068,0.000347,0.000006,0.003918,0.019959
2,0.005908,0.000036,0.000004,0.005641,0.000320,0.000005,0.000726,0.012643
0,1.584937,0.000044,0.000006,0.096505,0.000370,0.000006,0.001504,1.683379
0,1.529954,0.000055,0.000008,0.099423,0.000463,0.000006,0.000351,1.630268
0,1.497469,0.000053,0.000007,0.086579,0.000413,0.000006,0.001037,1.585573
0,1.526634,0.000049,0.000007,0.098101,0.000378,0.000005,0.007921,1.633101
0,1.474606,0.000082,0.000010,0.134633,0.000572,0.000010,0.001402,1.611331
1,0.006152,0.000035,0.000004,0.020193,0.000312,0.000006,0.009630,0.036341
1,0.006307,0.000040,0.000005,0.094651,0.000350,0.000005,0.002606,0.103970
1,0.005816,0.000042,0.000005,0.020373,0.000349,0.000005,0.001529,0.028125
0,1.529276,0.000056,0.000008,0.093235,0.000457,0.000006,0.010501,1.633562
0,1.482356,0.000067,0.000006,0.143812,0.000661,0.000010,0.000635,1.627562
1,0.028009,0.000085,0.000010,0.066440,0.000302,0.000004,0.001669,0.096524
1,0.007347,0.000052,0.000004,0.118321,0.000375,0.000008,0.002640,0.128755
2,0.005301,0.000034,0.000005,0.059923,0.000303,0.000004,0.000182,0.065755
2,0.005998,0.000034,0.000003,0.063249,0.000292,0.000004,0.000941,0.070524
1,0.006372,0.000046,0.000004,0.066243,0.000320,0.000005,0.006099,0.079095
1,0.005876,0.000040,0.000004,0.014235,0.000293,0.000006,0.013142,0.033603
1,0.008584,0.000052,0.000008,0.028589,0.000584,0.000011,0.000408,0.038242
3,0.006551,0.000033,0.000003,0.071530,0.000398,0.000007,0.000999,0.079525
4,0.005638,0.000033,0.000004,0.080355,0.000394,0.000008,0.005267,0.091706
1,0.006371,0.000035,0.000004,0.074424,0.000328,0.000005,0.000169,0.081339
1,0.006013,0.000043,0.000004,0.064531,0.000283,0.000004,0.007257,0.078143
1,0.006169,0.000047,0.000006,0.075602,0.000300,0.000005,0.000809,0.082942
3,0.016121,0.000049,0.000007,0.021040,0.000309,0.000004,0.000212,0.037744
2,0.005263,0.000034,0.000004,0.061208,0.000343,0.000006,0.002427,0.069289
2,0.006279,0.000029,0.000004,0.063372,0.000282,0.000004,0.009776,0.079750
2,0.006351,0.000036,0.000004,0.013689,0.000297,0.000004,0.000163,0.020547
2,0.005860,0.000034,0.000004,0.070633,0.000279,0.000004,0.001475,0.078294
4,0.005910,0.000036,0.000007,0.009735,0.000328,0.000005,0.000222,0.016245
2,0.009011,0.000044,0.000004,0.025907,0.000403,0.000008,0.000329,0.035711
2,0.006020,0.000038,0.000004,0.070052,0.000371,0.000004,0.001655,0.078150
1,0.007368,0.000046,0.000004,0.117754,0.000492,0.000008,0.001165,0.126845
2,0.006041,0.000038,0.000004,0.064567,0.000294,0.000003,0.005892,0.076846
2,0.006516,0.000039,0.000004,0.064102,0.000277,0.000004,0.007984,0.078930
2,0.005595,0.000035,0.000003,0.058735,0.000270,0.000004,0.000780,0.065427
5,0.005415,0.000031,0.000003,0.068368,0.000270,0.000004,0.008216,0.082314
4,0.006684,0.000037,0.000003,0.080240,0.000406,0.000008,0.000975,0.088357
3,0.009159,0.000048,0.000004,0.094192,0.000382,0.000007,0.001240,0.105037
2,0.005920,0.000038,0.000003,0.073412,0.000307,0.000004,0.007138,0.086828
3,0.006387,0.000039,0.000003,0.068597,0.000302,0.000005,0.000180,0.075516
2,0.017921,0.000068,0.000004,0.118576,0.000384,0.000006,0.003106,0.140074
3,0.012408,0.000035,0.000004,0.017777,0.000291,0.000004,0.000808,0.031332
3,0.006546,0.000031,0.000003,0.077398,0.000302,0.000005,0.002429,0.086721
5,0.006265,0.000038,0.000005,0.072661,0.000319,0.000004,0.000217,0.079512
3,0.005800,0.000046,0.000003,0.067565,0.000341,0.000004,0.011195,0.084960
3,0.006893,0.000036,0.000004,0.078356,0.000306,0.000005,0.001441,0.087045
3,0.008017,0.000040,0.000004,0.037365,0.000306,0.000005,0.006312,0.052057
4,0.004961,0.000031,0.000004,0.005202,0.000289,0.000005,0.000855,0.011351
3,0.007644,0.000038,0.000004,0.072288,0.000291,0.000004,0.001612,0.081885
3,0.005941,0.000035,0.000003,0.058281,0.000307,0.000004,0.008492,0.073071
4,0.007320,0.000038,0.000004,0.013545,0.000297,0.000005,0.001649,0.022862
2,0.007632,0.000048,0.000004,0.088346,0.000393,0.000007,0.001050,0.097486
6,0.005427,0.000033,0.000004,0.063570,0.000292,0.000005,0.003665,0.073001
5,0.006363,0.000036,0.000004,0.064062,0.000263,0.000004,0.000556,0.071291
3,0.009212,0.000053,0.000005,0.125007,0.000426,0.000007,0.000358,0.135073
4,0.006798,0.000038,0.000003,0.058441,0.000264,0.000005,0.000163,0.065715
4,0.008522,0.000050,0.000005,0.069671,0.000336,0.000006,0.000987,0.079580
5,0.006149,0.000032,0.000003,0.017137,0.000280,0.000004,0.001558,0.025168
3,0.006668,0.000040,0.000004,0.075760,0.000278,0.000005,0.005942,0.088703
4,0.006229,0.000032,0.000004,0.069649,0.000290,0.000005,0.002256,0.078469
6,0.006051,0.000030,0.000005,0.072058,0.000338,0.000005,0.000209,0.078697
4,0.007363,0.000037,0.000003,0.063042,0.000265,0.000004,0.010285,0.081005
4,0.013577,0.000035,0.000004,0.067364,0.000292,0.000004,0.001544,0.082826
5,0.006354,0.000030,0.000004,0.074093,0.000293,0.000004,0.000857,0.081640
5,0.007099,0.000042,0.000004,0.020058,0.000315,0.000004,0.000960,0.028486
4,0.007778,0.000038,0.000004,0.078663,0.000307,0.000005,0.006307,0.093108
3,0.007707,0.000040,0.000005,0.107781,0.000393,0.000009,0.003081,0.119024
4,0.006157,0.000051,0.000003,0.068674,0.000301,0.000005,0.008090,0.083289
6,0.006080,0.000034,0.000003,0.017126,0.000325,0.000004,0.001032,0.024608
5,0.005701,0.000040,0.000004,0.051745,0.000280,0.000005,0.000158,0.057936
6,0.008583,0.000048,0.000003,0.019800,0.000296,0.000004,0.000835,0.029572
7,0.006199,0.000037,0.000004,0.075166,0.000311,0.000004,0.004469,0.086195
6,0.008361,0.000037,0.000004,0.075190,0.000305,0.000005,0.000651,0.084558
6,0.006084,0.000033,0.000003,0.064665,0.000265,0.000003,0.001552,0.072610
4,0.006923,0.000031,0.000003,0.058919,0.000255,0.000004,0.006285,0.072427
5,0.006383,0.000039,0.000004,0.060806,0.000267,0.000004,0.002381,0.069889
5,0.004933,0.000029,0.000003,0.054263,0.000255,0.000004,0.008714,0.068205
3,0.008636,0.000046,0.000003,0.102808,0.000460,0.000008,0.001200,0.113167
7,0.008091,0.000036,0.000005,0.069719,0.000297,0.000005,0.000191,0.078346
8,0.005735,0.000031,0.000003,0.018450,0.000259,0.000004,0.003277,0.027763
5,0.006472,0.000033,0.000003,0.065437,0.000278,0.000004,0.005669,0.077902
5,0.008407,0.000039,0.000003,0.067765,0.000282,0.000005,0.006884,0.083391
5,0.005943,0.000040,0.000004,0.056354,0.000311,0.000004,0.008369,0.071031
7,0.005144,0.000034,0.000003,0.058474,0.000332,0.000005,0.000927,0.064922
7,0.005326,0.000033,0.000003,0.063256,0.000313,0.000005,0.001131,0.070072
6,0.006509,0.000038,0.000003,0.064925,0.000293,0.000005,0.000167,0.071942
4,0.017485,0.000050,0.000005,0.121147,0.000290,0.000004,0.000201,0.139184
8,0.007054,0.000035,0.000003,0.015057,0.000306,0.000004,0.001079,0.023544
6,0.005927,0.000035,0.000003,0.009436,0.000322,0.000005,0.009218,0.024954
5,0.005057,0.000033,0.000003,0.054820,0.000315,0.000004,0.007135,0.067374
7,0.006197,0.000041,0.000004,0.072258,0.000309,0.000005,0.000667,0.079486
7,0.006691,0.000037,0.000004,0.073279,0.000274,0.000004,0.001741,0.082036
6,0.006912,0.000035,0.000002,0.074147,0.000307,0.000005,0.002746,0.084159
9,0.005085,0.000029,0.000003,0.057536,0.000262,0.000004,0.003571,0.066495
4,0.007640,0.000043,0.000004,0.111689,0.000410,0.000008,0.002928,0.122730
6,0.007645,0.000035,0.000003,0.068849,0.000284,0.000003,0.010230,0.087056
8,0.007226,0.000040,0.000006,0.069174,0.000285,0.000004,0.000199,0.076936
8,0.006357,0.000037,0.000003,0.021165,0.000320,0.000004,0.000654,0.028546
6,0.005847,0.000034,0.000003,0.072326,0.000300,0.000004,0.001452,0.079973
5,0.006276,0.000035,0.000003,0.063011,0.000345,0.000004,0.000217,0.069893
6,0.006498,0.000039,0.000003,0.064633,0.000306,0.000004,0.010996,0.082488
7,0.006352,0.000038,0.000003,0.074935,0.000322,0.000005,0.000173,0.081830
5,0.007462,0.000044,0.000005,0.027413,0.000417,0.000009,0.005476,0.040836
8,0.009530,0.000038,0.000004,0.075062,0.000320,0.000005,0.001150,0.086115
4,0.011828,0.000049,0.000004,0.113920,0.000342,0.000005,0.000775,0.126926
9,0.006185,0.000036,0.000003,0.069996,0.000286,0.000004,0.001070,0.077583
6,0.005247,0.000032,0.000004,0.066782,0.000288,0.000004,0.006854,0.079218
8,0.006554,0.000034,0.000003,0.062467,0.000283,0.000004,0.001476,0.070827
7,0.006413,0.000036,0.000003,0.070001,0.000309,0.000005,0.008213,0.084985
5,0.009769,0.000036,0.000003,0.010655,0.000283,0.000005,0.000810,0.021565
7,0.007341,0.000040,0.000004,0.069775,0.000290,0.000005,0.002471,0.079929
9,0.006369,0.000046,0.000008,0.067870,0.000289,0.000004,0.000197,0.074786
7,0.005619,0.000033,0.000003,0.064166,0.000333,0.000004,0.011539,0.081704
10,0.007071,0.000034,0.000003,0.075331,0.000315,0.000005,0.004434,0.087198
6,0.005536,0.000036,0.000003,0.065799,0.000251,0.000005,0.000191,0.071823
9,0.006930,0.000041,0.000004,0.034176,0.000304,0.000004,0.000835,0.042299
7,0.007680,0.000033,0.000003,0.066125,0.000264,0.000005,0.001471,0.075586
9,0.015732,0.000051,0.000004,0.070140,0.000307,0.000004,0.000600,0.086841
8,0.006331,0.000037,0.000004,0.015021,0.000264,0.000004,0.002336,0.024002
10,0.006306,0.000034,0.000005,0.020227,0.000256,0.000004,0.000175,0.027010
7,0.007213,0.000041,0.000004,0.059808,0.000278,0.000004,0.006106,0.073458
8,0.006578,0.000038,0.000003,0.065555,0.000287,0.000005,0.000164,0.072633
6,0.008380,0.000059,0.000005,0.059676,0.000265,0.000005,0.001858,0.070252
10,0.005934,0.000034,0.000004,0.068165,0.000342,0.000004,0.001267,0.075755
7,0.005864,0.000036,0.000003,0.062093,0.000321,0.000005,0.007904,0.076233
7,0.004833,0.000028,0.000003,0.011153,0.000290,0.000005,0.002080,0.018398
6,0.006064,0.000037,0.000003,0.055490,0.000304,0.000005,0.000976,0.062884
8,0.010105,0.000038,0.000004,0.022703,0.000291,0.000004,0.001423,0.034574
9,0.013182,0.000039,0.000004,0.068319,0.000337,0.000004,0.001799,0.083690
8,0.006472,0.000043,0.000004,0.069912,0.000360,0.000005,0.008303,0.085105
8,0.007653,0.000040,0.000004,0.013174,0.000294,0.000004,0.009228,0.030402
9,0.006055,0.000036,0.000004,0.058966,0.000301,0.000005,0.002693,0.068067
8,0.006220,0.000047,0.000004,0.076108,0.000403,0.000007,0.010936,0.093732
7,0.007278,0.000038,0.000004,0.066080,0.000312,0.000004,0.000218,0.073936
11,0.005772,0.000033,0.000007,0.066232,0.000292,0.000004,0.000196,0.072536
11,0.012815,0.000032,0.000003,0.062885,0.000288,0.000005,0.004410,0.080442
9,0.005828,0.000036,0.000003,0.022861,0.000277,0.000004,0.007483,0.036498
8,0.005743,0.000050,0.000005,0.066888,0.000291,0.000004,0.006879,0.079866
10,0.008303,0.000045,0.000005,0.072374,0.000285,0.000004,0.000672,0.081691
10,0.013150,0.000038,0.000004,0.070957,0.000293,0.000005,0.000832,0.085284
8,0.006193,0.000035,0.000003,0.012679,0.000339,0.000005,0.000265,0.019523
9,0.010453,0.000037,0.000004,0.080349,0.000339,0.000004,0.000179,0.091368
11,0.007014,0.000037,0.000003,0.071214,0.000320,0.000004,0.001167,0.079765
9,0.006088,0.000034,0.000006,0.063203,0.000322,0.000007,0.001611,0.071275
7,0.006626,0.000042,0.000003,0.072224,0.000245,0.000004,0.000715,0.079863
8,0.006021,0.000036,0.000003,0.070299,0.000283,0.000004,0.002132,0.078783
10,0.008045,0.000033,0.000004,0.069558,0.000298,0.000004,0.001667,0.079612
9,0.005607,0.000030,0.000003,0.028921,0.000332,0.000005,0.007554,0.042457
11,0.008082,0.000037,0.000004,0.025666,0.000279,0.000004,0.000800,0.034876
10,0.009595,0.000047,0.000005,0.016731,0.000331,0.000005,0.001608,0.028329
8,0.005208,0.000035,0.000004,0.023096,0.000345,0.000005,0.000804,0.029501
10,0.006620,0.000040,0.000004,0.071932,0.000293,0.000004,0.002769,0.081669
9,0.006410,0.000039,0.000003,0.082400,0.000322,0.000006,0.008033,0.097220
12,0.005962,0.000033,0.000006,0.074636,0.000288,0.000004,0.000190,0.081122
12,0.005936,0.000031,0.000003,0.073804,0.000300,0.000005,0.004286,0.084371
10,0.005685,0.000036,0.000004,0.069748,0.000297,0.000004,0.008200,0.083980
11,0.006304,0.000060,0.000004,0.077473,0.000329,0.000004,0.000633,0.084810
9,0.006925,0.000034,0.000004,0.077229,0.000338,0.000005,0.016433,0.100973
10,0.005367,0.000032,0.000004,0.005588,0.000249,0.000004,0.006529,0.017778
9,0.005377,0.000036,0.000003,0.078859,0.000310,0.000004,0.000200,0.084790
12,0.011000,0.000038,0.000004,0.062239,0.000259,0.000004,0.000948,0.074496
10,0.006833,0.000039,0.000003,0.079783,0.000343,0.000005,0.000177,0.087187
13,0.006208,0.000034,0.000006,0.022204,0.000311,0.000004,0.000198,0.028966
11,0.006741,0.000034,0.000003,0.064923,0.000294,0.000004,0.001794,0.073798
9,0.008608,0.000041,0.000004,0.064976,0.000325,0.000004,0.002156,0.076122
10,0.006164,0.000035,0.000004,0.068364,0.000295,0.000004,0.011253,0.086124
12,0.008047,0.000037,0.000004,0.067592,0.008336,0.000005,0.000946,0.084971
11,0.006643,0.000038,0.000004,0.067676,0.000356,0.000005,0.001464,0.076192
9,0.007415,0.000036,0.000003,0.073024,0.000310,0.000004,0.000854,0.081651
11,0.006089,0.000039,0.000004,0.074765,0.000353,0.000006,0.002674,0.083938
11,0.005891,0.000037,0.000003,0.063450,0.000297,0.000005,0.008638,0.078328
13,0.007039,0.000035,0.000003,0.072901,0.000303,0.000004,0.004433,0.084724
12,0.007072,0.000040,0.000004,0.068286,0.000270,0.000004,0.000682,0.076362
10,0.006956,0.000037,0.000005,0.061973,0.000276,0.000004,0.009836,0.079093
11,0.005973,0.000035,0.000003,0.069853,0.000318,0.000004,0.008046,0.084239
14,0.005150,0.000030,0.000005,0.071305,0.000287,0.000005,0.000185,0.076971
10,0.007883,0.000036,0.000004,0.077748,0.000274,0.000004,0.000210,0.086161
13,0.007761,0.000039,0.000003,0.077768,0.000310,0.000005,0.001076,0.086967
11,0.007307,0.000039,0.000005,0.082379,0.000306,0.000005,0.000191,0.090233
10,0.006809,0.000030,0.000004,0.072227,0.000313,0.000005,0.002033,0.081426
12,0.009803,0.000044,0.000004,0.072617,0.000282,0.000006,0.001694,0.084456
12,0.006338,0.000036,0.000004,0.032996,0.000278,0.000005,0.002749,0.042411
12,0.006193,0.000036,0.000003,0.024993,0.000287,0.000004,0.008220,0.039744
11,0.006200,0.000042,0.000004,0.065579,0.000277,0.000004,0.006699,0.078811
12,0.007425,0.000036,0.000004,0.063735,0.000308,0.000004,0.001515,0.073032
13,0.007769,0.000041,0.000004,0.076750,0.000320,0.000006,0.000895,0.085788
10,0.006221,0.000037,0.000003,0.082948,0.000356,0.000005,0.000954,0.090529
13,0.006790,0.000038,0.000004,0.017442,0.000289,0.000004,0.010874,0.035449
14,0.006178,0.000039,0.000003,0.065212,0.000301,0.000004,0.004001,0.075744
13,0.006565,0.000041,0.000004,0.088464,0.000336,0.000004,0.000626,0.096043
15,0.007896,0.000035,0.000006,0.074403,0.000395,0.000004,0.000217,0.082958
11,0.006552,0.000036,0.000004,0.076054,0.000284,0.000004,0.000221,0.083157
12,0.006445,0.000040,0.000004,0.074543,0.000349,0.000005,0.007367,0.088759
11,0.006449,0.000038,0.000004,0.077644,0.000340,0.000005,0.010919,0.095406
14,0.008106,0.000034,0.000003,0.080176,0.000332,0.000004,0.001071,0.089731
12,0.006702,0.000036,0.000003,0.074850,0.000276,0.000004,0.000161,0.082034
13,0.007094,0.000038,0.000003,0.071191,0.000284,0.000005,0.001615,0.080233
11,0.005315,0.000031,0.000004,0.076753,0.000287,0.000004,0.001843,0.084242
13,0.006248,0.000039,0.000004,0.079521,0.000321,0.000006,0.002671,0.088814
12,0.006234,0.000037,0.000003,0.073461,0.000306,0.000004,0.007275,0.087324
14,0.010574,0.000036,0.000003,0.068361,0.000317,0.000005,0.000983,0.080284
13,0.014790,0.000032,0.000004,0.073507,0.000305,0.000004,0.001523,0.090170
14,0.007996,0.000034,0.000004,0.013666,0.000271,0.000004,0.001811,0.023791
12,0.006124,0.000033,0.000003,0.030679,0.000316,0.000004,0.000220,0.037380
12,0.006896,0.000031,0.000004,0.023833,0.000282,0.000004,0.010941,0.041997
11,0.008442,0.000038,0.000004,0.072762,0.004459,0.000005,0.000839,0.086554
14,0.006115,0.000036,0.000003,0.072037,0.000367,0.000004,0.006856,0.085425
13,0.006598,0.000035,0.000004,0.018298,0.000303,0.000005,0.007679,0.032927
15,0.006721,0.000040,0.000003,0.084699,0.000373,0.000006,0.005103,0.096950
16,0.008901,0.000037,0.000005,0.067208,0.000316,0.000004,0.000197,0.076671
14,0.006155,0.000035,0.000005,0.078324,0.000319,0.000004,0.000677,0.085524
13,0.005748,0.000033,0.000003,0.071302,0.000307,0.000005,0.007686,0.085091
15,0.007575,0.000037,0.000004,0.071663,0.000304,0.000004,0.001218,0.080810
13,0.006925,0.000039,0.000004,0.073483,0.000296,0.000005,0.000166,0.080921
12,0.008436,0.000038,0.000004,0.068037,0.000321,0.000006,0.002196,0.079045
14,0.008443,0.000078,0.000003,0.069506,0.000309,0.000004,0.002361,0.080711
14,0.007054,0.000032,0.000003,0.060387,0.000276,0.000004,0.001462,0.069223
15,0.006926,0.000039,0.000004,0.073888,0.000327,0.000005,0.000931,0.082125
13,0.007716,0.000034,0.000004,0.069701,0.000306,0.000004,0.000215,0.077982
15,0.005688,0.000031,0.000003,0.071351,0.000324,0.000004,0.001541,0.078947
12,0.006912,0.000036,0.000004,0.066052,0.000295,0.000004,0.000840,0.074147
15,0.005323,0.000031,0.000004,0.021514,0.000285,0.000004,0.001375,0.028541
15,0.006439,0.000033,0.000003,0.021957,0.000292,0.000005,0.002404,0.031140
14,0.005885,0.000035,0.000003,0.064612,0.000279,0.000004,0.006586,0.077408
13,0.011675,0.000040,0.000004,0.075231,0.000304,0.000005,0.010641,0.097907
15,0.006473,0.000040,0.000003,0.073275,0.000331,0.000005,0.008023,0.088159
17,0.006655,0.000039,0.000005,0.068917,0.000257,0.000004,0.000205,0.076083
14,0.006086,0.000036,0.000004,0.057814,0.000276,0.000004,0.000151,0.064373
15,0.006573,0.000037,0.000004,0.071132,0.000324,0.000005,0.000751,0.078829
16,0.008208,0.000040,0.000005,0.073470,0.000394,0.000004,0.004056,0.086183
16,0.006206,0.000037,0.000003,0.078279,0.000316,0.000004,0.000966,0.085813
16,0.005618,0.000040,0.000004,0.014231,0.000308,0.000005,0.007671,0.027881
14,0.006163,0.000037,0.000003,0.075257,0.000285,0.000004,0.006979,0.088733
13,0.008088,0.000050,0.000004,0.075280,0.000295,0.000005,0.002063,0.085788
15,0.009584,0.000034,0.000003,0.020159,0.000246,0.000004,0.005001,0.035036
14,0.006445,0.000039,0.000003,0.066485,0.000252,0.000004,0.000187,0.073416
16,0.009762,0.000042,0.000003,0.064362,0.000265,0.000004,0.001381,0.075824
13,0.007008,0.000037,0.000003,0.053672,0.000229,0.000004,0.000637,0.061593
16,0.008345,0.000034,0.000004,0.069679,0.000233,0.000004,0.000756,0.079059
16,0.007881,0.000037,0.000005,0.054979,0.000232,0.000004,0.001885,0.065027
16,0.007490,0.000035,0.000003,0.061271,0.000227,0.000004,0.001110,0.070143
14,0.007727,0.000038,0.000004,0.050185,0.000217,0.000004,0.006052,0.064232
18,0.007591,0.000033,0.000006,0.052519,0.000230,0.000004,0.000160,0.060544
15,0.009769,0.000031,0.000003,0.013633,0.000238,0.000004,0.000158,0.023837
17,0.010692,0.000072,0.000007,0.009545,0.000309,0.000004,0.009003,0.029640
17,0.009711,0.000034,0.000003,0.019775,0.000301,0.000004,0.001081,0.030913
15,0.008896,0.000032,0.000003,0.010946,0.000290,0.000005,0.000211,0.020386
17,0.009775,0.000035,0.000005,0.022195,0.000312,0.000004,0.002436,0.034768
17,0.007964,0.000058,0.000006,0.027493,0.000291,0.000004,0.000848,0.036668
16,0.012346,0.000043,0.000004,0.013382,0.000291,0.000004,0.000166,0.026238
17,0.010820,0.000028,0.000003,0.057074,0.000308,0.000004,0.003333,0.071575
18,0.006415,0.000043,0.000004,0.015605,0.000348,0.000004,0.009099,0.031523
16,0.009466,0.000059,0.000006,0.070676,0.000399,0.000004,0.000717,0.081330
17,0.006186,0.000036,0.000003,0.009393,0.000305,0.000005,0.000187,0.016117
18,0.007828,0.000035,0.000004,0.013214,0.000269,0.000005,0.002685,0.024044
18,0.005165,0.000038,0.000003,0.007603,0.000298,0.000005,0.003977,0.017094
16,0.008667,0.000035,0.000003,0.060575,0.000314,0.000004,0.010110,0.079716
15,0.010888,0.000035,0.000003,0.066295,0.000286,0.000004,0.007405,0.084922
14,0.014381,0.000033,0.000003,0.069791,0.000305,0.000005,0.002012,0.086535
17,0.007663,0.000044,0.000003,0.069303,0.000282,0.000004,0.001612,0.078915
17,0.011009,0.000035,0.000005,0.065645,0.000269,0.000005,0.001431,0.078404
19,0.012800,0.000039,0.000006,0.063873,0.000292,0.000004,0.000189,0.077204
18,0.006293,0.000040,0.000004,0.064134,0.000319,0.000004,0.001220,0.072020
16,0.005223,0.000029,0.000003,0.070176,0.000303,0.000004,0.000200,0.075940
16,0.005524,0.000035,0.000003,0.013277,0.000312,0.000004,0.007773,0.026935
17,0.005810,0.000039,0.000003,0.016324,0.000269,0.000003,0.008405,0.030858
14,0.011810,0.000043,0.000004,0.094696,0.000362,0.000005,0.001080,0.108006
15,0.008601,0.000052,0.000004,0.020658,0.000313,0.000005,0.002315,0.031953
15,0.008400,0.000055,0.000006,0.088830,0.000372,0.000007,0.015055,0.112735
18,0.008272,0.000038,0.000004,0.066728,0.000294,0.000004,0.000929,0.076273
18,0.005376,0.000032,0.000003,0.055709,0.000271,0.000004,0.000152,0.061550
17,0.007700,0.000035,0.000003,0.016625,0.000279,0.000004,0.000216,0.024865
19,0.006003,0.000039,0.000004,0.063211,0.000298,0.000005,0.008451,0.078019
17,0.005831,0.000037,0.000003,0.013547,0.000323,0.000004,0.007436,0.027186
17,0.007008,0.000035,0.000003,0.072052,0.000300,0.000004,0.000641,0.080048
19,0.006118,0.000039,0.000004,0.065766,0.000326,0.000004,0.002697,0.074959
15,0.007841,0.000045,0.000003,0.019004,0.000344,0.000008,0.001847,0.029099
19,0.005542,0.000042,0.000003,0.064248,0.000296,0.000004,0.004180,0.074321
18,0.005826,0.000037,0.000004,0.017748,0.000296,0.000004,0.000212,0.024130
18,0.008657,0.000035,0.000004,0.063116,0.000243,0.000005,0.001237,0.073300
18,0.005868,0.000038,0.000003,0.014632,0.000280,0.000004,0.006106,0.026937
20,0.005834,0.000037,0.000006,0.065724,0.000272,0.000004,0.000179,0.072059
18,0.006220,0.000034,0.000003,0.082607,0.000318,0.000005,0.001739,0.090930
19,0.006807,0.000041,0.000005,0.069168,0.000295,0.000004,0.001080,0.077404
19,0.010749,0.000042,0.000004,0.017242,0.000304,0.000004,0.000219,0.028566
16,0.005424,0.000034,0.000003,0.063250,0.000281,0.000005,0.001920,0.070921
18,0.005885,0.000035,0.000003,0.066542,0.000284,0.000004,0.006452,0.079211
21,0.008104,0.000045,0.000005,0.014828,0.000282,0.000004,0.000245,0.023515
19,0.005535,0.000032,0.000004,0.070123,0.000297,0.000004,0.000822,0.076820
19,0.007531,0.000037,0.000003,0.067371,0.000274,0.000004,0.000178,0.075401
20,0.006310,0.000037,0.000003,0.056352,0.000322,0.000004,0.008402,0.071435
19,0.010138,0.000038,0.000003,0.017643,0.000281,0.000004,0.001498,0.029609
20,0.006224,0.000035,0.000004,0.022875,0.000290,0.000004,0.001139,0.030575
16,0.006846,0.000032,0.000004,0.053141,0.000252,0.000004,0.000749,0.061032
22,0.005868,0.000039,0.000005,0.015470,0.000280,0.000004,0.000204,0.021872
20,0.006200,0.000037,0.000004,0.054952,0.000306,0.000004,0.003950,0.065457
18,0.006548,0.000042,0.000005,0.067358,0.000320,0.000004,0.000653,0.074934
19,0.006226,0.000037,0.000003,0.059146,0.000293,0.000004,0.001591,0.067305
20,0.008383,0.000036,0.000004,0.019597,0.000305,0.000005,0.000892,0.029225
20,0.008321,0.000035,0.000003,0.077903,0.000317,0.000005,0.002631,0.089222
19,0.005443,0.000033,0.000003,0.057285,0.000314,0.000004,0.007782,0.070870
21,0.005848,0.000033,0.000003,0.012669,0.000286,0.000004,0.004130,0.022980
20,0.006409,0.000037,0.000003,0.028626,0.000319,0.000004,0.000166,0.035568
20,0.005195,0.000032,0.000003,0.056646,0.000258,0.000004,0.000202,0.062343
19,0.005878,0.000035,0.000003,0.052657,0.000284,0.000004,0.006318,0.065184
20,0.005732,0.000033,0.000003,0.053994,0.000303,0.000004,0.001545,0.061620
21,0.007646,0.000034,0.000003,0.018849,0.000334,0.000005,0.000196,0.027069
21,0.005934,0.000049,0.000003,0.051722,0.000291,0.000004,0.008338,0.066349
23,0.005027,0.000035,0.000004,0.054088,0.000283,0.000004,0.000178,0.059621
17,0.009063,0.000040,0.000004,0.075621,0.000336,0.000005,0.002419,0.087494
21,0.012144,0.000041,0.000004,0.016414,0.000288,0.000004,0.000213,0.029110
21,0.005645,0.000035,0.000003,0.075594,0.000315,0.000004,0.001067,0.082668
17,0.007716,0.000037,0.000003,0.072827,0.000286,0.000004,0.000891,0.081768
22,0.005758,0.000034,0.000004,0.008949,0.000311,0.000005,0.000241,0.015305
19,0.006440,0.000040,0.000004,0.073842,0.000302,0.000004,0.000639,0.081274
24,0.008046,0.000038,0.000005,0.016090,0.000284,0.000004,0.000193,0.024663
21,0.009083,0.000034,0.000004,0.022198,0.000305,0.000005,0.001622,0.033255
20,0.006514,0.000034,0.000003,0.067327,0.000292,0.000004,0.001726,0.075903
16,0.009487,0.000045,0.000004,0.159868,0.000350,0.000006,0.017371,0.187139
21,0.005823,0.000033,0.000004,0.072072,0.000290,0.000004,0.001062,0.079295
25,0.005722,0.000032,0.000006,0.007369,0.000326,0.000005,0.000220,0.013681
22,0.005929,0.000032,0.000003,0.067554,0.000284,0.000004,0.004057,0.077868
21,0.008195,0.000035,0.000004,0.074165,0.000281,0.000005,0.002683,0.085375
20,0.005888,0.000036,0.000003,0.071378,0.000339,0.000005,0.007587,0.085245
23,0.006066,0.000033,0.000003,0.016061,0.000301,0.000004,0.000209,0.022681
20,0.006461,0.000036,0.000004,0.055119,0.000280,0.000003,0.006414,0.068322
18,0.007076,0.000039,0.000004,0.021716,0.000258,0.000004,0.000761,0.029861
22,0.006367,0.000034,0.000003,0.023098,0.000412,0.000007,0.002256,0.032185
22,0.007079,0.000033,0.000004,0.014956,0.000325,0.000005,0.001580,0.023985
26,0.006231,0.000036,0.000007,0.009357,0.000300,0.000005,0.000221,0.016161
22,0.006046,0.000034,0.000004,0.013143,0.000330,0.000006,0.002818,0.022388
22,0.007336,0.000044,0.000003,0.067459,0.000309,0.000004,0.000166,0.075325
24,0.006296,0.000041,0.000004,0.017217,0.000248,0.000004,0.000193,0.024004
18,0.008265,0.000040,0.000004,0.074923,0.000303,0.000004,0.002687,0.086232
23,0.005620,0.000032,0.000003,0.037638,0.000316,0.000006,0.004399,0.048019
22,0.005772,0.000033,0.000004,0.085918,0.000320,0.000007,0.008585,0.100644
23,0.009439,0.000062,0.000006,0.032543,0.000508,0.000009,0.001732,0.044309
20,0.006265,0.000036,0.000004,0.069158,0.000291,0.000004,0.000656,0.076418
22,0.008124,0.000035,0.000004,0.056630,0.000275,0.000005,0.000875,0.065952
23,0.005970,0.000035,0.000003,0.063562,0.000352,0.000005,0.001764,0.071697
19,0.007704,0.000039,0.000004,0.073673,0.000310,0.000004,0.000902,0.082639
21,0.006144,0.000041,0.000005,0.066484,0.000343,0.000005,0.014635,0.087662
21,0.006151,0.000038,0.000003,0.076345,0.000318,0.000005,0.006636,0.089502
27,0.005831,0.000034,0.000006,0.076396,0.000339,0.000004,0.000202,0.082815
24,0.006943,0.000043,0.000004,0.036440,0.000339,0.000004,0.001110,0.044888
23,0.009960,0.000043,0.000004,0.064974,0.000306,0.000004,0.002649,0.077945
21,0.014229,0.000044,0.000004,0.102240,0.000334,0.000005,0.001993,0.118855
24,0.008720,0.000033,0.000003,0.012886,0.000271,0.000004,0.001652,0.023573
25,0.008645,0.000048,0.000005,0.065110,0.000269,0.000004,0.000202,0.074285
23,0.013007,0.000049,0.000005,0.069000,0.000267,0.000004,0.000161,0.082496
17,0.007469,0.000039,0.000005,0.111495,0.000288,0.000004,0.011844,0.131149
22,0.005845,0.000035,0.000003,0.010221,0.000294,0.000006,0.007687,0.024096
24,0.005274,0.000029,0.000003,0.059252,0.000276,0.000004,0.003672,0.068515
19,0.007313,0.000038,0.000004,0.070106,0.000303,0.000004,0.002024,0.079797
24,0.006261,0.000031,0.000003,0.019325,0.000236,0.000004,0.002338,0.028203
23,0.007065,0.000032,0.000003,0.071591,0.000300,0.000006,0.000972,0.079974
21,0.006526,0.000039,0.000003,0.074054,0.000345,0.000005,0.000786,0.081762
23,0.012065,0.000037,0.000003,0.060934,0.000277,0.000004,0.012241,0.085567
22,0.009670,0.000036,0.000005,0.021532,0.000313,0.000006,0.001752,0.033318
25,0.006465,0.000033,0.000003,0.024997,0.000388,0.000007,0.002349,0.034249
25,0.016353,0.000044,0.000004,0.014797,0.000317,0.000004,0.004083,0.035612
20,0.006730,0.000034,0.000003,0.062153,0.000300,0.000004,0.000750,0.069977
26,0.005984,0.000034,0.000003,0.009262,0.000292,0.000004,0.001681,0.017266
22,0.007287,0.000037,0.000004,0.015969,0.000272,0.000004,0.000646,0.024223
23,0.005674,0.000032,0.000003,0.019356,0.000270,0.000005,0.001632,0.026978
22,0.006257,0.000035,0.000004,0.065332,0.000293,0.000004,0.007134,0.079063
28,0.007608,0.000035,0.000005,0.073749,0.000288,0.000004,0.000200,0.081891
25,0.006111,0.000035,0.000003,0.072245,0.000297,0.000003,0.001091,0.079791
24,0.015647,0.000052,0.000004,0.031221,0.000310,0.000005,0.000909,0.048153
24,0.006270,0.000037,0.000003,0.066964,0.000283,0.000005,0.000168,0.073732
18,0.005826,0.000033,0.000004,0.066083,0.000280,0.000004,0.009826,0.082062
23,0.005944,0.000033,0.000003,0.069147,0.000326,0.000005,0.007717,0.083180
26,0.005256,0.000034,0.000003,0.011405,0.000314,0.000005,0.001066,0.018089
26,0.006188,0.000039,0.000004,0.085188,0.000314,0.000004,0.000215,0.091953
24,0.006438,0.000044,0.000003,0.053776,0.000321,0.000004,0.007912,0.068505
20,0.011611,0.000043,0.000004,0.076334,0.000342,0.000004,0.002278,0.090621
25,0.007105,0.000052,0.000004,0.073527,0.000295,0.000006,0.002570,0.083565
27,0.006711,0.000031,0.000003,0.015394,0.000286,0.000004,0.000211,0.022643
26,0.006478,0.000034,0.000004,0.069780,0.000338,0.000004,0.004462,0.081105
24,0.005456,0.000035,0.000004,0.062006,0.000289,0.000004,0.001524,0.069324
23,0.006293,0.000035,0.000005,0.068770,0.000305,0.000005,0.000731,0.076148
21,0.008394,0.000046,0.000003,0.074128,0.000298,0.000005,0.000969,0.083847
27,0.005934,0.000033,0.000004,0.071388,0.000294,0.000005,0.001826,0.079490
26,0.007292,0.000030,0.000003,0.022727,0.000306,0.000005,0.002673,0.033044
23,0.005377,0.000036,0.000004,0.070265,0.000306,0.000004,0.005987,0.081984
29,0.007840,0.000033,0.000006,0.075907,0.000304,0.000004,0.000208,0.084304
24,0.006270,0.000035,0.000004,0.015255,0.000292,0.000004,0.000668,0.022533
25,0.009899,0.000033,0.000003,0.065164,0.000315,0.000005,0.000949,0.076370
25,0.006480,0.000040,0.000004,0.072173,0.000349,0.000005,0.000188,0.079241
24,0.006565,0.000038,0.000003,0.060672,0.000279,0.000005,0.007610,0.075176
24,0.005268,0.000035,0.000003,0.010924,0.000264,0.000004,0.006067,0.022571
25,0.005846,0.000034,0.000003,0.062484,0.000300,0.000004,0.007863,0.076539
19,0.007140,0.000037,0.000004,0.072064,0.000265,0.000004,0.009728,0.089248
27,0.005961,0.000036,0.000003,0.080790,0.000324,0.000005,0.001129,0.088254
21,0.006369,0.000034,0.000003,0.072898,0.000309,0.000004,0.002239,0.081861
25,0.006037,0.000045,0.000003,0.020650,0.000262,0.000004,0.000591,0.027596
28,0.006659,0.000041,0.000004,0.061970,0.000283,0.000004,0.000232,0.069195
26,0.006664,0.000039,0.000004,0.014790,0.000304,0.000005,0.010133,0.031947
27,0.006854,0.000039,0.000004,0.069659,0.000303,0.000004,0.004244,0.081113
22,0.006876,0.000034,0.000003,0.068506,0.000285,0.000004,0.000861,0.076574
27,0.007376,0.000039,0.000004,0.062530,0.000275,0.000004,0.002238,0.072470
25,0.007978,0.000035,0.000005,0.071189,0.000292,0.000004,0.001651,0.081158
28,0.006539,0.000034,0.000004,0.077697,0.000318,0.000005,0.001821,0.086423
29,0.007985,0.000039,0.000004,0.026755,0.000305,0.000004,0.000209,0.035302
30,0.006455,0.000033,0.000007,0.072523,0.000315,0.000003,0.000202,0.079540
26,0.006912,0.000040,0.000004,0.068514,0.000314,0.000004,0.000162,0.075952
26,0.008380,0.000036,0.000004,0.072393,0.000296,0.000004,0.000868,0.081985
25,0.006768,0.000039,0.000004,0.060238,0.000266,0.000005,0.006568,0.073892
25,0.005990,0.000035,0.000003,0.069450,0.000279,0.000005,0.007386,0.083153
20,0.005990,0.000035,0.000003,0.055309,0.000280,0.000004,0.010622,0.072250
28,0.009486,0.000043,0.000004,0.023264,0.000278,0.000004,0.004258,0.037342
26,0.006130,0.000032,0.000003,0.063441,0.000301,0.000004,0.000653,0.070566
28,0.008368,0.000042,0.000004,0.067555,0.000320,0.000004,0.001098,0.077396
22,0.006291,0.000033,0.000003,0.076361,0.000286,0.000004,0.002145,0.085127
27,0.007999,0.000033,0.000004,0.020522,0.000327,0.000005,0.000888,0.029780
27,0.005460,0.000035,0.000004,0.022549,0.000302,0.000004,0.000629,0.028988
28,0.006614,0.000044,0.000005,0.066897,0.000318,0.000005,0.002614,0.076502
27,0.006752,0.000046,0.000004,0.067257,0.000298,0.000004,0.008507,0.082873
23,0.008835,0.000045,0.000004,0.074210,0.000292,0.000005,0.000824,0.084218
26,0.006876,0.000037,0.000005,0.074627,0.000283,0.000005,0.001606,0.083444
29,0.008653,0.000037,0.000003,0.078333,0.000279,0.000004,0.001312,0.088626
27,0.007425,0.000034,0.000004,0.066545,0.000283,0.000004,0.000150,0.074448
30,0.008322,0.000040,0.000003,0.080013,0.000283,0.000004,0.000205,0.088873
31,0.007661,0.000032,0.000005,0.076002,0.000320,0.000005,0.000217,0.084244
26,0.006198,0.000035,0.000003,0.061248,0.000263,0.000004,0.006398,0.074155
29,0.005311,0.000034,0.000003,0.067139,0.000288,0.000004,0.000926,0.073711
21,0.005576,0.000033,0.000004,0.070348,0.000306,0.000006,0.010502,0.086781
26,0.005895,0.000035,0.000004,0.079163,0.000336,0.000004,0.007676,0.093119
23,0.006784,0.000039,0.000004,0.065263,0.000288,0.000004,0.002351,0.074738
29,0.006382,0.000035,0.000004,0.079454,0.000341,0.000004,0.004170,0.090396
30,0.008282,0.000037,0.000003,0.024550,0.000307,0.000004,0.001701,0.034888
32,0.005470,0.000036,0.000006,0.022029,0.000270,0.000004,0.000176,0.027994
31,0.008192,0.000038,0.000003,0.023651,0.000282,0.000004,0.000215,0.032389
28,0.008249,0.000042,0.000004,0.079891,0.000367,0.000005,0.000972,0.089540
28,0.008534,0.000044,0.000004,0.069053,0.000316,0.000004,0.000659,0.078617
30,0.008795,0.000034,0.000003,0.023808,0.000269,0.000004,0.001102,0.034021
29,0.006597,0.000031,0.000003,0.063731,0.000265,0.000004,0.002327,0.072964
30,0.006282,0.000032,0.000003,0.014798,0.000314,0.000005,0.003659,0.025099
24,0.011754,0.000038,0.000004,0.066734,0.000272,0.000004,0.000841,0.079652
28,0.007583,0.000034,0.000004,0.061357,0.000275,0.000004,0.000185,0.069445
28,0.014200,0.000033,0.000003,0.064598,0.000300,0.000004,0.008281,0.087428
27,0.012981,0.000037,0.000004,0.071631,0.000289,0.000005,0.001541,0.086493
27,0.006073,0.000038,0.000003,0.060913,0.000281,0.000003,0.006586,0.073903
25,0.006569,0.000033,0.000003,0.011558,0.000303,0.000004,0.000919,0.019394
22,0.008222,0.000060,0.000004,0.064141,0.000322,0.000005,0.010286,0.083047
28,0.009246,0.000036,0.000003,0.007863,0.000346,0.000005,0.007182,0.024686
24,0.006196,0.000039,0.000003,0.072583,0.000339,0.000004,0.002534,0.081703
33,0.007462,0.000035,0.000004,0.070010,0.000310,0.000003,0.000198,0.078025
29,0.013279,0.000045,0.000005,0.028583,0.000358,0.000006,0.000207,0.042486
32,0.006146,0.000036,0.000004,0.072676,0.000288,0.000005,0.000215,0.079372
27,0.005995,0.000034,0.000004,0.073927,0.000313,0.000004,0.007898,0.088181
31,0.007087,0.000036,0.000003,0.076384,0.000298,0.000004,0.001659,0.085477
31,0.006509,0.000034,0.000003,0.063816,0.000310,0.000004,0.001144,0.071824
31,0.005827,0.000036,0.000003,0.062497,0.000302,0.000004,0.004364,0.073039
29,0.009045,0.000035,0.000003,0.075958,0.000286,0.000005,0.000894,0.086230
29,0.006354,0.000032,0.000004,0.074935,0.000293,0.000004,0.000696,0.082323
30,0.008043,0.000035,0.000004,0.071083,0.000289,0.000006,0.002541,0.082007
33,0.007357,0.000036,0.000004,0.014684,0.000283,0.000004,0.000222,0.022593
29,0.005776,0.000033,0.000003,0.017556,0.000275,0.000003,0.006664,0.030318
23,0.011864,0.000035,0.000003,0.014182,0.000330,0.000004,0.011017,0.037441
29,0.005942,0.000037,0.000004,0.068116,0.000341,0.000007,0.009209,0.083664
32,0.005766,0.000032,0.000003,0.013935,0.000317,0.000004,0.004644,0.024707
34,0.006084,0.000042,0.000005,0.010107,0.000332,0.000005,0.000248,0.016826
28,0.008339,0.000036,0.000004,0.078701,0.000401,0.000007,0.002075,0.089569
30,0.008132,0.000033,0.000004,0.020867,0.000382,0.000008,0.001275,0.030707
24,0.005838,0.000033,0.000003,0.005687,0.000339,0.000005,0.011865,0.023779
30,0.006491,0.000037,0.000003,0.010756,0.000324,0.000007,0.008701,0.026328
26,0.005613,0.000038,0.000003,0.077535,0.000398,0.000007,0.001821,0.085421
32,0.006704,0.000035,0.000003,0.056459,0.000223,0.000004,0.000784,0.064215
34,0.005550,0.000034,0.000004,0.072568,0.000268,0.000005,0.000180,0.078613
25,0.006116,0.000035,0.000004,0.078612,0.000296,0.000004,0.002240,0.087313
30,0.006123,0.000038,0.000004,0.084306,0.000312,0.000004,0.000160,0.090949
28,0.005959,0.000037,0.000003,0.075836,0.000290,0.000004,0.007054,0.089190
32,0.009103,0.000036,0.000003,0.081179,0.000289,0.000004,0.001601,0.092221
31,0.008760,0.000042,0.000005,0.023599,0.000481,0.000008,0.014053,0.046961
30,0.008407,0.000033,0.000004,0.076959,0.000289,0.000004,0.000649,0.086348
35,0.008161,0.000049,0.000004,0.058673,0.000321,0.000004,0.000224,0.067438
31,0.006744,0.000035,0.000004,0.087448,0.000326,0.000005,0.002668,0.097233
33,0.006787,0.000057,0.000003,0.066334,0.000266,0.000004,0.004225,0.077683
30,0.006980,0.000049,0.000004,0.068677,0.000285,0.000006,0.008218,0.084226
33,0.007183,0.000037,0.000004,0.021073,0.000322,0.000004,0.001704,0.030333
31,0.010609,0.000042,0.000004,0.066367,0.000327,0.000004,0.000941,0.078298
29,0.011114,0.000044,0.000005,0.075040,0.000287,0.000005,0.001560,0.088062
31,0.006611,0.000035,0.000003,0.023448,0.000291,0.000004,0.000635,0.031032
25,0.007208,0.000035,0.000004,0.067465,0.000323,0.000004,0.011154,0.086199
27,0.013758,0.000034,0.000003,0.070981,0.000308,0.000003,0.000855,0.085947
32,0.009449,0.000038,0.000003,0.024341,0.000308,0.000005,0.002762,0.036913
35,0.007891,0.000040,0.000007,0.064649,0.000290,0.000004,0.000195,0.073078
34,0.005925,0.000036,0.000003,0.030400,0.000298,0.000005,0.004338,0.041010
26,0.006179,0.000034,0.000003,0.069353,0.000278,0.000004,0.002261,0.078120
29,0.007070,0.000036,0.000004,0.063510,0.000297,0.000004,0.007378,0.078304
31,0.006151,0.000034,0.000003,0.026772,0.000301,0.000004,0.008181,0.041452
31,0.007397,0.000036,0.000003,0.075395,0.000244,0.000004,0.000182,0.083265
33,0.008763,0.000048,0.000004,0.076242,0.000321,0.000003,0.000948,0.086334
33,0.006751,0.000032,0.000003,0.014643,0.000295,0.000005,0.002372,0.024107
26,0.006078,0.000036,0.000003,0.021338,0.000285,0.000004,0.010302,0.038053
36,0.008337,0.000038,0.000003,0.066653,0.000341,0.000004,0.000234,0.075613
32,0.007803,0.000056,0.000005,0.068716,0.000328,0.000005,0.006655,0.083573
34,0.006069,0.000039,0.000003,0.058202,0.000288,0.000004,0.001543,0.066153
35,0.010791,0.000038,0.000004,0.013415,0.000274,0.000004,0.004393,0.028923
34,0.006041,0.000033,0.000003,0.017634,0.000330,0.000005,0.002606,0.026658
32,0.008574,0.000035,0.000003,0.077763,0.000395,0.000005,0.000914,0.087694
28,0.006365,0.000035,0.000003,0.068278,0.000270,0.000004,0.000811,0.075770
32,0.006262,0.000039,0.000004,0.073421,0.000259,0.000004,0.000670,0.080663
30,0.006675,0.000036,0.000004,0.073819,0.000294,0.000004,0.001600,0.082436
36,0.007779,0.000028,0.000006,0.065160,0.000281,0.000004,0.000217,0.073478
35,0.006838,0.000035,0.000003,0.013973,0.000309,0.000004,0.002597,0.023765
27,0.010247,0.000030,0.000003,0.067992,0.000300,0.000004,0.002294,0.080876
29,0.006289,0.000034,0.000004,0.016395,0.000299,0.000004,0.000854,0.023882
30,0.005572,0.000035,0.000004,0.067077,0.000301,0.000004,0.008228,0.081227
32,0.007829,0.000035,0.000003,0.070007,0.000311,0.000005,0.000227,0.078419
32,0.006840,0.000048,0.000004,0.072099,0.000314,0.000005,0.008430,0.087746
36,0.004967,0.000031,0.000003,0.055167,0.000280,0.000004,0.004076,0.064534
34,0.013561,0.000039,0.000004,0.072525,0.000266,0.000004,0.000962,0.087364
33,0.005596,0.000031,0.000003,0.061250,0.000286,0.000004,0.006458,0.073633
28,0.006462,0.000037,0.000003,0.016323,0.000301,0.000004,0.002087,0.025223
27,0.005771,0.000034,0.000003,0.071702,0.000275,0.000003,0.014641,0.092437
33,0.006471,0.000033,0.000003,0.017532,0.000278,0.000006,0.000146,0.024471
35,0.006385,0.000050,0.000003,0.078359,0.000305,0.000004,0.001580,0.086690
37,0.005221,0.000034,0.000004,0.007225,0.000347,0.000005,0.004188,0.017028
37,0.007565,0.000036,0.000003,0.084833,0.000301,0.000004,0.000209,0.092953
33,0.008092,0.000036,0.000004,0.065958,0.000285,0.000004,0.000839,0.075223
33,0.011299,0.000039,0.000004,0.014012,0.000287,0.000005,0.007435,0.033086
35,0.007291,0.000044,0.000004,0.013544,0.000289,0.000004,0.001063,0.022244
37,0.006407,0.000033,0.000006,0.062601,0.000277,0.000004,0.000192,0.069522
31,0.007935,0.000058,0.000003,0.069229,0.000320,0.000005,0.001598,0.079153
33,0.006546,0.000036,0.000003,0.073662,0.000273,0.000004,0.000600,0.081128
34,0.008066,0.000034,0.000003,0.029967,0.000338,0.000004,0.007124,0.045543
36,0.006247,0.000035,0.000004,0.076513,0.000318,0.000004,0.002577,0.085703
30,0.006195,0.000035,0.000004,0.069297,0.000304,0.000004,0.000886,0.076729
38,0.005143,0.000034,0.000004,0.021746,0.000292,0.000004,0.000180,0.027406
32,0.005382,0.000034,0.000003,0.021812,0.000257,0.000004,0.001374,0.028871
31,0.005925,0.000034,0.000003,0.079152,0.000330,0.000005,0.007477,0.092932
38,0.005026,0.000030,0.000004,0.056711,0.000293,0.000005,0.004195,0.066269
36,0.008786,0.000034,0.000003,0.056202,0.000289,0.000004,0.001743,0.067066
29,0.009946,0.000036,0.000004,0.066170,0.000279,0.000004,0.002190,0.078635
34,0.005791,0.000033,0.000003,0.067080,0.000304,0.000004,0.000165,0.073382
39,0.007627,0.000036,0.000005,0.016496,0.000259,0.000004,0.000203,0.024632
31,0.006397,0.000035,0.000003,0.024549,0.000284,0.000004,0.000803,0.032080
38,0.008335,0.000038,0.000004,0.077263,0.000319,0.000004,0.000220,0.086187
36,0.006073,0.000037,0.000004,0.069311,0.000308,0.000004,0.001130,0.076871
28,0.008290,0.000033,0.000003,0.071609,0.000285,0.000004,0.019707,0.099938
32,0.005288,0.000030,0.000003,0.024768,0.000261,0.000004,0.006422,0.036782
32,0.010237,0.000033,0.000003,0.013782,0.000304,0.000004,0.000827,0.025193
34,0.008856,0.000032,0.000004,0.081405,0.000360,0.000004,0.000995,0.091661
40,0.009616,0.000037,0.000005,0.019276,0.000262,0.000004,0.000207,0.029412
35,0.014631,0.000044,0.000005,0.015137,0.000290,0.000005,0.000147,0.030262
34,0.006276,0.000035,0.000003,0.078521,0.000329,0.000007,0.008980,0.094156
34,0.006511,0.000036,0.000004,0.082118,0.000337,0.000004,0.000645,0.089660
35,0.009335,0.000036,0.000005,0.073212,0.000311,0.000004,0.007163,0.090071
33,0.005880,0.000033,0.000003,0.015896,0.000318,0.000004,0.000846,0.022984
37,0.008201,0.000034,0.000003,0.074035,0.000299,0.000004,0.002618,0.085200
33,0.008191,0.000034,0.000004,0.070451,0.000314,0.000004,0.001563,0.080567
29,0.007592,0.000034,0.000003,0.021449,0.000261,0.000004,0.009659,0.039008
41,0.005274,0.000031,0.000005,0.021448,0.000276,0.000004,0.000167,0.027206
37,0.006680,0.000032,0.000003,0.067390,0.000305,0.000005,0.001722,0.076143
34,0.005996,0.000031,0.000003,0.007392,0.000279,0.000003,0.000844,0.014552
30,0.016288,0.000050,0.000006,0.063901,0.000336,0.000005,0.002085,0.082678
39,0.005205,0.000032,0.000004,0.082643,0.000302,0.000004,0.003641,0.091836
36,0.008869,0.000034,0.000003,0.017878,0.000278,0.000005,0.008677,0.035750
42,0.007079,0.000033,0.000006,0.021952,0.000275,0.000004,0.000185,0.029537
39,0.007367,0.000039,0.000004,0.076491,0.000343,0.000004,0.000219,0.084470
33,0.005851,0.000032,0.000003,0.061451,0.000284,0.000005,0.007537,0.075169
35,0.007216,0.000033,0.000003,0.057861,0.000199,0.000003,0.000434,0.065754
35,0.009474,0.000033,0.000003,0.065256,0.000211,0.000004,0.000683,0.075668
35,0.005398,0.000035,0.000004,0.064032,0.000232,0.000005,0.005893,0.075606
37,0.009178,0.000035,0.000003,0.084356,0.000437,0.000007,0.001616,0.095638
38,0.008441,0.000036,0.000003,0.031840,0.000356,0.000006,0.002158,0.042845
36,0.006430,0.000046,0.000007,0.078726,0.000372,0.000006,0.000223,0.085813
38,0.007061,0.000039,0.000004,0.068070,0.000301,0.000005,0.002723,0.078208
34,0.008031,0.000037,0.000003,0.068302,0.000305,0.000004,0.001646,0.078334
39,0.006775,0.000038,0.000004,0.010207,0.000265,0.000004,0.001646,0.018944
30,0.007756,0.000037,0.000003,0.064826,0.000327,0.000004,0.009557,0.082515
35,0.005277,0.000029,0.000004,0.069490,0.000300,0.000004,0.000759,0.075867
39,0.005735,0.000033,0.000004,0.008311,0.000332,0.000006,0.002598,0.017025
40,0.005277,0.000030,0.000003,0.068523,0.000253,0.000005,0.003621,0.077718
31,0.006486,0.000037,0.000004,0.076325,0.000298,0.000005,0.002266,0.085425
43,0.007629,0.000034,0.000004,0.067634,0.000265,0.000005,0.000193,0.075766
34,0.004925,0.000034,0.000003,0.058553,0.000270,0.000004,0.006770,0.070566
37,0.008178,0.000030,0.000003,0.075325,0.000334,0.000004,0.006894,0.090774
40,0.006852,0.000032,0.000003,0.074520,0.000334,0.000004,0.000243,0.081991
36,0.007520,0.000034,0.000003,0.072831,0.000352,0.000004,0.000671,0.081418
36,0.007840,0.000033,0.000004,0.073167,0.000292,0.000004,0.000901,0.082245
38,0.010211,0.000041,0.000004,0.063283,0.000279,0.000004,0.001104,0.074932
40,0.006489,0.000035,0.000003,0.030181,0.000300,0.000005,0.002605,0.039623
37,0.007036,0.000042,0.000004,0.065074,0.000283,0.000004,0.000168,0.072612
35,0.006001,0.000036,0.000003,0.007904,0.000268,0.000005,0.007123,0.021344
36,0.005728,0.000032,0.000003,0.074388,0.000283,0.000004,0.008157,0.088603
40,0.005474,0.000033,0.000004,0.065059,0.000311,0.000006,0.001797,0.072689
35,0.007224,0.000038,0.000006,0.066972,0.000306,0.000004,0.001486,0.076041
31,0.008390,0.000039,0.000003,0.057960,0.000282,0.000004,0.011385,0.078070
36,0.005937,0.000038,0.000003,0.013844,0.000319,0.000004,0.007527,0.027679
36,0.008399,0.000038,0.000003,0.074176,0.000336,0.000004,0.000820,0.083778
41,0.006260,0.000035,0.000003,0.066723,0.000309,0.000005,0.004240,0.077581
44,0.006267,0.000035,0.000006,0.079988,0.000312,0.000005,0.000221,0.086836
32,0.006640,0.000039,0.000004,0.082498,0.000345,0.000005,0.002037,0.091572
38,0.008685,0.000035,0.000003,0.068549,0.000304,0.000004,0.006885,0.084470
37,0.007494,0.000027,0.000003,0.068766,0.000312,0.000004,0.000872,0.077482
41,0.008727,0.000037,0.000004,0.079386,0.000362,0.000005,0.000234,0.088757
37,0.015152,0.000029,0.000004,0.068808,0.000260,0.000004,0.000572,0.084831
38,0.010976,0.000044,0.000005,0.068558,0.000294,0.000004,0.000166,0.080049
39,0.014446,0.000046,0.000004,0.074671,0.000272,0.000004,0.001085,0.090534
41,0.010427,0.000036,0.000004,0.075357,0.000314,0.000005,0.002715,0.088861
36,0.008486,0.000036,0.000004,0.064687,0.000302,0.000004,0.001601,0.075124
41,0.008351,0.000035,0.000003,0.066697,0.000294,0.000004,0.001718,0.077107
39,0.006592,0.000036,0.000004,0.015063,0.000263,0.000004,0.000147,0.022112
37,0.010916,0.000038,0.000004,0.073175,0.000302,0.000005,0.011633,0.096081
38,0.008976,0.000044,0.000004,0.024550,0.000282,0.000004,0.000868,0.034732
37,0.006415,0.000037,0.000003,0.059550,0.000245,0.000004,0.007578,0.073840
40,0.006387,0.000037,0.000004,0.018957,0.000299,0.000005,0.001129,0.026821
42,0.008155,0.000032,0.000003,0.061995,0.000263,0.000004,0.004025,0.074482
32,0.009515,0.000041,0.000003,0.074768,0.000270,0.000004,0.013017,0.097624
37,0.008585,0.000033,0.000004,0.074415,0.000371,0.000005,0.000881,0.084298
40,0.006232,0.000049,0.000004,0.016649,0.000302,0.000005,0.000181,0.023425
38,0.006513,0.000039,0.000003,0.011472,0.000327,0.000005,0.008154,0.026520
45,0.008598,0.000042,0.000009,0.069017,0.000289,0.000003,0.000198,0.078159
33,0.008633,0.000049,0.000004,0.068827,0.000291,0.000004,0.002076,0.079890
33,0.008568,0.000031,0.000003,0.007830,0.000286,0.000004,0.010723,0.027451
39,0.008189,0.000033,0.000003,0.068910,0.000306,0.000005,0.006976,0.084428
38,0.009200,0.000039,0.000003,0.021224,0.000310,0.000004,0.000810,0.031593
38,0.007513,0.000032,0.000004,0.070472,0.000268,0.000004,0.000613,0.078910
42,0.006869,0.000035,0.000003,0.079296,0.000303,0.000004,0.000210,0.086722
39,0.005429,0.000036,0.000003,0.017049,0.000283,0.000003,0.007151,0.029961
37,0.010643,0.000033,0.000003,0.064257,0.000278,0.000004,0.001537,0.076761
42,0.006097,0.000035,0.000003,0.067920,0.000295,0.000006,0.002319,0.076682
46,0.006320,0.000041,0.000005,0.023647,0.000272,0.000004,0.000184,0.030475
39,0.005208,0.000031,0.000003,0.005286,0.000260,0.000004,0.000741,0.011538
42,0.013390,0.000037,0.000003,0.069970,0.000297,0.000004,0.001683,0.085388
39,0.004978,0.000030,0.000003,0.021529,0.000294,0.000004,0.000637,0.027479
41,0.005030,0.000032,0.000003,0.072951,0.000275,0.000004,0.000882,0.079180
43,0.005088,0.000033,0.000003,0.067880,0.000292,0.000004,0.012910,0.086217
38,0.005836,0.000035,0.000003,0.074584,0.000294,0.000005,0.015947,0.096711
39,0.009282,0.000039,0.000004,0.091881,0.000315,0.000004,0.001032,0.102563
41,0.006223,0.000042,0.000003,0.073702,0.000286,0.000005,0.000197,0.080461
34,0.007092,0.000045,0.000005,0.070887,0.000315,0.000004,0.002322,0.080673
34,0.008993,0.000036,0.000004,0.059645,0.000364,0.000004,0.011526,0.080584
40,0.012315,0.000035,0.000003,0.069249,0.000340,0.000004,0.007493,0.089446
47,0.005214,0.000046,0.000006,0.066753,0.000299,0.000004,0.000185,0.072511
40,0.009792,0.000039,0.000004,0.023623,0.000356,0.000006,0.000869,0.034693
43,0.006456,0.000045,0.000003,0.077605,0.000293,0.000004,0.000195,0.084602
38,0.006709,0.000040,0.000004,0.067872,0.000277,0.000005,0.001631,0.076545
40,0.005876,0.000038,0.000004,0.068762,0.000322,0.000005,0.007242,0.082258
42,0.009446,0.000043,0.000004,0.037286,0.000286,0.000004,0.000974,0.048047
40,0.006075,0.000034,0.000003,0.071106,0.000274,0.000005,0.000823,0.078324
43,0.005793,0.000033,0.000003,0.067848,0.000265,0.000004,0.001395,0.075345
43,0.007094,0.000045,0.000004,0.078316,0.000281,0.000004,0.002506,0.088256
35,0.009920,0.000037,0.000003,0.010045,0.000270,0.000004,0.009616,0.029901
40,0.012676,0.000040,0.000004,0.060080,0.000295,0.000004,0.000606,0.073710
41,0.006579,0.000032,0.000003,0.015693,0.000289,0.000004,0.000823,0.023427
48,0.007275,0.000031,0.000005,0.020300,0.000321,0.000004,0.000220,0.028158
44,0.008785,0.000037,0.000004,0.069779,0.000321,0.000004,0.004061,0.082997
44,0.008827,0.000035,0.000004,0.021563,0.000290,0.000005,0.001553,0.032280
42,0.006739,0.000044,0.000004,0.070914,0.000275,0.000004,0.000164,0.078146
39,0.006430,0.000036,0.000003,0.073148,0.000309,0.000004,0.006916,0.086851
41,0.008242,0.000035,0.000004,0.027234,0.000310,0.000004,0.000598,0.036431
42,0.009717,0.000037,0.000003,0.018706,0.000325,0.000004,0.000870,0.029668
35,0.007311,0.000039,0.000004,0.071344,0.000305,0.000005,0.002272,0.081284
41,0.007942,0.000032,0.000003,0.061954,0.000295,0.000004,0.000843,0.071077
41,0.005625,0.000033,0.000002,0.060792,0.000328,0.000004,0.008158,0.074947
43,0.009167,0.000036,0.000003,0.066423,0.000313,0.000004,0.000916,0.076867
44,0.007709,0.000036,0.000003,0.074172,0.000310,0.000004,0.000233,0.082471
42,0.008292,0.000039,0.000003,0.017096,0.000282,0.000004,0.000586,0.026304
41,0.008618,0.000036,0.000003,0.072508,0.000316,0.000004,0.006846,0.088338
39,0.006033,0.000034,0.000004,0.080201,0.000273,0.000004,0.001553,0.088108
44,0.006004,0.000043,0.000004,0.072390,0.000288,0.000005,0.002637,0.081378
36,0.008376,0.000038,0.000003,0.067214,0.000275,0.000004,0.010291,0.086208
42,0.006396,0.000038,0.000003,0.012284,0.000306,0.000004,0.000816,0.019851
45,0.007745,0.000033,0.000003,0.013278,0.000309,0.000004,0.000223,0.021596
43,0.006929,0.000038,0.000004,0.059735,0.000318,0.000005,0.000174,0.067206
40,0.006067,0.000034,0.000004,0.024114,0.000286,0.000004,0.001618,0.032133
49,0.005997,0.000036,0.000007,0.083805,0.000303,0.000004,0.000245,0.090400
45,0.007348,0.000044,0.000004,0.062845,0.000295,0.000004,0.001737,0.072283
45,0.013174,0.000038,0.000003,0.070480,0.000295,0.000004,0.004169,0.088169
42,0.008647,0.000036,0.000004,0.024567,0.000298,0.000004,0.006717,0.040279
43,0.007592,0.000036,0.000003,0.063483,0.000250,0.000004,0.000857,0.072227
40,0.006805,0.000041,0.000004,0.070682,0.000290,0.000005,0.007481,0.085314
36,0.008575,0.000036,0.000003,0.071129,0.000302,0.000005,0.001825,0.081880
44,0.006629,0.000040,0.000003,0.020032,0.000338,0.000005,0.000177,0.027227
43,0.005776,0.000031,0.000004,0.062149,0.000284,0.000004,0.000636,0.068889
42,0.005885,0.000036,0.000004,0.063506,0.000305,0.000004,0.008000,0.077748
44,0.009801,0.000033,0.000003,0.070186,0.000308,0.000005,0.001011,0.081351
45,0.005850,0.000045,0.000004,0.072433,0.000295,0.000005,0.002571,0.081209
43,0.006245,0.000035,0.000003,0.065887,0.000296,0.000004,0.000828,0.073302
41,0.011495,0.000046,0.000004,0.021227,0.000288,0.000004,0.007241,0.040313
46,0.006662,0.000038,0.000004,0.071163,0.000323,0.000004,0.000214,0.078410
37,0.010072,0.000039,0.000005,0.074644,0.000407,0.000004,0.010977,0.096160
46,0.005890,0.000038,0.000005,0.011430,0.000278,0.000005,0.002373,0.020024
45,0.010199,0.000051,0.000003,0.030290,0.000335,0.000004,0.001135,0.042021
50,0.007567,0.000031,0.000005,0.070601,0.000262,0.000004,0.000193,0.078664
41,0.006252,0.000031,0.000003,0.073246,0.000288,0.000006,0.001553,0.081386
46,0.007324,0.000035,0.000004,0.069856,0.000282,0.000004,0.004172,0.081682
46,0.007146,0.000037,0.000003,0.074517,0.000291,0.000004,0.001674,0.083676
43,0.007068,0.000033,0.000003,0.073256,0.000337,0.000004,0.005705,0.086411
44,0.017580,0.000036,0.000004,0.067590,0.000310,0.000004,0.000878,0.086406
37,0.008838,0.000034,0.000004,0.066141,0.000303,0.000005,0.002140,0.077467
46,0.008766,0.000035,0.000003,0.010862,0.000272,0.000004,0.000961,0.020908
45,0.006139,0.000037,0.000003,0.069256,0.000296,0.000004,0.000173,0.075910
44,0.008057,0.000038,0.000004,0.065347,0.000260,0.000004,0.000625,0.074340
43,0.005042,0.000035,0.000003,0.059002,0.000273,0.000004,0.007354,0.071719
47,0.006927,0.000033,0.000004,0.018015,0.000211,0.000004,0.001673,0.026874
45,0.008004,0.000041,0.000003,0.020060,0.000312,0.000005,0.000980,0.029409
44,0.006643,0.000042,0.000004,0.074108,0.000283,0.000004,0.000899,0.081988
42,0.005875,0.000035,0.000004,0.068142,0.000273,0.000004,0.007296,0.081636
45,0.010936,0.000038,0.000003,0.021405,0.000325,0.000005,0.000718,0.033433
47,0.006713,0.000038,0.000003,0.063696,0.000295,0.000005,0.002600,0.073357
48,0.007514,0.000035,0.000003,0.021645,0.000275,0.000004,0.001462,0.030942
46,0.009023,0.000041,0.000004,0.017176,0.000312,0.000005,0.000886,0.027451
47,0.009359,0.000041,0.000004,0.076260,0.000312,0.000004,0.000212,0.086194
45,0.005341,0.000036,0.000004,0.011123,0.000297,0.000004,0.000760,0.017570
42,0.006115,0.000037,0.000005,0.063037,0.000281,0.000004,0.001410,0.070893
38,0.009475,0.000044,0.000003,0.069535,0.000301,0.000004,0.010410,0.089776
47,0.004946,0.000031,0.000003,0.062560,0.000247,0.000004,0.003352,0.071148
51,0.007540,0.000032,0.000005,0.072139,0.000292,0.000004,0.000209,0.080223
47,0.007185,0.000033,0.000004,0.007588,0.000277,0.000004,0.000827,0.015922
38,0.017655,0.000035,0.000004,0.060640,0.000309,0.000004,0.002244,0.080895
44,0.010002,0.000039,0.000004,0.075874,0.000463,0.000004,0.007227,0.093633
46,0.011008,0.000042,0.000004,0.066898,0.000303,0.000004,0.000153,0.078415
44,0.011182,0.000044,0.000005,0.063823,0.000314,0.000005,0.008012,0.083391
47,0.017136,0.000042,0.000004,0.070680,0.000325,0.000004,0.001062,0.089255
48,0.008825,0.000036,0.000004,0.021486,0.000306,0.000004,0.004075,0.034740
43,0.007545,0.000037,0.000003,0.069337,0.000300,0.000004,0.007753,0.084985
46,0.006287,0.000037,0.000003,0.075998,0.000366,0.000005,0.000712,0.083412
48,0.006250,0.000032,0.000004,0.071663,0.000298,0.000005,0.002234,0.080490
49,0.008520,0.000038,0.000003,0.067930,0.000296,0.000004,0.001689,0.078485
48,0.008326,0.000037,0.000004,0.067780,0.000287,0.000004,0.000235,0.076675
46,0.005727,0.000038,0.000004,0.072903,0.000269,0.000005,0.000818,0.079767
43,0.006671,0.000037,0.000004,0.069115,0.000296,0.000005,0.001535,0.077667
48,0.008656,0.000039,0.000004,0.061747,0.000271,0.000004,0.000845,0.071570
39,0.011468,0.000032,0.000004,0.071963,0.000314,0.000005,0.009401,0.093193
45,0.008894,0.000042,0.000003,0.063172,0.000306,0.000004,0.007385,0.079810
49,0.008641,0.000036,0.000004,0.024398,0.000311,0.000004,0.002661,0.036062
39,0.009745,0.000039,0.000004,0.078969,0.000354,0.000004,0.002291,0.091419
49,0.005972,0.000035,0.000004,0.063456,0.000292,0.000004,0.004367,0.074134
47,0.008543,0.000040,0.000004,0.075372,0.000299,0.000004,0.000198,0.084463
52,0.008416,0.000050,0.000009,0.102050,0.000425,0.000006,0.000384,0.111343
45,0.005884,0.000036,0.000003,0.073159,0.000294,0.000004,0.008210,0.087596
48,0.010037,0.000036,0.000003,0.079555,0.000382,0.000005,0.001091,0.091120
46,0.009406,0.000038,0.000004,0.007970,0.000329,0.000004,0.007452,0.025206
50,0.008645,0.000036,0.000003,0.054954,0.000282,0.000005,0.001701,0.065630
40,0.008929,0.000037,0.000003,0.016546,0.000288,0.000005,0.002242,0.028055
44,0.006479,0.000036,0.000004,0.055268,0.000270,0.000005,0.001504,0.063569
47,0.007141,0.000035,0.000003,0.062780,0.000268,0.000004,0.000565,0.070798
49,0.005248,0.000030,0.000003,0.066273,0.000222,0.000004,0.000170,0.071950
46,0.006012,0.000037,0.000004,0.008836,0.000334,0.000006,0.008240,0.023472
44,0.006944,0.000041,0.000004,0.069344,0.008352,0.000007,0.007712,0.092409
49,0.010720,0.000036,0.000003,0.021986,0.000354,0.000006,0.001400,0.034510
45,0.004727,0.000031,0.000004,0.013463,0.000332,0.000006,0.001578,0.020147
47,0.008328,0.000049,0.000003,0.082875,0.000340,0.000005,0.000981,0.092629
49,0.012138,0.000036,0.000003,0.082244,0.000327,0.000004,0.000912,0.095670
40,0.008009,0.000033,0.000003,0.072989,0.000298,0.000004,0.010908,0.092250
50,0.005830,0.000034,0.000003,0.069068,0.000296,0.000004,0.004131,0.079372
50,0.006866,0.000034,0.000003,0.072386,0.000284,0.000004,0.002695,0.082279
48,0.006525,0.000040,0.000005,0.079879,0.000320,0.000004,0.000181,0.086956
48,0.009272,0.000038,0.000004,0.021605,0.000324,0.000004,0.000855,0.032106
41,0.012675,0.000042,0.000004,0.058871,0.000310,0.000004,0.002149,0.074061
47,0.008068,0.000033,0.000003,0.067924,0.000301,0.000003,0.006612,0.082952
49,0.006147,0.000038,0.000003,0.010527,0.000313,0.000005,0.001013,0.018052
53,0.008587,0.000047,0.000008,0.108619,0.000479,0.000008,0.000382,0.118133
51,0.015688,0.000043,0.000004,0.076972,0.000347,0.000005,0.001868,0.094931
46,0.005897,0.000034,0.000003,0.061418,0.000289,0.000004,0.001622,0.069273
50,0.008209,0.000034,0.000003,0.062777,0.000282,0.000005,0.001100,0.072414
48,0.011245,0.000040,0.000004,0.074988,0.000287,0.000004,0.000613,0.087183
47,0.008293,0.000043,0.000005,0.072616,0.000299,0.000004,0.007799,0.089064
45,0.006863,0.000037,0.000003,0.075680,0.000281,0.000004,0.005740,0.088641
50,0.010456,0.000039,0.000003,0.077452,0.000281,0.000005,0.000208,0.088446
50,0.010153,0.000033,0.000003,0.064236,0.000274,0.000004,0.000866,0.075573
52,0.008096,0.000030,0.000004,0.011457,0.000279,0.000004,0.001691,0.021567
51,0.005877,0.000036,0.000003,0.060574,0.000258,0.000004,0.004070,0.070829
49,0.009909,0.000036,0.000004,0.057925,0.000306,0.000005,0.000174,0.068361
51,0.007253,0.000036,0.000003,0.071424,0.000288,0.000005,0.002702,0.081717
51,0.013970,0.000042,0.000003,0.021732,0.000326,0.000004,0.001044,0.037126
41,0.009486,0.000038,0.000004,0.073843,0.000357,0.000005,0.011075,0.094813
42,0.008595,0.000037,0.000003,0.068028,0.000292,0.000004,0.002215,0.079181
48,0.008387,0.000041,0.000004,0.066664,0.000383,0.000004,0.007455,0.082943
42,0.013763,0.000039,0.000004,0.007655,0.000315,0.000004,0.010841,0.032627
50,0.006282,0.000036,0.000003,0.079229,0.000330,0.000004,0.000834,0.086723
49,0.012413,0.000036,0.000003,0.064827,0.000280,0.000004,0.000659,0.078227
54,0.017538,0.000052,0.000007,0.075847,0.000288,0.000004,0.000217,0.093954
48,0.006235,0.000034,0.000003,0.067381,0.000320,0.000006,0.008366,0.082352
51,0.008591,0.000038,0.000004,0.070993,0.000298,0.000004,0.000228,0.080157
46,0.007134,0.000037,0.000003,0.067603,0.000302,0.000004,0.007751,0.082840
47,0.009609,0.000038,0.000004,0.085086,0.000432,0.000009,0.001752,0.096936
51,0.008142,0.000033,0.000003,0.068843,0.000257,0.000004,0.000816,0.078103
53,0.005945,0.000033,0.000003,0.068381,0.000253,0.000004,0.001586,0.076211
50,0.008543,0.000042,0.000004,0.066728,0.000226,0.000004,0.000135,0.075684
52,0.007243,0.000045,0.000006,0.069173,0.000306,0.000006,0.002550,0.079334
52,0.006122,0.000034,0.000004,0.082398,0.000306,0.000005,0.004462,0.093336
51,0.006807,0.000040,0.000003,0.028781,0.000406,0.000008,0.001256,0.037305
52,0.015391,0.000044,0.000005,0.013405,0.000308,0.000005,0.000241,0.029402
43,0.009197,0.000041,0.000004,0.061875,0.000381,0.000004,0.002190,0.073705
47,0.015234,0.000045,0.000005,0.012278,0.000349,0.000005,0.007831,0.035754
52,0.009051,0.000039,0.000005,0.081900,0.000384,0.000004,0.001064,0.092458
49,0.008784,0.000039,0.000003,0.065195,0.000316,0.000004,0.006875,0.081222
51,0.010501,0.000041,0.000003,0.030565,0.000340,0.000006,0.000180,0.041639
48,0.006723,0.000044,0.000004,0.008589,0.000287,0.000005,0.007950,0.023609
43,0.009031,0.000042,0.000003,0.068412,0.000320,0.000004,0.010944,0.088762
50,0.006370,0.000036,0.000003,0.076382,0.000288,0.000004,0.000803,0.083890
44,0.008719,0.000039,0.000003,0.023562,0.000322,0.000005,0.002127,0.034782
49,0.005959,0.000032,0.000003,0.066209,0.000276,0.000004,0.007161,0.079648
55,0.006224,0.000032,0.000005,0.076077,0.000307,0.000004,0.000213,0.082863
52,0.005785,0.000038,0.000004,0.065743,0.000266,0.000004,0.000791,0.072636
54,0.009991,0.000036,0.000005,0.063115,0.000260,0.000004,0.001708,0.075123
52,0.005949,0.000035,0.000004,0.057740,0.000297,0.000004,0.000966,0.064999
49,0.006144,0.000035,0.000003,0.009930,0.000303,0.000005,0.008457,0.024885
50,0.008557,0.000034,0.000003,0.028598,0.000344,0.000005,0.007138,0.044685
53,0.006813,0.000069,0.000004,0.063337,0.000284,0.000004,0.003968,0.074485
53,0.008972,0.000048,0.000005,0.064146,0.000278,0.000004,0.002520,0.075976
53,0.008436,0.000031,0.000005,0.013692,0.000251,0.000004,0.000730,0.023153
53,0.005379,0.000030,0.000004,0.073130,0.000280,0.000004,0.000218,0.079048
48,0.013391,0.000043,0.000005,0.091735,0.000339,0.000005,0.001717,0.107243
51,0.007401,0.000037,0.000003,0.032162,0.000419,0.000006,0.000997,0.041030
50,0.006187,0.000039,0.000004,0.018129,0.000278,0.000004,0.013129,0.037776
44,0.009348,0.000042,0.000003,0.021031,0.000285,0.000004,0.014932,0.045652
55,0.007382,0.000030,0.000004,0.029053,0.000297,0.000005,0.001837,0.038612
52,0.007784,0.000039,0.000004,0.060919,0.000298,0.000005,0.000152,0.069205
53,0.009962,0.000045,0.000004,0.071082,0.000294,0.000004,0.004797,0.086197
56,0.007896,0.000035,0.000005,0.060192,0.000334,0.000004,0.000212,0.068679
45,0.006818,0.000028,0.000003,0.077387,0.000340,0.000004,0.002015,0.086602
50,0.005144,0.000039,0.000004,0.060165,0.000289,0.000004,0.007619,0.073272
53,0.006311,0.000033,0.000003,0.073711,0.000323,0.000004,0.000839,0.081228
54,0.014133,0.000032,0.000003,0.062674,0.000295,0.000004,0.004093,0.081238
54,0.010828,0.000038,0.000004,0.066752,0.000276,0.000005,0.002508,0.080415
51,0.008408,0.000033,0.000003,0.077481,0.000320,0.000004,0.007023,0.093279
52,0.006883,0.000036,0.000005,0.064326,0.000297,0.000003,0.000692,0.072246
51,0.006183,0.000035,0.000003,0.007132,0.000274,0.000004,0.007659,0.021298
54,0.008605,0.000034,0.000004,0.071850,0.000344,0.000004,0.000928,0.081777
54,0.009803,0.000043,0.000004,0.070870,0.000304,0.000004,0.000231,0.081261
51,0.006322,0.000037,0.000003,0.063245,0.000293,0.000005,0.007700,0.077612
46,0.011008,0.000034,0.000003,0.021271,0.000327,0.000005,0.002350,0.035003
54,0.009604,0.000042,0.000004,0.062258,0.000321,0.000004,0.005358,0.077597
49,0.008949,0.000044,0.000005,0.088316,0.000443,0.000006,0.002152,0.099923
45,0.018405,0.000037,0.000004,0.058788,0.000275,0.000004,0.015765,0.093283
53,0.014768,0.000041,0.000005,0.071731,0.000337,0.000006,0.000207,0.087097
55,0.005772,0.000032,0.000004,0.024372,0.000391,0.000007,0.005845,0.036428
56,0.008370,0.000035,0.000003,0.081895,0.000407,0.000007,0.002429,0.093152
53,0.005200,0.000030,0.000003,0.024710,0.000295,0.000005,0.000695,0.030943
57,0.005624,0.000037,0.000006,0.074631,0.000303,0.000004,0.000221,0.080828
54,0.008956,0.000039,0.000004,0.013304,0.000324,0.000005,0.000175,0.022809
54,0.005149,0.000032,0.000003,0.062027,0.000284,0.000004,0.000773,0.068276
55,0.007217,0.000033,0.000004,0.060326,0.000278,0.000004,0.002621,0.070489
54,0.008342,0.000037,0.000004,0.016467,0.000268,0.000004,0.000638,0.025762
58,0.007778,0.000034,0.000006,0.027904,0.000292,0.000005,0.000197,0.036219
52,0.006598,0.000036,0.000004,0.065005,0.000291,0.000004,0.007443,0.079388
56,0.006143,0.000036,0.000004,0.010754,0.000272,0.000005,0.002342,0.019561
55,0.007008,0.000026,0.000003,0.073429,0.000300,0.000004,0.000233,0.081004
55,0.006184,0.000038,0.000004,0.014230,0.000266,0.000004,0.000622,0.021350
55,0.008009,0.000035,0.000003,0.022263,0.000283,0.000004,0.000862,0.031463
47,0.013411,0.000045,0.000004,0.065417,0.000307,0.000005,0.001960,0.081152
52,0.009991,0.000037,0.000004,0.065931,0.000286,0.000004,0.007749,0.084007
55,0.018476,0.000047,0.000004,0.067784,0.000252,0.000004,0.000847,0.087418
52,0.008223,0.000031,0.000003,0.078048,0.000307,0.000004,0.006583,0.093205
56,0.005766,0.000033,0.000004,0.062304,0.000274,0.000004,0.003970,0.072359
57,0.005338,0.000032,0.000005,0.006791,0.000288,0.000005,0.002922,0.015388
57,0.009080,0.000043,0.000004,0.065356,0.000254,0.000004,0.001715,0.076460
53,0.005777,0.000033,0.000003,0.013107,0.000290,0.000004,0.006836,0.026056
46,0.016142,0.000032,0.000003,0.062755,0.000296,0.000004,0.009365,0.088603
50,0.008566,0.000041,0.000004,0.080200,0.000369,0.000006,0.001562,0.090752
57,0.005377,0.000029,0.000003,0.004166,0.000212,0.000004,0.003230,0.013026
56,0.007974,0.000036,0.000004,0.018266,0.000305,0.000004,0.000200,0.026791
55,0.008386,0.000036,0.000003,0.066728,0.000410,0.000006,0.000234,0.075808
48,0.010793,0.000036,0.000004,0.034106,0.000334,0.000004,0.002230,0.047512
57,0.005923,0.000065,0.000004,0.016243,0.000304,0.000004,0.000234,0.022780
55,0.009283,0.000045,0.000004,0.119388,0.000463,0.000015,0.002548,0.131753
56,0.010856,0.000047,0.000004,0.015621,0.000313,0.000004,0.000171,0.027019
56,0.005584,0.000032,0.000003,0.061394,0.000288,0.000004,0.000679,0.067987
47,0.010465,0.000034,0.000004,0.021973,0.000246,0.000004,0.009398,0.042129
59,0.008042,0.000034,0.000005,0.072531,0.000270,0.000004,0.000205,0.081093
56,0.008323,0.000035,0.000003,0.063252,0.000296,0.000004,0.000838,0.072754
49,0.009896,0.000036,0.000003,0.012654,0.000276,0.000004,0.002070,0.024944
56,0.006583,0.000037,0.000003,0.071639,0.000264,0.000004,0.000808,0.079342
53,0.007049,0.000034,0.000004,0.062948,0.000261,0.000004,0.007060,0.077366
58,0.005977,0.000029,0.000003,0.065265,0.000318,0.000005,0.002497,0.074100
58,0.011426,0.000043,0.000004,0.066531,0.000279,0.000004,0.001584,0.079878
58,0.005647,0.000032,0.000003,0.062942,0.000281,0.000004,0.004084,0.072998
54,0.005454,0.000034,0.000004,0.063556,0.000283,0.000005,0.006865,0.076205
53,0.008729,0.000038,0.000004,0.080160,0.000314,0.000004,0.007172,0.096428
60,0.005948,0.000032,0.000005,0.026602,0.000312,0.000004,0.000206,0.033111
58,0.006060,0.000036,0.000003,0.059407,0.000233,0.000004,0.000190,0.065934
59,0.005679,0.000034,0.000004,0.010256,0.000238,0.000004,0.003192,0.019413
61,0.007985,0.000033,0.000005,0.013144,0.000305,0.000004,0.000222,0.021700
51,0.010232,0.000053,0.000005,0.101452,0.000481,0.000005,0.002061,0.114296
57,0.008983,0.000035,0.000004,0.056121,0.000272,0.000005,0.000861,0.066284
62,0.005263,0.000032,0.000007,0.008324,0.000281,0.000004,0.000190,0.014102
57,0.007816,0.000038,0.000004,0.073304,0.000285,0.000005,0.000185,0.081639
57,0.006796,0.000035,0.000004,0.065473,0.000285,0.000004,0.000820,0.073419
57,0.008462,0.000037,0.000004,0.075000,0.000283,0.000004,0.000581,0.084374
48,0.015313,0.000036,0.000004,0.060960,0.000270,0.000004,0.009316,0.085908
59,0.006884,0.000037,0.000003,0.063753,0.000285,0.000005,0.002553,0.073525
54,0.006724,0.000053,0.000003,0.065744,0.000270,0.000004,0.007677,0.080479
56,0.010762,0.000050,0.000004,0.094073,0.000381,0.000008,0.001510,0.106794
59,0.006475,0.000034,0.000003,0.069344,0.000314,0.000005,0.001644,0.077825
50,0.008496,0.000038,0.000004,0.088337,0.000302,0.000004,0.002335,0.099520
55,0.007546,0.000039,0.000004,0.072039,0.000309,0.000006,0.007549,0.087497
55,0.006760,0.000041,0.000005,0.009307,0.000263,0.000005,0.008006,0.024393
54,0.007955,0.000036,0.000004,0.082052,0.000315,0.000004,0.006276,0.096651
60,0.006452,0.000037,0.000004,0.066533,0.000287,0.000004,0.004048,0.077371
59,0.008301,0.000042,0.000004,0.075658,0.000322,0.000005,0.000225,0.084560
63,0.005112,0.000035,0.000005,0.058443,0.000271,0.000004,0.000197,0.064068
51,0.009276,0.000033,0.000003,0.021386,0.000273,0.000004,0.001976,0.032956
58,0.012212,0.000037,0.000003,0.061806,0.000275,0.000004,0.000841,0.075181
56,0.007120,0.000036,0.000003,0.020662,0.000278,0.000004,0.009981,0.038090
52,0.010506,0.000051,0.000005,0.079833,0.000277,0.000005,0.001530,0.092211
58,0.007994,0.000034,0.000003,0.069489,0.000301,0.000005,0.000992,0.078821
58,0.009036,0.000042,0.000004,0.074932,0.000299,0.000005,0.000157,0.084478
55,0.009051,0.000039,0.000038,0.019276,0.000291,0.000005,0.006417,0.035122
60,0.006387,0.000037,0.000003,0.065658,0.000266,0.000005,0.002361,0.074721
58,0.006550,0.000038,0.000004,0.074957,0.000275,0.000004,0.000599,0.082431
60,0.008025,0.000036,0.000003,0.065406,0.000287,0.000005,0.001594,0.075360
49,0.020348,0.000034,0.000003,0.073698,0.000292,0.000004,0.010138,0.104524
56,0.006521,0.000035,0.000004,0.064134,0.000309,0.000005,0.008029,0.079042
59,0.008777,0.000036,0.000003,0.023317,0.000288,0.000005,0.000670,0.033100
61,0.005880,0.000034,0.000003,0.071117,0.000305,0.000004,0.004071,0.081418
56,0.008647,0.000037,0.000004,0.028462,0.000291,0.000003,0.006450,0.043900
60,0.015387,0.000047,0.000004,0.066450,0.000292,0.000005,0.000222,0.082409
52,0.010263,0.000047,0.000005,0.067701,0.000302,0.000005,0.002127,0.080454
53,0.005927,0.000034,0.000004,0.062367,0.000283,0.000004,0.001489,0.070112
50,0.011250,0.000039,0.000004,0.022400,0.000304,0.000004,0.010283,0.044289
57,0.006659,0.000038,0.000004,0.067241,0.000277,0.000004,0.006836,0.081064
59,0.006106,0.000032,0.000003,0.070241,0.000237,0.000004,0.000695,0.077322
59,0.017790,0.000037,0.000004,0.071028,0.000305,0.000006,0.000664,0.089836
57,0.015180,0.000058,0.000004,0.137022,0.000462,0.000007,0.001776,0.154515
59,0.008194,0.000042,0.000004,0.074542,0.000466,0.000006,0.000205,0.083464
61,0.012441,0.000037,0.000005,0.069455,0.000306,0.000007,0.002720,0.084976
61,0.007068,0.000032,0.000003,0.066177,0.000285,0.000005,0.001635,0.075210
60,0.006378,0.000037,0.000003,0.013357,0.000344,0.000005,0.000880,0.021008
53,0.015285,0.000032,0.000003,0.020490,0.000267,0.000004,0.001806,0.037893
60,0.006257,0.000035,0.000002,0.064912,0.000283,0.000004,0.000616,0.072113
62,0.005891,0.000033,0.000003,0.063496,0.000272,0.000004,0.004019,0.073722
57,0.006523,0.000034,0.000004,0.075719,0.000304,0.000005,0.007921,0.090517
61,0.006203,0.000035,0.000003,0.065174,0.000311,0.000004,0.000213,0.071945
61,0.005930,0.000036,0.000003,0.015614,0.000279,0.000004,0.000774,0.022644
57,0.009661,0.000039,0.000004,0.075139,0.000313,0.000004,0.006459,0.091626
58,0.005477,0.000038,0.000004,0.051355,0.000264,0.000004,0.006382,0.063528
54,0.015378,0.000039,0.000004,0.068811,0.000299,0.000004,0.001575,0.086116
62,0.006038,0.000040,0.000004,0.013835,0.000292,0.000004,0.000851,0.021069
62,0.006334,0.000036,0.000003,0.063488,0.000291,0.000004,0.002380,0.072541
60,0.013760,0.000036,0.000003,0.063629,0.000281,0.000004,0.000782,0.078501
60,0.011543,0.000044,0.000004,0.066265,0.000349,0.000004,0.000174,0.078385
62,0.007394,0.000034,0.000003,0.067318,0.000276,0.000005,0.001605,0.076640
63,0.005138,0.000032,0.000003,0.004980,0.000281,0.000005,0.000867,0.011311
51,0.011899,0.000034,0.000004,0.062282,0.000292,0.000004,0.027372,0.101898
54,0.009733,0.000035,0.000003,0.061929,0.000362,0.000005,0.002155,0.074226
61,0.006249,0.000033,0.000004,0.067898,0.000305,0.000005,0.000752,0.075248
58,0.010692,0.000049,0.000003,0.099818,0.000383,0.000007,0.001475,0.112432
63,0.005732,0.000035,0.000003,0.064779,0.000384,0.000007,0.005398,0.076344
61,0.013882,0.000041,0.000003,0.019975,0.000402,0.000008,0.001185,0.035501
63,0.012212,0.000036,0.000003,0.017414,0.000353,0.000006,0.002201,0.032232
62,0.006136,0.000032,0.000003,0.066775,0.000395,0.000006,0.000284,0.073633
58,0.006719,0.000036,0.000003,0.069006,0.000349,0.000008,0.008771,0.084898
62,0.008924,0.000047,0.000005,0.014313,0.000355,0.000007,0.000987,0.024642
58,0.008021,0.000038,0.000003,0.068761,0.000411,0.000007,0.008651,0.085899
59,0.005748,0.000033,0.000003,0.078357,0.000288,0.000006,0.006735,0.091177
63,0.006299,0.000032,0.000004,0.068099,0.000310,0.000005,0.002461,0.077215
55,0.008209,0.000051,0.000004,0.077801,0.000296,0.000004,0.001513,0.087885
63,0.007661,0.000046,0.000004,0.018359,0.000412,0.000007,0.001852,0.028352
55,0.008566,0.000041,0.000004,0.053157,0.000263,0.000005,0.001650,0.063690
63,0.009382,0.000042,0.000005,0.035077,0.000353,0.000005,0.000237,0.045103
61,0.028449,0.000047,0.000003,0.066041,0.000320,0.000005,0.000167,0.095035
52,0.009782,0.000041,0.000005,0.065796,0.000286,0.000004,0.008678,0.084597
62,0.014919,0.000033,0.000003,0.046823,0.000274,0.000004,0.000749,0.062809
56,0.009334,0.000038,0.000003,0.018842,0.000261,0.000004,0.001881,0.030367
59,0.006075,0.000036,0.000003,0.055202,0.000282,0.000005,0.007103,0.068710
59,0.011454,0.000044,0.000003,0.072152,0.000673,0.000015,0.002412,0.086760
62,0.008341,0.000037,0.000003,0.016361,0.000260,0.000004,0.000161,0.025169
56,0.007169,0.000034,0.000003,0.055843,0.000270,0.000005,0.001428,0.064758
57,0.008672,0.000035,0.000004,0.020040,0.000308,0.000004,0.001944,0.031013
59,0.007888,0.000035,0.000003,0.068301,0.000319,0.000005,0.006276,0.082832
60,0.008227,0.000037,0.000003,0.065358,0.000275,0.000004,0.006388,0.080298
57,0.005905,0.000032,0.000004,0.024793,0.000308,0.000004,0.001488,0.032539
53,0.017264,0.000043,0.000004,0.054793,0.000306,0.000004,0.010052,0.082472
63,0.019794,0.000033,0.000004,0.067264,0.000357,0.000005,0.000831,0.088292
60,0.008280,0.000041,0.000003,0.027397,0.000301,0.000004,0.006130,0.042167
60,0.005402,0.000030,0.000003,0.061736,0.000280,0.000005,0.007353,0.074813
60,0.007434,0.000032,0.000003,0.065738,0.000300,0.000004,0.000916,0.074430
58,0.007750,0.000032,0.000004,0.017088,0.000217,0.000004,0.001258,0.026359
58,0.007096,0.000035,0.000003,0.052338,0.000253,0.000004,0.001647,0.061381
63,0.023568,0.000037,0.000004,0.067251,0.000402,0.000007,0.000246,0.091518
61,0.008170,0.000033,0.000003,0.015036,0.000302,0.000005,0.006094,0.029648
61,0.007941,0.000041,0.000003,0.059636,0.000260,0.000004,0.006720,0.074610
62,0.007986,0.000041,0.000004,0.017239,0.000289,0.000004,0.006164,0.031730
61,0.013885,0.000034,0.000003,0.046921,0.000273,0.000004,0.007248,0.068376
59,0.004774,0.000027,0.000003,0.049361,0.000253,0.000005,0.001312,0.055740
54,0.011208,0.000036,0.000003,0.066324,0.000276,0.000004,0.009570,0.087426
61,0.011587,0.000036,0.000003,0.062270,0.000286,0.000004,0.001048,0.075239
59,0.008911,0.000033,0.000003,0.055650,0.000261,0.000004,0.001836,0.066702
62,0.005819,0.000037,0.000003,0.010178,0.000303,0.000005,0.007223,0.023575
62,0.006440,0.000032,0.000002,0.012228,0.000301,0.000005,0.000949,0.019961
62,0.007431,0.000038,0.000003,0.053568,0.000278,0.000004,0.006599,0.067926
63,0.006013,0.000037,0.000003,0.010010,0.000300,0.000006,0.008209,0.024585
63,0.007846,0.000034,0.000003,0.050793,0.000324,0.000004,0.006293,0.065305
60,0.007346,0.000032,0.000003,0.058001,0.000269,0.000004,0.001451,0.067112
63,0.013347,0.000040,0.000004,0.014593,0.000278,0.000005,0.006739,0.035012
55,0.014751,0.000032,0.000003,0.048582,0.000271,0.000004,0.008262,0.071910
60,0.007289,0.000035,0.000004,0.054791,0.000257,0.000004,0.001626,0.064010
61,0.005968,0.000036,0.000003,0.015169,0.000282,0.000004,0.001346,0.022813
56,0.008161,0.000031,0.000003,0.005696,0.000254,0.000004,0.008240,0.022394
63,0.011569,0.000035,0.000003,0.059340,0.000295,0.000004,0.000920,0.072170
57,0.006096,0.000030,0.000003,0.012786,0.000296,0.000006,0.016540,0.035764
62,0.005107,0.000035,0.000003,0.047285,0.000257,0.000004,0.001266,0.053962
61,0.008838,0.000033,0.000003,0.067989,0.000314,0.000005,0.001926,0.079113
58,0.009504,0.000040,0.000004,0.005326,0.000375,0.000006,0.013228,0.028490
63,0.005152,0.000031,0.000004,0.055874,0.000295,0.000004,0.001298,0.062662
62,0.007410,0.000033,0.000003,0.056071,0.000290,0.000004,0.001673,0.065486
59,0.009545,0.000044,0.000004,0.063178,0.000384,0.000008,0.013868,0.087037
63,0.011202,0.000029,0.000003,0.052936,0.000256,0.000004,0.001697,0.066131
64,0.015796,0.000052,0.000007,0.018865,0.000337,0.000004,0.003837,0.038903
60,0.007654,0.000047,0.000004,0.072441,0.000517,0.000010,0.014376,0.095056
65,0.005561,0.000031,0.000005,0.059496,0.000295,0.000004,0.003532,0.068927
66,0.006270,0.000035,0.000004,0.020281,0.000286,0.000005,0.003585,0.030470
61,0.008069,0.000031,0.000003,0.050665,0.000285,0.000004,0.007386,0.066450
67,0.006249,0.000036,0.000005,0.080038,0.000372,0.000006,0.005279,0.091992
62,0.010148,0.000037,0.000003,0.059251,0.000331,0.000004,0.007563,0.077348
64,0.014350,0.000058,0.000009,0.085944,0.000441,0.000008,0.000279,0.101096
63,0.007265,0.000042,0.000003,0.062203,0.000276,0.000004,0.008989,0.078787
64,0.438319,0.000083,0.000010,0.063490,0.000366,0.000004,0.003497,0.505779
68,0.012658,0.000046,0.000006,0.074780,0.000351,0.000006,0.005359,0.093213
64,0.551191,0.000113,0.000010,0.021192,0.000424,0.000005,0.000667,0.573607
65,0.038080,0.000055,0.000004,0.033135,0.000432,0.000010,0.000323,0.072043
65,0.005490,0.000034,0.000003,0.054063,0.000276,0.000004,0.003088,0.062963
64,0.015418,0.000064,0.000006,0.182082,0.000508,0.000006,0.006622,0.204719
65,0.013231,0.000051,0.000005,0.088090,0.000367,0.000006,0.000479,0.102234
69,0.009635,0.000043,0.000006,0.103364,0.000387,0.000007,0.005442,0.118890
66,0.005335,0.000037,0.000003,0.056299,0.000282,0.000004,0.002690,0.064655
66,0.008231,0.000034,0.000003,0.092588,0.000457,0.000010,0.000314,0.101643
65,0.010437,0.000050,0.000005,0.096422,0.000472,0.000007,0.003409,0.110810
67,0.014627,0.000044,0.000004,0.060062,0.000310,0.000005,0.003183,0.078240
66,0.006623,0.000040,0.000005,0.099646,0.000359,0.000007,0.000472,0.107156
70,0.021430,0.000043,0.000008,0.093871,0.000392,0.000007,0.006551,0.122311
67,0.019527,0.000042,0.000004,0.079944,0.000305,0.000005,0.000180,0.100010
68,0.005564,0.000046,0.000003,0.054106,0.000285,0.000004,0.002816,0.062831
64,0.010208,0.000053,0.000008,0.060397,0.000369,0.000004,0.006082,0.077128
66,0.009963,0.000047,0.000004,0.099685,0.000312,0.000004,0.002259,0.112279
67,0.006937,0.000044,0.000004,0.089332,0.000373,0.000007,0.000478,0.097179
69,0.005125,0.000035,0.000003,0.043942,0.000286,0.000004,0.003129,0.052529
71,0.008112,0.000040,0.000006,0.085648,0.000406,0.000008,0.006117,0.100344
70,0.015956,0.000053,0.000005,0.008440,0.000269,0.000004,0.003141,0.027872
65,0.005951,0.000035,0.000003,0.072451,0.000319,0.000004,0.005742,0.084510
64,0.597967,0.000060,0.000008,0.064772,0.000414,0.000005,0.004895,0.668130
68,0.022887,0.000051,0.000003,0.113430,0.000497,0.000013,0.000353,0.137240
67,0.005900,0.000037,0.000003,0.078694,0.000362,0.000004,0.002259,0.087263
68,0.006983,0.000044,0.000003,0.087844,0.000281,0.000004,0.000393,0.095555
64,0.028498,0.000054,0.000004,0.062619,0.000445,0.000005,0.000654,0.092288
71,0.005907,0.000050,0.000004,0.056960,0.000283,0.000004,0.002940,0.066154
69,0.005806,0.000036,0.000003,0.016256,0.000252,0.000004,0.000510,0.022871
66,0.006178,0.000035,0.000003,0.059625,0.000302,0.000004,0.005821,0.071975
69,0.018618,0.000044,0.000004,0.037864,0.000432,0.000008,0.000284,0.057257
72,0.014514,0.000043,0.000004,0.007312,0.000343,0.000005,0.003590,0.025816
65,0.017811,0.000045,0.000004,0.016607,0.000349,0.000006,0.000565,0.035390
70,0.007914,0.000054,0.000005,0.010962,0.000323,0.000005,0.000465,0.019729
68,0.005063,0.000035,0.000003,0.064400,0.000262,0.000005,0.002064,0.071838
65,0.014382,0.000035,0.000003,0.060492,0.000264,0.000004,0.004231,0.079415
72,0.016657,0.000048,0.000007,0.100202,0.000318,0.000004,0.004121,0.121362
69,0.005754,0.000039,0.000003,0.016531,0.000296,0.000004,0.002378,0.025011
67,0.006092,0.000032,0.000003,0.052323,0.000279,0.000004,0.005789,0.064528
66,0.006569,0.000030,0.000003,0.051323,0.000314,0.000004,0.000475,0.058721
73,0.005381,0.000035,0.000003,0.059314,0.000291,0.000006,0.003054,0.068089
71,0.005363,0.000032,0.000004,0.054591,0.000265,0.000004,0.000391,0.060652
70,0.013552,0.000032,0.000004,0.058837,0.000246,0.000004,0.000165,0.072843
68,0.005737,0.000035,0.000003,0.017194,0.000363,0.000005,0.005800,0.029142
74,0.013347,0.000032,0.000003,0.012433,0.000404,0.000010,0.002941,0.029176
73,0.008010,0.000038,0.000004,0.069605,0.000287,0.000004,0.003962,0.081914
66,0.017267,0.000040,0.000004,0.072392,0.000533,0.000009,0.007326,0.097579
70,0.005917,0.000035,0.000003,0.072497,0.000289,0.000005,0.002180,0.080931
75,0.005477,0.000033,0.000004,0.011119,0.000296,0.000005,0.003022,0.019960
67,0.007221,0.000032,0.000004,0.049669,0.000257,0.000004,0.000442,0.057631
74,0.007825,0.000036,0.000006,0.010845,0.000259,0.000004,0.003837,0.022817
72,0.009546,0.000046,0.000004,0.052659,0.000285,0.000004,0.000365,0.062910
68,0.007238,0.000036,0.000003,0.006785,0.000308,0.000005,0.000609,0.014986
69,0.005350,0.000036,0.000003,0.044765,0.000284,0.000004,0.004592,0.055040
71,0.007728,0.000037,0.000003,0.061640,0.000286,0.000004,0.000170,0.069870
69,0.007950,0.000032,0.000003,0.019076,0.000324,0.000004,0.000577,0.027972
71,0.006894,0.000031,0.000003,0.053745,0.000304,0.000005,0.002283,0.063270
76,0.005225,0.000036,0.000003,0.063192,0.000311,0.000005,0.003222,0.071999
73,0.005977,0.000041,0.000004,0.056485,0.000316,0.000004,0.000367,0.063197
70,0.005797,0.000038,0.000003,0.056693,0.000305,0.000004,0.005938,0.068784
75,0.012374,0.000073,0.000007,0.069773,0.000330,0.000004,0.004118,0.086683
72,0.005937,0.000032,0.000004,0.023412,0.000274,0.000003,0.002165,0.031830
74,0.005129,0.000033,0.000004,0.011919,0.000241,0.000004,0.000320,0.017651
72,0.009384,0.000038,0.000003,0.064488,0.000247,0.000005,0.000178,0.074345
67,0.022631,0.000041,0.000005,0.083312,0.000372,0.000008,0.006282,0.112657
70,0.013181,0.000043,0.000003,0.055189,0.000326,0.000004,0.000529,0.069280
73,0.008080,0.000037,0.000003,0.014060,0.000314,0.000004,0.002313,0.024818
76,0.005867,0.000034,0.000005,0.019669,0.000275,0.000004,0.003506,0.029365
77,0.004640,0.000029,0.000003,0.049092,0.000282,0.000004,0.002689,0.056743
68,0.018484,0.000053,0.000005,0.010170,0.000297,0.000005,0.004848,0.033869
78,0.005473,0.000032,0.000003,0.007067,0.000276,0.000004,0.002863,0.015721
75,0.005600,0.000032,0.000004,0.055004,0.000294,0.000004,0.000433,0.061374
71,0.005931,0.000040,0.000003,0.063722,0.000408,0.000007,0.007257,0.077373
73,0.006540,0.000032,0.000004,0.068344,0.000346,0.000006,0.000234,0.075510
64,0.015801,0.000060,0.000005,0.059872,0.000362,0.000005,0.007605,0.083724
69,0.020923,0.000051,0.000004,0.014654,0.000392,0.000008,0.006574,0.042612
74,0.007616,0.000033,0.000003,0.059054,0.000292,0.000004,0.002359,0.069366
71,0.006686,0.000031,0.000003,0.069164,0.000339,0.000005,0.000492,0.076722
77,0.007175,0.000033,0.000005,0.068230,0.000304,0.000004,0.003857,0.079612
79,0.010302,0.000042,0.000003,0.063403,0.000304,0.000004,0.003451,0.077514
76,0.006082,0.000035,0.000003,0.054418,0.000304,0.000004,0.000357,0.061206
72,0.005583,0.000035,0.000003,0.051243,0.000281,0.000004,0.005300,0.062454
64,0.488287,0.000078,0.000016,0.067725,0.000362,0.000005,0.002125,0.558609
65,0.007300,0.000041,0.000004,0.068560,0.000410,0.000008,0.009896,0.086227
75,0.008042,0.000036,0.000003,0.070886,0.000301,0.000004,0.002353,0.081630
72,0.009183,0.000038,0.000003,0.071268,0.000288,0.000004,0.000523,0.081311
74,0.010462,0.000044,0.000005,0.095147,0.000376,0.000006,0.000260,0.106302
78,0.008213,0.000035,0.000005,0.065718,0.000269,0.000004,0.003905,0.078153
80,0.006338,0.000034,0.000003,0.056525,0.000302,0.000004,0.003215,0.066429
64,0.526923,0.000090,0.000007,0.080352,0.000424,0.000006,0.000364,0.608170
77,0.005060,0.000032,0.000003,0.073965,0.000287,0.000004,0.000343,0.079696
73,0.020478,0.000077,0.000007,0.057598,0.000278,0.000004,0.006085,0.084533
65,0.006633,0.000041,0.000003,0.010260,0.000290,0.000004,0.000210,0.017444
65,0.010662,0.000038,0.000004,0.060435,0.000282,0.000004,0.001687,0.073116
70,0.020807,0.000048,0.000005,0.123687,0.000391,0.000008,0.006880,0.151833
66,0.007434,0.000037,0.000005,0.011722,0.000331,0.000005,0.000225,0.019760
78,0.006541,0.000038,0.000004,0.020895,0.000379,0.000007,0.012591,0.040459
74,0.005105,0.000031,0.000003,0.012301,0.012463,0.000011,0.006530,0.036450
73,0.007679,0.000041,0.000003,0.070642,0.000483,0.000010,0.000951,0.079813
76,0.007496,0.000038,0.000004,0.071950,0.000392,0.000008,0.002539,0.082432
79,0.007272,0.000043,0.000006,0.061168,0.000306,0.000005,0.004186,0.072991
81,0.005207,0.000032,0.000003,0.059830,0.000357,0.000007,0.003965,0.069407
66,0.016437,0.000061,0.000004,0.074944,0.000354,0.000006,0.006934,0.098746
74,0.009906,0.000037,0.000005,0.009085,0.000297,0.000004,0.000524,0.019861
75,0.010852,0.000043,0.000004,0.095771,0.000388,0.000007,0.000261,0.107329
67,0.005677,0.000037,0.000004,0.013023,0.000375,0.000005,0.006499,0.025626
82,0.005700,0.000033,0.000003,0.025543,0.000329,0.000004,0.003160,0.034776
66,0.009056,0.000038,0.000004,0.070577,0.000345,0.000005,0.001764,0.081792
67,0.011985,0.000035,0.000004,0.058671,0.000315,0.000005,0.000217,0.071235
83,0.005954,0.000035,0.000003,0.008878,0.000297,0.000004,0.003427,0.018602
76,0.009548,0.000048,0.000004,0.019013,0.000349,0.000006,0.000248,0.029220
79,0.011783,0.000036,0.000003,0.059637,0.000311,0.000004,0.000364,0.072141
75,0.005739,0.000034,0.000004,0.063960,0.000290,0.000005,0.005496,0.075535
77,0.010556,0.000037,0.000004,0.064649,0.000296,0.000004,0.002345,0.077896
75,0.007360,0.000035,0.000004,0.049775,0.000241,0.000004,0.000457,0.057879
80,0.005487,0.000033,0.000005,0.064223,0.000283,0.000004,0.016118,0.086158
76,0.005610,0.000030,0.000026,0.010718,0.000281,0.000004,0.005742,0.022416
80,0.006328,0.000040,0.000004,0.023283,0.000313,0.000005,0.000413,0.030389
84,0.005698,0.000035,0.000003,0.028982,0.000244,0.000004,0.002836,0.037807
71,0.021004,0.000050,0.000005,0.106045,0.000477,0.000009,0.007951,0.135548
68,0.005828,0.000035,0.000003,0.060968,0.000317,0.000006,0.006484,0.073646
77,0.005917,0.000032,0.000003,0.007045,0.000290,0.000004,0.005531,0.018826
67,0.007915,0.000035,0.000003,0.070898,0.000267,0.000004,0.002043,0.081169
77,0.009390,0.000039,0.000004,0.070978,0.000295,0.000004,0.000247,0.080960
68,0.016026,0.000036,0.000003,0.071886,0.000268,0.000004,0.000263,0.088489
81,0.006003,0.000038,0.000003,0.054978,0.000281,0.000004,0.000372,0.061683
85,0.005671,0.000034,0.000003,0.052779,0.000315,0.000005,0.003189,0.062003
81,0.009273,0.000036,0.000006,0.059241,0.000275,0.000004,0.004801,0.073644
78,0.012457,0.000034,0.000003,0.069026,0.000310,0.000004,0.002489,0.084328
78,0.013757,0.000039,0.000003,0.010206,0.000256,0.000004,0.000155,0.024422
76,0.011926,0.000037,0.000003,0.077980,0.000255,0.000004,0.000580,0.090788
69,0.005798,0.000031,0.000003,0.070073,0.000354,0.000007,0.007585,0.083860
78,0.005748,0.000035,0.000003,0.066329,0.000323,0.000005,0.005955,0.078403
82,0.006691,0.000037,0.000006,0.026477,0.000362,0.000005,0.004886,0.038470
68,0.009819,0.000032,0.000003,0.073953,0.000323,0.000004,0.001875,0.086014
64,0.509492,0.000089,0.000013,0.013970,0.000384,0.000004,0.001274,0.525233
82,0.006033,0.000035,0.000003,0.062413,0.000302,0.000005,0.000391,0.069185
69,0.006594,0.000035,0.000004,0.074277,0.000333,0.000005,0.000264,0.081515
69,0.007279,0.000032,0.000003,0.007597,0.000262,0.000005,0.001949,0.017132
86,0.005864,0.000032,0.000003,0.067166,0.000266,0.000004,0.003490,0.076830
72,0.020906,0.000046,0.000004,0.108359,0.000427,0.000007,0.007221,0.136978
65,0.008351,0.000037,0.000006,0.008951,0.000315,0.000005,0.001197,0.018866
70,0.006539,0.000039,0.000004,0.009581,0.000349,0.000005,0.000247,0.016768
77,0.009076,0.000045,0.000004,0.057932,0.000266,0.000004,0.000550,0.067881
79,0.017806,0.000034,0.000004,0.061443,0.000284,0.000004,0.000188,0.079766
83,0.005429,0.000033,0.000003,0.021256,0.000283,0.000004,0.000360,0.027370
66,0.006734,0.000036,0.000003,0.007888,0.000267,0.000005,0.001012,0.015950
79,0.018709,0.000038,0.000003,0.073152,0.000326,0.000004,0.002384,0.094627
79,0.006541,0.000038,0.000004,0.061322,0.000266,0.000004,0.005232,0.073410
70,0.014630,0.000038,0.000004,0.059174,0.000302,0.000005,0.006292,0.080452
84,0.005754,0.000034,0.000003,0.016141,0.000293,0.000005,0.000430,0.022663
73,0.017883,0.000045,0.000004,0.005634,0.000345,0.000007,0.006057,0.029977
70,0.012875,0.000033,0.000003,0.021433,0.008347,0.000004,0.001586,0.044287
83,0.005996,0.000034,0.000007,0.075698,0.000401,0.000007,0.005583,0.087733
87,0.005821,0.000036,0.000003,0.056566,0.000277,0.000004,0.003202,0.065914
71,0.006490,0.000035,0.000004,0.062227,0.000317,0.000005,0.000242,0.069321
78,0.008060,0.000040,0.000004,0.064913,0.000289,0.000004,0.000561,0.073874
88,0.005764,0.000033,0.000002,0.020856,0.000297,0.000003,0.003439,0.030402
80,0.009846,0.000038,0.000004,0.077201,0.000463,0.000008,0.000230,0.087795
67,0.018923,0.000039,0.000003,0.063080,0.000289,0.000004,0.000983,0.083328
80,0.014558,0.000046,0.000004,0.057788,0.000280,0.000005,0.005734,0.078419
80,0.013411,0.000038,0.000003,0.066077,0.000282,0.000004,0.002509,0.082328
85,0.006289,0.000036,0.000003,0.060998,0.000318,0.000004,0.000417,0.068067
89,0.005220,0.000032,0.000004,0.010813,0.000288,0.000004,0.002945,0.019310
71,0.015084,0.000035,0.000004,0.060173,0.000263,0.000004,0.006331,0.081901
71,0.010644,0.000035,0.000004,0.066740,0.000302,0.000005,0.002096,0.079831
84,0.007846,0.000050,0.000005,0.069855,0.000264,0.000004,0.007905,0.085934
68,0.006266,0.000040,0.000003,0.024326,0.000353,0.000005,0.001142,0.032141
72,0.006441,0.000034,0.000004,0.069559,0.000284,0.000004,0.000221,0.076550
74,0.027187,0.000052,0.000005,0.082738,0.000472,0.000009,0.007469,0.117940
72,0.009460,0.000031,0.000003,0.025631,0.000329,0.000004,0.006799,0.042263
79,0.009426,0.000041,0.000003,0.070534,0.000314,0.000004,0.000526,0.080852
85,0.008260,0.000038,0.000006,0.020973,0.000311,0.000004,0.004106,0.033704
86,0.005685,0.000032,0.000003,0.064922,0.000288,0.000004,0.000383,0.071318
81,0.006369,0.000037,0.000004,0.063343,0.000285,0.000004,0.005813,0.075862
73,0.006735,0.000037,0.000004,0.021852,0.000294,0.000005,0.000225,0.029154
81,0.010873,0.000040,0.000003,0.073446,0.000340,0.000005,0.000203,0.084914
90,0.005942,0.000034,0.000003,0.065079,0.000306,0.000004,0.003310,0.074683
81,0.008709,0.000040,0.000003,0.071393,0.000306,0.000004,0.002605,0.083065
87,0.006018,0.000034,0.000004,0.015485,0.000293,0.000004,0.000375,0.022215
72,0.018795,0.000048,0.000005,0.062769,0.000285,0.000004,0.001894,0.083804
69,0.007356,0.000035,0.000004,0.060197,0.000262,0.000004,0.000927,0.068790
80,0.006830,0.000033,0.000004,0.061908,0.000288,0.000004,0.000554,0.069622
86,0.005877,0.000035,0.000006,0.066200,0.000363,0.000006,0.004891,0.077384
73,0.018181,0.000034,0.000003,0.063724,0.000398,0.000007,0.007386,0.089741
81,0.010085,0.000087,0.000004,0.013793,0.000299,0.000004,0.000550,0.024825
74,0.007224,0.000042,0.000006,0.071205,0.000302,0.000005,0.000201,0.078987
82,0.006003,0.000039,0.000005,0.069152,0.000331,0.000004,0.006116,0.081655
91,0.006250,0.000037,0.000003,0.068874,0.000290,0.000004,0.003173,0.078637
88,0.005228,0.000035,0.000003,0.060153,0.000239,0.000004,0.000333,0.065997
82,0.008184,0.000037,0.000004,0.068259,0.000366,0.000004,0.002223,0.079089
73,0.008251,0.000038,0.000003,0.058734,0.000270,0.000005,0.001901,0.069207
82,0.013170,0.000037,0.000004,0.074048,0.000312,0.000005,0.000178,0.087756
75,0.021588,0.000044,0.000004,0.101549,0.000370,0.000007,0.007185,0.130753
70,0.005867,0.000034,0.000003,0.073383,0.000319,0.000004,0.001002,0.080615
87,0.009108,0.000035,0.000006,0.064316,0.000247,0.000004,0.008272,0.081995
75,0.006293,0.000036,0.000005,0.067567,0.000305,0.000006,0.000240,0.074454
83,0.004940,0.000031,0.000003,0.066922,0.000316,0.000006,0.005370,0.077592
82,0.006926,0.000029,0.000003,0.075993,0.000381,0.000007,0.000592,0.083934
92,0.004850,0.000030,0.000003,0.072049,0.000280,0.000004,0.002901,0.080123
89,0.005830,0.000032,0.000003,0.074149,0.000276,0.000004,0.000352,0.080649
74,0.016470,0.000035,0.000004,0.075566,0.000400,0.000007,0.006375,0.098863
76,0.006751,0.000033,0.000004,0.007060,0.000281,0.000004,0.000217,0.014354
83,0.008818,0.000036,0.000003,0.072539,0.000296,0.000005,0.002445,0.084145
83,0.009057,0.000037,0.000004,0.068300,0.000323,0.000005,0.000181,0.077910
74,0.008503,0.000034,0.000004,0.075245,0.000285,0.000004,0.001677,0.085757
71,0.006018,0.000036,0.000004,0.069477,0.000277,0.000005,0.001062,0.076882
77,0.006122,0.000033,0.000003,0.007779,0.000278,0.000004,0.000237,0.014460
76,0.009669,0.000041,0.000004,0.093647,0.000437,0.000007,0.007088,0.110902
88,0.008639,0.000044,0.000007,0.066379,0.000305,0.000004,0.004344,0.079730
84,0.005724,0.000035,0.000003,0.060389,0.000334,0.000005,0.005750,0.072244
83,0.007329,0.000032,0.000004,0.067329,0.000245,0.000004,0.000445,0.075391
75,0.014203,0.000031,0.000004,0.052899,0.000255,0.000004,0.009642,0.077042
84,0.010116,0.000040,0.000004,0.061536,0.000276,0.000004,0.000172,0.072151
90,0.006191,0.000036,0.000004,0.072118,0.000346,0.000006,0.000495,0.079198
93,0.005781,0.000037,0.000004,0.078875,0.000369,0.000005,0.003943,0.089020
84,0.012493,0.000044,0.000004,0.068730,0.000375,0.000004,0.002662,0.084317
72,0.005722,0.000033,0.000003,0.068291,0.000335,0.000007,0.001133,0.075529
78,0.006246,0.000031,0.000003,0.070426,0.000308,0.000004,0.000202,0.077223
75,0.008458,0.000036,0.000004,0.075546,0.000289,0.000005,0.001716,0.086060
85,0.008810,0.000039,0.000004,0.015317,0.000332,0.000005,0.002517,0.027028
76,0.008891,0.000040,0.000003,0.009468,0.000311,0.000004,0.001781,0.020504
76,0.016957,0.000057,0.000004,0.023461,0.000317,0.000004,0.006201,0.047008
85,0.009162,0.000043,0.000004,0.057291,0.000293,0.000005,0.005363,0.072166
84,0.008951,0.000040,0.000003,0.057989,0.000299,0.000004,0.000539,0.067827
89,0.018543,0.000045,0.000007,0.063281,0.000271,0.000004,0.004338,0.086494
91,0.007018,0.000035,0.000004,0.059870,0.000272,0.000004,0.000370,0.067576
73,0.005545,0.000034,0.000003,0.057429,0.000273,0.000005,0.001091,0.064384
94,0.005573,0.000031,0.000003,0.065035,0.000259,0.000004,0.003173,0.074084
79,0.005547,0.000034,0.000003,0.058866,0.000292,0.000004,0.000185,0.064933
77,0.033917,0.000116,0.000005,0.076207,0.000508,0.000008,0.006703,0.117487
85,0.015655,0.000036,0.000003,0.067767,0.000244,0.000004,0.000166,0.083876
92,0.005054,0.000031,0.000004,0.015019,0.000373,0.000007,0.000517,0.021009
85,0.007891,0.000035,0.000003,0.022167,0.000307,0.000006,0.000711,0.031123
77,0.007920,0.000034,0.000003,0.069118,0.000292,0.000004,0.001839,0.079216
86,0.005907,0.000033,0.000003,0.052387,0.000283,0.000004,0.005654,0.064275
86,0.018890,0.000035,0.000003,0.018143,0.000307,0.000006,0.000210,0.037596
77,0.012074,0.000038,0.000003,0.072319,0.000292,0.000004,0.006719,0.091455
86,0.008184,0.000038,0.000003,0.093256,0.000364,0.000005,0.003603,0.105457
74,0.006073,0.000030,0.000003,0.063998,0.000273,0.000004,0.000944,0.071329
90,0.008133,0.000034,0.000005,0.066244,0.000318,0.000004,0.004220,0.078961
80,0.009902,0.000032,0.000003,0.059885,0.000279,0.000004,0.000198,0.070306
86,0.008367,0.000040,0.000004,0.051112,0.000264,0.000004,0.000518,0.060311
95,0.009152,0.000038,0.000003,0.060506,0.000550,0.000012,0.006040,0.076308
93,0.009754,0.000035,0.000003,0.058498,0.000313,0.000004,0.000383,0.068995
78,0.015912,0.000037,0.000004,0.016132,0.000294,0.000004,0.006941,0.039331
78,0.008264,0.000034,0.000003,0.065333,0.000406,0.000009,0.009145,0.083207
79,0.007021,0.000029,0.000003,0.012633,0.000251,0.000004,0.005292,0.025238
87,0.007434,0.000037,0.000004,0.068753,0.000301,0.000005,0.000164,0.076699
81,0.005872,0.000035,0.000005,0.047966,0.000261,0.000004,0.000188,0.054334
87,0.005858,0.000036,0.000003,0.076106,0.000410,0.000007,0.006216,0.088643
75,0.005126,0.000029,0.000003,0.061221,0.000272,0.000004,0.000921,0.067582
78,0.022257,0.000039,0.000004,0.107045,0.000402,0.000008,0.006693,0.136454
82,0.005296,0.000033,0.000004,0.007705,0.000329,0.000005,0.000229,0.013604
91,0.008502,0.000033,0.000006,0.061051,0.000326,0.000004,0.004413,0.074340
96,0.006532,0.000040,0.000004,0.056669,0.000284,0.000004,0.003107,0.066646
87,0.009361,0.000033,0.000003,0.074683,0.000291,0.000004,0.002467,0.086850
94,0.006365,0.000035,0.000003,0.065970,0.000319,0.000004,0.000396,0.073095
76,0.005843,0.000031,0.000004,0.014122,0.000276,0.000005,0.001057,0.021341
87,0.008653,0.000035,0.000003,0.071039,0.000328,0.000004,0.000531,0.080598
88,0.016336,0.000036,0.000003,0.034703,0.000383,0.000006,0.000212,0.051682
88,0.005825,0.000037,0.000003,0.053623,0.000372,0.000007,0.006110,0.065981
79,0.009394,0.000038,0.000003,0.064669,0.000422,0.000005,0.010213,0.084751
77,0.005696,0.000045,0.000003,0.056901,0.000334,0.000006,0.000956,0.063946
95,0.007879,0.000032,0.000003,0.056835,0.000291,0.000005,0.000536,0.065585
88,0.006732,0.000031,0.000003,0.053794,0.000270,0.000004,0.000437,0.061272
80,0.016302,0.000033,0.000003,0.069260,0.000332,0.000004,0.006329,0.092269
83,0.006809,0.000039,0.000004,0.060534,0.000420,0.000009,0.000314,0.068131
97,0.006265,0.000038,0.000003,0.067503,0.000409,0.000007,0.002996,0.077226
92,0.008521,0.000038,0.000007,0.070866,0.000257,0.000004,0.003692,0.083387
88,0.008599,0.000040,0.000004,0.066181,0.000285,0.000009,0.002089,0.077210
79,0.015852,0.000044,0.000005,0.085340,0.000379,0.000008,0.004943,0.106577
89,0.016890,0.000033,0.000003,0.057941,0.000250,0.000005,0.000156,0.075280
89,0.009570,0.000041,0.000004,0.044592,0.000251,0.000004,0.004081,0.058548
89,0.007482,0.000040,0.000005,0.005595,0.000341,0.000006,0.000713,0.014187
98,0.006365,0.000034,0.000003,0.022408,0.000315,0.000004,0.003278,0.032413
90,0.021051,0.000037,0.000003,0.014594,0.000314,0.000005,0.000171,0.036178
78,0.004863,0.000034,0.000002,0.053485,0.000293,0.000004,0.001003,0.059688
84,0.005223,0.000044,0.000005,0.056696,0.000285,0.000005,0.000248,0.062508
96,0.007866,0.000035,0.000005,0.053401,0.000275,0.000005,0.000377,0.061967
89,0.008408,0.000037,0.000004,0.061988,0.000275,0.000004,0.002377,0.073099
93,0.008380,0.000039,0.000006,0.061478,0.000322,0.000005,0.004409,0.074642
97,0.007851,0.000039,0.000004,0.005611,0.000317,0.000005,0.000496,0.014327
90,0.008521,0.000038,0.000003,0.061362,0.000271,0.000004,0.000521,0.070723
81,0.020452,0.000044,0.000005,0.062183,0.000260,0.000004,0.005877,0.088831
80,0.007631,0.000042,0.000004,0.082256,0.000270,0.000004,0.001595,0.091806
90,0.006139,0.000033,0.000005,0.073310,0.000298,0.000006,0.006251,0.086049
99,0.006104,0.000034,0.000003,0.053474,0.008355,0.000005,0.003067,0.071047
80,0.007502,0.000039,0.000005,0.096816,0.000410,0.000006,0.005416,0.110201
91,0.016916,0.000038,0.000003,0.060093,0.000358,0.000006,0.000207,0.077625
94,0.009079,0.000038,0.000005,0.026518,0.000280,0.000004,0.004197,0.040127
81,0.016071,0.000046,0.000004,0.013251,0.000286,0.000004,0.001698,0.031365
85,0.006453,0.000034,0.000004,0.058661,0.000253,0.000005,0.000186,0.065598
79,0.006124,0.000036,0.000003,0.068250,0.000300,0.000004,0.000994,0.075715
90,0.008987,0.000046,0.000004,0.077519,0.000448,0.000008,0.003708,0.090727
91,0.007714,0.000035,0.000004,0.073505,0.000418,0.000005,0.000607,0.082296
82,0.019855,0.000039,0.000005,0.059283,0.000281,0.000004,0.006335,0.085807
98,0.010307,0.000049,0.000004,0.089666,0.000418,0.000006,0.000509,0.100965
100,0.007764,0.000045,0.000004,0.063599,0.000264,0.000004,0.003183,0.074865
82,0.006688,0.000030,0.000003,0.051110,0.000247,0.000004,0.001551,0.059637
81,0.010583,0.000044,0.000004,0.067650,0.000277,0.000004,0.003666,0.082232
86,0.006464,0.000036,0.000003,0.067503,0.000317,0.000005,0.000191,0.074521
80,0.005708,0.000031,0.000004,0.062554,0.000257,0.000004,0.000923,0.069485
91,0.017810,0.000047,0.000004,0.085632,0.008535,0.000008,0.008106,0.120148
95,0.016281,0.000034,0.000006,0.065520,0.000330,0.000004,0.004714,0.086894
92,0.017141,0.000040,0.000003,0.071171,0.000690,0.000016,0.000513,0.089580
101,0.006523,0.000033,0.000003,0.021682,0.000302,0.000004,0.003099,0.031651
81,0.005876,0.000035,0.000004,0.016429,0.000300,0.000005,0.001037,0.023691
92,0.007919,0.000032,0.000003,0.056508,0.000256,0.000003,0.000515,0.065239
92,0.007717,0.000044,0.000005,0.015719,0.000388,0.000007,0.008021,0.031908
82,0.005778,0.000032,0.000004,0.011957,0.000372,0.000005,0.001019,0.019172
87,0.006905,0.000037,0.000004,0.055616,0.000280,0.000004,0.000209,0.063058
83,0.016311,0.000042,0.000004,0.070969,0.000300,0.000004,0.006516,0.094152
99,0.016516,0.000040,0.000004,0.069068,0.000230,0.000003,0.000343,0.086208
83,0.017274,0.000050,0.000005,0.066366,0.000369,0.000006,0.001688,0.085770
91,0.009562,0.000037,0.000004,0.091319,0.000363,0.000006,0.003358,0.104656
82,0.021054,0.000035,0.000004,0.058810,0.000305,0.000004,0.004297,0.084513
102,0.006209,0.000040,0.000004,0.054679,0.000305,0.000004,0.003025,0.064271
96,0.009405,0.000037,0.000005,0.065839,0.000336,0.000005,0.004077,0.079708
93,0.015847,0.000040,0.000004,0.075987,0.000403,0.000007,0.000323,0.092614
93,0.008054,0.000034,0.000003,0.062504,0.000307,0.000005,0.000604,0.071513
83,0.010228,0.000033,0.000003,0.013524,0.000314,0.000006,0.004273,0.028386
83,0.005310,0.000033,0.000004,0.057076,0.000303,0.000004,0.000949,0.063683
94,0.008020,0.000036,0.000003,0.012182,0.000312,0.000004,0.000499,0.021060
84,0.008027,0.000035,0.000003,0.068044,0.000307,0.000005,0.001788,0.078215
88,0.006264,0.000039,0.000003,0.076158,0.000283,0.000005,0.000194,0.082947
100,0.008466,0.000038,0.000004,0.069803,0.000274,0.000004,0.000373,0.078965
93,0.007515,0.000043,0.000005,0.092390,0.000447,0.000007,0.008450,0.108865
95,0.009271,0.000043,0.000003,0.008466,0.000384,0.000006,0.000817,0.018995
84,0.016384,0.000037,0.000004,0.066475,0.000246,0.000005,0.006008,0.089166
103,0.007103,0.000028,0.000002,0.066580,0.000323,0.000004,0.003059,0.077105
94,0.012010,0.000047,0.000004,0.061671,0.000299,0.000004,0.000202,0.074240
97,0.016300,0.000046,0.000007,0.067913,0.000299,0.000004,0.004352,0.088926
92,0.010940,0.000040,0.000024,0.101487,0.000380,0.000008,0.011745,0.124631
84,0.005726,0.000033,0.000004,0.074488,0.000491,0.000009,0.001927,0.082684
94,0.007201,0.000042,0.000005,0.024269,0.000384,0.000007,0.015706,0.047620
84,0.010775,0.000037,0.000004,0.063269,0.000339,0.000005,0.017126,0.091562
89,0.006332,0.000035,0.000005,0.069102,0.000322,0.000004,0.000207,0.076009
85,0.007829,0.000031,0.000003,0.072653,0.000311,0.000004,0.001779,0.082618
101,0.008008,0.000032,0.000004,0.079581,0.000309,0.000004,0.000384,0.088325
85,0.008010,0.000040,0.000004,0.066690,0.000304,0.000005,0.006446,0.081505
96,0.009866,0.000047,0.000003,0.077811,0.000356,0.000005,0.000576,0.088668
104,0.008490,0.000039,0.000004,0.077560,0.000333,0.000004,0.003104,0.089541
95,0.027559,0.000031,0.000003,0.056790,0.000277,0.000004,0.000197,0.084863
98,0.007570,0.000028,0.000004,0.072507,0.000309,0.000004,0.004814,0.085242
85,0.007987,0.000033,0.000003,0.058619,0.000292,0.000005,0.001024,0.067968
86,0.008948,0.000038,0.000003,0.012489,0.000309,0.000004,0.006303,0.028102
93,0.010343,0.000042,0.000005,0.060501,0.000350,0.000005,0.002025,0.073275
90,0.007109,0.000039,0.000004,0.049705,0.008481,0.000006,0.000229,0.065574
99,0.007863,0.000033,0.000005,0.017488,0.000263,0.000004,0.004423,0.030084
85,0.014880,0.000038,0.000004,0.081081,0.000740,0.000014,0.010078,0.106841
95,0.010093,0.000036,0.000003,0.092962,0.000437,0.000009,0.008351,0.111899
86,0.015529,0.000038,0.000003,0.061568,0.000290,0.000004,0.001802,0.079238
102,0.008840,0.000038,0.000003,0.069218,0.000264,0.000004,0.000403,0.078772
100,0.008917,0.000030,0.000007,0.006871,0.000345,0.000005,0.003983,0.020163
97,0.008085,0.000036,0.000004,0.070271,0.000264,0.000004,0.000494,0.079162
105,0.008250,0.000036,0.000003,0.063134,0.000252,0.000004,0.003048,0.074732
96,0.016958,0.000036,0.000003,0.042923,0.000409,0.000010,0.000261,0.060610
86,0.005559,0.000033,0.000003,0.062802,0.000281,0.000004,0.000962,0.069649
101,0.006732,0.000036,0.000006,0.006189,0.000287,0.000004,0.004187,0.017446
87,0.008426,0.000031,0.000003,0.064743,0.000279,0.000004,0.006425,0.079919
91,0.006888,0.000043,0.000004,0.059455,0.000310,0.000005,0.000205,0.066912
86,0.017535,0.000034,0.000003,0.042515,0.000284,0.000004,0.004595,0.064975
102,0.008102,0.000033,0.000006,0.015672,0.000311,0.000004,0.004653,0.028787
103,0.007716,0.000033,0.000004,0.066707,0.000375,0.000007,0.000627,0.075472
87,0.009531,0.000043,0.000004,0.072893,0.000584,0.000012,0.002582,0.085656
94,0.024077,0.000046,0.000004,0.099826,0.000488,0.000010,0.004483,0.128942
96,0.008566,0.000038,0.000005,0.077855,0.000282,0.000005,0.005188,0.091943
88,0.016580,0.000036,0.000003,0.008346,0.012386,0.000008,0.014390,0.051755
106,0.006670,0.000034,0.000003,0.066737,0.000345,0.000006,0.003369,0.077170
98,0.011859,0.000039,0.000003,0.067219,0.000257,0.000004,0.000527,0.079912
87,0.008731,0.000031,0.000003,0.023003,0.000291,0.000005,0.004648,0.036717
87,0.005762,0.000031,0.000003,0.067852,0.000299,0.000004,0.000970,0.074924
97,0.007506,0.000034,0.000003,0.012959,0.000397,0.000005,0.005450,0.026359
89,0.007776,0.000037,0.000003,0.014001,0.000303,0.000006,0.006172,0.028304
92,0.006483,0.000032,0.000003,0.067365,0.000267,0.000005,0.000198,0.074356
99,0.008406,0.000049,0.000003,0.027582,0.000319,0.000004,0.000551,0.036917
103,0.008128,0.000033,0.000004,0.065813,0.000303,0.000004,0.004458,0.078748
97,0.016756,0.000040,0.000004,0.110602,0.000389,0.000008,0.000224,0.128027
88,0.008735,0.000035,0.000003,0.065388,0.000301,0.000005,0.001718,0.076189
107,0.006587,0.000033,0.000003,0.073977,0.000316,0.000005,0.003147,0.084075
88,0.005675,0.000034,0.000003,0.072240,0.000396,0.000007,0.001598,0.079957
104,0.008947,0.000037,0.000007,0.024499,0.000419,0.000008,0.005689,0.039613
104,0.011440,0.000072,0.000007,0.092427,0.000315,0.000004,0.000392,0.104660
88,0.017312,0.000036,0.000003,0.071242,0.000390,0.000007,0.005496,0.094491
89,0.016381,0.000046,0.000005,0.012198,0.000342,0.000005,0.001723,0.030703
98,0.006853,0.000031,0.000004,0.070388,0.000261,0.000004,0.004822,0.082368
90,0.006979,0.000032,0.000004,0.070699,0.000260,0.000004,0.005464,0.083446
64,0.019269,0.000092,0.000009,0.108027,0.000454,0.000005,0.000967,0.128834
108,0.009448,0.000038,0.000003,0.017310,0.000285,0.000004,0.003102,0.030196
93,0.005837,0.000042,0.000006,0.081679,0.000279,0.000004,0.000182,0.088031
95,0.018965,0.000047,0.000005,0.116612,0.000360,0.000007,0.003404,0.139408
99,0.007627,0.000035,0.000003,0.015708,0.000275,0.000005,0.005555,0.029213
91,0.007795,0.000034,0.000003,0.013425,0.000309,0.000004,0.006162,0.027738
100,0.008365,0.000035,0.000004,0.099382,0.000358,0.000005,0.000876,0.109029
89,0.006553,0.000038,0.000004,0.060045,0.000291,0.000004,0.001022,0.067962
105,0.008744,0.000032,0.000007,0.056767,0.000290,0.000004,0.004452,0.070301
98,0.016305,0.000029,0.000003,0.111655,0.000416,0.000010,0.000257,0.128680
65,0.008724,0.000037,0.000003,0.063508,0.000403,0.000007,0.001175,0.073862
90,0.018606,0.000032,0.000003,0.066167,0.000744,0.000022,0.004318,0.089898
109,0.004888,0.000029,0.000003,0.064009,0.000343,0.000007,0.003815,0.073099
105,0.007849,0.000031,0.000003,0.087305,0.000672,0.000014,0.001055,0.096932
89,0.016343,0.000033,0.000004,0.064896,0.000707,0.000015,0.010924,0.092931
90,0.026118,0.000075,0.000008,0.007736,0.000285,0.000005,0.001088,0.035318
94,0.006121,0.000035,0.000004,0.069931,0.000315,0.000006,0.000234,0.076648
95,0.005174,0.000030,0.000003,0.007399,0.000288,0.000004,0.000187,0.013088
100,0.007551,0.000034,0.000004,0.063889,0.000273,0.000005,0.005324,0.077085
92,0.008426,0.000038,0.000004,0.069114,0.000298,0.000004,0.006389,0.084278
90,0.023532,0.000041,0.000003,0.009969,0.000355,0.000006,0.006018,0.039931
101,0.012009,0.000048,0.000003,0.073655,0.000302,0.000004,0.000667,0.086691
106,0.022648,0.000044,0.000007,0.063703,0.000304,0.000004,0.004323,0.091039
96,0.016785,0.000046,0.000004,0.103796,0.000379,0.000008,0.003226,0.124252
66,0.008578,0.000037,0.000003,0.068954,0.000305,0.000005,0.000748,0.078633
91,0.016135,0.000037,0.000003,0.070996,0.000439,0.000008,0.002550,0.090173
106,0.007705,0.000031,0.000003,0.080558,0.000319,0.000005,0.000418,0.089041
110,0.006945,0.000034,0.000003,0.077060,0.000320,0.000005,0.003440,0.087811
96,0.005988,0.000034,0.000003,0.074354,0.000423,0.000008,0.000312,0.081126
91,0.007283,0.000039,0.000005,0.090168,0.000442,0.000008,0.001596,0.099547
101,0.008434,0.000035,0.000003,0.066972,0.000315,0.000005,0.005655,0.081426
99,0.019952,0.000041,0.000004,0.103649,0.000315,0.000005,0.000183,0.124152
97,0.005210,0.000031,0.000003,0.005423,0.000258,0.000004,0.000184,0.011115
102,0.007853,0.000035,0.000003,0.065652,0.000293,0.000004,0.000580,0.074422
97,0.023320,0.000054,0.000006,0.025208,0.000757,0.000010,0.005262,0.054643
93,0.009131,0.000038,0.000004,0.079475,0.000288,0.000005,0.006239,0.095186
91,0.016867,0.000042,0.000004,0.074364,0.000269,0.000004,0.003868,0.095424
67,0.008527,0.000038,0.000005,0.050131,0.000299,0.000004,0.000712,0.059721
107,0.009008,0.000031,0.000005,0.077177,0.000326,0.000004,0.004392,0.090947
94,0.008049,0.000034,0.000004,0.017153,0.000323,0.000005,0.006290,0.031864
92,0.005681,0.000034,0.000003,0.059895,0.000256,0.000004,0.001030,0.066907
111,0.010272,0.000035,0.000003,0.063448,0.000278,0.000004,0.003149,0.077195
107,0.009936,0.000036,0.000003,0.066286,0.000272,0.000004,0.000385,0.076924
98,0.005820,0.000051,0.000003,0.064107,0.000282,0.000004,0.000207,0.070477
102,0.008197,0.000036,0.000003,0.068578,0.000284,0.000004,0.006870,0.083978
92,0.019151,0.000045,0.000004,0.083795,0.000492,0.000007,0.002601,0.106100
103,0.008778,0.000034,0.000003,0.072366,0.000289,0.000004,0.000623,0.082101
100,0.015782,0.000040,0.000004,0.081748,0.000300,0.000006,0.000185,0.098067
92,0.008199,0.000035,0.000003,0.058883,0.000294,0.000004,0.004469,0.071892
112,0.013177,0.000035,0.000003,0.020257,0.000310,0.000004,0.003224,0.037016
108,0.013953,0.000032,0.000003,0.028099,0.000305,0.000004,0.000356,0.042754
98,0.010127,0.000041,0.000005,0.094043,0.000303,0.000004,0.002342,0.106869
68,0.009113,0.000037,0.000003,0.081876,0.000297,0.000004,0.000848,0.092183
108,0.009294,0.000037,0.000005,0.069627,0.000283,0.000004,0.004666,0.083921
93,0.014857,0.000029,0.000004,0.005501,0.000252,0.000003,0.003698,0.024348
99,0.006851,0.000038,0.000005,0.053160,0.000270,0.000004,0.000194,0.060525
101,0.013743,0.000035,0.000005,0.022024,0.000270,0.000004,0.000197,0.036280
93,0.008151,0.000056,0.000006,0.062585,0.000276,0.000004,0.000991,0.072073
93,0.018007,0.000036,0.000005,0.054999,0.000267,0.000004,0.010497,0.083820
104,0.007282,0.000035,0.000004,0.069227,0.000293,0.000004,0.000485,0.077332
94,0.015352,0.000031,0.000003,0.008032,0.000284,0.000004,0.015711,0.039422
102,0.009892,0.000038,0.000004,0.020747,0.000373,0.000009,0.000264,0.031329
103,0.009227,0.000039,0.000004,0.064725,0.000287,0.000004,0.023419,0.097714
109,0.010515,0.000063,0.000008,0.039849,0.000316,0.000004,0.004121,0.054881
113,0.005741,0.000032,0.000003,0.068503,0.000294,0.000004,0.003019,0.077601
109,0.008957,0.000036,0.000003,0.076675,0.000350,0.000006,0.000377,0.086407
95,0.031733,0.000036,0.000003,0.111748,0.000414,0.000009,0.009758,0.153709
100,0.005669,0.000031,0.000004,0.066076,0.000275,0.000004,0.000204,0.072265
99,0.007924,0.000032,0.000003,0.080139,0.000284,0.000004,0.002254,0.090647
69,0.013284,0.000032,0.000003,0.070210,0.000320,0.000004,0.000648,0.084504
94,0.005770,0.000037,0.000004,0.069692,0.000281,0.000004,0.001046,0.076839
110,0.008033,0.000037,0.000005,0.021682,0.000290,0.000004,0.004171,0.034226
101,0.006068,0.000033,0.000004,0.015035,0.000288,0.000004,0.000212,0.021648
110,0.007925,0.000031,0.000004,0.017866,0.000280,0.000004,0.000362,0.026474
95,0.005671,0.000033,0.000003,0.013445,0.000307,0.000005,0.001242,0.020711
103,0.013259,0.000033,0.000003,0.058540,0.000253,0.000004,0.000193,0.072289
104,0.007781,0.000031,0.000004,0.058799,0.000281,0.000005,0.005582,0.072488
102,0.006137,0.000033,0.000004,0.013703,0.000292,0.000005,0.000194,0.020369
105,0.020182,0.000033,0.000003,0.061144,0.000286,0.000004,0.000524,0.082179
114,0.006185,0.000037,0.000004,0.059235,0.000227,0.000004,0.011281,0.076978
96,0.005116,0.000032,0.000003,0.019731,0.000451,0.000009,0.001558,0.026905
94,0.020337,0.000033,0.000002,0.083043,0.000515,0.000008,0.002826,0.106771
95,0.021597,0.000036,0.000004,0.085491,0.000319,0.000005,0.004241,0.111699
100,0.009798,0.000039,0.000003,0.062953,0.000322,0.000004,0.002326,0.075451
70,0.008111,0.000035,0.000003,0.072919,0.000267,0.000004,0.000673,0.082016
111,0.008942,0.000039,0.000003,0.056133,0.000272,0.000006,0.000404,0.065801
111,0.010428,0.000035,0.000006,0.072277,0.000285,0.000005,0.004226,0.087268
96,0.015711,0.000035,0.000004,0.015333,0.000285,0.000005,0.004103,0.035482
101,0.008090,0.000036,0.000003,0.022316,0.000275,0.000003,0.002264,0.032993
105,0.015161,0.000037,0.000004,0.050888,0.000300,0.000004,0.004787,0.071185
103,0.014781,0.000042,0.000004,0.060720,0.000295,0.000005,0.000186,0.076035
106,0.011855,0.000050,0.000004,0.064876,0.000313,0.000004,0.000543,0.077647
96,0.021260,0.000047,0.000005,0.100653,0.000405,0.000009,0.009705,0.132093
97,0.006877,0.000035,0.000004,0.056547,0.000261,0.000003,0.001013,0.064744
115,0.006261,0.000038,0.000003,0.062005,0.000261,0.000004,0.002993,0.071572
104,0.025148,0.000037,0.000004,0.069566,0.000366,0.000006,0.000179,0.095309
95,0.016860,0.000034,0.000003,0.053070,0.000284,0.000004,0.001744,0.072005
98,0.005581,0.000032,0.000003,0.008541,0.000300,0.000005,0.000979,0.015444
97,0.008807,0.000043,0.000004,0.018124,0.000382,0.000009,0.009344,0.036722
112,0.008322,0.000034,0.000004,0.067402,0.000312,0.000005,0.000468,0.076549
71,0.007863,0.000035,0.000003,0.074855,0.000282,0.000004,0.000762,0.083808
107,0.017727,0.000044,0.000003,0.026356,0.000313,0.000008,0.000639,0.045094
112,0.008558,0.000030,0.000007,0.061812,0.000249,0.000004,0.003854,0.074518
97,0.017298,0.000032,0.000003,0.052654,0.000272,0.000004,0.004073,0.074341
104,0.005739,0.000032,0.000004,0.059961,0.000298,0.000004,0.000191,0.066233
102,0.008511,0.000036,0.000004,0.068444,0.000297,0.000004,0.002462,0.079763
106,0.007093,0.000033,0.000004,0.068320,0.000294,0.000005,0.004530,0.080284
72,0.007563,0.000032,0.000003,0.018582,0.000280,0.000004,0.000699,0.027166
116,0.006254,0.000036,0.000003,0.063565,0.000278,0.000004,0.002988,0.073130
113,0.010652,0.000037,0.000006,0.012370,0.000256,0.000004,0.004030,0.027360
99,0.006063,0.000034,0.000003,0.052210,0.000273,0.000004,0.001014,0.059604
105,0.025685,0.000049,0.000005,0.061060,0.000315,0.000006,0.000176,0.087297
117,0.004835,0.000030,0.000003,0.010268,0.000295,0.000005,0.003298,0.018740
114,0.007860,0.000036,0.000005,0.008302,0.000304,0.000006,0.004393,0.020910
113,0.007802,0.000035,0.000003,0.059450,0.000287,0.000004,0.000366,0.067949
108,0.007494,0.000033,0.000004,0.056385,0.000269,0.000004,0.000572,0.064763
105,0.005462,0.000032,0.000004,0.058990,0.000298,0.000005,0.000264,0.065058
96,0.043220,0.000039,0.000003,0.071488,0.000371,0.000008,0.002817,0.117951
118,0.005890,0.000032,0.000003,0.016890,0.000300,0.000006,0.003662,0.026788
114,0.017093,0.000046,0.000005,0.013884,0.000292,0.000004,0.000371,0.031696
103,0.009545,0.000033,0.000003,0.067329,0.000332,0.000004,0.002486,0.079739
98,0.017029,0.000050,0.000004,0.068864,0.000291,0.000004,0.004043,0.090290
107,0.007801,0.000032,0.000003,0.067420,0.000272,0.000004,0.005452,0.080989
100,0.005922,0.000034,0.000003,0.062137,0.000302,0.000004,0.001002,0.069408
73,0.008173,0.000034,0.000003,0.087853,0.000301,0.000004,0.000724,0.097095
97,0.018754,0.000033,0.000003,0.020693,0.000294,0.000004,0.001937,0.041725
108,0.006974,0.000033,0.000003,0.013805,0.000271,0.000004,0.004999,0.026094
115,0.008109,0.000036,0.000005,0.064071,0.000304,0.000004,0.004360,0.076895
106,0.016459,0.000032,0.000003,0.075999,0.000348,0.000005,0.000196,0.093046
109,0.012068,0.000036,0.000004,0.060946,0.000254,0.000004,0.000538,0.073854
104,0.009024,0.000033,0.000004,0.028396,0.000303,0.000005,0.002418,0.040188
98,0.021905,0.000049,0.000005,0.122282,0.000465,0.000010,0.009739,0.154463
106,0.005563,0.000034,0.000004,0.058406,0.000264,0.000004,0.000208,0.064486
64,0.719103,0.000082,0.000006,0.068223,0.000365,0.000004,0.002979,0.790777
119,0.006526,0.000035,0.000005,0.064966,0.000291,0.000004,0.003186,0.075018
116,0.009369,0.000034,0.000005,0.013953,0.000258,0.000004,0.011842,0.035471
101,0.005041,0.000031,0.000003,0.063164,0.000631,0.000020,0.002753,0.071677
115,0.008489,0.000033,0.000003,0.078737,0.000420,0.000009,0.000600,0.088297
65,0.012346,0.000033,0.000003,0.021685,0.000424,0.000007,0.003365,0.037868
120,0.017750,0.000053,0.000005,0.016039,0.000295,0.000004,0.003197,0.037351
99,0.007942,0.000033,0.000003,0.090512,0.000354,0.000005,0.004500,0.103353
74,0.008590,0.000036,0.000004,0.076642,0.000317,0.000005,0.000738,0.086335
102,0.006499,0.000036,0.000003,0.023402,0.000333,0.000007,0.001312,0.031597
99,0.030146,0.000049,0.000005,0.033985,0.000276,0.000004,0.007249,0.071720
98,0.016418,0.000038,0.000004,0.073842,0.000357,0.000005,0.002421,0.093090
107,0.011618,0.000036,0.000004,0.075252,0.000312,0.000005,0.000224,0.087453
107,0.017558,0.000034,0.000003,0.076552,0.000334,0.000006,0.000253,0.094743
109,0.007259,0.000033,0.000003,0.091089,0.000394,0.000008,0.007784,0.106578
110,0.007967,0.000050,0.000003,0.091875,0.000303,0.000004,0.000562,0.100769
105,0.010561,0.000039,0.000003,0.082968,0.000448,0.000009,0.003871,0.097907
108,0.005802,0.000035,0.000003,0.012915,0.000320,0.000007,0.000212,0.019297
117,0.008993,0.000040,0.000005,0.073499,0.000293,0.000004,0.017210,0.100050
121,0.008585,0.000037,0.000004,0.072652,0.000334,0.000005,0.003652,0.085273
116,0.012838,0.000071,0.000009,0.085425,0.000323,0.000006,0.000429,0.099106
66,0.008400,0.000037,0.000003,0.088554,0.000321,0.000005,0.002966,0.100292
111,0.009704,0.000036,0.000004,0.038395,0.000317,0.000004,0.000583,0.049046
103,0.007696,0.000045,0.000004,0.073870,0.000281,0.000004,0.001050,0.082955
122,0.007097,0.000036,0.000004,0.010522,0.000265,0.000005,0.002942,0.020875
100,0.010700,0.000046,0.000005,0.083661,0.000356,0.000007,0.005655,0.100436
64,0.519162,0.000144,0.000011,0.087407,0.000461,0.000005,0.000362,0.607557
67,0.008091,0.000034,0.000003,0.011969,0.000309,0.000005,0.003025,0.023441
117,0.006884,0.000030,0.000003,0.021323,0.000242,0.000004,0.000338,0.028828
108,0.016336,0.000038,0.000003,0.072068,0.000280,0.000005,0.000175,0.088908
109,0.014133,0.000038,0.000004,0.057730,0.000271,0.000004,0.000232,0.072415
99,0.007809,0.000029,0.000003,0.093303,0.000576,0.000017,0.003670,0.105415
106,0.011738,0.000033,0.000004,0.073685,0.000275,0.000004,0.002547,0.088290
65,0.008371,0.000038,0.000003,0.014866,0.000359,0.000006,0.000308,0.023955
75,0.068703,0.000043,0.000004,0.062602,0.000278,0.000004,0.000766,0.132403
110,0.010190,0.000045,0.000004,0.092339,0.000277,0.000005,0.005564,0.108429
100,0.008457,0.000037,0.000005,0.106522,0.000422,0.000008,0.009184,0.124644
110,0.006335,0.000032,0.000003,0.015235,0.000288,0.000004,0.000250,0.022148
118,0.013676,0.000038,0.000005,0.080059,0.000341,0.000007,0.005039,0.099174
104,0.006646,0.000033,0.000004,0.066915,0.000438,0.000009,0.001707,0.075756
76,0.008839,0.000040,0.000004,0.028550,0.000389,0.000007,0.001189,0.039024
107,0.008430,0.000041,0.000003,0.038539,0.000309,0.000004,0.002399,0.049729
112,0.015980,0.000038,0.000004,0.075230,0.000306,0.000004,0.000634,0.092199
111,0.013988,0.000033,0.000003,0.016605,0.000280,0.000006,0.000219,0.031136
68,0.010493,0.000051,0.000003,0.060193,0.000306,0.000005,0.003069,0.074124
123,0.008242,0.000035,0.000003,0.069151,0.000285,0.000004,0.003109,0.080834
118,0.008107,0.000035,0.000004,0.064090,0.000257,0.000004,0.000363,0.072861
101,0.008342,0.000026,0.000003,0.028414,0.000289,0.000005,0.006085,0.043169
105,0.007874,0.000035,0.000004,0.007331,0.000617,0.000014,0.002314,0.018195
101,0.011958,0.000041,0.000004,0.079826,0.000356,0.000005,0.004196,0.096390
112,0.005738,0.000032,0.000004,0.015121,0.000263,0.000004,0.000184,0.021347
69,0.007885,0.000039,0.000004,0.012409,0.000315,0.000004,0.002791,0.023453
106,0.007373,0.000037,0.000004,0.008298,0.000342,0.000008,0.001464,0.017532
119,0.012534,0.000036,0.000006,0.028205,0.000311,0.000004,0.004170,0.045270
109,0.018148,0.000036,0.000004,0.083920,0.000268,0.000005,0.000167,0.102549
66,0.009137,0.000038,0.000004,0.085983,0.000313,0.000004,0.000244,0.095725
102,0.007283,0.000034,0.000003,0.011136,0.000265,0.000004,0.004353,0.023084
100,0.032081,0.000049,0.000005,0.067145,0.000277,0.000005,0.001766,0.101334
108,0.007717,0.000031,0.000003,0.055525,0.000323,0.000004,0.002440,0.066048
77,0.007936,0.000033,0.000003,0.063030,0.000272,0.000004,0.000707,0.071989
111,0.021743,0.000044,0.000005,0.083962,0.000448,0.000010,0.005580,0.111797
113,0.015792,0.000068,0.000004,0.056494,0.000359,0.000004,0.004706,0.077436
119,0.007782,0.000033,0.000004,0.065948,0.000260,0.000004,0.000369,0.074402
102,0.014150,0.000032,0.000003,0.055536,0.000312,0.000005,0.005397,0.075442
124,0.009326,0.000038,0.000004,0.073974,0.000374,0.000007,0.004252,0.087981
113,0.005972,0.000035,0.000004,0.069144,0.000284,0.000006,0.000195,0.075642
78,0.012000,0.000039,0.000003,0.020635,0.000284,0.000004,0.000753,0.033723
70,0.008163,0.000033,0.000003,0.067482,0.000271,0.000004,0.002959,0.078922
112,0.008907,0.000039,0.000004,0.016496,0.000285,0.000004,0.006022,0.031762
107,0.006338,0.000039,0.000004,0.073294,0.000266,0.000004,0.000953,0.080903
120,0.008639,0.000032,0.000006,0.070963,0.000306,0.000004,0.003721,0.083676
67,0.007021,0.000040,0.000003,0.069644,0.000297,0.000005,0.000210,0.077221
120,0.009202,0.000039,0.000004,0.029114,0.000291,0.000004,0.000399,0.039056
110,0.016723,0.000039,0.000004,0.069745,0.000241,0.000005,0.000170,0.086929
101,0.019840,0.000037,0.000004,0.061773,0.000243,0.000004,0.001658,0.083562
103,0.008581,0.000038,0.000004,0.072208,0.000302,0.000004,0.004106,0.085247
114,0.009914,0.000043,0.000005,0.065131,0.000283,0.000004,0.000586,0.075969
109,0.019574,0.000036,0.000004,0.066741,0.000305,0.000004,0.002456,0.089126
121,0.008657,0.000034,0.000006,0.020973,0.000278,0.000004,0.004025,0.033982
103,0.007858,0.000038,0.000004,0.059778,0.000300,0.000004,0.006142,0.074129
125,0.008470,0.000033,0.000003,0.058764,0.000266,0.000004,0.003107,0.070653
114,0.006057,0.000034,0.000003,0.069412,0.000410,0.000007,0.000337,0.076265
71,0.010207,0.000036,0.000003,0.067262,0.000300,0.000004,0.003346,0.081164
108,0.006135,0.000036,0.000003,0.069676,0.000287,0.000004,0.001087,0.077234
79,0.008416,0.000032,0.000003,0.080301,0.000332,0.000004,0.000819,0.089912
121,0.008239,0.000034,0.000003,0.061283,0.000290,0.000004,0.000430,0.070286
113,0.008612,0.000037,0.000004,0.076550,0.000266,0.000005,0.005629,0.091110
68,0.011109,0.000040,0.000004,0.066534,0.000282,0.000004,0.000229,0.078205
102,0.007840,0.000035,0.000003,0.059618,0.000298,0.000005,0.001837,0.069639
104,0.008413,0.000036,0.000005,0.066235,0.000322,0.000004,0.004205,0.079225
111,0.029534,0.000037,0.000003,0.069391,0.000334,0.000006,0.000202,0.099509
115,0.008148,0.000038,0.000003,0.068504,0.000280,0.000004,0.000561,0.077541
104,0.012369,0.000030,0.000005,0.059118,0.000259,0.000004,0.005437,0.077228
110,0.009081,0.000037,0.000004,0.070406,0.000301,0.000004,0.002756,0.082596
122,0.009572,0.000034,0.000006,0.072595,0.000289,0.000005,0.004170,0.086677
126,0.008260,0.000030,0.000002,0.070640,0.000301,0.000004,0.003060,0.082302
115,0.008899,0.000053,0.000005,0.061892,0.000253,0.000004,0.000190,0.071298
109,0.005959,0.000032,0.000003,0.053728,0.000266,0.000004,0.000988,0.060985
112,0.008882,0.000035,0.000004,0.011481,0.000264,0.000004,0.000179,0.020851
72,0.008540,0.000031,0.000003,0.062968,0.000295,0.000004,0.002915,0.074760
80,0.008195,0.000032,0.000003,0.061870,0.000268,0.000004,0.000752,0.071127
105,0.009616,0.000029,0.000003,0.014068,0.000268,0.000004,0.005556,0.029549
69,0.007559,0.000035,0.000003,0.063652,0.000401,0.000007,0.000349,0.072010
122,0.007672,0.000034,0.000004,0.071473,0.000242,0.000004,0.000337,0.079768
105,0.006646,0.000029,0.000004,0.052078,0.000228,0.000004,0.003804,0.062799
123,0.008149,0.000033,0.000005,0.021644,0.000277,0.000004,0.004093,0.034210
103,0.019318,0.000032,0.000004,0.058662,0.000247,0.000004,0.001894,0.080165
114,0.008088,0.000035,0.000003,0.070208,0.000284,0.000004,0.005728,0.084356
106,0.015218,0.000032,0.000004,0.015181,0.000300,0.000004,0.005652,0.036396
111,0.010007,0.000035,0.000003,0.057810,0.000312,0.000006,0.003159,0.071338
124,0.006712,0.000031,0.000004,0.021161,0.000420,0.000008,0.005465,0.033809
116,0.005914,0.000032,0.000004,0.062361,0.000286,0.000006,0.000224,0.068829
115,0.009796,0.000045,0.000004,0.015825,0.000391,0.000009,0.008219,0.034297
127,0.006702,0.000029,0.000003,0.064925,0.000264,0.000004,0.002656,0.074589
110,0.007688,0.000031,0.000003,0.062682,0.000274,0.000004,0.000963,0.071648
116,0.021040,0.000033,0.000003,0.072685,0.000298,0.000004,0.000551,0.094617
113,0.017070,0.000030,0.000003,0.059462,0.000252,0.000005,0.000167,0.076991
81,0.007855,0.000039,0.000003,0.063323,0.000285,0.000004,0.000699,0.072212
73,0.007451,0.000028,0.000003,0.070879,0.000269,0.000004,0.002856,0.081494
114,0.008199,0.000036,0.000003,0.011552,0.000255,0.000004,0.000178,0.020230
123,0.013664,0.000035,0.000003,0.059543,0.000268,0.000004,0.000362,0.073882
70,0.008041,0.000040,0.000003,0.065044,0.000269,0.000004,0.000213,0.073617
107,0.022557,0.000043,0.000005,0.020685,0.000335,0.000007,0.007576,0.051216
106,0.007701,0.000033,0.000003,0.070218,0.000389,0.000004,0.003820,0.082184
125,0.013093,0.000037,0.000007,0.021397,0.000288,0.000005,0.005415,0.040249
104,0.009000,0.000040,0.000004,0.069722,0.000335,0.000004,0.001605,0.080719
82,0.007454,0.000030,0.000003,0.012721,0.000247,0.000004,0.000666,0.021128
112,0.007065,0.000030,0.000003,0.052660,0.000288,0.000004,0.001990,0.062044
111,0.007243,0.000031,0.000003,0.044532,0.000253,0.000004,0.000900,0.052971
117,0.005569,0.000032,0.000004,0.053490,0.000249,0.000005,0.000179,0.059530
105,0.007618,0.000034,0.000003,0.006151,0.000258,0.000005,0.001718,0.015790
117,0.006970,0.000035,0.000004,0.052866,0.000302,0.000005,0.000490,0.060677
112,0.007132,0.000031,0.000003,0.008131,0.000261,0.000004,0.000986,0.016553
83,0.007169,0.000032,0.000003,0.012459,0.000296,0.000005,0.000666,0.020633
107,0.023976,0.000041,0.000003,0.007975,0.000342,0.000007,0.005687,0.038037
108,0.020352,0.000041,0.000004,0.017512,0.000372,0.000007,0.008030,0.046326
113,0.009623,0.000038,0.000004,0.017046,0.000325,0.000004,0.002394,0.029439
113,0.007966,0.000033,0.000004,0.019296,0.000281,0.000005,0.001057,0.028647
74,0.006451,0.000030,0.000003,0.067127,0.000300,0.000004,0.002438,0.076358
124,0.007549,0.000032,0.000003,0.068973,0.000354,0.000004,0.000381,0.077299
115,0.020407,0.000034,0.000003,0.058231,0.000264,0.000004,0.000168,0.079113
114,0.007771,0.000037,0.000003,0.014148,0.000291,0.000004,0.002257,0.024516
118,0.005838,0.000036,0.000004,0.057419,0.000288,0.000005,0.000187,0.063778
116,0.011215,0.000059,0.000006,0.109568,0.000436,0.000008,0.008773,0.130072
109,0.020992,0.000069,0.000009,0.011825,0.000321,0.000006,0.009178,0.042405
106,0.008382,0.000037,0.000004,0.059804,0.000268,0.000004,0.001560,0.070063
71,0.008155,0.000035,0.000003,0.089044,0.000336,0.000006,0.000321,0.097905
125,0.008831,0.000035,0.000003,0.017853,0.004468,0.000005,0.000439,0.031637
72,0.007167,0.000026,0.000002,0.005701,0.000329,0.000007,0.000281,0.013517
126,0.009303,0.000041,0.000006,0.097302,0.000351,0.000006,0.006293,0.113307
118,0.009439,0.000037,0.000003,0.074858,0.000422,0.000007,0.000684,0.085454
84,0.013903,0.000045,0.000004,0.064798,0.000309,0.000005,0.000722,0.079789
116,0.018270,0.000034,0.000003,0.026652,0.000342,0.000007,0.000203,0.045512
114,0.008526,0.000035,0.000003,0.052778,0.000274,0.000004,0.000980,0.062604
75,0.007464,0.000030,0.000003,0.056415,0.000300,0.000004,0.002880,0.067101
73,0.008996,0.000042,0.000004,0.017225,0.000729,0.000015,0.000714,0.027731
115,0.007829,0.000036,0.000004,0.057451,0.000244,0.000004,0.002136,0.067708
108,0.008900,0.000049,0.000004,0.090149,0.000269,0.000004,0.004191,0.103571
119,0.005674,0.000033,0.000004,0.060237,0.000294,0.000005,0.000198,0.066446
115,0.011360,0.000051,0.000004,0.011130,0.000271,0.000006,0.001048,0.023874
117,0.015784,0.000037,0.000003,0.016318,0.000266,0.000004,0.000171,0.032585
74,0.008004,0.000034,0.000004,0.005563,0.000258,0.000004,0.000214,0.014085
127,0.010355,0.000044,0.000007,0.030127,0.000355,0.000008,0.006650,0.047552
109,0.008606,0.000036,0.000004,0.006982,0.000260,0.000004,0.004015,0.019910
107,0.016678,0.000044,0.000004,0.057773,0.000279,0.000004,0.001628,0.076416
120,0.006303,0.000033,0.000003,0.014332,0.000272,0.000006,0.000188,0.021139
126,0.009154,0.000037,0.000003,0.058728,0.000299,0.000005,0.000367,0.068595
116,0.006828,0.000032,0.000003,0.012134,0.000248,0.000004,0.000903,0.020155
118,0.015962,0.000031,0.000003,0.011204,0.000296,0.000005,0.000169,0.027672
85,0.007710,0.000033,0.000003,0.063731,0.000282,0.000004,0.000736,0.072502
127,0.006731,0.000030,0.000003,0.011658,0.004413,0.000005,0.000338,0.023180
117,0.010028,0.000044,0.000003,0.093557,0.000251,0.000004,0.004588,0.108480
119,0.017335,0.000038,0.000004,0.069806,0.000299,0.000004,0.000507,0.087996
110,0.023419,0.000041,0.000005,0.077664,0.000267,0.000004,0.013587,0.114993
116,0.009557,0.000034,0.000004,0.069647,0.000261,0.000004,0.002353,0.081865
76,0.007883,0.000032,0.000003,0.076780,0.000606,0.000014,0.005949,0.091274
75,0.008917,0.000043,0.000004,0.060945,0.000292,0.000005,0.000242,0.070450
110,0.007245,0.000030,0.000003,0.062512,0.000274,0.000004,0.003784,0.073859
121,0.006752,0.000041,0.000004,0.061202,0.000273,0.000004,0.000196,0.068474
76,0.007250,0.000035,0.000003,0.004989,0.000286,0.000005,0.000258,0.012828
108,0.016637,0.000031,0.000004,0.060231,0.000236,0.000004,0.001661,0.078809
117,0.006819,0.000031,0.000004,0.066142,0.000242,0.000004,0.000905,0.074151
122,0.005924,0.000032,0.000004,0.010786,0.000318,0.000006,0.000234,0.017306
119,0.015817,0.000035,0.000003,0.060716,0.000296,0.000006,0.000182,0.077059
77,0.008034,0.000036,0.000003,0.008174,0.000305,0.000005,0.000267,0.016826
86,0.016045,0.000040,0.000004,0.050375,0.000271,0.000004,0.000712,0.067454
118,0.007476,0.000034,0.000004,0.006534,0.000239,0.000004,0.000904,0.015199
111,0.007502,0.000042,0.000003,0.016606,0.000309,0.000004,0.003930,0.028400
78,0.007952,0.000040,0.000004,0.005781,0.000381,0.000007,0.000330,0.014498
123,0.006098,0.000034,0.000003,0.012986,0.000430,0.000008,0.000338,0.019901
120,0.021366,0.000035,0.000003,0.056779,0.000250,0.000004,0.000540,0.078981
111,0.016767,0.000035,0.000003,0.061635,0.000264,0.000005,0.013914,0.092626
117,0.007310,0.000037,0.000004,0.058705,0.000245,0.000005,0.005856,0.072169
118,0.011513,0.000072,0.000008,0.077857,0.004505,0.000007,0.006873,0.100841
79,0.008908,0.000034,0.000003,0.017875,0.000369,0.000008,0.000313,0.027513
109,0.015717,0.000036,0.000003,0.050189,0.000254,0.000004,0.001668,0.067877
77,0.008938,0.000043,0.000004,0.080688,0.000260,0.000004,0.002867,0.092809
118,0.012464,0.000046,0.000004,0.012777,0.000275,0.000004,0.002286,0.027861
119,0.007705,0.000037,0.000004,0.067549,0.000273,0.000004,0.001031,0.076608
87,0.006536,0.000030,0.000003,0.073767,0.000444,0.000004,0.000684,0.081478
120,0.010899,0.000037,0.000003,0.074605,0.000268,0.000004,0.000166,0.085986
112,0.016583,0.000029,0.000004,0.060455,0.000250,0.000004,0.003681,0.081010
124,0.014352,0.000038,0.000004,0.056181,0.000274,0.000004,0.000187,0.071042
121,0.017448,0.000052,0.000004,0.065493,0.000326,0.000004,0.000577,0.083907
120,0.007793,0.000035,0.000003,0.012749,0.000275,0.000004,0.001142,0.022005
112,0.019619,0.000032,0.000004,0.053402,0.000261,0.000004,0.006445,0.079774
119,0.009938,0.000037,0.000004,0.062085,0.000308,0.000004,0.022707,0.095089
80,0.008534,0.000038,0.000003,0.086612,0.000345,0.000006,0.000275,0.095816
110,0.012056,0.000061,0.000004,0.081139,0.000685,0.000009,0.001687,0.095650
78,0.008008,0.000031,0.000003,0.077556,0.000872,0.000024,0.006973,0.093477
119,0.007784,0.000033,0.000003,0.078509,0.000294,0.000004,0.002739,0.089373
113,0.007029,0.000033,0.000004,0.058371,0.000287,0.000004,0.003588,0.069320
125,0.006187,0.000036,0.000003,0.068403,0.000278,0.000005,0.000205,0.075119
121,0.007443,0.000035,0.000003,0.072953,0.000287,0.000004,0.000163,0.080890
88,0.007973,0.000036,0.000003,0.084188,0.000315,0.000004,0.000778,0.093303
121,0.007955,0.000037,0.000003,0.063589,0.000256,0.000004,0.000968,0.072816
120,0.011556,0.000037,0.000005,0.010660,0.000318,0.000006,0.002720,0.025308
114,0.008282,0.000034,0.000004,0.009941,0.000279,0.000004,0.003889,0.022438
89,0.011776,0.000035,0.000004,0.005067,0.000308,0.000004,0.000702,0.017900
121,0.007688,0.000034,0.000004,0.006986,0.000308,0.000006,0.002765,0.017797
113,0.028375,0.000034,0.000004,0.056421,0.000301,0.000004,0.005959,0.091103
120,0.009382,0.000035,0.000003,0.054013,0.000269,0.000004,0.005145,0.068856
122,0.043873,0.000039,0.000003,0.057348,0.000265,0.000004,0.000645,0.102180
115,0.007361,0.000032,0.000003,0.010565,0.000377,0.000005,0.004625,0.022972
111,0.008009,0.000034,0.000003,0.072162,0.000321,0.000004,0.001705,0.082243
123,0.006921,0.000029,0.000003,0.026990,0.000288,0.000005,0.000677,0.034918
122,0.019876,0.000037,0.000003,0.059440,0.000278,0.000005,0.000171,0.079813
126,0.016678,0.000032,0.000003,0.067927,0.000295,0.000005,0.000193,0.085136
81,0.010243,0.000043,0.000004,0.095062,0.000397,0.000007,0.000342,0.106101
112,0.012346,0.000033,0.000004,0.006269,0.000251,0.000005,0.001513,0.020423
122,0.013994,0.000036,0.000004,0.065708,0.000277,0.000005,0.000990,0.081016
79,0.008600,0.000046,0.000005,0.107732,0.000357,0.000006,0.003819,0.120573
90,0.008828,0.000037,0.000004,0.063845,0.000279,0.000004,0.000720,0.073720
82,0.009537,0.000048,0.000004,0.014059,0.000422,0.000006,0.000339,0.024419
114,0.014464,0.000028,0.000002,0.054189,0.000260,0.000004,0.006030,0.074982
91,0.006661,0.000030,0.000003,0.004779,0.000248,0.000004,0.000671,0.012399
116,0.007906,0.000030,0.000003,0.068844,0.000260,0.000004,0.003795,0.080846
121,0.007589,0.000035,0.000003,0.074663,0.000289,0.000004,0.004710,0.087298
83,0.008481,0.000039,0.000004,0.005435,0.000370,0.000006,0.000318,0.014657
84,0.008515,0.000042,0.000004,0.005777,0.000348,0.000007,0.000313,0.015009
117,0.014939,0.000033,0.000003,0.005325,0.000260,0.000004,0.003454,0.024023
123,0.007972,0.000035,0.000003,0.056680,0.000251,0.000004,0.000168,0.065115
127,0.014967,0.000033,0.000003,0.049050,0.000229,0.000006,0.000172,0.064462
122,0.007505,0.000033,0.000003,0.008562,0.000288,0.000004,0.020007,0.036411
122,0.008951,0.000037,0.000003,0.118902,0.000396,0.000007,0.003840,0.132144
113,0.007314,0.000030,0.000004,0.068602,0.000524,0.000008,0.002816,0.079304
124,0.019653,0.000034,0.000003,0.076931,0.000388,0.000008,0.000745,0.097767
123,0.008678,0.000033,0.000003,0.068922,0.000451,0.000008,0.001081,0.079180
114,0.010224,0.000031,0.000004,0.007063,0.000275,0.000004,0.001818,0.019423
92,0.008016,0.000036,0.000004,0.065190,0.000348,0.000004,0.000708,0.074310
115,0.018970,0.000035,0.000004,0.062315,0.000252,0.000005,0.006104,0.087689
93,0.008517,0.000036,0.000003,0.013088,0.000300,0.000005,0.000741,0.022693
80,0.010045,0.000039,0.000003,0.103085,0.000349,0.000006,0.004103,0.117637
64,0.580406,0.000073,0.000006,0.062195,0.000380,0.000005,0.004639,0.647714
85,0.017367,0.000041,0.000003,0.067972,0.000362,0.000005,0.000270,0.086026
123,0.009902,0.000031,0.000003,0.063382,0.000316,0.000005,0.004929,0.078571
124,0.017959,0.000037,0.000003,0.064800,0.000249,0.000005,0.000158,0.083213
124,0.007645,0.000033,0.000003,0.058277,0.000233,0.000004,0.013348,0.079549
65,0.006220,0.000038,0.000003,0.023062,0.000660,0.000014,0.011165,0.041168
118,0.021784,0.000031,0.000003,0.084924,0.000499,0.000009,0.006858,0.114115
115,0.019196,0.000043,0.000004,0.071707,0.000313,0.000005,0.001497,0.092769
123,0.011490,0.000039,0.000003,0.108731,0.000349,0.000004,0.002286,0.122916
125,0.014191,0.000065,0.000008,0.104479,0.000319,0.000006,0.000594,0.119668
116,0.015589,0.000036,0.000003,0.074139,0.000312,0.000004,0.005600,0.095690
116,0.008040,0.000035,0.000003,0.010940,0.000292,0.000004,0.001559,0.020878
86,0.007922,0.000030,0.000003,0.066531,0.000256,0.000004,0.000243,0.074991
119,0.016164,0.000039,0.000004,0.014496,0.000237,0.000004,0.004169,0.035116
94,0.007839,0.000033,0.000004,0.080802,0.000284,0.000004,0.000878,0.089848
81,0.009823,0.000042,0.000004,0.076705,0.000286,0.000004,0.002748,0.089617
125,0.011083,0.000040,0.000004,0.051847,0.000262,0.000004,0.000962,0.064207
117,0.016934,0.000031,0.000003,0.005247,0.000280,0.000004,0.005685,0.028192
126,0.008377,0.000035,0.000003,0.028105,0.000298,0.000004,0.000572,0.037397
124,0.011425,0.000051,0.000005,0.061278,0.000312,0.000004,0.005248,0.078328
125,0.010804,0.000035,0.000004,0.064731,0.000369,0.000004,0.000202,0.076155
95,0.008718,0.000037,0.000003,0.015547,0.000254,0.000004,0.000628,0.025195
82,0.008459,0.000033,0.000003,0.012455,0.000268,0.000004,0.002478,0.023704
66,0.014001,0.000044,0.000004,0.087566,0.000459,0.000009,0.009364,0.111454
124,0.007206,0.000034,0.000005,0.080342,0.000367,0.000005,0.002457,0.090419
87,0.008545,0.000043,0.000004,0.080327,0.000305,0.000005,0.000252,0.089484
126,0.044553,0.000038,0.000004,0.019677,0.000289,0.000013,0.000173,0.064749
120,0.007632,0.000036,0.000004,0.082512,0.000287,0.000005,0.004272,0.094755
117,0.016442,0.000035,0.000004,0.090725,0.000332,0.000004,0.001982,0.109529
126,0.008629,0.000036,0.000004,0.087581,0.000273,0.000004,0.001013,0.097544
83,0.011353,0.000042,0.000004,0.051010,0.000266,0.000004,0.002398,0.065082
67,0.018932,0.000046,0.000004,0.013806,0.000392,0.000008,0.007651,0.040846
125,0.028289,0.000053,0.000004,0.060350,0.000286,0.000005,0.004652,0.093643
118,0.040799,0.000044,0.000004,0.067886,0.000354,0.000004,0.005495,0.114597
118,0.015821,0.000035,0.000003,0.022311,0.000259,0.000004,0.001819,0.040258
96,0.015007,0.000044,0.000004,0.087438,0.000447,0.000012,0.001378,0.104337
127,0.007888,0.000033,0.000003,0.023487,0.000385,0.000007,0.001543,0.033350
125,0.009558,0.000037,0.000003,0.067204,0.000315,0.000005,0.002615,0.079742
84,0.008575,0.000041,0.000003,0.024947,0.000315,0.000005,0.002989,0.036880
88,0.007891,0.000035,0.000003,0.066080,0.000304,0.000005,0.000233,0.074554
127,0.032014,0.000041,0.000004,0.106150,0.000343,0.000004,0.000553,0.139112
127,0.007936,0.000042,0.000003,0.066272,0.000278,0.000004,0.000184,0.074722
119,0.010600,0.000035,0.000004,0.011830,0.000289,0.000004,0.001762,0.024530
97,0.009509,0.000038,0.000003,0.014997,0.000340,0.000006,0.000905,0.025803
121,0.017611,0.000030,0.000004,0.060966,0.000268,0.000004,0.003686,0.082574
126,0.006365,0.000029,0.000003,0.059761,0.000258,0.000004,0.004304,0.070729
119,0.012495,0.000053,0.000006,0.058397,0.000253,0.000004,0.005874,0.077087
85,0.009731,0.000041,0.000003,0.054011,0.000302,0.000005,0.002834,0.066932
89,0.007273,0.000035,0.000004,0.055305,0.000244,0.000004,0.000203,0.063070
126,0.009444,0.000039,0.000004,0.077433,0.000297,0.000004,0.002169,0.089394
120,0.007764,0.000039,0.000003,0.063730,0.000345,0.000007,0.002227,0.074121
90,0.015853,0.000044,0.000004,0.006331,0.000351,0.000007,0.000344,0.022938
68,0.006448,0.000044,0.000003,0.124907,0.000494,0.000012,0.007310,0.139226
98,0.008657,0.000040,0.000004,0.078976,0.000458,0.000008,0.001182,0.089328
122,0.018524,0.000035,0.000003,0.072647,0.000309,0.000004,0.004283,0.095813
86,0.020804,0.000044,0.000004,0.048928,0.000277,0.000004,0.002547,0.072614
120,0.022645,0.000050,0.000005,0.055324,0.000261,0.000004,0.005767,0.084061
91,0.006422,0.000032,0.000003,0.047838,0.000270,0.000004,0.000212,0.054782
127,0.007801,0.000041,0.000004,0.098447,0.000402,0.000007,0.014039,0.120756
87,0.007689,0.000032,0.000003,0.006637,0.000259,0.000004,0.002654,0.017284
127,0.013015,0.000036,0.000003,0.054987,0.000354,0.000005,0.002304,0.070709
121,0.018151,0.000034,0.000003,0.051977,0.000251,0.000004,0.001610,0.072037
69,0.007859,0.000030,0.000003,0.091440,0.000333,0.000007,0.005033,0.104713
123,0.017097,0.000037,0.000003,0.065256,0.000262,0.000004,0.004027,0.086691
88,0.007323,0.000032,0.000003,0.045979,0.000284,0.000004,0.002717,0.056346
121,0.008456,0.000034,0.000004,0.059857,0.000337,0.000004,0.005647,0.074353
92,0.008434,0.000039,0.000003,0.068572,0.000253,0.000004,0.000242,0.077549
99,0.010941,0.000041,0.000003,0.114759,0.000376,0.000006,0.000936,0.127067
89,0.007270,0.000031,0.000003,0.008790,0.000292,0.000005,0.003105,0.019501
93,0.007723,0.000036,0.000003,0.014521,0.000248,0.000004,0.000231,0.022769
122,0.033143,0.000040,0.000004,0.053544,0.000258,0.000004,0.001726,0.088723
100,0.007546,0.000036,0.000004,0.013069,0.000299,0.000007,0.000866,0.021833
124,0.016411,0.000037,0.000003,0.071121,0.000449,0.000008,0.004236,0.092271
90,0.006594,0.000030,0.000003,0.058623,0.000262,0.000004,0.002759,0.068280
122,0.013108,0.000035,0.000004,0.068763,0.000274,0.000004,0.005505,0.087698
70,0.007515,0.000040,0.000003,0.098520,0.000405,0.000006,0.005583,0.112079
94,0.008141,0.000038,0.000003,0.060886,0.000260,0.000005,0.000212,0.069549
71,0.006839,0.000039,0.000003,0.006507,0.000264,0.000004,0.003807,0.017468
123,0.028474,0.000046,0.000005,0.055305,0.000252,0.000004,0.001520,0.085611
101,0.008423,0.000037,0.000003,0.079008,0.000289,0.000004,0.000692,0.088460
125,0.007321,0.000030,0.000003,0.052644,0.000254,0.000004,0.004033,0.064293
91,0.007378,0.000032,0.000003,0.048343,0.000288,0.000004,0.002621,0.058672
102,0.007585,0.000032,0.000003,0.007750,0.000244,0.000004,0.000632,0.016253
123,0.007529,0.000037,0.000003,0.063835,0.000457,0.000006,0.007121,0.078995
95,0.007773,0.000039,0.000003,0.065318,0.000253,0.000005,0.000234,0.073626
72,0.004881,0.000029,0.000003,0.056911,0.000241,0.000004,0.003354,0.065429
124,0.014667,0.000032,0.000003,0.056699,0.000261,0.000004,0.001499,0.073169
92,0.021815,0.000050,0.000006,0.050964,0.000258,0.000005,0.002746,0.075848
124,0.012086,0.000039,0.000004,0.045531,0.000271,0.000004,0.005526,0.063467
96,0.012713,0.000050,0.000004,0.050848,0.000282,0.000005,0.000264,0.064168
103,0.011600,0.000040,0.000004,0.077159,0.000310,0.000006,0.000837,0.089959
125,0.007829,0.000032,0.000003,0.040027,0.000259,0.000004,0.001645,0.049803
125,0.009701,0.000031,0.000003,0.003556,0.000260,0.000006,0.004551,0.018113
73,0.013939,0.000033,0.000003,0.050957,0.008327,0.000005,0.004191,0.077462
126,0.025409,0.000037,0.000004,0.104859,0.000335,0.000007,0.004543,0.135201
126,0.009774,0.000031,0.000004,0.004425,0.000285,0.000005,0.008457,0.022987
93,0.007181,0.000033,0.000003,0.059797,0.000287,0.000004,0.002425,0.069735
97,0.020516,0.000057,0.000006,0.051941,0.000279,0.000004,0.000233,0.073037
126,0.019925,0.000032,0.000004,0.053890,0.000298,0.000004,0.001690,0.075848
98,0.006725,0.000036,0.000003,0.004576,0.000269,0.000004,0.000247,0.011864
74,0.023485,0.000035,0.000003,0.050291,0.000254,0.000004,0.003792,0.077870
127,0.013236,0.000037,0.000003,0.047532,0.000283,0.000004,0.005330,0.066429
94,0.006226,0.000032,0.000003,0.053943,0.000273,0.000005,0.002162,0.062649
104,0.013105,0.000050,0.000006,0.100159,0.000373,0.000008,0.000898,0.114605
75,0.020547,0.000031,0.000003,0.005929,0.000253,0.000004,0.003713,0.030484
99,0.007457,0.000033,0.000002,0.048679,0.000246,0.000004,0.000239,0.056661
127,0.016130,0.000033,0.000003,0.048674,0.000276,0.000005,0.001568,0.066693
127,0.020821,0.000040,0.000004,0.089007,0.000291,0.000006,0.005029,0.115204
100,0.007035,0.000032,0.000003,0.010328,0.000288,0.000004,0.000211,0.017902
95,0.007886,0.000033,0.000003,0.043850,0.000253,0.000004,0.002308,0.054342
101,0.006683,0.000036,0.000003,0.010053,0.000288,0.000004,0.000209,0.017278
102,0.006913,0.000032,0.000003,0.004997,0.000225,0.000004,0.000245,0.012419
76,0.017092,0.000032,0.000003,0.044664,0.000279,0.000004,0.003648,0.065727
105,0.010796,0.000037,0.000003,0.083310,0.000364,0.000007,0.000997,0.095520
96,0.006120,0.000041,0.000003,0.044592,0.000290,0.000005,0.002344,0.053399
106,0.009019,0.000050,0.000004,0.009987,0.000370,0.000007,0.000985,0.020427
103,0.011080,0.000037,0.000004,0.051151,0.000278,0.000004,0.000212,0.062768
77,0.015633,0.000033,0.000003,0.045436,0.000287,0.000004,0.003653,0.065053
97,0.005979,0.000028,0.000003,0.045529,0.000252,0.000004,0.002065,0.053863
107,0.008977,0.000050,0.000004,0.066128,0.000378,0.000007,0.001042,0.076591
104,0.007199,0.000035,0.000004,0.043679,0.000250,0.000005,0.000202,0.051375
78,0.015393,0.000037,0.000003,0.047430,0.000246,0.000004,0.003716,0.066833
98,0.006969,0.000031,0.000003,0.051476,0.000270,0.000004,0.002426,0.061182
105,0.006671,0.000031,0.000003,0.043972,0.000235,0.000004,0.000204,0.051121
99,0.006693,0.000034,0.000003,0.050078,0.000284,0.000004,0.006531,0.063632
79,0.017627,0.000035,0.000003,0.046855,0.000241,0.000004,0.003623,0.068391
108,0.008897,0.000040,0.000004,0.089658,0.000703,0.000015,0.001814,0.101135
106,0.019021,0.000039,0.000003,0.043993,0.000271,0.000004,0.000224,0.063555
109,0.012298,0.000034,0.000004,0.005765,0.000286,0.000004,0.000776,0.019171
80,0.015514,0.000033,0.000003,0.049028,0.000282,0.000004,0.003923,0.068792
100,0.012119,0.000053,0.000005,0.056586,0.000294,0.000005,0.002306,0.071372
107,0.007011,0.000037,0.000003,0.043805,0.000256,0.000004,0.000225,0.051342
101,0.007081,0.000033,0.000003,0.010725,0.000230,0.000004,0.002267,0.020346
110,0.007680,0.000039,0.000003,0.063013,0.000478,0.000005,0.000773,0.072000
81,0.017488,0.000029,0.000003,0.045034,0.000283,0.000004,0.003344,0.066191
108,0.021637,0.000035,0.000003,0.044984,0.000261,0.000005,0.000206,0.067132
82,0.022516,0.000035,0.000003,0.009913,0.000284,0.000004,0.003600,0.036360
102,0.011383,0.000037,0.000004,0.048155,0.000256,0.000004,0.002368,0.062210
109,0.011724,0.000036,0.000003,0.042909,0.000226,0.000004,0.000190,0.055096
111,0.012062,0.000036,0.000003,0.045895,0.000241,0.000004,0.000572,0.058817
112,0.005724,0.000027,0.000003,0.003798,0.000312,0.000005,0.000649,0.010520
103,0.006777,0.000032,0.000003,0.006517,0.000241,0.000004,0.002246,0.015824
83,0.014533,0.000032,0.000002,0.041108,0.000274,0.000004,0.003632,0.059591
110,0.007835,0.000041,0.000004,0.054892,0.000259,0.000004,0.000225,0.063263
113,0.007506,0.000035,0.000003,0.049988,0.000284,0.000004,0.000630,0.058454
111,0.006330,0.000028,0.000003,0.004715,0.000219,0.000005,0.000203,0.011503
104,0.007235,0.000046,0.000005,0.052910,0.000275,0.000004,0.002308,0.062788
84,0.015035,0.000033,0.000003,0.039697,0.000251,0.000004,0.003615,0.058642
112,0.013724,0.000032,0.000003,0.008798,0.000264,0.000004,0.000218,0.023045
114,0.010449,0.000033,0.000003,0.045963,0.000318,0.000005,0.000701,0.057478
105,0.006752,0.000037,0.000003,0.050466,0.000274,0.000004,0.002381,0.059922
113,0.006699,0.000038,0.000003,0.044993,0.000242,0.000004,0.000199,0.052180
106,0.007343,0.000043,0.000003,0.005450,0.000257,0.000004,0.002415,0.015519
85,0.016528,0.000037,0.000003,0.045486,0.000254,0.000004,0.003520,0.065838
86,0.013500,0.000035,0.000003,0.004968,0.000247,0.000004,0.003230,0.021991
115,0.007432,0.000037,0.000004,0.061244,0.000247,0.000004,0.000555,0.069525
107,0.005899,0.000032,0.000003,0.043411,0.000253,0.000004,0.002036,0.051641
114,0.006824,0.000033,0.000003,0.047602,0.000254,0.000004,0.000217,0.054939
87,0.016608,0.000034,0.000003,0.045461,0.000270,0.000004,0.003704,0.066087
116,0.007228,0.000036,0.000003,0.048280,0.000316,0.000004,0.000634,0.056512
108,0.007743,0.000049,0.000004,0.041984,0.000248,0.000004,0.002426,0.052462
115,0.006659,0.000031,0.000003,0.051249,0.000313,0.000004,0.000222,0.058484
116,0.011580,0.000052,0.000004,0.014998,0.000289,0.000004,0.000218,0.027146
109,0.005964,0.000027,0.000003,0.042327,0.000274,0.000004,0.001886,0.050489
117,0.007947,0.000036,0.000003,0.051731,0.000250,0.000004,0.000597,0.060571
88,0.017603,0.000033,0.000003,0.043265,0.000239,0.000004,0.003493,0.064645
118,0.006389,0.000029,0.000003,0.015607,0.000287,0.000004,0.000598,0.022919
117,0.007309,0.000042,0.000003,0.053019,0.000273,0.000004,0.000213,0.060864
110,0.011471,0.000063,0.000004,0.047531,0.000349,0.000004,0.002300,0.061734
89,0.014870,0.000033,0.000004,0.045991,0.000251,0.000003,0.003549,0.064708
119,0.006961,0.000037,0.000003,0.047395,0.000279,0.000004,0.000686,0.055368
111,0.012683,0.000040,0.000003,0.008173,0.000251,0.000004,0.002206,0.023363
118,0.007293,0.000038,0.000003,0.044275,0.000256,0.000004,0.000197,0.052068
90,0.016085,0.000033,0.000003,0.010312,0.000246,0.000004,0.003379,0.030066
91,0.014570,0.000030,0.000003,0.005930,0.000257,0.000004,0.003546,0.024345
112,0.006939,0.000030,0.000002,0.040269,0.000257,0.000003,0.002357,0.049862
120,0.007438,0.000037,0.000003,0.045865,0.000260,0.000004,0.000618,0.054230
128,0.008526,0.000040,0.000003,0.041504,0.000286,0.000004,0.002425,0.052797
119,0.014939,0.000034,0.000003,0.051774,0.000280,0.000004,0.000222,0.067259
121,0.006832,0.000031,0.000004,0.042170,0.000243,0.000004,0.000619,0.049906
92,0.012831,0.000036,0.000003,0.044849,0.000249,0.000004,0.003209,0.061186
120,0.014772,0.000043,0.000003,0.009731,0.000268,0.000004,0.000216,0.025039
113,0.016288,0.000032,0.000003,0.042679,0.000260,0.000004,0.002233,0.061503
129,0.007074,0.000031,0.000003,0.042441,0.000254,0.000004,0.002254,0.052064
121,0.007058,0.000034,0.000003,0.008759,0.000296,0.000005,0.000241,0.016398
122,0.017653,0.000044,0.000003,0.005586,0.000268,0.000004,0.000205,0.023765
122,0.006844,0.000032,0.000003,0.043246,0.000244,0.000004,0.000597,0.050972
114,0.006684,0.000029,0.000003,0.048639,0.000255,0.000004,0.002299,0.057917
93,0.016036,0.000031,0.000004,0.048411,0.000245,0.000005,0.003209,0.067945
130,0.007771,0.000038,0.000003,0.045474,0.000267,0.000004,0.002199,0.055760
115,0.006971,0.000033,0.000003,0.004864,0.000245,0.000004,0.002185,0.014308
123,0.005888,0.000034,0.000003,0.042138,0.000257,0.000003,0.000573,0.048898
123,0.018601,0.000038,0.000003,0.036065,0.000241,0.000004,0.000251,0.055207
94,0.017315,0.000029,0.000003,0.040407,0.000248,0.000004,0.003210,0.061222
131,0.007600,0.000032,0.000003,0.041633,0.000271,0.000004,0.005773,0.055321
124,0.018594,0.000032,0.000003,0.010422,0.000244,0.000004,0.000209,0.029510
116,0.014653,0.000031,0.000003,0.045622,0.000246,0.000004,0.002230,0.062793
117,0.009032,0.000036,0.000003,0.011633,0.000240,0.000004,0.002196,0.023149
124,0.016032,0.000041,0.000003,0.052663,0.000246,0.000004,0.000692,0.069684
125,0.006632,0.000030,0.000003,0.005214,0.000234,0.000004,0.000657,0.012775
132,0.008500,0.000042,0.000004,0.045588,0.000254,0.000004,0.002249,0.056643
95,0.017925,0.000030,0.000003,0.046261,0.000237,0.000004,0.003409,0.067871
125,0.014641,0.000034,0.000003,0.044614,0.000233,0.000004,0.000237,0.059767
126,0.020772,0.000039,0.000003,0.010104,0.000269,0.000005,0.000190,0.031383
96,0.020440,0.000038,0.000003,0.008740,0.000266,0.000005,0.003513,0.033009
126,0.005584,0.000026,0.000003,0.042597,0.000235,0.000004,0.000528,0.048979
118,0.016324,0.000030,0.000003,0.047767,0.000262,0.000003,0.002107,0.066499
133,0.006668,0.000036,0.000003,0.039534,0.000251,0.000004,0.002069,0.048568
127,0.016511,0.000031,0.000003,0.009770,0.000267,0.000004,0.000236,0.026824
134,0.007256,0.000033,0.000003,0.005986,0.000287,0.000005,0.002201,0.015775
135,0.006598,0.000034,0.000002,0.008966,0.000273,0.000004,0.002134,0.018015
127,0.006160,0.000032,0.000003,0.044021,0.000270,0.000004,0.000600,0.051092
97,0.017296,0.000034,0.000003,0.042691,0.000230,0.000004,0.003267,0.063529
119,0.017083,0.000034,0.000003,0.043945,0.000226,0.000003,0.001933,0.063231
136,0.006496,0.000030,0.000003,0.033142,0.000238,0.000004,0.002019,0.041937
98,0.015663,0.000036,0.000003,0.044619,0.000256,0.000004,0.003261,0.063847
120,0.015663,0.000033,0.000003,0.043836,0.000262,0.000004,0.002166,0.061971
137,0.005891,0.000035,0.000003,0.037356,0.000226,0.000003,0.001764,0.045282
121,0.012588,0.000033,0.000004,0.038057,0.000257,0.000004,0.002046,0.052991
99,0.015543,0.000031,0.000003,0.043391,0.000232,0.000004,0.003195,0.062402
138,0.014898,0.000038,0.000003,0.031054,0.000220,0.000004,0.002030,0.048250
122,0.007431,0.000031,0.000003,0.009286,0.000268,0.000004,0.003544,0.020574
123,0.010709,0.000048,0.000004,0.015778,0.000439,0.000008,0.003427,0.030418
100,0.016526,0.000029,0.000002,0.040543,0.000244,0.000004,0.003223,0.060576
139,0.014139,0.000032,0.000003,0.043135,0.000237,0.000004,0.002148,0.059701
124,0.019625,0.000040,0.000004,0.005218,0.000333,0.000007,0.003414,0.028646
140,0.005537,0.000027,0.000003,0.007526,0.000270,0.000005,0.002176,0.015548
101,0.014005,0.000029,0.000003,0.005536,0.000220,0.000003,0.003211,0.023010
141,0.006681,0.000031,0.000003,0.034608,0.000238,0.000004,0.002106,0.043674
102,0.013225,0.000031,0.000003,0.037855,0.000250,0.000004,0.003197,0.054570
142,0.006300,0.000033,0.000002,0.040365,0.000249,0.000005,0.002176,0.049134
125,0.018772,0.000043,0.000004,0.078678,0.000364,0.000007,0.003350,0.101223
103,0.014395,0.000036,0.000003,0.039201,0.000253,0.000004,0.003237,0.057134
126,0.008449,0.000040,0.000004,0.011745,0.000363,0.000007,0.003399,0.024013
104,0.013584,0.000032,0.000004,0.004226,0.000223,0.000004,0.003081,0.021156
127,0.010625,0.000046,0.000004,0.007949,0.000347,0.000007,0.003185,0.022168
143,0.007030,0.000032,0.000002,0.042454,0.000321,0.000006,0.002415,0.052269
144,0.007109,0.000032,0.000003,0.040756,0.000239,0.000004,0.001945,0.050093
105,0.014473,0.000040,0.000003,0.041180,0.000220,0.000004,0.003113,0.059038
145,0.006060,0.000030,0.000002,0.039735,0.000252,0.000004,0.002138,0.048225
106,0.014845,0.000034,0.000002,0.038805,0.000228,0.000004,0.003053,0.056976
146,0.014169,0.000037,0.000003,0.038673,0.000231,0.000004,0.002176,0.055297
107,0.015737,0.000037,0.000003,0.038328,0.000232,0.000004,0.003325,0.057669
108,0.014003,0.000034,0.000003,0.008358,0.000253,0.000004,0.003224,0.025884
147,0.006364,0.000027,0.000003,0.034715,0.000233,0.000004,0.001934,0.043285
148,0.005900,0.000026,0.000002,0.003777,0.000241,0.000005,0.002263,0.012218
109,0.013905,0.000031,0.000003,0.004010,0.000218,0.000003,0.003068,0.021241
149,0.006747,0.000034,0.000003,0.040071,0.000255,0.000005,0.002209,0.049331
110,0.013951,0.000037,0.000003,0.040477,0.000228,0.000004,0.003068,0.057773
150,0.007443,0.000030,0.000003,0.034765,0.000216,0.000004,0.001975,0.044439
151,0.006248,0.000035,0.000003,0.006726,0.000244,0.000004,0.002150,0.015414
111,0.015319,0.000037,0.000003,0.037394,0.000266,0.000004,0.003104,0.056131
152,0.007945,0.000029,0.000002,0.035367,0.000246,0.000005,0.002157,0.045757
112,0.014149,0.000039,0.000003,0.041446,0.000337,0.000005,0.005000,0.060987
153,0.006424,0.000035,0.000002,0.048463,0.000234,0.000004,0.002130,0.057296
113,0.017666,0.000031,0.000003,0.036142,0.000269,0.000006,0.003277,0.057399
154,0.006114,0.000032,0.000003,0.039255,0.000250,0.000003,0.001977,0.047638
114,0.014736,0.000034,0.000003,0.037786,0.000265,0.000004,0.003280,0.056114
155,0.013503,0.000029,0.000003,0.041202,0.000286,0.000004,0.002147,0.057177
115,0.014436,0.000037,0.000003,0.033797,0.000251,0.000004,0.003259,0.051790
156,0.006067,0.000027,0.000003,0.035779,0.000254,0.000004,0.002080,0.044218
116,0.011979,0.000035,0.000003,0.026554,0.000220,0.000005,0.002845,0.041644
157,0.005979,0.000031,0.000003,0.059563,0.000362,0.000007,0.003358,0.069309
117,0.014835,0.000034,0.000002,0.032004,0.000218,0.000004,0.003175,0.050276
118,0.014786,0.000034,0.000003,0.036382,0.000227,0.000004,0.003173,0.054612
158,0.008242,0.000039,0.000004,0.048590,0.000299,0.000005,0.003202,0.060387
159,0.007495,0.000039,0.000003,0.039400,0.000223,0.000005,0.002064,0.049231
119,0.013026,0.000033,0.000003,0.034970,0.000223,0.000003,0.003235,0.051497
160,0.012768,0.000027,0.000003,0.012530,0.000266,0.000005,0.002031,0.027634
161,0.006202,0.000035,0.000003,0.007252,0.000284,0.000006,0.002302,0.016086
120,0.013688,0.000031,0.000003,0.035729,0.000225,0.000003,0.002993,0.052675
162,0.006745,0.000030,0.000003,0.008345,0.000230,0.000005,0.001989,0.017350
121,0.013129,0.000029,0.000003,0.007598,0.000241,0.000004,0.003151,0.024159
122,0.012869,0.000034,0.000003,0.003537,0.000222,0.000004,0.003052,0.019724
163,0.005813,0.000026,0.000003,0.032542,0.000229,0.000005,0.001890,0.040511
164,0.004821,0.000022,0.000003,0.033506,0.000222,0.000004,0.001834,0.040416
123,0.012929,0.000030,0.000003,0.033891,0.000210,0.000003,0.002948,0.050020
165,0.006024,0.000027,0.000003,0.008129,0.000249,0.000005,0.002244,0.016685
124,0.013092,0.000029,0.000002,0.023007,0.000227,0.000004,0.002977,0.039342
166,0.012570,0.000038,0.000003,0.025492,0.000218,0.000004,0.001917,0.040246
125,0.005872,0.000031,0.000002,0.021910,0.000239,0.000004,0.003089,0.031149
167,0.005059,0.000028,0.000003,0.022327,0.000230,0.000004,0.001746,0.029399
168,0.005610,0.000025,0.000002,0.007219,0.000238,0.000003,0.002141,0.015244
126,0.016204,0.000028,0.000002,0.023763,0.000225,0.000004,0.003119,0.043349
169,0.006709,0.000033,0.000003,0.021461,0.000217,0.000004,0.001994,0.030424
170,0.005661,0.000026,0.000003,0.007540,0.000271,0.000005,0.002237,0.015746
127,0.014156,0.000029,0.000002,0.022054,0.000220,0.000004,0.003000,0.039467
171,0.013729,0.000030,0.000003,0.006685,0.000217,0.000004,0.001840,0.022512
172,0.012213,0.000027,0.000002,0.002872,0.000207,0.000004,0.001725,0.017053
173,0.012774,0.000028,0.000003,0.003781,0.000279,0.000005,0.002659,0.019533
174,0.015114,0.000034,0.000002,0.009953,0.000247,0.000005,0.001884,0.027242
175,0.011007,0.000026,0.000003,0.016992,0.000219,0.000004,0.001745,0.029997
176,0.011499,0.000026,0.000002,0.022553,0.000293,0.000006,0.001902,0.036285
177,0.006078,0.000023,0.000002,0.020397,0.000238,0.000004,0.001908,0.028654
178,0.010989,0.000036,0.000003,0.003299,0.000230,0.000005,0.001945,0.016508
179,0.005375,0.000020,0.000002,0.004388,0.000200,0.000004,0.001865,0.011857
180,0.010911,0.000030,0.000003,0.016256,0.000226,0.000004,0.001915,0.029349
181,0.005752,0.000028,0.000002,0.006349,0.000217,0.000004,0.001931,0.014286
182,0.005736,0.000024,0.000002,0.006174,0.000203,0.000004,0.001823,0.013969
183,0.004483,0.000019,0.000002,0.017414,0.000220,0.000004,0.001694,0.023839
184,0.006579,0.000031,0.000003,0.021796,0.000229,0.000004,0.001897,0.030542
185,0.009862,0.000027,0.000003,0.018245,0.000232,0.000004,0.001861,0.030238
186,0.011851,0.000023,0.000003,0.015683,0.000225,0.000005,0.001751,0.029543
187,0.005771,0.000022,0.000002,0.015991,0.000228,0.000004,0.001894,0.023914
188,0.005857,0.000029,0.000002,0.021958,0.000225,0.000005,0.001868,0.029948
189,0.011704,0.000029,0.000002,0.017179,0.000250,0.000005,0.001887,0.031059
190,0.010524,0.000028,0.000003,0.020707,0.000227,0.000004,0.001762,0.033259
191,0.013016,0.000030,0.000002,0.019728,0.000227,0.000004,0.001860,0.034871
128,0.009044,0.000040,0.000004,0.007987,0.000271,0.000004,0.001269,0.018624
129,0.007048,0.000028,0.000002,0.003810,0.000214,0.000004,0.001279,0.012387
130,0.007983,0.000031,0.000003,0.019553,0.000238,0.000004,0.001181,0.028995
131,0.007480,0.000032,0.000003,0.031290,0.000247,0.000005,0.001158,0.040220
132,0.004841,0.000022,0.000002,0.002829,0.000207,0.000003,0.001135,0.009043
133,0.007061,0.000022,0.000002,0.021943,0.000238,0.000004,0.001085,0.030358
134,0.010124,0.000025,0.000003,0.006011,0.000206,0.000003,0.000925,0.017300
135,0.004922,0.000023,0.000003,0.022862,0.000232,0.000003,0.000984,0.029031
136,0.010981,0.000029,0.000003,0.009260,0.000248,0.000004,0.001208,0.021737
137,0.008888,0.000032,0.000004,0.002262,0.000217,0.000005,0.001286,0.012696
138,0.006512,0.000025,0.000003,0.018848,0.000223,0.000004,0.001129,0.026747
139,0.012998,0.000025,0.000002,0.010260,0.000218,0.000004,0.001080,0.024590
140,0.005480,0.000020,0.000003,0.003295,0.000193,0.000004,0.001126,0.010125
141,0.012140,0.000028,0.000003,0.019542,0.000233,0.000004,0.001065,0.033018
142,0.014960,0.000026,0.000003,0.019035,0.000220,0.000005,0.001050,0.035302
143,0.011127,0.000023,0.000003,0.006125,0.000212,0.000004,0.001474,0.018971
144,0.005351,0.000023,0.000003,0.016955,0.000225,0.000004,0.000940,0.023504
145,0.011060,0.000030,0.000003,0.006748,0.000248,0.000005,0.001398,0.019493
146,0.004746,0.000019,0.000003,0.005078,0.000188,0.000004,0.000900,0.010941
147,0.005919,0.000030,0.000002,0.021389,0.000227,0.000004,0.001039,0.028612
148,0.006062,0.000026,0.000003,0.017315,0.000233,0.000004,0.001018,0.024666
149,0.005613,0.000022,0.000002,0.022448,0.000388,0.000008,0.001039,0.029527
150,0.006000,0.000027,0.000003,0.021318,0.000216,0.000004,0.001040,0.028609
151,0.008929,0.000023,0.000002,0.017379,0.000224,0.000004,0.001045,0.027608
152,0.010545,0.000023,0.000002,0.003366,0.000195,0.000004,0.000984,0.015122
153,0.009153,0.000019,0.000002,0.019060,0.000213,0.000004,0.000919,0.029373
154,0.005640,0.000022,0.000002,0.017031,0.000229,0.000004,0.000984,0.023914
155,0.011828,0.000027,0.000003,0.002759,0.000196,0.000004,0.000958,0.015777
156,0.015102,0.000026,0.000003,0.017891,0.000230,0.000004,0.000956,0.034216
157,0.012509,0.000028,0.000003,0.019233,0.000287,0.000004,0.001056,0.033124
158,0.011145,0.000023,0.000003,0.015864,0.000217,0.000004,0.000883,0.028143
159,0.008881,0.000025,0.000003,0.015339,0.000221,0.000004,0.000898,0.025372
160,0.010518,0.000027,0.000003,0.006726,0.000213,0.000004,0.000989,0.018483
161,0.005366,0.000022,0.000003,0.006411,0.000196,0.000004,0.000967,0.012971
162,0.005148,0.000020,0.000002,0.018411,0.000220,0.000005,0.000963,0.024772
163,0.007939,0.000023,0.000003,0.019519,0.000227,0.000005,0.000965,0.028683
164,0.012278,0.000025,0.000003,0.006396,0.000203,0.000005,0.000972,0.019884
165,0.011405,0.000026,0.000003,0.021607,0.000227,0.000004,0.000986,0.034260
166,0.010306,0.000028,0.000002,0.018022,0.000222,0.000004,0.000960,0.029548
167,0.006227,0.000022,0.000003,0.016782,0.000235,0.000005,0.001034,0.024309
168,0.004997,0.000021,0.000002,0.005484,0.000222,0.000005,0.001017,0.011752
169,0.005497,0.000023,0.000003,0.021650,0.000227,0.000005,0.000892,0.028299
170,0.011345,0.000028,0.000003,0.021248,0.000221,0.000005,0.000987,0.033838
171,0.009918,0.000020,0.000003,0.017547,0.000216,0.000004,0.000945,0.028656
172,0.013010,0.000026,0.000003,0.020712,0.000230,0.000003,0.001298,0.035285
173,0.013488,0.000026,0.000002,0.008635,0.000212,0.000004,0.000975,0.023345
174,0.005377,0.000021,0.000002,0.018337,0.000228,0.000005,0.001091,0.025064
175,0.010830,0.000031,0.000003,0.019845,0.000229,0.000005,0.001007,0.031952
176,0.005723,0.000022,0.000002,0.017910,0.000216,0.000004,0.001011,0.024892
177,0.005960,0.000024,0.000003,0.016610,0.000230,0.000004,0.001013,0.023848
178,0.006564,0.000026,0.000003,0.005384,0.000229,0.000004,0.001297,0.013510
179,0.005446,0.000022,0.000002,0.018884,0.000228,0.000005,0.001037,0.025627
180,0.013138,0.000027,0.000003,0.021714,0.000229,0.000004,0.001004,0.036123
181,0.005166,0.000019,0.000003,0.014414,0.000211,0.000004,0.000938,0.020758
182,0.010977,0.000025,0.000002,0.020239,0.000226,0.000004,0.001048,0.032525
183,0.006749,0.000030,0.000003,0.014653,0.000247,0.000004,0.001019,0.022707
184,0.006410,0.000026,0.000003,0.018437,0.000257,0.000005,0.000998,0.026139
185,0.005694,0.000021,0.000003,0.020011,0.000227,0.000004,0.000986,0.026950
186,0.005522,0.000021,0.000002,0.016345,0.000222,0.000004,0.001007,0.023127
187,0.005127,0.000023,0.000003,0.020490,0.000218,0.000004,0.000915,0.026783
188,0.005611,0.000023,0.000002,0.008380,0.000233,0.000005,0.001146,0.015402
189,0.005785,0.000021,0.000002,0.003783,0.000185,0.000004,0.000954,0.010735
190,0.005510,0.000024,0.000002,0.017622,0.000215,0.000004,0.001071,0.024450
191,0.005859,0.000020,0.000002,0.002892,0.000182,0.000004,0.000922,0.009884
128,0.012715,0.000028,0.000003,0.031603,0.000238,0.000004,0.001179,0.045771
129,0.004788,0.000023,0.000003,0.019204,0.000206,0.000004,0.001008,0.025238
130,0.005275,0.000021,0.000002,0.036743,0.000396,0.000006,0.001573,0.044021
131,0.008146,0.000039,0.000004,0.010732,0.000370,0.000007,0.005007,0.024312
132,0.008537,0.000048,0.000004,0.031163,0.000431,0.000007,0.001617,0.041812
133,0.006030,0.000026,0.000003,0.006648,0.000202,0.000004,0.001049,0.013964
134,0.010374,0.000021,0.000002,0.003176,0.000189,0.000004,0.001055,0.014823
135,0.005035,0.000020,0.000002,0.019924,0.000208,0.000004,0.001096,0.026293
136,0.005369,0.000022,0.000002,0.006996,0.000191,0.000004,0.001078,0.013665
137,0.005318,0.000022,0.000002,0.027880,0.000241,0.000004,0.001134,0.034604
138,0.005531,0.000021,0.000002,0.023757,0.000214,0.000004,0.001105,0.030637
139,0.005321,0.000022,0.000002,0.032853,0.000215,0.000004,0.001115,0.039534
140,0.005286,0.000021,0.000003,0.036347,0.000370,0.000006,0.001603,0.043640
141,0.007858,0.000035,0.000005,0.008079,0.000306,0.000006,0.001534,0.017825
142,0.007668,0.000029,0.000003,0.002908,0.000337,0.000007,0.001527,0.012484
143,0.007503,0.000036,0.000003,0.026772,0.000351,0.000007,0.001593,0.036267
144,0.007575,0.000048,0.000004,0.029074,0.000243,0.000004,0.001145,0.038097
145,0.005632,0.000026,0.000002,0.022964,0.000222,0.000004,0.001087,0.029942
146,0.004988,0.000027,0.000003,0.022797,0.000216,0.000004,0.000989,0.029027
147,0.007296,0.000030,0.000003,0.024910,0.000231,0.000004,0.001131,0.033608
148,0.011498,0.000029,0.000002,0.012015,0.000239,0.000005,0.001487,0.025278
149,0.004871,0.000022,0.000002,0.007313,0.000197,0.000004,0.000993,0.013405
150,0.005747,0.000026,0.000002,0.025629,0.000228,0.000004,0.001276,0.032916
151,0.006540,0.000023,0.000003,0.023472,0.000218,0.000004,0.001121,0.031382
152,0.009833,0.000023,0.000002,0.027088,0.000228,0.000004,0.001119,0.038300
153,0.005712,0.000023,0.000002,0.028840,0.000226,0.000004,0.001120,0.035931
154,0.006669,0.000023,0.000002,0.022999,0.000216,0.000004,0.001061,0.030978
155,0.004692,0.000022,0.000003,0.026609,0.000207,0.000004,0.001026,0.032565
156,0.008954,0.000021,0.000003,0.005180,0.000189,0.000004,0.000957,0.015309
157,0.005380,0.000024,0.000003,0.007870,0.000237,0.000004,0.001096,0.014615
158,0.009174,0.000024,0.000002,0.022492,0.000227,0.000004,0.001073,0.032998
159,0.005783,0.000027,0.000003,0.022010,0.000219,0.000004,0.001065,0.029113
160,0.005420,0.000023,0.000002,0.022472,0.000221,0.000004,0.001096,0.029239
161,0.010121,0.000030,0.000002,0.022566,0.000220,0.000004,0.001117,0.034063
162,0.005660,0.000025,0.000003,0.024974,0.000214,0.000004,0.000990,0.031873
163,0.008705,0.000027,0.000002,0.021376,0.000230,0.000004,0.000974,0.031321
164,0.006749,0.000029,0.000002,0.032171,0.000247,0.000006,0.001082,0.040290
165,0.006546,0.000020,0.000002,0.005176,0.000190,0.000004,0.000977,0.012918
166,0.006179,0.000021,0.000002,0.004145,0.000201,0.000004,0.001038,0.011593
167,0.006392,0.000032,0.000003,0.007358,0.000220,0.000004,0.001080,0.015092
168,0.004960,0.000020,0.000003,0.021879,0.000204,0.000004,0.000968,0.028041
169,0.009555,0.000025,0.000002,0.025598,0.000220,0.000004,0.001097,0.036505
170,0.012984,0.000031,0.000003,0.024051,0.000221,0.000004,0.001100,0.038397
171,0.004610,0.000023,0.000002,0.030097,0.000203,0.000004,0.001104,0.036045
172,0.006930,0.000024,0.000002,0.028150,0.000231,0.000004,0.001124,0.036467
173,0.004914,0.000022,0.000002,0.005475,0.000221,0.000004,0.001194,0.011836
174,0.005834,0.000023,0.000002,0.022598,0.000243,0.000004,0.001110,0.029818
175,0.007032,0.000030,0.000003,0.024197,0.000238,0.000004,0.001103,0.032610
176,0.011725,0.000026,0.000003,0.031687,0.000353,0.000004,0.001169,0.044974
177,0.011999,0.000027,0.000003,0.026826,0.000207,0.000004,0.000980,0.040048
178,0.012963,0.000030,0.000003,0.026087,0.000223,0.000005,0.001135,0.040448
179,0.006771,0.000033,0.000003,0.023920,0.000221,0.000004,0.001086,0.032040
180,0.007028,0.000033,0.000003,0.008495,0.000205,0.000004,0.001082,0.016854
181,0.005370,0.000022,0.000002,0.022244,0.000227,0.000004,0.001089,0.028961
182,0.010760,0.000026,0.000003,0.031279,0.000209,0.000004,0.001091,0.043375
183,0.012659,0.000027,0.000003,0.027165,0.000228,0.000004,0.001091,0.041180
184,0.011681,0.000030,0.000003,0.023515,0.000271,0.000004,0.000960,0.036466
185,0.007925,0.000028,0.000002,0.023447,0.000229,0.000004,0.001091,0.032729
186,0.006302,0.000020,0.000002,0.017913,0.000210,0.000004,0.000949,0.025403
187,0.007127,0.000025,0.000002,0.025366,0.000229,0.000004,0.001091,0.033848
188,0.006085,0.000021,0.000002,0.022704,0.000234,0.000004,0.000994,0.030047
189,0.011867,0.000030,0.000003,0.027072,0.000225,0.000004,0.001075,0.040278
190,0.011484,0.000028,0.000002,0.023424,0.000227,0.000004,0.001062,0.036233
191,0.013153,0.000029,0.000003,0.026521,0.000235,0.000004,0.001096,0.041043
128,0.014127,0.000029,0.000004,0.019793,0.000254,0.000005,0.001436,0.035654
129,0.005474,0.000022,0.000003,0.004714,0.000194,0.000003,0.001366,0.011778
130,0.005085,0.000019,0.000003,0.006584,0.000236,0.000004,0.001524,0.013458
131,0.005102,0.000022,0.000003,0.016923,0.000203,0.000004,0.001287,0.023546
132,0.005393,0.000021,0.000003,0.020270,0.000220,0.000003,0.001439,0.027352
133,0.005470,0.000020,0.000003,0.020455,0.000216,0.000004,0.001446,0.027617
134,0.005493,0.000021,0.000003,0.020347,0.000219,0.000004,0.001432,0.027521
135,0.005459,0.000022,0.000003,0.002612,0.000195,0.000003,0.001370,0.009667
136,0.005183,0.000020,0.000003,0.005159,0.000193,0.000004,0.001450,0.012015
137,0.005203,0.000022,0.000003,0.023002,0.000229,0.000004,0.001457,0.029923
138,0.006609,0.000028,0.000004,0.004532,0.000237,0.000004,0.001549,0.012967
139,0.004651,0.000023,0.000003,0.002191,0.000188,0.000003,0.001195,0.008258
140,0.007831,0.000040,0.000005,0.021129,0.000220,0.000004,0.001446,0.030677
141,0.005615,0.000023,0.000004,0.017397,0.000216,0.000004,0.001481,0.024742
142,0.005675,0.000022,0.000002,0.026882,0.000299,0.000004,0.001360,0.034250
143,0.005560,0.000023,0.000004,0.022799,0.000233,0.000004,0.001304,0.029929
144,0.005798,0.000024,0.000003,0.018144,0.000219,0.000004,0.001441,0.025636
145,0.004829,0.000019,0.000003,0.018954,0.000216,0.000004,0.001296,0.025324
146,0.005427,0.000022,0.000004,0.020369,0.000223,0.000004,0.001438,0.027489
147,0.006255,0.000026,0.000004,0.018606,0.000224,0.000004,0.001457,0.026578
148,0.005396,0.000022,0.000003,0.006153,0.000205,0.000004,0.001287,0.013073
149,0.004400,0.000018,0.000003,0.005347,0.000217,0.000004,0.001499,0.011491
150,0.007559,0.000024,0.000003,0.023912,0.000222,0.000004,0.001415,0.033142
151,0.005552,0.000024,0.000003,0.017268,0.000215,0.000003,0.001300,0.024369
152,0.005311,0.000021,0.000003,0.007990,0.000200,0.000004,0.001343,0.014874
153,0.004470,0.000018,0.000003,0.017753,0.000210,0.000004,0.001167,0.023628
154,0.005286,0.000021,0.000003,0.016659,0.000206,0.000003,0.001282,0.023463
155,0.005382,0.000020,0.000003,0.016292,0.000205,0.000004,0.001402,0.023310
156,0.005428,0.000023,0.000003,0.019046,0.000226,0.000003,0.001442,0.026174
157,0.006177,0.000026,0.000004,0.021021,0.000213,0.000003,0.001324,0.028772
158,0.005351,0.000042,0.000003,0.019955,0.000236,0.000004,0.001413,0.027007
159,0.005372,0.000022,0.000003,0.020027,0.000215,0.000004,0.001310,0.026955
160,0.005449,0.000021,0.000003,0.006019,0.000232,0.000004,0.001631,0.013361
161,0.005725,0.000020,0.000003,0.017421,0.000217,0.000004,0.001353,0.024745
162,0.006338,0.000025,0.000003,0.016443,0.000209,0.000004,0.001270,0.024294
163,0.005630,0.000022,0.000004,0.020011,0.000228,0.000004,0.001318,0.027220
164,0.005473,0.000026,0.000004,0.003375,0.000219,0.000004,0.001575,0.010678
165,0.004847,0.000019,0.000003,0.016627,0.000211,0.000003,0.001197,0.022910
166,0.005602,0.000024,0.000003,0.005774,0.000196,0.000003,0.001262,0.012866
167,0.005135,0.000020,0.000003,0.018836,0.000221,0.000004,0.001321,0.025542
168,0.005386,0.000022,0.000003,0.018488,0.000212,0.000003,0.001243,0.025359
169,0.005568,0.000022,0.000004,0.017271,0.000211,0.000004,0.001250,0.024331
170,0.005349,0.000019,0.000003,0.005740,0.000198,0.000004,0.001196,0.012510
171,0.005056,0.000020,0.000003,0.016486,0.000243,0.000004,0.001538,0.023354
172,0.005360,0.000021,0.000003,0.017164,0.000218,0.000004,0.001298,0.024069
173,0.004624,0.000019,0.000003,0.019117,0.000212,0.000003,0.001235,0.025215
174,0.005301,0.000020,0.000003,0.016971,0.000218,0.000004,0.001373,0.023892
175,0.006077,0.000024,0.000004,0.015177,0.000212,0.000004,0.001421,0.022921
176,0.005347,0.000020,0.000003,0.014798,0.000206,0.000004,0.001224,0.021604
177,0.004653,0.000018,0.000003,0.014642,0.000205,0.000003,0.001208,0.020735
178,0.006041,0.000024,0.000003,0.021205,0.000224,0.000004,0.001377,0.028880
179,0.004700,0.000019,0.000003,0.015412,0.000210,0.000003,0.001274,0.021625
180,0.004582,0.000021,0.000004,0.016121,0.000214,0.000004,0.001266,0.022215
181,0.004681,0.000021,0.000003,0.020351,0.000211,0.000004,0.001245,0.026518
182,0.005279,0.000020,0.000004,0.016326,0.000216,0.000004,0.001423,0.023275
183,0.005359,0.000022,0.000003,0.004667,0.000214,0.000004,0.001475,0.011745
184,0.004929,0.000021,0.000003,0.001616,0.000199,0.000004,0.001401,0.008175
185,0.004878,0.000019,0.000002,0.017327,0.000213,0.000004,0.001405,0.023851
186,0.005412,0.000022,0.000003,0.015614,0.000207,0.000003,0.001224,0.022487
187,0.005275,0.000021,0.000004,0.019582,0.000216,0.000003,0.001359,0.026462
188,0.005469,0.000030,0.000004,0.019814,0.000233,0.000004,0.001418,0.026974
128,0.013944,0.000058,0.000006,0.026216,0.000235,0.000005,0.000857,0.041323
129,0.004839,0.000023,0.000002,0.002174,0.000205,0.000004,0.000726,0.007976
189,0.008392,0.000044,0.000006,0.023942,0.000263,0.000004,0.001400,0.034054
130,0.005731,0.000035,0.000003,0.006851,0.000215,0.000004,0.000788,0.013629
190,0.005674,0.000027,0.000004,0.025660,0.000244,0.000004,0.001447,0.033063
131,0.005480,0.000023,0.000003,0.025529,0.000211,0.000004,0.000764,0.032017
191,0.005586,0.000026,0.000004,0.025057,0.000232,0.000004,0.001435,0.032347
132,0.004721,0.000019,0.000002,0.026359,0.000206,0.000004,0.000661,0.031974
133,0.005875,0.000026,0.000002,0.022844,0.000221,0.000004,0.000771,0.029746
134,0.005601,0.000022,0.000002,0.018227,0.000219,0.000004,0.000771,0.024849
135,0.005493,0.000022,0.000002,0.006152,0.000202,0.000003,0.000836,0.012713
136,0.005467,0.000023,0.000002,0.020585,0.000217,0.000003,0.000733,0.027034
137,0.005577,0.000023,0.000003,0.019098,0.000235,0.000004,0.000754,0.025697
138,0.006336,0.000026,0.000003,0.020250,0.000224,0.000004,0.000765,0.027610
139,0.005650,0.000025,0.000002,0.020361,0.000228,0.000004,0.000848,0.027120
140,0.006476,0.000027,0.000003,0.021488,0.000239,0.000004,0.000768,0.029007
141,0.005629,0.000025,0.000003,0.009720,0.000223,0.000004,0.000869,0.016475
142,0.005565,0.000024,0.000003,0.023514,0.000222,0.000004,0.000719,0.030054
143,0.005566,0.000022,0.000002,0.017446,0.000217,0.000004,0.000716,0.023975
144,0.005386,0.000021,0.000003,0.019464,0.000216,0.000004,0.000703,0.025798
145,0.005620,0.000024,0.000002,0.020643,0.000228,0.000004,0.000753,0.027278
146,0.005575,0.000022,0.000002,0.018347,0.000225,0.000004,0.000741,0.024918
147,0.006438,0.000026,0.000003,0.018772,0.000224,0.000004,0.000736,0.026206
148,0.006634,0.000024,0.000002,0.007485,0.000213,0.000004,0.000761,0.015125
149,0.005302,0.000021,0.000003,0.019255,0.000232,0.000004,0.000758,0.025578
150,0.005617,0.000026,0.000002,0.023941,0.000229,0.000004,0.000734,0.030556
151,0.005607,0.000025,0.000003,0.017703,0.000220,0.000004,0.000674,0.024237
152,0.005034,0.000022,0.000003,0.020622,0.000242,0.000005,0.000680,0.026610
153,0.010425,0.000024,0.000003,0.022443,0.000241,0.000004,0.000747,0.033889
154,0.004768,0.000020,0.000002,0.017130,0.000216,0.000004,0.000651,0.022793
155,0.005519,0.000021,0.000002,0.019620,0.000223,0.000004,0.000736,0.026127
156,0.005215,0.000022,0.000003,0.016218,0.000206,0.000004,0.000620,0.022291
157,0.006205,0.000025,0.000003,0.007160,0.000209,0.000004,0.000697,0.014304
158,0.005084,0.000020,0.000002,0.018985,0.000221,0.000004,0.000757,0.025076
159,0.005604,0.000022,0.000002,0.006425,0.000206,0.000003,0.000702,0.012966
160,0.005092,0.000020,0.000002,0.018344,0.000245,0.000004,0.000743,0.024454
161,0.005399,0.000022,0.000003,0.018249,0.000219,0.000004,0.000738,0.024635
162,0.005449,0.000021,0.000002,0.021959,0.000228,0.000004,0.000730,0.028395
163,0.005343,0.000022,0.000003,0.016798,0.000216,0.000004,0.000638,0.023027
164,0.005578,0.000022,0.000002,0.005245,0.000201,0.000004,0.000738,0.011794
165,0.005122,0.000020,0.000002,0.005977,0.000203,0.000004,0.000714,0.012044
166,0.004988,0.000020,0.000002,0.019025,0.000220,0.000004,0.000719,0.024980
167,0.005498,0.000021,0.000003,0.021725,0.000227,0.000004,0.000746,0.028226
168,0.004750,0.000019,0.000002,0.016979,0.000218,0.000004,0.000660,0.022635
169,0.004920,0.000023,0.000003,0.017545,0.000214,0.000004,0.000646,0.023358
170,0.005646,0.000024,0.000003,0.016848,0.000219,0.000004,0.000711,0.023456
171,0.005401,0.000021,0.000003,0.018264,0.000222,0.000004,0.000720,0.024636
172,0.005341,0.000020,0.000002,0.017012,0.000214,0.000004,0.000714,0.023310
173,0.004672,0.000019,0.000002,0.017529,0.000214,0.000004,0.000622,0.023064
174,0.005412,0.000020,0.000002,0.017996,0.000218,0.000004,0.000699,0.024353
175,0.005361,0.000022,0.000002,0.005964,0.000187,0.000004,0.000718,0.012259
176,0.004979,0.000019,0.000002,0.020692,0.000236,0.000004,0.000747,0.026681
177,0.005770,0.000025,0.000003,0.021401,0.000221,0.000004,0.000749,0.028176
178,0.005543,0.000022,0.000003,0.022256,0.000244,0.000005,0.000762,0.028839
179,0.004864,0.000022,0.000003,0.016437,0.000220,0.000004,0.000639,0.022190
180,0.005482,0.000022,0.000003,0.002519,0.000193,0.000004,0.000701,0.008926
181,0.005066,0.000022,0.000002,0.005007,0.000197,0.000004,0.000707,0.011006
182,0.005418,0.000023,0.000003,0.016644,0.000234,0.000004,0.000761,0.023089
183,0.006156,0.000024,0.000002,0.017505,0.000214,0.000004,0.000767,0.024674
184,0.005420,0.000021,0.000002,0.019315,0.000217,0.000003,0.000724,0.025705
185,0.006242,0.000024,0.000003,0.020605,0.000227,0.000004,0.000710,0.027818
186,0.005506,0.000021,0.000002,0.019985,0.000229,0.000004,0.000723,0.026472
187,0.005517,0.000020,0.000003,0.003113,0.000189,0.000004,0.000682,0.009530
188,0.004954,0.000021,0.000002,0.016675,0.000223,0.000004,0.000627,0.022509
189,0.006229,0.000027,0.000003,0.019465,0.000218,0.000004,0.000735,0.026683
190,0.005437,0.000021,0.000003,0.019386,0.000220,0.000004,0.000733,0.025807
191,0.005504,0.000022,0.000003,0.017245,0.000217,0.000004,0.000718,0.023714
128,0.010138,0.000046,0.000004,0.023685,0.000233,0.000004,0.002536,0.036649
129,0.009523,0.000032,0.000003,0.006662,0.000219,0.000004,0.002452,0.018896
130,0.011987,0.000031,0.000003,0.027234,0.000218,0.000004,0.002860,0.042340
131,0.011163,0.000026,0.000003,0.024948,0.000222,0.000004,0.002431,0.038801
132,0.005922,0.000026,0.000003,0.008750,0.000252,0.000005,0.003466,0.018453
133,0.010515,0.000027,0.000003,0.006743,0.000245,0.000004,0.003173,0.020714
134,0.009731,0.000026,0.000002,0.019769,0.000222,0.000004,0.002472,0.032229
135,0.011981,0.000031,0.000003,0.032388,0.000234,0.000004,0.002717,0.047361
136,0.010676,0.000025,0.000002,0.007703,0.000231,0.000004,0.002636,0.021281
137,0.010114,0.000024,0.000002,0.025240,0.000252,0.000004,0.002792,0.038432
138,0.009422,0.000027,0.000003,0.003319,0.000225,0.000005,0.002785,0.015790
139,0.005624,0.000026,0.000002,0.027762,0.000212,0.000004,0.002708,0.036341
140,0.010394,0.000031,0.000003,0.023780,0.000219,0.000004,0.002637,0.037070
141,0.011370,0.000030,0.000003,0.006084,0.000210,0.000004,0.002716,0.020420
142,0.010819,0.000026,0.000003,0.030149,0.000229,0.000005,0.002801,0.044035
143,0.008332,0.000028,0.000002,0.024739,0.000218,0.000004,0.002564,0.035890
144,0.010651,0.000027,0.000003,0.029830,0.000254,0.000005,0.002633,0.043407
145,0.010261,0.000025,0.000002,0.004899,0.000214,0.000004,0.002568,0.017977
146,0.013141,0.000028,0.000003,0.026146,0.000233,0.000004,0.002611,0.042170
147,0.006327,0.000023,0.000003,0.002931,0.000187,0.000004,0.002479,0.011956
148,0.010460,0.000033,0.000003,0.027157,0.000239,0.000004,0.002677,0.040575
149,0.010262,0.000030,0.000003,0.019774,0.000225,0.000004,0.002633,0.032935
150,0.010781,0.000025,0.000002,0.003138,0.000196,0.000003,0.002628,0.016777
151,0.010377,0.000027,0.000003,0.026445,0.000241,0.000004,0.002872,0.039972
152,0.010178,0.000029,0.000003,0.004739,0.000241,0.000005,0.003320,0.018517
153,0.006662,0.000025,0.000003,0.007944,0.000196,0.000004,0.002461,0.017298
154,0.009643,0.000024,0.000002,0.025773,0.000228,0.000004,0.002540,0.038218
155,0.012645,0.000026,0.000002,0.025070,0.000216,0.000004,0.002580,0.040546
156,0.006236,0.000030,0.000003,0.011809,0.000211,0.000004,0.002618,0.020914
157,0.011657,0.000031,0.000003,0.024067,0.000214,0.000004,0.002612,0.038592
158,0.004791,0.000023,0.000003,0.003050,0.000199,0.000004,0.002241,0.010313
159,0.004950,0.000026,0.000003,0.026396,0.000225,0.000004,0.002324,0.033932
160,0.005047,0.000027,0.000002,0.024498,0.000213,0.000004,0.002378,0.032171
161,0.007602,0.000023,0.000002,0.026361,0.000210,0.000004,0.002256,0.036460
162,0.008059,0.000024,0.000002,0.022739,0.000222,0.000004,0.002582,0.033636
163,0.009361,0.000028,0.000002,0.021880,0.000219,0.000004,0.002325,0.033823
164,0.006932,0.000030,0.000002,0.029290,0.000229,0.000004,0.002601,0.039091
165,0.011878,0.000031,0.000003,0.024514,0.000226,0.000004,0.002676,0.039336
166,0.006984,0.000028,0.000003,0.004937,0.000194,0.000004,0.002480,0.014631
167,0.009603,0.000026,0.000002,0.033077,0.000217,0.000004,0.002934,0.045866
168,0.006303,0.000025,0.000003,0.029134,0.000217,0.000004,0.002587,0.038275
169,0.010574,0.000026,0.000002,0.028925,0.000215,0.000004,0.002511,0.042259
170,0.010706,0.000026,0.000002,0.025326,0.000222,0.000004,0.002547,0.038836
171,0.008679,0.000029,0.000003,0.027017,0.000225,0.000004,0.002351,0.038310
172,0.004906,0.000027,0.000003,0.024772,0.000221,0.000004,0.002385,0.032320
173,0.005784,0.000027,0.000002,0.025202,0.000203,0.000004,0.002804,0.034029
174,0.005749,0.000023,0.000002,0.026278,0.000226,0.000004,0.002733,0.035019
175,0.006327,0.000029,0.000003,0.007125,0.000234,0.000004,0.002988,0.016714
176,0.005905,0.000025,0.000002,0.007276,0.000258,0.000004,0.003156,0.016630
177,0.005447,0.000024,0.000002,0.032075,0.000218,0.000004,0.002425,0.040198
128,0.011808,0.000037,0.000003,0.034961,0.000240,0.000004,0.004402,0.051457
178,0.005974,0.000029,0.000003,0.036173,0.000244,0.000004,0.002773,0.045204
179,0.009312,0.000027,0.000002,0.007317,0.000247,0.000005,0.003168,0.020082
129,0.012351,0.000039,0.000003,0.038430,0.000304,0.000004,0.003625,0.054761
130,0.007024,0.000034,0.000003,0.004538,0.000262,0.000005,0.004340,0.016210
180,0.006167,0.000030,0.000003,0.037655,0.000249,0.000004,0.002968,0.047079
181,0.005502,0.000031,0.000003,0.002773,0.000215,0.000004,0.002463,0.010994
131,0.009036,0.000032,0.000003,0.033640,0.000245,0.000004,0.003771,0.046734
182,0.005315,0.000025,0.000003,0.006689,0.000199,0.000004,0.002409,0.014646
132,0.005996,0.000024,0.000002,0.032013,0.000239,0.000003,0.003581,0.041864
183,0.006500,0.000030,0.000003,0.035773,0.000230,0.000004,0.002698,0.045242
133,0.009399,0.000026,0.000002,0.030885,0.000245,0.000004,0.003100,0.043666
184,0.005107,0.000025,0.000002,0.033491,0.000221,0.000004,0.002461,0.041314
134,0.005945,0.000028,0.000003,0.033825,0.000251,0.000004,0.003091,0.043151
185,0.005998,0.000027,0.000003,0.032999,0.000223,0.000004,0.002792,0.042051
135,0.006383,0.000031,0.000003,0.034685,0.000253,0.000004,0.003613,0.044977
186,0.006144,0.000028,0.000003,0.036825,0.000225,0.000004,0.002629,0.045860
136,0.006189,0.000027,0.000002,0.036657,0.000236,0.000003,0.003776,0.046894
187,0.006031,0.000032,0.000002,0.037566,0.000214,0.000004,0.002735,0.046588
188,0.005741,0.000026,0.000002,0.003506,0.000214,0.000004,0.002670,0.012169
137,0.005991,0.000025,0.000003,0.037462,0.000275,0.000004,0.003478,0.047242
189,0.005354,0.000030,0.000002,0.036941,0.000224,0.000004,0.002458,0.045019
138,0.005300,0.000027,0.000003,0.027714,0.000234,0.000004,0.003599,0.036884
190,0.011198,0.000031,0.000003,0.033796,0.000217,0.000004,0.002617,0.047869
139,0.005964,0.000031,0.000002,0.034157,0.000232,0.000004,0.003297,0.043689
191,0.005721,0.000026,0.000002,0.031991,0.000240,0.000004,0.002763,0.040753
140,0.005818,0.000026,0.000003,0.030254,0.000237,0.000004,0.003841,0.040187
141,0.005991,0.000027,0.000003,0.007444,0.000204,0.000003,0.003581,0.017256
142,0.009805,0.000024,0.000003,0.002297,0.000243,0.000004,0.002822,0.015202
143,0.005372,0.000024,0.000002,0.033071,0.000216,0.000004,0.005810,0.044503
144,0.006070,0.000026,0.000002,0.027447,0.000239,0.000004,0.003289,0.037081
145,0.006071,0.000030,0.000003,0.026795,0.000267,0.000004,0.003243,0.036416
146,0.005766,0.000031,0.000003,0.026379,0.000252,0.000004,0.003472,0.035910
147,0.005907,0.000030,0.000003,0.011147,0.000216,0.000004,0.003150,0.020459
148,0.010078,0.000024,0.000003,0.026199,0.000230,0.000004,0.003399,0.039941
149,0.005884,0.000052,0.000003,0.026585,0.000230,0.000004,0.003199,0.035960
150,0.004876,0.000026,0.000002,0.031215,0.000218,0.000004,0.003529,0.039872
151,0.005570,0.000022,0.000002,0.024058,0.000212,0.000004,0.003516,0.033387
152,0.010814,0.000028,0.000003,0.023532,0.000231,0.000004,0.003796,0.038412
153,0.014011,0.000036,0.000003,0.026008,0.000229,0.000004,0.003521,0.043813
154,0.011569,0.000029,0.000003,0.022808,0.000220,0.000004,0.003184,0.037820
155,0.005499,0.000022,0.000003,0.030672,0.000241,0.000004,0.003213,0.039656
156,0.005809,0.000025,0.000003,0.022835,0.000250,0.000004,0.003150,0.032078
157,0.005897,0.000024,0.000002,0.029291,0.000221,0.000004,0.003678,0.039121
158,0.009221,0.000025,0.000003,0.028185,0.000225,0.000004,0.003218,0.040883
159,0.010462,0.000025,0.000002,0.032409,0.000215,0.000003,0.003710,0.046830
160,0.010623,0.000033,0.000003,0.025330,0.000221,0.000004,0.003777,0.039995
161,0.006548,0.000032,0.000003,0.026083,0.000222,0.000004,0.003192,0.036086
162,0.005750,0.000030,0.000002,0.007777,0.000228,0.000004,0.003166,0.016963
163,0.009626,0.000027,0.000003,0.027105,0.000240,0.000004,0.002935,0.039944
164,0.006043,0.000024,0.000003,0.022416,0.000228,0.000004,0.003282,0.032004
165,0.006606,0.000033,0.000003,0.028969,0.000229,0.000004,0.003223,0.039070
166,0.010832,0.000032,0.000002,0.026957,0.000236,0.000004,0.003354,0.041421
167,0.010660,0.000031,0.000003,0.028670,0.000230,0.000004,0.003495,0.043096
168,0.009603,0.000027,0.000003,0.023436,0.000225,0.000004,0.003128,0.036429
169,0.010820,0.000032,0.000002,0.004307,0.000198,0.000003,0.003106,0.018473
170,0.009207,0.000025,0.000003,0.006675,0.000215,0.000004,0.003077,0.019209
171,0.011193,0.000033,0.000003,0.026182,0.000237,0.000004,0.003634,0.041291
172,0.010993,0.000029,0.000003,0.031312,0.000243,0.000004,0.003660,0.046247
173,0.006474,0.000031,0.000002,0.031088,0.000240,0.000004,0.003372,0.041214
174,0.009244,0.000025,0.000002,0.025284,0.000244,0.000004,0.002962,0.037768
175,0.006171,0.000032,0.000003,0.008958,0.000264,0.000004,0.003814,0.019248
176,0.005537,0.000026,0.000002,0.004706,0.000216,0.000004,0.003467,0.013962
177,0.005791,0.000030,0.000002,0.027147,0.000217,0.000004,0.003200,0.036395
178,0.005907,0.000032,0.000003,0.007904,0.000269,0.000004,0.003678,0.017800
179,0.005104,0.000023,0.000002,0.002394,0.000201,0.000003,0.002834,0.010566
180,0.010175,0.000025,0.000002,0.007209,0.000231,0.000004,0.003217,0.020866
181,0.010694,0.000035,0.000003,0.027884,0.000244,0.000004,0.003351,0.042218
182,0.005730,0.000032,0.000003,0.003622,0.000239,0.000004,0.003744,0.013378
183,0.005799,0.000024,0.000002,0.031218,0.000224,0.000004,0.003486,0.040761
184,0.010556,0.000025,0.000003,0.023524,0.000223,0.000004,0.003357,0.037695
185,0.006133,0.000028,0.000002,0.023665,0.000224,0.000004,0.003461,0.033520
186,0.004759,0.000020,0.000002,0.002114,0.000188,0.000003,0.003582,0.010670
187,0.006316,0.000029,0.000003,0.027674,0.000237,0.000004,0.003263,0.037529
188,0.005936,0.000032,0.000003,0.027570,0.000238,0.000004,0.003251,0.037038
189,0.005574,0.000029,0.000003,0.006341,0.000235,0.000004,0.003463,0.015652
190,0.005649,0.000023,0.000002,0.021947,0.000228,0.000004,0.003192,0.031049
191,0.004951,0.000027,0.000002,0.003392,0.000187,0.000003,0.003031,0.011596
128,0.013534,0.000032,0.000003,0.022681,0.000234,0.000004,0.000413,0.036901
129,0.005719,0.000026,0.000003,0.009243,0.000224,0.000003,0.000346,0.015566
130,0.005938,0.000026,0.000003,0.026065,0.000229,0.000004,0.000425,0.032692
131,0.005641,0.000026,0.000003,0.023729,0.000229,0.000004,0.000369,0.030003
132,0.005664,0.000028,0.000003,0.025395,0.000220,0.000003,0.000362,0.031677
133,0.005705,0.000023,0.000003,0.022256,0.000232,0.000004,0.000385,0.028611
134,0.006345,0.000026,0.000003,0.005047,0.000222,0.000004,0.000398,0.012047
135,0.005240,0.000021,0.000002,0.020661,0.000221,0.000004,0.000374,0.026524
136,0.005761,0.000022,0.000002,0.005183,0.000231,0.000004,0.000426,0.011632
137,0.005276,0.000021,0.000002,0.002029,0.000189,0.000004,0.000330,0.007854
138,0.005364,0.000021,0.000003,0.023507,0.000223,0.000004,0.000373,0.029497
139,0.004922,0.000022,0.000003,0.021108,0.000220,0.000004,0.000337,0.026617
140,0.005622,0.000027,0.000003,0.022191,0.000226,0.000004,0.000366,0.028440
141,0.005584,0.000027,0.000003,0.022554,0.000218,0.000004,0.000389,0.028781
142,0.006113,0.000027,0.000003,0.024118,0.000220,0.000004,0.000378,0.030864
143,0.005753,0.000028,0.000003,0.005760,0.000224,0.000004,0.000434,0.012208
144,0.005567,0.000022,0.000002,0.019675,0.000212,0.000004,0.000400,0.025883
145,0.005652,0.000023,0.000002,0.022353,0.000210,0.000003,0.000384,0.028630
146,0.004941,0.000021,0.000002,0.020338,0.000215,0.000003,0.000353,0.025876
147,0.005790,0.000026,0.000003,0.004523,0.000194,0.000003,0.000371,0.010911
148,0.005369,0.000021,0.000002,0.023684,0.000227,0.000004,0.000377,0.029686
149,0.006510,0.000029,0.000003,0.026682,0.000231,0.000004,0.000385,0.033846
150,0.006426,0.000027,0.000003,0.024753,0.000221,0.000004,0.000381,0.031817
151,0.005780,0.000026,0.000003,0.023304,0.000243,0.000005,0.000393,0.029754
152,0.005556,0.000022,0.000002,0.022638,0.000217,0.000004,0.000361,0.028802
153,0.005476,0.000021,0.000002,0.005589,0.000195,0.000004,0.000351,0.011642
154,0.005153,0.000021,0.000002,0.007960,0.000233,0.000004,0.000393,0.013768
155,0.006079,0.000027,0.000003,0.021175,0.000226,0.000004,0.000324,0.027839
156,0.004745,0.000020,0.000003,0.018980,0.000205,0.000004,0.000305,0.024264
157,0.005678,0.000022,0.000003,0.021883,0.000231,0.000004,0.000357,0.028180
158,0.005450,0.000025,0.000002,0.021477,0.000212,0.000004,0.000346,0.027518
159,0.005206,0.000026,0.000003,0.004136,0.000221,0.000004,0.000368,0.009965
160,0.005540,0.000021,0.000003,0.006661,0.000191,0.000004,0.000356,0.012778
161,0.004317,0.000018,0.000002,0.017607,0.000203,0.000004,0.000327,0.022480
162,0.005580,0.000023,0.000003,0.009934,0.000235,0.000004,0.000393,0.016173
163,0.005301,0.000023,0.000003,0.003431,0.000215,0.000005,0.000384,0.009364
164,0.004357,0.000018,0.000002,0.018168,0.000198,0.000004,0.000307,0.023055
165,0.005870,0.000019,0.000002,0.004685,0.000181,0.000004,0.000307,0.011069
166,0.005086,0.000020,0.000002,0.008343,0.000186,0.000004,0.000340,0.013983
167,0.004999,0.000020,0.000002,0.017211,0.000213,0.000003,0.000364,0.022813
168,0.006494,0.000025,0.000003,0.006864,0.000187,0.000003,0.000325,0.013903
169,0.005018,0.000021,0.000002,0.018788,0.000222,0.000004,0.000360,0.024416
170,0.006763,0.000025,0.000003,0.020096,0.000213,0.000003,0.000346,0.027450
171,0.005575,0.000025,0.000002,0.021992,0.000216,0.000003,0.000361,0.028177
172,0.007703,0.000027,0.000002,0.022808,0.000217,0.000003,0.000327,0.031088
173,0.005960,0.000019,0.000002,0.018792,0.000207,0.000003,0.000325,0.025309
174,0.006722,0.000026,0.000003,0.011345,0.000231,0.000004,0.000400,0.018732
175,0.005239,0.000021,0.000003,0.021027,0.000218,0.000004,0.000319,0.026833
176,0.006187,0.000025,0.000003,0.020924,0.000208,0.000003,0.000321,0.027674
177,0.006730,0.000023,0.000002,0.006158,0.000222,0.000004,0.000368,0.013509
178,0.006013,0.000025,0.000002,0.019802,0.000216,0.000004,0.000350,0.026414
179,0.007562,0.000025,0.000003,0.009854,0.000197,0.000004,0.000318,0.017965
180,0.004725,0.000019,0.000002,0.017824,0.000210,0.000003,0.000295,0.023081
181,0.006625,0.000025,0.000003,0.018676,0.000212,0.000004,0.000317,0.025864
182,0.005568,0.000022,0.000003,0.022197,0.000217,0.000004,0.000340,0.028352
183,0.006453,0.000022,0.000002,0.020712,0.000207,0.000004,0.000336,0.027738
184,0.005765,0.000018,0.000002,0.007803,0.000180,0.000004,0.000298,0.014071
185,0.007293,0.000025,0.000003,0.020913,0.000215,0.000003,0.000320,0.028775
186,0.006748,0.000024,0.000003,0.020215,0.000205,0.000003,0.000342,0.027541
187,0.005395,0.000023,0.000002,0.023486,0.000223,0.000004,0.000328,0.029464
188,0.006712,0.000024,0.000003,0.019214,0.000219,0.000004,0.000336,0.026513
189,0.006787,0.000022,0.000002,0.006125,0.000222,0.000004,0.000394,0.013558
190,0.006020,0.000024,0.000003,0.020489,0.000224,0.000003,0.000364,0.027128
191,0.006627,0.000022,0.000002,0.021549,0.000214,0.000003,0.000365,0.028785
128,0.017668,0.000029,0.000002,0.004278,0.000224,0.000004,0.003228,0.025436
129,0.005474,0.000024,0.000002,0.021315,0.000244,0.000004,0.003167,0.030234
130,0.006363,0.000027,0.000003,0.010784,0.000209,0.000004,0.003077,0.020469
131,0.005570,0.000022,0.000002,0.008595,0.000235,0.000004,0.003191,0.017622
132,0.005382,0.000022,0.000002,0.023245,0.000222,0.000003,0.003068,0.031947
133,0.007347,0.000022,0.000002,0.022818,0.000230,0.000004,0.003055,0.033481
134,0.008493,0.000044,0.000003,0.005678,0.000292,0.000004,0.002871,0.017394
135,0.004801,0.000021,0.000002,0.018759,0.000220,0.000004,0.002748,0.026558
136,0.005870,0.000025,0.000002,0.023939,0.000232,0.000004,0.003068,0.033143
137,0.005483,0.000022,0.000002,0.022789,0.000226,0.000003,0.003140,0.031669
138,0.004920,0.000021,0.000003,0.018764,0.000218,0.000004,0.002781,0.026713
139,0.005841,0.000023,0.000002,0.025248,0.000219,0.000004,0.003005,0.034351
140,0.009955,0.000024,0.000003,0.027853,0.000285,0.000004,0.003041,0.041166
141,0.006250,0.000027,0.000003,0.025237,0.000234,0.000004,0.003638,0.035396
142,0.006865,0.000023,0.000002,0.023800,0.000233,0.000005,0.003107,0.034038
143,0.004700,0.000020,0.000002,0.002662,0.000202,0.000004,0.002513,0.010105
144,0.006155,0.000024,0.000003,0.018605,0.000223,0.000005,0.003176,0.028195
145,0.005406,0.000023,0.000002,0.020257,0.000223,0.000004,0.002916,0.028834
146,0.006185,0.000025,0.000003,0.006049,0.000209,0.000004,0.003046,0.015522
147,0.007222,0.000025,0.000002,0.018711,0.000231,0.000004,0.002841,0.029040
148,0.005363,0.000023,0.000002,0.019470,0.000228,0.000004,0.003086,0.028178
149,0.005367,0.000021,0.000002,0.021342,0.000235,0.000004,0.003017,0.029992
150,0.004730,0.000021,0.000002,0.019280,0.000217,0.000004,0.002780,0.027037
151,0.006496,0.000022,0.000002,0.019080,0.000214,0.000004,0.002715,0.028536
152,0.005631,0.000024,0.000002,0.019396,0.000240,0.000004,0.002852,0.028151
153,0.005592,0.000023,0.000002,0.021726,0.000232,0.000003,0.003236,0.030819
154,0.006360,0.000027,0.000003,0.019031,0.000230,0.000004,0.002937,0.028594
155,0.005570,0.000022,0.000002,0.019418,0.000218,0.000004,0.002917,0.028152
156,0.006141,0.000027,0.000003,0.021338,0.000223,0.000003,0.002821,0.030559
157,0.005385,0.000023,0.000003,0.021581,0.000228,0.000003,0.002884,0.030111
158,0.005316,0.000026,0.000002,0.007820,0.000226,0.000004,0.003321,0.016717
159,0.005156,0.000022,0.000002,0.007406,0.000198,0.000003,0.002699,0.015489
160,0.005206,0.000021,0.000002,0.022404,0.000220,0.000003,0.002826,0.030685
161,0.005609,0.000023,0.000002,0.009103,0.000202,0.000004,0.002785,0.017730
162,0.005205,0.000020,0.000002,0.020584,0.000223,0.000004,0.002950,0.028990
163,0.005449,0.000026,0.000002,0.009658,0.000230,0.000005,0.003101,0.018474
164,0.005123,0.000021,0.000002,0.006904,0.000193,0.000004,0.002697,0.014946
165,0.004532,0.000019,0.000002,0.016790,0.000208,0.000004,0.002704,0.024263
166,0.007356,0.000027,0.000003,0.026310,0.000221,0.000004,0.002964,0.036889
167,0.006999,0.000022,0.000002,0.029256,0.000223,0.000003,0.003028,0.039536
168,0.007114,0.000026,0.000003,0.026341,0.000226,0.000003,0.002946,0.036663
169,0.007013,0.000023,0.000002,0.024621,0.000224,0.000004,0.002928,0.034820
170,0.005506,0.000024,0.000002,0.021658,0.000221,0.000003,0.002926,0.030344
171,0.005601,0.000025,0.000002,0.024721,0.000222,0.000004,0.003049,0.033628
172,0.004749,0.000022,0.000003,0.033029,0.000238,0.000005,0.002762,0.040814
173,0.005561,0.000027,0.000003,0.021116,0.000229,0.000003,0.002935,0.029877
174,0.005475,0.000024,0.000002,0.003183,0.000234,0.000005,0.003299,0.012225
175,0.005020,0.000022,0.000003,0.001920,0.000185,0.000003,0.002448,0.009604
176,0.005012,0.000020,0.000002,0.026388,0.000227,0.000003,0.002897,0.034554
177,0.005588,0.000028,0.000003,0.024588,0.000236,0.000004,0.003040,0.033490
178,0.006192,0.000027,0.000002,0.022886,0.000222,0.000004,0.002920,0.032255
179,0.005370,0.000022,0.000002,0.020945,0.000228,0.000004,0.002998,0.029572
180,0.005724,0.000021,0.000002,0.019582,0.000219,0.000004,0.003001,0.028554
181,0.005405,0.000021,0.000002,0.021135,0.000230,0.000003,0.002926,0.029726
182,0.005478,0.000022,0.000002,0.020143,0.000218,0.000004,0.002946,0.028816
183,0.005457,0.000023,0.000002,0.026225,0.000354,0.000004,0.002956,0.035029
184,0.009045,0.000028,0.000003,0.026207,0.000225,0.000004,0.002937,0.038451
185,0.007428,0.000026,0.000003,0.010676,0.000213,0.000004,0.002790,0.021144
186,0.006122,0.000024,0.000002,0.010624,0.000213,0.000003,0.002701,0.019692
187,0.006766,0.000021,0.000002,0.025343,0.000242,0.000004,0.002814,0.035195
188,0.008242,0.000027,0.000002,0.023426,0.000224,0.000004,0.002848,0.034776
189,0.006687,0.000023,0.000002,0.012509,0.000216,0.000003,0.002829,0.022274
190,0.006718,0.000024,0.000002,0.005928,0.000238,0.000004,0.004015,0.016934
191,0.006123,0.000025,0.000002,0.023247,0.000279,0.000004,0.002886,0.032568
128,0.021470,0.000042,0.000009,0.026396,0.000298,0.000004,0.000402,0.048625
129,0.012287,0.000033,0.000003,0.051273,0.000369,0.000005,0.000409,0.064382
130,0.008001,0.000041,0.000004,0.015342,0.000288,0.000005,0.000405,0.024087
131,0.007193,0.000037,0.000004,0.057103,0.000283,0.000004,0.000485,0.065111
132,0.007338,0.000031,0.000003,0.048902,0.000302,0.000004,0.000409,0.056991
133,0.007037,0.000037,0.000003,0.049249,0.000305,0.000004,0.000430,0.057070
134,0.010582,0.000041,0.000005,0.006879,0.000289,0.000004,0.000431,0.018235
135,0.006864,0.000034,0.000004,0.048426,0.000267,0.000005,0.000427,0.056030
136,0.007091,0.000038,0.000003,0.049890,0.000283,0.000004,0.000559,0.057871
137,0.006741,0.000030,0.000003,0.010767,0.000246,0.000004,0.000527,0.018321
138,0.006473,0.000034,0.000003,0.010450,0.000249,0.000004,0.000506,0.017722
139,0.006375,0.000036,0.000003,0.045445,0.000269,0.000004,0.000457,0.052592
140,0.007031,0.000032,0.000004,0.043626,0.000251,0.000004,0.000434,0.051386
141,0.007435,0.000032,0.000003,0.044644,0.000272,0.000004,0.000475,0.052869
142,0.006789,0.000033,0.000003,0.060979,0.000306,0.000006,0.000418,0.068540
143,0.007131,0.000037,0.000003,0.046307,0.000263,0.000004,0.000382,0.054130
144,0.008837,0.000031,0.000003,0.044333,0.000279,0.000005,0.000382,0.053873
145,0.006447,0.000032,0.000004,0.004983,0.000274,0.000005,0.000394,0.012139
146,0.006124,0.000034,0.000003,0.043622,0.000273,0.000004,0.000366,0.050428
147,0.006128,0.000034,0.000003,0.045586,0.000267,0.000004,0.000343,0.052368
148,0.007037,0.000036,0.000003,0.042023,0.000249,0.000004,0.000393,0.049748
149,0.006962,0.000035,0.000003,0.054979,0.000316,0.000005,0.000413,0.062720
150,0.007269,0.000031,0.000004,0.045473,0.000258,0.000004,0.000412,0.053454
151,0.006739,0.000030,0.000003,0.046632,0.000328,0.000004,0.000350,0.054087
152,0.005887,0.000022,0.000003,0.024886,0.000245,0.000004,0.000353,0.031400
153,0.005816,0.000024,0.000003,0.010233,0.000247,0.000005,0.000392,0.016721
154,0.006487,0.000027,0.000003,0.017307,0.000217,0.000004,0.000355,0.024402
155,0.005780,0.000022,0.000002,0.022148,0.000279,0.000004,0.000432,0.028670
156,0.006706,0.000027,0.000003,0.003708,0.000228,0.000005,0.000519,0.011200
157,0.006079,0.000023,0.000003,0.018650,0.000217,0.000004,0.000368,0.025345
128,0.011291,0.000042,0.000004,0.005022,0.000272,0.000004,0.001528,0.018170
158,0.005059,0.000020,0.000003,0.023531,0.000225,0.000004,0.000353,0.029198
129,0.010500,0.000025,0.000003,0.032278,0.000219,0.000004,0.001442,0.044474
159,0.006104,0.000025,0.000003,0.035332,0.000222,0.000004,0.000354,0.042045
130,0.011041,0.000028,0.000002,0.006363,0.000242,0.000004,0.001471,0.019153
160,0.005075,0.000023,0.000003,0.044262,0.000251,0.000004,0.000431,0.050051
131,0.014600,0.000037,0.000003,0.032002,0.000265,0.000004,0.001479,0.048392
161,0.007260,0.000027,0.000003,0.032796,0.000236,0.000004,0.000384,0.040714
132,0.011865,0.000034,0.000003,0.043799,0.000245,0.000004,0.001512,0.057465
162,0.008610,0.000041,0.000003,0.034126,0.000221,0.000004,0.000347,0.043354
163,0.006197,0.000033,0.000003,0.005242,0.000233,0.000005,0.000355,0.012071
133,0.007278,0.000028,0.000003,0.028415,0.000233,0.000004,0.001504,0.037468
164,0.006309,0.000025,0.000003,0.012070,0.000224,0.000014,0.000359,0.019005
134,0.011523,0.000026,0.000002,0.004929,0.000226,0.000004,0.001455,0.018169
135,0.009380,0.000031,0.000002,0.003690,0.000221,0.000004,0.001304,0.014636
165,0.006028,0.000028,0.000003,0.032598,0.000227,0.000004,0.000354,0.039245
136,0.011335,0.000033,0.000003,0.028069,0.000235,0.000004,0.001456,0.041139
166,0.005990,0.000028,0.000003,0.038797,0.000224,0.000004,0.000373,0.045421
137,0.012179,0.000030,0.000003,0.026187,0.000238,0.000003,0.001444,0.040087
167,0.006087,0.000028,0.000003,0.036455,0.000237,0.000004,0.000375,0.043191
138,0.011053,0.000035,0.000003,0.024964,0.000238,0.000004,0.001419,0.037719
168,0.006545,0.000028,0.000003,0.008075,0.000224,0.000003,0.000364,0.015245
169,0.006028,0.000029,0.000003,0.007918,0.000216,0.000004,0.000356,0.014556
139,0.010923,0.000030,0.000003,0.030388,0.000241,0.000004,0.001528,0.043119
170,0.005315,0.000027,0.000003,0.032284,0.000227,0.000004,0.000315,0.038177
140,0.012327,0.000032,0.000003,0.034163,0.000374,0.000007,0.002405,0.049316
171,0.006114,0.000031,0.000003,0.032605,0.000264,0.000004,0.000348,0.039372
172,0.005101,0.000027,0.000003,0.034647,0.000250,0.000004,0.000353,0.040387
141,0.014417,0.000043,0.000004,0.052550,0.000347,0.000007,0.002242,0.069614
173,0.006064,0.000032,0.000003,0.029149,0.000245,0.000004,0.000360,0.035858
174,0.005825,0.000029,0.000003,0.029729,0.000224,0.000004,0.000375,0.036190
142,0.015194,0.000039,0.000003,0.047304,0.000340,0.000007,0.002460,0.065353
175,0.006081,0.000030,0.000003,0.018760,0.000249,0.000016,0.000381,0.025522
176,0.006028,0.000027,0.000005,0.028227,0.000266,0.000004,0.000353,0.034913
143,0.014143,0.000035,0.000003,0.044842,0.000240,0.000004,0.001478,0.060748
177,0.006953,0.000035,0.000003,0.031501,0.000236,0.000005,0.000368,0.039101
178,0.006105,0.000030,0.000003,0.003552,0.000221,0.000004,0.000387,0.010303
144,0.008346,0.000034,0.000003,0.034995,0.000237,0.000004,0.001454,0.045075
179,0.006065,0.000028,0.000003,0.028325,0.000230,0.000004,0.000390,0.035047
145,0.011859,0.000031,0.000003,0.027355,0.000237,0.000004,0.001382,0.040875
180,0.006297,0.000034,0.000003,0.008389,0.000256,0.000005,0.000422,0.015408
181,0.005048,0.000022,0.000002,0.026362,0.000243,0.000004,0.000329,0.032013
146,0.011094,0.000029,0.000003,0.036660,0.000361,0.000007,0.002454,0.050613
182,0.008697,0.000062,0.000005,0.035851,0.000224,0.000004,0.000355,0.045199
147,0.013830,0.000029,0.000002,0.031345,0.000234,0.000003,0.001509,0.046956
148,0.010189,0.000029,0.000002,0.002593,0.000211,0.000004,0.001328,0.014358
183,0.011264,0.000058,0.000005,0.026691,0.000220,0.000004,0.000382,0.038626
184,0.005916,0.000028,0.000003,0.003734,0.000255,0.000005,0.000417,0.010361
149,0.010404,0.000029,0.000003,0.027792,0.000243,0.000004,0.001413,0.039892
185,0.005838,0.000028,0.000003,0.027039,0.000239,0.000005,0.000338,0.033492
150,0.010784,0.000028,0.000002,0.027600,0.000250,0.000004,0.001486,0.040158
186,0.006061,0.000027,0.000002,0.034093,0.000237,0.000004,0.000355,0.040781
151,0.011869,0.000033,0.000003,0.028674,0.000267,0.000004,0.001534,0.042387
187,0.005110,0.000022,0.000002,0.040027,0.000315,0.000004,0.000339,0.045824
152,0.010709,0.000032,0.000003,0.022001,0.000226,0.000004,0.001466,0.034443
153,0.012066,0.000034,0.000003,0.003661,0.000254,0.000004,0.001774,0.017801
188,0.005353,0.000026,0.000003,0.031262,0.000225,0.000004,0.000315,0.037190
189,0.005943,0.000025,0.000003,0.033552,0.000235,0.000004,0.000339,0.040102
154,0.010340,0.000025,0.000002,0.031861,0.000221,0.000004,0.001391,0.043847
190,0.005874,0.000025,0.000002,0.007282,0.000208,0.000004,0.000366,0.013764
155,0.011365,0.000030,0.000003,0.007104,0.000221,0.000004,0.001460,0.020190
191,0.004716,0.000020,0.000002,0.022589,0.000218,0.000004,0.000331,0.027883
156,0.011671,0.000033,0.000003,0.028009,0.000240,0.000004,0.001374,0.041338
157,0.010286,0.000028,0.000003,0.023106,0.000232,0.000004,0.001393,0.035054
158,0.005844,0.000035,0.000003,0.023309,0.000250,0.000004,0.001475,0.030924
159,0.005713,0.000029,0.000002,0.028202,0.000241,0.000004,0.001386,0.035579
160,0.010870,0.000029,0.000002,0.019889,0.000231,0.000004,0.001376,0.032403
161,0.009266,0.000028,0.000003,0.024476,0.000218,0.000004,0.001215,0.035212
162,0.007121,0.000023,0.000002,0.023808,0.000233,0.000003,0.001356,0.032550
163,0.010641,0.000027,0.000002,0.025127,0.000242,0.000004,0.001427,0.037473
164,0.006157,0.000032,0.000003,0.023696,0.000219,0.000004,0.001345,0.031458
165,0.006800,0.000024,0.000002,0.017515,0.000218,0.000004,0.001236,0.025803
166,0.006532,0.000028,0.000002,0.025916,0.000217,0.000004,0.001377,0.034079
167,0.010576,0.000024,0.000003,0.024478,0.000231,0.000003,0.001432,0.036751
168,0.010356,0.000029,0.000002,0.021538,0.000223,0.000004,0.001396,0.033550
169,0.006528,0.000025,0.000002,0.027733,0.000216,0.000004,0.001241,0.035752
170,0.012923,0.000055,0.000003,0.030287,0.000221,0.000004,0.001382,0.044878
171,0.005446,0.000023,0.000002,0.006376,0.000223,0.000004,0.001388,0.013465
172,0.004993,0.000025,0.000003,0.019905,0.000217,0.000004,0.001215,0.026363
173,0.009209,0.000029,0.000002,0.006236,0.000208,0.000004,0.001237,0.016927
174,0.010287,0.000023,0.000002,0.007429,0.000204,0.000004,0.001277,0.019229
175,0.009786,0.000025,0.000002,0.025162,0.000226,0.000003,0.001328,0.036535
176,0.005413,0.000022,0.000002,0.027917,0.000219,0.000004,0.001329,0.034908
177,0.012230,0.000023,0.000002,0.023188,0.000214,0.000004,0.001219,0.036883
178,0.010036,0.000025,0.000002,0.007036,0.000223,0.000004,0.001368,0.018696
179,0.004899,0.000023,0.000002,0.002964,0.000189,0.000004,0.001158,0.009242
180,0.005967,0.000024,0.000003,0.029010,0.000262,0.000004,0.001308,0.036581
181,0.005508,0.000023,0.000002,0.004316,0.000229,0.000005,0.001541,0.011626
182,0.005970,0.000025,0.000002,0.026626,0.000236,0.000004,0.001453,0.034319
183,0.005713,0.000026,0.000003,0.006943,0.000236,0.000004,0.001595,0.014523
184,0.006327,0.000030,0.000003,0.021324,0.000222,0.000003,0.001351,0.029263
185,0.005727,0.000026,0.000003,0.019607,0.000220,0.000004,0.001336,0.026925
186,0.004832,0.000022,0.000002,0.002115,0.000213,0.000003,0.001229,0.008419
187,0.010733,0.000028,0.000003,0.023435,0.000220,0.000004,0.001394,0.035820
188,0.005402,0.000021,0.000002,0.026986,0.000211,0.000004,0.001378,0.034008
189,0.005416,0.000021,0.000002,0.010509,0.000261,0.000004,0.001650,0.017868
190,0.005074,0.000023,0.000003,0.019345,0.000237,0.000004,0.001267,0.025954
191,0.011656,0.000030,0.000003,0.025633,0.000233,0.000004,0.001464,0.039026
128,0.020595,0.000029,0.000003,0.009069,0.000227,0.000004,0.001071,0.031001
129,0.004615,0.000019,0.000002,0.031791,0.000229,0.000004,0.000926,0.037590
130,0.004306,0.000023,0.000003,0.031053,0.000217,0.000005,0.001046,0.036656
131,0.011334,0.000024,0.000003,0.028874,0.000239,0.000004,0.001042,0.041523
132,0.011899,0.000029,0.000003,0.023934,0.000227,0.000005,0.001021,0.037121
133,0.011822,0.000032,0.000003,0.011928,0.000215,0.000004,0.001047,0.025053
134,0.010232,0.000023,0.000002,0.021938,0.000241,0.000004,0.001079,0.033524
135,0.005387,0.000025,0.000003,0.006198,0.000218,0.000003,0.001100,0.012937
136,0.010426,0.000023,0.000003,0.029794,0.000226,0.000005,0.001083,0.041563
137,0.010443,0.000025,0.000003,0.006072,0.000227,0.000004,0.001151,0.017930
138,0.011843,0.000029,0.000003,0.021962,0.000224,0.000005,0.001110,0.035178
139,0.011650,0.000029,0.000003,0.028196,0.000227,0.000004,0.001134,0.041247
140,0.010887,0.000031,0.000003,0.025490,0.000227,0.000004,0.001205,0.037850
141,0.012310,0.000030,0.000003,0.021229,0.000239,0.000004,0.001069,0.034888
142,0.010806,0.000027,0.000002,0.022240,0.000234,0.000004,0.001051,0.034368
143,0.010909,0.000034,0.000003,0.007834,0.000248,0.000005,0.001241,0.020276
144,0.009891,0.000023,0.000003,0.003911,0.000201,0.000004,0.001106,0.015141
145,0.005280,0.000021,0.000002,0.028732,0.000228,0.000004,0.001119,0.035390
146,0.009480,0.000029,0.000003,0.023876,0.000242,0.000004,0.001066,0.034703
147,0.011682,0.000030,0.000003,0.009449,0.000219,0.000004,0.001073,0.022462
148,0.011035,0.000028,0.000003,0.007584,0.000238,0.000004,0.001203,0.020098
149,0.010611,0.000027,0.000003,0.027132,0.000236,0.000004,0.001132,0.039149
150,0.011711,0.000027,0.000003,0.021760,0.000231,0.000004,0.001005,0.034745
151,0.011472,0.000031,0.000003,0.007159,0.000240,0.000004,0.001053,0.019964
152,0.010356,0.000027,0.000003,0.011072,0.000232,0.000004,0.001170,0.022867
153,0.010787,0.000026,0.000003,0.022122,0.000228,0.000004,0.001061,0.034233
154,0.010401,0.000028,0.000002,0.024188,0.000234,0.000004,0.001061,0.035921
155,0.010386,0.000031,0.000003,0.021650,0.000231,0.000004,0.001044,0.033353
156,0.005703,0.000027,0.000003,0.022740,0.000223,0.000004,0.001021,0.029722
157,0.011355,0.000031,0.000003,0.026939,0.000244,0.000004,0.001058,0.039637
158,0.010656,0.000026,0.000003,0.033632,0.000226,0.000005,0.001057,0.045609
159,0.010264,0.000027,0.000003,0.005700,0.000225,0.000004,0.001054,0.017279
160,0.011764,0.000030,0.000003,0.024560,0.000246,0.000004,0.001037,0.037648
161,0.011051,0.000025,0.000002,0.022113,0.000224,0.000004,0.001035,0.034457
162,0.005874,0.000023,0.000003,0.030354,0.000226,0.000004,0.001063,0.037549
163,0.004741,0.000019,0.000002,0.020354,0.000227,0.000005,0.000929,0.026280
164,0.005908,0.000026,0.000003,0.009264,0.000249,0.000005,0.001176,0.016634
165,0.011829,0.000029,0.000003,0.032544,0.000227,0.000004,0.001069,0.045707
166,0.006490,0.000030,0.000003,0.029853,0.000237,0.000004,0.001077,0.037698
167,0.006000,0.000029,0.000002,0.003514,0.000253,0.000004,0.001402,0.011207
168,0.009628,0.000022,0.000002,0.006447,0.000209,0.000004,0.000936,0.017250
169,0.010823,0.000042,0.000002,0.007838,0.000237,0.000004,0.001042,0.019990
170,0.010634,0.000027,0.000003,0.023395,0.000238,0.000004,0.001182,0.035486
171,0.006262,0.000028,0.000003,0.003816,0.000194,0.000004,0.001225,0.011534
172,0.010900,0.000023,0.000002,0.026007,0.000242,0.000004,0.001082,0.038264
173,0.006104,0.000024,0.000002,0.027933,0.000240,0.000004,0.001126,0.035437
174,0.006260,0.000024,0.000003,0.023389,0.000268,0.000004,0.001107,0.031059
175,0.011512,0.000026,0.000003,0.004914,0.000216,0.000004,0.001150,0.017828
176,0.005875,0.000029,0.000003,0.024353,0.000242,0.000004,0.001067,0.031576
177,0.005817,0.000030,0.000002,0.012006,0.000252,0.000004,0.001210,0.019325
178,0.005940,0.000023,0.000003,0.027595,0.000221,0.000004,0.001135,0.034923
179,0.005618,0.000022,0.000002,0.025248,0.000230,0.000004,0.001143,0.032270
128,0.015858,0.000025,0.000004,0.008756,0.000220,0.000004,0.000837,0.025707
180,0.005880,0.000029,0.000003,0.030482,0.000238,0.000004,0.001084,0.037724
129,0.005868,0.000027,0.000003,0.023955,0.000228,0.000004,0.000785,0.030873
130,0.005910,0.000032,0.000003,0.006035,0.000227,0.000004,0.000744,0.012956
181,0.005961,0.000030,0.000003,0.034595,0.000237,0.000004,0.001072,0.041906
131,0.005694,0.000024,0.000003,0.025925,0.000247,0.000004,0.000792,0.032690
182,0.005825,0.000026,0.000003,0.031379,0.000234,0.000004,0.001135,0.038608
132,0.005893,0.000031,0.000002,0.028255,0.000230,0.000004,0.000824,0.035241
183,0.006961,0.000034,0.000003,0.029087,0.000219,0.000004,0.001066,0.037377
133,0.005806,0.000030,0.000003,0.024298,0.000225,0.000004,0.000799,0.031168
184,0.005911,0.000028,0.000003,0.012594,0.000261,0.000005,0.001263,0.020067
134,0.005772,0.000027,0.000002,0.026741,0.000233,0.000004,0.000813,0.033595
185,0.006251,0.000027,0.000003,0.033421,0.000244,0.000004,0.001120,0.041074
135,0.005174,0.000025,0.000003,0.003198,0.000201,0.000004,0.000631,0.009238
136,0.005499,0.000024,0.000002,0.028321,0.000223,0.000004,0.000740,0.034816
186,0.006288,0.000030,0.000003,0.032130,0.000206,0.000004,0.001164,0.039828
187,0.004809,0.000022,0.000002,0.002470,0.000209,0.000004,0.000988,0.008507
137,0.005500,0.000023,0.000003,0.010339,0.000224,0.000004,0.000819,0.016915
188,0.007202,0.000030,0.000003,0.008326,0.000249,0.000004,0.001250,0.017067
138,0.005733,0.000026,0.000003,0.022744,0.000237,0.000004,0.000860,0.029609
189,0.006771,0.000030,0.000003,0.032470,0.000264,0.000004,0.001241,0.040785
139,0.005774,0.000028,0.000002,0.021718,0.000218,0.000003,0.000845,0.028593
190,0.006167,0.000025,0.000002,0.024516,0.000236,0.000003,0.001121,0.032074
140,0.005449,0.000024,0.000003,0.030510,0.000216,0.000004,0.000768,0.036975
191,0.005286,0.000025,0.000003,0.003450,0.000234,0.000004,0.001064,0.010067
141,0.005439,0.000023,0.000002,0.023035,0.000221,0.000004,0.000775,0.029502
142,0.005399,0.000022,0.000002,0.021874,0.000225,0.000004,0.000759,0.028287
143,0.005470,0.000024,0.000002,0.021774,0.000219,0.000004,0.000758,0.028253
144,0.005403,0.000023,0.000002,0.022269,0.000222,0.000004,0.000770,0.028695
145,0.005569,0.000023,0.000002,0.021966,0.000235,0.000004,0.000697,0.028499
146,0.005516,0.000022,0.000002,0.005467,0.000206,0.000003,0.000694,0.011913
147,0.005464,0.000022,0.000002,0.020003,0.000229,0.000004,0.000686,0.026412
148,0.005683,0.000024,0.000002,0.019901,0.000225,0.000004,0.000715,0.026557
149,0.006732,0.000027,0.000003,0.021360,0.000219,0.000003,0.000703,0.029051
150,0.005471,0.000024,0.000002,0.006997,0.000248,0.000004,0.000851,0.013601
151,0.006427,0.000023,0.000002,0.025962,0.000331,0.000007,0.001167,0.033923
152,0.008596,0.000040,0.000004,0.038936,0.000325,0.000007,0.001111,0.049023
153,0.011681,0.000039,0.000003,0.027290,0.000236,0.000003,0.000693,0.039948
154,0.005566,0.000024,0.000002,0.017432,0.000220,0.000004,0.000668,0.023918
155,0.004871,0.000024,0.000002,0.021039,0.000223,0.000004,0.000635,0.026800
156,0.005443,0.000022,0.000002,0.021383,0.000227,0.000004,0.000720,0.027805
157,0.005620,0.000025,0.000003,0.006302,0.000218,0.000004,0.000687,0.012861
158,0.004813,0.000020,0.000003,0.002074,0.000196,0.000003,0.000624,0.007734
159,0.004574,0.000018,0.000002,0.019151,0.000222,0.000004,0.000601,0.024574
160,0.005769,0.000025,0.000002,0.021636,0.000229,0.000004,0.000666,0.028335
161,0.005642,0.000023,0.000002,0.020213,0.000222,0.000004,0.000741,0.026850
162,0.005837,0.000024,0.000002,0.018819,0.000224,0.000004,0.000755,0.025668
163,0.005668,0.000022,0.000002,0.017560,0.000219,0.000004,0.000677,0.024154
164,0.005404,0.000021,0.000003,0.006100,0.000196,0.000004,0.000700,0.012429
165,0.005151,0.000022,0.000002,0.019092,0.000226,0.000003,0.000686,0.025185
166,0.005680,0.000023,0.000002,0.019537,0.000227,0.000004,0.000728,0.026204
167,0.005668,0.000022,0.000002,0.019374,0.000243,0.000004,0.000694,0.026010
168,0.005023,0.000020,0.000002,0.017343,0.000222,0.000004,0.000647,0.023264
169,0.005725,0.000027,0.000002,0.016148,0.000223,0.000004,0.000673,0.022804
170,0.006312,0.000027,0.000003,0.007192,0.000226,0.000004,0.000841,0.014608
171,0.005247,0.000022,0.000003,0.023586,0.000250,0.000004,0.000730,0.029844
172,0.006451,0.000027,0.000003,0.019109,0.000220,0.000004,0.000689,0.026505
173,0.005635,0.000023,0.000003,0.017535,0.000237,0.000004,0.000766,0.024206
174,0.005624,0.000023,0.000002,0.021672,0.000229,0.000004,0.000701,0.028257
175,0.005528,0.000022,0.000002,0.022011,0.000238,0.000004,0.000683,0.028491
176,0.006310,0.000028,0.000003,0.022410,0.000228,0.000004,0.000688,0.029673
177,0.005632,0.000025,0.000002,0.010113,0.000213,0.000004,0.000677,0.016668
178,0.005291,0.000021,0.000002,0.019422,0.000223,0.000004,0.000715,0.025682
179,0.005685,0.000027,0.000002,0.020525,0.000220,0.000004,0.000712,0.027179
180,0.005333,0.000022,0.000003,0.003216,0.000192,0.000004,0.000769,0.009540
181,0.004970,0.000020,0.000002,0.006018,0.000211,0.000004,0.000664,0.011892
182,0.005066,0.000019,0.000002,0.020556,0.000218,0.000004,0.000678,0.026546
183,0.005705,0.000025,0.000002,0.022199,0.000243,0.000004,0.000691,0.028871
184,0.004837,0.000020,0.000002,0.019483,0.000223,0.000004,0.000622,0.025194
185,0.005670,0.000027,0.000003,0.018858,0.000224,0.000004,0.000697,0.025485
186,0.005293,0.000024,0.000003,0.019543,0.000214,0.000004,0.000611,0.025694
187,0.004567,0.000018,0.000002,0.004356,0.000212,0.000004,0.000734,0.009898
188,0.005049,0.000020,0.000002,0.004548,0.000204,0.000004,0.000696,0.010526
189,0.006299,0.000022,0.000002,0.022021,0.000217,0.000004,0.000675,0.029242
190,0.006162,0.000023,0.000003,0.015651,0.000225,0.000004,0.000678,0.022748
191,0.005346,0.000022,0.000002,0.018433,0.000216,0.000004,0.000670,0.024696
128,0.014265,0.000028,0.000003,0.003132,0.000231,0.000004,0.005633,0.023297
129,0.005083,0.000020,0.000002,0.019141,0.000229,0.000004,0.005029,0.029510
130,0.005455,0.000023,0.000002,0.019592,0.000233,0.000004,0.005222,0.030535
131,0.005497,0.000022,0.000003,0.005412,0.000237,0.000005,0.006091,0.017269
132,0.005215,0.000021,0.000002,0.006343,0.000232,0.000004,0.005838,0.017658
133,0.006047,0.000023,0.000003,0.008494,0.000203,0.000004,0.004971,0.019749
134,0.005262,0.000020,0.000002,0.018769,0.000221,0.000004,0.005099,0.029380
135,0.004641,0.000019,0.000002,0.018810,0.000217,0.000004,0.004642,0.028337
136,0.005319,0.000021,0.000002,0.003015,0.000194,0.000003,0.005166,0.013724
137,0.005097,0.000019,0.000002,0.006049,0.000217,0.000004,0.004950,0.016341
138,0.005242,0.000021,0.000002,0.023389,0.000226,0.000004,0.005184,0.034070
139,0.005455,0.000022,0.000002,0.021356,0.000599,0.000016,0.008098,0.035554
140,0.005536,0.000024,0.000003,0.029825,0.000269,0.000006,0.005533,0.041199
141,0.005466,0.000022,0.000003,0.017928,0.000224,0.000004,0.005292,0.028941
142,0.005460,0.000022,0.000002,0.021198,0.000225,0.000004,0.005141,0.032056
143,0.005470,0.000022,0.000002,0.018611,0.000232,0.000004,0.004885,0.029230
144,0.005394,0.000023,0.000002,0.021129,0.000231,0.000004,0.005304,0.032092
145,0.005418,0.000024,0.000002,0.018017,0.000231,0.000004,0.005052,0.028753
146,0.006103,0.000025,0.000003,0.019359,0.000245,0.000004,0.005096,0.030838
147,0.005572,0.000022,0.000002,0.020632,0.000228,0.000004,0.005083,0.031547
148,0.004691,0.000021,0.000002,0.018712,0.000216,0.000004,0.004428,0.028078
149,0.005396,0.000022,0.000002,0.020602,0.000225,0.000004,0.005067,0.031321
150,0.007841,0.000026,0.000003,0.020309,0.000220,0.000004,0.005242,0.033646
151,0.006077,0.000025,0.000003,0.006520,0.000233,0.000005,0.005290,0.018156
152,0.005249,0.000021,0.000002,0.026223,0.000221,0.000004,0.005336,0.037059
153,0.005629,0.000023,0.000002,0.018867,0.000217,0.000004,0.005337,0.030082
154,0.005396,0.000025,0.000002,0.002888,0.000223,0.000004,0.006241,0.014782
155,0.005406,0.000028,0.000003,0.023794,0.000340,0.000004,0.005312,0.034895
156,0.004992,0.000022,0.000003,0.001708,0.000191,0.000003,0.004617,0.011540
157,0.005901,0.000025,0.000003,0.021157,0.000235,0.000004,0.005395,0.032723
158,0.005551,0.000024,0.000002,0.018891,0.000226,0.000004,0.005458,0.030161
159,0.006214,0.000028,0.000002,0.017722,0.000248,0.000004,0.005404,0.029625
160,0.005642,0.000026,0.000003,0.022570,0.000249,0.000004,0.005191,0.033688
161,0.005393,0.000022,0.000002,0.017526,0.000226,0.000004,0.005090,0.028267
162,0.005477,0.000022,0.000003,0.018186,0.000222,0.000003,0.005284,0.029201
163,0.006327,0.000027,0.000003,0.022420,0.000303,0.000004,0.005374,0.034461
164,0.006822,0.000029,0.000004,0.022244,0.000246,0.000004,0.005236,0.034588
165,0.005597,0.000026,0.000002,0.016124,0.000234,0.000004,0.005150,0.027141
166,0.005454,0.000023,0.000002,0.019659,0.000233,0.000004,0.005271,0.030650
167,0.010570,0.000028,0.000003,0.004497,0.000236,0.000005,0.006288,0.021630
168,0.005178,0.000021,0.000002,0.019057,0.000229,0.000003,0.005248,0.029744
169,0.005388,0.000025,0.000003,0.018499,0.000226,0.000004,0.005013,0.029160
170,0.005539,0.000024,0.000003,0.018532,0.000233,0.000004,0.005303,0.029640
171,0.005451,0.000023,0.000002,0.024712,0.000249,0.000005,0.005627,0.036074
172,0.005723,0.000021,0.000002,0.001912,0.000191,0.000003,0.004622,0.012476
173,0.005076,0.000020,0.000002,0.017634,0.000236,0.000004,0.005143,0.028118
174,0.005359,0.000023,0.000002,0.003433,0.000198,0.000003,0.005101,0.014123
175,0.005182,0.000021,0.000003,0.019374,0.000250,0.000005,0.004956,0.029795
176,0.008569,0.000023,0.000003,0.018877,0.000223,0.000004,0.004545,0.032247
177,0.005513,0.000024,0.000002,0.017740,0.000233,0.000004,0.005013,0.028532
178,0.005503,0.000022,0.000002,0.016767,0.000222,0.000004,0.005125,0.027649
179,0.005491,0.000022,0.000002,0.018286,0.000229,0.000004,0.004977,0.029014
180,0.006243,0.000024,0.000003,0.018987,0.000263,0.000004,0.005078,0.030604
181,0.005600,0.000026,0.000002,0.020555,0.000241,0.000004,0.005258,0.031691
182,0.005626,0.000023,0.000002,0.020552,0.000253,0.000004,0.005232,0.031695
183,0.005550,0.000023,0.000003,0.015953,0.000227,0.000004,0.005033,0.026794
184,0.005520,0.000022,0.000002,0.023331,0.000237,0.000004,0.005373,0.034495
185,0.005519,0.000023,0.000003,0.003442,0.000194,0.000004,0.005183,0.014370
186,0.004413,0.000019,0.000003,0.015320,0.000227,0.000004,0.004500,0.024490
187,0.005580,0.000022,0.000002,0.019150,0.000231,0.000004,0.005196,0.030189
188,0.004691,0.000020,0.000002,0.002051,0.000202,0.000004,0.004777,0.011750
189,0.004529,0.000019,0.000002,0.020354,0.000238,0.000004,0.004412,0.029561
190,0.006317,0.000025,0.000003,0.021040,0.000240,0.000004,0.004952,0.032584
191,0.005392,0.000022,0.000003,0.006014,0.000208,0.000004,0.004846,0.016492
128,0.011820,0.000050,0.000009,0.022701,0.000228,0.000004,0.000256,0.035070
129,0.005570,0.000023,0.000002,0.019621,0.000219,0.000004,0.000201,0.025642
130,0.005672,0.000023,0.000002,0.018573,0.000215,0.000004,0.000196,0.024686
131,0.005629,0.000023,0.000002,0.020433,0.000225,0.000003,0.000198,0.026516
132,0.005556,0.000023,0.000003,0.020558,0.000215,0.000004,0.000193,0.026553
133,0.005762,0.000023,0.000002,0.004486,0.000205,0.000003,0.000189,0.010674
134,0.005875,0.000025,0.000002,0.026898,0.000238,0.000004,0.000205,0.033249
135,0.005529,0.000025,0.000003,0.023217,0.000247,0.000004,0.000204,0.029233
136,0.006189,0.000030,0.000003,0.023360,0.000244,0.000004,0.000228,0.030062
137,0.004917,0.000022,0.000003,0.022595,0.000233,0.000004,0.000184,0.027960
138,0.006527,0.000030,0.000003,0.011771,0.000222,0.000004,0.000223,0.018782
139,0.005550,0.000021,0.000002,0.025615,0.000234,0.000004,0.000207,0.031635
140,0.005713,0.000026,0.000003,0.024765,0.000304,0.000005,0.000219,0.031035
141,0.005747,0.000025,0.000003,0.021775,0.000232,0.000004,0.000199,0.027987
142,0.005747,0.000024,0.000002,0.022327,0.000237,0.000004,0.000191,0.028533
143,0.005491,0.000022,0.000002,0.024061,0.000226,0.000004,0.000199,0.030005
144,0.006181,0.000025,0.000003,0.022044,0.000244,0.000004,0.000199,0.028701
145,0.005570,0.000022,0.000002,0.020598,0.000224,0.000003,0.000203,0.026624
146,0.008171,0.000026,0.000003,0.022763,0.000222,0.000004,0.000197,0.031387
147,0.008427,0.000031,0.000003,0.005478,0.000235,0.000004,0.000223,0.014402
148,0.005348,0.000023,0.000003,0.020685,0.000222,0.000004,0.000209,0.026496
149,0.005965,0.000034,0.000003,0.021803,0.000232,0.000004,0.000203,0.028246
150,0.005527,0.000023,0.000002,0.002658,0.000192,0.000003,0.000184,0.008591
151,0.005912,0.000031,0.000002,0.023760,0.000216,0.000004,0.000191,0.030118
152,0.006261,0.000026,0.000003,0.020182,0.000214,0.000004,0.000194,0.026886
153,0.004763,0.000020,0.000002,0.019252,0.000217,0.000004,0.000182,0.024441
154,0.004738,0.000019,0.000002,0.022777,0.000226,0.000004,0.000213,0.027981
155,0.005297,0.000022,0.000003,0.017913,0.000251,0.000004,0.000181,0.023672
156,0.005683,0.000031,0.000003,0.019271,0.000234,0.000004,0.000203,0.025431
157,0.005467,0.000022,0.000003,0.020043,0.000245,0.000004,0.000203,0.025989
158,0.006054,0.000026,0.000003,0.023169,0.000229,0.000004,0.000193,0.029681
159,0.004756,0.000019,0.000002,0.001976,0.000212,0.000004,0.000200,0.007170
160,0.006000,0.000024,0.000003,0.007758,0.000237,0.000004,0.000217,0.014245
161,0.005994,0.000023,0.000002,0.020260,0.000219,0.000004,0.000190,0.026694
162,0.005398,0.000024,0.000002,0.025382,0.000250,0.000004,0.000207,0.031269
163,0.005672,0.000022,0.000002,0.019816,0.000216,0.000004,0.000205,0.025940
164,0.004750,0.000020,0.000002,0.018668,0.000214,0.000004,0.000177,0.023837
165,0.006039,0.000028,0.000002,0.018020,0.000220,0.000003,0.000210,0.024525
166,0.004817,0.000022,0.000003,0.004074,0.000195,0.000004,0.000172,0.009290
167,0.005250,0.000023,0.000002,0.019212,0.000224,0.000004,0.000209,0.024927
168,0.005516,0.000028,0.000002,0.007116,0.000233,0.000004,0.000240,0.013140
169,0.005968,0.000024,0.000003,0.022043,0.000223,0.000004,0.000207,0.028474
170,0.005438,0.000022,0.000002,0.023841,0.000228,0.000003,0.000218,0.029753
171,0.006302,0.000028,0.000003,0.022564,0.000224,0.000004,0.000202,0.029329
172,0.005634,0.000023,0.000002,0.024156,0.000266,0.000005,0.000217,0.030305
173,0.005907,0.000026,0.000002,0.006138,0.000246,0.000004,0.000226,0.012552
174,0.006226,0.000027,0.000003,0.021080,0.000221,0.000004,0.000196,0.027759
175,0.005899,0.000027,0.000003,0.024726,0.000241,0.000004,0.000209,0.031113
176,0.006563,0.000030,0.000003,0.020966,0.000219,0.000004,0.000193,0.027980
177,0.005464,0.000021,0.000002,0.027322,0.000244,0.000003,0.000217,0.033275
178,0.004672,0.000022,0.000005,0.015883,0.000210,0.000004,0.000185,0.020981
179,0.005508,0.000023,0.000002,0.019805,0.000212,0.000004,0.000207,0.025762
180,0.005780,0.000025,0.000003,0.022079,0.000220,0.000004,0.000205,0.028318
181,0.005741,0.000021,0.000003,0.016807,0.000205,0.000003,0.000212,0.022994
182,0.005443,0.000020,0.000002,0.017187,0.000206,0.000004,0.000201,0.023065
183,0.004661,0.000018,0.000002,0.001674,0.000193,0.000004,0.000167,0.006721
184,0.004263,0.000018,0.000002,0.017705,0.000199,0.000004,0.000186,0.022379
185,0.005391,0.000022,0.000003,0.018962,0.000210,0.000003,0.000204,0.024796
186,0.005476,0.000021,0.000002,0.021311,0.000226,0.000003,0.000195,0.027236
187,0.005393,0.000022,0.000002,0.019844,0.000217,0.000004,0.000190,0.025673
188,0.006251,0.000027,0.000002,0.002587,0.000211,0.000004,0.000230,0.009314
189,0.004979,0.000020,0.000002,0.018122,0.000219,0.000004,0.000195,0.023543
190,0.005236,0.000022,0.000002,0.002124,0.000180,0.000004,0.000186,0.007756
191,0.005703,0.000022,0.000002,0.008959,0.000203,0.000003,0.000188,0.015082
128,0.014491,0.000048,0.000004,0.027965,0.000294,0.000004,0.000848,0.043658
129,0.007182,0.000028,0.000003,0.020844,0.000234,0.000004,0.000833,0.029132
130,0.010359,0.000027,0.000002,0.022727,0.000230,0.000004,0.000984,0.034337
131,0.005801,0.000025,0.000003,0.010381,0.000227,0.000004,0.000968,0.017412
132,0.008442,0.000021,0.000002,0.020580,0.000231,0.000004,0.000938,0.030221
133,0.009094,0.000024,0.000003,0.002038,0.000219,0.000004,0.001134,0.012519
134,0.011152,0.000024,0.000002,0.021896,0.000222,0.000003,0.001005,0.034308
135,0.010653,0.000027,0.000003,0.018674,0.000230,0.000004,0.000799,0.030392
136,0.010554,0.000022,0.000002,0.003680,0.000211,0.000003,0.000938,0.015413
137,0.010081,0.000024,0.000003,0.022175,0.000227,0.000004,0.001031,0.033547
138,0.009992,0.000021,0.000002,0.020032,0.000224,0.000003,0.006212,0.036489
139,0.011816,0.000028,0.000003,0.019380,0.000227,0.000004,0.001013,0.032473
140,0.010359,0.000022,0.000003,0.022553,0.000228,0.000004,0.000918,0.034089
141,0.004854,0.000019,0.000003,0.005743,0.000192,0.000004,0.000771,0.011588
142,0.011024,0.000025,0.000003,0.019752,0.000220,0.000004,0.000907,0.031938
143,0.005273,0.000022,0.000003,0.017168,0.000227,0.000004,0.000806,0.023506
144,0.005881,0.000026,0.000003,0.021778,0.000228,0.000004,0.000731,0.028653
145,0.006003,0.000022,0.000003,0.023545,0.000254,0.000004,0.000777,0.030610
146,0.005773,0.000023,0.000003,0.006024,0.000229,0.000004,0.000914,0.012972
147,0.006272,0.000032,0.000003,0.007969,0.000255,0.000005,0.000857,0.015395
148,0.005763,0.000020,0.000003,0.003527,0.000182,0.000004,0.000811,0.010312
149,0.004438,0.000018,0.000002,0.005999,0.000178,0.000004,0.000693,0.011334
150,0.010659,0.000023,0.000003,0.003203,0.000215,0.000004,0.000919,0.015027
151,0.005373,0.000019,0.000002,0.007873,0.000191,0.000004,0.000820,0.014284
152,0.005214,0.000019,0.000002,0.023861,0.000225,0.000003,0.000844,0.030170
153,0.005744,0.000022,0.000003,0.019162,0.000228,0.000003,0.000805,0.025970
154,0.004938,0.000019,0.000003,0.005521,0.000220,0.000004,0.000786,0.011492
155,0.007346,0.000018,0.000002,0.017279,0.000205,0.000003,0.000722,0.025579
156,0.019928,0.000028,0.000003,0.020826,0.000232,0.000004,0.000927,0.041951
157,0.010408,0.000027,0.000003,0.019477,0.000219,0.000004,0.000906,0.031047
158,0.009439,0.000019,0.000002,0.005478,0.000189,0.000004,0.000811,0.015945
159,0.005283,0.000020,0.000002,0.018623,0.000225,0.000004,0.000903,0.025064
160,0.006119,0.000025,0.000002,0.018677,0.000204,0.000004,0.000748,0.025782
161,0.005391,0.000022,0.000003,0.019374,0.000249,0.000004,0.000912,0.025957
162,0.011960,0.000028,0.000003,0.020741,0.000226,0.000004,0.000821,0.033786
163,0.011826,0.000030,0.000003,0.007198,0.000213,0.000004,0.000788,0.020065
164,0.004854,0.000020,0.000002,0.017275,0.000201,0.000004,0.000705,0.023063
165,0.005496,0.000022,0.000002,0.020141,0.000207,0.000004,0.000785,0.026660
166,0.005270,0.000020,0.000002,0.018556,0.000201,0.000004,0.000885,0.024939
167,0.005501,0.000021,0.000003,0.005990,0.000221,0.000004,0.000884,0.012625
168,0.011152,0.000023,0.000003,0.006953,0.000184,0.000004,0.000800,0.019119
169,0.010718,0.000023,0.000002,0.021567,0.000204,0.000003,0.000776,0.033297
170,0.005629,0.000019,0.000002,0.020031,0.000208,0.000004,0.000787,0.026683
171,0.004578,0.000019,0.000002,0.016082,0.000221,0.000004,0.000790,0.021700
172,0.005474,0.000020,0.000002,0.004989,0.000216,0.000004,0.000863,0.011572
173,0.005135,0.000021,0.000003,0.004730,0.000177,0.000004,0.000640,0.010711
174,0.005411,0.000020,0.000002,0.020631,0.000207,0.000003,0.000793,0.027070
175,0.005179,0.000022,0.000003,0.001635,0.000202,0.000004,0.000808,0.007856
176,0.009173,0.000020,0.000002,0.026921,0.000224,0.000004,0.000776,0.037122
177,0.004808,0.000019,0.000002,0.017385,0.000203,0.000003,0.000679,0.023102
178,0.008678,0.000019,0.000002,0.022512,0.000198,0.000003,0.000705,0.032120
179,0.005541,0.000021,0.000002,0.020049,0.000205,0.000003,0.000751,0.026576
180,0.011079,0.000025,0.000003,0.018918,0.000216,0.000004,0.000736,0.030983
181,0.006591,0.000024,0.000003,0.018212,0.000208,0.000004,0.000745,0.025788
182,0.005899,0.000021,0.000003,0.005664,0.000225,0.000004,0.000983,0.012802
183,0.006433,0.000026,0.000003,0.002897,0.000191,0.000003,0.000728,0.010284
184,0.004979,0.000019,0.000002,0.004104,0.000175,0.000004,0.000733,0.010017
185,0.004922,0.000020,0.000002,0.021906,0.000224,0.000004,0.000793,0.027874
186,0.005390,0.000020,0.000002,0.020551,0.000218,0.000004,0.000794,0.026982
187,0.007537,0.000025,0.000003,0.025685,0.000218,0.000004,0.000777,0.034251
188,0.005684,0.000028,0.000003,0.023587,0.000219,0.000003,0.000771,0.030298
189,0.010294,0.000023,0.000003,0.022810,0.000211,0.000004,0.000737,0.034083
190,0.005313,0.000020,0.000002,0.005637,0.000193,0.000004,0.000738,0.011909
191,0.004621,0.000018,0.000002,0.014316,0.000218,0.000003,0.000730,0.019912
0,0.534102,0.000205,0.000012,0.273710,0.000672,0.000009,0.002868,0.811593
0,0.943662,0.000057,0.000012,0.012501,0.000500,0.000007,0.000371,0.957117
0,0.921205,0.000063,0.000006,0.032982,0.000448,0.000005,0.001318,0.956039
0,0.925006,0.000056,0.000009,0.025995,0.000402,0.000006,0.042528,0.994035
0,0.817991,0.000050,0.000007,0.141349,0.000496,0.000007,0.040740,1.000661
0,0.932990,0.000086,0.000010,0.069429,0.000593,0.000007,0.002662,1.005794
0,0.952061,0.000058,0.000006,0.052781,0.000570,0.000010,0.001318,1.006814
1,0.035596,0.000088,0.000011,0.018865,0.000363,0.000005,0.000213,0.055143
1,0.010322,0.000072,0.000007,0.012217,0.000332,0.000005,0.001339,0.024299
0,0.932874,0.000069,0.000010,0.097104,0.000496,0.000006,0.001271,1.031845
0,0.957375,0.000061,0.000008,0.061424,0.000558,0.000009,0.013548,1.033005
1,0.007185,0.000033,0.000006,0.021694,0.000333,0.000005,0.006926,0.036188
2,0.006368,0.000037,0.000004,0.013814,0.000312,0.000004,0.000198,0.020739
0,0.928556,0.000040,0.000005,0.111629,0.000500,0.000006,0.002738,1.043488
0,0.939623,0.000086,0.000011,0.105372,0.000474,0.000008,0.000361,1.045943
0,0.932854,0.000064,0.000008,0.110459,0.000547,0.000006,0.008932,1.052895
0,0.944308,0.000054,0.000006,0.113257,0.000678,0.000007,0.001217,1.059544
1,0.008169,0.000058,0.000006,0.041410,0.000452,0.000009,0.000311,0.050419
1,0.005768,0.000036,0.000004,0.092622,0.000460,0.000009,0.005539,0.104448
0,0.953531,0.000083,0.000012,0.160213,0.000604,0.000012,0.000621,1.115082
1,0.006923,0.000046,0.000006,0.094644,0.000396,0.000005,0.003000,0.105028
2,0.005060,0.000033,0.000004,0.088933,0.000313,0.000005,0.001326,0.095680
0,0.946313,0.000059,0.000008,0.149843,0.000870,0.000012,0.021287,1.118412
2,0.005390,0.000034,0.000006,0.069626,0.000337,0.000006,0.006804,0.082209
1,0.006133,0.000044,0.000005,0.099136,0.000355,0.000005,0.000929,0.106612
0,0.957852,0.000050,0.000009,0.174166,0.000543,0.000008,0.001167,1.133803
1,0.006433,0.000042,0.000004,0.095256,0.000340,0.000005,0.001166,0.103253
3,0.007114,0.000036,0.000004,0.089001,0.000313,0.000005,0.000209,0.096684
3,0.007101,0.000035,0.000004,0.011794,0.000280,0.000004,0.001251,0.020474
1,0.007788,0.000070,0.000007,0.082841,0.000365,0.000004,0.007595,0.098676
1,0.007001,0.000044,0.000006,0.098086,0.000351,0.000005,0.002158,0.107657
1,0.007945,0.000049,0.000006,0.093347,0.000311,0.000004,0.000813,0.102481
1,0.006724,0.000048,0.000006,0.121936,0.000330,0.000005,0.007008,0.136067
1,0.007553,0.000050,0.000005,0.350457,0.000327,0.000006,0.001993,0.360396
2,0.005249,0.000032,0.000003,0.011260,0.000337,0.000005,0.017721,0.034616
2,0.008875,0.000032,0.000004,0.085699,0.000407,0.000007,0.004341,0.099371
2,0.006898,0.000039,0.000003,0.098486,0.000421,0.000009,0.000245,0.106105
2,0.006012,0.000037,0.000004,0.084354,0.000291,0.000004,0.002536,0.093243
3,0.006102,0.000033,0.000005,0.081146,0.000371,0.000004,0.006550,0.094218
1,0.007150,0.000042,0.000007,0.093844,0.000387,0.000009,0.000305,0.101748
1,0.008209,0.000052,0.000006,0.088943,0.000371,0.000005,0.010193,0.107788
4,0.006279,0.000035,0.000004,0.082781,0.000334,0.000004,0.000208,0.089648
2,0.006401,0.000050,0.000003,0.087106,0.000356,0.000004,0.001219,0.095145
2,0.006259,0.000033,0.000003,0.075243,0.000326,0.000004,0.002143,0.084018
4,0.005025,0.000030,0.000006,0.016642,0.000276,0.000004,0.005847,0.027835
2,0.006355,0.000033,0.000004,0.060862,0.000311,0.000005,0.008054,0.075631
2,0.006476,0.000050,0.000004,0.118305,0.000622,0.000015,0.002406,0.127884
2,0.008046,0.000044,0.000004,0.079266,0.000303,0.000004,0.000794,0.088465
1,0.007664,0.000072,0.000005,0.114852,0.000405,0.000007,0.000922,0.123933
4,0.006134,0.000034,0.000003,0.110506,0.000312,0.000007,0.001639,0.118641
2,0.008517,0.000036,0.000004,0.021761,0.000269,0.000004,0.009429,0.040024
3,0.007567,0.000044,0.000003,0.065862,0.000336,0.000004,0.006742,0.080564
3,0.006856,0.000039,0.000003,0.011971,0.000292,0.000004,0.000837,0.020006
3,0.006529,0.000030,0.000004,0.064954,0.000243,0.000004,0.007061,0.078833
3,0.005947,0.000036,0.000005,0.078032,0.000367,0.000006,0.003167,0.087566
5,0.006352,0.000032,0.000005,0.062976,0.000329,0.000005,0.000240,0.069941
4,0.006795,0.000036,0.000004,0.006879,0.000304,0.000005,0.004452,0.018484
3,0.006686,0.000038,0.000003,0.071762,0.000369,0.000004,0.001365,0.080233
3,0.006525,0.000044,0.000004,0.076419,0.000356,0.000005,0.002300,0.085661
5,0.006486,0.000032,0.000005,0.071435,0.000395,0.000005,0.007141,0.085507
6,0.006585,0.000041,0.000004,0.024965,0.000336,0.000004,0.000204,0.032142
5,0.006710,0.000042,0.000004,0.016428,0.000365,0.000005,0.004578,0.028138
3,0.005614,0.000030,0.000005,0.076706,0.000340,0.000005,0.008704,0.091410
2,0.010098,0.000045,0.000007,0.117066,0.000450,0.000009,0.000344,0.128023
3,0.006981,0.000044,0.000004,0.130346,0.000402,0.000009,0.000246,0.138035
7,0.006350,0.000039,0.000003,0.008803,0.000314,0.000005,0.000234,0.015750
6,0.006279,0.000037,0.000005,0.014677,0.000338,0.000004,0.007300,0.028644
3,0.005712,0.000037,0.000004,0.074020,0.000373,0.000004,0.011387,0.091541
4,0.010457,0.000039,0.000005,0.078553,0.000301,0.000005,0.000857,0.090221
4,0.015066,0.000042,0.000004,0.078820,0.000323,0.000004,0.007542,0.101806
2,0.007642,0.000047,0.000005,0.108656,0.000376,0.000009,0.000820,0.117557
3,0.006876,0.000048,0.000007,0.113084,0.000649,0.000019,0.001514,0.122203
4,0.006825,0.000045,0.000006,0.083463,0.000361,0.000006,0.003231,0.093944
5,0.006871,0.000039,0.000003,0.131381,0.000493,0.000011,0.002173,0.140978
4,0.007175,0.000038,0.000004,0.081556,0.000314,0.000004,0.001061,0.090158
3,0.007816,0.000058,0.000008,0.024335,0.000352,0.000007,0.000788,0.033368
6,0.005569,0.000034,0.000004,0.065190,0.000312,0.000004,0.003744,0.074863
4,0.008428,0.000037,0.000003,0.082878,0.000309,0.000005,0.001805,0.093470
4,0.006422,0.000035,0.000005,0.068523,0.000297,0.000005,0.007777,0.083070
7,0.006153,0.000035,0.000006,0.064689,0.000320,0.000004,0.006740,0.077953
7,0.005841,0.000036,0.000004,0.011251,0.000351,0.000005,0.004393,0.021887
8,0.006023,0.000032,0.000003,0.080653,0.000294,0.000004,0.000198,0.087210
4,0.006704,0.000043,0.000004,0.068632,0.000311,0.000004,0.010267,0.085971
5,0.004346,0.000033,0.000006,0.063598,0.000284,0.000004,0.006695,0.074971
5,0.012191,0.000033,0.000003,0.069663,0.000291,0.000004,0.000758,0.082947
3,0.008806,0.000049,0.000009,0.114620,0.000374,0.000008,0.000310,0.124178
2,0.014770,0.000036,0.000004,0.285276,0.000381,0.000007,0.001867,0.302347
5,0.005848,0.000034,0.000005,0.067904,0.000291,0.000004,0.010209,0.084302
6,0.005639,0.000034,0.000003,0.016575,0.000274,0.000004,0.000740,0.023273
5,0.007142,0.000038,0.000004,0.073747,0.000322,0.000005,0.001139,0.082403
5,0.006919,0.000036,0.000003,0.025305,0.000308,0.000005,0.009546,0.042128
5,0.005822,0.000034,0.000004,0.056155,0.000306,0.000006,0.008121,0.070454
4,0.008802,0.000051,0.000008,0.106538,0.000368,0.000007,0.001076,0.116859
6,0.006500,0.000045,0.000003,0.025703,0.000359,0.000006,0.008480,0.041099
5,0.007316,0.000040,0.000004,0.068480,0.000290,0.000005,0.001774,0.077913
6,0.007834,0.000043,0.000005,0.007534,0.000273,0.000005,0.002707,0.018405
6,0.008709,0.000040,0.000003,0.091257,0.000326,0.000005,0.001567,0.101914
4,0.006812,0.000044,0.000004,0.081593,0.000485,0.000009,0.001564,0.090517
9,0.006077,0.000033,0.000003,0.059455,0.000254,0.000004,0.000193,0.066020
8,0.005701,0.000036,0.000004,0.063001,0.000267,0.000005,0.003732,0.072752
6,0.006623,0.000030,0.000003,0.011307,0.000304,0.000005,0.001146,0.019421
6,0.004691,0.000028,0.000003,0.004594,0.000279,0.000004,0.007233,0.016839
8,0.007407,0.000034,0.000006,0.066718,0.000253,0.000004,0.004920,0.079347
5,0.006880,0.000030,0.000003,0.013198,0.000428,0.000008,0.001198,0.021751
7,0.005327,0.000034,0.000003,0.007383,0.000337,0.000006,0.008288,0.021383
7,0.005824,0.000035,0.000003,0.009841,0.000318,0.000006,0.001440,0.017473
9,0.005824,0.000033,0.000004,0.010522,0.000362,0.000005,0.003861,0.020616
7,0.005442,0.000033,0.000003,0.056736,0.000309,0.000004,0.000764,0.063294
9,0.009007,0.000057,0.000008,0.012808,0.000321,0.000005,0.006351,0.028563
10,0.005679,0.000035,0.000004,0.015542,0.000277,0.000004,0.003444,0.024989
7,0.005743,0.000032,0.000004,0.058667,0.000300,0.000004,0.002489,0.067243
6,0.007381,0.000035,0.000003,0.058554,0.000287,0.000005,0.001917,0.068186
6,0.006963,0.000033,0.000003,0.062330,0.000302,0.000005,0.009711,0.079350
4,0.011906,0.000048,0.000008,0.092904,0.000292,0.000005,0.000267,0.105432
4,0.010332,0.000048,0.000004,0.222050,0.000265,0.000004,0.000208,0.232915
10,0.005784,0.000034,0.000003,0.062717,0.000259,0.000004,0.000191,0.068994
10,0.005966,0.000086,0.000006,0.018765,0.000313,0.000005,0.006722,0.031868
7,0.005231,0.000030,0.000003,0.063917,0.000303,0.000005,0.000988,0.070481
8,0.006038,0.000033,0.000004,0.054574,0.000246,0.000004,0.001101,0.062004
7,0.005227,0.000029,0.000004,0.062373,0.000294,0.000004,0.007448,0.075386
8,0.006126,0.000035,0.000003,0.060388,0.000282,0.000005,0.006929,0.073772
11,0.005496,0.000032,0.000003,0.025071,0.000302,0.000004,0.003885,0.034799
11,0.006036,0.000033,0.000003,0.012649,0.000273,0.000004,0.000184,0.019183
5,0.012071,0.000040,0.000004,0.087510,0.000404,0.000008,0.000895,0.100940
6,0.008820,0.000057,0.000007,0.088425,0.000512,0.000011,0.001464,0.099304
8,0.007485,0.000037,0.000004,0.077333,0.000307,0.000004,0.000759,0.085931
3,0.012523,0.000047,0.000005,0.149383,0.000356,0.000008,0.007109,0.169438
6,0.012186,0.000052,0.000008,0.020097,0.000336,0.000004,0.000585,0.033270
8,0.005247,0.000033,0.000005,0.070337,0.000301,0.000004,0.002454,0.078384
7,0.004886,0.000031,0.000003,0.062896,0.000316,0.000004,0.009121,0.077265
7,0.005636,0.000032,0.000003,0.081148,0.000316,0.000004,0.002108,0.089253
7,0.005564,0.000038,0.000004,0.014487,0.000326,0.000005,0.000691,0.021118
11,0.006454,0.000038,0.000003,0.070102,0.000309,0.000004,0.006163,0.083080
9,0.005176,0.000037,0.000004,0.061660,0.000278,0.000004,0.005957,0.073122
9,0.007977,0.000036,0.000003,0.076968,0.000275,0.000004,0.001195,0.086462
8,0.005618,0.000031,0.000004,0.072790,0.000286,0.000004,0.007250,0.085989
5,0.009170,0.000046,0.000007,0.092553,0.000385,0.000008,0.000313,0.102487
12,0.006979,0.000041,0.000004,0.072330,0.000286,0.000004,0.000190,0.079836
12,0.005597,0.000036,0.000005,0.073522,0.000280,0.000004,0.003600,0.083048
8,0.006824,0.000039,0.000004,0.092504,0.000332,0.000007,0.001392,0.101108
8,0.008037,0.000036,0.000004,0.023222,0.000300,0.000004,0.009695,0.041304
5,0.007359,0.000040,0.000005,0.114821,0.000289,0.000006,0.000222,0.122746
10,0.007328,0.000032,0.000003,0.021101,0.000277,0.000004,0.001227,0.029977
9,0.005884,0.000035,0.000003,0.011443,0.000368,0.000006,0.001274,0.019020
9,0.006932,0.000037,0.000004,0.067618,0.000308,0.000004,0.000730,0.075635
7,0.010892,0.000042,0.000004,0.087104,0.000276,0.000005,0.000815,0.099140
9,0.006329,0.000040,0.000006,0.062941,0.000309,0.000004,0.002441,0.072074
8,0.008122,0.000043,0.000004,0.048866,0.000269,0.000005,0.000580,0.057892
8,0.006734,0.000032,0.000003,0.059838,0.000266,0.000004,0.001801,0.068683
10,0.006898,0.000032,0.000003,0.018167,0.000279,0.000004,0.000746,0.026132
12,0.008952,0.000035,0.000005,0.058336,0.000324,0.000004,0.006147,0.073809
10,0.005471,0.000033,0.000003,0.063003,0.000314,0.000004,0.006985,0.075818
13,0.008254,0.000036,0.000004,0.055625,0.000270,0.000004,0.003581,0.067778
6,0.007446,0.000031,0.000005,0.061399,0.000282,0.000005,0.000212,0.069382
13,0.008302,0.000039,0.000003,0.064593,0.000267,0.000004,0.000177,0.073386
9,0.006876,0.000036,0.000003,0.019158,0.000279,0.000004,0.001705,0.028065
9,0.005831,0.000036,0.000004,0.057427,0.000267,0.000004,0.010028,0.073605
11,0.005564,0.000033,0.000004,0.063912,0.000308,0.000004,0.001345,0.071176
10,0.006718,0.000041,0.000004,0.066745,0.000360,0.000004,0.001358,0.075236
9,0.005506,0.000031,0.000004,0.094540,0.000500,0.000011,0.014301,0.114905
8,0.006040,0.000032,0.000004,0.065141,0.000356,0.000007,0.000886,0.072470
14,0.007058,0.000035,0.000004,0.034177,0.000377,0.000004,0.004090,0.045753
10,0.005360,0.000029,0.000005,0.082510,0.000418,0.000009,0.004247,0.092587
9,0.005730,0.000037,0.000005,0.083288,0.000366,0.000004,0.000716,0.090151
11,0.004798,0.000030,0.000003,0.071961,0.000375,0.000004,0.000802,0.077977
6,0.008538,0.000059,0.000006,0.117111,0.000449,0.000009,0.000278,0.126454
15,0.007820,0.000041,0.000005,0.013149,0.000325,0.000005,0.004621,0.025973
10,0.006736,0.000039,0.000005,0.017512,0.000366,0.000004,0.000797,0.025464
7,0.006420,0.000037,0.000006,0.091232,0.000324,0.000004,0.000252,0.098278
14,0.008075,0.000038,0.000004,0.087409,0.000344,0.000004,0.000206,0.096083
11,0.005612,0.000030,0.000003,0.085575,0.000345,0.000005,0.009690,0.101269
13,0.006842,0.000030,0.000004,0.088786,0.000407,0.000006,0.010700,0.106787
11,0.007789,0.000049,0.000006,0.024609,0.000397,0.000008,0.003786,0.036652
10,0.008069,0.000045,0.000004,0.090194,0.000372,0.000005,0.002714,0.101409
11,0.006152,0.000040,0.000004,0.084802,0.000356,0.000004,0.001315,0.092680
11,0.006526,0.000038,0.000004,0.025268,0.000339,0.000004,0.000767,0.032951
12,0.008944,0.000039,0.000003,0.093257,0.000400,0.000005,0.001688,0.104342
15,0.007191,0.000040,0.000004,0.019544,0.000315,0.000004,0.000211,0.027312
10,0.010968,0.000036,0.000005,0.082727,0.000330,0.000006,0.009525,0.103605
9,0.007799,0.000036,0.000003,0.092771,0.000352,0.000004,0.001035,0.102006
12,0.012852,0.000052,0.000005,0.016564,0.000347,0.000004,0.011365,0.041194
12,0.007000,0.000048,0.000006,0.027552,0.000441,0.000012,0.003708,0.038777
16,0.007377,0.000043,0.000004,0.020024,0.000424,0.000005,0.000269,0.028150
12,0.006768,0.000040,0.000005,0.087948,0.000351,0.000004,0.000997,0.096118
12,0.009358,0.000047,0.000005,0.043920,0.000431,0.000007,0.001462,0.055236
8,0.005712,0.000036,0.000006,0.094559,0.000329,0.000004,0.000247,0.100896
16,0.005843,0.000034,0.000004,0.112305,0.000398,0.000004,0.004226,0.122821
4,0.009302,0.000040,0.000003,0.312017,0.000415,0.000007,0.001997,0.323787
10,0.007445,0.000043,0.000005,0.156086,0.000760,0.000015,0.024673,0.189037
13,0.009393,0.000042,0.000005,0.015115,0.000252,0.000004,0.000906,0.025722
7,0.009594,0.000073,0.000006,0.146363,0.000665,0.000011,0.000371,0.157089
14,0.006506,0.000040,0.000004,0.014177,0.000355,0.000004,0.001153,0.022245
14,0.011675,0.000045,0.000006,0.110092,0.000369,0.000005,0.009009,0.131210
12,0.006463,0.000038,0.000005,0.099199,0.000300,0.000004,0.000590,0.106602
13,0.008030,0.000037,0.000004,0.100261,0.000302,0.000004,0.001364,0.110008
11,0.010617,0.000046,0.000010,0.122000,0.000410,0.000005,0.002197,0.135291
11,0.007416,0.000039,0.000007,0.085701,0.000299,0.000004,0.008028,0.101500
10,0.007426,0.000067,0.000005,0.090124,0.000290,0.000005,0.000865,0.098785
13,0.008364,0.000054,0.000004,0.084683,0.000277,0.000004,0.006931,0.100324
15,0.005841,0.000034,0.000003,0.007709,0.000271,0.000004,0.001024,0.014891
13,0.007728,0.000044,0.000005,0.078162,0.000306,0.000004,0.000838,0.087091
17,0.007759,0.000044,0.000004,0.087206,0.000296,0.000004,0.000202,0.095519
13,0.007605,0.000042,0.000005,0.015412,0.000291,0.000004,0.000626,0.023987
14,0.006475,0.000033,0.000003,0.017081,0.000293,0.000004,0.001440,0.025335
16,0.006205,0.000035,0.000004,0.008478,0.000316,0.000005,0.001211,0.016259
12,0.009815,0.000042,0.000003,0.017473,0.000364,0.000007,0.003146,0.030858
13,0.015127,0.000055,0.000009,0.106214,0.000296,0.000004,0.002612,0.124323
15,0.009687,0.000041,0.000005,0.022982,0.000325,0.000004,0.006909,0.039958
9,0.015183,0.000043,0.000006,0.075382,0.000317,0.000004,0.000274,0.091211
17,0.013276,0.000042,0.000004,0.073747,0.000319,0.000004,0.005276,0.092674
11,0.007669,0.000054,0.000005,0.096403,0.000371,0.000004,0.013431,0.117950
12,0.006144,0.000035,0.000005,0.078260,0.000398,0.000005,0.009594,0.094452
8,0.009053,0.000046,0.000004,0.117403,0.000374,0.000005,0.000201,0.127091
14,0.006018,0.000039,0.000004,0.097738,0.000310,0.000004,0.000823,0.104939
18,0.006655,0.000040,0.000004,0.095457,0.000309,0.000004,0.000201,0.102673
14,0.005683,0.000031,0.000003,0.093995,0.000434,0.000005,0.008954,0.109111
15,0.006078,0.000035,0.000004,0.084909,0.000309,0.000004,0.001429,0.092774
17,0.005943,0.000033,0.000004,0.092573,0.000326,0.000006,0.001255,0.100142
11,0.007391,0.000034,0.000003,0.120427,0.000427,0.000007,0.001627,0.129924
14,0.006467,0.000036,0.000004,0.087517,0.000310,0.000005,0.002722,0.097067
13,0.007290,0.000049,0.000005,0.088916,0.000343,0.000005,0.002307,0.098921
14,0.006164,0.000034,0.000003,0.113581,0.000546,0.000012,0.001173,0.121521
16,0.006294,0.000038,0.000006,0.123499,0.000346,0.000004,0.007857,0.138051
18,0.011827,0.000044,0.000004,0.106927,0.000524,0.000007,0.005710,0.125050
14,0.005840,0.000039,0.000004,0.033305,0.000333,0.000005,0.002235,0.041766
12,0.006500,0.000042,0.000004,0.078194,0.000418,0.000006,0.013884,0.099052
13,0.007927,0.000048,0.000006,0.079214,0.000337,0.000005,0.008702,0.096245
10,0.007700,0.000047,0.000007,0.137333,0.000434,0.000008,0.000364,0.145899
15,0.007276,0.000037,0.000003,0.066760,0.000308,0.000005,0.007376,0.081769
16,0.007931,0.000038,0.000004,0.071420,0.000283,0.000004,0.001332,0.081015
12,0.012592,0.000065,0.000010,0.052533,0.000380,0.000006,0.001189,0.066782
9,0.006667,0.000054,0.000003,0.086431,0.000307,0.000004,0.000171,0.093639
19,0.006933,0.000040,0.000004,0.082284,0.000367,0.000008,0.000375,0.090018
19,0.006213,0.000039,0.000004,0.022745,0.000277,0.000004,0.003552,0.032838
15,0.008685,0.000039,0.000003,0.019366,0.000277,0.000004,0.001918,0.030297
15,0.007170,0.000041,0.000006,0.067542,0.000272,0.000004,0.002499,0.077538
5,0.005681,0.000051,0.000004,0.249440,0.000328,0.000007,0.002020,0.257535
15,0.008772,0.000043,0.000004,0.086931,0.000247,0.000004,0.000766,0.096771
17,0.008828,0.000036,0.000005,0.021605,0.000416,0.000007,0.006396,0.037298
18,0.007077,0.000044,0.000004,0.080302,0.000289,0.000004,0.001026,0.088748
14,0.005809,0.000032,0.000004,0.021742,0.000291,0.000004,0.007681,0.035569
16,0.005795,0.000032,0.000003,0.015921,0.000315,0.000004,0.007394,0.029468
16,0.006264,0.000034,0.000004,0.012753,0.000246,0.000004,0.000767,0.020074
13,0.007447,0.000061,0.000004,0.022230,0.000322,0.000007,0.001042,0.031118
19,0.004990,0.000035,0.000003,0.013858,0.000270,0.000005,0.000898,0.020064
18,0.007412,0.000035,0.000005,0.007630,0.004661,0.000010,0.006701,0.026459
13,0.005634,0.000041,0.000003,0.063501,0.000302,0.000005,0.012879,0.082371
17,0.006050,0.000033,0.000004,0.008240,0.000262,0.000004,0.013468,0.028068
11,0.010362,0.000036,0.000007,0.063657,0.000638,0.000011,0.000380,0.075098
20,0.005684,0.000038,0.000005,0.018242,0.000416,0.000006,0.001735,0.026132
10,0.005686,0.000036,0.000003,0.063699,0.000366,0.000005,0.000194,0.069992
16,0.005996,0.000036,0.000004,0.059938,0.000358,0.000005,0.002813,0.069156
16,0.010458,0.000084,0.000011,0.055605,0.000369,0.000005,0.003399,0.069936
15,0.017902,0.000066,0.000008,0.130142,0.000416,0.000007,0.000920,0.149466
20,0.007461,0.000037,0.000003,0.081433,0.000334,0.000004,0.004516,0.093795
17,0.005192,0.000031,0.000004,0.064786,0.000287,0.000003,0.000816,0.071124
12,0.016387,0.000089,0.000016,0.020751,0.000348,0.000008,0.000308,0.037910
14,0.008148,0.000053,0.000006,0.030077,0.000330,0.000004,0.011536,0.050163
15,0.005637,0.000030,0.000004,0.073785,0.000315,0.000005,0.008240,0.088022
17,0.006250,0.000034,0.000003,0.116022,0.000405,0.000008,0.001720,0.124447
21,0.006757,0.000034,0.000004,0.015264,0.000306,0.000004,0.003812,0.026188
19,0.006303,0.000034,0.000004,0.082334,0.000320,0.000004,0.006534,0.095540
20,0.009241,0.000042,0.000005,0.121872,0.000472,0.000009,0.000294,0.131939
21,0.007551,0.000043,0.000006,0.067077,0.000313,0.000005,0.001089,0.076090
11,0.007402,0.000040,0.000005,0.077335,0.000370,0.000005,0.000219,0.085379
17,0.007447,0.000037,0.000004,0.075489,0.000318,0.000005,0.002438,0.085743
17,0.005864,0.000036,0.000006,0.077111,0.000301,0.000005,0.002509,0.085836
18,0.012654,0.000035,0.000004,0.027958,0.000510,0.000008,0.002615,0.043792
14,0.009112,0.000038,0.000004,0.128216,0.000356,0.000008,0.001089,0.138829
18,0.008151,0.000033,0.000003,0.068127,0.000287,0.000003,0.000823,0.077431
15,0.006145,0.000037,0.000004,0.059134,0.000284,0.000004,0.010230,0.075844
12,0.008351,0.000035,0.000004,0.020285,0.000379,0.000005,0.000194,0.029255
18,0.005540,0.000031,0.000005,0.016904,0.000284,0.000004,0.003178,0.025951
16,0.006910,0.000037,0.000005,0.063335,0.000283,0.000004,0.009284,0.079864
18,0.010069,0.000057,0.000004,0.119505,0.000380,0.000008,0.011652,0.141683
16,0.009091,0.000045,0.000004,0.104516,0.000587,0.000010,0.001245,0.115502
22,0.006684,0.000040,0.000004,0.079241,0.000443,0.000005,0.005104,0.091529
16,0.007209,0.000047,0.000003,0.011193,0.000373,0.000004,0.015034,0.033871
17,0.006824,0.000042,0.000005,0.020746,0.000388,0.000008,0.008025,0.036044
20,0.011402,0.000041,0.000006,0.083099,0.000316,0.000005,0.007236,0.102113
13,0.007360,0.000043,0.000007,0.133081,0.000467,0.000011,0.000418,0.141393
22,0.008451,0.000046,0.000005,0.094869,0.000308,0.000006,0.001149,0.104838
23,0.006729,0.000053,0.000003,0.020913,0.000350,0.000005,0.004616,0.032677
21,0.012215,0.000050,0.000004,0.109357,0.000322,0.000005,0.000222,0.122179
18,0.006166,0.000033,0.000003,0.093713,0.000328,0.000005,0.002084,0.102337
18,0.010540,0.000047,0.000006,0.009535,0.000444,0.000007,0.007895,0.028482
14,0.008112,0.000041,0.000007,0.015355,0.000377,0.000007,0.000308,0.024211
19,0.007928,0.000044,0.000004,0.096043,0.000344,0.000004,0.001323,0.105694
13,0.006406,0.000051,0.000004,0.080780,0.000323,0.000004,0.000163,0.087734
19,0.007940,0.000044,0.000005,0.092192,0.000317,0.000005,0.000818,0.101323
19,0.009859,0.000044,0.000006,0.084616,0.000321,0.000004,0.002713,0.097566
15,0.007392,0.000046,0.000007,0.009274,0.000359,0.000007,0.000306,0.017395
20,0.007287,0.000032,0.000004,0.011840,0.000342,0.000005,0.001386,0.020900
15,0.009778,0.000041,0.000004,0.130288,0.000413,0.000007,0.001341,0.141881
17,0.005935,0.000038,0.000003,0.075237,0.000306,0.000004,0.010011,0.091538
20,0.006654,0.000044,0.000006,0.014156,0.000308,0.000004,0.002480,0.023656
17,0.009556,0.000046,0.000005,0.104897,0.000323,0.000006,0.000857,0.115695
21,0.011410,0.000045,0.000007,0.070479,0.000258,0.000004,0.006592,0.088802
24,0.005950,0.000033,0.000004,0.066250,0.000326,0.000004,0.004335,0.076906
23,0.012026,0.000053,0.000005,0.074263,0.000256,0.000004,0.000940,0.087551
22,0.008927,0.000038,0.000003,0.079220,0.000299,0.000005,0.000216,0.088711
19,0.006540,0.000037,0.000005,0.064419,0.000240,0.000004,0.011766,0.083016
19,0.006985,0.000040,0.000004,0.075251,0.000317,0.000006,0.002265,0.084873
14,0.006934,0.000037,0.000003,0.066381,0.000286,0.000005,0.000167,0.073815
19,0.008570,0.000052,0.000005,0.136254,0.000377,0.000007,0.011014,0.156286
6,0.009415,0.000037,0.000003,0.350845,0.000445,0.000009,0.002193,0.362952
20,0.005641,0.000046,0.000004,0.074991,0.000281,0.000004,0.000748,0.081720
15,0.006881,0.000033,0.000003,0.010990,0.000268,0.000004,0.000172,0.018352
20,0.006455,0.000047,0.000004,0.015414,0.000281,0.000004,0.001858,0.024067
21,0.006351,0.000035,0.000003,0.080144,0.000298,0.000004,0.001206,0.088046
16,0.005270,0.000033,0.000003,0.006434,0.000289,0.000004,0.000164,0.012198
18,0.005764,0.000034,0.000003,0.056371,0.000280,0.000004,0.010088,0.072551
20,0.006830,0.000038,0.000003,0.015109,0.000331,0.000007,0.008754,0.031078
21,0.005135,0.000033,0.000004,0.068751,0.000285,0.000004,0.002070,0.076288
22,0.006291,0.000032,0.000006,0.064360,0.000354,0.000005,0.008971,0.080028
16,0.007103,0.000055,0.000008,0.113825,0.000633,0.000011,0.000542,0.122182
25,0.009760,0.000036,0.000004,0.065917,0.000421,0.000004,0.005004,0.081152
24,0.007662,0.000046,0.000004,0.068025,0.000283,0.000004,0.001168,0.077199
23,0.008737,0.000036,0.000003,0.067415,0.000264,0.000004,0.000191,0.076653
18,0.010485,0.000055,0.000006,0.096196,0.000497,0.000008,0.000994,0.108246
16,0.010611,0.000042,0.000005,0.103446,0.008459,0.000006,0.000841,0.123414
20,0.005970,0.000035,0.000005,0.062624,0.000280,0.000004,0.019347,0.088270
22,0.010946,0.000036,0.000005,0.034077,0.000335,0.000005,0.002792,0.048201
21,0.005603,0.000033,0.000003,0.067238,0.000344,0.000006,0.002269,0.075499
21,0.007646,0.000033,0.000004,0.076077,0.000290,0.000005,0.000884,0.084943
25,0.014891,0.000046,0.000005,0.022018,0.000286,0.000004,0.001042,0.038296
22,0.009069,0.000045,0.000004,0.076310,0.000308,0.000004,0.001356,0.087101
21,0.007992,0.000043,0.000005,0.067564,0.000318,0.000004,0.007246,0.083176
17,0.006883,0.000064,0.000004,0.081946,0.000289,0.000004,0.000165,0.089357
19,0.006998,0.000052,0.000005,0.079359,0.000316,0.000004,0.010369,0.097108
17,0.005154,0.000031,0.000006,0.072127,0.000277,0.000004,0.000222,0.077823
23,0.007575,0.000038,0.000005,0.082746,0.000309,0.000004,0.006445,0.097128
26,0.021521,0.000047,0.000005,0.060534,0.000281,0.000004,0.004100,0.086498
24,0.009742,0.000039,0.000004,0.068552,0.000278,0.000004,0.000184,0.078804
17,0.007942,0.000033,0.000004,0.059425,0.000262,0.000004,0.000861,0.068534
23,0.008243,0.000036,0.000003,0.029284,0.000301,0.000004,0.001252,0.039127
22,0.005640,0.000032,0.000003,0.023558,0.000340,0.000005,0.007058,0.036639
18,0.006228,0.000032,0.000005,0.019911,0.000236,0.000003,0.000189,0.026606
22,0.006399,0.000037,0.000003,0.062779,0.000235,0.000004,0.001397,0.070858
22,0.005490,0.000033,0.000003,0.071525,0.000253,0.000004,0.000710,0.078020
20,0.005833,0.000037,0.000004,0.019217,0.000295,0.000004,0.017499,0.042893
19,0.010041,0.000050,0.000005,0.083749,0.000275,0.000004,0.000541,0.094668
23,0.009346,0.000037,0.000005,0.074381,0.000354,0.000007,0.003603,0.087738
21,0.007247,0.000035,0.000005,0.077093,0.000264,0.000004,0.008394,0.093047
18,0.005744,0.000027,0.000004,0.019094,0.000292,0.000005,0.001014,0.026185
26,0.006298,0.000040,0.000004,0.074522,0.000299,0.000006,0.001129,0.082304
25,0.009145,0.000035,0.000003,0.025294,0.000285,0.000005,0.000233,0.035003
24,0.017708,0.000046,0.000004,0.011855,0.000282,0.000005,0.001419,0.031325
26,0.006162,0.000033,0.000004,0.011930,0.000304,0.000004,0.000186,0.018626
18,0.008486,0.000039,0.000004,0.076067,0.000311,0.000005,0.000172,0.085085
21,0.008577,0.000053,0.000005,0.017744,0.000299,0.000004,0.010443,0.037132
22,0.005996,0.000035,0.000005,0.018187,0.000279,0.000004,0.007579,0.032090
24,0.006060,0.000035,0.000003,0.067074,0.000277,0.000004,0.006410,0.079867
27,0.006806,0.000035,0.000004,0.074881,0.000288,0.000004,0.004057,0.086083
23,0.005485,0.000030,0.000004,0.010560,0.000294,0.000005,0.008435,0.024819
23,0.008874,0.000037,0.000004,0.058586,0.000262,0.000005,0.000768,0.068539
23,0.014245,0.000041,0.000004,0.065999,0.000284,0.000004,0.007177,0.087758
19,0.006004,0.000030,0.000003,0.056789,0.000301,0.000004,0.000875,0.064010
22,0.007353,0.000037,0.000004,0.014870,0.000388,0.000006,0.013548,0.036213
23,0.006443,0.000037,0.000003,0.068462,0.000287,0.000004,0.001805,0.077045
20,0.007458,0.000040,0.000004,0.064784,0.000275,0.000004,0.000584,0.073152
19,0.008359,0.000041,0.000006,0.072640,0.000281,0.000005,0.000225,0.081558
24,0.008258,0.000034,0.000004,0.064336,0.000246,0.000004,0.014531,0.087417
25,0.006406,0.000037,0.000003,0.074716,0.000367,0.000007,0.001754,0.083296
27,0.005951,0.000033,0.000003,0.082575,0.000501,0.000008,0.001688,0.090765
28,0.007215,0.000033,0.000003,0.031998,0.000302,0.000005,0.004414,0.043976
27,0.005809,0.000034,0.000004,0.069996,0.000451,0.000006,0.000278,0.076582
24,0.005168,0.000031,0.000003,0.025612,0.000361,0.000004,0.010096,0.041283
20,0.018754,0.000044,0.000004,0.024530,0.000442,0.000005,0.001103,0.044887
23,0.019768,0.000052,0.000005,0.010381,0.000380,0.000006,0.016133,0.046731
19,0.007616,0.000041,0.000004,0.084289,0.000286,0.000004,0.000201,0.092443
25,0.005750,0.000035,0.000003,0.070009,0.000362,0.000004,0.007728,0.083897
21,0.006383,0.000035,0.000004,0.008548,0.000337,0.000004,0.001000,0.016316
24,0.005048,0.000029,0.000004,0.084202,0.000342,0.000004,0.008159,0.097798
21,0.020298,0.000049,0.000005,0.097833,0.000357,0.000006,0.001003,0.119556
24,0.019486,0.000041,0.000004,0.099805,0.000450,0.000006,0.002673,0.122473
25,0.010637,0.000044,0.000007,0.093826,0.000357,0.000005,0.003220,0.108103
26,0.008882,0.000053,0.000004,0.097240,0.000328,0.000005,0.001535,0.108053
20,0.015475,0.000043,0.000006,0.112875,0.000439,0.000006,0.000362,0.129210
28,0.008629,0.000042,0.000006,0.101108,0.000343,0.000005,0.001111,0.111249
29,0.010123,0.000047,0.000005,0.091312,0.000507,0.000010,0.006283,0.108296
20,0.006628,0.000041,0.000004,0.078983,0.000322,0.000004,0.000174,0.086159
24,0.011032,0.000044,0.000004,0.133973,0.000430,0.000005,0.000902,0.146394
28,0.011550,0.000047,0.000005,0.093568,0.000290,0.000005,0.000198,0.105665
26,0.006393,0.000039,0.000004,0.080278,0.000273,0.000004,0.006803,0.093801
25,0.006841,0.000038,0.000003,0.093956,0.000296,0.000005,0.007685,0.108832
24,0.005393,0.000033,0.000004,0.089883,0.000286,0.000004,0.010608,0.106219
25,0.007575,0.000040,0.000003,0.026846,0.000336,0.000004,0.002439,0.037249
26,0.006148,0.000038,0.000006,0.025199,0.000304,0.000004,0.002620,0.034325
26,0.007627,0.000036,0.000004,0.015495,0.000338,0.000005,0.007514,0.031026
25,0.006983,0.000050,0.000004,0.086292,0.000334,0.000004,0.008386,0.102059
22,0.008043,0.000046,0.000004,0.076655,0.004545,0.000007,0.000752,0.090057
25,0.010231,0.000048,0.000005,0.070118,0.000300,0.000004,0.000843,0.081553
29,0.006503,0.000038,0.000005,0.072833,0.000269,0.000004,0.000189,0.079844
21,0.005794,0.000037,0.000003,0.079850,0.000261,0.000004,0.000169,0.086119
26,0.006366,0.000047,0.000006,0.013366,0.000339,0.000005,0.014120,0.034254
27,0.007044,0.000038,0.000004,0.085535,0.000288,0.000005,0.001271,0.094188
7,0.014513,0.000058,0.000005,0.474503,0.000486,0.000009,0.002468,0.492056
29,0.006801,0.000048,0.000006,0.085971,0.000317,0.000004,0.001047,0.094200
25,0.006101,0.000036,0.000004,0.063173,0.000276,0.000004,0.010167,0.079767
21,0.008357,0.000042,0.000010,0.088773,0.000280,0.000004,0.000206,0.097675
30,0.011356,0.000051,0.000005,0.085097,0.000259,0.000004,0.003771,0.100550
27,0.006764,0.000035,0.000004,0.076863,0.000279,0.000005,0.005396,0.089352
26,0.006774,0.000039,0.000004,0.066954,0.000288,0.000004,0.002077,0.076146
27,0.006924,0.000042,0.000005,0.067967,0.000252,0.000004,0.002224,0.077423
22,0.012027,0.000051,0.000006,0.165096,0.000463,0.000008,0.001516,0.179171
22,0.006210,0.000037,0.000004,0.012191,0.000271,0.000004,0.000166,0.018885
27,0.006830,0.000042,0.000003,0.058962,0.000248,0.000004,0.006467,0.072561
26,0.005504,0.000028,0.000003,0.006603,0.000275,0.000005,0.010186,0.022609
31,0.006545,0.000033,0.000004,0.011399,0.000263,0.000005,0.004185,0.022438
23,0.009240,0.000036,0.000003,0.009637,0.000328,0.000004,0.000191,0.019441
28,0.005525,0.000031,0.000003,0.011288,0.000355,0.000005,0.008675,0.025889
27,0.005417,0.000032,0.000003,0.007503,0.000259,0.000005,0.011791,0.025017
23,0.006859,0.000036,0.000004,0.065503,0.000365,0.000005,0.000712,0.073488
26,0.007084,0.000035,0.000004,0.065958,0.000321,0.000005,0.000877,0.074289
27,0.005461,0.000033,0.000005,0.058946,0.000458,0.000004,0.008290,0.073203
30,0.006220,0.000030,0.000003,0.062071,0.000270,0.000004,0.000869,0.069469
28,0.005858,0.000033,0.000004,0.068101,0.000240,0.000004,0.005574,0.079818
30,0.005860,0.000033,0.000003,0.083231,0.000339,0.000006,0.000235,0.089709
28,0.005861,0.000034,0.000004,0.060345,0.000286,0.000004,0.005844,0.072385
22,0.007486,0.000030,0.000005,0.076876,0.000365,0.000006,0.000285,0.085055
27,0.006422,0.000035,0.000003,0.068751,0.000312,0.000005,0.002392,0.077925
28,0.006629,0.000040,0.000006,0.074733,0.000339,0.000004,0.002958,0.084713
23,0.010620,0.000059,0.000006,0.078304,0.000359,0.000005,0.001052,0.090410
32,0.006031,0.000033,0.000003,0.085502,0.000355,0.000004,0.004315,0.096250
24,0.006781,0.000041,0.000004,0.088709,0.000294,0.000004,0.000168,0.096003
29,0.009534,0.000034,0.000004,0.032911,0.000343,0.000004,0.006899,0.049736
24,0.007441,0.000038,0.000004,0.079614,0.000295,0.000005,0.000626,0.088027
29,0.006260,0.000038,0.000003,0.086809,0.000284,0.000004,0.007498,0.100904
28,0.006513,0.000039,0.000004,0.083237,0.000298,0.000004,0.010381,0.100482
28,0.005380,0.000039,0.000005,0.073430,0.000276,0.000004,0.008004,0.087143
27,0.011523,0.000057,0.000004,0.084209,0.000290,0.000004,0.000833,0.096924
23,0.009186,0.000036,0.000007,0.069871,0.000247,0.000004,0.000213,0.079567
30,0.006927,0.000033,0.000004,0.014207,0.000289,0.000004,0.005098,0.026566
31,0.006721,0.000040,0.000004,0.080847,0.000279,0.000005,0.009127,0.097030
31,0.010368,0.000044,0.000005,0.080417,0.000273,0.000004,0.000180,0.091293
29,0.007173,0.000043,0.000004,0.090979,0.000288,0.000005,0.001447,0.099946
28,0.007506,0.000049,0.000004,0.080393,0.000289,0.000004,0.002164,0.090415
29,0.008517,0.000040,0.000007,0.068909,0.000292,0.000004,0.002528,0.080301
24,0.007457,0.000040,0.000004,0.073161,0.000300,0.000005,0.000912,0.081883
29,0.014261,0.000036,0.000004,0.007607,0.000382,0.000007,0.009541,0.031844
31,0.005381,0.000034,0.000003,0.008715,0.000307,0.000005,0.006638,0.021089
29,0.005754,0.000031,0.000004,0.024511,0.000278,0.000005,0.010125,0.040713
30,0.006032,0.000032,0.000004,0.030718,0.000298,0.000004,0.007084,0.044178
29,0.006209,0.000035,0.000003,0.014006,0.000262,0.000004,0.002080,0.022604
33,0.006211,0.000035,0.000003,0.066456,0.000280,0.000004,0.004035,0.077029
25,0.005909,0.000031,0.000003,0.071181,0.000358,0.000004,0.000183,0.077673
30,0.005805,0.000035,0.000005,0.007771,0.000345,0.000005,0.008966,0.022942
25,0.006442,0.000040,0.000004,0.070937,0.000375,0.000005,0.000757,0.078563
32,0.005358,0.000031,0.000002,0.015444,0.000342,0.000005,0.008526,0.029716
34,0.005763,0.000036,0.000003,0.013241,0.000364,0.000004,0.005135,0.024554
26,0.007055,0.000038,0.000004,0.017172,0.000338,0.000005,0.000181,0.024796
24,0.005236,0.000035,0.000006,0.078797,0.000344,0.000005,0.000268,0.084693
28,0.013612,0.000041,0.000004,0.078580,0.000332,0.000004,0.000911,0.093489
26,0.007554,0.000047,0.000005,0.022952,0.000322,0.000005,0.000719,0.031607
32,0.006929,0.000044,0.000004,0.078890,0.000341,0.000005,0.000205,0.086420
30,0.005592,0.000032,0.000004,0.080854,0.000314,0.000004,0.001070,0.087874
30,0.006185,0.000035,0.000004,0.078575,0.000317,0.000004,0.002859,0.087986
32,0.010570,0.000217,0.000007,0.087078,0.000353,0.000005,0.001250,0.099485
27,0.005564,0.000035,0.000004,0.025051,0.000287,0.000004,0.000164,0.031111
27,0.005723,0.000039,0.000004,0.009960,0.000316,0.000004,0.000802,0.016851
25,0.006709,0.000036,0.000004,0.083448,0.000333,0.000005,0.000953,0.091492
30,0.006829,0.000039,0.000004,0.065959,0.000309,0.000004,0.002199,0.075349
25,0.008392,0.000038,0.000006,0.020724,0.000327,0.000005,0.000290,0.029783
31,0.004973,0.000029,0.000003,0.073672,0.000289,0.000005,0.007070,0.086047
30,0.005614,0.000032,0.000003,0.080336,0.000271,0.000005,0.012627,0.098895
32,0.006125,0.000048,0.000004,0.007713,0.000399,0.000006,0.008258,0.022561
31,0.007218,0.000042,0.000005,0.086152,0.000477,0.000005,0.009941,0.103848
33,0.006668,0.000039,0.000004,0.084836,0.000355,0.000005,0.008215,0.100130
33,0.006641,0.000039,0.000005,0.007499,0.000358,0.000005,0.008107,0.022662
29,0.010419,0.000037,0.000006,0.079405,0.000315,0.000003,0.000792,0.090981
8,0.012680,0.000078,0.000008,0.348077,0.000542,0.000008,0.002316,0.363722
31,0.009085,0.000039,0.000004,0.077103,0.000387,0.000005,0.001835,0.088465
33,0.006076,0.000038,0.000004,0.080869,0.000284,0.000005,0.000920,0.088200
28,0.008386,0.000040,0.000004,0.083997,0.000323,0.000005,0.000174,0.092931
35,0.006847,0.000038,0.000004,0.115672,0.000503,0.000007,0.010147,0.133224
28,0.005979,0.000037,0.000005,0.085355,0.000285,0.000004,0.000659,0.092329
33,0.009545,0.000050,0.000003,0.098421,0.000306,0.000004,0.000201,0.108535
31,0.006128,0.000036,0.000005,0.098726,0.000415,0.000006,0.003022,0.108345
31,0.006107,0.000040,0.000004,0.086751,0.000334,0.000005,0.002197,0.095442
26,0.007167,0.000040,0.000006,0.087846,0.000402,0.000008,0.000267,0.095740
26,0.005706,0.000037,0.000004,0.090208,0.000329,0.000006,0.001011,0.097306
31,0.006804,0.000053,0.000004,0.073810,0.000286,0.000005,0.012501,0.093470
29,0.006951,0.000039,0.000004,0.024275,0.000356,0.000005,0.000755,0.032389
32,0.007295,0.000042,0.000007,0.025783,0.000390,0.000005,0.003318,0.036845
32,0.008114,0.000043,0.000005,0.084597,0.000379,0.000005,0.010232,0.103381
27,0.007264,0.000039,0.000007,0.032004,0.000314,0.000004,0.000251,0.039885
34,0.006816,0.000046,0.000005,0.080608,0.000351,0.000005,0.008804,0.096640
27,0.011238,0.000041,0.000004,0.025895,0.000323,0.000004,0.000943,0.038450
34,0.006928,0.000040,0.000003,0.092669,0.000308,0.000005,0.008228,0.108187
30,0.016205,0.000040,0.000004,0.095276,0.000338,0.000004,0.000944,0.112815
29,0.006066,0.000043,0.000004,0.088667,0.000296,0.000004,0.000171,0.095255
35,0.006255,0.000035,0.000003,0.019254,0.000324,0.000004,0.012097,0.037978
32,0.012694,0.000043,0.000004,0.094619,0.000314,0.000004,0.001281,0.108965
34,0.009099,0.000038,0.000004,0.097053,0.000326,0.000005,0.001164,0.107696
34,0.010783,0.000045,0.000003,0.085036,0.000270,0.000004,0.000188,0.096333
33,0.006763,0.000041,0.000005,0.031629,0.000271,0.000004,0.007493,0.046212
36,0.008887,0.000047,0.000004,0.089184,0.000291,0.000004,0.003919,0.102340
32,0.010703,0.000050,0.000005,0.084987,0.000284,0.000007,0.002133,0.098175
30,0.007409,0.000044,0.000005,0.065949,0.000298,0.000004,0.000665,0.074377
31,0.005311,0.000032,0.000004,0.010647,0.000343,0.000005,0.000992,0.017339
32,0.007551,0.000045,0.000003,0.073069,0.000294,0.000004,0.010843,0.091818
33,0.006844,0.000038,0.000005,0.069665,0.000416,0.000005,0.003409,0.080390
37,0.006604,0.000041,0.000005,0.016338,0.000334,0.000004,0.005161,0.028494
33,0.008355,0.000040,0.000004,0.026276,0.000335,0.000005,0.001369,0.036389
28,0.007234,0.000038,0.000006,0.075025,0.000282,0.000004,0.000235,0.082827
34,0.006537,0.000052,0.000005,0.016728,0.000361,0.000005,0.010398,0.034090
28,0.005574,0.000035,0.000004,0.071747,0.000256,0.000004,0.000729,0.078352
31,0.006658,0.000044,0.000006,0.025152,0.000300,0.000004,0.000589,0.032757
34,0.005689,0.000034,0.000003,0.008007,0.000303,0.000005,0.001349,0.015396
35,0.006425,0.000033,0.000003,0.067167,0.000293,0.000005,0.007826,0.081757
34,0.008453,0.000036,0.000005,0.016010,0.000294,0.000005,0.002717,0.027525
36,0.006112,0.000033,0.000003,0.071144,0.000362,0.000004,0.006333,0.083997
35,0.007841,0.000038,0.000005,0.069817,0.000296,0.000004,0.000998,0.079004
35,0.006868,0.000044,0.000004,0.073383,0.000261,0.000004,0.000186,0.080752
30,0.007463,0.000049,0.000005,0.085521,0.000293,0.000005,0.000161,0.093498
33,0.009236,0.000044,0.000004,0.071159,0.000313,0.000005,0.002003,0.082769
36,0.006401,0.000036,0.000004,0.014993,0.000265,0.000004,0.011941,0.033649
32,0.007281,0.000038,0.000006,0.074860,0.000269,0.000004,0.000796,0.083258
33,0.007321,0.000043,0.000004,0.071740,0.000380,0.000006,0.010214,0.089713
38,0.006392,0.000036,0.000003,0.065046,0.000283,0.000004,0.004307,0.076077
36,0.007122,0.000035,0.000004,0.021358,0.000274,0.000004,0.000997,0.029798
36,0.006291,0.000036,0.000003,0.022997,0.000255,0.000004,0.000181,0.029769
29,0.006861,0.000047,0.000006,0.071033,0.000302,0.000004,0.000234,0.078489
35,0.005966,0.000033,0.000005,0.067072,0.000280,0.000004,0.007103,0.080467
32,0.013021,0.000033,0.000004,0.062490,0.000270,0.000004,0.000613,0.076438
35,0.005975,0.000035,0.000003,0.063783,0.000255,0.000004,0.001265,0.071325
29,0.009084,0.000040,0.000005,0.078055,0.000276,0.000005,0.000846,0.088313
35,0.004982,0.000031,0.000005,0.065981,0.000285,0.000004,0.002220,0.073512
9,0.007609,0.000027,0.000003,0.258158,0.000388,0.000005,0.001853,0.268048
37,0.005091,0.000033,0.000004,0.055908,0.000282,0.000004,0.005632,0.066959
36,0.006245,0.000036,0.000003,0.023539,0.000293,0.000004,0.001283,0.031407
34,0.005986,0.000039,0.000004,0.065526,0.000310,0.000006,0.001982,0.073857
31,0.008677,0.000038,0.000003,0.067724,0.000252,0.000004,0.000162,0.076862
36,0.007898,0.000039,0.000005,0.023085,0.000270,0.000004,0.002504,0.033809
37,0.005779,0.000031,0.000003,0.066483,0.000336,0.000004,0.006918,0.079559
33,0.007783,0.000032,0.000003,0.070322,0.000349,0.000004,0.001397,0.079898
38,0.008365,0.000033,0.000003,0.015759,0.000367,0.000004,0.010014,0.034552
34,0.006682,0.000034,0.000005,0.066745,0.000370,0.000004,0.015046,0.088891
33,0.005178,0.000033,0.000003,0.065334,0.000306,0.000004,0.000672,0.071534
30,0.008010,0.000037,0.000007,0.066291,0.000279,0.000004,0.000244,0.074873
35,0.006523,0.000041,0.000004,0.025178,0.000324,0.000007,0.002270,0.034354
36,0.005474,0.000033,0.000006,0.070942,0.000300,0.000004,0.009613,0.086381
37,0.006703,0.000038,0.000004,0.082994,0.000433,0.000005,0.000253,0.090434
37,0.007493,0.000033,0.000003,0.086978,0.000358,0.000005,0.001312,0.096188
39,0.007772,0.000051,0.000005,0.096328,0.000385,0.000005,0.005175,0.109728
30,0.013965,0.000032,0.000004,0.085844,0.000398,0.000005,0.000951,0.101204
34,0.009271,0.000045,0.000005,0.032603,0.000338,0.000004,0.000786,0.043056
35,0.012040,0.000049,0.000004,0.032834,0.000378,0.000004,0.014425,0.059741
37,0.006055,0.000032,0.000004,0.089054,0.000371,0.000004,0.001442,0.096968
32,0.008824,0.000049,0.000005,0.092968,0.000348,0.000004,0.000188,0.102389
38,0.007547,0.000044,0.000006,0.084897,0.000343,0.000004,0.008366,0.101215
37,0.007858,0.000042,0.000009,0.097798,0.000367,0.000005,0.003162,0.109246
39,0.005651,0.000036,0.000004,0.078514,0.000311,0.000004,0.006932,0.091459
34,0.008983,0.000048,0.000004,0.103947,0.000348,0.000004,0.000912,0.114250
36,0.006145,0.000038,0.000004,0.082936,0.000290,0.000006,0.002063,0.091487
39,0.006505,0.000040,0.000004,0.015086,0.000343,0.000006,0.008447,0.030436
31,0.007642,0.000044,0.000007,0.095625,0.000303,0.000004,0.000248,0.103876
36,0.007156,0.000038,0.000004,0.028144,0.000315,0.000004,0.012325,0.047995
38,0.010973,0.000048,0.000006,0.082096,0.000265,0.000005,0.000176,0.093572
40,0.007155,0.000036,0.000004,0.081595,0.000330,0.000005,0.004299,0.093430
37,0.007663,0.000042,0.000009,0.089379,0.000298,0.000004,0.008512,0.105913
35,0.013947,0.000038,0.000004,0.016557,0.000290,0.000005,0.000893,0.031737
38,0.010239,0.000051,0.000006,0.101083,0.000403,0.000004,0.001212,0.113005
31,0.011368,0.000038,0.000004,0.085091,0.000318,0.000004,0.000952,0.097780
35,0.007699,0.000041,0.000005,0.083036,0.000334,0.000004,0.000725,0.091848
38,0.007130,0.000039,0.000004,0.083386,0.000347,0.000005,0.001389,0.092305
33,0.007176,0.000040,0.000004,0.073752,0.000291,0.000004,0.000177,0.081447
10,0.011832,0.000041,0.000003,0.198910,0.000335,0.000006,0.002108,0.213242
39,0.010612,0.000054,0.000004,0.021769,0.000362,0.000004,0.001092,0.033902
38,0.006911,0.000037,0.000005,0.081830,0.000459,0.000008,0.002661,0.091916
40,0.008941,0.000042,0.000004,0.082153,0.000326,0.000004,0.006789,0.098263
37,0.009380,0.000038,0.000005,0.075714,0.000300,0.000006,0.002051,0.087499
39,0.006863,0.000038,0.000004,0.071175,0.000298,0.000004,0.000169,0.078553
32,0.006959,0.000039,0.000005,0.074132,0.000264,0.000004,0.000240,0.081646
40,0.006597,0.000040,0.000003,0.072449,0.000333,0.000005,0.007328,0.086759
36,0.006949,0.000037,0.000004,0.060622,0.000294,0.000004,0.000814,0.068727
37,0.007018,0.000037,0.000004,0.074410,0.000269,0.000004,0.010287,0.092037
41,0.009446,0.000039,0.000003,0.070984,0.000298,0.000005,0.003835,0.084615
38,0.006752,0.000060,0.000005,0.070697,0.000269,0.000004,0.007343,0.085136
36,0.005569,0.000035,0.000004,0.061910,0.000267,0.000004,0.000571,0.068364
32,0.012018,0.000038,0.000004,0.070830,0.000377,0.000005,0.001030,0.084304
33,0.008142,0.000038,0.000005,0.014864,0.000339,0.000004,0.000333,0.023730
41,0.008931,0.000033,0.000003,0.018382,0.000381,0.000004,0.008757,0.036498
40,0.006674,0.000031,0.000003,0.023798,0.000312,0.000004,0.000194,0.031018
34,0.005518,0.000034,0.000003,0.061954,0.000298,0.000005,0.000174,0.067989
39,0.006545,0.000035,0.000004,0.078108,0.000308,0.000004,0.001342,0.086350
34,0.006578,0.000036,0.000006,0.016804,0.000323,0.000005,0.000243,0.023998
40,0.006076,0.000040,0.000003,0.073421,0.000304,0.000004,0.001087,0.080940
11,0.009566,0.000044,0.000004,0.072057,0.000348,0.000007,0.002229,0.084261
39,0.007892,0.000044,0.000005,0.077170,0.000339,0.000004,0.002720,0.088179
38,0.006433,0.000034,0.000004,0.069384,0.000316,0.000007,0.002149,0.078331
33,0.018252,0.000034,0.000003,0.021670,0.000340,0.000004,0.000901,0.041207
41,0.006499,0.000039,0.000005,0.021292,0.000313,0.000005,0.001063,0.029221
41,0.007084,0.000032,0.000003,0.076151,0.000348,0.000004,0.007545,0.091173
37,0.005708,0.000031,0.000004,0.080248,0.000276,0.000004,0.001009,0.087286
42,0.007488,0.000040,0.000004,0.075374,0.000263,0.000004,0.004886,0.088067
40,0.007741,0.000039,0.000005,0.020193,0.000295,0.000005,0.002641,0.030926
37,0.009076,0.000044,0.000006,0.078777,0.000307,0.000004,0.000604,0.088822
38,0.010014,0.000044,0.000005,0.073082,0.000370,0.000004,0.011903,0.095438
35,0.014391,0.000038,0.000004,0.058568,0.000279,0.000004,0.000161,0.073446
39,0.005832,0.000037,0.000006,0.080100,0.000284,0.000004,0.007968,0.094236
41,0.008887,0.000041,0.000004,0.065698,0.000259,0.000004,0.000217,0.075113
42,0.006681,0.000035,0.000003,0.066737,0.000268,0.000004,0.006532,0.080268
42,0.006792,0.000035,0.000004,0.017257,0.000323,0.000004,0.001092,0.025511
35,0.005406,0.000033,0.000006,0.065850,0.000282,0.000004,0.000218,0.071801
42,0.009509,0.000034,0.000003,0.012307,0.000329,0.000005,0.007541,0.029734
40,0.007148,0.000039,0.000004,0.073403,0.000302,0.000005,0.001333,0.082238
39,0.005931,0.000039,0.000004,0.062008,0.000349,0.000006,0.002133,0.070476
34,0.009658,0.000046,0.000003,0.059183,0.000393,0.000005,0.000971,0.070270
43,0.006153,0.000036,0.000003,0.010677,0.000338,0.000004,0.010362,0.027583
41,0.006857,0.000039,0.000004,0.039959,0.000488,0.000005,0.001691,0.049050
43,0.005931,0.000035,0.000003,0.081616,0.000396,0.000004,0.005415,0.093408
41,0.006040,0.000036,0.000005,0.084765,0.000388,0.000005,0.003366,0.094612
38,0.005625,0.000033,0.000004,0.092344,0.000362,0.000004,0.000911,0.099287
40,0.005680,0.000040,0.000004,0.075190,0.000361,0.000006,0.011274,0.092566
35,0.011823,0.000046,0.000004,0.041936,0.000407,0.000004,0.001122,0.055348
36,0.006209,0.000036,0.000003,0.101895,0.000397,0.000004,0.000200,0.108747
42,0.006460,0.000039,0.000003,0.099742,0.000369,0.000005,0.000211,0.106833
39,0.006829,0.000033,0.000004,0.093459,0.000380,0.000005,0.013308,0.114026
38,0.007402,0.000113,0.000004,0.108785,0.000375,0.000004,0.000739,0.117427
43,0.005665,0.000036,0.000004,0.094805,0.000387,0.000004,0.008779,0.109688
43,0.005684,0.000035,0.000003,0.105422,0.000389,0.000005,0.001145,0.112691
36,0.007909,0.000033,0.000006,0.099699,0.000318,0.000004,0.000282,0.108255
44,0.007751,0.000044,0.000004,0.025839,0.000370,0.000005,0.005088,0.039108
40,0.011185,0.000049,0.000005,0.104238,0.000424,0.000007,0.003005,0.118926
44,0.007910,0.000049,0.000006,0.088304,0.000413,0.000006,0.011225,0.107924
12,0.009463,0.000038,0.000004,0.202347,0.000467,0.000010,0.005549,0.217884
42,0.008328,0.000047,0.000005,0.103402,0.000469,0.000005,0.001732,0.113995
45,0.008397,0.000069,0.000005,0.013020,0.000480,0.000006,0.011789,0.033774
41,0.007172,0.000039,0.000005,0.096612,0.000414,0.000005,0.012010,0.116268
42,0.009524,0.000048,0.000006,0.106797,0.000437,0.000005,0.003619,0.120444
39,0.009710,0.000038,0.000004,0.110974,0.000371,0.000004,0.000955,0.122061
43,0.012404,0.000038,0.000004,0.106119,0.000363,0.000005,0.000216,0.119151
37,0.007591,0.000046,0.000004,0.110794,0.000265,0.000004,0.000167,0.118873
37,0.006799,0.000049,0.000007,0.097414,0.000281,0.000005,0.000226,0.104781
36,0.012872,0.000045,0.000005,0.116561,0.000439,0.000004,0.001578,0.131507
39,0.010709,0.000045,0.000005,0.105387,0.000295,0.000004,0.000661,0.117110
45,0.006279,0.000039,0.000004,0.093044,0.000233,0.000004,0.004066,0.103674
46,0.008605,0.000053,0.000005,0.017715,0.000356,0.000005,0.009299,0.036044
44,0.008047,0.000043,0.000006,0.103625,0.000352,0.000006,0.007987,0.120071
44,0.010124,0.000049,0.000004,0.107426,0.000391,0.000007,0.001312,0.119319
40,0.010044,0.000061,0.000004,0.115019,0.000353,0.000005,0.012848,0.138342
41,0.010245,0.000045,0.000004,0.098863,0.000359,0.000006,0.002443,0.111974
37,0.022879,0.000043,0.000007,0.018065,0.000406,0.000004,0.001090,0.042502
43,0.008674,0.000051,0.000006,0.084302,0.000358,0.000004,0.001620,0.095022
42,0.011710,0.000054,0.000004,0.021220,0.000377,0.000006,0.002828,0.036209
40,0.006189,0.000039,0.000005,0.097721,0.000375,0.000005,0.000987,0.105326
43,0.006951,0.000039,0.000005,0.102477,0.000352,0.000004,0.003578,0.113417
42,0.007256,0.000038,0.000006,0.104353,0.000449,0.000006,0.011614,0.123730
38,0.007154,0.000038,0.000008,0.097167,0.000401,0.000006,0.000288,0.105066
43,0.008491,0.000053,0.000004,0.022136,0.000423,0.000007,0.003023,0.034145
38,0.008002,0.000044,0.000005,0.110964,0.000362,0.000005,0.000206,0.119590
44,0.006025,0.000035,0.000004,0.115112,0.000384,0.000005,0.000241,0.121808
40,0.008541,0.000053,0.000005,0.117006,0.000337,0.000004,0.000664,0.126614
46,0.010193,0.000043,0.000003,0.112302,0.000386,0.000004,0.004695,0.127633
47,0.007655,0.000052,0.000005,0.107000,0.000373,0.000005,0.014445,0.129542
45,0.009800,0.000051,0.000005,0.108693,0.000282,0.000004,0.001082,0.119923
41,0.010621,0.000046,0.000005,0.028647,0.000306,0.000004,0.000807,0.040441
44,0.006939,0.000039,0.000007,0.035043,0.000299,0.000004,0.002843,0.045183
45,0.008040,0.000043,0.000004,0.125633,0.000354,0.000004,0.009048,0.143135
38,0.011410,0.000042,0.000005,0.086869,0.000405,0.000005,0.001078,0.099819
41,0.010698,0.000050,0.000005,0.118751,0.000402,0.000005,0.016091,0.146012
44,0.010838,0.000052,0.000005,0.116562,0.000585,0.000011,0.001948,0.130011
46,0.009375,0.000042,0.000006,0.020056,0.000434,0.000005,0.011183,0.041109
39,0.008873,0.000038,0.000009,0.089443,0.000351,0.000005,0.000261,0.098981
43,0.007785,0.000049,0.000006,0.096352,0.000402,0.000005,0.010619,0.115227
44,0.008401,0.000044,0.000004,0.096541,0.000355,0.000007,0.002574,0.107936
39,0.008121,0.000037,0.000005,0.091727,0.000355,0.000004,0.000202,0.100454
41,0.011453,0.000045,0.000006,0.086724,0.000424,0.000006,0.000788,0.099451
13,0.009902,0.000040,0.000003,0.296640,0.000301,0.000004,0.002538,0.309432
45,0.010223,0.000044,0.000005,0.112148,0.000395,0.000004,0.000275,0.123097
46,0.008170,0.000044,0.000005,0.103945,0.000380,0.000005,0.001259,0.113814
42,0.007752,0.000049,0.000004,0.117880,0.000361,0.000004,0.001031,0.127087
47,0.008005,0.000046,0.000005,0.113677,0.000411,0.000005,0.005877,0.128036
48,0.007674,0.000043,0.000004,0.117637,0.000406,0.000005,0.009777,0.135553
45,0.010662,0.000045,0.000006,0.120429,0.000400,0.000005,0.003420,0.134978
39,0.011289,0.000048,0.000004,0.117229,0.000527,0.000005,0.001194,0.130303
47,0.007983,0.000046,0.000004,0.082261,0.000376,0.000004,0.009180,0.099864
42,0.007775,0.000049,0.000005,0.109771,0.000456,0.000006,0.015038,0.133111
45,0.007002,0.000041,0.000004,0.101249,0.000379,0.000004,0.001657,0.110343
45,0.013617,0.000053,0.000004,0.085123,0.000384,0.000005,0.002607,0.101801
40,0.008823,0.000041,0.000006,0.107476,0.000394,0.000006,0.000282,0.117031
48,0.008594,0.000046,0.000005,0.017139,0.000391,0.000005,0.006885,0.033069
44,0.007569,0.000042,0.000006,0.111804,0.000390,0.000006,0.012890,0.132717
40,0.013316,0.000050,0.000006,0.048343,0.000423,0.000006,0.001242,0.063390
40,0.022669,0.000044,0.000005,0.112564,0.000338,0.000005,0.000247,0.135876
46,0.008106,0.000058,0.000005,0.102050,0.000396,0.000005,0.000239,0.110859
49,0.007165,0.000040,0.000006,0.008833,0.000389,0.000006,0.008852,0.025300
43,0.008492,0.000041,0.000005,0.036028,0.000447,0.000006,0.015576,0.060605
42,0.007947,0.000043,0.000003,0.117865,0.000372,0.000005,0.000836,0.127077
41,0.010130,0.000045,0.000009,0.022976,0.000374,0.000004,0.000311,0.033853
45,0.007954,0.000043,0.000007,0.011211,0.000353,0.000004,0.009446,0.029027
47,0.008047,0.000047,0.000006,0.122180,0.000375,0.000005,0.001229,0.131894
43,0.011290,0.000042,0.000004,0.106840,0.000344,0.000004,0.000885,0.119412
42,0.007143,0.000038,0.000006,0.012574,0.000318,0.000007,0.000266,0.020356
48,0.009951,0.000048,0.000004,0.109760,0.000345,0.000005,0.004712,0.124832
46,0.009818,0.000044,0.000007,0.105191,0.000334,0.000004,0.002374,0.117778
49,0.006454,0.000041,0.000003,0.111698,0.000343,0.000005,0.007426,0.125976
44,0.008794,0.000031,0.000003,0.012673,0.000323,0.000005,0.000871,0.022703
48,0.009508,0.000037,0.000003,0.018112,0.000361,0.000005,0.001268,0.029300
46,0.010853,0.000048,0.000006,0.100528,0.000328,0.000004,0.001552,0.113325
46,0.006807,0.000044,0.000004,0.106338,0.000430,0.000007,0.003052,0.116694
47,0.009073,0.000040,0.000005,0.083356,0.000597,0.000010,0.000329,0.093416
50,0.007695,0.000040,0.000004,0.094780,0.000455,0.000005,0.010890,0.113882
43,0.008178,0.000045,0.000004,0.102358,0.000447,0.000006,0.000850,0.111896
41,0.008424,0.000043,0.000005,0.111691,0.000397,0.000005,0.000250,0.120817
47,0.007624,0.000047,0.000005,0.036955,0.000442,0.000010,0.002718,0.047812
48,0.011515,0.000068,0.000005,0.030366,0.000393,0.000006,0.000236,0.042592
44,0.008189,0.000042,0.000005,0.109346,0.000566,0.000014,0.016116,0.134286
41,0.023245,0.000042,0.000005,0.125471,0.000475,0.000004,0.001247,0.150500
46,0.006936,0.000038,0.000006,0.109758,0.000399,0.000005,0.012677,0.129828
43,0.006227,0.000037,0.000005,0.118555,0.000386,0.000006,0.000290,0.125509
49,0.005688,0.000033,0.000003,0.115435,0.000406,0.000006,0.013792,0.135373
42,0.008570,0.000048,0.000005,0.045055,0.000541,0.000009,0.000334,0.054565
50,0.006573,0.000038,0.000003,0.127036,0.000682,0.000013,0.018565,0.152921
48,0.011255,0.000055,0.000005,0.044536,0.000452,0.000007,0.002891,0.059208
49,0.017003,0.000046,0.000004,0.126634,0.000353,0.000004,0.001395,0.145446
44,0.013147,0.000044,0.000008,0.027946,0.000342,0.000005,0.000272,0.041767
47,0.006947,0.000043,0.000005,0.164676,0.000527,0.000009,0.002844,0.175058
45,0.009628,0.000041,0.000005,0.160284,0.000421,0.000006,0.001155,0.171546
51,0.010484,0.000056,0.000004,0.011035,0.000381,0.000005,0.009423,0.031396
14,0.008743,0.000034,0.000003,0.342474,0.000272,0.000005,0.001902,0.353438
51,0.009147,0.000048,0.000005,0.113517,0.000373,0.000005,0.009751,0.132856
52,0.007596,0.000044,0.000004,0.015255,0.000406,0.000004,0.009374,0.032688
49,0.008313,0.000050,0.000008,0.108067,0.000463,0.000004,0.000257,0.117165
42,0.024103,0.000052,0.000006,0.101263,0.000468,0.000007,0.001403,0.127311
44,0.009295,0.000049,0.000004,0.147825,0.000535,0.000011,0.001367,0.159093
50,0.008002,0.000054,0.000006,0.095688,0.000456,0.000006,0.005710,0.109929
47,0.015999,0.000067,0.000007,0.201195,0.000631,0.000010,0.003131,0.221052
45,0.008278,0.000049,0.000005,0.106834,0.008451,0.000006,0.018050,0.141684
47,0.007536,0.000030,0.000005,0.110715,0.000480,0.000008,0.013970,0.132752
43,0.007484,0.000045,0.000004,0.116130,0.000377,0.000004,0.000207,0.124255
43,0.013751,0.000039,0.000005,0.019327,0.000362,0.000005,0.001038,0.034534
45,0.007330,0.000044,0.000009,0.103718,0.000342,0.000004,0.000263,0.111711
49,0.010169,0.000033,0.000003,0.127813,0.000413,0.000009,0.002645,0.141093
50,0.007133,0.000037,0.000004,0.129642,0.000325,0.000005,0.001127,0.138281
48,0.010348,0.000045,0.000008,0.114886,0.000361,0.000005,0.003133,0.128793
46,0.013382,0.000044,0.000004,0.106967,0.000338,0.000005,0.000943,0.121688
52,0.006821,0.000035,0.000005,0.092484,0.000314,0.000004,0.016230,0.115903
53,0.007779,0.000047,0.000006,0.101676,0.000460,0.000005,0.010605,0.120587
51,0.007246,0.000043,0.000004,0.093327,0.000492,0.000005,0.005413,0.106540
50,0.010904,0.000050,0.000006,0.046549,0.000350,0.000006,0.002440,0.060314
46,0.006802,0.000046,0.000004,0.100289,0.000394,0.000005,0.012027,0.119573
48,0.007743,0.000046,0.000008,0.100647,0.000343,0.000005,0.009897,0.118696
15,0.010229,0.000032,0.000003,0.169268,0.000304,0.000005,0.001964,0.181810
45,0.010514,0.000057,0.000007,0.119464,0.000314,0.000005,0.000640,0.131006
48,0.011728,0.000056,0.000005,0.118620,0.000369,0.000005,0.001880,0.132670
44,0.008501,0.000038,0.000005,0.103126,0.000306,0.000004,0.000199,0.112181
53,0.009317,0.000045,0.000005,0.032974,0.000340,0.000005,0.008713,0.051405
46,0.007111,0.000047,0.000008,0.104335,0.000298,0.000004,0.000234,0.112038
44,0.017544,0.000048,0.000006,0.092741,0.004356,0.000008,0.001418,0.116127
49,0.006779,0.000037,0.000006,0.012867,0.000319,0.000004,0.008659,0.028678
47,0.013470,0.000058,0.000005,0.095229,0.000309,0.000004,0.000867,0.109947
49,0.008425,0.000039,0.000005,0.106374,0.000378,0.000004,0.003615,0.118851
46,0.007817,0.000043,0.000004,0.040049,0.000419,0.000006,0.000864,0.049205
51,0.019803,0.000047,0.000004,0.109320,0.000395,0.000004,0.001291,0.130868
45,0.023253,0.000032,0.000004,0.017051,0.000297,0.000005,0.000915,0.041564
52,0.009209,0.000044,0.000005,0.093463,0.000332,0.000004,0.004624,0.107687
54,0.008067,0.000045,0.000004,0.095988,0.000358,0.000005,0.008466,0.112938
47,0.006865,0.000044,0.000005,0.077866,0.000329,0.000004,0.010809,0.095932
52,0.009627,0.000037,0.000005,0.022550,0.000340,0.000005,0.001341,0.033910
54,0.006446,0.000033,0.000003,0.077202,0.000357,0.000004,0.007937,0.091990
49,0.007578,0.000039,0.000004,0.091124,0.000331,0.000005,0.001438,0.100522
45,0.009394,0.000037,0.000003,0.089642,0.000302,0.000004,0.000173,0.099557
51,0.009193,0.000041,0.000004,0.105135,0.000374,0.000005,0.002237,0.116995
50,0.007266,0.000037,0.000006,0.071557,0.000324,0.000004,0.008731,0.087932
47,0.009239,0.000044,0.000008,0.102991,0.000351,0.000004,0.000262,0.112902
48,0.011229,0.000045,0.000004,0.090933,0.000406,0.000005,0.001072,0.103702
47,0.007683,0.000039,0.000006,0.088551,0.000339,0.000005,0.000754,0.097381
50,0.011602,0.000044,0.000005,0.089866,0.000350,0.000005,0.002802,0.104680
46,0.008642,0.000041,0.000004,0.086398,0.000341,0.000005,0.001049,0.096484
48,0.017365,0.000040,0.000007,0.019687,0.000305,0.000005,0.000229,0.037639
53,0.006484,0.000040,0.000004,0.085069,0.000339,0.000005,0.004555,0.096502
53,0.006605,0.000034,0.000003,0.074365,0.000308,0.000004,0.001201,0.082527
55,0.006464,0.000039,0.000004,0.079148,0.000306,0.000005,0.007778,0.093753
48,0.006353,0.000092,0.000005,0.069958,0.000283,0.000004,0.011057,0.087756
46,0.006319,0.000038,0.000004,0.066053,0.000264,0.000004,0.000149,0.072831
49,0.009801,0.000037,0.000003,0.021208,0.000321,0.000004,0.000756,0.032134
55,0.006804,0.000034,0.000003,0.071064,0.000293,0.000004,0.007386,0.085597
50,0.007418,0.000045,0.000004,0.073111,0.000256,0.000004,0.001180,0.082024
52,0.009746,0.000045,0.000006,0.067441,0.000251,0.000005,0.001850,0.079348
51,0.007012,0.000043,0.000006,0.064665,0.000259,0.000004,0.008004,0.080001
47,0.013781,0.000039,0.000005,0.023334,0.000363,0.000005,0.001103,0.038634
50,0.010264,0.000049,0.000006,0.009149,0.000336,0.000004,0.000972,0.020783
54,0.006132,0.000038,0.000004,0.017709,0.000368,0.000004,0.005574,0.029835
16,0.011186,0.000037,0.000003,0.212985,0.000301,0.000004,0.001819,0.226339
56,0.008105,0.000049,0.000006,0.018495,0.000333,0.000004,0.007407,0.034404
52,0.007752,0.000043,0.000008,0.010824,0.000338,0.000005,0.008817,0.027792
47,0.012782,0.000051,0.000004,0.025008,0.000316,0.000004,0.000189,0.038355
48,0.006861,0.000038,0.000004,0.086847,0.000326,0.000005,0.000731,0.094816
51,0.006314,0.000036,0.000005,0.079218,0.000351,0.000005,0.002973,0.088910
51,0.015173,0.000030,0.000003,0.015754,0.000452,0.000004,0.001024,0.032448
51,0.006888,0.000040,0.000004,0.082682,0.000461,0.000006,0.001611,0.091699
53,0.007761,0.000043,0.000004,0.091906,0.000355,0.000007,0.002608,0.102693
54,0.008801,0.000048,0.000005,0.100455,0.000339,0.000004,0.001290,0.110951
56,0.009458,0.000052,0.000004,0.095103,0.000403,0.000006,0.009640,0.114671
49,0.006208,0.000045,0.000005,0.099716,0.000366,0.000005,0.014357,0.120710
57,0.005893,0.000037,0.000003,0.065662,0.000357,0.000004,0.008387,0.080352
52,0.008396,0.000048,0.000005,0.017008,0.000353,0.000006,0.001608,0.027432
48,0.005904,0.000032,0.000003,0.083581,0.000426,0.000007,0.000223,0.090178
49,0.017016,0.000041,0.000008,0.139074,0.000516,0.000010,0.000355,0.157027
55,0.006229,0.000050,0.000005,0.094137,0.000371,0.000004,0.005101,0.105904
53,0.006640,0.000031,0.000004,0.097529,0.000313,0.000005,0.014329,0.118863
50,0.007063,0.000044,0.000003,0.015361,0.000298,0.000004,0.017383,0.040166
17,0.016431,0.000041,0.000003,0.108211,0.000346,0.000005,0.001965,0.127006
53,0.007743,0.000044,0.000004,0.034537,0.000413,0.000005,0.001655,0.044407
52,0.009539,0.000051,0.000005,0.094300,0.000501,0.000005,0.000947,0.105360
49,0.008278,0.000048,0.000006,0.108107,0.000382,0.000004,0.000775,0.117605
48,0.012672,0.000040,0.000004,0.130219,0.000382,0.000004,0.001088,0.144416
52,0.008758,0.000044,0.000006,0.122532,0.000387,0.000005,0.002792,0.134532
51,0.006858,0.000042,0.000005,0.014164,0.000420,0.000005,0.013782,0.035284
54,0.007681,0.000046,0.000008,0.019803,0.000416,0.000005,0.011434,0.039402
49,0.011679,0.000042,0.000005,0.019533,0.000444,0.000005,0.001217,0.032932
53,0.012511,0.000040,0.000007,0.021341,0.000395,0.000005,0.001083,0.035389
50,0.010319,0.000040,0.000009,0.038921,0.000360,0.000005,0.000736,0.050395
57,0.006305,0.000037,0.000006,0.102114,0.000405,0.000008,0.009727,0.118614
55,0.009669,0.000041,0.000005,0.115169,0.000313,0.000004,0.001292,0.126499
54,0.010014,0.000042,0.000005,0.116067,0.000354,0.000006,0.002659,0.129152
49,0.010001,0.000041,0.000004,0.101954,0.000225,0.000004,0.000156,0.112387
56,0.010740,0.000039,0.000004,0.098636,0.000341,0.000004,0.006075,0.115848
58,0.008019,0.000040,0.000004,0.124971,0.000383,0.000007,0.008855,0.142289
50,0.015380,0.000066,0.000006,0.580220,0.000795,0.000017,0.000753,0.597243
50,0.029695,0.000041,0.000007,0.098499,0.000314,0.000004,0.000226,0.128788
58,0.015365,0.000044,0.000005,0.013923,0.000365,0.000008,0.008017,0.037734
57,0.009140,0.000041,0.000003,0.022979,0.000407,0.000004,0.005721,0.038305
52,0.007982,0.000058,0.000006,0.083057,0.000343,0.000005,0.014067,0.105523
50,0.011797,0.000048,0.000005,0.083684,0.000347,0.000005,0.001020,0.096910
54,0.008938,0.000046,0.000005,0.129728,0.000355,0.000005,0.001505,0.140589
53,0.008255,0.000052,0.000007,0.106384,0.000357,0.000005,0.003074,0.118141
54,0.010741,0.000038,0.000004,0.094416,0.000397,0.000003,0.001038,0.106643
51,0.007035,0.000031,0.000004,0.080457,0.000357,0.000004,0.000748,0.088640
18,0.009368,0.000032,0.000003,0.150287,0.000300,0.000005,0.002176,0.162175
55,0.008378,0.000048,0.000010,0.105384,0.000370,0.000004,0.011895,0.126105
50,0.005695,0.000032,0.000003,0.097571,0.000324,0.000005,0.000221,0.103853
55,0.007943,0.000039,0.000005,0.026692,0.000390,0.000006,0.001714,0.036795
55,0.011777,0.000057,0.000006,0.104760,0.000347,0.000006,0.002474,0.119433
56,0.019430,0.000036,0.000004,0.103861,0.000340,0.000005,0.001384,0.125066
52,0.010211,0.000047,0.000006,0.027240,0.000307,0.000004,0.000708,0.038527
51,0.008435,0.000040,0.000004,0.089272,0.000301,0.000005,0.000208,0.098265
59,0.007872,0.000035,0.000004,0.095066,0.000281,0.000005,0.007286,0.110556
59,0.006264,0.000036,0.000004,0.088047,0.000327,0.000007,0.007868,0.102559
51,0.024585,0.000045,0.000008,0.089496,0.000298,0.000004,0.000218,0.114657
57,0.006239,0.000034,0.000003,0.014828,0.000330,0.000005,0.001228,0.022672
56,0.007013,0.000035,0.000004,0.022234,0.000326,0.000006,0.002285,0.031908
53,0.006062,0.000035,0.000004,0.026504,0.000350,0.000004,0.000722,0.033685
58,0.006939,0.000039,0.000004,0.093758,0.000333,0.000005,0.005114,0.106202
53,0.006074,0.000038,0.000004,0.087826,0.000366,0.000004,0.013845,0.108168
51,0.010666,0.000045,0.000004,0.095372,0.000400,0.000005,0.001068,0.107565
60,0.006117,0.000036,0.000003,0.029326,0.000461,0.000010,0.009252,0.045212
55,0.011778,0.000039,0.000005,0.092101,0.000406,0.000004,0.000916,0.105253
52,0.024526,0.000049,0.000009,0.019233,0.000298,0.000004,0.000246,0.044368
54,0.009529,0.000043,0.000007,0.105082,0.000313,0.000004,0.002491,0.117474
56,0.006420,0.000036,0.000005,0.079351,0.000263,0.000004,0.001060,0.087142
51,0.009705,0.000043,0.000004,0.087134,0.000344,0.000005,0.000183,0.097420
56,0.015936,0.000042,0.000006,0.089247,0.000290,0.000004,0.019534,0.125068
53,0.017581,0.000034,0.000007,0.009335,0.000341,0.000004,0.000240,0.027545
52,0.006806,0.000040,0.000004,0.086986,0.000317,0.000004,0.000216,0.094377
58,0.006427,0.000037,0.000004,0.069701,0.000268,0.000005,0.001141,0.077589
56,0.010851,0.000037,0.000004,0.024660,0.000307,0.000004,0.000819,0.036686
60,0.007681,0.000031,0.000004,0.081645,0.000310,0.000005,0.006339,0.096020
57,0.007016,0.000052,0.000005,0.081141,0.000293,0.000005,0.002271,0.090791
57,0.007003,0.000032,0.000003,0.012049,0.000307,0.000004,0.000767,0.020169
53,0.007745,0.000041,0.000003,0.017348,0.000276,0.000004,0.000221,0.025640
54,0.009301,0.000048,0.000005,0.080229,0.000257,0.000004,0.000606,0.090453
59,0.011044,0.000042,0.000004,0.075864,0.000284,0.000004,0.004014,0.091262
59,0.006563,0.000038,0.000004,0.020827,0.000322,0.000006,0.001081,0.028844
54,0.008418,0.000040,0.000004,0.074124,0.000301,0.000004,0.010602,0.093499
52,0.017749,0.000035,0.000004,0.074891,0.000263,0.000004,0.000807,0.093758
55,0.007288,0.000043,0.000005,0.067769,0.000287,0.000005,0.002617,0.078019
61,0.006625,0.000038,0.000003,0.077501,0.000329,0.000006,0.007432,0.091939
57,0.008827,0.000037,0.000004,0.077747,0.000332,0.000004,0.001416,0.088373
52,0.009203,0.000052,0.000006,0.075485,0.000274,0.000004,0.000164,0.085190
57,0.006341,0.000031,0.000005,0.072825,0.000314,0.000004,0.012480,0.092007
54,0.018746,0.000034,0.000007,0.068681,0.000342,0.000005,0.000247,0.088066
54,0.005982,0.000035,0.000004,0.066781,0.000315,0.000004,0.000227,0.073350
61,0.008057,0.000036,0.000003,0.081408,0.000314,0.000004,0.007175,0.097004
58,0.007977,0.000034,0.000004,0.068884,0.000274,0.000004,0.000768,0.077949
60,0.006412,0.000034,0.000003,0.061361,0.000285,0.000004,0.004166,0.072270
58,0.006630,0.000035,0.000003,0.076478,0.000264,0.000006,0.001902,0.085324
55,0.008114,0.000041,0.000004,0.073903,0.000285,0.000004,0.000608,0.082961
60,0.006722,0.000042,0.000004,0.074671,0.000308,0.000005,0.001056,0.082812
55,0.016250,0.000033,0.000006,0.019170,0.000280,0.000004,0.000194,0.035938
62,0.005610,0.000039,0.000004,0.007754,0.000309,0.000006,0.006926,0.020652
53,0.018711,0.000037,0.000004,0.069586,0.000300,0.000004,0.000858,0.089504
56,0.006625,0.000043,0.000005,0.077325,0.000290,0.000004,0.002596,0.086893
55,0.006486,0.000034,0.000003,0.076561,0.000300,0.000005,0.010662,0.094057
62,0.008260,0.000039,0.000004,0.072809,0.000286,0.000004,0.006811,0.088218
58,0.011799,0.000036,0.000003,0.065671,0.000268,0.000004,0.001142,0.078929
58,0.006831,0.000041,0.000005,0.053731,0.000287,0.000005,0.007875,0.068781
63,0.005130,0.000069,0.000004,0.006989,0.000302,0.000005,0.006233,0.018736
53,0.005813,0.000037,0.000004,0.070338,0.000281,0.000004,0.000190,0.076669
56,0.006166,0.000037,0.000004,0.008928,0.000293,0.000004,0.010679,0.026118
54,0.007765,0.000032,0.000004,0.024684,0.000293,0.000004,0.000807,0.033592
55,0.007283,0.000030,0.000003,0.061937,0.000274,0.000004,0.000194,0.069727
54,0.007274,0.000035,0.000004,0.014272,0.000265,0.000004,0.000158,0.022014
59,0.007054,0.000035,0.000003,0.069296,0.000310,0.000005,0.000896,0.077604
61,0.006476,0.000040,0.000004,0.065813,0.000292,0.000004,0.004100,0.076734
59,0.006623,0.000036,0.000004,0.068319,0.000274,0.000006,0.001917,0.077184
56,0.006539,0.000034,0.000004,0.072221,0.000297,0.000004,0.000597,0.079698
61,0.005594,0.000033,0.000004,0.071755,0.000305,0.000004,0.000953,0.078654
56,0.023426,0.000031,0.000005,0.058561,0.000247,0.000004,0.000188,0.082464
56,0.005897,0.000032,0.000003,0.021923,0.000249,0.000004,0.000242,0.028353
57,0.006704,0.000034,0.000003,0.021486,0.000277,0.000004,0.010266,0.038780
55,0.010657,0.000039,0.000004,0.022378,0.000332,0.000004,0.000804,0.034223
60,0.009223,0.000035,0.000003,0.012350,0.000260,0.000004,0.000772,0.022650
62,0.005198,0.000033,0.000003,0.019383,0.000284,0.000006,0.003364,0.028276
59,0.007871,0.000034,0.000003,0.064984,0.000263,0.000005,0.001183,0.074347
63,0.005490,0.000039,0.000003,0.068005,0.000275,0.000005,0.006784,0.080605
57,0.007424,0.000034,0.000005,0.073671,0.000323,0.000004,0.002904,0.084370
59,0.006009,0.000032,0.000005,0.066059,0.000268,0.000004,0.007713,0.080098
56,0.007711,0.000030,0.000003,0.015499,0.000274,0.000004,0.000853,0.024376
55,0.006095,0.000037,0.000004,0.056689,0.000271,0.000004,0.000170,0.063271
60,0.006132,0.000034,0.000003,0.062169,0.000297,0.000007,0.001993,0.070641
57,0.008391,0.000033,0.000004,0.065961,0.000360,0.000005,0.000700,0.075457
62,0.008071,0.000034,0.000003,0.062840,0.000274,0.000004,0.001016,0.072247
58,0.005498,0.000035,0.000003,0.050292,0.000292,0.000004,0.014445,0.070574
57,0.006278,0.000034,0.000004,0.066604,0.000289,0.000004,0.000194,0.073411
57,0.008976,0.000032,0.000006,0.066676,0.000343,0.000005,0.000258,0.076298
63,0.005774,0.000032,0.000003,0.060688,0.000318,0.000006,0.003985,0.070810
58,0.006913,0.000035,0.000005,0.056268,0.000283,0.000004,0.002702,0.066214
61,0.010491,0.000043,0.000004,0.019012,0.000288,0.000006,0.001743,0.031592
60,0.005788,0.000033,0.000004,0.065186,0.000270,0.000007,0.001113,0.072405
61,0.014914,0.000033,0.000003,0.068127,0.000280,0.000004,0.000843,0.084207
60,0.006517,0.000035,0.000005,0.053616,0.000281,0.000004,0.007041,0.067505
58,0.005706,0.000033,0.000003,0.010796,0.000254,0.000005,0.000224,0.017023
57,0.008007,0.000033,0.000004,0.055216,0.000277,0.000004,0.000819,0.064362
59,0.005739,0.000043,0.000004,0.008748,0.000240,0.000004,0.011430,0.026217
56,0.004872,0.000032,0.000003,0.061415,0.000262,0.000004,0.000145,0.066734
58,0.006525,0.000034,0.000004,0.070704,0.000324,0.000004,0.000673,0.078272
58,0.023936,0.000053,0.000004,0.023882,0.000343,0.000004,0.000911,0.049137
63,0.007376,0.000034,0.000004,0.080022,0.000275,0.000004,0.000860,0.088578
58,0.009799,0.000029,0.000005,0.072126,0.000309,0.000005,0.000220,0.082496
61,0.004558,0.000031,0.000004,0.068632,0.000368,0.000006,0.007139,0.080745
62,0.005135,0.000031,0.000003,0.077150,0.000495,0.000009,0.002145,0.084974
59,0.018041,0.000039,0.000004,0.011240,0.000308,0.000005,0.000815,0.030455
59,0.004606,0.000026,0.000004,0.088114,0.000271,0.000006,0.002393,0.095425
62,0.009662,0.000035,0.000003,0.079550,0.000296,0.000004,0.000777,0.090331
59,0.005486,0.000032,0.000003,0.085985,0.000262,0.000004,0.000206,0.091981
61,0.007601,0.000032,0.000003,0.085522,0.000297,0.000004,0.001195,0.094659
60,0.006314,0.000047,0.000005,0.079624,0.000297,0.000004,0.009557,0.095853
57,0.006938,0.000041,0.000005,0.085494,0.000291,0.000004,0.000178,0.092952
62,0.008814,0.000034,0.000003,0.013030,0.000295,0.000004,0.001183,0.023368
59,0.015901,0.000044,0.000005,0.061308,0.000288,0.000004,0.000599,0.078153
58,0.006754,0.000030,0.000003,0.020295,0.000248,0.000004,0.000157,0.027493
61,0.005656,0.000039,0.000003,0.013080,0.000335,0.000005,0.011271,0.030395
63,0.005742,0.000037,0.000003,0.013871,0.000318,0.000005,0.001341,0.021320
59,0.019216,0.000031,0.000005,0.057097,0.000359,0.000009,0.000271,0.076991
62,0.005933,0.000037,0.000005,0.057883,0.000286,0.000004,0.007547,0.071701
60,0.007392,0.000032,0.000003,0.059372,0.000405,0.000007,0.000803,0.068021
60,0.005524,0.000033,0.000004,0.060363,0.000269,0.000004,0.002208,0.068410
63,0.006288,0.000040,0.000004,0.068946,0.004388,0.000006,0.001996,0.081673
63,0.010301,0.000034,0.000004,0.067633,0.000351,0.000005,0.000990,0.079321
60,0.009330,0.000035,0.000003,0.068079,0.000293,0.000005,0.000252,0.078000
60,0.007333,0.000027,0.000004,0.019719,0.000340,0.000006,0.000263,0.027695
59,0.006274,0.000031,0.000004,0.049381,0.000248,0.000004,0.000161,0.056105
61,0.011319,0.000036,0.000005,0.017730,0.000278,0.000004,0.000797,0.030173
61,0.009761,0.000046,0.000006,0.018550,0.000271,0.000004,0.002359,0.031001
62,0.005261,0.000035,0.000003,0.056739,0.000270,0.000004,0.008771,0.071089
60,0.006200,0.000039,0.000003,0.071109,0.000401,0.000006,0.001000,0.078764
60,0.006441,0.000031,0.000003,0.022186,0.000319,0.000004,0.000199,0.029186
63,0.012719,0.000066,0.000006,0.059013,0.000353,0.000005,0.008551,0.080723
61,0.007991,0.000034,0.000003,0.073871,0.000356,0.000004,0.000254,0.082517
61,0.009731,0.000030,0.000005,0.077045,0.000317,0.000004,0.000224,0.087357
62,0.006080,0.000032,0.000003,0.072028,0.000333,0.000006,0.001150,0.079635
63,0.006267,0.000039,0.000004,0.064817,0.000300,0.000004,0.014053,0.085489
62,0.007878,0.000037,0.000005,0.013238,0.000293,0.000004,0.000217,0.021674
61,0.008011,0.000038,0.000004,0.078328,0.000298,0.000004,0.000584,0.087271
62,0.005755,0.000037,0.000004,0.091607,0.000478,0.000007,0.003989,0.101885
61,0.008966,0.000040,0.000003,0.079541,0.000289,0.000004,0.000165,0.089009
62,0.009051,0.000035,0.000004,0.072429,0.000337,0.000004,0.000238,0.082099
63,0.009224,0.000040,0.000004,0.072174,0.000388,0.000004,0.000945,0.082783
63,0.008354,0.000035,0.000006,0.063399,0.000324,0.000005,0.000245,0.072369
63,0.009237,0.000048,0.000005,0.063468,0.000274,0.000004,0.002493,0.075533
62,0.008411,0.000037,0.000004,0.075695,0.000269,0.000004,0.000570,0.084993
62,0.008975,0.000045,0.000005,0.068825,0.000273,0.000004,0.000160,0.078288
63,0.013764,0.000044,0.000004,0.060348,0.000370,0.000004,0.000263,0.074799
63,0.007236,0.000033,0.000003,0.067871,0.000314,0.000003,0.000683,0.076148
63,0.005304,0.000039,0.000004,0.066568,0.000269,0.000004,0.000181,0.072369
19,0.008868,0.000033,0.000003,0.939665,0.000366,0.000007,0.002380,0.951330
64,0.017450,0.000104,0.000008,0.041100,0.000619,0.000005,0.005795,0.065098
64,0.013281,0.000057,0.000009,0.079220,0.000407,0.000005,0.002900,0.095889
64,0.015306,0.000051,0.000004,0.081789,0.000412,0.000004,0.000264,0.097834
64,0.429400,0.000208,0.000006,0.133236,0.000554,0.000007,0.001011,0.564435
64,0.428872,0.000095,0.000010,0.113575,0.000511,0.000005,0.004244,0.547325
65,0.011708,0.000043,0.000005,0.089441,0.000395,0.000004,0.005003,0.106607
65,0.010278,0.000045,0.000007,0.082820,0.000352,0.000004,0.002610,0.096122
65,0.009314,0.000045,0.000005,0.085199,0.000273,0.000004,0.000168,0.095009
20,0.008422,0.000035,0.000003,0.656083,0.000411,0.000007,0.002654,0.667623
64,0.020582,0.000101,0.000010,0.102953,0.000517,0.000007,0.001282,0.125457
66,0.017856,0.000043,0.000007,0.030484,0.000379,0.000004,0.002563,0.051341
65,0.010970,0.000057,0.000006,0.074887,0.000307,0.000004,0.003337,0.089573
65,0.012355,0.000059,0.000005,0.090029,0.000321,0.000004,0.000643,0.103421
64,0.450383,0.000078,0.000015,0.079115,0.000389,0.000006,0.000535,0.530526
66,0.011390,0.000039,0.000004,0.078732,0.000309,0.000004,0.003969,0.094452
66,0.006534,0.000044,0.000004,0.068793,0.000285,0.000004,0.000171,0.075836
65,0.007513,0.000041,0.000004,0.062846,0.000290,0.000004,0.000609,0.071310
67,0.005390,0.000039,0.000003,0.019460,0.000362,0.000004,0.000211,0.025471
67,0.011459,0.000046,0.000006,0.064971,0.000297,0.000004,0.002390,0.079178
64,0.499474,0.000083,0.000009,0.014267,0.000494,0.000008,0.007107,0.521456
64,0.451580,0.000101,0.000012,0.067662,0.000398,0.000005,0.002546,0.522313
66,0.006032,0.000034,0.000004,0.073913,0.000291,0.000004,0.000568,0.080851
66,0.008312,0.000037,0.000005,0.082946,0.000425,0.000009,0.004626,0.096367
67,0.005678,0.000032,0.000003,0.007767,0.000313,0.000005,0.000703,0.014504
65,0.008047,0.000037,0.000004,0.069754,0.000324,0.000004,0.000434,0.078608
66,0.004799,0.000033,0.000004,0.067671,0.000261,0.000005,0.000584,0.073360
67,0.009249,0.000035,0.000003,0.067305,0.000383,0.000007,0.004324,0.081321
67,0.005149,0.000034,0.000003,0.007168,0.000389,0.000005,0.000802,0.013554
21,0.012522,0.000046,0.000005,0.169853,0.000305,0.000004,0.001720,0.184459
68,0.006558,0.000043,0.000004,0.081185,0.000303,0.000005,0.000198,0.088298
68,0.011375,0.000048,0.000005,0.025637,0.000333,0.000004,0.004734,0.042142
65,0.006172,0.000040,0.000003,0.072723,0.000313,0.000004,0.001819,0.081089
68,0.008475,0.000039,0.000006,0.083071,0.000365,0.000004,0.002303,0.094273
68,0.005905,0.000035,0.000004,0.073965,0.000293,0.000004,0.000554,0.080764
69,0.008975,0.000036,0.000003,0.012971,0.000268,0.000004,0.000174,0.022435
69,0.005552,0.000039,0.000003,0.007978,0.000264,0.000004,0.000573,0.014418
67,0.010900,0.000044,0.000004,0.091295,0.000383,0.000007,0.004529,0.107171
66,0.019777,0.000052,0.000005,0.072996,0.000317,0.000038,0.000427,0.093614
68,0.008455,0.000072,0.000003,0.072244,0.000292,0.000004,0.000662,0.081737
70,0.006630,0.000040,0.000004,0.016019,0.000310,0.000004,0.000196,0.023207
70,0.006466,0.000044,0.000005,0.008796,0.000296,0.000004,0.000571,0.016185
65,0.014345,0.000048,0.000005,0.118069,0.000683,0.000016,0.009386,0.142563
69,0.018800,0.000040,0.000005,0.029463,0.000336,0.000005,0.002416,0.051069
69,0.008096,0.000036,0.000003,0.059811,0.000345,0.000005,0.004633,0.072937
66,0.005930,0.000035,0.000003,0.065438,0.000310,0.000004,0.001783,0.073507
67,0.019951,0.000034,0.000004,0.017143,0.000294,0.000004,0.000382,0.037814
68,0.008214,0.000038,0.000004,0.010756,0.000309,0.000004,0.000382,0.019710
69,0.005991,0.000033,0.000003,0.056237,0.000283,0.000004,0.000615,0.063168
71,0.005697,0.000034,0.000003,0.061873,0.000292,0.000004,0.000190,0.068095
71,0.005742,0.000035,0.000003,0.062932,0.000297,0.000005,0.000509,0.069527
67,0.005709,0.000032,0.000004,0.051554,0.000301,0.000005,0.001617,0.059227
68,0.009928,0.000040,0.000005,0.084301,0.000335,0.000005,0.003098,0.097718
70,0.009120,0.000039,0.000007,0.065854,0.000300,0.000004,0.002534,0.077864
66,0.009379,0.000044,0.000005,0.068716,0.000265,0.000004,0.005304,0.083723
70,0.009779,0.000039,0.000003,0.059159,0.000370,0.000004,0.005104,0.074464
71,0.009834,0.000044,0.000007,0.016144,0.000321,0.000004,0.002702,0.029064
70,0.005574,0.000034,0.000003,0.067905,0.000482,0.000006,0.000844,0.074854
72,0.014043,0.000044,0.000009,0.009188,0.000391,0.000005,0.003046,0.026734
69,0.021920,0.000031,0.000003,0.078154,0.000382,0.000004,0.000474,0.100971
71,0.020384,0.000039,0.000004,0.042536,0.000420,0.000004,0.006006,0.069399
72,0.005390,0.000031,0.000004,0.093810,0.000326,0.000004,0.000228,0.099796
72,0.005724,0.000036,0.000003,0.091710,0.000324,0.000004,0.000639,0.098446
68,0.007346,0.000059,0.000006,0.092177,0.000380,0.000007,0.002159,0.102143
69,0.009635,0.000038,0.000004,0.090783,0.000536,0.000005,0.004551,0.105570
67,0.009153,0.000042,0.000004,0.090131,0.000339,0.000004,0.005784,0.105465
71,0.007690,0.000041,0.000004,0.069110,0.000358,0.000004,0.000746,0.077958
22,0.007322,0.000031,0.000003,0.283183,0.000339,0.000004,0.001853,0.292754
73,0.010831,0.000048,0.000007,0.095642,0.000368,0.000005,0.002666,0.109571
70,0.017783,0.000044,0.000004,0.094972,0.000320,0.000004,0.000473,0.113603
73,0.007521,0.000043,0.000005,0.085562,0.000300,0.000004,0.000618,0.094059
73,0.008275,0.000040,0.000004,0.095666,0.000347,0.000004,0.000201,0.104539
69,0.007197,0.000039,0.000004,0.081030,0.000288,0.000007,0.001926,0.090495
72,0.010443,0.000043,0.000004,0.095531,0.000369,0.000004,0.004755,0.111155
68,0.009429,0.000038,0.000004,0.082804,0.000335,0.000005,0.004984,0.097604
70,0.010562,0.000044,0.000006,0.089829,0.000339,0.000004,0.003524,0.104314
74,0.009198,0.000042,0.000005,0.014574,0.000288,0.000004,0.000181,0.024295
70,0.006544,0.000045,0.000004,0.014322,0.000306,0.000006,0.001989,0.023221
74,0.006851,0.000041,0.000004,0.024808,0.000319,0.000005,0.000541,0.032572
72,0.007660,0.000055,0.000004,0.079570,0.000298,0.000004,0.000632,0.088225
69,0.008625,0.000035,0.000004,0.009493,0.000302,0.000004,0.004767,0.023237
73,0.011428,0.000039,0.000004,0.031358,0.000302,0.000004,0.003986,0.047125
23,0.008275,0.000033,0.000003,0.100614,0.000272,0.000004,0.001466,0.110670
71,0.008838,0.000037,0.000004,0.072724,0.000291,0.000004,0.000442,0.082342
74,0.017301,0.000036,0.000006,0.074658,0.000290,0.000005,0.002308,0.094609
74,0.008758,0.000037,0.000004,0.020588,0.000273,0.000004,0.003468,0.033137
73,0.006937,0.000036,0.000003,0.054023,0.000258,0.000004,0.000565,0.061829
71,0.008529,0.000038,0.000004,0.061462,0.000257,0.000004,0.002808,0.073107
71,0.006440,0.000033,0.000004,0.061481,0.000260,0.000005,0.001615,0.069843
75,0.006614,0.000041,0.000004,0.065736,0.000257,0.000004,0.000177,0.072835
75,0.006928,0.000038,0.000004,0.061499,0.000241,0.000004,0.000468,0.069185
72,0.014650,0.000033,0.000005,0.013615,0.000284,0.000004,0.000411,0.029003
70,0.008262,0.000042,0.000003,0.051879,0.000258,0.000005,0.004044,0.064498
76,0.005137,0.000032,0.000003,0.005149,0.000283,0.000005,0.000996,0.011613
74,0.004905,0.000030,0.000003,0.057265,0.000291,0.000004,0.000524,0.063025
75,0.015751,0.000034,0.000006,0.061374,0.000289,0.000004,0.002190,0.079652
75,0.007290,0.000027,0.000003,0.059840,0.000239,0.000004,0.003559,0.070969
72,0.005252,0.000031,0.000003,0.059869,0.000262,0.000005,0.001583,0.067009
72,0.007109,0.000031,0.000003,0.064980,0.000339,0.000004,0.003282,0.075755
76,0.006069,0.000029,0.000003,0.066105,0.000373,0.000005,0.000238,0.072825
73,0.008498,0.000040,0.000004,0.056615,0.000382,0.000005,0.000509,0.066056
77,0.009487,0.000049,0.000004,0.058652,0.000386,0.000007,0.000732,0.069323
71,0.007361,0.000030,0.000003,0.066907,0.000489,0.000004,0.004742,0.079543
76,0.009604,0.000044,0.000004,0.014232,0.000284,0.000004,0.004323,0.028502
73,0.011699,0.000045,0.000004,0.011141,0.000328,0.000004,0.003297,0.026523
75,0.005678,0.000028,0.000004,0.069484,0.000316,0.000004,0.000620,0.076136
73,0.006758,0.000044,0.000004,0.065410,0.000386,0.000006,0.002218,0.074832
74,0.010982,0.000036,0.000003,0.064237,0.000392,0.000005,0.000543,0.076201
78,0.005849,0.000035,0.000004,0.060731,0.000357,0.000004,0.000715,0.067702
76,0.018622,0.000057,0.000007,0.073332,0.000333,0.000005,0.002991,0.095357
72,0.008665,0.000033,0.000004,0.068457,0.000379,0.000004,0.005377,0.082925
77,0.010713,0.000037,0.000004,0.088726,0.000357,0.000005,0.000201,0.100044
77,0.007988,0.000034,0.000004,0.087079,0.000351,0.000004,0.005481,0.100949
76,0.006572,0.000044,0.000004,0.077688,0.000402,0.000005,0.000625,0.085343
74,0.008106,0.000038,0.000003,0.105753,0.000484,0.000005,0.004049,0.118445
74,0.011148,0.000045,0.000006,0.089314,0.000397,0.000004,0.002189,0.103110
75,0.010623,0.000041,0.000023,0.090815,0.000381,0.000005,0.000482,0.102372
79,0.007342,0.000045,0.000004,0.092873,0.000371,0.000005,0.000628,0.101273
77,0.010432,0.000045,0.000008,0.088713,0.000382,0.000004,0.002490,0.102080
73,0.009307,0.000043,0.000004,0.093161,0.000362,0.000004,0.004900,0.107787
78,0.009094,0.000043,0.000003,0.104327,0.000368,0.000005,0.000228,0.114072
24,0.009249,0.000035,0.000003,0.333650,0.000365,0.000004,0.001816,0.345126
78,0.010637,0.000050,0.000005,0.101279,0.000358,0.000004,0.004733,0.117073
77,0.007362,0.000056,0.000004,0.089659,0.000330,0.000005,0.000667,0.098087
75,0.012609,0.000049,0.000005,0.091685,0.000369,0.000004,0.003587,0.108313
75,0.010012,0.000043,0.000004,0.075475,0.000324,0.000005,0.001909,0.087779
80,0.007256,0.000042,0.000005,0.071311,0.000298,0.000004,0.000513,0.079433
76,0.008013,0.000042,0.000003,0.085109,0.000573,0.000012,0.000761,0.094519
78,0.019585,0.000082,0.000007,0.080659,0.000299,0.000004,0.002381,0.103023
74,0.009112,0.000041,0.000003,0.072249,0.000322,0.000004,0.004301,0.086043
79,0.008874,0.000041,0.000004,0.076258,0.000352,0.000005,0.000248,0.085787
78,0.006537,0.000039,0.000003,0.071240,0.000391,0.000004,0.000766,0.078986
79,0.010145,0.000041,0.000004,0.079650,0.000312,0.000005,0.004466,0.094628
76,0.008632,0.000034,0.000003,0.069510,0.000296,0.000004,0.003430,0.081915
64,0.015578,0.000062,0.000007,0.090596,0.000426,0.000006,0.000278,0.106957
79,0.005987,0.000037,0.000003,0.012405,0.000275,0.000004,0.000574,0.019289
79,0.018244,0.000046,0.000009,0.030884,0.000364,0.000005,0.002283,0.051846
81,0.006542,0.000039,0.000004,0.073913,0.000252,0.000004,0.000528,0.081289
76,0.008309,0.000036,0.000003,0.075440,0.000278,0.000006,0.001708,0.085786
77,0.007979,0.000038,0.000004,0.007216,0.000284,0.000007,0.001590,0.017123
75,0.013097,0.000052,0.000005,0.065294,0.000287,0.000018,0.004084,0.082842
64,0.477543,0.000072,0.000010,0.106791,0.000443,0.000007,0.001583,0.586459
80,0.008142,0.000051,0.000005,0.070838,0.000317,0.000004,0.000221,0.079582
77,0.018688,0.000046,0.000005,0.104319,0.000601,0.000011,0.001035,0.124715
78,0.008052,0.000036,0.000003,0.022281,0.000427,0.000009,0.002328,0.033144
81,0.007088,0.000046,0.000006,0.018575,0.000363,0.000005,0.000194,0.026282
80,0.007833,0.000031,0.000004,0.073224,0.000386,0.000004,0.006320,0.087810
77,0.007757,0.000032,0.000003,0.073291,0.000362,0.000004,0.004784,0.086242
82,0.006013,0.000035,0.000004,0.076537,0.000345,0.000004,0.000689,0.083631
80,0.005308,0.000030,0.000003,0.082607,0.000314,0.000004,0.000731,0.089005
65,0.007375,0.000041,0.000005,0.083829,0.000376,0.000005,0.000256,0.091888
83,0.007062,0.000044,0.000004,0.024886,0.000323,0.000005,0.000752,0.033082
80,0.014843,0.000032,0.000005,0.103761,0.000436,0.000005,0.003090,0.122178
84,0.007185,0.000043,0.000003,0.011820,0.000368,0.000004,0.000763,0.020192
66,0.017619,0.000057,0.000006,0.035333,0.000432,0.000005,0.000273,0.053730
76,0.010009,0.000049,0.000008,0.099960,0.000351,0.000004,0.005267,0.115654
82,0.007671,0.000048,0.000004,0.086178,0.000372,0.000004,0.000221,0.094501
65,0.008012,0.000051,0.000004,0.122880,0.000337,0.000004,0.001065,0.132357
79,0.013548,0.000048,0.000004,0.092920,0.000316,0.000004,0.002048,0.108894
67,0.007390,0.000047,0.000008,0.024438,0.000380,0.000005,0.000249,0.032517
78,0.013959,0.000056,0.000006,0.110064,0.000340,0.000007,0.000494,0.124929
25,0.007098,0.000032,0.000003,0.305233,0.000289,0.000004,0.001441,0.314105
78,0.011041,0.000048,0.000004,0.095114,0.000327,0.000004,0.003877,0.110421
81,0.010283,0.000039,0.000003,0.096936,0.000322,0.000003,0.005068,0.112662
81,0.007356,0.000044,0.000004,0.100227,0.000331,0.000005,0.000727,0.108700
80,0.009098,0.000046,0.000004,0.024210,0.000347,0.000007,0.002030,0.035746
81,0.015117,0.000042,0.000007,0.077744,0.000367,0.000006,0.002826,0.096117
79,0.009079,0.000042,0.000003,0.023756,0.000345,0.000004,0.003556,0.036792
85,0.006829,0.000044,0.000004,0.083692,0.000283,0.000005,0.000525,0.091386
77,0.012687,0.000035,0.000004,0.078671,0.000406,0.000005,0.004312,0.096131
66,0.009122,0.000045,0.000004,0.077734,0.000309,0.000005,0.001141,0.088365
83,0.009876,0.000046,0.000004,0.088383,0.000408,0.000005,0.000244,0.098968
68,0.006709,0.000035,0.000005,0.083229,0.000386,0.000004,0.000200,0.090571
79,0.014841,0.000036,0.000004,0.082253,0.000286,0.000004,0.000390,0.097816
82,0.012084,0.000044,0.000005,0.075465,0.000323,0.000005,0.000641,0.088571
82,0.009743,0.000044,0.000005,0.087205,0.000340,0.000004,0.005094,0.102441
81,0.019118,0.000037,0.000003,0.072896,0.000368,0.000004,0.002118,0.094553
26,0.009804,0.000037,0.000004,0.103793,0.000337,0.000007,0.001993,0.115979
84,0.012442,0.000058,0.000004,0.025555,0.000423,0.000005,0.000239,0.038729
80,0.009009,0.000051,0.000004,0.015311,0.000347,0.000005,0.000509,0.025241
86,0.005729,0.000031,0.000004,0.079980,0.000397,0.000005,0.000713,0.086864
82,0.015345,0.000036,0.000006,0.085987,0.000400,0.000005,0.003134,0.104919
80,0.006930,0.000029,0.000004,0.087185,0.000381,0.000004,0.003361,0.097899
85,0.009479,0.000040,0.000006,0.014772,0.000368,0.000004,0.000205,0.024876
83,0.009883,0.000045,0.000003,0.029521,0.000366,0.000004,0.004898,0.044727
67,0.007539,0.000046,0.000005,0.082227,0.000328,0.000005,0.001142,0.091298
78,0.018243,0.000045,0.000005,0.073271,0.000295,0.000004,0.005093,0.096963
87,0.006855,0.000040,0.000004,0.015737,0.000328,0.000004,0.000584,0.023557
81,0.018736,0.000052,0.000005,0.017036,0.000320,0.000004,0.000403,0.036559
69,0.005117,0.000032,0.000004,0.074804,0.000336,0.000005,0.000221,0.080521
88,0.006087,0.000039,0.000003,0.006796,0.000305,0.000005,0.000530,0.013770
79,0.009661,0.000036,0.000004,0.014704,0.000333,0.000005,0.005531,0.030284
70,0.009665,0.000040,0.000005,0.015739,0.000383,0.000004,0.000249,0.026089
83,0.006701,0.000036,0.000005,0.090497,0.000373,0.000004,0.000770,0.098390
82,0.015033,0.000047,0.000005,0.082707,0.000383,0.000006,0.001955,0.100143
71,0.010457,0.000047,0.000007,0.023711,0.000388,0.000004,0.000252,0.034872
84,0.007141,0.000041,0.000003,0.021351,0.000348,0.000004,0.000751,0.029645
86,0.009028,0.000040,0.000005,0.079691,0.000332,0.000005,0.000207,0.089311
81,0.009780,0.000049,0.000006,0.080351,0.000366,0.000004,0.004425,0.094990
83,0.016910,0.000043,0.000007,0.090733,0.000349,0.000004,0.002745,0.110796
82,0.009105,0.000045,0.000005,0.084732,0.000300,0.000005,0.000383,0.094575
72,0.009596,0.000043,0.000006,0.014150,0.000315,0.000004,0.000202,0.024318
84,0.008656,0.000037,0.000004,0.087798,0.000309,0.000003,0.004617,0.101430
68,0.019153,0.000040,0.000005,0.085952,0.000347,0.000005,0.001091,0.106600
82,0.009752,0.000042,0.000004,0.018516,0.000380,0.000005,0.003525,0.032230
89,0.006542,0.000039,0.000005,0.084707,0.000342,0.000005,0.000581,0.092224
85,0.008610,0.000034,0.000003,0.015424,0.000361,0.000004,0.004494,0.028937
80,0.019146,0.000047,0.000004,0.079591,0.000326,0.000005,0.004528,0.103651
83,0.007582,0.000035,0.000003,0.021570,0.000277,0.000004,0.002849,0.032324
83,0.015938,0.000048,0.000004,0.078106,0.000328,0.000006,0.001837,0.096272
85,0.007021,0.000044,0.000003,0.076087,0.000266,0.000004,0.000625,0.084055
86,0.007918,0.000037,0.000004,0.014907,0.000396,0.000004,0.003742,0.027022
81,0.007895,0.000034,0.000004,0.007421,0.000261,0.000004,0.007961,0.023588
27,0.010008,0.000040,0.000003,0.201410,0.000387,0.000006,0.002001,0.213858
87,0.014561,0.000043,0.000005,0.075383,0.000281,0.000004,0.000188,0.090467
83,0.008193,0.000035,0.000004,0.061895,0.000282,0.000005,0.000356,0.070773
69,0.007982,0.000040,0.000004,0.060270,0.000329,0.000004,0.001116,0.069749
84,0.017131,0.000037,0.000006,0.068954,0.000284,0.000004,0.002100,0.088521
73,0.009228,0.000041,0.000006,0.068673,0.000271,0.000004,0.000202,0.078426
87,0.007216,0.000034,0.000003,0.006463,0.000269,0.000004,0.003434,0.017428
90,0.007020,0.000034,0.000004,0.063697,0.000251,0.000004,0.000503,0.071516
82,0.010465,0.000042,0.000004,0.006273,0.000300,0.000005,0.004386,0.021481
84,0.015550,0.000033,0.000004,0.019242,0.000294,0.000005,0.001601,0.036734
84,0.006733,0.000030,0.000003,0.009019,0.000240,0.000004,0.000303,0.016334
70,0.005618,0.000030,0.000003,0.017096,0.000289,0.000004,0.000999,0.024043
88,0.009242,0.000031,0.000003,0.023693,0.000275,0.000005,0.000182,0.033434
84,0.008047,0.000031,0.000003,0.060683,0.000291,0.000004,0.003024,0.072089
85,0.015675,0.000036,0.000004,0.008789,0.000310,0.000004,0.000385,0.025204
71,0.010187,0.000036,0.000003,0.006451,0.000277,0.000005,0.001033,0.017997
86,0.005493,0.000032,0.000003,0.061593,0.000302,0.000004,0.000603,0.068032
89,0.009385,0.000038,0.000004,0.022577,0.000332,0.000004,0.000212,0.032554
85,0.007775,0.000032,0.000003,0.009136,0.000337,0.000005,0.003934,0.021230
74,0.015588,0.000034,0.000004,0.055220,0.000299,0.000004,0.000231,0.071382
91,0.004660,0.000027,0.000003,0.064408,0.000317,0.000004,0.000502,0.069926
88,0.007634,0.000031,0.000003,0.061502,0.000272,0.000005,0.004742,0.074194
85,0.009902,0.000032,0.000005,0.066309,0.000316,0.000004,0.002525,0.079100
83,0.006331,0.000028,0.000003,0.063466,0.000308,0.000005,0.004037,0.074184
85,0.014971,0.000033,0.000003,0.068585,0.000333,0.000007,0.001797,0.085736
89,0.008144,0.000036,0.000005,0.015385,0.000303,0.000005,0.004053,0.027936
92,0.006027,0.000035,0.000003,0.025820,0.000331,0.000004,0.000577,0.032802
84,0.007872,0.000039,0.000004,0.013172,0.000333,0.000004,0.004624,0.026053
86,0.009403,0.000036,0.000003,0.009237,0.000296,0.000032,0.001791,0.020805
72,0.008778,0.000038,0.000004,0.067798,0.000324,0.000005,0.001137,0.078087
93,0.006201,0.000037,0.000003,0.008334,0.000323,0.000005,0.000655,0.015561
87,0.005674,0.000036,0.000003,0.083848,0.000346,0.000004,0.000724,0.090640
86,0.012257,0.000044,0.000004,0.088332,0.000373,0.000005,0.000530,0.101547
86,0.009321,0.000036,0.000005,0.072611,0.000333,0.000005,0.003812,0.086129
73,0.008455,0.000035,0.000004,0.015550,0.000394,0.000004,0.001157,0.025603
90,0.009456,0.000039,0.000004,0.088952,0.000305,0.000004,0.000178,0.098941
75,0.009338,0.000038,0.000005,0.079076,0.000305,0.000004,0.000239,0.089007
86,0.017188,0.000036,0.000007,0.077342,0.000299,0.000004,0.002240,0.097120
90,0.008729,0.000057,0.000005,0.078181,0.000353,0.000004,0.004202,0.091538
94,0.006006,0.000035,0.000004,0.070837,0.000292,0.000004,0.000575,0.077759
87,0.008556,0.000037,0.000006,0.022874,0.000268,0.000004,0.002072,0.033822
87,0.016403,0.000037,0.000003,0.077557,0.000274,0.000005,0.001466,0.095748
28,0.011397,0.000038,0.000004,0.217743,0.000306,0.000004,0.001679,0.231175
85,0.017610,0.000038,0.000005,0.090822,0.000352,0.000005,0.006311,0.115151
87,0.009305,0.000039,0.000003,0.062297,0.000357,0.000005,0.004221,0.076234
88,0.006627,0.000035,0.000004,0.077233,0.000381,0.000004,0.000684,0.084974
95,0.005580,0.000031,0.000003,0.014551,0.000344,0.000004,0.000657,0.021176
87,0.018555,0.000038,0.000004,0.070338,0.000386,0.000005,0.000486,0.089815
74,0.009221,0.000039,0.000004,0.077155,0.000310,0.000005,0.001159,0.087899
76,0.009142,0.000039,0.000006,0.065346,0.000343,0.000006,0.000212,0.075095
88,0.011833,0.000042,0.000008,0.016707,0.000295,0.000004,0.002612,0.031506
86,0.010112,0.000033,0.000004,0.010873,0.000303,0.000005,0.005033,0.026369
29,0.008876,0.000029,0.000003,0.028156,0.000293,0.000004,0.001555,0.038920
91,0.010578,0.000040,0.000004,0.085087,0.000344,0.000005,0.000196,0.096255
75,0.008318,0.000036,0.000003,0.009181,0.000328,0.000004,0.001162,0.019035
88,0.009057,0.000038,0.000005,0.017363,0.000294,0.000004,0.000425,0.027190
88,0.017284,0.000045,0.000004,0.014592,0.000343,0.000004,0.003642,0.035920
64,0.497624,0.000091,0.000009,0.019530,0.000621,0.000006,0.001206,0.519094
89,0.007363,0.000032,0.000004,0.006685,0.000305,0.000003,0.003377,0.017776
96,0.006566,0.000037,0.000003,0.066612,0.000330,0.000006,0.000623,0.074184
88,0.014423,0.000041,0.000004,0.076941,0.000315,0.000005,0.001862,0.093597
91,0.010686,0.000034,0.000003,0.090525,0.000394,0.000004,0.004989,0.106641
89,0.007074,0.000040,0.000004,0.083126,0.000290,0.000004,0.000601,0.091141
97,0.006146,0.000041,0.000004,0.007839,0.000311,0.000005,0.000612,0.014961
77,0.008530,0.000036,0.000005,0.074612,0.000283,0.000004,0.000242,0.083715
87,0.014414,0.000033,0.000003,0.059715,0.000278,0.000004,0.003878,0.078331
89,0.016580,0.000037,0.000006,0.071734,0.000291,0.000004,0.002410,0.091067
76,0.008542,0.000037,0.000004,0.075227,0.000437,0.000005,0.001327,0.085584
92,0.009699,0.000036,0.000004,0.080832,0.000342,0.000004,0.000211,0.091131
89,0.017478,0.000039,0.000004,0.075429,0.000329,0.000004,0.000433,0.093719
88,0.012908,0.000039,0.000004,0.009728,0.000293,0.000005,0.004270,0.027254
90,0.009215,0.000037,0.000004,0.069630,0.000294,0.000004,0.003681,0.082869
90,0.008024,0.000031,0.000004,0.012167,0.000303,0.000004,0.000363,0.020899
65,0.011610,0.000048,0.000004,0.102580,0.000474,0.000006,0.001084,0.115812
92,0.010399,0.000039,0.000004,0.071017,0.000324,0.000004,0.004406,0.086199
98,0.006178,0.000033,0.000003,0.073424,0.000283,0.000004,0.000571,0.080501
89,0.021655,0.000032,0.000004,0.073036,0.000317,0.000005,0.001764,0.096817
90,0.005704,0.000033,0.000003,0.082187,0.000306,0.000004,0.000611,0.088852
78,0.006989,0.000034,0.000005,0.082782,0.000351,0.000004,0.000232,0.090404
30,0.007328,0.000028,0.000004,0.152750,0.000286,0.000004,0.001440,0.161844
77,0.009364,0.000039,0.000004,0.067369,0.000279,0.000004,0.001038,0.078101
90,0.010930,0.000042,0.000007,0.073116,0.000377,0.000004,0.002467,0.086948
93,0.008133,0.000033,0.000004,0.018852,0.000307,0.000004,0.004373,0.031713
91,0.006135,0.000046,0.000004,0.012418,0.000290,0.000004,0.000591,0.019491
99,0.006040,0.000037,0.000004,0.019731,0.000268,0.000005,0.000588,0.026676
93,0.009206,0.000036,0.000004,0.074562,0.000273,0.000005,0.000967,0.085053
89,0.006784,0.000029,0.000004,0.060766,0.000261,0.000004,0.003818,0.071669
91,0.008651,0.000035,0.000004,0.062240,0.000294,0.000004,0.003216,0.074449
90,0.020260,0.000036,0.000004,0.019516,0.000266,0.000004,0.001703,0.041792
94,0.008334,0.000034,0.000003,0.007656,0.000304,0.000005,0.004604,0.020945
91,0.019652,0.000031,0.000004,0.056164,0.000269,0.000004,0.000367,0.076493
66,0.017896,0.000038,0.000004,0.060715,0.000253,0.000004,0.000645,0.079557
94,0.007769,0.000032,0.000003,0.018658,0.000276,0.000004,0.000178,0.026922
92,0.007367,0.000034,0.000004,0.012510,0.000278,0.000004,0.002648,0.022848
95,0.006848,0.000029,0.000004,0.015002,0.000250,0.000004,0.003555,0.025696
78,0.007969,0.000030,0.000003,0.053423,0.000294,0.000005,0.000990,0.062718
93,0.008253,0.000036,0.000004,0.007233,0.000272,0.000004,0.003154,0.018960
95,0.007872,0.000035,0.000003,0.013165,0.000257,0.000004,0.000177,0.021515
79,0.008079,0.000034,0.000005,0.066989,0.000278,0.000004,0.000190,0.075581
92,0.005696,0.000035,0.000004,0.052368,0.000273,0.000004,0.000616,0.058999
100,0.006312,0.000038,0.000004,0.062369,0.000262,0.000004,0.000523,0.069517
96,0.008061,0.000031,0.000004,0.010425,0.000260,0.000004,0.003758,0.022548
91,0.013652,0.000036,0.000006,0.062577,0.000277,0.000004,0.002179,0.078736
90,0.008690,0.000034,0.000004,0.060401,0.000256,0.000004,0.003834,0.073227
93,0.006408,0.000036,0.000003,0.010593,0.000261,0.000004,0.000553,0.017861
80,0.009019,0.000037,0.000005,0.012069,0.000287,0.000004,0.000232,0.021655
101,0.005581,0.000034,0.000003,0.010972,0.000298,0.000004,0.000559,0.017454
67,0.010132,0.000038,0.000004,0.051350,0.000307,0.000004,0.000702,0.062540
91,0.020275,0.000035,0.000003,0.060472,0.000271,0.000004,0.001680,0.082745
94,0.005025,0.000032,0.000003,0.006878,0.000271,0.000005,0.000637,0.012854
92,0.007873,0.000033,0.000005,0.012870,0.000255,0.000005,0.001917,0.022962
92,0.021946,0.000031,0.000003,0.051806,0.000265,0.000004,0.000325,0.074381
79,0.007713,0.000034,0.000003,0.054233,0.000271,0.000005,0.000916,0.063179
92,0.018364,0.000032,0.000003,0.004822,0.000267,0.000004,0.001503,0.024998
96,0.008865,0.000036,0.000003,0.059647,0.000280,0.000005,0.000185,0.069024
94,0.007964,0.000036,0.000003,0.062915,0.000419,0.000004,0.003243,0.074600
80,0.007819,0.000032,0.000003,0.008951,0.000282,0.000005,0.001115,0.018212
91,0.007325,0.000032,0.000004,0.053022,0.000318,0.000004,0.003943,0.064651
81,0.007765,0.000035,0.000004,0.060451,0.000300,0.000006,0.000218,0.068781
95,0.005307,0.000029,0.000003,0.049528,0.000258,0.000004,0.000553,0.055685
102,0.005529,0.000030,0.000003,0.056472,0.000228,0.000004,0.000515,0.062785
93,0.022646,0.000033,0.000003,0.006773,0.000251,0.000004,0.001612,0.031325
68,0.007375,0.000032,0.000003,0.055949,0.000255,0.000004,0.000639,0.064260
93,0.007660,0.000035,0.000005,0.051048,0.000230,0.000004,0.001897,0.060882
97,0.018570,0.000030,0.000003,0.068484,0.000259,0.000004,0.003949,0.091304
82,0.007578,0.004357,0.000014,0.012279,0.000420,0.000004,0.000251,0.024908
93,0.021102,0.000035,0.000004,0.056646,0.000245,0.000004,0.000348,0.078386
69,0.007365,0.000030,0.000002,0.020486,0.000301,0.000004,0.000731,0.028925
95,0.009329,0.000033,0.000003,0.049450,0.000268,0.000004,0.002640,0.061732
97,0.008932,0.000044,0.000004,0.056362,0.000260,0.000004,0.000174,0.065783
92,0.006222,0.000030,0.000003,0.063184,0.000302,0.000005,0.003657,0.073408
81,0.023104,0.000031,0.000003,0.054745,0.000259,0.000004,0.000924,0.079075
103,0.005654,0.000033,0.000004,0.058882,0.000340,0.000007,0.000552,0.065477
96,0.005164,0.000028,0.000003,0.064037,0.000278,0.000004,0.000554,0.070070
94,0.016247,0.000031,0.000003,0.054937,0.000256,0.000004,0.001661,0.073144
98,0.009593,0.000031,0.000003,0.054608,0.000250,0.000004,0.003743,0.068238
104,0.005397,0.000030,0.000003,0.006462,0.000284,0.000006,0.000796,0.012983
97,0.004624,0.000028,0.000003,0.007790,0.000218,0.000004,0.000480,0.013149
94,0.018466,0.000031,0.000005,0.057812,0.000284,0.000004,0.002199,0.078806
83,0.007718,0.000041,0.000004,0.058161,0.000313,0.000004,0.000200,0.066442
70,0.009054,0.000043,0.000003,0.052742,0.000273,0.000004,0.000676,0.062799
98,0.008143,0.000043,0.000005,0.053860,0.000252,0.000004,0.000167,0.062475
96,0.007526,0.000041,0.000004,0.056318,0.000276,0.000004,0.003079,0.067253
94,0.021343,0.000031,0.000003,0.059318,0.000253,0.000004,0.000383,0.081337
98,0.004428,0.000028,0.000003,0.014695,0.000236,0.000004,0.000511,0.019909
93,0.007581,0.000033,0.000003,0.050652,0.000262,0.000005,0.003926,0.062466
82,0.023576,0.000028,0.000003,0.055655,0.000294,0.000005,0.000855,0.080419
105,0.006077,0.000030,0.000003,0.058007,0.000249,0.000004,0.000547,0.064919
99,0.007983,0.000033,0.000003,0.057924,0.000272,0.000004,0.003721,0.069945
95,0.020124,0.000033,0.000003,0.058175,0.000270,0.000005,0.001642,0.080257
71,0.007755,0.000035,0.000003,0.048544,0.000269,0.000004,0.000668,0.057281
84,0.007552,0.000031,0.000004,0.059591,0.000258,0.000004,0.000178,0.067619
95,0.015054,0.000031,0.000005,0.055602,0.000274,0.000004,0.002146,0.073121
99,0.008334,0.000032,0.000003,0.059085,0.000266,0.000005,0.000170,0.067895
99,0.005514,0.000028,0.000003,0.062420,0.000305,0.000004,0.000635,0.068913
97,0.007186,0.000033,0.000003,0.064282,0.000353,0.000004,0.003594,0.075462
94,0.008238,0.000039,0.000003,0.051346,0.000308,0.000004,0.005170,0.065115
96,0.020778,0.000040,0.000003,0.009412,0.000298,0.000005,0.001838,0.032380
100,0.009234,0.000034,0.000005,0.029448,0.000331,0.000005,0.004906,0.043967
95,0.021764,0.000039,0.000003,0.069833,0.000412,0.000007,0.000413,0.092474
100,0.007272,0.000042,0.000004,0.013591,0.000300,0.000005,0.000660,0.021878
100,0.009108,0.000042,0.000004,0.021659,0.000326,0.000004,0.000201,0.031347
95,0.012462,0.000037,0.000004,0.009734,0.000306,0.000006,0.004591,0.027147
106,0.005561,0.000031,0.000003,0.067896,0.000311,0.000005,0.000593,0.074404
72,0.007217,0.000034,0.000003,0.061786,0.000333,0.000004,0.000813,0.070196
97,0.019695,0.000037,0.000003,0.017306,0.000299,0.000004,0.001960,0.039311
83,0.020375,0.000032,0.000003,0.066159,0.000303,0.000004,0.001551,0.088432
85,0.007944,0.000034,0.000005,0.064950,0.000297,0.000004,0.000222,0.073457
101,0.017611,0.000044,0.000005,0.008739,0.000272,0.000004,0.000202,0.026878
96,0.007182,0.000030,0.000005,0.071619,0.000271,0.000005,0.002249,0.081367
96,0.008380,0.000031,0.000004,0.012917,0.000313,0.000005,0.004174,0.025830
98,0.009847,0.000044,0.000003,0.075865,0.000384,0.000004,0.003434,0.089588
31,0.009480,0.000036,0.000003,0.442357,0.000261,0.000004,0.001460,0.453605
101,0.006518,0.000039,0.000004,0.074735,0.000425,0.000004,0.000760,0.082490
101,0.010826,0.000042,0.000004,0.082271,0.000424,0.000004,0.005763,0.099343
96,0.017106,0.000041,0.000004,0.077357,0.000399,0.000005,0.000412,0.095330
107,0.006421,0.000038,0.000003,0.070153,0.000296,0.000005,0.000581,0.077501
86,0.008576,0.000043,0.000005,0.068897,0.000365,0.000005,0.000261,0.078154
73,0.015399,0.000038,0.000003,0.070243,0.000291,0.000004,0.000815,0.086799
102,0.008036,0.000035,0.000004,0.077067,0.000326,0.000004,0.000206,0.085680
97,0.008336,0.000045,0.000003,0.066986,0.000278,0.000005,0.004555,0.080214
84,0.021684,0.000033,0.000003,0.079191,0.000337,0.000005,0.001174,0.102431
98,0.022725,0.000036,0.000004,0.079773,0.000297,0.000005,0.001590,0.104434
74,0.007707,0.000037,0.000003,0.007960,0.000316,0.000005,0.000803,0.016838
87,0.007552,0.000056,0.000005,0.014612,0.000276,0.000004,0.000194,0.022702
97,0.019760,0.000038,0.000005,0.088488,0.000282,0.000004,0.002295,0.110878
75,0.007999,0.000038,0.000003,0.011947,0.000281,0.000004,0.000717,0.020992
99,0.010823,0.000064,0.000005,0.076664,0.000308,0.000004,0.003084,0.090955
99,0.013899,0.000039,0.000003,0.009514,0.000282,0.000004,0.001502,0.025248
108,0.006507,0.000040,0.000003,0.060733,0.000250,0.000004,0.000487,0.068029
102,0.007429,0.000035,0.000004,0.082426,0.000370,0.000007,0.000910,0.091186
97,0.016221,0.000035,0.000003,0.062973,0.000277,0.000004,0.000316,0.079831
102,0.011150,0.000040,0.000005,0.076056,0.000286,0.000004,0.003974,0.091519
64,0.464644,0.000083,0.000007,0.078217,0.000392,0.000004,0.002820,0.546175
98,0.008561,0.000034,0.000005,0.057890,0.000253,0.000004,0.004109,0.070861
103,0.009530,0.000034,0.000004,0.066736,0.000247,0.000004,0.000181,0.076737
85,0.017835,0.000034,0.000004,0.047306,0.000241,0.000005,0.000985,0.066412
88,0.008062,0.000036,0.000004,0.078449,0.000458,0.000007,0.000281,0.087299
76,0.012050,0.000036,0.000003,0.053893,0.000278,0.000004,0.000746,0.067012
86,0.016392,0.000036,0.000005,0.011808,0.000288,0.000004,0.001033,0.029569
100,0.018178,0.000033,0.000004,0.050138,0.000259,0.000004,0.001471,0.070092
100,0.007007,0.000034,0.000004,0.063359,0.000280,0.000004,0.002618,0.073310
109,0.017245,0.000036,0.000004,0.052767,0.000296,0.000006,0.000625,0.070984
98,0.022844,0.000031,0.000006,0.061158,0.000369,0.000004,0.002367,0.086786
87,0.018490,0.000038,0.000003,0.010092,0.000336,0.000004,0.001436,0.030404
103,0.007785,0.000042,0.000005,0.088805,0.000387,0.000004,0.000694,0.097727
98,0.018268,0.000032,0.000004,0.077777,0.000365,0.000005,0.000443,0.096898
103,0.010256,0.000032,0.000004,0.075235,0.000347,0.000004,0.005662,0.091549
99,0.007791,0.000037,0.000004,0.076467,0.000310,0.000004,0.004839,0.089460
65,0.006454,0.000041,0.000003,0.089598,0.000439,0.000009,0.004978,0.101531
104,0.007903,0.000044,0.000004,0.085768,0.000372,0.000005,0.000211,0.094309
110,0.006728,0.000037,0.000004,0.073148,0.000353,0.000004,0.000734,0.081015
32,0.006653,0.000030,0.000003,0.246258,0.000259,0.000004,0.001440,0.254650
77,0.007519,0.000034,0.000003,0.085071,0.000361,0.000004,0.000946,0.093943
99,0.020377,0.000066,0.000005,0.024652,0.000438,0.000005,0.000427,0.045973
101,0.009301,0.000041,0.000004,0.081280,0.000324,0.000004,0.003874,0.094832
66,0.015420,0.000055,0.000005,0.022785,0.000398,0.000008,0.007270,0.045950
101,0.019941,0.000040,0.000004,0.083725,0.000309,0.000004,0.001754,0.105781
100,0.009730,0.000038,0.000005,0.035766,0.000305,0.000004,0.004484,0.050337
99,0.016615,0.000040,0.000007,0.083862,0.000289,0.000004,0.002183,0.103005
89,0.010198,0.000046,0.000006,0.111336,0.000500,0.000011,0.000330,0.122432
111,0.017432,0.000038,0.000004,0.008627,0.000250,0.000005,0.000619,0.026980
64,0.478666,0.000067,0.000007,0.091329,0.000385,0.000004,0.000293,0.570755
88,0.019528,0.000046,0.000004,0.075174,0.000290,0.000004,0.001106,0.096157
104,0.010775,0.000041,0.000005,0.069529,0.000273,0.000004,0.003588,0.084219
104,0.014676,0.000046,0.000004,0.078971,0.000298,0.000004,0.000598,0.094601
65,0.006779,0.000041,0.000006,0.012937,0.000295,0.000004,0.000249,0.020313
67,0.007256,0.000040,0.000004,0.024107,0.000374,0.000008,0.003794,0.035589
105,0.010984,0.000046,0.000004,0.076670,0.000272,0.000004,0.000191,0.088172
100,0.018797,0.000035,0.000006,0.019147,0.000301,0.000004,0.002337,0.040632
101,0.008081,0.000036,0.000005,0.035451,0.000315,0.000006,0.004273,0.048173
100,0.013229,0.000036,0.000005,0.057772,0.000275,0.000004,0.000356,0.071679
78,0.010727,0.000047,0.000004,0.063578,0.000274,0.000004,0.000713,0.075350
66,0.014478,0.000036,0.000006,0.009219,0.000324,0.000005,0.000310,0.024380
102,0.009161,0.000038,0.000004,0.053339,0.000260,0.000004,0.001649,0.064460
67,0.005349,0.000035,0.000003,0.006891,0.000261,0.000004,0.000246,0.012791
112,0.014864,0.000033,0.000004,0.053883,0.000272,0.000004,0.000480,0.069545
102,0.008566,0.000037,0.000003,0.078869,0.000474,0.000009,0.009039,0.097007
103,0.013301,0.000038,0.000004,0.008065,0.000264,0.000004,0.001698,0.023377
89,0.018925,0.000118,0.000003,0.056408,0.000263,0.000004,0.000982,0.076706
106,0.012672,0.000045,0.000004,0.033990,0.000415,0.000009,0.000283,0.047421
90,0.012450,0.000039,0.000005,0.077686,0.000291,0.000004,0.000267,0.090746
102,0.007853,0.000031,0.000004,0.031118,0.000376,0.000007,0.004843,0.044237
105,0.009473,0.000037,0.000004,0.064749,0.000324,0.000004,0.003638,0.078238
105,0.007100,0.000031,0.000003,0.062649,0.000277,0.000004,0.000575,0.070643
68,0.007140,0.000054,0.000006,0.062002,0.000290,0.000005,0.002179,0.071680
101,0.015985,0.000032,0.000006,0.054831,0.000284,0.000004,0.002291,0.073437
79,0.007598,0.000036,0.000004,0.055157,0.000275,0.000004,0.000710,0.063790
104,0.017102,0.000031,0.000004,0.011632,0.000263,0.000005,0.001729,0.030769
101,0.015165,0.000032,0.000003,0.064902,0.000342,0.000006,0.000389,0.080842
68,0.005660,0.000031,0.000003,0.058789,0.000287,0.000004,0.000237,0.065013
113,0.016939,0.000029,0.000003,0.057796,0.000270,0.000004,0.000792,0.075838
91,0.009919,0.000040,0.000005,0.051098,0.000290,0.000004,0.000211,0.061569
105,0.019973,0.000057,0.000004,0.012650,0.000285,0.000004,0.001731,0.034709
69,0.005047,0.000028,0.000003,0.013527,0.000266,0.000005,0.000232,0.019110
90,0.015033,0.000032,0.000004,0.056227,0.000262,0.000004,0.000915,0.072484
103,0.007677,0.000031,0.000003,0.058644,0.000302,0.000004,0.004065,0.070731
69,0.006061,0.000039,0.000004,0.054251,0.000277,0.000004,0.003287,0.063931
106,0.006597,0.000032,0.000003,0.071535,0.000373,0.000006,0.000771,0.079323
106,0.009501,0.000032,0.000003,0.066165,0.000452,0.000004,0.006263,0.082428
114,0.023235,0.000042,0.000005,0.012475,0.000302,0.000004,0.000522,0.036587
80,0.007713,0.000041,0.000003,0.069327,0.000304,0.000004,0.000854,0.078249
107,0.011200,0.000042,0.000005,0.095944,0.000612,0.000016,0.000455,0.108281
102,0.014030,0.000035,0.000005,0.072336,0.000271,0.000004,0.002322,0.089008
103,0.014208,0.000036,0.000004,0.109563,0.000299,0.000004,0.002915,0.127034
70,0.007373,0.000052,0.000005,0.022321,0.000276,0.000004,0.003000,0.033035
102,0.018722,0.000032,0.000003,0.065737,0.000302,0.000004,0.000391,0.085193
70,0.005655,0.000038,0.000003,0.065233,0.000310,0.000007,0.000235,0.071484
92,0.006599,0.000030,0.000004,0.072034,0.000274,0.000004,0.000185,0.079132
106,0.019010,0.000049,0.000004,0.057663,0.000304,0.000005,0.001611,0.078650
107,0.008219,0.000034,0.000003,0.066756,0.000277,0.000004,0.000662,0.075959
103,0.019382,0.000033,0.000004,0.011106,0.000259,0.000004,0.000335,0.031126
104,0.011084,0.000045,0.000006,0.074096,0.000326,0.000005,0.004331,0.089897
91,0.023843,0.000033,0.000003,0.068651,0.000394,0.000006,0.001046,0.093979
107,0.010683,0.000039,0.000004,0.066763,0.000274,0.000004,0.004164,0.081936
81,0.008879,0.000035,0.000003,0.062431,0.000267,0.000004,0.000777,0.072402
115,0.019143,0.000035,0.000003,0.061712,0.000289,0.000004,0.000548,0.081739
71,0.005865,0.000036,0.000005,0.058894,0.000280,0.000004,0.002611,0.067700
108,0.010890,0.000035,0.000004,0.061628,0.000260,0.000004,0.000159,0.072982
104,0.009335,0.000039,0.000004,0.056760,0.000287,0.000004,0.003113,0.069548
92,0.020468,0.000036,0.000004,0.010507,0.000286,0.000004,0.001123,0.032433
108,0.008707,0.000032,0.000004,0.019821,0.000264,0.000004,0.003893,0.032730
71,0.005143,0.000037,0.000003,0.058450,0.000246,0.000004,0.000217,0.064103
103,0.024265,0.000034,0.000006,0.067381,0.000260,0.000004,0.002157,0.094113
104,0.017996,0.000032,0.000004,0.023381,0.000295,0.000004,0.000400,0.042114
93,0.007949,0.000033,0.000004,0.060485,0.000303,0.000005,0.000207,0.068989
107,0.020537,0.000036,0.000003,0.052233,0.000308,0.000005,0.001953,0.075081
94,0.008693,0.000039,0.000006,0.015128,0.000351,0.000004,0.000251,0.024475
108,0.017191,0.000038,0.000003,0.006201,0.000274,0.000004,0.001643,0.025359
108,0.010105,0.000035,0.000003,0.073675,0.000290,0.000004,0.000622,0.084737
109,0.010170,0.000038,0.000004,0.028339,0.000323,0.000005,0.004852,0.043737
82,0.007741,0.000044,0.000004,0.065725,0.000264,0.000004,0.000775,0.074563
105,0.008812,0.000036,0.000004,0.054813,0.000296,0.000004,0.003552,0.067524
105,0.007952,0.000041,0.000004,0.081614,0.000467,0.000004,0.004303,0.094401
116,0.019985,0.000031,0.000003,0.060351,0.000268,0.000004,0.000532,0.081179
109,0.007521,0.000030,0.000003,0.072005,0.000270,0.000004,0.000165,0.080000
72,0.005716,0.000039,0.000003,0.074604,0.000324,0.000004,0.002833,0.083528
72,0.005469,0.000034,0.000003,0.061332,0.000277,0.000004,0.000233,0.067354
109,0.008108,0.000036,0.000003,0.018462,0.000334,0.000004,0.000600,0.027551
73,0.006285,0.000038,0.000004,0.007417,0.000301,0.000004,0.002803,0.016855
93,0.022024,0.000039,0.000003,0.069204,0.000325,0.000004,0.001214,0.092818
104,0.019678,0.000035,0.000006,0.066307,0.000265,0.000004,0.002105,0.088405
105,0.019929,0.000036,0.000061,0.072756,0.000287,0.000004,0.000355,0.093429
110,0.008060,0.000033,0.000004,0.017539,0.000271,0.000004,0.000572,0.026486
95,0.008789,0.000038,0.000006,0.070586,0.000271,0.000005,0.000183,0.079878
83,0.008900,0.000036,0.000004,0.059453,0.000315,0.000004,0.000878,0.069594
94,0.022960,0.000036,0.000003,0.013396,0.000336,0.000004,0.001258,0.037999
109,0.020916,0.000033,0.000004,0.064664,0.000384,0.000006,0.002079,0.088092
110,0.007867,0.000037,0.000004,0.069590,0.000453,0.000005,0.005005,0.082974
106,0.008731,0.000035,0.000004,0.067564,0.000307,0.000004,0.003620,0.080270
106,0.019968,0.000039,0.000005,0.016783,0.000265,0.000004,0.000396,0.037464
110,0.013522,0.000042,0.000004,0.062431,0.000317,0.000004,0.000194,0.076517
106,0.010019,0.000038,0.000004,0.069633,0.000297,0.000004,0.004586,0.084585
84,0.008368,0.000034,0.000003,0.007409,0.000308,0.000005,0.000714,0.016844
117,0.018839,0.000036,0.000004,0.065004,0.000243,0.000004,0.000496,0.084630
105,0.025457,0.000037,0.000007,0.023162,0.000268,0.000004,0.002438,0.051379
73,0.005799,0.000035,0.000003,0.073195,0.000342,0.000005,0.000274,0.079656
74,0.005979,0.000035,0.000004,0.062443,0.000301,0.000004,0.002862,0.071632
95,0.022848,0.000031,0.000003,0.015165,0.000280,0.000004,0.001113,0.039447
74,0.005931,0.000044,0.000003,0.014093,0.000349,0.000005,0.000292,0.020720
111,0.008145,0.000035,0.000003,0.071906,0.000288,0.000004,0.000590,0.080975
33,0.010937,0.000034,0.000003,0.512578,0.000247,0.000004,0.001805,0.525612
96,0.009884,0.000048,0.000007,0.068450,0.000321,0.000005,0.000185,0.078903
85,0.008461,0.000033,0.000004,0.059872,0.000364,0.000005,0.000774,0.069520
107,0.007828,0.000030,0.000003,0.066646,0.000295,0.000004,0.003178,0.077991
111,0.009906,0.000036,0.000003,0.065897,0.000303,0.000005,0.004143,0.080298
110,0.023025,0.000034,0.000004,0.060865,0.000276,0.000004,0.001680,0.085891
111,0.007747,0.000034,0.000003,0.068392,0.000331,0.000007,0.000180,0.076696
112,0.007886,0.000039,0.000003,0.020338,0.000361,0.000007,0.000602,0.029238
107,0.008473,0.000034,0.000004,0.069115,0.000279,0.000004,0.003901,0.081815
118,0.024628,0.000032,0.000003,0.055917,0.000236,0.000004,0.000484,0.081309
75,0.005728,0.000033,0.000004,0.059078,0.000264,0.000004,0.002380,0.067495
107,0.028104,0.000036,0.000004,0.064640,0.000260,0.000004,0.000459,0.093509
106,0.023054,0.000034,0.000005,0.060094,0.000274,0.000004,0.002201,0.085669
75,0.006020,0.000034,0.000003,0.053281,0.000269,0.000004,0.000221,0.059835
113,0.007694,0.000032,0.000003,0.007926,0.000249,0.000004,0.000549,0.016461
112,0.007955,0.000037,0.000004,0.013907,0.000253,0.000004,0.003608,0.025772
96,0.016574,0.000036,0.000004,0.056126,0.000263,0.000005,0.000969,0.073980
76,0.004971,0.000030,0.000003,0.007956,0.000305,0.000005,0.000265,0.013538
114,0.007194,0.000035,0.000003,0.006954,0.000279,0.000005,0.000624,0.015097
97,0.008426,0.000037,0.000005,0.057689,0.000291,0.000004,0.000181,0.066634
108,0.023231,0.000032,0.000004,0.011026,0.000279,0.000004,0.000384,0.034962
86,0.007999,0.000035,0.000002,0.050815,0.000450,0.000005,0.001054,0.060366
107,0.022677,0.000032,0.000005,0.013092,0.000548,0.000005,0.003315,0.039682
76,0.004902,0.000031,0.000003,0.046001,0.000242,0.000004,0.002370,0.053557
108,0.008166,0.000032,0.000004,0.059492,0.000272,0.000004,0.002825,0.070801
111,0.025350,0.000030,0.000003,0.054417,0.000295,0.000005,0.001627,0.081733
77,0.005221,0.000037,0.000003,0.010736,0.000274,0.000005,0.002513,0.018792
112,0.007255,0.000029,0.000003,0.072176,0.000347,0.000006,0.000216,0.080035
108,0.008482,0.000030,0.000004,0.061974,0.000387,0.000007,0.007157,0.078048
109,0.006527,0.000029,0.000004,0.004564,0.000266,0.000005,0.002931,0.014331
113,0.007228,0.000031,0.000003,0.052652,0.000304,0.000004,0.003546,0.063773
109,0.018268,0.000036,0.000004,0.008512,0.000229,0.000004,0.000309,0.027365
119,0.023922,0.000031,0.000003,0.058424,0.000262,0.000004,0.000484,0.083133
77,0.004781,0.000025,0.000003,0.056694,0.000278,0.000006,0.000232,0.062021
98,0.008037,0.000047,0.000005,0.045938,0.000240,0.000004,0.000209,0.054481
78,0.005105,0.000031,0.000003,0.008833,0.000246,0.000004,0.002506,0.016733
97,0.021024,0.000032,0.000003,0.052475,0.000225,0.000004,0.000925,0.074691
115,0.007208,0.000031,0.000003,0.054921,0.000228,0.000004,0.000546,0.062943
113,0.011026,0.000042,0.000004,0.014262,0.000319,0.000006,0.000222,0.025885
87,0.007555,0.000036,0.000003,0.054440,0.000291,0.000004,0.000717,0.063049
108,0.017495,0.000037,0.000005,0.044949,0.000252,0.000004,0.001895,0.064641
99,0.007717,0.000035,0.000005,0.017168,0.000256,0.000004,0.000190,0.025377
120,0.020854,0.000029,0.000003,0.010634,0.000260,0.000004,0.000495,0.032282
116,0.007220,0.000033,0.000004,0.011891,0.000231,0.000004,0.000576,0.019962
112,0.007549,0.000032,0.000003,0.056570,0.000286,0.000004,0.001645,0.066093
100,0.007344,0.000034,0.000004,0.013468,0.000266,0.000004,0.000200,0.021322
121,0.019723,0.000033,0.000003,0.006547,0.000238,0.000004,0.000557,0.027109
79,0.004391,0.000030,0.000003,0.048868,0.000254,0.000004,0.002352,0.055905
110,0.008006,0.000032,0.000004,0.057173,0.000268,0.000004,0.003161,0.068653
78,0.004983,0.000028,0.000003,0.055601,0.000260,0.000004,0.000239,0.061120
98,0.007015,0.000031,0.000003,0.049794,0.000228,0.000004,0.000973,0.058051
114,0.008222,0.000033,0.000003,0.058302,0.000253,0.000004,0.003676,0.070499
109,0.007277,0.000036,0.000004,0.071159,0.000356,0.000007,0.009149,0.088000
114,0.008540,0.000034,0.000004,0.050074,0.000264,0.000005,0.000185,0.059108
110,0.012011,0.000035,0.000004,0.076360,0.000375,0.000008,0.000544,0.089343
88,0.007198,0.000031,0.000003,0.051932,0.000279,0.000004,0.000708,0.060158
117,0.007809,0.000036,0.000003,0.061603,0.000287,0.000004,0.000613,0.070358
109,0.016315,0.000052,0.000007,0.058318,0.000301,0.000004,0.001928,0.076928
101,0.007587,0.000035,0.000004,0.048296,0.000258,0.000004,0.000194,0.056379
113,0.007778,0.000034,0.000003,0.053800,0.000260,0.000004,0.001665,0.063549
80,0.005073,0.000031,0.000003,0.048148,0.000274,0.000004,0.002636,0.056173
79,0.005275,0.000036,0.000004,0.059981,0.000313,0.000004,0.000240,0.065854
118,0.008591,0.000034,0.000003,0.018648,0.000244,0.000004,0.000523,0.028051
111,0.022912,0.000042,0.000004,0.025760,0.000361,0.000007,0.000466,0.049557
122,0.020578,0.000034,0.000004,0.059353,0.000271,0.000004,0.000504,0.080752
102,0.015547,0.000040,0.000006,0.010159,0.000300,0.000004,0.000203,0.026260
99,0.019533,0.000034,0.000004,0.057914,0.000282,0.000005,0.000964,0.078739
111,0.007879,0.000034,0.000003,0.060460,0.000286,0.000004,0.010655,0.079329
80,0.005443,0.000033,0.000003,0.007392,0.000246,0.000004,0.000252,0.013375
115,0.008651,0.000033,0.000004,0.066777,0.000255,0.000004,0.004182,0.079912
115,0.008718,0.000034,0.000003,0.058611,0.000243,0.000004,0.000160,0.067776
89,0.007475,0.000034,0.000004,0.054669,0.000255,0.000004,0.000721,0.063165
112,0.007846,0.000037,0.000004,0.011571,0.000338,0.000005,0.003481,0.023287
64,0.468690,0.000111,0.000010,0.009521,0.000323,0.000004,0.004800,0.483476
110,0.010570,0.000048,0.000005,0.084067,0.000396,0.000007,0.005503,0.100602
110,0.016171,0.000033,0.000005,0.057432,0.000301,0.000005,0.002347,0.076300
81,0.004612,0.000028,0.000003,0.057544,0.000262,0.000004,0.002338,0.064797
114,0.014837,0.000033,0.000003,0.059203,0.000364,0.000005,0.002340,0.076791
81,0.005177,0.000038,0.000003,0.060590,0.000488,0.000006,0.000319,0.066625
119,0.008475,0.000035,0.000003,0.072575,0.000345,0.000005,0.000767,0.082211
103,0.007780,0.000036,0.000004,0.067266,0.000375,0.000005,0.000257,0.075726
115,0.015407,0.000048,0.000005,0.007969,0.000350,0.000004,0.002116,0.025905
34,0.009341,0.000040,0.000005,0.355313,0.000341,0.000006,0.002334,0.367385
123,0.015131,0.000034,0.000003,0.074262,0.000293,0.000004,0.000638,0.090371
90,0.007744,0.000031,0.000003,0.073101,0.000338,0.000004,0.000854,0.082080
100,0.016248,0.000037,0.000003,0.075836,0.000349,0.000005,0.001234,0.093716
116,0.007594,0.000033,0.000003,0.078201,0.000354,0.000005,0.004439,0.090636
116,0.006431,0.000028,0.000003,0.087425,0.000332,0.000005,0.000189,0.094416
91,0.007565,0.000029,0.000003,0.006613,0.000318,0.000005,0.000807,0.015345
82,0.006153,0.000043,0.000005,0.083521,0.000332,0.000004,0.002858,0.092924
113,0.015141,0.000061,0.000003,0.088787,0.000360,0.000005,0.003856,0.108220
65,0.005653,0.000036,0.000005,0.090872,0.000367,0.000006,0.004949,0.101893
112,0.014447,0.000038,0.000004,0.132067,0.000418,0.000008,0.000573,0.147560
111,0.016381,0.000041,0.000006,0.084316,0.000359,0.000005,0.002757,0.103870
117,0.009788,0.000037,0.000004,0.032926,0.000372,0.000006,0.000191,0.043325
82,0.006423,0.000046,0.000003,0.069861,0.000306,0.000004,0.000261,0.076908
104,0.009182,0.000052,0.000005,0.073734,0.000319,0.000004,0.000222,0.083520
120,0.011879,0.000043,0.000004,0.083728,0.000332,0.000004,0.000613,0.096607
116,0.016226,0.000039,0.000004,0.075699,0.000268,0.000004,0.001830,0.094076
101,0.016318,0.000040,0.000004,0.064261,0.000296,0.000004,0.001070,0.081998
117,0.009544,0.000038,0.000005,0.071106,0.000325,0.000004,0.004196,0.085224
124,0.015985,0.000039,0.000004,0.076111,0.000286,0.000005,0.000524,0.092958
92,0.009178,0.000038,0.000003,0.069880,0.000257,0.000004,0.000715,0.080077
113,0.019064,0.000042,0.000005,0.029196,0.000386,0.000009,0.000564,0.049271
111,0.009773,0.000057,0.000004,0.140552,0.000664,0.000015,0.007253,0.158324
83,0.006234,0.000040,0.000003,0.054240,0.000265,0.000004,0.000241,0.061030
83,0.006891,0.000040,0.000004,0.068266,0.000273,0.000004,0.002788,0.078271
66,0.006531,0.000036,0.000005,0.065824,0.000318,0.000005,0.004098,0.076825
114,0.009631,0.000036,0.000004,0.064602,0.000254,0.000004,0.003080,0.077616
118,0.008309,0.000035,0.000004,0.066911,0.000306,0.000005,0.000172,0.075744
105,0.009988,0.000039,0.000006,0.058354,0.000278,0.000004,0.000197,0.068869
112,0.018114,0.000034,0.000007,0.063692,0.000267,0.000004,0.002201,0.084324
114,0.027780,0.000059,0.000006,0.009685,0.000360,0.000006,0.000492,0.038393
84,0.004587,0.000029,0.000003,0.011668,0.000226,0.000004,0.002235,0.018756
125,0.007204,0.000033,0.000003,0.054078,0.000261,0.000004,0.000499,0.062088
117,0.018279,0.000036,0.000003,0.056788,0.000240,0.000004,0.001603,0.076956
121,0.013382,0.000030,0.000003,0.062965,0.000238,0.000004,0.000557,0.077182
93,0.008069,0.000035,0.000004,0.050430,0.000256,0.000004,0.000690,0.059491
102,0.018589,0.000035,0.000003,0.057895,0.000243,0.000004,0.000950,0.077724
118,0.008621,0.000034,0.000003,0.062118,0.000254,0.000004,0.003724,0.074763
126,0.008974,0.000033,0.000003,0.012783,0.000262,0.000004,0.000498,0.022563
84,0.011806,0.000072,0.000007,0.052164,0.000244,0.000004,0.000239,0.064538
67,0.005376,0.000034,0.000005,0.052208,0.000264,0.000004,0.003364,0.061259
113,0.018058,0.000029,0.000005,0.024220,0.000277,0.000005,0.002151,0.044748
119,0.008207,0.000034,0.000004,0.050575,0.000239,0.000004,0.000150,0.059215
106,0.008216,0.000034,0.000004,0.049051,0.000250,0.000004,0.000195,0.057757
115,0.010672,0.000034,0.000004,0.058002,0.000266,0.000004,0.002493,0.071479
107,0.007530,0.000037,0.000005,0.007244,0.000235,0.000004,0.000188,0.015245
112,0.011472,0.000040,0.000004,0.097012,0.000362,0.000007,0.005576,0.114481
85,0.006734,0.000045,0.000004,0.058475,0.000288,0.000004,0.002679,0.068234
122,0.008125,0.000037,0.000004,0.052036,0.000299,0.000005,0.000548,0.061056
94,0.007873,0.000031,0.000004,0.053177,0.000262,0.000005,0.000645,0.061999
120,0.008281,0.000033,0.000004,0.020763,0.000241,0.000004,0.000160,0.029487
103,0.018923,0.000033,0.000003,0.052455,0.000258,0.000004,0.000936,0.072615
119,0.008244,0.000035,0.000005,0.057890,0.000270,0.000004,0.004255,0.070707
118,0.022075,0.000032,0.000003,0.055493,0.000271,0.000005,0.001685,0.079568
85,0.004667,0.000027,0.000003,0.050574,0.000260,0.000004,0.000203,0.055740
115,0.008661,0.000039,0.000004,0.091163,0.000500,0.000012,0.000758,0.101143
108,0.019899,0.000038,0.000010,0.006619,0.000276,0.000008,0.000271,0.027124
127,0.017163,0.000036,0.000003,0.044478,0.000243,0.000004,0.000480,0.062411
68,0.005151,0.000028,0.000004,0.058059,0.000271,0.000004,0.003886,0.067408
114,0.017401,0.000032,0.000006,0.051737,0.000282,0.000004,0.002293,0.071761
116,0.006950,0.000031,0.000003,0.058166,0.000290,0.000004,0.002607,0.068061
119,0.020160,0.000032,0.000004,0.009407,0.000352,0.000004,0.001860,0.031827
95,0.006192,0.000030,0.000003,0.047137,0.000352,0.000004,0.000787,0.054510
123,0.007083,0.000031,0.000004,0.058198,0.000313,0.000004,0.000617,0.066254
69,0.013113,0.000044,0.000005,0.015269,0.000395,0.000004,0.005425,0.034260
86,0.006133,0.000037,0.000004,0.066366,0.000316,0.000005,0.002796,0.075661
121,0.008170,0.000034,0.000004,0.068576,0.000284,0.000005,0.000170,0.077245
113,0.010457,0.000058,0.000009,0.071547,0.000315,0.000004,0.004152,0.086546
120,0.018616,0.000048,0.000004,0.009905,0.000257,0.000004,0.001812,0.030651
86,0.005108,0.000030,0.000004,0.062288,0.000259,0.000004,0.000232,0.067927
104,0.007868,0.000051,0.000005,0.062824,0.000238,0.000004,0.000951,0.071945
124,0.009081,0.000033,0.000003,0.013473,0.000263,0.000005,0.000571,0.023431
109,0.007003,0.000031,0.000004,0.065787,0.000272,0.000004,0.000190,0.073293
120,0.010469,0.000038,0.000005,0.072099,0.000262,0.000004,0.003522,0.086404
116,0.010919,0.000040,0.000004,0.074383,0.000293,0.000005,0.000369,0.086015
115,0.018885,0.000040,0.000007,0.054581,0.000268,0.000004,0.002095,0.075885
96,0.009740,0.000033,0.000003,0.050637,0.000257,0.000004,0.000764,0.061443
117,0.018425,0.000046,0.000004,0.057070,0.000262,0.000004,0.003018,0.078833
70,0.005993,0.000028,0.000004,0.049117,0.000253,0.000004,0.004094,0.059497
97,0.006605,0.000032,0.000003,0.006067,0.000293,0.000006,0.000784,0.013794
87,0.005524,0.000032,0.000003,0.059014,0.000300,0.000004,0.002773,0.067656
117,0.021604,0.000033,0.000004,0.012622,0.000334,0.000005,0.000465,0.035070
114,0.007448,0.000032,0.000004,0.054533,0.000322,0.000005,0.005974,0.068327
87,0.005366,0.000036,0.000003,0.059795,0.000374,0.000008,0.000309,0.065895
110,0.006245,0.000030,0.000004,0.051704,0.000317,0.000005,0.000275,0.058581
122,0.007863,0.000032,0.000003,0.066954,0.000338,0.000005,0.000220,0.075418
71,0.010080,0.000042,0.000007,0.012860,0.000371,0.000005,0.005703,0.029076
125,0.007325,0.000031,0.000003,0.067853,0.000315,0.000004,0.000646,0.076181
88,0.006012,0.000034,0.000003,0.006254,0.000271,0.000004,0.000206,0.012786
98,0.008127,0.000038,0.000004,0.025311,0.000285,0.000004,0.000840,0.034614
121,0.027256,0.000032,0.000003,0.065341,0.000328,0.000004,0.001798,0.094766
105,0.022343,0.000032,0.000004,0.067864,0.000272,0.000004,0.000967,0.091489
72,0.006347,0.000034,0.000005,0.014529,0.000338,0.000005,0.005070,0.026333
121,0.008727,0.000033,0.000003,0.074574,0.000292,0.000004,0.004280,0.087918
115,0.009836,0.000036,0.000004,0.027000,0.000335,0.000004,0.004758,0.041980
116,0.019698,0.000029,0.000005,0.080903,0.000377,0.000005,0.002084,0.103109
88,0.007227,0.000046,0.000004,0.065162,0.000313,0.000005,0.002978,0.075739
111,0.008038,0.000037,0.000007,0.056424,0.000326,0.000006,0.000227,0.065067
118,0.010190,0.000039,0.000004,0.085801,0.000309,0.000004,0.003544,0.099898
118,0.010339,0.000041,0.000006,0.072603,0.000355,0.000004,0.000424,0.083775
99,0.007039,0.000029,0.000003,0.058323,0.000327,0.000003,0.000857,0.066587
89,0.006373,0.000032,0.000003,0.066938,0.000322,0.000004,0.000285,0.073961
123,0.008649,0.000037,0.000004,0.077640,0.000281,0.000005,0.000203,0.086822
126,0.007637,0.000030,0.000003,0.067274,0.000290,0.000004,0.000628,0.075869
90,0.006036,0.000036,0.000003,0.013205,0.000322,0.000004,0.000332,0.019942
106,0.012686,0.000040,0.000003,0.075254,0.000326,0.000005,0.001134,0.089455
35,0.009192,0.000039,0.000004,0.500266,0.000277,0.000004,0.001412,0.511198
124,0.008958,0.000035,0.000004,0.015114,0.000272,0.000005,0.000167,0.024558
73,0.006009,0.000033,0.000004,0.074129,0.000286,0.000005,0.004834,0.085304
122,0.016982,0.000037,0.000004,0.076704,0.000283,0.000004,0.001705,0.095724
116,0.007450,0.000030,0.000003,0.072461,0.000248,0.000005,0.003770,0.083971
122,0.008661,0.000032,0.000004,0.070745,0.000295,0.000004,0.014787,0.094551
89,0.005809,0.000030,0.000004,0.063648,0.000292,0.000004,0.002542,0.072336
112,0.008008,0.000041,0.000007,0.061831,0.000309,0.000004,0.000221,0.070422
107,0.017020,0.000037,0.000003,0.007495,0.000275,0.000004,0.001003,0.025842
117,0.016446,0.000038,0.000006,0.071699,0.000304,0.000004,0.002625,0.091130
100,0.008749,0.000043,0.000003,0.065328,0.000296,0.000004,0.000696,0.075122
119,0.018073,0.000037,0.000004,0.068336,0.000313,0.000004,0.000376,0.087146
127,0.009034,0.000036,0.000004,0.059792,0.000230,0.000004,0.000578,0.069681
119,0.009081,0.000040,0.000004,0.084309,0.000368,0.000004,0.003074,0.096892
91,0.005577,0.000032,0.000004,0.050392,0.000258,0.000003,0.000206,0.056473
101,0.006576,0.000030,0.000003,0.010762,0.000255,0.000004,0.000621,0.018254
125,0.006977,0.000037,0.000004,0.055441,0.000252,0.000005,0.000182,0.062899
120,0.008326,0.000031,0.000003,0.009826,0.000243,0.000005,0.000332,0.018769
123,0.015494,0.000031,0.000003,0.049749,0.000247,0.000004,0.001466,0.066997
74,0.011080,0.000037,0.000004,0.053846,0.000263,0.000004,0.003864,0.069103
117,0.009657,0.000034,0.000004,0.055324,0.000269,0.000004,0.003786,0.069083
113,0.007923,0.000031,0.000005,0.049965,0.000334,0.000004,0.000196,0.058462
102,0.006251,0.000027,0.000003,0.010799,0.000230,0.000004,0.000617,0.017933
90,0.005632,0.000034,0.000003,0.058586,0.000266,0.000004,0.002513,0.067041
123,0.010500,0.000044,0.000004,0.063997,0.000407,0.000004,0.004007,0.078966
124,0.013493,0.000029,0.000003,0.006264,0.000244,0.000004,0.001600,0.021641
108,0.017384,0.000034,0.000003,0.056608,0.000266,0.000004,0.000942,0.075244
118,0.007591,0.000032,0.000003,0.011094,0.000241,0.000004,0.004722,0.023691
92,0.005056,0.000031,0.000003,0.053322,0.000301,0.000004,0.000214,0.058932
120,0.015194,0.000030,0.000003,0.056213,0.000277,0.000004,0.002981,0.074708
124,0.008530,0.000043,0.000003,0.016971,0.000277,0.000004,0.003883,0.029716
126,0.009123,0.000032,0.000003,0.053302,0.000268,0.000004,0.000183,0.062917
121,0.006969,0.000028,0.000004,0.051794,0.000311,0.000004,0.000370,0.059485
114,0.006516,0.000027,0.000004,0.048922,0.000239,0.000003,0.000175,0.055888
75,0.005070,0.000029,0.000004,0.052384,0.000256,0.000004,0.003725,0.061477
103,0.006922,0.000030,0.000003,0.050222,0.000231,0.000004,0.000643,0.058058
91,0.005607,0.000035,0.000004,0.049043,0.000249,0.000004,0.002502,0.057447
121,0.006201,0.000027,0.000003,0.017342,0.000273,0.000004,0.002789,0.026644
92,0.005737,0.000033,0.000003,0.006367,0.000319,0.000005,0.002806,0.015274
109,0.012626,0.000029,0.000003,0.045233,0.000281,0.000005,0.000857,0.059038
122,0.012522,0.000032,0.000004,0.013544,0.000234,0.000004,0.000329,0.026671
104,0.007134,0.000030,0.000003,0.012732,0.000227,0.000004,0.000610,0.020742
125,0.015800,0.000033,0.000003,0.049985,0.000232,0.000004,0.001593,0.067653
119,0.006687,0.000031,0.000003,0.049455,0.000231,0.000004,0.003479,0.059896
76,0.005621,0.000033,0.000004,0.012328,0.000272,0.000004,0.003786,0.022053
93,0.005245,0.000033,0.000003,0.053725,0.000312,0.000004,0.000371,0.059696
36,0.014071,0.000040,0.000003,0.174841,0.000275,0.000004,0.001543,0.190781
94,0.006659,0.000036,0.000004,0.010846,0.000402,0.000007,0.000331,0.018287
125,0.007090,0.000031,0.000003,0.057289,0.000349,0.000005,0.005640,0.070417
120,0.012132,0.000041,0.000005,0.016533,0.000389,0.000005,0.005038,0.034150
127,0.008207,0.000032,0.000003,0.068149,0.000338,0.000005,0.000197,0.076935
37,0.006966,0.000030,0.000003,0.011041,0.000311,0.000004,0.001892,0.020251
118,0.019270,0.000036,0.000006,0.159907,0.000376,0.000004,0.004744,0.184356
115,0.006883,0.000032,0.000004,0.072439,0.000371,0.000005,0.000252,0.079990
95,0.007228,0.000044,0.000003,0.011992,0.000325,0.000004,0.000311,0.019910
96,0.005725,0.000040,0.000003,0.009077,0.000323,0.000006,0.000312,0.015488
105,0.008257,0.000047,0.000004,0.077441,0.000285,0.000005,0.000770,0.086813
77,0.005900,0.000040,0.000005,0.079740,0.000318,0.000005,0.004589,0.090606
93,0.004799,0.000031,0.000003,0.087289,0.000303,0.000004,0.003305,0.095739
97,0.007027,0.000039,0.000004,0.011015,0.000275,0.000004,0.000245,0.018611
123,0.019373,0.000040,0.000006,0.075469,0.000265,0.000004,0.000391,0.095550
110,0.020110,0.000041,0.000004,0.079959,0.000294,0.000004,0.001120,0.101537
122,0.019264,0.000039,0.000005,0.082273,0.000320,0.000005,0.007612,0.109527
126,0.018706,0.000047,0.000003,0.084567,0.000297,0.000004,0.001835,0.105464
98,0.005921,0.000033,0.000003,0.008278,0.000317,0.000004,0.000283,0.014842
106,0.011888,0.000031,0.000003,0.014807,0.000279,0.000004,0.000722,0.027740
111,0.015018,0.000037,0.000003,0.010184,0.000339,0.000005,0.001054,0.026644
121,0.009443,0.000044,0.000004,0.080267,0.000342,0.000004,0.004512,0.094623
38,0.007493,0.000038,0.000003,0.078250,0.000279,0.000004,0.001570,0.087641
116,0.009441,0.000050,0.000007,0.073310,0.000308,0.000004,0.000223,0.083345
122,0.008682,0.000048,0.000005,0.017905,0.000299,0.000005,0.004796,0.031743
78,0.005699,0.000049,0.000006,0.070377,0.000328,0.000004,0.003800,0.080268
126,0.011950,0.000042,0.000006,0.122166,0.000312,0.000004,0.003834,0.138321
94,0.005507,0.000035,0.000004,0.074636,0.000280,0.000004,0.002344,0.082813
99,0.005327,0.000029,0.000003,0.057997,0.000260,0.000005,0.000232,0.063856
127,0.015256,0.000042,0.000005,0.058048,0.000247,0.000004,0.001704,0.075311
123,0.009321,0.000039,0.000004,0.071178,0.000278,0.000004,0.002898,0.083727
119,0.024504,0.000055,0.000008,0.106647,0.000284,0.000004,0.002301,0.133808
100,0.004787,0.000027,0.000003,0.004675,0.000281,0.000005,0.000247,0.010027
124,0.017257,0.000037,0.000004,0.079334,0.000339,0.000003,0.000369,0.097346
107,0.009380,0.000036,0.000003,0.066999,0.000329,0.000004,0.000675,0.077430
117,0.008742,0.000044,0.000006,0.051895,0.000295,0.000004,0.000195,0.061183
112,0.016012,0.000044,0.000003,0.062920,0.000272,0.000004,0.000933,0.080191
95,0.005226,0.000030,0.000003,0.055881,0.000290,0.000004,0.002666,0.064107
79,0.005618,0.000031,0.000005,0.059223,0.000293,0.000004,0.004156,0.069336
113,0.017054,0.000039,0.000003,0.025204,0.000317,0.000004,0.001046,0.043672
123,0.013750,0.000036,0.000003,0.069343,0.000343,0.000004,0.004245,0.087731
101,0.005698,0.000034,0.000003,0.063251,0.000286,0.000004,0.000246,0.069523
124,0.007358,0.000035,0.000003,0.065892,0.000266,0.000004,0.002906,0.076468
108,0.007612,0.000033,0.000004,0.060515,0.000264,0.000004,0.000682,0.069118
118,0.007948,0.000034,0.000004,0.058332,0.000267,0.000004,0.000198,0.066789
127,0.014834,0.000031,0.000003,0.071206,0.000477,0.000008,0.004107,0.090669
120,0.017716,0.000033,0.000006,0.064092,0.000305,0.000004,0.002332,0.084491
125,0.017862,0.000034,0.000004,0.062669,0.000258,0.000004,0.000331,0.081164
39,0.007578,0.000029,0.000003,0.133480,0.000262,0.000004,0.001450,0.142810
125,0.008285,0.000040,0.000003,0.013030,0.000288,0.000004,0.002786,0.024440
96,0.007639,0.000034,0.000004,0.051073,0.000265,0.000005,0.002445,0.061469
80,0.006118,0.000034,0.000005,0.059652,0.000293,0.000004,0.003702,0.069814
114,0.014438,0.000034,0.000003,0.044098,0.000288,0.000004,0.001068,0.059940
102,0.005560,0.000031,0.000003,0.049076,0.000294,0.000004,0.000280,0.055251
126,0.021727,0.000066,0.000006,0.010488,0.000448,0.000007,0.004904,0.037650
124,0.007344,0.000030,0.000004,0.059527,0.000265,0.000004,0.003306,0.070485
109,0.007363,0.000031,0.000003,0.061159,0.000256,0.000004,0.000680,0.069501
81,0.006895,0.000057,0.000006,0.012609,0.000287,0.000004,0.003629,0.023492
119,0.013742,0.000035,0.000004,0.059459,0.000338,0.000004,0.000223,0.073809
126,0.008605,0.000038,0.000004,0.065605,0.000291,0.000004,0.000348,0.074898
97,0.005064,0.000031,0.000003,0.053877,0.000265,0.000004,0.002454,0.061702
103,0.006713,0.000035,0.000004,0.055515,0.000297,0.000006,0.000234,0.062807
115,0.008802,0.000035,0.000003,0.055253,0.000302,0.000005,0.001047,0.065452
121,0.016754,0.000034,0.000005,0.094316,0.000329,0.000006,0.002656,0.114103
110,0.007101,0.000032,0.000004,0.054675,0.000277,0.000004,0.000648,0.062745
127,0.007960,0.000037,0.000004,0.064400,0.000257,0.000004,0.002479,0.075146
82,0.005371,0.000031,0.000005,0.055876,0.000239,0.000004,0.003804,0.065335
125,0.007894,0.000034,0.000004,0.060706,0.000289,0.000005,0.003621,0.072556
120,0.008373,0.000037,0.000004,0.056390,0.000297,0.000004,0.000196,0.065302
40,0.006620,0.000028,0.000002,0.126625,0.000257,0.000004,0.001366,0.134909
127,0.006303,0.000029,0.000003,0.058112,0.000301,0.000004,0.000343,0.065097
98,0.005906,0.000040,0.000003,0.049684,0.000251,0.000004,0.002476,0.058368
104,0.005546,0.000036,0.000004,0.047798,0.000270,0.000004,0.000238,0.053897
99,0.005336,0.000033,0.000003,0.010465,0.000344,0.000005,0.002692,0.018882
105,0.005454,0.000033,0.000003,0.005610,0.000273,0.000004,0.000243,0.011621
116,0.019437,0.000034,0.000004,0.047056,0.000240,0.000004,0.000823,0.067600
122,0.014620,0.000035,0.000005,0.048303,0.000240,0.000004,0.001918,0.065128
111,0.007541,0.000033,0.000003,0.052404,0.000308,0.000004,0.000709,0.061005
121,0.007207,0.000035,0.000005,0.056094,0.000288,0.000004,0.000211,0.063845
83,0.005795,0.000034,0.000005,0.056352,0.000300,0.000004,0.004720,0.067216
126,0.009392,0.000031,0.000003,0.057424,0.000250,0.000005,0.003988,0.071097
122,0.008171,0.000041,0.000005,0.009090,0.000308,0.000004,0.000195,0.017817
100,0.004989,0.000028,0.000003,0.062221,0.000309,0.000005,0.002641,0.070201
106,0.008608,0.000039,0.000004,0.059229,0.000282,0.000004,0.000253,0.068419
41,0.009034,0.000033,0.000003,0.101815,0.000273,0.000004,0.001547,0.112713
117,0.013933,0.000034,0.000004,0.056087,0.000266,0.000004,0.000911,0.071242
127,0.020500,0.000045,0.000003,0.024535,0.000277,0.000005,0.003958,0.049332
112,0.007883,0.000034,0.000003,0.059064,0.000252,0.000004,0.000620,0.067864
107,0.005602,0.000032,0.000003,0.008830,0.000268,0.000004,0.000241,0.014982
123,0.016563,0.000030,0.000006,0.062961,0.000273,0.000004,0.002154,0.081996
113,0.005812,0.000027,0.000003,0.003636,0.000244,0.000005,0.000610,0.010340
84,0.006028,0.000041,0.000005,0.060142,0.000234,0.000004,0.004110,0.070567
123,0.007556,0.000039,0.000005,0.051413,0.000247,0.000004,0.000204,0.059468
108,0.005221,0.000030,0.000003,0.010593,0.000262,0.000004,0.000222,0.016336
109,0.006504,0.000038,0.000005,0.009673,0.000298,0.000004,0.000237,0.016762
124,0.017134,0.000041,0.000007,0.017333,0.000284,0.000004,0.002302,0.037110
101,0.005477,0.000034,0.000003,0.061144,0.000336,0.000004,0.003124,0.070126
118,0.007729,0.000033,0.000004,0.060634,0.000308,0.000004,0.001157,0.069873
110,0.005391,0.000038,0.000004,0.013468,0.000265,0.000004,0.000237,0.019411
114,0.007440,0.000032,0.000003,0.072329,0.000316,0.000004,0.000771,0.080899
124,0.009057,0.000039,0.000006,0.070658,0.000313,0.000005,0.000211,0.080291
85,0.010835,0.000040,0.000006,0.075543,0.000319,0.000004,0.004466,0.091218
115,0.014276,0.000036,0.000003,0.011009,0.000317,0.000004,0.000642,0.026290
86,0.005407,0.000034,0.000003,0.007144,0.000257,0.000004,0.003818,0.016672
102,0.005917,0.000041,0.000004,0.070680,0.000276,0.000004,0.002461,0.079387
125,0.014346,0.000035,0.000007,0.072916,0.000272,0.000004,0.002032,0.089617
119,0.007420,0.000038,0.000004,0.061576,0.000247,0.000004,0.000899,0.070191
42,0.009065,0.000029,0.000003,0.136434,0.000269,0.000004,0.001533,0.147341
111,0.006697,0.000039,0.000003,0.067453,0.000273,0.000004,0.000213,0.074683
112,0.006051,0.000027,0.000003,0.003603,0.000264,0.000005,0.000232,0.010187
125,0.008084,0.000036,0.000005,0.047411,0.000246,0.000004,0.000185,0.055973
126,0.012376,0.000028,0.000005,0.016331,0.000251,0.000004,0.001907,0.030906
116,0.007184,0.000032,0.000003,0.047837,0.000303,0.000005,0.000879,0.056249
87,0.005981,0.000029,0.000003,0.046548,0.000259,0.000004,0.003606,0.056436
43,0.009332,0.000034,0.000003,0.039048,0.000262,0.000005,0.001536,0.050226
103,0.004875,0.000030,0.000003,0.049872,0.000259,0.000004,0.002571,0.057619
120,0.007129,0.000036,0.000004,0.051586,0.000246,0.000004,0.000981,0.059990
113,0.007686,0.000035,0.000003,0.050498,0.000283,0.000004,0.000230,0.058741
126,0.007766,0.000042,0.000005,0.053029,0.000260,0.000004,0.000207,0.061315
117,0.006379,0.000031,0.000003,0.043688,0.000239,0.000004,0.000568,0.050915
127,0.006818,0.000034,0.000004,0.005593,0.000287,0.000005,0.000202,0.012945
88,0.005333,0.000031,0.000003,0.044236,0.000235,0.000005,0.003662,0.053510
104,0.007376,0.000038,0.000004,0.042290,0.000251,0.000004,0.002253,0.052220
127,0.014829,0.000034,0.000005,0.058715,0.000254,0.000004,0.002112,0.075957
121,0.018851,0.000031,0.000003,0.047875,0.000260,0.000004,0.000908,0.067935
114,0.007110,0.000028,0.000003,0.047726,0.000251,0.000004,0.000220,0.055343
118,0.019723,0.000029,0.000003,0.037140,0.000238,0.000004,0.000557,0.057697
89,0.006935,0.000032,0.000004,0.046026,0.000230,0.000004,0.003390,0.056625
105,0.004531,0.000030,0.000003,0.044038,0.000246,0.000004,0.002092,0.050947
122,0.016628,0.000036,0.000003,0.045720,0.000302,0.000005,0.001087,0.063785
115,0.006752,0.000037,0.000003,0.050869,0.000284,0.000004,0.000249,0.058200
119,0.006689,0.000027,0.000003,0.053129,0.000274,0.000004,0.000722,0.060852
123,0.013505,0.000042,0.000003,0.010152,0.000272,0.000004,0.001017,0.024998
90,0.006645,0.000034,0.000004,0.056085,0.000249,0.000003,0.003630,0.066655
106,0.005162,0.000030,0.000003,0.059578,0.000286,0.000004,0.002321,0.067388
44,0.008323,0.000031,0.000003,0.183009,0.000243,0.000004,0.001532,0.193151
116,0.012167,0.000050,0.000005,0.052096,0.000259,0.000004,0.000217,0.064799
124,0.014766,0.000035,0.000004,0.043859,0.000298,0.000004,0.000972,0.059941
120,0.015842,0.000033,0.000004,0.053434,0.000313,0.000004,0.000704,0.070338
91,0.007275,0.000037,0.000005,0.054076,0.000273,0.000004,0.003440,0.065114
107,0.008613,0.000041,0.000003,0.052058,0.000247,0.000004,0.002282,0.063252
117,0.010403,0.000033,0.000002,0.047434,0.000262,0.000004,0.000209,0.058349
125,0.008397,0.000033,0.000004,0.046362,0.000285,0.000004,0.000917,0.056006
121,0.006980,0.000029,0.000003,0.047221,0.000243,0.000004,0.000595,0.055077
92,0.005946,0.000032,0.000004,0.039337,0.000219,0.000004,0.002977,0.048522
108,0.006699,0.000034,0.000003,0.040101,0.000229,0.000004,0.002326,0.049400
109,0.007818,0.000034,0.000003,0.005631,0.000267,0.000004,0.002531,0.016292
118,0.006862,0.000037,0.000003,0.050743,0.000267,0.000004,0.000242,0.058161
122,0.006547,0.000033,0.000004,0.048570,0.000278,0.000004,0.000562,0.056002
45,0.007820,0.000032,0.000003,0.156564,0.000235,0.000004,0.001367,0.166030
126,0.017509,0.000045,0.000004,0.052164,0.000239,0.000004,0.000863,0.070831
93,0.008173,0.000048,0.000004,0.051702,0.000247,0.000004,0.003446,0.063628
110,0.006839,0.000031,0.000003,0.052716,0.000303,0.000004,0.002342,0.062243
119,0.007005,0.000035,0.000003,0.047734,0.000270,0.000004,0.000230,0.055283
123,0.007779,0.000033,0.000003,0.040666,0.000262,0.000004,0.000607,0.049357
124,0.006886,0.000034,0.000003,0.004856,0.000239,0.000003,0.000610,0.012634
127,0.006746,0.000036,0.000003,0.049885,0.000249,0.000004,0.000912,0.057838
94,0.006754,0.000033,0.000003,0.049560,0.000230,0.000004,0.003403,0.059992
125,0.006542,0.000031,0.000002,0.009793,0.000234,0.000005,0.000569,0.017178
111,0.006711,0.000036,0.000003,0.041869,0.000228,0.000004,0.002062,0.050915
120,0.006849,0.000038,0.000003,0.041836,0.000234,0.000004,0.000184,0.049149
95,0.006890,0.000031,0.000004,0.007632,0.000272,0.000005,0.003686,0.018525
126,0.006095,0.000026,0.000002,0.039560,0.000252,0.000004,0.000597,0.046538
121,0.006029,0.000027,0.000002,0.037567,0.000224,0.000004,0.000189,0.044043
112,0.005189,0.000027,0.000003,0.041275,0.000219,0.000004,0.001766,0.048486
96,0.006362,0.000032,0.000003,0.042181,0.000231,0.000005,0.003450,0.052268
127,0.006261,0.000033,0.000003,0.040537,0.000250,0.000004,0.000618,0.047708
113,0.006117,0.000030,0.000003,0.038901,0.000244,0.000004,0.002095,0.047398
122,0.007059,0.000032,0.000003,0.045106,0.000244,0.000004,0.000196,0.052646
97,0.006619,0.000034,0.000003,0.039544,0.000229,0.000004,0.003312,0.049750
123,0.006052,0.000027,0.000002,0.006861,0.000230,0.000004,0.000200,0.013378
114,0.006210,0.000031,0.000003,0.038137,0.000248,0.000004,0.002140,0.046776
98,0.005577,0.000029,0.000003,0.043697,0.000223,0.000004,0.002884,0.052422
124,0.010356,0.000040,0.000003,0.041661,0.000235,0.000004,0.000214,0.052515
115,0.006247,0.000034,0.000003,0.044655,0.000335,0.000004,0.002320,0.053601
125,0.005610,0.000027,0.000003,0.044829,0.000223,0.000004,0.000199,0.050896
99,0.008473,0.000032,0.000004,0.047166,0.000243,0.000003,0.003334,0.059258
116,0.006410,0.000035,0.000003,0.038191,0.000245,0.000004,0.001871,0.046762
126,0.006418,0.000036,0.000003,0.036856,0.000251,0.000004,0.000243,0.043813
117,0.006226,0.000033,0.000003,0.043328,0.000268,0.000004,0.001966,0.051830
118,0.005996,0.000032,0.000003,0.003042,0.000268,0.000004,0.001998,0.011347
100,0.021447,0.000037,0.000006,0.059605,0.000278,0.000005,0.003862,0.085244
127,0.006261,0.000033,0.000002,0.034626,0.000230,0.000004,0.000205,0.041363
119,0.006107,0.000030,0.000003,0.034949,0.000246,0.000004,0.001902,0.043245
101,0.016589,0.000047,0.000005,0.062765,0.000307,0.000004,0.004523,0.084245
120,0.005752,0.000029,0.000003,0.036953,0.000418,0.000006,0.002277,0.045441
102,0.016277,0.000041,0.000005,0.008378,0.000277,0.000004,0.004376,0.029362
121,0.007587,0.000030,0.000003,0.025500,0.000299,0.000004,0.002086,0.035514
46,0.008106,0.000035,0.000003,0.578955,0.000318,0.000004,0.001376,0.588801
122,0.006471,0.000031,0.000004,0.041379,0.000266,0.000004,0.002057,0.050216
123,0.005721,0.000024,0.000002,0.007631,0.000236,0.000005,0.001994,0.015617
103,0.010222,0.000046,0.000007,0.080659,0.000304,0.000004,0.003894,0.095142
124,0.005601,0.000024,0.000003,0.030049,0.000263,0.000004,0.001975,0.037922
104,0.009476,0.000033,0.000006,0.010747,0.000293,0.000005,0.003676,0.024241
125,0.005515,0.000026,0.000002,0.033095,0.000241,0.000004,0.001831,0.040717
126,0.005692,0.000026,0.000002,0.006723,0.000252,0.000005,0.002108,0.014811
105,0.013311,0.000042,0.000005,0.051944,0.000383,0.000013,0.003812,0.069516
127,0.005515,0.000026,0.000003,0.027461,0.000233,0.000004,0.001706,0.034951
106,0.009848,0.000030,0.000003,0.366150,0.000510,0.000005,0.004364,0.380944
47,0.008860,0.000032,0.000003,0.555571,0.000270,0.000004,0.001532,0.566276
107,0.015634,0.000042,0.000005,0.059995,0.000286,0.000004,0.003688,0.079659
108,0.006576,0.000033,0.000004,0.060609,0.000343,0.000005,0.004181,0.071758
48,0.008408,0.000030,0.000003,0.126696,0.000235,0.000004,0.001347,0.136726
109,0.014019,0.000041,0.000004,0.016160,0.000260,0.000004,0.004337,0.034832
110,0.012853,0.000042,0.000004,0.045580,0.000379,0.000005,0.003021,0.061887
49,0.007229,0.000029,0.000003,0.076260,0.000245,0.000004,0.001356,0.085130
111,0.013262,0.000029,0.000004,0.027127,0.000235,0.000005,0.003055,0.043721
50,0.009091,0.000035,0.000003,0.038898,0.000266,0.000004,0.001265,0.049566
112,0.015202,0.000027,0.000004,0.020809,0.000250,0.000004,0.003124,0.039423
113,0.010320,0.000025,0.000004,0.002531,0.000213,0.000004,0.002736,0.015837
51,0.007360,0.000032,0.000003,0.063887,0.000300,0.000005,0.001378,0.072969
114,0.006629,0.000025,0.000004,0.026245,0.000269,0.000004,0.003108,0.036287
115,0.014082,0.000027,0.000004,0.025665,0.000264,0.000004,0.002979,0.043029
116,0.011598,0.000030,0.000004,0.020221,0.000243,0.000005,0.003213,0.035317
117,0.011718,0.000032,0.000004,0.026204,0.000250,0.000004,0.002877,0.041092
118,0.014993,0.000029,0.000004,0.007990,0.000232,0.000004,0.003125,0.026381
119,0.013097,0.000029,0.000004,0.021924,0.000218,0.000003,0.002954,0.038231
52,0.008714,0.000029,0.000003,0.196903,0.000261,0.000005,0.001423,0.207344
120,0.005414,0.000024,0.000003,0.020412,0.000225,0.000004,0.002827,0.028914
121,0.011404,0.000023,0.000003,0.021310,0.000222,0.000003,0.002963,0.035931
122,0.012710,0.000025,0.000004,0.021411,0.000237,0.000004,0.002934,0.037330
123,0.012999,0.000029,0.000004,0.009810,0.000212,0.000003,0.002808,0.025869
124,0.004456,0.000021,0.000003,0.021498,0.000199,0.000004,0.002539,0.028724
53,0.008347,0.000035,0.000004,0.155599,0.000236,0.000004,0.001315,0.165542
125,0.014088,0.000026,0.000003,0.026081,0.000238,0.000004,0.003066,0.043510
126,0.010667,0.000025,0.000004,0.020599,0.000221,0.000004,0.002908,0.034432
54,0.006787,0.000033,0.000003,0.070821,0.000235,0.000004,0.001373,0.079260
127,0.005719,0.000022,0.000003,0.020064,0.000214,0.000004,0.002866,0.028897
55,0.007502,0.000036,0.000004,0.351808,0.000286,0.000006,0.001343,0.360999
56,0.007940,0.000036,0.000003,0.475149,0.000237,0.000004,0.001265,0.484636
57,0.006237,0.000029,0.000002,0.035185,0.000244,0.000004,0.001337,0.043043
58,0.006542,0.000036,0.000003,0.078087,0.000355,0.000004,0.001340,0.086371
59,0.007194,0.000037,0.000003,0.181383,0.000234,0.000005,0.001290,0.190151
60,0.006680,0.000032,0.000003,0.133191,0.000252,0.000004,0.001377,0.141541
61,0.006692,0.000031,0.000002,0.051260,0.000246,0.000005,0.001253,0.059493
62,0.007685,0.000039,0.000003,0.086047,0.000237,0.000005,0.001304,0.095325
63,0.006420,0.000030,0.000002,0.046675,0.000248,0.000004,0.001246,0.054628
64,0.013285,0.000053,0.000005,0.036388,0.000331,0.000004,0.004779,0.054854
65,0.007139,0.000034,0.000002,0.038757,0.000353,0.000006,0.006839,0.053133
66,0.006690,0.000035,0.000003,0.231389,0.000258,0.000004,0.004566,0.242950
67,0.006132,0.000038,0.000003,0.039646,0.000272,0.000004,0.004676,0.050774
68,0.005385,0.000025,0.000003,0.002918,0.000220,0.000004,0.004554,0.013112
69,0.006156,0.000032,0.000003,0.030606,0.000216,0.000004,0.004207,0.041227
70,0.006291,0.000032,0.000003,0.067775,0.000247,0.000004,0.005059,0.079414
71,0.006249,0.000032,0.000003,0.040551,0.000242,0.000004,0.004810,0.051895
72,0.006013,0.000029,0.000003,0.640923,0.000247,0.000004,0.003973,0.651194
73,0.005451,0.000028,0.000003,0.002942,0.000230,0.000004,0.004629,0.013290
74,0.005120,0.000023,0.000002,0.413845,0.000225,0.000004,0.003857,0.423079
75,0.005572,0.000025,0.000003,0.824706,0.000267,0.000004,0.004063,0.834643
76,0.005648,0.000031,0.000003,0.024969,0.000243,0.000004,0.004173,0.035075
77,0.005574,0.000027,0.000002,0.019966,0.000241,0.000004,0.004030,0.029850
78,0.005783,0.000027,0.000002,0.003671,0.000204,0.000003,0.004026,0.013720
79,0.005788,0.000029,0.000003,0.020220,0.000242,0.000004,0.004042,0.030332
80,0.005449,0.000025,0.000023,0.327697,0.000241,0.000004,0.004176,0.337620
81,0.005689,0.000028,0.000003,0.024177,0.000242,0.000004,0.004314,0.034460
82,0.005765,0.000028,0.000002,0.007127,0.000215,0.000004,0.004190,0.017334
83,0.005695,0.000027,0.000003,0.003495,0.000216,0.000003,0.004181,0.013623
84,0.005991,0.000035,0.000003,0.008293,0.000271,0.000004,0.004580,0.019180
85,0.005506,0.000023,0.000002,0.026563,0.000230,0.000004,0.004474,0.036805
86,0.005653,0.000027,0.000002,0.023197,0.000233,0.000004,0.004121,0.033239
87,0.006144,0.000032,0.000003,0.335666,0.000239,0.000004,0.004092,0.346184
88,0.005696,0.000032,0.000002,0.019841,0.000221,0.000003,0.004208,0.030007
89,0.004893,0.000025,0.000002,0.021227,0.000242,0.000004,0.003755,0.030151
90,0.005560,0.000029,0.000003,0.005606,0.000214,0.000003,0.004031,0.015449
91,0.005564,0.000026,0.000003,0.003946,0.000212,0.000003,0.004202,0.013958
92,0.005754,0.000033,0.000003,0.277143,0.000249,0.000004,0.004262,0.287452
93,0.005809,0.000033,0.000003,0.032754,0.000234,0.000004,0.004184,0.043023
94,0.005800,0.000032,0.000003,0.053320,0.000250,0.000004,0.004860,0.064272
128,0.016648,0.000029,0.000003,0.026227,0.000213,0.000004,0.001058,0.044183
95,0.006583,0.000031,0.000003,0.035783,0.000227,0.000004,0.004499,0.047134
129,0.006041,0.000023,0.000002,0.015019,0.000200,0.000004,0.001044,0.022336
130,0.005945,0.000024,0.000003,0.014181,0.000197,0.000004,0.001048,0.021403
96,0.006064,0.000028,0.000003,0.034698,0.000216,0.000004,0.004583,0.045599
131,0.005178,0.000022,0.000003,0.015154,0.000183,0.000004,0.000947,0.021492
132,0.005760,0.000024,0.000003,0.018495,0.000200,0.000004,0.001068,0.025556
97,0.005217,0.000027,0.000003,0.033208,0.000209,0.000004,0.004023,0.042694
98,0.006028,0.000026,0.000003,0.004798,0.000223,0.000004,0.004567,0.015651
133,0.005304,0.000021,0.000002,0.023436,0.000213,0.000003,0.001065,0.030048
134,0.005192,0.000021,0.000003,0.014971,0.000192,0.000004,0.000930,0.021315
135,0.005149,0.000021,0.000002,0.024763,0.000210,0.000003,0.001058,0.031210
136,0.005305,0.000021,0.000002,0.018771,0.000196,0.000004,0.001037,0.025339
137,0.005113,0.000020,0.000002,0.017475,0.000193,0.000004,0.001022,0.023832
138,0.005254,0.000024,0.000002,0.007128,0.000213,0.000004,0.001204,0.013831
139,0.004250,0.000018,0.000002,0.017360,0.000188,0.000004,0.001154,0.022978
140,0.005675,0.000019,0.000002,0.016164,0.000186,0.000004,0.000969,0.023022
141,0.005250,0.000021,0.000003,0.016239,0.000190,0.000003,0.001239,0.022946
142,0.005834,0.000019,0.000002,0.021280,0.000192,0.000003,0.001040,0.028373
143,0.008475,0.000030,0.000005,0.005812,0.000211,0.000004,0.001012,0.015555
144,0.004983,0.000019,0.000002,0.019382,0.000200,0.000005,0.001031,0.025623
145,0.005133,0.000020,0.000002,0.018995,0.000196,0.000004,0.001091,0.025443
146,0.005148,0.000020,0.000002,0.020400,0.000197,0.000004,0.001041,0.026813
147,0.005112,0.000021,0.000002,0.017340,0.000191,0.000004,0.001008,0.023680
148,0.005782,0.000019,0.000002,0.015061,0.000190,0.000005,0.000923,0.021983
149,0.005200,0.000021,0.000002,0.015891,0.000188,0.000004,0.001000,0.022307
150,0.004431,0.000018,0.000002,0.015255,0.000180,0.000004,0.000909,0.020801
151,0.005024,0.000020,0.000002,0.019362,0.000200,0.000004,0.001038,0.025652
152,0.005254,0.000021,0.000002,0.005502,0.000183,0.000003,0.001015,0.011983
153,0.004958,0.000019,0.000002,0.008753,0.000204,0.000004,0.001009,0.014951
154,0.004685,0.000020,0.000003,0.016188,0.000179,0.000004,0.000940,0.022022
155,0.005049,0.000021,0.000003,0.016351,0.000184,0.000004,0.000942,0.022556
156,0.005842,0.000024,0.000003,0.011345,0.000203,0.000004,0.001076,0.018499
157,0.005313,0.000020,0.000002,0.004988,0.000195,0.000004,0.001002,0.011526
158,0.005662,0.000023,0.000003,0.021149,0.000201,0.000004,0.001040,0.028084
159,0.005373,0.000021,0.000002,0.021085,0.000204,0.000003,0.001047,0.027737
160,0.005401,0.000022,0.000002,0.025741,0.000215,0.000004,0.001103,0.032490
161,0.004645,0.000020,0.000002,0.021380,0.000211,0.000004,0.000968,0.027232
162,0.005619,0.000026,0.000003,0.020921,0.000203,0.000004,0.001066,0.027844
163,0.006930,0.000020,0.000002,0.025109,0.000214,0.000004,0.001064,0.033345
164,0.005401,0.000021,0.000002,0.009455,0.000221,0.000005,0.001203,0.016309
165,0.004752,0.000018,0.000002,0.021830,0.000211,0.000003,0.000959,0.027777
166,0.005343,0.000021,0.000002,0.015274,0.000314,0.000005,0.001527,0.022491
167,0.006625,0.000024,0.000002,0.027354,0.000229,0.000004,0.001077,0.035318
168,0.009701,0.000054,0.000009,0.028366,0.000220,0.000004,0.001086,0.039443
169,0.006547,0.000021,0.000003,0.005480,0.000218,0.000004,0.001325,0.013607
170,0.005770,0.000023,0.000003,0.017326,0.000206,0.000004,0.001031,0.024365
171,0.004999,0.000020,0.000002,0.019904,0.000201,0.000003,0.000954,0.026085
172,0.006552,0.000022,0.000002,0.006632,0.000215,0.000004,0.001210,0.014639
173,0.004825,0.000018,0.000002,0.016180,0.000188,0.000004,0.000924,0.022142
174,0.007367,0.000024,0.000002,0.020010,0.000198,0.000003,0.001040,0.028647
175,0.005501,0.000021,0.000002,0.006102,0.000218,0.000005,0.001329,0.013179
99,0.006756,0.000033,0.000003,1.117362,0.000209,0.000004,0.004498,1.128868
176,0.005866,0.000024,0.000003,0.022801,0.000208,0.000003,0.001077,0.029985
177,0.007289,0.000025,0.000003,0.007865,0.000195,0.000004,0.001018,0.016400
100,0.005959,0.000029,0.000003,0.008489,0.000271,0.000004,0.004701,0.019461
178,0.005026,0.000020,0.000002,0.020275,0.000201,0.000004,0.001010,0.026540
179,0.007515,0.000025,0.000003,0.009594,0.000192,0.000004,0.001024,0.018359
180,0.004589,0.000022,0.000003,0.022800,0.000197,0.000004,0.000917,0.028533
181,0.006720,0.000021,0.000002,0.006517,0.000189,0.000004,0.001006,0.014461
182,0.005023,0.000020,0.000002,0.017534,0.000210,0.000004,0.001003,0.023798
183,0.005156,0.000022,0.000002,0.016509,0.000192,0.000004,0.001033,0.022920
184,0.006242,0.000021,0.000002,0.024345,0.000202,0.000003,0.001077,0.031896
185,0.006395,0.000020,0.000002,0.007625,0.000214,0.000004,0.001175,0.015438
186,0.005383,0.000019,0.000002,0.019271,0.000276,0.000004,0.001071,0.026028
187,0.005337,0.000021,0.000002,0.024055,0.000197,0.000003,0.001029,0.030647
188,0.007261,0.000025,0.000003,0.018415,0.000199,0.000004,0.001020,0.026928
189,0.005393,0.000021,0.000002,0.017255,0.000189,0.000003,0.001027,0.023892
190,0.005643,0.000023,0.000002,0.019334,0.000190,0.000004,0.001020,0.026218
191,0.005323,0.000021,0.000002,0.023970,0.000226,0.000003,0.001108,0.030656
128,0.012529,0.000029,0.000005,0.030865,0.000257,0.000004,0.001398,0.045090
129,0.005690,0.000021,0.000002,0.020879,0.000236,0.000004,0.001419,0.028254
130,0.006300,0.000023,0.000003,0.005858,0.000230,0.000005,0.001474,0.013894
131,0.005323,0.000020,0.000002,0.018698,0.000227,0.000004,0.001396,0.025674
132,0.004623,0.000019,0.000002,0.017265,0.000226,0.000003,0.001295,0.023437
133,0.006406,0.000027,0.000003,0.017578,0.000227,0.000004,0.001472,0.025718
134,0.005516,0.000022,0.000002,0.002507,0.000191,0.000004,0.001239,0.009483
135,0.005807,0.000023,0.000002,0.018734,0.000224,0.000003,0.001460,0.026257
136,0.005453,0.000024,0.000003,0.021770,0.000234,0.000004,0.001472,0.028963
137,0.005424,0.000024,0.000002,0.019611,0.000348,0.000004,0.001467,0.026889
138,0.006339,0.000027,0.000003,0.006351,0.000221,0.000004,0.001576,0.014523
139,0.005112,0.000020,0.000002,0.019483,0.000230,0.000004,0.001406,0.026261
140,0.005179,0.000027,0.000003,0.003158,0.000221,0.000004,0.001476,0.010071
101,0.005914,0.000031,0.000003,0.699440,0.000252,0.000004,0.004576,0.710223
141,0.006129,0.000026,0.000003,0.021219,0.000219,0.000004,0.001446,0.029048
102,0.006552,0.000034,0.000003,0.009477,0.000220,0.000004,0.004624,0.020917
142,0.005406,0.000025,0.000003,0.019202,0.000222,0.000004,0.001476,0.026341
143,0.005469,0.000023,0.000003,0.018445,0.000234,0.000004,0.001430,0.025611
103,0.006409,0.000031,0.000003,0.034910,0.000244,0.000004,0.004428,0.046033
144,0.005563,0.000025,0.000002,0.021084,0.000299,0.000004,0.001461,0.028441
104,0.006815,0.000030,0.000003,0.038487,0.000255,0.000004,0.004614,0.050213
145,0.006854,0.000028,0.000003,0.018863,0.000221,0.000004,0.001301,0.027278
146,0.004751,0.000021,0.000003,0.017093,0.000209,0.000004,0.001258,0.023341
105,0.006218,0.000032,0.000002,0.037976,0.000215,0.000004,0.004353,0.048804
147,0.004808,0.000025,0.000002,0.019242,0.000226,0.000004,0.001203,0.025513
148,0.005340,0.000024,0.000003,0.021852,0.000211,0.000004,0.001226,0.028662
106,0.005881,0.000026,0.000003,0.034526,0.000214,0.000004,0.004352,0.045010
149,0.004662,0.000020,0.000003,0.018249,0.000221,0.000004,0.001264,0.024425
150,0.005609,0.000024,0.000002,0.022210,0.000218,0.000003,0.001443,0.029514
151,0.005645,0.000020,0.000002,0.018387,0.000201,0.000004,0.001240,0.025502
152,0.006550,0.000021,0.000003,0.014402,0.000187,0.000003,0.001199,0.022367
153,0.005892,0.000023,0.000003,0.017887,0.000193,0.000003,0.001386,0.025390
154,0.005143,0.000020,0.000002,0.014962,0.000192,0.000004,0.001204,0.021530
155,0.004425,0.000018,0.000003,0.001392,0.000171,0.000003,0.001138,0.007152
156,0.005867,0.000026,0.000003,0.013822,0.000197,0.000003,0.001243,0.021163
157,0.005895,0.000023,0.000003,0.004995,0.000181,0.000003,0.001359,0.012462
158,0.005004,0.000020,0.000002,0.023522,0.000207,0.000004,0.001368,0.030128
159,0.005229,0.000020,0.000002,0.002942,0.000179,0.000004,0.001228,0.009605
160,0.004940,0.000019,0.000002,0.001963,0.000172,0.000003,0.001286,0.008388
161,0.004937,0.000019,0.000003,0.017114,0.000196,0.000004,0.001384,0.023659
162,0.005272,0.000021,0.000002,0.019232,0.000194,0.000003,0.001211,0.025938
163,0.005058,0.000020,0.000002,0.004130,0.000177,0.000004,0.001182,0.010576
164,0.004833,0.000019,0.000002,0.002883,0.000168,0.000004,0.001135,0.009046
107,0.004969,0.000028,0.000002,0.348856,0.000222,0.000004,0.003774,0.357859
165,0.004839,0.000019,0.000002,0.020318,0.000190,0.000003,0.001274,0.026647
166,0.005172,0.000019,0.000002,0.016056,0.000189,0.000004,0.001233,0.022677
167,0.005103,0.000020,0.000002,0.019078,0.000204,0.000004,0.001377,0.025790
168,0.005829,0.000023,0.000003,0.019980,0.000200,0.000004,0.001249,0.027289
169,0.005220,0.000020,0.000002,0.019182,0.000199,0.000004,0.001361,0.025990
170,0.004531,0.000018,0.000002,0.018531,0.000199,0.000004,0.001211,0.024498
171,0.006003,0.000024,0.000003,0.022143,0.000202,0.000004,0.001405,0.029785
172,0.005299,0.000020,0.000002,0.019076,0.000196,0.000003,0.001219,0.025818
108,0.006521,0.000030,0.000003,0.198522,0.000232,0.000004,0.004306,0.209621
173,0.005896,0.000024,0.000003,0.005865,0.000222,0.000005,0.001547,0.013563
174,0.018804,0.000034,0.000004,0.018438,0.000240,0.000004,0.001301,0.038829
175,0.009065,0.000026,0.000003,0.010904,0.000223,0.000004,0.001296,0.021523
176,0.005952,0.000024,0.000003,0.018804,0.000219,0.000004,0.001347,0.026355
177,0.005289,0.000020,0.000002,0.017494,0.000218,0.000004,0.001312,0.024341
178,0.005345,0.000021,0.000002,0.006299,0.000199,0.000004,0.001227,0.013099
179,0.005907,0.000023,0.000003,0.005125,0.000211,0.000004,0.001542,0.012818
180,0.005060,0.000020,0.000002,0.004703,0.000210,0.000004,0.001947,0.011950
109,0.005823,0.000028,0.000003,0.170417,0.000214,0.000004,0.004300,0.180791
181,0.006201,0.000023,0.000003,0.018051,0.000206,0.000004,0.001375,0.025865
182,0.011144,0.000025,0.000003,0.001813,0.000224,0.000005,0.001364,0.014580
110,0.005792,0.000033,0.000003,0.027632,0.000213,0.000004,0.004515,0.038194
183,0.005872,0.000023,0.000002,0.020758,0.000208,0.000004,0.001311,0.028181
184,0.004674,0.000019,0.000002,0.019498,0.000208,0.000004,0.001216,0.025623
111,0.005845,0.000028,0.000002,0.059401,0.000396,0.000005,0.004652,0.070333
185,0.007732,0.000025,0.000003,0.020399,0.000204,0.000004,0.001410,0.029778
112,0.004777,0.000024,0.000002,0.002360,0.000204,0.000004,0.003729,0.011103
186,0.005324,0.000028,0.000002,0.002800,0.000182,0.000004,0.001257,0.009599
187,0.005721,0.000023,0.000003,0.020435,0.000318,0.000004,0.001400,0.027909
188,0.005642,0.000022,0.000003,0.020314,0.000205,0.000004,0.001391,0.027583
189,0.004558,0.000018,0.000002,0.014751,0.000220,0.000004,0.001411,0.020967
190,0.004491,0.000019,0.000002,0.001964,0.000182,0.000003,0.001129,0.007792
191,0.005796,0.000022,0.000003,0.017869,0.000196,0.000003,0.001332,0.025223
113,0.006336,0.000028,0.000003,0.271898,0.000232,0.000003,0.003865,0.282369
114,0.005112,0.000026,0.000003,0.002096,0.000222,0.000004,0.004204,0.011669
115,0.005334,0.000024,0.000002,0.198355,0.000232,0.000004,0.004450,0.208404
116,0.005793,0.000031,0.000003,0.027104,0.000227,0.000004,0.004585,0.037749
117,0.005056,0.000029,0.000003,0.093546,0.000204,0.000004,0.003698,0.102544
128,0.013718,0.000048,0.000004,0.002507,0.000262,0.000004,0.000739,0.017288
129,0.009093,0.000026,0.000002,0.019279,0.000224,0.000004,0.000776,0.029406
118,0.006105,0.000029,0.000003,0.039773,0.000238,0.000004,0.004374,0.050530
119,0.005847,0.000025,0.000003,0.008022,0.000259,0.000004,0.005101,0.019267
130,0.011569,0.000027,0.000003,0.017137,0.000225,0.000004,0.000775,0.029742
131,0.005667,0.000025,0.000003,0.005513,0.000234,0.000005,0.000851,0.012299
132,0.009526,0.000022,0.000003,0.021125,0.000215,0.000004,0.000646,0.031541
133,0.009422,0.000026,0.000002,0.021453,0.000237,0.000003,0.000798,0.031945
120,0.005349,0.000029,0.000002,0.078061,0.000230,0.000004,0.003857,0.087536
134,0.005842,0.000024,0.000002,0.016847,0.000237,0.000004,0.000792,0.023751
135,0.010385,0.000022,0.000002,0.015879,0.000228,0.000004,0.000709,0.027232
136,0.009449,0.000021,0.000003,0.021036,0.000217,0.000004,0.000732,0.031464
137,0.009935,0.000021,0.000002,0.021314,0.000213,0.000004,0.000727,0.032219
138,0.011354,0.000024,0.000003,0.015894,0.000214,0.000004,0.000711,0.028206
139,0.005378,0.000022,0.000002,0.016117,0.000218,0.000004,0.000715,0.022459
140,0.005419,0.000021,0.000002,0.008757,0.000236,0.000005,0.000838,0.015280
141,0.010064,0.000024,0.000003,0.003110,0.000187,0.000003,0.000682,0.014076
121,0.005697,0.000029,0.000003,0.210761,0.000216,0.000004,0.004334,0.221047
142,0.008700,0.000020,0.000002,0.017119,0.000202,0.000004,0.000725,0.026773
122,0.005530,0.000025,0.000003,0.030726,0.000221,0.000004,0.004217,0.040727
143,0.009435,0.000021,0.000002,0.017350,0.000205,0.000004,0.000712,0.027732
144,0.009503,0.000020,0.000002,0.021895,0.000209,0.000004,0.000748,0.032383
123,0.006367,0.000029,0.000003,0.028176,0.000220,0.000003,0.004215,0.039017
145,0.009718,0.000020,0.000002,0.005789,0.000191,0.000004,0.000706,0.016431
146,0.005506,0.000023,0.000003,0.021384,0.000204,0.000004,0.000641,0.027768
147,0.005412,0.000021,0.000002,0.006018,0.000186,0.000004,0.000710,0.012355
148,0.004221,0.000018,0.000002,0.001459,0.000196,0.000005,0.000695,0.006598
149,0.007300,0.000023,0.000003,0.017865,0.000204,0.000004,0.000707,0.026108
150,0.008788,0.000019,0.000003,0.015043,0.000194,0.000004,0.000649,0.024703
151,0.004721,0.000020,0.000002,0.018095,0.000203,0.000004,0.000664,0.023712
152,0.004656,0.000018,0.000002,0.017505,0.000193,0.000004,0.000686,0.023067
153,0.007289,0.000020,0.000002,0.022279,0.000216,0.000004,0.000758,0.030569
154,0.004752,0.000020,0.000002,0.018050,0.000223,0.000004,0.000698,0.023751
155,0.004995,0.000024,0.000002,0.020199,0.000212,0.000003,0.000708,0.026148
124,0.005550,0.000024,0.000002,0.257603,0.000210,0.000003,0.004241,0.267636
156,0.005543,0.000024,0.000003,0.023376,0.000256,0.000004,0.000759,0.029968
125,0.005954,0.000030,0.000002,0.038375,0.000213,0.000003,0.004420,0.049002
157,0.005609,0.000024,0.000003,0.024178,0.000222,0.000004,0.000757,0.030798
158,0.005479,0.000021,0.000002,0.021956,0.000234,0.000004,0.000802,0.028500
126,0.005857,0.000030,0.000002,0.028800,0.000236,0.000003,0.004211,0.039144
159,0.005607,0.000025,0.000002,0.005790,0.000222,0.000004,0.000782,0.012435
127,0.005305,0.000030,0.000003,0.026001,0.000217,0.000004,0.003654,0.035215
160,0.005486,0.000024,0.000003,0.017579,0.000229,0.000004,0.000650,0.023979
161,0.005718,0.000024,0.000002,0.022030,0.000230,0.000004,0.000774,0.028784
162,0.006569,0.000026,0.000003,0.020429,0.000225,0.000004,0.000737,0.027996
163,0.005492,0.000024,0.000002,0.006451,0.000218,0.000004,0.000761,0.012956
164,0.005448,0.000026,0.000002,0.024083,0.000219,0.000004,0.000733,0.030518
165,0.005442,0.000021,0.000002,0.023262,0.000228,0.000004,0.000782,0.029744
166,0.005555,0.000025,0.000003,0.006697,0.000215,0.000004,0.000736,0.013238
167,0.004649,0.000020,0.000002,0.020943,0.000239,0.000004,0.000692,0.026551
168,0.006505,0.000030,0.000003,0.020692,0.000223,0.000004,0.000746,0.028204
169,0.005571,0.000028,0.000003,0.022935,0.000223,0.000004,0.000765,0.029530
170,0.005471,0.000023,0.000002,0.027097,0.000236,0.000004,0.000786,0.033622
171,0.005741,0.000026,0.000002,0.019176,0.000236,0.000004,0.000758,0.025946
172,0.005514,0.000021,0.000002,0.018383,0.000221,0.000004,0.000733,0.024882
173,0.005451,0.000023,0.000002,0.018249,0.000209,0.000004,0.000708,0.024648
174,0.005346,0.000021,0.000002,0.005942,0.000200,0.000004,0.000724,0.012241
175,0.005288,0.000021,0.000002,0.022936,0.000226,0.000004,0.000727,0.029207
176,0.005389,0.000023,0.000002,0.009537,0.000228,0.000005,0.000827,0.016012
177,0.006116,0.000025,0.000003,0.019365,0.000238,0.000003,0.000725,0.026478
178,0.005567,0.000022,0.000003,0.020419,0.000216,0.000004,0.000729,0.026962
179,0.004545,0.000020,0.000002,0.002351,0.000190,0.000004,0.000688,0.007803
180,0.005072,0.000024,0.000003,0.022890,0.000288,0.000004,0.000763,0.029045
181,0.006069,0.000022,0.000002,0.020847,0.000220,0.000004,0.000734,0.027900
182,0.018042,0.000031,0.000003,0.002966,0.000242,0.000004,0.000846,0.022138
183,0.012511,0.000036,0.000003,0.043504,0.000242,0.000004,0.000917,0.057219
184,0.164088,0.000057,0.000005,0.003628,0.000219,0.000004,0.000838,0.168842
185,0.005426,0.000020,0.000002,0.025045,0.000245,0.000004,0.000753,0.031499
186,0.005859,0.000021,0.000002,0.003904,0.000185,0.000003,0.000806,0.010783
187,0.004275,0.000018,0.000002,0.001564,0.000169,0.000004,0.000600,0.006634
188,0.005178,0.000026,0.000002,0.020635,0.000219,0.000004,0.000709,0.026775
189,0.005614,0.000020,0.000003,0.018725,0.000222,0.000004,0.000815,0.025404
190,0.004997,0.000019,0.000002,0.017604,0.000212,0.000004,0.000750,0.023591
191,0.005959,0.000023,0.000002,0.024306,0.000251,0.000004,0.000743,0.031292
128,0.013545,0.000027,0.000002,0.011487,0.000219,0.000004,0.002518,0.027806
129,0.004496,0.000019,0.000002,0.022338,0.000212,0.000004,0.002364,0.029438
130,0.005316,0.000021,0.000003,0.005048,0.000208,0.000004,0.002892,0.013496
131,0.005561,0.000020,0.000002,0.017418,0.000208,0.000003,0.002549,0.025764
132,0.005275,0.000021,0.000002,0.021517,0.000220,0.000003,0.002574,0.029616
133,0.005555,0.000021,0.000002,0.018785,0.000217,0.000004,0.002827,0.027414
134,0.005625,0.000021,0.000002,0.019761,0.000214,0.000004,0.002511,0.028141
135,0.005264,0.000022,0.000002,0.015818,0.000208,0.000004,0.002549,0.023871
136,0.006343,0.000025,0.000002,0.018121,0.000206,0.000003,0.002722,0.027426
137,0.004511,0.000019,0.000002,0.020590,0.000213,0.000004,0.002450,0.027791
138,0.005366,0.000021,0.000002,0.018901,0.000219,0.000004,0.002606,0.027121
139,0.005239,0.000021,0.000003,0.002315,0.000210,0.000004,0.002902,0.010696
140,0.005732,0.000022,0.000003,0.018024,0.000205,0.000004,0.002484,0.026476
141,0.004652,0.000020,0.000002,0.019644,0.000207,0.000004,0.002340,0.026872
142,0.005299,0.000024,0.000003,0.018955,0.000213,0.000004,0.002787,0.027287
143,0.005549,0.000021,0.000003,0.021238,0.000220,0.000004,0.002754,0.029793
144,0.007320,0.000024,0.000003,0.019384,0.000211,0.000004,0.002555,0.029502
145,0.005352,0.000021,0.000002,0.018225,0.000215,0.000004,0.002681,0.026503
146,0.004592,0.000021,0.000002,0.019735,0.000204,0.000003,0.002630,0.027189
147,0.005493,0.000024,0.000002,0.018184,0.000214,0.000004,0.002710,0.026633
148,0.006314,0.000021,0.000002,0.018143,0.000208,0.000004,0.002582,0.027276
149,0.005514,0.000024,0.000002,0.022152,0.000209,0.000004,0.002778,0.030686
150,0.004583,0.000018,0.000002,0.017150,0.000208,0.000003,0.002251,0.024219
151,0.005704,0.000023,0.000002,0.005013,0.000195,0.000004,0.002650,0.013593
152,0.004988,0.000021,0.000002,0.023468,0.000219,0.000004,0.002534,0.031239
153,0.004592,0.000019,0.000003,0.016271,0.000198,0.000004,0.002195,0.023283
154,0.005375,0.000021,0.000002,0.018170,0.000206,0.000004,0.002461,0.026241
155,0.005420,0.000020,0.000002,0.015408,0.000207,0.000004,0.002424,0.023488
156,0.004537,0.000019,0.000003,0.021110,0.000203,0.000004,0.002305,0.028184
157,0.005829,0.000025,0.000003,0.020443,0.000218,0.000003,0.003074,0.029597
158,0.005488,0.000021,0.000002,0.016839,0.000213,0.000004,0.002497,0.025067
159,0.006431,0.000024,0.000003,0.018241,0.000220,0.000004,0.002800,0.027725
160,0.005333,0.000024,0.000002,0.002431,0.000215,0.000004,0.003136,0.011149
161,0.006697,0.000026,0.000003,0.022545,0.000221,0.000004,0.002559,0.032058
162,0.006505,0.000023,0.000003,0.018171,0.000216,0.000004,0.002837,0.027761
163,0.005574,0.000022,0.000002,0.019114,0.000207,0.000004,0.002797,0.027722
164,0.005189,0.000021,0.000002,0.016439,0.000205,0.000004,0.002744,0.024607
165,0.005494,0.000024,0.000002,0.018453,0.000211,0.000004,0.002571,0.026761
166,0.005178,0.000021,0.000002,0.018950,0.000214,0.000004,0.002476,0.026848
128,0.008742,0.000028,0.000003,0.384132,0.000248,0.000004,0.001168,0.394330
167,0.005485,0.000023,0.000002,0.017438,0.000224,0.000004,0.002624,0.025803
168,0.005700,0.000022,0.000002,0.023651,0.000224,0.000003,0.002549,0.032154
129,0.005720,0.000027,0.000002,0.047454,0.000230,0.000004,0.001232,0.054672
169,0.004823,0.000019,0.000002,0.016122,0.000205,0.000004,0.002318,0.023496
170,0.005708,0.000025,0.000003,0.005991,0.000226,0.000004,0.002866,0.014824
130,0.012814,0.000031,0.000003,0.047651,0.000248,0.000004,0.001517,0.062272
171,0.005200,0.000020,0.000002,0.022867,0.000231,0.000004,0.002578,0.030906
172,0.005665,0.000025,0.000003,0.020590,0.000226,0.000004,0.002491,0.029009
131,0.006539,0.000032,0.000003,0.043302,0.000228,0.000004,0.001189,0.051300
173,0.005637,0.000022,0.000002,0.018815,0.000226,0.000004,0.002608,0.027317
132,0.006674,0.000033,0.000003,0.004337,0.000253,0.000004,0.001483,0.012791
174,0.006216,0.000025,0.000003,0.021361,0.000216,0.000004,0.002764,0.030591
133,0.009587,0.000035,0.000004,0.039966,0.000226,0.000005,0.001072,0.050899
175,0.007059,0.000027,0.000003,0.019787,0.000211,0.000004,0.002628,0.029722
176,0.005410,0.000021,0.000002,0.022740,0.000213,0.000004,0.002501,0.030894
134,0.011271,0.000032,0.000003,0.040109,0.000229,0.000004,0.001056,0.052707
177,0.005332,0.000022,0.000002,0.021199,0.000222,0.000004,0.002480,0.029264
178,0.004564,0.000020,0.000002,0.004490,0.000183,0.000004,0.002486,0.011753
135,0.006326,0.000029,0.000003,0.038751,0.000246,0.000004,0.001070,0.046430
179,0.006255,0.000028,0.000002,0.019313,0.000230,0.000004,0.002645,0.028482
136,0.006224,0.000031,0.000003,0.012542,0.000237,0.000003,0.001069,0.020113
180,0.005602,0.000025,0.000002,0.021091,0.000228,0.000004,0.002555,0.029510
137,0.005897,0.000030,0.000003,0.038164,0.000239,0.000004,0.001270,0.045610
181,0.005831,0.000029,0.000003,0.026051,0.000240,0.000004,0.002540,0.034701
138,0.006091,0.000034,0.000003,0.040392,0.000275,0.000003,0.001298,0.048103
182,0.006335,0.000029,0.000003,0.020542,0.000236,0.000004,0.002635,0.029788
183,0.005766,0.000028,0.000003,0.024998,0.000224,0.000004,0.002929,0.033956
139,0.005895,0.000031,0.000003,0.036503,0.000210,0.000004,0.001017,0.043666
184,0.005688,0.000021,0.000002,0.016735,0.000214,0.000004,0.002503,0.025170
185,0.005959,0.000020,0.000002,0.007706,0.000226,0.000005,0.002849,0.016770
140,0.006413,0.000030,0.000003,0.038829,0.000248,0.000004,0.001139,0.046668
186,0.006173,0.000024,0.000003,0.018890,0.000211,0.000004,0.002587,0.027895
141,0.005969,0.000029,0.000003,0.037891,0.000248,0.000003,0.001092,0.045239
187,0.004958,0.000023,0.000003,0.017613,0.000204,0.000004,0.002225,0.025031
188,0.006229,0.000026,0.000002,0.002671,0.000220,0.000004,0.005036,0.014195
189,0.005129,0.000019,0.000002,0.007397,0.000225,0.000004,0.002797,0.015577
142,0.005941,0.000030,0.000003,0.035752,0.000234,0.000004,0.001099,0.043065
190,0.005691,0.000022,0.000002,0.010358,0.000208,0.000003,0.002358,0.018645
143,0.009263,0.000029,0.000003,0.006442,0.000228,0.000003,0.001046,0.017016
191,0.005217,0.000019,0.000002,0.002807,0.000177,0.000004,0.002277,0.010506
144,0.005068,0.000024,0.000002,0.006842,0.000209,0.000003,0.000967,0.013118
145,0.006843,0.000029,0.000003,0.035469,0.000231,0.000004,0.001143,0.043726
146,0.007064,0.000028,0.000003,0.003599,0.000234,0.000004,0.001286,0.012220
147,0.005759,0.000028,0.000003,0.033625,0.000207,0.000003,0.001092,0.040721
148,0.006878,0.000032,0.000003,0.039927,0.000236,0.000004,0.001062,0.048144
149,0.005947,0.000034,0.000002,0.007454,0.000277,0.000004,0.001421,0.015143
150,0.007162,0.000032,0.000003,0.006316,0.000260,0.000004,0.001299,0.015080
151,0.005104,0.000023,0.000003,0.030465,0.000222,0.000004,0.000988,0.036811
152,0.008262,0.000030,0.000003,0.037529,0.000213,0.000004,0.001058,0.047102
153,0.006677,0.000028,0.000003,0.040794,0.000232,0.000004,0.001100,0.048840
154,0.006048,0.000026,0.000003,0.033927,0.000209,0.000003,0.001018,0.041236
155,0.005752,0.000025,0.000002,0.039741,0.000234,0.000004,0.001029,0.046790
156,0.005341,0.000027,0.000003,0.033749,0.000210,0.000003,0.000925,0.040261
157,0.006884,0.000026,0.000003,0.022192,0.000251,0.000004,0.001025,0.030389
158,0.006466,0.000036,0.000003,0.045470,0.000236,0.000004,0.001112,0.053329
159,0.006421,0.000032,0.000003,0.034691,0.000227,0.000004,0.001026,0.042408
160,0.009253,0.000028,0.000003,0.031088,0.000202,0.000003,0.000925,0.041504
161,0.006119,0.000023,0.000002,0.033219,0.000216,0.000004,0.000987,0.040571
162,0.005308,0.000025,0.000002,0.003527,0.000225,0.000004,0.001116,0.010210
163,0.004992,0.000025,0.000003,0.006830,0.000239,0.000004,0.000923,0.013020
164,0.006050,0.000037,0.000003,0.006527,0.000231,0.000004,0.001005,0.013860
165,0.005761,0.000028,0.000003,0.028351,0.000228,0.000003,0.001050,0.035427
166,0.007049,0.000030,0.000003,0.025313,0.000240,0.000003,0.001031,0.033673
167,0.008212,0.000025,0.000003,0.026801,0.000256,0.000004,0.001028,0.036331
168,0.008573,0.000027,0.000002,0.007068,0.000217,0.000003,0.001001,0.016894
169,0.005225,0.000022,0.000002,0.022821,0.000238,0.000003,0.001025,0.029340
170,0.005584,0.000032,0.000002,0.007045,0.000226,0.000004,0.001029,0.013926
171,0.005215,0.000025,0.000002,0.010119,0.000231,0.000003,0.001011,0.016610
172,0.005849,0.000031,0.000002,0.028643,0.000307,0.000003,0.001043,0.035882
173,0.006537,0.000036,0.000003,0.020545,0.000232,0.000003,0.001084,0.028443
174,0.007887,0.000024,0.000002,0.003212,0.000216,0.000004,0.001026,0.012373
175,0.006339,0.000025,0.000003,0.020437,0.000226,0.000004,0.001063,0.028101
176,0.006383,0.000024,0.000002,0.019967,0.000228,0.000003,0.001040,0.027651
177,0.007949,0.000023,0.000002,0.018882,0.000231,0.000003,0.001004,0.028097
178,0.005958,0.000027,0.000003,0.006820,0.000234,0.000004,0.001137,0.014186
179,0.005090,0.000022,0.000002,0.023027,0.000216,0.000004,0.001027,0.029390
180,0.006834,0.000025,0.000002,0.019217,0.000225,0.000003,0.001018,0.027327
128,0.012737,0.000056,0.000006,0.019945,0.000228,0.000004,0.003231,0.036211
181,0.004702,0.000021,0.000002,0.017914,0.000217,0.000003,0.000933,0.023794
129,0.005512,0.000022,0.000002,0.018204,0.000221,0.000004,0.003226,0.027194
182,0.005376,0.000024,0.000003,0.028583,0.000238,0.000004,0.001036,0.035266
130,0.005570,0.000026,0.000003,0.023210,0.000236,0.000004,0.003498,0.032549
183,0.006605,0.000030,0.000003,0.026285,0.000228,0.000004,0.001074,0.034231
131,0.005708,0.000025,0.000003,0.024146,0.000227,0.000004,0.003158,0.033275
132,0.005418,0.000022,0.000002,0.007053,0.000220,0.000004,0.003863,0.016585
184,0.006196,0.000029,0.000003,0.030162,0.000256,0.000004,0.001016,0.037668
133,0.005005,0.000022,0.000002,0.021791,0.000228,0.000004,0.003353,0.030409
185,0.005945,0.000029,0.000003,0.008120,0.000259,0.000004,0.001176,0.015539
134,0.006401,0.000028,0.000003,0.018209,0.000231,0.000004,0.003297,0.028176
186,0.007726,0.000030,0.000003,0.026444,0.000235,0.000004,0.001061,0.035504
187,0.005722,0.000032,0.000002,0.006282,0.000220,0.000004,0.001064,0.013329
135,0.005826,0.000029,0.000003,0.022506,0.000221,0.000004,0.003098,0.031689
188,0.005457,0.000027,0.000002,0.026819,0.000223,0.000004,0.001071,0.033606
136,0.005455,0.000021,0.000003,0.015614,0.000194,0.000004,0.002794,0.024087
137,0.004601,0.000020,0.000002,0.015689,0.000202,0.000004,0.003024,0.023545
189,0.005957,0.000032,0.000003,0.027494,0.000222,0.000005,0.001353,0.035069
138,0.005317,0.000022,0.000002,0.019990,0.000208,0.000004,0.003209,0.028755
190,0.008882,0.000033,0.000003,0.033760,0.000220,0.000004,0.001069,0.043973
139,0.005241,0.000020,0.000002,0.017601,0.000209,0.000004,0.003104,0.026184
140,0.005985,0.000025,0.000003,0.021637,0.000227,0.000004,0.003415,0.031298
191,0.006163,0.000030,0.000004,0.038924,0.000232,0.000003,0.001084,0.046443
141,0.005546,0.000023,0.000003,0.015681,0.000212,0.000004,0.003322,0.024792
142,0.005681,0.000022,0.000002,0.007407,0.000198,0.000003,0.003035,0.016351
143,0.005257,0.000025,0.000003,0.023916,0.000226,0.000004,0.003736,0.033170
144,0.005451,0.000025,0.000003,0.005546,0.000223,0.000004,0.003612,0.014867
145,0.004487,0.000020,0.000002,0.024032,0.000208,0.000004,0.002947,0.031704
146,0.005356,0.000021,0.000002,0.018499,0.000209,0.000004,0.003084,0.027178
147,0.005435,0.000024,0.000003,0.022327,0.000203,0.000004,0.003411,0.031408
148,0.004734,0.000019,0.000003,0.002418,0.000202,0.000005,0.003437,0.010820
149,0.005555,0.000020,0.000002,0.020750,0.000215,0.000003,0.003419,0.029967
150,0.005437,0.000022,0.000003,0.006383,0.000217,0.000004,0.003726,0.015794
151,0.005108,0.000020,0.000002,0.017832,0.000220,0.000004,0.003337,0.026527
152,0.006621,0.000022,0.000002,0.002776,0.000197,0.000004,0.003036,0.012660
153,0.013366,0.000027,0.000002,0.020729,0.000222,0.000004,0.003085,0.037438
154,0.005237,0.000020,0.000002,0.004044,0.000200,0.000003,0.002987,0.012496
155,0.005051,0.000023,0.000003,0.022535,0.000215,0.000004,0.003301,0.031136
156,0.005681,0.000024,0.000003,0.002598,0.000212,0.000005,0.003726,0.012251
157,0.005742,0.000023,0.000003,0.019052,0.000211,0.000004,0.003559,0.028595
158,0.004613,0.000020,0.000002,0.001851,0.000206,0.000004,0.003186,0.009885
159,0.005822,0.000024,0.000002,0.018721,0.000216,0.000004,0.003526,0.028318
160,0.004743,0.000021,0.000002,0.005501,0.000234,0.000004,0.003117,0.013625
161,0.005936,0.000021,0.000002,0.015447,0.000206,0.000004,0.002912,0.024530
162,0.005810,0.000023,0.000003,0.016634,0.000204,0.000004,0.003439,0.026120
163,0.005345,0.000023,0.000003,0.018317,0.000214,0.000004,0.003113,0.027022
164,0.005248,0.000021,0.000003,0.021678,0.000206,0.000004,0.003140,0.030301
165,0.004576,0.000018,0.000002,0.015421,0.000194,0.000004,0.002810,0.023028
166,0.005284,0.000021,0.000003,0.015525,0.000199,0.000003,0.002976,0.024014
167,0.005040,0.000019,0.000002,0.016889,0.000206,0.000003,0.003212,0.025374
168,0.005375,0.000022,0.000003,0.017059,0.000198,0.000004,0.002807,0.025470
169,0.005224,0.000021,0.000002,0.018009,0.000194,0.000004,0.002923,0.026380
170,0.005102,0.000020,0.000002,0.016029,0.000211,0.000004,0.002959,0.024329
171,0.005233,0.000022,0.000002,0.018732,0.000216,0.000004,0.003220,0.027433
172,0.005322,0.000021,0.000002,0.019033,0.000209,0.000003,0.003264,0.027858
173,0.005592,0.000021,0.000002,0.009283,0.000222,0.000004,0.003169,0.018296
174,0.006351,0.000027,0.000003,0.018497,0.000212,0.000004,0.003079,0.028176
175,0.005245,0.000021,0.000003,0.020071,0.000227,0.000004,0.002980,0.028553
176,0.005220,0.000021,0.000002,0.016804,0.000202,0.000003,0.003040,0.025295
177,0.005252,0.000020,0.000002,0.003097,0.000181,0.000003,0.002795,0.011353
178,0.004186,0.000018,0.000002,0.004821,0.000206,0.000005,0.003073,0.012313
179,0.005886,0.000025,0.000002,0.006102,0.000215,0.000004,0.003276,0.015511
180,0.005048,0.000020,0.000002,0.018061,0.000205,0.000004,0.002998,0.026338
181,0.004717,0.000022,0.000003,0.001639,0.000205,0.000005,0.002991,0.009583
182,0.005666,0.000022,0.000003,0.004106,0.000198,0.000004,0.005801,0.015805
183,0.004813,0.000022,0.000002,0.017692,0.000207,0.000004,0.002860,0.025602
184,0.004398,0.000018,0.000002,0.001369,0.000161,0.000003,0.002524,0.008477
185,0.004900,0.000020,0.000002,0.017089,0.000191,0.000004,0.002958,0.025166
186,0.005140,0.000020,0.000002,0.019938,0.000217,0.000003,0.002894,0.028217
187,0.005535,0.000023,0.000003,0.017982,0.000195,0.000004,0.003011,0.026755
188,0.005105,0.000021,0.000002,0.017730,0.000192,0.000004,0.003444,0.026500
189,0.005105,0.000020,0.000002,0.017888,0.000196,0.000003,0.003157,0.026374
190,0.005261,0.000020,0.000002,0.002065,0.000173,0.000003,0.002936,0.010463
191,0.004829,0.000020,0.000002,0.019256,0.000199,0.000003,0.003413,0.027724
128,0.008477,0.000034,0.000006,0.028465,0.000303,0.000006,0.000562,0.037856
129,0.008552,0.000027,0.000003,0.028774,0.000287,0.000006,0.000493,0.038146
130,0.007265,0.000037,0.000004,0.009542,0.000317,0.000005,0.000556,0.017728
131,0.012980,0.000036,0.000004,0.025277,0.000218,0.000004,0.000353,0.038874
132,0.007169,0.000027,0.000003,0.030826,0.000283,0.000006,0.000465,0.038783
133,0.012563,0.000031,0.000004,0.008220,0.000305,0.000007,0.000625,0.021759
134,0.007272,0.000021,0.000003,0.053729,0.000308,0.000009,0.000866,0.062212
135,0.009692,0.000042,0.000005,0.041345,0.000298,0.000006,0.000664,0.052057
136,0.013018,0.000040,0.000004,0.040717,0.000312,0.000006,0.000541,0.054642
137,0.010845,0.000047,0.000003,0.010801,0.000296,0.000005,0.000565,0.022566
138,0.009551,0.000034,0.000004,0.043308,0.000301,0.000006,0.000556,0.053764
139,0.007081,0.000039,0.000003,0.051287,0.000299,0.000006,0.000525,0.059242
140,0.006394,0.000025,0.000003,0.008123,0.000205,0.000004,0.000413,0.015169
141,0.008482,0.000026,0.000003,0.005232,0.000256,0.000005,0.000463,0.014469
142,0.005778,0.000032,0.000003,0.025932,0.000208,0.000004,0.000371,0.032330
143,0.005521,0.000025,0.000003,0.036717,0.000208,0.000004,0.000390,0.042870
144,0.010883,0.000031,0.000004,0.009747,0.000241,0.000004,0.000421,0.021332
145,0.008584,0.000028,0.000003,0.023802,0.000221,0.000003,0.000380,0.033024
146,0.006226,0.000030,0.000004,0.036015,0.000234,0.000004,0.000409,0.042923
147,0.010952,0.000028,0.000003,0.034613,0.000216,0.000004,0.000424,0.046242
148,0.010692,0.000030,0.000003,0.032919,0.000223,0.000004,0.000381,0.044255
149,0.005679,0.000029,0.000003,0.036225,0.000223,0.000005,0.000409,0.042574
150,0.005709,0.000023,0.000003,0.010408,0.000232,0.000004,0.000472,0.016854
151,0.008025,0.000028,0.000003,0.034874,0.000234,0.000004,0.000381,0.043551
152,0.008432,0.000030,0.000003,0.008546,0.000207,0.000004,0.000389,0.017612
153,0.004810,0.000025,0.000003,0.026389,0.000220,0.000004,0.000359,0.031811
154,0.005929,0.000029,0.000003,0.033164,0.000231,0.000003,0.000386,0.039748
155,0.005853,0.000028,0.000003,0.034914,0.000225,0.000004,0.000391,0.041420
156,0.006174,0.000031,0.000004,0.032539,0.000217,0.000004,0.000378,0.039348
157,0.005714,0.000028,0.000003,0.007085,0.000248,0.000005,0.000453,0.013538
158,0.006300,0.000026,0.000003,0.028208,0.000238,0.000003,0.000384,0.035165
159,0.005929,0.000029,0.000004,0.037797,0.000433,0.000004,0.000419,0.044619
160,0.006409,0.000028,0.000003,0.025324,0.000227,0.000004,0.000350,0.032347
161,0.007260,0.000032,0.000003,0.029497,0.000212,0.000004,0.000403,0.037414
162,0.005063,0.000026,0.000003,0.027149,0.000221,0.000004,0.000350,0.032818
163,0.010885,0.000034,0.000003,0.036207,0.000238,0.000004,0.000384,0.047757
164,0.008629,0.000027,0.000003,0.010799,0.000234,0.000004,0.000368,0.020066
165,0.006756,0.000028,0.000003,0.029711,0.000218,0.000004,0.000367,0.037088
166,0.011821,0.000029,0.000003,0.034795,0.000224,0.000004,0.000388,0.047266
167,0.005738,0.000025,0.000003,0.011622,0.000229,0.000004,0.000430,0.018053
168,0.008444,0.000021,0.000003,0.031160,0.000204,0.000004,0.000350,0.040186
169,0.007974,0.000025,0.000003,0.032437,0.000258,0.000004,0.000359,0.041062
170,0.007969,0.000027,0.000003,0.028665,0.000232,0.000004,0.000370,0.037272
171,0.005743,0.000026,0.000003,0.033148,0.000225,0.000004,0.000356,0.039507
172,0.011867,0.000036,0.000003,0.034034,0.000238,0.000004,0.000371,0.046553
173,0.012905,0.000028,0.000003,0.006798,0.000215,0.000004,0.000369,0.020323
174,0.006590,0.000030,0.000003,0.035213,0.000236,0.000004,0.000385,0.042463
175,0.010079,0.000028,0.000004,0.031285,0.000235,0.000004,0.000360,0.041996
176,0.006002,0.000023,0.000002,0.011098,0.000225,0.000004,0.000386,0.017744
177,0.006603,0.000030,0.000003,0.033384,0.000219,0.000004,0.000390,0.040634
178,0.007123,0.000024,0.000002,0.027921,0.000233,0.000004,0.000369,0.035680
179,0.006054,0.000030,0.000003,0.030858,0.000221,0.000004,0.000395,0.037566
180,0.012144,0.000037,0.000003,0.035011,0.000250,0.000004,0.000478,0.047929
181,0.013149,0.000032,0.000003,0.029707,0.000227,0.000004,0.000388,0.043512
182,0.010341,0.000030,0.000003,0.026330,0.000205,0.000004,0.000411,0.037325
183,0.010211,0.000028,0.000003,0.030827,0.000212,0.000004,0.000387,0.041675
184,0.007225,0.000026,0.000003,0.036305,0.000222,0.000004,0.000368,0.044155
185,0.006963,0.000021,0.000003,0.033483,0.000230,0.000004,0.000358,0.041063
186,0.009908,0.000024,0.000003,0.030206,0.000218,0.000003,0.000386,0.040752
187,0.010712,0.000044,0.000005,0.033627,0.000215,0.000004,0.000370,0.044978
188,0.008197,0.000029,0.000003,0.024903,0.000234,0.000003,0.000376,0.033747
189,0.012382,0.000029,0.000003,0.025225,0.000229,0.000004,0.000384,0.038256
190,0.010505,0.000030,0.000003,0.033127,0.000241,0.000004,0.000376,0.044287
191,0.005991,0.000027,0.000002,0.024362,0.000231,0.000004,0.000366,0.030985
128,0.011790,0.000054,0.000006,0.002792,0.000199,0.000004,0.002823,0.017670
129,0.008216,0.000024,0.000003,0.019363,0.000215,0.000004,0.003075,0.030903
130,0.005262,0.000020,0.000002,0.020488,0.000201,0.000004,0.002926,0.028906
131,0.008258,0.000020,0.000002,0.019285,0.000198,0.000004,0.002883,0.030653
132,0.009351,0.000024,0.000002,0.018809,0.000199,0.000004,0.003084,0.031476
133,0.007811,0.000020,0.000002,0.019462,0.000199,0.000004,0.003032,0.030534
134,0.005439,0.000020,0.000002,0.021511,0.000211,0.000004,0.003055,0.030246
135,0.009969,0.000025,0.000003,0.018124,0.000216,0.000004,0.003052,0.031395
136,0.005422,0.000020,0.000002,0.023140,0.000204,0.000004,0.003066,0.031862
137,0.009106,0.000020,0.000002,0.006375,0.000195,0.000004,0.003004,0.018709
138,0.006048,0.000023,0.000002,0.017414,0.000192,0.000004,0.002945,0.026629
139,0.004596,0.000019,0.000002,0.001709,0.000173,0.000004,0.002654,0.009159
140,0.004244,0.000017,0.000003,0.016090,0.000187,0.000004,0.002650,0.023196
141,0.007976,0.000040,0.000002,0.022472,0.000201,0.000004,0.003295,0.033994
142,0.004551,0.000018,0.000002,0.002450,0.000173,0.000004,0.002619,0.009821
143,0.005069,0.000019,0.000002,0.016317,0.000187,0.000004,0.003022,0.024622
144,0.004525,0.000018,0.000002,0.016708,0.000176,0.000004,0.002566,0.024001
145,0.005615,0.000019,0.000002,0.017960,0.000191,0.000004,0.002919,0.026714
146,0.005345,0.000019,0.000002,0.015118,0.000215,0.000004,0.003048,0.023755
147,0.005202,0.000021,0.000002,0.019148,0.000190,0.000004,0.002797,0.027367
148,0.006079,0.000022,0.000003,0.004392,0.000191,0.000004,0.002536,0.013229
149,0.005120,0.000019,0.000002,0.018386,0.000187,0.000004,0.002913,0.026634
150,0.004467,0.000018,0.000002,0.004543,0.000174,0.000003,0.002600,0.011810
151,0.005202,0.000020,0.000002,0.005876,0.000181,0.000004,0.002759,0.014046
152,0.004995,0.000020,0.000002,0.023312,0.000199,0.000004,0.002927,0.031461
153,0.005216,0.000020,0.000002,0.003941,0.000181,0.000003,0.002794,0.012161
154,0.004519,0.000021,0.000003,0.017597,0.000179,0.000003,0.002602,0.024927
155,0.005186,0.000023,0.000003,0.014801,0.000194,0.000004,0.002592,0.022805
156,0.005152,0.000022,0.000003,0.004522,0.000174,0.000003,0.002679,0.012557
157,0.004921,0.000020,0.000002,0.022142,0.000202,0.000004,0.002761,0.030055
158,0.004553,0.000019,0.000002,0.021729,0.000193,0.000004,0.002644,0.029147
159,0.006182,0.000024,0.000003,0.010622,0.000203,0.000003,0.002851,0.019890
160,0.005672,0.000024,0.000003,0.022718,0.000209,0.000004,0.002918,0.031550
161,0.005265,0.000022,0.000002,0.020057,0.000196,0.000004,0.002785,0.028333
162,0.006286,0.000021,0.000002,0.022813,0.000199,0.000004,0.002858,0.032185
163,0.006324,0.000020,0.000002,0.023191,0.000192,0.000004,0.002805,0.032542
164,0.005449,0.000019,0.000002,0.022709,0.000182,0.000004,0.002508,0.030876
165,0.005010,0.000020,0.000002,0.005752,0.000210,0.000005,0.003205,0.014206
166,0.005880,0.000022,0.000002,0.016043,0.000184,0.000004,0.002832,0.024970
167,0.005962,0.000024,0.000003,0.020963,0.000200,0.000004,0.002841,0.029999
168,0.005530,0.000020,0.000002,0.005346,0.000177,0.000003,0.003111,0.014193
169,0.004939,0.000019,0.000002,0.018000,0.000193,0.000004,0.002778,0.025939
170,0.005134,0.000022,0.000002,0.006449,0.000216,0.000005,0.003255,0.015085
171,0.004899,0.000020,0.000002,0.019226,0.000210,0.000004,0.002830,0.027194
172,0.005316,0.000020,0.000002,0.022284,0.000206,0.000004,0.002810,0.030646
173,0.005346,0.000020,0.000002,0.022696,0.000201,0.000003,0.002939,0.031211
174,0.005291,0.000021,0.000002,0.009291,0.000217,0.000004,0.003327,0.018156
175,0.005877,0.000024,0.000003,0.023792,0.000212,0.000004,0.003002,0.032916
176,0.006217,0.000026,0.000003,0.022817,0.000209,0.000004,0.002822,0.032102
177,0.006037,0.000025,0.000003,0.018561,0.000200,0.000003,0.002772,0.027604
178,0.005114,0.000021,0.000002,0.019867,0.000209,0.000004,0.002885,0.028105
179,0.006016,0.000023,0.000003,0.006583,0.000207,0.000004,0.002760,0.015599
180,0.004230,0.000018,0.000002,0.001311,0.000156,0.000003,0.003590,0.009312
181,0.005669,0.000023,0.000003,0.008087,0.000204,0.000005,0.003204,0.017197
182,0.004881,0.000019,0.000002,0.024394,0.000198,0.000004,0.002802,0.032304
183,0.004504,0.000019,0.000002,0.004195,0.000196,0.000004,0.002761,0.011683
184,0.005800,0.000023,0.000003,0.019484,0.000212,0.000004,0.002958,0.028487
185,0.005267,0.000020,0.000002,0.022475,0.000208,0.000004,0.002729,0.030709
186,0.005261,0.000020,0.000002,0.023487,0.000215,0.000004,0.002808,0.031801
187,0.005789,0.000021,0.000003,0.023608,0.000218,0.000004,0.002961,0.032607
188,0.006644,0.000022,0.000002,0.020656,0.000208,0.000005,0.003043,0.030584
189,0.006437,0.000025,0.000003,0.024634,0.000224,0.000004,0.002900,0.034229
190,0.006772,0.000021,0.000002,0.020863,0.000203,0.000004,0.002897,0.030766
191,0.005288,0.000023,0.000003,0.022733,0.000240,0.000004,0.002597,0.030891
128,0.010767,0.000040,0.000003,0.018075,0.000291,0.000004,0.000331,0.029515
129,0.008417,0.000023,0.000002,0.019428,0.000227,0.000003,0.000330,0.028433
130,0.010500,0.000031,0.000003,0.019396,0.000223,0.000004,0.000317,0.030476
131,0.009215,0.000028,0.000003,0.018928,0.000222,0.000004,0.000325,0.028726
132,0.006923,0.000024,0.000003,0.017887,0.000213,0.000003,0.000300,0.025355
133,0.008778,0.000026,0.000003,0.019488,0.000219,0.000003,0.000336,0.028855
134,0.009278,0.000024,0.000002,0.003489,0.000197,0.000004,0.000316,0.013311
135,0.007878,0.000020,0.000002,0.021702,0.000219,0.000004,0.000332,0.030157
136,0.009259,0.000025,0.000002,0.019272,0.000214,0.000004,0.000304,0.029082
137,0.008961,0.000024,0.000002,0.003790,0.000221,0.000004,0.000349,0.013354
138,0.009744,0.000028,0.000002,0.007060,0.000226,0.000005,0.000351,0.017419
139,0.008163,0.000021,0.000002,0.020191,0.000217,0.000003,0.000327,0.028928
140,0.006274,0.000026,0.000003,0.003075,0.000224,0.000004,0.000352,0.009960
141,0.005180,0.000023,0.000002,0.022632,0.000219,0.000003,0.000318,0.028381
142,0.009263,0.000031,0.000004,0.023284,0.000228,0.000004,0.000307,0.033121
143,0.010208,0.000028,0.000003,0.021233,0.000217,0.000003,0.000297,0.031990
144,0.007330,0.000023,0.000003,0.006309,0.000229,0.000005,0.000371,0.014272
145,0.005889,0.000024,0.000002,0.018836,0.000212,0.000004,0.000311,0.025280
146,0.008836,0.000026,0.000003,0.019891,0.000212,0.000003,0.000301,0.029274
147,0.008815,0.000025,0.000002,0.018408,0.000217,0.000003,0.000299,0.027773
148,0.011279,0.000029,0.000003,0.018951,0.000325,0.000006,0.000464,0.031062
149,0.016033,0.000070,0.000004,0.033883,0.000372,0.000004,0.000329,0.050698
150,0.008846,0.000031,0.000002,0.017525,0.000220,0.000004,0.000309,0.026940
151,0.008480,0.000024,0.000002,0.016598,0.000232,0.000004,0.000351,0.025694
152,0.006322,0.000023,0.000002,0.017225,0.000217,0.000004,0.000302,0.024096
153,0.007967,0.000022,0.000002,0.022425,0.000235,0.000004,0.000333,0.030991
154,0.008026,0.000024,0.000002,0.002878,0.000225,0.000004,0.000349,0.011511
155,0.007583,0.000024,0.000003,0.002646,0.000218,0.000004,0.000325,0.010804
156,0.012500,0.000029,0.000003,0.024927,0.000230,0.000004,0.000473,0.038167
157,0.010026,0.000026,0.000003,0.018694,0.000224,0.000004,0.000345,0.029324
158,0.008684,0.000028,0.000003,0.022510,0.000224,0.000003,0.000346,0.031801
159,0.008294,0.000027,0.000003,0.022492,0.000239,0.000004,0.000347,0.031406
160,0.007683,0.000029,0.000002,0.015692,0.000224,0.000004,0.000318,0.023955
161,0.008409,0.000024,0.000002,0.024975,0.000228,0.000004,0.000307,0.033950
162,0.007056,0.000023,0.000003,0.024506,0.000232,0.000004,0.000322,0.032147
163,0.008025,0.000027,0.000002,0.026759,0.000243,0.000004,0.000357,0.035420
164,0.011807,0.000027,0.000002,0.021928,0.000228,0.000004,0.000338,0.034337
165,0.010290,0.000026,0.000002,0.019498,0.000230,0.000004,0.000349,0.030401
166,0.011298,0.000026,0.000003,0.004635,0.000206,0.000004,0.000350,0.016523
167,0.011275,0.000024,0.000002,0.009394,0.000211,0.000004,0.000338,0.021250
168,0.010923,0.000023,0.000003,0.025414,0.000334,0.000006,0.000514,0.037220
169,0.008868,0.000042,0.000003,0.005604,0.000217,0.000004,0.000337,0.015076
170,0.005696,0.000023,0.000002,0.004591,0.000197,0.000004,0.000345,0.010860
171,0.009942,0.000022,0.000002,0.022941,0.000235,0.000004,0.000341,0.033490
172,0.005812,0.000023,0.000002,0.021253,0.000221,0.000004,0.000354,0.027671
173,0.012168,0.000026,0.000002,0.019228,0.000229,0.000004,0.000342,0.032001
174,0.011589,0.000028,0.000002,0.023369,0.000238,0.000004,0.000332,0.035562
175,0.011392,0.000030,0.000003,0.025843,0.000251,0.000004,0.000356,0.037880
176,0.006726,0.000027,0.000006,0.003839,0.000230,0.000004,0.000398,0.011232
177,0.004723,0.000021,0.000003,0.001900,0.000195,0.000004,0.000709,0.007559
178,0.015980,0.000033,0.000003,0.021224,0.000237,0.000004,0.000364,0.037846
179,0.011824,0.000028,0.000002,0.007200,0.000215,0.000004,0.000367,0.019643
180,0.011756,0.000034,0.000003,0.021461,0.000231,0.000004,0.000325,0.033815
181,0.005756,0.000028,0.000002,0.002756,0.000199,0.000004,0.000339,0.009086
182,0.013422,0.000023,0.000003,0.021663,0.000226,0.000004,0.000321,0.035663
183,0.013413,0.000025,0.000003,0.020391,0.000232,0.000004,0.000355,0.034424
184,0.010039,0.000025,0.000002,0.019081,0.000219,0.000004,0.000306,0.029678
185,0.006220,0.000026,0.000003,0.010979,0.000276,0.000003,0.000376,0.017889
186,0.005688,0.000022,0.000003,0.021338,0.000228,0.000004,0.000331,0.027615
187,0.011359,0.000027,0.000003,0.022200,0.000222,0.000004,0.000368,0.034184
188,0.009664,0.000022,0.000003,0.017330,0.000226,0.000004,0.000323,0.027573
189,0.005480,0.000024,0.000003,0.004949,0.000207,0.000004,0.000364,0.011033
190,0.010429,0.000023,0.000002,0.019044,0.000209,0.000004,0.000342,0.030055
191,0.008813,0.000022,0.000002,0.015697,0.000198,0.000004,0.000297,0.025034
128,0.017878,0.000044,0.000010,0.026792,0.000282,0.000005,0.001555,0.046575
129,0.009014,0.000032,0.000004,0.007013,0.000242,0.000004,0.001516,0.017829
130,0.008284,0.000034,0.000004,0.021081,0.000242,0.000004,0.001434,0.031086
131,0.009985,0.000026,0.000004,0.023422,0.000245,0.000004,0.001304,0.034995
132,0.012919,0.000034,0.000004,0.006955,0.000225,0.000004,0.001371,0.021514
133,0.009310,0.000033,0.000004,0.033251,0.000230,0.000004,0.001416,0.044252
134,0.011816,0.000031,0.000004,0.024672,0.000237,0.000004,0.001524,0.038291
135,0.011885,0.000033,0.000005,0.024599,0.000247,0.000004,0.001437,0.038213
136,0.010971,0.000027,0.000004,0.026278,0.000356,0.000007,0.002187,0.039835
137,0.017080,0.000033,0.000005,0.032205,0.000291,0.000005,0.001493,0.051125
138,0.012130,0.000043,0.000004,0.023717,0.000258,0.000004,0.001384,0.037543
139,0.011993,0.000028,0.000004,0.022521,0.000249,0.000004,0.001416,0.036217
140,0.011859,0.000030,0.000004,0.021151,0.000231,0.000005,0.001388,0.034670
141,0.011856,0.000034,0.000004,0.006995,0.000223,0.000004,0.001390,0.020509
142,0.012872,0.000031,0.000004,0.020608,0.000260,0.000004,0.001267,0.035048
143,0.010068,0.000026,0.000004,0.028354,0.000227,0.000004,0.001353,0.040038
144,0.011186,0.000025,0.000004,0.025189,0.000250,0.000004,0.001337,0.037997
145,0.011038,0.000029,0.000004,0.033715,0.000590,0.000005,0.001613,0.047014
146,0.012245,0.000031,0.000004,0.006638,0.000210,0.000004,0.001848,0.020982
147,0.010455,0.000028,0.000003,0.028006,0.000233,0.000004,0.001398,0.040130
148,0.014059,0.000029,0.000004,0.010076,0.000218,0.000004,0.001564,0.025956
149,0.010497,0.000029,0.000004,0.028183,0.000210,0.000004,0.001207,0.040137
150,0.012102,0.000027,0.000003,0.023441,0.000229,0.000004,0.001484,0.037293
151,0.012462,0.000029,0.000003,0.018648,0.000223,0.000004,0.001405,0.032777
152,0.011787,0.000034,0.000004,0.025084,0.000220,0.000004,0.001400,0.038537
153,0.010143,0.000034,0.000004,0.023797,0.000220,0.000004,0.001352,0.035556
154,0.011452,0.000026,0.000003,0.004114,0.000216,0.000004,0.001420,0.017238
155,0.014208,0.000040,0.000005,0.016405,0.000354,0.000004,0.001492,0.032512
156,0.012971,0.000034,0.000004,0.029525,0.000234,0.000004,0.001397,0.044172
157,0.010658,0.000043,0.000004,0.024933,0.000245,0.000004,0.001321,0.037211
158,0.009625,0.000030,0.000004,0.006703,0.000247,0.000005,0.001520,0.018136
159,0.011945,0.000028,0.000004,0.021228,0.000237,0.000005,0.001442,0.034890
160,0.011098,0.000034,0.000004,0.022654,0.000222,0.000004,0.001313,0.035330
161,0.010314,0.000031,0.000004,0.007202,0.000262,0.000005,0.001696,0.019517
162,0.011234,0.000027,0.000003,0.021231,0.000225,0.000004,0.001197,0.033925
163,0.011534,0.000025,0.000003,0.021893,0.000230,0.000005,0.001438,0.035131
164,0.011874,0.000026,0.000004,0.031199,0.000234,0.000004,0.001373,0.044717
165,0.010770,0.000024,0.000003,0.024636,0.000231,0.000004,0.001402,0.037074
166,0.008443,0.000034,0.000005,0.020471,0.000222,0.000004,0.001323,0.030504
167,0.006692,0.000033,0.000004,0.007097,0.000223,0.000004,0.001417,0.015472
168,0.011479,0.000025,0.000003,0.005747,0.000209,0.000004,0.001368,0.018837
169,0.010169,0.000028,0.000003,0.025017,0.000228,0.000004,0.001345,0.036796
170,0.015138,0.000029,0.000003,0.020841,0.000233,0.000004,0.001356,0.037607
171,0.010547,0.000025,0.000003,0.023078,0.000235,0.000004,0.001553,0.035449
172,0.011965,0.000027,0.000003,0.003262,0.000217,0.000004,0.001424,0.016905
173,0.008091,0.000024,0.000003,0.020905,0.000221,0.000004,0.001482,0.030732
174,0.006969,0.000023,0.000003,0.023689,0.000222,0.000004,0.001424,0.032337
175,0.012068,0.000028,0.000004,0.027669,0.000224,0.000004,0.001350,0.041351
176,0.012126,0.000029,0.000004,0.003719,0.000207,0.000004,0.001369,0.017460
177,0.011095,0.000025,0.000003,0.004669,0.000212,0.000004,0.001336,0.017346
178,0.005670,0.000023,0.000003,0.034485,0.000227,0.000004,0.001420,0.041835
179,0.011754,0.000029,0.000004,0.022933,0.000262,0.000005,0.001757,0.036748
180,0.006713,0.000032,0.000004,0.025604,0.000225,0.000004,0.001330,0.033914
181,0.011741,0.000028,0.000004,0.024834,0.000240,0.000004,0.001442,0.038295
182,0.006577,0.000027,0.000004,0.021211,0.000247,0.000004,0.001352,0.029424
183,0.005503,0.000025,0.000003,0.025508,0.000231,0.000004,0.001419,0.032696
184,0.005557,0.000022,0.000004,0.006939,0.000228,0.000005,0.001570,0.014327
185,0.008380,0.000025,0.000004,0.029427,0.000225,0.000004,0.001319,0.039387
186,0.005291,0.000024,0.000003,0.028316,0.000236,0.000004,0.001360,0.035237
187,0.005712,0.000023,0.000003,0.018878,0.000199,0.000004,0.001273,0.026095
188,0.005463,0.000022,0.000003,0.024089,0.000238,0.000004,0.001352,0.031175
189,0.006376,0.000027,0.000003,0.021152,0.000240,0.000004,0.001409,0.029213
190,0.005957,0.000028,0.000004,0.020847,0.000216,0.000004,0.001298,0.028356
191,0.004660,0.000020,0.000003,0.022893,0.000225,0.000004,0.001237,0.029046
128,0.015910,0.000041,0.000003,0.027526,0.000246,0.000004,0.001094,0.044827
129,0.007557,0.000026,0.000003,0.018044,0.000226,0.000004,0.001003,0.026865
130,0.005652,0.000024,0.000003,0.023736,0.000255,0.000004,0.001029,0.030705
131,0.008236,0.000028,0.000003,0.023218,0.000215,0.000004,0.001033,0.032740
132,0.005590,0.000026,0.000003,0.023896,0.000233,0.000004,0.001263,0.031017
133,0.005643,0.000028,0.000003,0.023867,0.000237,0.000004,0.001162,0.030947
134,0.005176,0.000024,0.000003,0.018686,0.000226,0.000003,0.001031,0.025151
135,0.005910,0.000025,0.000003,0.024320,0.000231,0.000004,0.001093,0.031589
136,0.004853,0.000021,0.000003,0.017907,0.000224,0.000003,0.000990,0.024005
137,0.006117,0.000024,0.000003,0.027526,0.000233,0.000004,0.001059,0.034968
138,0.005529,0.000021,0.000003,0.021089,0.000222,0.000004,0.001024,0.027893
139,0.006355,0.000026,0.000003,0.022359,0.000239,0.000004,0.001157,0.030147
140,0.007881,0.000034,0.000003,0.007589,0.000243,0.000005,0.001145,0.016902
141,0.007206,0.000034,0.000004,0.025145,0.000233,0.000003,0.001159,0.033787
142,0.011076,0.000031,0.000003,0.023393,0.000232,0.000003,0.001307,0.036048
143,0.007782,0.000030,0.000003,0.003027,0.000209,0.000004,0.001046,0.012102
144,0.006139,0.000030,0.000003,0.021465,0.000240,0.000004,0.001056,0.028940
145,0.006449,0.000030,0.000004,0.022250,0.000230,0.000004,0.001077,0.030046
146,0.005835,0.000031,0.000003,0.023583,0.000239,0.000004,0.001018,0.030716
147,0.009688,0.000038,0.000004,0.003405,0.000249,0.000004,0.001260,0.014651
148,0.006535,0.000028,0.000003,0.022817,0.000246,0.000004,0.001035,0.030670
149,0.005740,0.000029,0.000003,0.003011,0.000218,0.000004,0.001049,0.010056
150,0.007242,0.000031,0.000003,0.029285,0.000242,0.000003,0.001064,0.037873
151,0.007227,0.000037,0.000004,0.022877,0.000234,0.000004,0.001096,0.031479
152,0.007936,0.000033,0.000003,0.005436,0.000204,0.000004,0.001061,0.014679
153,0.005549,0.000024,0.000003,0.024910,0.000250,0.000004,0.000995,0.031736
154,0.006585,0.000029,0.000003,0.004143,0.000204,0.000003,0.000980,0.011951
155,0.007786,0.000026,0.000003,0.023275,0.000234,0.000003,0.001071,0.032402
156,0.007576,0.000034,0.000004,0.011003,0.000233,0.000004,0.001071,0.019928
157,0.007203,0.000032,0.000004,0.020342,0.000231,0.000004,0.001048,0.028867
158,0.006521,0.000031,0.000003,0.028524,0.000227,0.000003,0.001020,0.036333
159,0.008039,0.000032,0.000004,0.007201,0.000242,0.000004,0.001195,0.016720
160,0.005810,0.000033,0.000003,0.021359,0.000242,0.000004,0.001045,0.028499
161,0.009208,0.000044,0.000004,0.028080,0.000236,0.000004,0.001053,0.038632
162,0.006594,0.000034,0.000004,0.002546,0.000244,0.000005,0.001162,0.010592
163,0.006848,0.000033,0.000004,0.007871,0.000228,0.000004,0.001075,0.016064
164,0.006772,0.000032,0.000003,0.003135,0.000236,0.000005,0.001202,0.011387
165,0.009040,0.000044,0.000004,0.029558,0.000238,0.000004,0.001120,0.040011
166,0.006215,0.000029,0.000004,0.023700,0.000238,0.000004,0.000963,0.031156
167,0.008361,0.000034,0.000003,0.028756,0.000240,0.000004,0.001069,0.038471
168,0.006956,0.000033,0.000004,0.006364,0.000217,0.000003,0.001032,0.014611
169,0.005640,0.000027,0.000002,0.019806,0.000229,0.000004,0.001104,0.026815
170,0.006851,0.000028,0.000003,0.006366,0.000214,0.000004,0.001003,0.014471
171,0.008015,0.000029,0.000003,0.022283,0.000227,0.000003,0.001040,0.031602
172,0.007692,0.000031,0.000003,0.026095,0.000237,0.000004,0.001146,0.035212
173,0.006517,0.000034,0.000003,0.027668,0.000233,0.000004,0.001017,0.035477
174,0.007454,0.000032,0.000004,0.024627,0.000249,0.000004,0.001055,0.033426
175,0.007200,0.000029,0.000003,0.019758,0.000249,0.000004,0.001075,0.028322
176,0.007008,0.000029,0.000004,0.019795,0.000235,0.000003,0.001008,0.028085
177,0.008422,0.000029,0.000003,0.019090,0.000229,0.000004,0.001018,0.028797
178,0.008799,0.000025,0.000003,0.017853,0.000231,0.000004,0.001050,0.027967
179,0.007240,0.000031,0.000004,0.018170,0.000233,0.000003,0.000932,0.026616
180,0.006482,0.000030,0.000004,0.018379,0.000246,0.000004,0.000891,0.026038
181,0.006077,0.000027,0.000003,0.018477,0.000229,0.000004,0.001009,0.025828
182,0.006557,0.000030,0.000004,0.021257,0.000229,0.000004,0.001006,0.029089
183,0.007046,0.000024,0.000003,0.018389,0.000237,0.000003,0.000971,0.026676
184,0.007536,0.000032,0.000004,0.018703,0.000246,0.000004,0.001220,0.027747
185,0.006533,0.000024,0.000003,0.018008,0.000235,0.000004,0.001094,0.025903
186,0.008378,0.000033,0.000004,0.003045,0.000232,0.000004,0.001108,0.012807
187,0.007932,0.000025,0.000003,0.019069,0.000222,0.000004,0.000962,0.028218
188,0.006931,0.000030,0.000004,0.006821,0.000207,0.000004,0.006774,0.020777
189,0.005781,0.000024,0.000003,0.022514,0.000244,0.000004,0.000998,0.029570
190,0.006498,0.000023,0.000002,0.018002,0.000221,0.000003,0.000938,0.025691
191,0.005743,0.000025,0.000003,0.006343,0.000210,0.000004,0.000942,0.013271
128,0.012796,0.000048,0.000006,0.006044,0.000256,0.000004,0.000785,0.019944
129,0.008384,0.000025,0.000003,0.025110,0.000231,0.000004,0.000804,0.034563
130,0.009279,0.000033,0.000004,0.018481,0.000231,0.000004,0.000719,0.028753
131,0.005503,0.000025,0.000002,0.020681,0.000234,0.000004,0.002906,0.029360
132,0.007188,0.000031,0.000003,0.025940,0.000265,0.000004,0.000803,0.034237
133,0.010368,0.000031,0.000003,0.004640,0.000250,0.000004,0.000837,0.016135
134,0.009575,0.000032,0.000002,0.018023,0.000224,0.000004,0.000750,0.028612
135,0.006669,0.000038,0.000003,0.019087,0.000251,0.000004,0.000798,0.026854
136,0.006427,0.000032,0.000003,0.017751,0.000222,0.000004,0.000815,0.025257
137,0.011797,0.000030,0.000003,0.008661,0.000210,0.000004,0.000945,0.021652
138,0.005563,0.000022,0.000002,0.023506,0.000239,0.000004,0.000822,0.030160
139,0.007892,0.000026,0.000003,0.017105,0.000227,0.000004,0.000754,0.026014
140,0.006437,0.000028,0.000003,0.002202,0.000256,0.000005,0.000809,0.009742
141,0.008015,0.000035,0.000004,0.023150,0.000220,0.000004,0.000846,0.032277
142,0.012345,0.000024,0.000002,0.021180,0.000224,0.000004,0.000818,0.034600
143,0.005384,0.000022,0.000003,0.020091,0.000224,0.000004,0.000816,0.026546
144,0.005402,0.000022,0.000002,0.018323,0.000256,0.000004,0.000747,0.024759
145,0.005334,0.000021,0.000002,0.019355,0.000228,0.000004,0.000807,0.025754
146,0.005475,0.000025,0.000003,0.017814,0.000219,0.000003,0.000718,0.024259
147,0.006523,0.000024,0.000003,0.004908,0.000226,0.000005,0.000813,0.012503
148,0.005004,0.000020,0.000002,0.024205,0.000240,0.000004,0.000700,0.030178
149,0.006163,0.000024,0.000003,0.021074,0.000221,0.000004,0.000699,0.028190
150,0.005712,0.000024,0.000002,0.022285,0.000219,0.000003,0.000711,0.028960
151,0.006964,0.000023,0.000002,0.019010,0.000237,0.000004,0.000703,0.026945
152,0.005790,0.000024,0.000003,0.021633,0.000227,0.000004,0.000687,0.028371
153,0.005487,0.000020,0.000002,0.018993,0.000215,0.000004,0.000710,0.025433
154,0.005610,0.000024,0.000003,0.020749,0.000227,0.000004,0.000679,0.027299
155,0.011857,0.000027,0.000003,0.015764,0.000218,0.000003,0.000720,0.028593
156,0.009686,0.000023,0.000004,0.003107,0.000216,0.000004,0.000778,0.013820
157,0.010921,0.000023,0.000003,0.003717,0.000225,0.000004,0.000769,0.015665
158,0.011411,0.000022,0.000003,0.030759,0.000259,0.000005,0.000774,0.043236
159,0.010518,0.000026,0.000003,0.020040,0.000238,0.000004,0.000770,0.031602
160,0.009263,0.000025,0.000003,0.005368,0.000222,0.000004,0.000729,0.015617
161,0.005307,0.000023,0.000003,0.018304,0.000226,0.000004,0.000632,0.024501
162,0.011637,0.000027,0.000002,0.021514,0.000230,0.000004,0.000738,0.034155
163,0.005590,0.000026,0.000003,0.009047,0.000242,0.000004,0.000986,0.015901
164,0.006091,0.000024,0.000003,0.019186,0.000225,0.000004,0.000921,0.026457
165,0.005434,0.000022,0.000002,0.020173,0.000226,0.000004,0.000696,0.026559
166,0.005611,0.000022,0.000002,0.016335,0.000214,0.000004,0.000656,0.022846
167,0.005992,0.000024,0.000003,0.019419,0.000218,0.000004,0.000743,0.026405
168,0.011449,0.000024,0.000003,0.021772,0.000364,0.000004,0.000712,0.034335
169,0.006590,0.000022,0.000002,0.018721,0.000216,0.000003,0.000676,0.026233
170,0.011180,0.000021,0.000002,0.017852,0.000274,0.000005,0.000983,0.030321
171,0.005602,0.000023,0.000002,0.003388,0.000198,0.000004,0.000707,0.009925
172,0.004996,0.000019,0.000002,0.005778,0.000202,0.000003,0.000671,0.011674
173,0.011424,0.000025,0.000002,0.019451,0.000220,0.000003,0.000778,0.031906
174,0.004814,0.000019,0.000002,0.020137,0.000219,0.000004,0.000607,0.025804
175,0.005457,0.000021,0.000002,0.007192,0.000308,0.000005,0.000798,0.013785
176,0.006534,0.000026,0.000003,0.007323,0.000206,0.000004,0.000732,0.014829
177,0.005291,0.000024,0.000002,0.020858,0.000231,0.000004,0.000679,0.027090
178,0.005397,0.000025,0.000003,0.002004,0.000218,0.000004,0.000684,0.008338
179,0.005944,0.000029,0.000002,0.024811,0.000234,0.000004,0.000690,0.031716
180,0.009072,0.000021,0.000002,0.016929,0.000214,0.000004,0.000670,0.026913
181,0.005667,0.000023,0.000002,0.018148,0.000234,0.000004,0.000661,0.024742
182,0.011168,0.000022,0.000003,0.023547,0.000235,0.000004,0.000922,0.035903
183,0.006057,0.000020,0.000002,0.016906,0.000225,0.000004,0.000690,0.023906
184,0.005298,0.000022,0.000002,0.016863,0.000225,0.000004,0.000734,0.023151
185,0.009563,0.000025,0.000003,0.018816,0.000232,0.000004,0.000701,0.029346
186,0.006240,0.000026,0.000003,0.022327,0.000228,0.000004,0.000815,0.029645
187,0.011203,0.000027,0.000003,0.005398,0.000257,0.000004,0.000751,0.017645
188,0.010829,0.000025,0.000002,0.023034,0.000231,0.000004,0.000723,0.034850
189,0.005719,0.000024,0.000002,0.020621,0.000235,0.000004,0.000684,0.027292
190,0.012150,0.000026,0.000002,0.019551,0.000240,0.000004,0.000674,0.032650
191,0.005806,0.000025,0.000003,0.020189,0.000222,0.000004,0.000691,0.026943
128,0.018392,0.000043,0.000005,0.018656,0.000283,0.000004,0.005059,0.042451
129,0.007578,0.000026,0.000004,0.006732,0.000265,0.000005,0.005309,0.019921
130,0.007687,0.000025,0.000004,0.018014,0.000236,0.000004,0.005394,0.031366
131,0.008077,0.000023,0.000004,0.016971,0.000229,0.000004,0.004902,0.030213
132,0.010103,0.000025,0.000004,0.022965,0.000233,0.000004,0.005369,0.038706
133,0.010758,0.000028,0.000005,0.018469,0.000233,0.000004,0.005190,0.034690
134,0.007171,0.000024,0.000004,0.002506,0.000226,0.000005,0.005350,0.015290
135,0.009213,0.000023,0.000003,0.020445,0.000226,0.000004,0.005334,0.035251
136,0.008121,0.000025,0.000003,0.004240,0.000200,0.000004,0.010559,0.023156
137,0.009814,0.000022,0.000003,0.019786,0.000224,0.000004,0.005449,0.035306
138,0.010568,0.000029,0.000005,0.021412,0.000232,0.000004,0.005400,0.037653
139,0.010751,0.000026,0.000004,0.017826,0.000220,0.000004,0.005432,0.034266
140,0.010044,0.000023,0.000004,0.021299,0.000250,0.000004,0.005583,0.037210
141,0.009774,0.000025,0.000004,0.020323,0.000232,0.000004,0.005509,0.035876
142,0.009892,0.000028,0.000004,0.021731,0.000227,0.000004,0.005347,0.037237
143,0.006023,0.000026,0.000004,0.018394,0.000221,0.000004,0.005057,0.029732
144,0.005390,0.000044,0.000003,0.006799,0.000231,0.000005,0.008543,0.021016
145,0.010633,0.000025,0.000004,0.022140,0.000225,0.000004,0.005069,0.038104
146,0.006140,0.000025,0.000004,0.015972,0.000230,0.000005,0.005144,0.027522
147,0.010114,0.000022,0.000004,0.006543,0.000203,0.000004,0.004598,0.021491
148,0.010357,0.000027,0.000004,0.021076,0.000222,0.000006,0.005071,0.036766
149,0.013446,0.000025,0.000004,0.017110,0.000222,0.000004,0.004698,0.035513
150,0.011572,0.000025,0.000003,0.005119,0.000206,0.000003,0.005131,0.022063
151,0.011507,0.000023,0.000004,0.021210,0.000230,0.000004,0.005359,0.038342
152,0.012123,0.000026,0.000004,0.018642,0.000247,0.000004,0.005144,0.036192
153,0.014077,0.000027,0.000004,0.027495,0.000246,0.000005,0.005342,0.047202
154,0.005479,0.000022,0.000003,0.006326,0.000212,0.000004,0.005082,0.017132
155,0.011520,0.000022,0.000004,0.022138,0.000222,0.000004,0.005168,0.039083
156,0.010179,0.000025,0.000005,0.019548,0.000213,0.000004,0.004833,0.034810
157,0.005506,0.000027,0.000004,0.021245,0.000219,0.000004,0.005217,0.032226
158,0.011616,0.000025,0.000004,0.019454,0.000219,0.000004,0.005332,0.036656
159,0.011063,0.000024,0.000004,0.021167,0.000219,0.000004,0.005191,0.037675
160,0.010517,0.000024,0.000004,0.020672,0.000221,0.000004,0.009227,0.040679
161,0.009374,0.000028,0.000004,0.016817,0.000278,0.000004,0.004433,0.030942
162,0.011241,0.000026,0.000004,0.024459,0.000223,0.000004,0.005232,0.041192
163,0.005450,0.000022,0.000004,0.022918,0.000218,0.000004,0.005220,0.033839
164,0.005343,0.000021,0.000003,0.017107,0.000223,0.000004,0.005161,0.027868
165,0.010250,0.000025,0.000004,0.001881,0.000234,0.000005,0.005183,0.017585
166,0.011685,0.000025,0.000004,0.025188,0.000230,0.000005,0.005627,0.042768
167,0.009073,0.000021,0.000003,0.002092,0.000195,0.000004,0.004769,0.016161
168,0.009769,0.000025,0.000004,0.021527,0.000234,0.000004,0.004995,0.036560
169,0.007784,0.000027,0.000004,0.019661,0.000224,0.000004,0.005211,0.032918
170,0.006175,0.000026,0.000004,0.021048,0.000281,0.000004,0.005228,0.032769
171,0.006756,0.000029,0.000004,0.020887,0.000236,0.000004,0.005368,0.033289
172,0.013213,0.000027,0.000005,0.004354,0.000211,0.000004,0.005319,0.023135
173,0.005205,0.000021,0.000004,0.002506,0.000199,0.000004,0.005173,0.013115
174,0.005337,0.000021,0.000004,0.019345,0.000225,0.000004,0.005121,0.030062
175,0.005504,0.000024,0.000004,0.020713,0.000244,0.000004,0.005176,0.031673
176,0.006269,0.000029,0.000005,0.026223,0.000257,0.000004,0.005965,0.038758
177,0.013777,0.000027,0.000004,0.019620,0.000225,0.000004,0.005110,0.038770
178,0.012817,0.000027,0.000004,0.019950,0.000238,0.000004,0.005203,0.038247
179,0.005580,0.000024,0.000004,0.018239,0.000232,0.000004,0.005322,0.029409
180,0.006210,0.000029,0.000004,0.018321,0.000226,0.000004,0.005339,0.030137
181,0.005570,0.000025,0.000003,0.006533,0.000213,0.000004,0.005355,0.017707
182,0.011715,0.000025,0.000004,0.003829,0.000209,0.000004,0.005242,0.021031
183,0.005281,0.000022,0.000004,0.023067,0.000240,0.000004,0.005041,0.033662
184,0.012199,0.000028,0.000005,0.021371,0.000244,0.000004,0.004904,0.038758
185,0.005410,0.000022,0.000004,0.021302,0.000229,0.000004,0.005036,0.032012
186,0.011851,0.000028,0.000004,0.020302,0.000225,0.000004,0.004864,0.037282
187,0.006113,0.000026,0.000004,0.020777,0.000226,0.000004,0.004917,0.032071
188,0.005719,0.000025,0.000004,0.018394,0.000229,0.000004,0.004899,0.029276
189,0.004618,0.000021,0.000003,0.001696,0.000184,0.000004,0.004421,0.010950
190,0.007980,0.000035,0.000005,0.020349,0.000229,0.000004,0.004946,0.033551
191,0.008995,0.000026,0.000004,0.018333,0.000238,0.000004,0.005386,0.032991
128,0.013364,0.000032,0.000003,0.022501,0.000267,0.000004,0.000239,0.036412
129,0.004849,0.000022,0.000003,0.018265,0.000219,0.000004,0.000187,0.023550
130,0.004946,0.000023,0.000002,0.016333,0.000217,0.000004,0.000190,0.021717
131,0.005749,0.000027,0.000002,0.017342,0.000223,0.000004,0.000212,0.023560
132,0.005732,0.000027,0.000003,0.017851,0.000229,0.000004,0.000207,0.024054
133,0.005387,0.000021,0.000002,0.016773,0.000219,0.000004,0.000206,0.022614
134,0.004584,0.000019,0.000002,0.015762,0.000203,0.000003,0.000179,0.020754
135,0.005399,0.000021,0.000002,0.006116,0.000194,0.000003,0.000199,0.011938
136,0.004926,0.000019,0.000003,0.016366,0.000216,0.000003,0.000215,0.021750
137,0.005312,0.000021,0.000002,0.018078,0.000222,0.000003,0.000201,0.023842
138,0.005419,0.000023,0.000002,0.015567,0.000214,0.000003,0.000198,0.021429
139,0.005729,0.000022,0.000002,0.016341,0.000219,0.000004,0.000198,0.022517
140,0.005437,0.000020,0.000002,0.018584,0.000221,0.000004,0.000188,0.024458
141,0.005352,0.000020,0.000003,0.017622,0.000215,0.000003,0.000201,0.023418
142,0.004578,0.000019,0.000002,0.014728,0.000209,0.000004,0.000210,0.019751
143,0.005467,0.000023,0.000002,0.015055,0.000213,0.000003,0.000192,0.020957
144,0.005305,0.000020,0.000002,0.003376,0.000213,0.000004,0.000219,0.009141
145,0.005735,0.000022,0.000002,0.017904,0.000219,0.000004,0.000197,0.024083
146,0.005482,0.000023,0.000003,0.017864,0.000213,0.000004,0.000205,0.023794
147,0.005858,0.000023,0.000003,0.006123,0.000227,0.000004,0.000233,0.012473
148,0.009082,0.000077,0.000006,0.021086,0.000233,0.000005,0.000213,0.030703
149,0.005489,0.000021,0.000002,0.002496,0.000187,0.000004,0.000194,0.008394
150,0.004989,0.000019,0.000003,0.018697,0.000226,0.000004,0.000208,0.024148
151,0.007831,0.000026,0.000003,0.020266,0.000227,0.000004,0.000208,0.028565
152,0.005415,0.000021,0.000002,0.003389,0.000224,0.000004,0.000225,0.009283
153,0.005824,0.000023,0.000003,0.022213,0.000243,0.000004,0.000209,0.028521
154,0.005483,0.000022,0.000002,0.024199,0.000229,0.000003,0.000197,0.030137
155,0.009552,0.000027,0.000003,0.020134,0.000225,0.000003,0.000210,0.030156
156,0.005499,0.000025,0.000003,0.017816,0.000223,0.000004,0.000203,0.023774
157,0.006361,0.000028,0.000003,0.006610,0.000213,0.000003,0.000198,0.013418
158,0.004388,0.000019,0.000002,0.017035,0.000215,0.000004,0.000193,0.021858
159,0.005650,0.000025,0.000002,0.007416,0.000255,0.000005,0.000255,0.013610
160,0.005782,0.000020,0.000002,0.022974,0.000230,0.000003,0.000213,0.029225
161,0.005473,0.000021,0.000002,0.005658,0.000240,0.000004,0.000230,0.011630
162,0.005764,0.000020,0.000002,0.019156,0.000226,0.000004,0.000210,0.025384
163,0.006217,0.000026,0.000003,0.022817,0.000231,0.000004,0.000196,0.029496
164,0.005624,0.000026,0.000002,0.023398,0.000229,0.000004,0.000198,0.029484
165,0.005417,0.000022,0.000002,0.019088,0.000224,0.000004,0.000197,0.024957
166,0.005470,0.000024,0.000003,0.022042,0.000219,0.000004,0.000200,0.027963
167,0.005401,0.000021,0.000002,0.016210,0.000213,0.000004,0.000196,0.022050
168,0.005509,0.000021,0.000002,0.021165,0.000220,0.000003,0.000198,0.027120
169,0.005526,0.000027,0.000002,0.020299,0.000225,0.000003,0.000192,0.026277
170,0.005414,0.000021,0.000002,0.002566,0.000198,0.000004,0.000187,0.008393
171,0.005690,0.000022,0.000003,0.018159,0.000212,0.000004,0.000200,0.024292
172,0.005363,0.000021,0.000002,0.021144,0.000237,0.000004,0.000206,0.026978
173,0.005649,0.000026,0.000003,0.006602,0.000257,0.000006,0.000340,0.012885
174,0.005923,0.000024,0.000003,0.021835,0.000226,0.000004,0.000210,0.028226
175,0.005516,0.000023,0.000002,0.019486,0.000227,0.000004,0.000211,0.025470
176,0.005021,0.000022,0.000003,0.018226,0.000210,0.000004,0.000185,0.023673
177,0.005479,0.000025,0.000003,0.002048,0.000219,0.000004,0.000205,0.007985
178,0.005620,0.000021,0.000002,0.022691,0.000219,0.000003,0.000207,0.028765
179,0.005478,0.000022,0.000002,0.020470,0.000226,0.000004,0.000201,0.026405
180,0.005420,0.000023,0.000002,0.005138,0.000201,0.000003,0.000184,0.010973
181,0.004389,0.000018,0.000002,0.017334,0.000215,0.000003,0.000185,0.022149
182,0.005421,0.000025,0.000003,0.020092,0.000215,0.000003,0.000213,0.025973
183,0.005458,0.000022,0.000002,0.022722,0.000233,0.000004,0.000197,0.028639
184,0.006197,0.000027,0.000003,0.006438,0.000227,0.000004,0.000221,0.013120
185,0.005050,0.000019,0.000002,0.021399,0.000220,0.000004,0.000210,0.026907
186,0.006191,0.000026,0.000002,0.017760,0.000215,0.000004,0.000206,0.024406
187,0.004623,0.000019,0.000002,0.015193,0.000210,0.000003,0.000176,0.020228
188,0.005436,0.000022,0.000002,0.025520,0.000237,0.000004,0.000246,0.031469
189,0.006077,0.000023,0.000002,0.004462,0.000202,0.000004,0.000207,0.010978
190,0.005938,0.000023,0.000003,0.019578,0.000249,0.000004,0.000205,0.026002
191,0.005564,0.000023,0.000002,0.020621,0.000224,0.000004,0.000210,0.026650
128,0.016386,0.000037,0.000003,0.023031,0.000279,0.000004,0.000944,0.040689
129,0.005623,0.000028,0.000003,0.003504,0.000243,0.000005,0.000974,0.010382
130,0.008451,0.000022,0.000003,0.019485,0.000248,0.000004,0.000924,0.029138
131,0.005706,0.000021,0.000002,0.004579,0.000224,0.000005,0.001091,0.011631
132,0.007676,0.000026,0.000003,0.022974,0.000224,0.000004,0.000983,0.031892
133,0.004834,0.000020,0.000002,0.022629,0.000215,0.000004,0.000885,0.028591
134,0.005893,0.000026,0.000003,0.026369,0.000246,0.000004,0.000949,0.033492
135,0.006401,0.000028,0.000003,0.020147,0.000223,0.000003,0.000970,0.027778
136,0.005791,0.000028,0.000002,0.024300,0.000217,0.000003,0.000939,0.031283
137,0.004882,0.000020,0.000002,0.026744,0.000190,0.000003,0.000869,0.032712
138,0.005784,0.000023,0.000003,0.025622,0.000268,0.000006,0.000945,0.032655
139,0.008180,0.000025,0.000003,0.027413,0.000254,0.000004,0.000984,0.036864
140,0.005909,0.000025,0.000003,0.021638,0.000221,0.000004,0.000924,0.028725
141,0.005638,0.000022,0.000003,0.010018,0.000209,0.000004,0.000923,0.016818
142,0.011558,0.000030,0.000003,0.020780,0.000218,0.000004,0.000930,0.033524
143,0.014942,0.000029,0.000003,0.003381,0.000235,0.000005,0.000904,0.019501
144,0.005530,0.000026,0.000003,0.007357,0.000246,0.000004,0.000883,0.014052
145,0.011412,0.000026,0.000003,0.007033,0.000210,0.000004,0.000806,0.019495
146,0.006056,0.000029,0.000003,0.008044,0.000229,0.000004,0.000937,0.015305
147,0.011935,0.000031,0.000003,0.028969,0.000231,0.000004,0.000765,0.041939
148,0.006462,0.000025,0.000003,0.008232,0.000207,0.000004,0.000779,0.015714
149,0.012493,0.000029,0.000003,0.026854,0.000253,0.000005,0.000746,0.040384
150,0.014042,0.000034,0.000003,0.028419,0.000235,0.000004,0.000824,0.043565
151,0.011910,0.000025,0.000002,0.026131,0.000237,0.000004,0.000823,0.039135
152,0.007345,0.000027,0.000002,0.020073,0.000224,0.000004,0.000808,0.028484
153,0.011883,0.000027,0.000002,0.024099,0.000215,0.000004,0.000837,0.037069
154,0.009450,0.000024,0.000003,0.002486,0.000206,0.000004,0.000743,0.012917
155,0.006294,0.000035,0.000003,0.008115,0.000251,0.000005,0.000984,0.015689
156,0.010112,0.000025,0.000003,0.026758,0.000214,0.000004,0.000750,0.037868
157,0.012823,0.000030,0.000003,0.012510,0.000236,0.000004,0.000810,0.026418
158,0.008576,0.000028,0.000003,0.028497,0.000211,0.000004,0.000787,0.038107
159,0.012420,0.000031,0.000003,0.031616,0.000213,0.000004,0.000906,0.045196
160,0.006048,0.000027,0.000003,0.036873,0.000340,0.000004,0.000895,0.044197
161,0.012633,0.000034,0.000003,0.037456,0.000227,0.000004,0.000801,0.051161
162,0.006908,0.000026,0.000003,0.033348,0.000236,0.000004,0.000884,0.041412
163,0.012328,0.000028,0.000003,0.045189,0.000255,0.000004,0.000862,0.058673
164,0.010962,0.000028,0.000003,0.037122,0.000269,0.000004,0.000812,0.049203
165,0.006762,0.000030,0.000003,0.042225,0.000231,0.000005,0.000839,0.050097
166,0.009554,0.000039,0.000004,0.039274,0.000243,0.000004,0.000851,0.049973
167,0.009129,0.000034,0.000003,0.033453,0.000279,0.000004,0.000839,0.043743
168,0.013689,0.000032,0.000003,0.036383,0.000264,0.000004,0.000875,0.051253
169,0.012336,0.000032,0.000003,0.031875,0.000253,0.000004,0.000776,0.045281
170,0.006257,0.000035,0.000003,0.026074,0.000236,0.000004,0.000801,0.033412
171,0.013389,0.000034,0.000003,0.027799,0.000208,0.000004,0.000872,0.042312
172,0.010662,0.000049,0.000003,0.021720,0.000211,0.000004,0.000745,0.033397
173,0.012319,0.000036,0.000003,0.032814,0.000239,0.000003,0.000831,0.046248
174,0.010748,0.000035,0.000003,0.034859,0.000247,0.000004,0.000975,0.046874
175,0.013708,0.000036,0.000003,0.026663,0.000234,0.000004,0.000822,0.041473
176,0.011291,0.000030,0.000003,0.004552,0.000225,0.000004,0.000779,0.016886
177,0.006546,0.000040,0.000003,0.033379,0.000249,0.000004,0.000881,0.041106
178,0.011909,0.000034,0.000003,0.004580,0.000248,0.000005,0.000997,0.017778
179,0.012616,0.000028,0.000003,0.031827,0.000243,0.000004,0.000793,0.045515
180,0.013640,0.000025,0.000002,0.003618,0.000213,0.000004,0.000771,0.018277
181,0.013348,0.000031,0.000003,0.033142,0.000231,0.000004,0.000784,0.047545
182,0.010972,0.000024,0.000003,0.028866,0.000227,0.000004,0.000774,0.040872
183,0.012236,0.000029,0.000003,0.029706,0.000248,0.000004,0.001319,0.043547
184,0.013451,0.000028,0.000004,0.003672,0.000238,0.000004,0.000947,0.018346
185,0.006532,0.000027,0.000004,0.027948,0.000233,0.000004,0.000816,0.035567
186,0.006281,0.000032,0.000003,0.031527,0.000224,0.000004,0.000784,0.038858
187,0.013661,0.000031,0.000003,0.038634,0.000256,0.000004,0.000836,0.053427
188,0.005187,0.000026,0.000002,0.028065,0.000240,0.000004,0.000745,0.034272
189,0.011746,0.000031,0.000003,0.029312,0.000214,0.000004,0.000826,0.042138
190,0.009804,0.000025,0.000003,0.006817,0.000226,0.000004,0.000721,0.017602
191,0.006322,0.000031,0.000003,0.004425,0.000274,0.000004,0.000900,0.011963
128,0.015199,0.000029,0.000003,0.021064,0.000230,0.000004,0.003033,0.039565
129,0.005589,0.000021,0.000003,0.019314,0.000219,0.000004,0.002493,0.027646
130,0.004997,0.000020,0.000002,0.015452,0.000217,0.000004,0.002046,0.022741
131,0.006791,0.000026,0.000003,0.016892,0.000217,0.000004,0.002200,0.026135
132,0.005518,0.000021,0.000002,0.017499,0.000215,0.000003,0.002147,0.025409
133,0.006337,0.000025,0.000003,0.018183,0.000215,0.000004,0.002191,0.026961
134,0.005462,0.000021,0.000002,0.002535,0.000216,0.000004,0.002456,0.010699
135,0.005544,0.000019,0.000002,0.019318,0.000230,0.000004,0.002227,0.027347
136,0.005607,0.000021,0.000002,0.006691,0.000230,0.000004,0.002558,0.015116
137,0.006145,0.000023,0.000003,0.020269,0.000217,0.000004,0.002230,0.028894
138,0.005494,0.000021,0.000002,0.017092,0.000214,0.000004,0.002157,0.024985
139,0.005457,0.000021,0.000002,0.016574,0.000217,0.000004,0.002231,0.024509
140,0.005501,0.000022,0.000003,0.016865,0.000212,0.000004,0.001935,0.024544
141,0.005624,0.000022,0.000002,0.017777,0.000214,0.000004,0.002247,0.025894
142,0.004760,0.000019,0.000002,0.022117,0.000210,0.000003,0.002024,0.029138
143,0.005513,0.000021,0.000002,0.021767,0.000211,0.000003,0.002402,0.029924
144,0.005520,0.000021,0.000002,0.022961,0.000219,0.000004,0.002421,0.031152
145,0.005355,0.000023,0.000003,0.018181,0.000214,0.000003,0.002127,0.025909
146,0.005575,0.000022,0.000002,0.021095,0.000215,0.000003,0.002298,0.029216
147,0.006822,0.000024,0.000002,0.018333,0.000207,0.000004,0.001992,0.027387
148,0.005727,0.000025,0.000002,0.009646,0.000242,0.000005,0.002551,0.018200
149,0.005853,0.000028,0.000002,0.022299,0.000216,0.000004,0.002227,0.030632
150,0.005433,0.000023,0.000002,0.023331,0.000221,0.000004,0.002082,0.031100
151,0.006013,0.000026,0.000003,0.009299,0.000206,0.000004,0.002199,0.017753
152,0.005260,0.000021,0.000002,0.002700,0.000216,0.000004,0.002727,0.010933
153,0.005031,0.000020,0.000003,0.020985,0.000214,0.000003,0.002030,0.028290
154,0.005649,0.000021,0.000002,0.021261,0.000218,0.000004,0.002195,0.029353
155,0.007628,0.000025,0.000003,0.019565,0.000212,0.000003,0.002177,0.029616
156,0.005561,0.000021,0.000003,0.006147,0.000188,0.000003,0.002044,0.013969
157,0.004304,0.000017,0.000002,0.001494,0.000164,0.000003,0.001831,0.007818
158,0.005805,0.000025,0.000002,0.019558,0.000239,0.000004,0.002212,0.027848
159,0.005898,0.000022,0.000002,0.021345,0.000210,0.000004,0.002184,0.029669
160,0.005847,0.000023,0.000002,0.011201,0.000231,0.000004,0.002595,0.019905
161,0.005461,0.000020,0.000002,0.018907,0.000213,0.000004,0.002234,0.026844
162,0.005224,0.000023,0.000002,0.019591,0.000212,0.000004,0.002017,0.027077
163,0.006492,0.000021,0.000002,0.021459,0.000211,0.000004,0.002021,0.030214
164,0.007298,0.000024,0.000002,0.022638,0.000212,0.000004,0.002174,0.032355
165,0.006115,0.000024,0.000002,0.010768,0.000206,0.000003,0.002134,0.019256
166,0.006192,0.000023,0.000003,0.008008,0.000199,0.000004,0.002132,0.016563
167,0.005786,0.000024,0.000003,0.023592,0.000219,0.000003,0.002202,0.031833
168,0.007033,0.000020,0.000003,0.020253,0.000210,0.000004,0.002136,0.029663
169,0.006350,0.000021,0.000003,0.025904,0.000228,0.000004,0.002144,0.034656
170,0.005402,0.000020,0.000002,0.010669,0.000202,0.000004,0.002065,0.018365
171,0.007407,0.000020,0.000002,0.019457,0.000211,0.000004,0.002112,0.029215
172,0.006595,0.000021,0.000002,0.020704,0.000210,0.000004,0.002148,0.029686
173,0.004807,0.000018,0.000002,0.019491,0.000206,0.000004,0.002088,0.026618
174,0.008001,0.000027,0.000003,0.013870,0.000208,0.000003,0.002201,0.024316
175,0.007400,0.000028,0.000003,0.022658,0.000221,0.000004,0.002199,0.032516
176,0.005329,0.000022,0.000002,0.017898,0.000216,0.000003,0.002218,0.025692
177,0.006191,0.000025,0.000002,0.019945,0.000215,0.000004,0.002228,0.028611
178,0.005313,0.000022,0.000002,0.006742,0.000197,0.000004,0.002021,0.014303
179,0.005830,0.000023,0.000002,0.021273,0.000214,0.000004,0.002147,0.029496
180,0.006924,0.000024,0.000002,0.022406,0.000219,0.000004,0.002175,0.031757
181,0.005690,0.000022,0.000002,0.018017,0.000208,0.000004,0.002163,0.026109
182,0.006791,0.000024,0.000002,0.021356,0.000213,0.000004,0.002184,0.030577
183,0.005701,0.000022,0.000002,0.006252,0.000192,0.000004,0.002330,0.014504
184,0.005015,0.000020,0.000003,0.019194,0.000214,0.000004,0.002077,0.026529
185,0.005225,0.000022,0.000002,0.020957,0.000214,0.000004,0.002124,0.028552
186,0.005559,0.000021,0.000002,0.022027,0.000211,0.000003,0.002142,0.029969
187,0.006355,0.000026,0.000002,0.004889,0.000217,0.000004,0.002382,0.013879
188,0.004991,0.000020,0.000002,0.020627,0.000212,0.000004,0.002157,0.028015
189,0.005376,0.000022,0.000002,0.025854,0.000224,0.000004,0.002129,0.033613
190,0.005216,0.000022,0.000002,0.022116,0.000220,0.000004,0.002049,0.029633
191,0.005990,0.000028,0.000003,0.026759,0.000235,0.000003,0.002153,0.035173
0,0.833712,0.000066,0.000008,0.070260,0.001159,0.000019,0.015961,0.921208
0,0.855025,0.000037,0.000005,0.058171,0.000701,0.000010,0.010535,0.924498
0,0.908078,0.000244,0.000019,0.024119,0.000554,0.000006,0.004621,0.937666
0,0.928117,0.000063,0.000009,0.014168,0.000412,0.000006,0.000408,0.943187
0,0.837995,0.000241,0.000016,0.127229,0.000977,0.000007,0.000557,0.967027
0,0.854147,0.000048,0.000005,0.116591,0.000416,0.000005,0.000348,0.971564
0,0.935576,0.000049,0.000007,0.017099,0.000548,0.000009,0.015301,0.968596
1,0.007066,0.000047,0.000004,0.010155,0.000278,0.000004,0.000173,0.017730
0,0.859643,0.000039,0.000005,0.124112,0.016677,0.000010,0.000856,1.001355
0,0.909274,0.000077,0.000009,0.091314,0.000622,0.000010,0.001885,1.003202
0,0.915098,0.000047,0.000005,0.083222,0.000416,0.000006,0.009342,1.008153
0,0.925437,0.000054,0.000006,0.082926,0.000517,0.000008,0.004277,1.013233
0,0.915814,0.000044,0.000005,0.096233,0.000760,0.000014,0.002212,1.015095
0,0.924179,0.000059,0.000009,0.092268,0.000480,0.000008,0.000975,1.017992
0,0.926852,0.000054,0.000006,0.093148,0.000446,0.000006,0.002028,1.022558
2,0.008012,0.000062,0.000007,0.016371,0.000337,0.000004,0.000193,0.024987
1,0.006711,0.000045,0.000005,0.085204,0.000303,0.000006,0.010585,0.102866
1,0.007107,0.000043,0.000004,0.087830,0.000309,0.000005,0.007133,0.102438
0,0.924117,0.000052,0.000008,0.095900,0.000438,0.000005,0.010138,1.030678
0,0.920146,0.000048,0.000006,0.107291,0.000462,0.000009,0.001806,1.029794
1,0.006234,0.000042,0.000004,0.088144,0.000358,0.000005,0.000225,0.095016
1,0.006459,0.000042,0.000004,0.093545,0.000337,0.000004,0.004433,0.104832
1,0.007226,0.000046,0.000005,0.025889,0.000397,0.000025,0.001355,0.034950
1,0.011889,0.000061,0.000008,0.030127,0.000589,0.000028,0.012650,0.055361
1,0.006432,0.000046,0.000005,0.092377,0.000329,0.000005,0.000192,0.099390
1,0.007886,0.000037,0.000005,0.060373,0.000323,0.000005,0.000646,0.069278
1,0.005192,0.000035,0.000007,0.060184,0.000311,0.000004,0.002441,0.068179
1,0.006242,0.000036,0.000004,0.071197,0.000324,0.000005,0.000859,0.078672
2,0.005923,0.000036,0.000003,0.063828,0.000360,0.000004,0.007288,0.077448
2,0.005716,0.000034,0.000003,0.064231,0.000314,0.000005,0.000246,0.070552
1,0.006666,0.000041,0.000004,0.082860,0.000392,0.000007,0.002361,0.092340
1,0.006479,0.000048,0.000005,0.071206,0.000351,0.000004,0.008153,0.086255
1,0.006297,0.000046,0.000004,0.123427,0.000397,0.000008,0.018130,0.148318
2,0.006471,0.000036,0.000004,0.065606,0.000288,0.000004,0.003627,0.076038
2,0.006847,0.000037,0.000004,0.073703,0.000375,0.000006,0.010785,0.091761
3,0.008332,0.000042,0.000004,0.084563,0.000400,0.000006,0.000226,0.093574
1,0.007589,0.000047,0.000007,0.101496,0.000483,0.000010,0.001530,0.111170
2,0.006782,0.000035,0.000005,0.082462,0.000362,0.000005,0.001347,0.091004
1,0.012501,0.000037,0.000004,0.097805,0.000527,0.000008,0.001639,0.112527
3,0.006806,0.000046,0.000003,0.025873,0.000305,0.000004,0.000289,0.033330
2,0.007288,0.000034,0.000003,0.073978,0.000327,0.000005,0.000668,0.082308
2,0.007028,0.000044,0.000004,0.063133,0.000287,0.000004,0.002579,0.073085
2,0.006057,0.000041,0.000004,0.079666,0.000312,0.000004,0.000176,0.086263
2,0.006868,0.000041,0.000004,0.065399,0.000330,0.000004,0.000884,0.073534
3,0.008674,0.000038,0.000006,0.029246,0.000296,0.000005,0.001366,0.039635
2,0.006709,0.000033,0.000005,0.060710,0.000303,0.000005,0.001894,0.069664
3,0.005620,0.000035,0.000004,0.064919,0.000310,0.000004,0.007834,0.078732
2,0.007415,0.000036,0.000003,0.109360,0.000355,0.000005,0.006836,0.124017
4,0.008052,0.000035,0.000003,0.061274,0.000220,0.000004,0.000154,0.069744
3,0.006498,0.000034,0.000004,0.015840,0.000320,0.000005,0.000893,0.023598
3,0.006361,0.000034,0.000004,0.070133,0.000283,0.000004,0.004232,0.081056
3,0.006863,0.000040,0.000003,0.067193,0.000299,0.000006,0.010228,0.084638
2,0.006441,0.000035,0.000003,0.074920,0.000328,0.000005,0.009198,0.090937
4,0.006271,0.000034,0.000003,0.076639,0.000312,0.000005,0.000226,0.083493
4,0.006406,0.000037,0.000003,0.022108,0.000281,0.000004,0.004184,0.033031
3,0.007500,0.000039,0.000004,0.074680,0.000289,0.000004,0.000628,0.083147
3,0.005388,0.000036,0.000004,0.016161,0.000311,0.000005,0.007271,0.029181
3,0.005998,0.000033,0.000004,0.074277,0.000311,0.000006,0.002523,0.083156
4,0.005529,0.000034,0.000003,0.023743,0.000307,0.000004,0.010003,0.039630
3,0.005884,0.000042,0.000004,0.082072,0.000328,0.000004,0.000177,0.088513
2,0.009037,0.000055,0.000007,0.105188,0.000518,0.000016,0.002356,0.117185
5,0.005608,0.000035,0.000003,0.015193,0.000346,0.000005,0.004295,0.025492
4,0.006708,0.000033,0.000005,0.077990,0.000308,0.000004,0.001312,0.086366
4,0.006205,0.000036,0.000004,0.009577,0.000318,0.000005,0.008361,0.024513
3,0.012527,0.000044,0.000005,0.066018,0.000311,0.000005,0.002164,0.081078
2,0.010561,0.000051,0.000006,0.119135,0.000316,0.000005,0.020260,0.150345
4,0.010556,0.000036,0.000004,0.064513,0.000301,0.000004,0.007389,0.082810
2,0.007538,0.000041,0.000004,0.115878,0.000400,0.000006,0.001446,0.125317
4,0.007864,0.000035,0.000004,0.014657,0.000275,0.000004,0.002548,0.025391
4,0.006241,0.000036,0.000003,0.063885,0.000297,0.000004,0.000798,0.071269
5,0.010228,0.000044,0.000004,0.077634,0.000324,0.000004,0.000180,0.088420
4,0.006357,0.000037,0.000004,0.016436,0.000305,0.000005,0.002103,0.025254
5,0.010278,0.000036,0.000003,0.059869,0.000299,0.000004,0.000210,0.070700
5,0.005100,0.000036,0.000003,0.022563,0.000409,0.000007,0.008688,0.036812
3,0.008104,0.000037,0.000003,0.110355,0.000317,0.000005,0.008695,0.127523
4,0.006935,0.000032,0.000003,0.074264,0.000279,0.000005,0.000619,0.082142
5,0.006317,0.000038,0.000004,0.063864,0.000298,0.000004,0.010858,0.081389
4,0.005765,0.000034,0.000005,0.073857,0.000317,0.000005,0.000183,0.080170
3,0.014252,0.000032,0.000003,0.027134,0.000401,0.000009,0.018028,0.059868
5,0.006327,0.000035,0.000003,0.063932,0.000361,0.000006,0.000869,0.071539
6,0.006462,0.000038,0.000003,0.069850,0.000326,0.000004,0.004637,0.081327
5,0.006316,0.000045,0.000004,0.071606,0.000321,0.000005,0.001338,0.079640
5,0.005836,0.000033,0.000004,0.073845,0.000270,0.000004,0.002696,0.082693
5,0.005845,0.000040,0.000008,0.076075,0.000312,0.000004,0.008437,0.090728
5,0.006827,0.000040,0.000005,0.060020,0.000304,0.000004,0.002113,0.069318
6,0.008444,0.000040,0.000003,0.015243,0.000303,0.000004,0.011553,0.035596
6,0.010188,0.000037,0.000003,0.072452,0.000317,0.000004,0.000224,0.083228
3,0.010255,0.000044,0.000005,0.118712,0.000409,0.000007,0.001194,0.130631
6,0.006252,0.000034,0.000003,0.071264,0.000246,0.000004,0.000209,0.078014
6,0.005963,0.000034,0.000004,0.065639,0.000285,0.000004,0.010511,0.082444
6,0.006666,0.000036,0.000005,0.012705,0.004485,0.000005,0.001994,0.025900
5,0.006321,0.000039,0.000004,0.067842,0.000374,0.000005,0.000205,0.074794
3,0.007414,0.000046,0.000004,0.132756,0.000418,0.000008,0.001538,0.142190
5,0.005790,0.000046,0.000005,0.083248,0.000315,0.000004,0.000582,0.089992
6,0.006740,0.000038,0.000004,0.060550,0.000280,0.000004,0.000813,0.068433
4,0.007953,0.000031,0.000003,0.087891,0.000273,0.000005,0.008709,0.104870
6,0.006837,0.000034,0.000005,0.070419,0.000308,0.000005,0.001288,0.078901
7,0.007058,0.000037,0.000003,0.075289,0.000296,0.000005,0.003925,0.086621
4,0.014998,0.000047,0.000004,0.010830,0.000273,0.000004,0.000970,0.027131
6,0.007267,0.000039,0.000004,0.080986,0.000293,0.000004,0.002234,0.090831
7,0.005317,0.000031,0.000003,0.070449,0.000294,0.000005,0.009120,0.085225
6,0.006695,0.000040,0.000004,0.080880,0.000281,0.000004,0.008039,0.095948
7,0.014764,0.000065,0.000004,0.065754,0.000299,0.000004,0.000193,0.081085
7,0.006911,0.000044,0.000004,0.069403,0.000303,0.000005,0.000235,0.076907
7,0.006203,0.000039,0.000003,0.062425,0.000293,0.000005,0.007179,0.076153
7,0.007211,0.000054,0.000005,0.067831,0.000304,0.000005,0.001982,0.077397
6,0.005629,0.000032,0.000004,0.059536,0.000270,0.000004,0.000147,0.065625
4,0.007581,0.000048,0.000004,0.120285,0.000365,0.000008,0.017062,0.145361
5,0.008600,0.000063,0.000007,0.017306,0.000341,0.000007,0.001547,0.027877
8,0.007334,0.000037,0.000004,0.010758,0.008350,0.000006,0.000204,0.026694
5,0.011572,0.000041,0.000004,0.024353,0.000334,0.000004,0.012679,0.048993
7,0.006516,0.000035,0.000004,0.065364,0.000279,0.000004,0.000807,0.073013
6,0.007034,0.000036,0.000003,0.074810,0.000341,0.000005,0.000666,0.082898
8,0.006247,0.000036,0.000003,0.025386,0.000289,0.000004,0.000213,0.032181
4,0.010655,0.000046,0.000004,0.112473,0.000629,0.000011,0.001979,0.125806
8,0.010906,0.000049,0.000005,0.062550,0.000314,0.000005,0.004462,0.078297
8,0.014816,0.000037,0.000005,0.030509,0.000349,0.000006,0.002165,0.047894
7,0.005958,0.000034,0.000003,0.067533,0.000282,0.000004,0.002673,0.076494
7,0.016708,0.000040,0.000004,0.075233,0.000299,0.000004,0.001613,0.093907
8,0.005162,0.000034,0.000003,0.057397,0.000293,0.000004,0.007122,0.070021
8,0.006854,0.000040,0.000004,0.071292,0.000298,0.000004,0.011327,0.089824
7,0.006285,0.000035,0.000004,0.079138,0.000315,0.000005,0.008490,0.094279
7,0.006688,0.000031,0.000004,0.082563,0.000332,0.000006,0.000175,0.089802
6,0.016274,0.000056,0.000006,0.072435,0.000276,0.000004,0.001057,0.090112
8,0.006619,0.000039,0.000004,0.071855,0.000285,0.000004,0.000855,0.079664
9,0.006034,0.000032,0.000004,0.064001,0.000269,0.000004,0.000243,0.070589
7,0.006566,0.000030,0.000003,0.067657,0.000262,0.000004,0.000594,0.075119
9,0.012293,0.000077,0.000007,0.076716,0.000331,0.008077,0.000203,0.097708
5,0.011232,0.000059,0.000006,0.062683,0.000247,0.000004,0.004954,0.079189
9,0.007107,0.000039,0.000004,0.023971,0.000276,0.000004,0.017879,0.049287
6,0.009338,0.000044,0.000004,0.081691,0.004424,0.000005,0.007989,0.103500
5,0.021676,0.000085,0.000009,0.087095,0.000278,0.000005,0.013087,0.122244
10,0.009483,0.000037,0.000003,0.017130,0.000320,0.000004,0.000262,0.027241
9,0.006065,0.000037,0.000006,0.076127,0.000278,0.000004,0.001879,0.084401
8,0.005782,0.000036,0.000004,0.075970,0.000312,0.000005,0.002751,0.084864
10,0.006479,0.000039,0.000004,0.008400,0.000300,0.000004,0.008103,0.023337
9,0.008581,0.000039,0.000004,0.081735,0.000332,0.000004,0.004350,0.095049
8,0.006982,0.000035,0.000006,0.075410,0.000283,0.000004,0.001314,0.084039
9,0.006292,0.000035,0.000003,0.069202,0.000285,0.000004,0.011362,0.087190
10,0.009150,0.000043,0.000004,0.013864,0.000314,0.000005,0.004771,0.028155
8,0.007083,0.000036,0.000005,0.080767,0.000327,0.000005,0.000190,0.088417
8,0.013257,0.000054,0.000005,0.067001,0.000300,0.000005,0.000633,0.081259
7,0.007878,0.000034,0.000003,0.083657,0.000330,0.000005,0.001231,0.093144
9,0.016708,0.000056,0.000005,0.079916,0.000332,0.000004,0.000874,0.097900
6,0.006862,0.000041,0.000003,0.087613,0.000334,0.000006,0.000926,0.095789
8,0.006364,0.000041,0.000003,0.111422,0.000411,0.000007,0.018970,0.137228
9,0.005635,0.000031,0.000004,0.070989,0.000454,0.000007,0.003644,0.080771
6,0.006392,0.000035,0.000003,0.064606,0.000283,0.000004,0.021796,0.093127
11,0.006742,0.000037,0.000003,0.082897,0.000363,0.000006,0.000352,0.090404
10,0.010503,0.000040,0.000004,0.102401,0.000397,0.000005,0.000263,0.113615
11,0.006024,0.000037,0.000004,0.068959,0.000397,0.000007,0.009561,0.084996
10,0.008778,0.000036,0.000005,0.079238,0.000321,0.000005,0.002114,0.090501
9,0.006345,0.000038,0.000005,0.076096,0.000323,0.000005,0.001316,0.084132
7,0.008229,0.000034,0.000003,0.094461,0.000372,0.000006,0.008980,0.112089
9,0.012282,0.000069,0.000009,0.010297,0.000372,0.000007,0.009032,0.032073
10,0.007050,0.000042,0.000003,0.072435,0.000278,0.000004,0.010622,0.090438
10,0.005326,0.000032,0.000005,0.013847,0.000279,0.000004,0.001141,0.020639
11,0.006593,0.000039,0.000005,0.079787,0.000318,0.000004,0.004248,0.091000
8,0.009148,0.000037,0.000004,0.073949,0.000295,0.000006,0.001110,0.084555
9,0.009417,0.000038,0.000004,0.076140,0.000282,0.000004,0.000168,0.086057
10,0.009153,0.000043,0.000003,0.064989,0.000314,0.000004,0.000846,0.075357
9,0.006243,0.000035,0.000003,0.089741,0.000318,0.000004,0.000564,0.096912
8,0.008156,0.000036,0.000003,0.021746,0.000342,0.000005,0.008590,0.038887
10,0.006070,0.000030,0.000004,0.058318,0.000296,0.000004,0.002472,0.067198
9,0.006502,0.000039,0.000004,0.013093,0.000309,0.000004,0.001111,0.021065
7,0.009397,0.000049,0.000005,0.075202,0.000300,0.000005,0.000888,0.085851
7,0.006564,0.000037,0.000004,0.062518,0.000297,0.000004,0.011422,0.080851
12,0.006799,0.000041,0.000004,0.077229,0.000276,0.000004,0.000231,0.084586
11,0.009776,0.000041,0.000005,0.066293,0.000276,0.000005,0.002079,0.078481
12,0.008733,0.000039,0.000004,0.061918,0.000268,0.000004,0.011443,0.082417
11,0.009798,0.000035,0.000003,0.078084,0.000387,0.000005,0.000247,0.088562
10,0.014811,0.000044,0.000004,0.016934,0.000327,0.000004,0.001211,0.033340
11,0.005914,0.000033,0.000004,0.078488,0.000313,0.000004,0.001430,0.086191
13,0.009057,0.000035,0.000003,0.023525,0.000325,0.000004,0.000239,0.033192
11,0.007039,0.000039,0.000004,0.077640,0.000341,0.000004,0.010082,0.095154
10,0.008867,0.000040,0.000005,0.071732,0.000364,0.000004,0.000191,0.081206
11,0.006198,0.000032,0.000003,0.074257,0.000312,0.000005,0.000831,0.081644
14,0.005926,0.000037,0.000003,0.008526,0.000272,0.000004,0.000228,0.014999
11,0.006218,0.000036,0.000004,0.067251,0.000297,0.000004,0.002597,0.076412
12,0.007299,0.000041,0.000004,0.084059,0.000292,0.000004,0.004410,0.096112
10,0.008463,0.000054,0.000005,0.101900,0.000389,0.000008,0.010557,0.121384
10,0.008636,0.000036,0.000004,0.077735,0.000286,0.000004,0.000632,0.087336
12,0.006414,0.000037,0.000004,0.007969,0.000302,0.000004,0.010653,0.025390
9,0.007077,0.000038,0.000003,0.072682,0.000274,0.000004,0.008367,0.088452
15,0.006227,0.000056,0.000004,0.014607,0.000338,0.000004,0.000243,0.021481
8,0.010749,0.000040,0.000003,0.079433,0.000290,0.000005,0.000969,0.091495
12,0.007432,0.000037,0.000005,0.068570,0.000294,0.000005,0.001933,0.078282
13,0.006589,0.000038,0.000004,0.065910,0.000311,0.000005,0.007343,0.080207
12,0.008593,0.000042,0.000003,0.072256,0.000252,0.000004,0.000183,0.081334
8,0.009819,0.000038,0.000003,0.082335,0.000315,0.000004,0.015592,0.108114
12,0.007071,0.000034,0.000003,0.038602,0.000311,0.000006,0.002999,0.049032
13,0.007089,0.000043,0.000004,0.022161,0.000349,0.000006,0.011614,0.041273
11,0.006603,0.000034,0.000004,0.080271,0.000410,0.000007,0.001309,0.088642
12,0.006434,0.000038,0.000005,0.076680,0.000300,0.000004,0.001348,0.084812
14,0.009388,0.000035,0.000003,0.016562,0.000330,0.000005,0.007825,0.034155
12,0.006285,0.000036,0.000003,0.069351,0.000328,0.000004,0.000847,0.076859
12,0.005362,0.000032,0.000004,0.011266,0.000337,0.000005,0.001062,0.018072
9,0.005610,0.000036,0.000004,0.011198,0.000330,0.000005,0.012683,0.029872
11,0.013830,0.000030,0.000005,0.077805,0.000325,0.000005,0.000168,0.092172
11,0.006088,0.000037,0.000005,0.071069,0.000346,0.000004,0.000649,0.078201
14,0.006617,0.000038,0.000003,0.010325,0.000398,0.000007,0.016515,0.033912
10,0.006874,0.000033,0.000003,0.065185,0.000274,0.000005,0.007510,0.079890
13,0.006310,0.000034,0.000004,0.020217,0.000309,0.000006,0.001261,0.028146
9,0.006147,0.000029,0.000003,0.062545,0.000285,0.000005,0.000835,0.069851
13,0.008340,0.000038,0.000003,0.082842,0.000326,0.000005,0.004092,0.095651
16,0.006379,0.000036,0.000003,0.086694,0.000389,0.000006,0.000309,0.093821
13,0.017935,0.000049,0.000006,0.076008,0.000367,0.000005,0.002249,0.096624
13,0.007933,0.000045,0.000004,0.075766,0.000326,0.000005,0.000222,0.084303
15,0.005636,0.000037,0.000004,0.054979,0.000288,0.000004,0.009706,0.070659
11,0.005927,0.000040,0.000004,0.023703,0.000334,0.000006,0.009645,0.039669
13,0.007638,0.000034,0.000003,0.065768,0.000279,0.000004,0.010840,0.084573
14,0.008745,0.000039,0.000004,0.030413,0.000399,0.000007,0.005635,0.045249
11,0.009794,0.000050,0.000004,0.126724,0.000593,0.000011,0.016754,0.153943
12,0.009040,0.000042,0.000004,0.067810,0.000318,0.000004,0.000164,0.077385
17,0.012107,0.000031,0.000003,0.034084,0.000294,0.000004,0.000238,0.046762
13,0.005827,0.000035,0.000003,0.080392,0.000302,0.000004,0.001032,0.087599
13,0.005945,0.000033,0.000003,0.089038,0.000333,0.000005,0.000773,0.096135
14,0.018318,0.000049,0.000004,0.023250,0.000300,0.000004,0.000218,0.042146
14,0.006467,0.000037,0.000005,0.067673,0.000265,0.000004,0.001297,0.075752
10,0.005896,0.000035,0.000003,0.072123,0.000333,0.000004,0.012586,0.090985
12,0.005991,0.000036,0.000005,0.076345,0.000256,0.000004,0.000553,0.083193
15,0.006852,0.000035,0.000003,0.018221,0.000272,0.000004,0.003843,0.029236
10,0.006126,0.000035,0.000004,0.082677,0.000381,0.000004,0.000908,0.090138
16,0.006277,0.000041,0.000004,0.064145,0.000390,0.000008,0.008635,0.079510
12,0.007153,0.000042,0.000004,0.065544,0.000315,0.000004,0.007140,0.080208
15,0.008727,0.000047,0.000005,0.111141,0.000293,0.000004,0.010801,0.131024
14,0.010834,0.000041,0.000004,0.070797,0.000270,0.000004,0.002508,0.084463
14,0.017663,0.000050,0.000006,0.080171,0.000315,0.000006,0.002106,0.100324
18,0.008407,0.000044,0.000004,0.065659,0.000265,0.000004,0.000231,0.074616
14,0.008880,0.000048,0.000004,0.065510,0.000285,0.000004,0.001018,0.075753
17,0.008473,0.000031,0.000003,0.009413,0.000378,0.000008,0.008870,0.027181
13,0.007285,0.000035,0.000003,0.064374,0.000326,0.000005,0.000640,0.072672
15,0.006311,0.000035,0.000003,0.072702,0.000371,0.000007,0.000276,0.079707
13,0.019041,0.000049,0.000006,0.068056,0.000306,0.000004,0.000188,0.087658
14,0.008331,0.000036,0.000003,0.072618,0.000407,0.000004,0.000791,0.082194
15,0.005978,0.000038,0.000005,0.071036,0.000273,0.000004,0.001237,0.078575
16,0.007344,0.000035,0.000003,0.068409,0.000287,0.000005,0.003759,0.079847
11,0.006384,0.000036,0.000004,0.077918,0.000292,0.000004,0.011431,0.096075
11,0.007097,0.000038,0.000004,0.079119,0.000328,0.000005,0.000902,0.087497
12,0.007019,0.000039,0.000005,0.105629,0.000480,0.000013,0.013550,0.126746
15,0.010718,0.000039,0.000004,0.064358,0.000288,0.000004,0.002663,0.078079
12,0.006799,0.000048,0.000004,0.021211,0.000322,0.000005,0.000851,0.029244
15,0.013105,0.000047,0.000005,0.069393,0.000298,0.000004,0.002042,0.084897
13,0.014967,0.000043,0.000004,0.069008,0.000299,0.000004,0.006606,0.090938
19,0.007804,0.000061,0.000004,0.064162,0.000274,0.000004,0.000224,0.072535
15,0.005195,0.000032,0.000003,0.065932,0.000297,0.000004,0.000939,0.072407
16,0.009936,0.000047,0.000005,0.073962,0.000286,0.000004,0.010042,0.094287
14,0.009339,0.000039,0.000005,0.063765,0.000224,0.000004,0.000156,0.073535
15,0.005931,0.000040,0.000004,0.067297,0.000270,0.000004,0.000668,0.074217
13,0.005679,0.000033,0.000004,0.016896,0.000305,0.000004,0.000864,0.023789
14,0.006994,0.000038,0.000003,0.077199,0.000272,0.000005,0.000599,0.085113
16,0.005695,0.000033,0.000004,0.075357,0.000322,0.000005,0.001394,0.082814
17,0.006996,0.000036,0.000003,0.070085,0.000282,0.000005,0.003494,0.080908
16,0.006318,0.000035,0.000005,0.019848,0.000294,0.000005,0.002159,0.028670
18,0.011512,0.000044,0.000003,0.074524,0.000352,0.000005,0.007660,0.094105
12,0.005374,0.000032,0.000003,0.061997,0.000245,0.000005,0.010120,0.077782
17,0.006407,0.000035,0.000006,0.017301,0.000298,0.000004,0.001249,0.025305
16,0.016191,0.000039,0.000004,0.015039,0.000337,0.000004,0.000934,0.032552
17,0.006697,0.000039,0.000005,0.016830,0.000283,0.000004,0.002097,0.025959
16,0.006236,0.000032,0.000003,0.070084,0.000281,0.000004,0.002343,0.078991
16,0.017751,0.000076,0.000006,0.116277,0.000386,0.000008,0.000282,0.134791
20,0.005756,0.000034,0.000003,0.071671,0.000302,0.000004,0.000232,0.078004
14,0.006891,0.000032,0.000003,0.069810,0.000283,0.000003,0.005819,0.082847
14,0.006256,0.000041,0.000004,0.060051,0.000298,0.000005,0.000844,0.067502
13,0.005839,0.000036,0.000004,0.023231,0.000295,0.000005,0.011985,0.041401
16,0.006837,0.000038,0.000003,0.063764,0.000282,0.000004,0.000797,0.071730
15,0.011526,0.000052,0.000008,0.064243,0.000277,0.000005,0.000181,0.076297
15,0.008094,0.000042,0.000004,0.064427,0.000285,0.000004,0.000603,0.073463
17,0.015053,0.000065,0.000005,0.026967,0.000818,0.000018,0.002622,0.045556
13,0.007930,0.000047,0.000005,0.105026,0.000373,0.000008,0.015293,0.128690
17,0.016124,0.000047,0.000005,0.069647,0.000273,0.000004,0.009556,0.095661
19,0.006187,0.000040,0.000004,0.063496,0.000285,0.000004,0.006871,0.076893
18,0.005268,0.000036,0.000003,0.069916,0.000287,0.000004,0.003344,0.078864
18,0.007087,0.000042,0.000005,0.058912,0.000329,0.000005,0.002085,0.068470
16,0.010093,0.000032,0.000004,0.021402,0.000327,0.000004,0.000152,0.032017
18,0.005603,0.000036,0.000004,0.070765,0.000319,0.000005,0.001415,0.078150
18,0.007869,0.000047,0.000005,0.028787,0.000323,0.000004,0.001081,0.038119
21,0.006037,0.000033,0.000003,0.059138,0.000322,0.000005,0.000236,0.065777
17,0.009495,0.000039,0.000003,0.064332,0.000303,0.000005,0.000230,0.074410
15,0.005046,0.000030,0.000003,0.053879,0.000280,0.000004,0.006418,0.065667
17,0.007970,0.000039,0.000004,0.077779,0.000317,0.000004,0.002596,0.088715
17,0.006349,0.000037,0.000003,0.065583,0.000304,0.000004,0.000856,0.073141
16,0.006626,0.000034,0.000003,0.072014,0.000277,0.000004,0.000594,0.079557
19,0.009944,0.000036,0.000003,0.064754,0.000274,0.000004,0.004078,0.079098
20,0.009711,0.000038,0.000004,0.065209,0.000316,0.000004,0.007485,0.082773
18,0.014056,0.000032,0.000004,0.063771,0.000295,0.000004,0.010628,0.088797
14,0.012796,0.000036,0.000003,0.071016,0.000343,0.000005,0.011965,0.096171
15,0.007918,0.000036,0.000003,0.090763,0.000376,0.000007,0.001101,0.100210
19,0.006469,0.000054,0.000006,0.063690,0.000297,0.000004,0.001886,0.072411
17,0.011292,0.000036,0.000004,0.064228,0.000250,0.000004,0.000182,0.076000
19,0.008460,0.000040,0.000006,0.077864,0.000338,0.000005,0.001576,0.088293
22,0.006005,0.000035,0.000004,0.070895,0.000377,0.000008,0.000348,0.077675
14,0.016977,0.000050,0.000007,0.085888,0.000425,0.000008,0.023334,0.126700
16,0.005895,0.000038,0.000004,0.066181,0.000350,0.000005,0.006817,0.079295
19,0.006381,0.000040,0.000004,0.083027,0.000492,0.000007,0.001165,0.091120
18,0.006757,0.000042,0.000004,0.082701,0.000350,0.000004,0.000227,0.090086
18,0.007893,0.000037,0.000004,0.070417,0.000281,0.000004,0.002608,0.081249
18,0.007380,0.000034,0.000003,0.069626,0.000300,0.000004,0.000740,0.078091
17,0.005839,0.000035,0.000003,0.076150,0.000347,0.000005,0.000632,0.083015
19,0.006539,0.000031,0.000004,0.010203,0.000290,0.000004,0.000734,0.017810
21,0.004874,0.000031,0.000004,0.065820,0.000283,0.000004,0.008509,0.079533
20,0.007057,0.000032,0.000004,0.079530,0.000291,0.000004,0.004264,0.091186
19,0.006392,0.000034,0.000003,0.074867,0.000292,0.000005,0.010692,0.092291
18,0.006946,0.000031,0.000003,0.015456,0.000283,0.000004,0.000598,0.023324
20,0.015463,0.000044,0.000006,0.071864,0.000334,0.000004,0.002132,0.089853
18,0.010682,0.000038,0.000005,0.063597,0.000388,0.000004,0.000193,0.074911
23,0.005892,0.000031,0.000003,0.061479,0.000273,0.000004,0.000228,0.067910
20,0.005942,0.000034,0.000003,0.016373,0.000284,0.000004,0.000827,0.023471
15,0.022587,0.000047,0.000004,0.068084,0.000378,0.000004,0.012164,0.103284
20,0.010660,0.000034,0.000005,0.067217,0.000279,0.000004,0.001314,0.079519
19,0.005772,0.000033,0.000003,0.012245,0.000261,0.000004,0.004756,0.023076
17,0.006411,0.000034,0.000004,0.061896,0.000256,0.000004,0.013817,0.082428
19,0.008952,0.000047,0.000004,0.059521,0.000290,0.000005,0.002880,0.071703
19,0.006731,0.000052,0.000003,0.072746,0.000338,0.000005,0.000249,0.080125
20,0.006392,0.000037,0.000004,0.082401,0.000445,0.000009,0.001512,0.090805
16,0.023750,0.000059,0.000006,0.118982,0.000423,0.000016,0.001407,0.144647
18,0.006730,0.000035,0.000004,0.013377,0.000266,0.000004,0.006073,0.026495
15,0.010116,0.000054,0.000006,0.096538,0.000627,0.000018,0.010905,0.118274
16,0.018762,0.000037,0.000003,0.028075,0.000296,0.000004,0.012082,0.059264
21,0.020814,0.000076,0.000007,0.047325,0.000316,0.000004,0.000798,0.069344
24,0.005787,0.000032,0.000003,0.065101,0.000306,0.000005,0.000205,0.071441
20,0.006363,0.000034,0.000003,0.067511,0.000318,0.000004,0.010100,0.084339
21,0.006073,0.000034,0.000003,0.076417,0.000275,0.000005,0.003897,0.086707
21,0.005983,0.000034,0.000004,0.072635,0.000306,0.000006,0.001864,0.080839
20,0.005576,0.000032,0.000003,0.058793,0.000284,0.000004,0.000717,0.065412
19,0.017595,0.000039,0.000005,0.072233,0.000320,0.000004,0.000212,0.090412
22,0.007420,0.000049,0.000005,0.096591,0.000408,0.000006,0.010405,0.114893
21,0.021838,0.000035,0.000005,0.065104,0.000346,0.000006,0.001251,0.088588
20,0.006865,0.000039,0.000003,0.065003,0.000294,0.000004,0.002383,0.074595
22,0.006828,0.000036,0.000003,0.022065,0.000257,0.000004,0.000847,0.030046
25,0.005777,0.000032,0.000003,0.019560,0.000269,0.000004,0.000225,0.025873
20,0.008997,0.000043,0.000003,0.069232,0.000230,0.000004,0.000202,0.078712
21,0.009295,0.000034,0.000004,0.065445,0.000261,0.000004,0.009143,0.084191
19,0.004948,0.000037,0.000003,0.064628,0.000299,0.000004,0.006189,0.076116
26,0.004238,0.000025,0.000003,0.013997,0.000288,0.000005,0.000240,0.018798
21,0.008316,0.000037,0.000003,0.012716,0.000373,0.000005,0.000249,0.021702
21,0.008608,0.000034,0.000003,0.020777,0.000252,0.000004,0.002178,0.031860
17,0.015113,0.000040,0.000003,0.063081,0.000334,0.000004,0.012462,0.091042
21,0.006316,0.000032,0.000003,0.066289,0.000304,0.000004,0.000662,0.073615
17,0.008934,0.000042,0.000004,0.100375,0.000645,0.000015,0.001786,0.111809
22,0.008106,0.000035,0.000003,0.077944,0.000327,0.000004,0.003985,0.090410
21,0.004982,0.000037,0.000004,0.078914,0.000249,0.000004,0.009175,0.093370
27,0.007394,0.000032,0.000003,0.028853,0.000288,0.000004,0.000223,0.036800
16,0.009768,0.000052,0.000005,0.099346,0.000291,0.000004,0.010594,0.120068
22,0.004997,0.000032,0.000004,0.087934,0.000381,0.000013,0.003004,0.096375
20,0.010131,0.000039,0.000005,0.071161,0.000407,0.000007,0.000238,0.081992
22,0.008588,0.000030,0.000004,0.069163,0.000295,0.000005,0.001254,0.079343
23,0.005703,0.000036,0.000003,0.064797,0.000317,0.000005,0.000802,0.071668
23,0.008251,0.000041,0.000004,0.082734,0.000304,0.000004,0.007383,0.098730
18,0.014056,0.000034,0.000003,0.013678,0.000300,0.000004,0.012158,0.040240
20,0.006439,0.000038,0.000004,0.059473,0.000343,0.000004,0.006586,0.072893
23,0.006877,0.000029,0.000004,0.010323,0.000297,0.000004,0.001116,0.018656
18,0.009822,0.000042,0.000003,0.028481,0.000405,0.000006,0.000821,0.039583
22,0.008778,0.000034,0.000003,0.070119,0.000276,0.000004,0.000839,0.080057
24,0.007148,0.000033,0.000003,0.010210,0.000241,0.000004,0.000735,0.018380
22,0.006469,0.000037,0.000004,0.054898,0.000247,0.000004,0.002159,0.063822
21,0.017673,0.000036,0.000004,0.020535,0.000547,0.000008,0.000266,0.039073
22,0.006290,0.000034,0.000003,0.075048,0.000470,0.000008,0.000315,0.082171
22,0.006338,0.000049,0.000004,0.058610,0.000291,0.000004,0.000609,0.065909
24,0.011521,0.000034,0.000003,0.010106,0.000312,0.000005,0.001427,0.023413
17,0.008424,0.000057,0.000006,0.033776,0.000440,0.000009,0.014306,0.057028
28,0.007417,0.000039,0.000004,0.065500,0.000298,0.000004,0.000241,0.073507
22,0.015269,0.000041,0.000004,0.010197,0.000279,0.000005,0.000164,0.025962
23,0.007749,0.000035,0.000004,0.077197,0.000296,0.000004,0.003990,0.089282
22,0.006512,0.000039,0.000004,0.071611,0.000302,0.000004,0.009992,0.088471
24,0.006607,0.000029,0.000003,0.069653,0.000307,0.000004,0.007567,0.084175
25,0.009498,0.000029,0.000002,0.064711,0.000288,0.000005,0.000789,0.075326
23,0.012060,0.000049,0.000005,0.063133,0.000285,0.000004,0.001004,0.076544
23,0.006397,0.000039,0.000004,0.059250,0.000287,0.000004,0.002276,0.068262
21,0.014091,0.000035,0.000003,0.060746,0.000325,0.000005,0.006476,0.081687
19,0.020015,0.000035,0.000003,0.061478,0.000326,0.000004,0.009729,0.091596
23,0.006351,0.000039,0.000004,0.014179,0.000262,0.000005,0.010884,0.031730
19,0.011412,0.000058,0.000006,0.082951,0.000344,0.000005,0.001066,0.095848
25,0.007839,0.000034,0.000004,0.063489,0.000264,0.000004,0.001241,0.072879
23,0.009684,0.000045,0.000002,0.069089,0.000304,0.000004,0.000204,0.079335
23,0.011698,0.000043,0.000005,0.112410,0.000430,0.000009,0.012594,0.137198
23,0.006369,0.000033,0.000004,0.080737,0.000319,0.000005,0.000684,0.088157
29,0.005242,0.000033,0.000003,0.063655,0.000256,0.000004,0.000206,0.069401
18,0.007569,0.000043,0.000004,0.075735,0.000333,0.000005,0.008311,0.092005
26,0.008587,0.000036,0.000004,0.029173,0.000305,0.000004,0.000770,0.038884
23,0.017175,0.000039,0.000004,0.068295,0.000347,0.000004,0.000206,0.086074
19,0.006877,0.000036,0.000003,0.005223,0.000281,0.000004,0.007122,0.019552
24,0.007215,0.000041,0.000003,0.019185,0.000305,0.000004,0.000601,0.027357
30,0.008399,0.000036,0.000004,0.019538,0.000286,0.000004,0.000218,0.028487
24,0.008680,0.000038,0.000003,0.074624,0.000268,0.000004,0.003983,0.087606
24,0.012519,0.000044,0.000005,0.020315,0.000370,0.000008,0.003144,0.036413
24,0.006357,0.000039,0.000004,0.065637,0.000267,0.000004,0.002499,0.074813
25,0.005554,0.000032,0.000002,0.014889,0.000300,0.000005,0.000656,0.021441
24,0.017665,0.000033,0.000004,0.015851,0.000324,0.000004,0.000161,0.034046
24,0.008705,0.000036,0.000004,0.076209,0.000278,0.000004,0.001036,0.086277
22,0.006030,0.000034,0.000003,0.072905,0.000336,0.000004,0.006416,0.085734
20,0.009652,0.000034,0.000003,0.063171,0.000260,0.000005,0.000827,0.073955
24,0.014333,0.000041,0.000004,0.056234,0.000289,0.000004,0.009792,0.080701
25,0.006496,0.000032,0.000003,0.015732,0.000253,0.000004,0.004264,0.026788
25,0.005651,0.000034,0.000004,0.085468,0.000320,0.000006,0.008933,0.100422
25,0.005371,0.000032,0.000003,0.013154,0.000265,0.000004,0.002281,0.021114
24,0.014058,0.000045,0.000004,0.070410,0.000290,0.000004,0.000206,0.085020
26,0.013898,0.000040,0.000004,0.067860,0.000349,0.000004,0.001267,0.083434
20,0.025609,0.000046,0.000005,0.057612,0.000279,0.000004,0.014982,0.098548
27,0.008418,0.000038,0.000004,0.062996,0.000247,0.000004,0.000773,0.072483
25,0.008034,0.000031,0.000003,0.014621,0.000308,0.000004,0.001016,0.024020
31,0.005412,0.000032,0.000003,0.059203,0.000280,0.000005,0.000221,0.065158
20,0.005107,0.000034,0.000003,0.053675,0.000236,0.000004,0.011155,0.070219
26,0.004844,0.000028,0.000004,0.021867,0.000344,0.000006,0.003229,0.030327
28,0.010597,0.000037,0.000003,0.022032,0.000299,0.000004,0.000844,0.033819
32,0.005783,0.000033,0.000003,0.013447,0.000279,0.000005,0.000266,0.019818
26,0.005786,0.000032,0.000003,0.065392,0.000289,0.000004,0.000613,0.072122
33,0.004725,0.000033,0.000003,0.008242,0.000255,0.000004,0.000207,0.013472
21,0.005885,0.000033,0.000003,0.069323,0.000272,0.000004,0.000874,0.076399
26,0.004841,0.000029,0.000003,0.064198,0.000287,0.000004,0.003906,0.073275
23,0.006214,0.000033,0.000003,0.067112,0.000261,0.000004,0.006125,0.079758
25,0.007447,0.000047,0.000005,0.093785,0.000320,0.000008,0.003119,0.104739
26,0.005773,0.000037,0.000005,0.063820,0.000247,0.000004,0.006135,0.076026
25,0.015517,0.000035,0.000004,0.073948,0.000297,0.000005,0.000159,0.089969
25,0.005484,0.000034,0.000003,0.068572,0.000247,0.000004,0.009370,0.083719
27,0.009210,0.000035,0.000003,0.062350,0.000256,0.000004,0.001234,0.073096
26,0.011396,0.000043,0.000004,0.058616,0.000293,0.000004,0.001041,0.071401
24,0.004716,0.000028,0.000003,0.008958,0.000280,0.000005,0.005801,0.019798
27,0.005538,0.000032,0.000003,0.011894,0.000282,0.000005,0.003881,0.021639
21,0.019003,0.000036,0.000003,0.059398,0.000342,0.000004,0.011367,0.090158
27,0.005746,0.000032,0.000003,0.055624,0.000259,0.000004,0.002291,0.063963
21,0.006575,0.000041,0.000004,0.065409,0.000340,0.000004,0.007995,0.080376
29,0.005867,0.000042,0.000004,0.055042,0.000266,0.000004,0.000801,0.062031
25,0.004696,0.000032,0.000003,0.009140,0.000281,0.000004,0.014250,0.028417
28,0.005716,0.000036,0.000003,0.008461,0.000308,0.000005,0.012700,0.027234
28,0.005726,0.000033,0.000004,0.017264,0.000337,0.000005,0.002639,0.026013
27,0.006142,0.000029,0.000003,0.066067,0.000319,0.000005,0.000685,0.073252
22,0.005767,0.000032,0.000003,0.055304,0.000279,0.000005,0.000823,0.062218
27,0.005285,0.000034,0.000003,0.059438,0.000271,0.000004,0.006878,0.071921
26,0.006181,0.000038,0.000004,0.050987,0.000281,0.000004,0.009499,0.066999
34,0.005599,0.000032,0.000003,0.073178,0.000326,0.000005,0.000218,0.079362
22,0.019790,0.000032,0.000003,0.008845,0.000277,0.000004,0.007842,0.036799
28,0.005903,0.000033,0.000003,0.017882,0.000291,0.000004,0.000603,0.024722
28,0.008169,0.000036,0.000004,0.068712,0.000269,0.000005,0.001197,0.078395
27,0.005938,0.000029,0.000003,0.069855,0.000288,0.000004,0.000978,0.077099
26,0.007237,0.000043,0.000005,0.091960,0.000421,0.000009,0.003551,0.103236
26,0.016603,0.000044,0.000004,0.088258,0.000317,0.000004,0.000199,0.105431
22,0.015832,0.000029,0.000003,0.061984,0.000284,0.000004,0.012295,0.090437
29,0.005392,0.000034,0.000004,0.055286,0.000258,0.000004,0.002282,0.063265
29,0.005882,0.000036,0.000004,0.058983,0.000268,0.000004,0.003645,0.068828
28,0.005153,0.000030,0.000003,0.019763,0.000243,0.000004,0.000879,0.026078
25,0.012873,0.000027,0.000003,0.180571,0.000309,0.000005,0.000187,0.193977
30,0.010387,0.000039,0.000004,0.073095,0.000318,0.000007,0.001011,0.084866
26,0.007289,0.000039,0.000003,0.062296,0.000320,0.000004,0.005907,0.075864
23,0.006295,0.000033,0.000003,0.061915,0.000254,0.000005,0.000779,0.069287
27,0.007230,0.000048,0.000007,0.015603,0.000337,0.000005,0.002774,0.026011
28,0.005590,0.000033,0.000003,0.055705,0.000271,0.000004,0.010465,0.072078
35,0.008013,0.000041,0.000005,0.060410,0.000258,0.000004,0.000215,0.068948
30,0.006559,0.000032,0.000003,0.022903,0.000279,0.000005,0.002809,0.032595
29,0.005431,0.000032,0.000004,0.069708,0.000321,0.000005,0.000719,0.076222
27,0.006783,0.000041,0.000004,0.067951,0.000403,0.000006,0.012077,0.087272
23,0.008957,0.000039,0.000003,0.067122,0.000285,0.000004,0.006718,0.083135
28,0.018147,0.000046,0.000005,0.016029,0.000370,0.000008,0.002897,0.037509
26,0.030709,0.000063,0.000004,0.022947,0.000324,0.000004,0.000211,0.054263
28,0.005913,0.000032,0.000004,0.017766,0.000308,0.000004,0.011105,0.035139
30,0.005824,0.000034,0.000004,0.070163,0.000313,0.000004,0.004216,0.080564
24,0.017331,0.000041,0.000003,0.009647,0.000295,0.000004,0.008090,0.035417
31,0.006737,0.000039,0.000004,0.068731,0.000256,0.000041,0.000812,0.076625
29,0.007997,0.000034,0.000004,0.072832,0.000263,0.000004,0.001073,0.082210
27,0.008175,0.000050,0.000004,0.062109,0.000267,0.000004,0.006103,0.076718
29,0.008644,0.000041,0.000004,0.114036,0.000457,0.000009,0.002149,0.125347
29,0.005614,0.000037,0.000004,0.053263,0.000258,0.000004,0.007064,0.066249
24,0.014144,0.000033,0.000003,0.070082,0.000266,0.000005,0.000844,0.085380
31,0.006254,0.000035,0.000004,0.056489,0.000284,0.000004,0.002497,0.065569
36,0.009483,0.000044,0.000005,0.060698,0.000257,0.000004,0.000225,0.070718
27,0.016407,0.000032,0.000004,0.099255,0.000331,0.000007,0.000197,0.116238
30,0.006197,0.000033,0.000003,0.017589,0.000281,0.000004,0.000974,0.025084
23,0.016439,0.000030,0.000003,0.075782,0.000284,0.000004,0.026415,0.118963
25,0.005846,0.000030,0.000003,0.011238,0.000243,0.000004,0.000769,0.018138
30,0.006762,0.000037,0.000004,0.066560,0.000255,0.000004,0.000574,0.074199
25,0.009158,0.000042,0.000003,0.013539,0.000308,0.000004,0.015701,0.038761
30,0.005615,0.000031,0.000003,0.008371,0.000247,0.000004,0.015154,0.029430
28,0.006751,0.000032,0.000004,0.014150,0.000256,0.000004,0.014723,0.035925
32,0.005059,0.000032,0.000002,0.052991,0.000264,0.000004,0.000812,0.059167
29,0.007554,0.000046,0.000005,0.085277,0.000530,0.000012,0.004559,0.097992
27,0.018398,0.000036,0.000003,0.074785,0.000311,0.000004,0.000200,0.093740
31,0.004883,0.000030,0.000003,0.060003,0.000279,0.000005,0.003546,0.068754
29,0.005739,0.000034,0.000004,0.063991,0.000281,0.000004,0.010010,0.080069
28,0.028742,0.000059,0.000009,0.026045,0.000499,0.000010,0.000324,0.055696
30,0.008551,0.000037,0.000005,0.075760,0.000351,0.000004,0.001186,0.085911
37,0.005973,0.000030,0.000005,0.070526,0.000279,0.000004,0.000240,0.077058
32,0.006974,0.000033,0.000003,0.074225,0.000287,0.000005,0.002437,0.083969
30,0.006024,0.000033,0.000004,0.012489,0.000269,0.000004,0.010882,0.029710
31,0.009786,0.000037,0.000004,0.071262,0.000291,0.000004,0.001007,0.082396
26,0.006464,0.000038,0.000004,0.065262,0.000280,0.000004,0.000817,0.072873
29,0.005545,0.000036,0.000004,0.059664,0.000255,0.000004,0.005641,0.071159
31,0.008434,0.000053,0.000005,0.055188,0.000272,0.000004,0.007290,0.071251
31,0.008309,0.000046,0.000004,0.068253,0.000274,0.000004,0.000596,0.077489
24,0.024966,0.000036,0.000004,0.050116,0.000280,0.000005,0.011893,0.087306
38,0.006493,0.000036,0.000003,0.021517,0.000286,0.000004,0.000233,0.028575
26,0.026416,0.000037,0.000004,0.060113,0.000283,0.000004,0.011539,0.098410
33,0.007035,0.000032,0.000003,0.030427,0.000397,0.000007,0.003731,0.041638
33,0.008503,0.000037,0.000004,0.070092,0.000317,0.000006,0.000879,0.079842
30,0.008806,0.000033,0.000003,0.019633,0.000394,0.000007,0.008272,0.037154
32,0.007312,0.000035,0.000004,0.073908,0.000329,0.000005,0.004581,0.086179
28,0.017639,0.000036,0.000004,0.072975,0.000298,0.000004,0.000360,0.091319
30,0.007663,0.000047,0.000006,0.083309,0.000298,0.000005,0.002047,0.093379
34,0.007210,0.000032,0.000003,0.011858,0.000271,0.000004,0.002447,0.021830
31,0.009381,0.000033,0.000004,0.065421,0.000358,0.000004,0.001204,0.076409
33,0.006040,0.000033,0.000003,0.017337,0.000293,0.000005,0.003876,0.027593
32,0.008477,0.000037,0.000004,0.066073,0.000272,0.000004,0.000993,0.075863
32,0.006080,0.000033,0.000003,0.065525,0.000245,0.000004,0.000642,0.072536
31,0.008478,0.000038,0.000005,0.018314,0.000288,0.000005,0.002045,0.029177
39,0.010309,0.000040,0.000004,0.055709,0.000313,0.000004,0.000218,0.066601
31,0.005912,0.000035,0.000004,0.070160,0.000300,0.000004,0.009992,0.086412
29,0.021365,0.000034,0.000003,0.012056,0.000267,0.000003,0.000186,0.033917
32,0.005621,0.000032,0.000003,0.073206,0.000260,0.000004,0.007021,0.086154
27,0.006207,0.000038,0.000003,0.085781,0.000376,0.000008,0.001216,0.093638
34,0.007348,0.000034,0.000003,0.059032,0.000280,0.000004,0.000717,0.067424
29,0.022916,0.000042,0.000005,0.111908,0.000471,0.000008,0.000277,0.135633
25,0.020066,0.000033,0.000002,0.066948,0.000313,0.000004,0.011774,0.099147
31,0.005805,0.000032,0.000003,0.060307,0.000280,0.000004,0.005995,0.072432
35,0.005483,0.000034,0.000003,0.061185,0.000278,0.000004,0.002489,0.069479
28,0.011995,0.000053,0.000004,0.017339,0.000408,0.000008,0.001465,0.031278
27,0.008878,0.000034,0.000003,0.079214,0.000248,0.000004,0.012159,0.100547
32,0.008548,0.000033,0.000003,0.071998,0.000329,0.000004,0.001301,0.082220
34,0.006289,0.000033,0.000003,0.057756,0.000283,0.000004,0.003943,0.068318
32,0.005869,0.000035,0.000004,0.059542,0.000282,0.000005,0.002052,0.067793
33,0.006409,0.000035,0.000003,0.068579,0.000283,0.000004,0.000607,0.075923
32,0.006065,0.000035,0.000004,0.056179,0.000316,0.000005,0.009787,0.072397
33,0.006002,0.000033,0.000003,0.072247,0.000268,0.000004,0.001073,0.079634
40,0.005914,0.000031,0.000002,0.070653,0.000274,0.000005,0.000765,0.077649
33,0.005930,0.000039,0.000004,0.064373,0.000273,0.000004,0.007409,0.078039
34,0.006513,0.000037,0.000003,0.018730,0.000350,0.000005,0.001072,0.026715
35,0.007578,0.000034,0.000003,0.078302,0.000367,0.000007,0.001131,0.087429
30,0.018249,0.000038,0.000003,0.085788,0.000433,0.000008,0.000255,0.104779
32,0.006915,0.000039,0.000004,0.061599,0.000277,0.000004,0.006501,0.075345
41,0.007757,0.000041,0.000003,0.026903,0.000287,0.000004,0.000225,0.035223
36,0.005741,0.000031,0.000003,0.068887,0.000280,0.000004,0.002264,0.077213
30,0.024260,0.000049,0.000005,0.091168,0.000329,0.000004,0.000154,0.115973
26,0.030354,0.000035,0.000003,0.064781,0.000259,0.000004,0.019930,0.115373
34,0.005067,0.000031,0.000003,0.062011,0.000264,0.000004,0.000563,0.067948
28,0.020024,0.000035,0.000003,0.058532,0.000265,0.000004,0.019414,0.098289
33,0.009095,0.000043,0.000004,0.077294,0.000373,0.000006,0.001523,0.088343
29,0.007421,0.000043,0.000004,0.094885,0.000543,0.000012,0.001242,0.104155
35,0.006916,0.000034,0.000004,0.071637,0.000493,0.000011,0.008166,0.087268
33,0.006760,0.000038,0.000004,0.074755,0.000312,0.000006,0.002098,0.083979
37,0.006639,0.000029,0.000003,0.020457,0.000291,0.000005,0.002582,0.030010
33,0.006130,0.000038,0.000003,0.077855,0.000287,0.000004,0.009616,0.093939
31,0.023643,0.000035,0.000004,0.019669,0.000337,0.000005,0.000173,0.043868
35,0.006160,0.000031,0.000003,0.075102,0.000282,0.000004,0.001085,0.082672
36,0.007444,0.000041,0.000003,0.072549,0.000309,0.000004,0.000806,0.081161
30,0.009885,0.000059,0.000005,0.026095,0.000273,0.000005,0.000861,0.037187
31,0.026578,0.000041,0.000003,0.054823,0.000283,0.000004,0.000198,0.081932
42,0.006806,0.000031,0.000003,0.068752,0.000270,0.000005,0.000209,0.076080
29,0.023866,0.000041,0.000004,0.020252,0.000348,0.000004,0.007279,0.051800
35,0.006792,0.000032,0.000003,0.059179,0.000285,0.000004,0.000578,0.066878
34,0.005845,0.000038,0.000004,0.109749,0.000582,0.000012,0.012206,0.128448
33,0.008404,0.000037,0.000003,0.082268,0.000321,0.000005,0.008741,0.099787
36,0.006919,0.000035,0.000003,0.019338,0.000293,0.000004,0.000990,0.027588
38,0.005837,0.000032,0.000003,0.058254,0.000280,0.000004,0.002475,0.066889
34,0.006520,0.000037,0.000004,0.059010,0.000313,0.000004,0.001925,0.067819
34,0.009959,0.000037,0.000004,0.063021,0.000286,0.000004,0.001196,0.074510
36,0.009480,0.000049,0.000004,0.078979,0.000389,0.000005,0.004494,0.093406
27,0.024473,0.000031,0.000003,0.058156,0.000290,0.000004,0.020220,0.103184
31,0.005627,0.000028,0.000003,0.048837,0.000265,0.000004,0.000748,0.055515
34,0.005021,0.000031,0.000003,0.064551,0.000244,0.000004,0.009050,0.078911
43,0.009204,0.000033,0.000003,0.058333,0.000248,0.000004,0.000203,0.068031
39,0.015313,0.000042,0.000004,0.022765,0.000271,0.000004,0.002417,0.040821
32,0.017069,0.000036,0.000003,0.062352,0.000296,0.000005,0.000184,0.079947
37,0.007164,0.000032,0.000003,0.067095,0.000295,0.000004,0.000772,0.075370
32,0.017960,0.000037,0.000003,0.059726,0.000263,0.000004,0.000205,0.078200
36,0.007545,0.000041,0.000003,0.067243,0.000272,0.000005,0.000636,0.075747
37,0.014597,0.000045,0.000004,0.056304,0.000277,0.000004,0.000976,0.072211
35,0.005713,0.000031,0.000003,0.026948,0.000342,0.000004,0.010035,0.043083
40,0.006496,0.000038,0.000004,0.019687,0.000294,0.000004,0.002424,0.028951
35,0.015144,0.000048,0.000005,0.064193,0.000290,0.000005,0.001969,0.081658
34,0.005908,0.000030,0.000003,0.072308,0.000308,0.000004,0.007068,0.085634
33,0.018598,0.000047,0.000003,0.014316,0.000389,0.000006,0.000210,0.033572
32,0.007674,0.000031,0.000003,0.053832,0.000293,0.000004,0.000899,0.062741
37,0.006048,0.000038,0.000004,0.018476,0.000306,0.000004,0.000609,0.025487
35,0.015478,0.000041,0.000004,0.077791,0.000323,0.000005,0.001601,0.095247
38,0.006305,0.000034,0.000005,0.020268,0.000299,0.000004,0.001060,0.027978
37,0.006658,0.000035,0.000004,0.069874,0.000307,0.000005,0.003317,0.080204
28,0.015842,0.000032,0.000003,0.058987,0.000259,0.000004,0.009335,0.084470
44,0.006077,0.000030,0.000003,0.056467,0.000239,0.000004,0.000198,0.063021
36,0.007196,0.000035,0.000004,0.014356,0.000257,0.000004,0.013299,0.035158
30,0.011688,0.000037,0.000003,0.106448,0.000790,0.000017,0.024256,0.143249
33,0.017126,0.000056,0.000004,0.051715,0.000308,0.000005,0.000170,0.069386
35,0.005846,0.000038,0.000003,0.020140,0.000257,0.000004,0.009245,0.035541
35,0.018055,0.000046,0.000005,0.101685,0.000427,0.000009,0.010444,0.130678
33,0.007140,0.000031,0.000003,0.021428,0.000301,0.000004,0.000806,0.029719
38,0.006749,0.000036,0.000004,0.074631,0.000290,0.000004,0.001365,0.083087
37,0.006459,0.000036,0.000004,0.006286,0.000282,0.000005,0.011276,0.024354
41,0.005564,0.000036,0.000003,0.057526,0.000282,0.000004,0.002512,0.065931
36,0.006456,0.000034,0.000005,0.053967,0.000275,0.000005,0.002083,0.062828
38,0.005659,0.000029,0.000003,0.058725,0.000315,0.000005,0.000632,0.065370
36,0.012808,0.000033,0.000003,0.053709,0.000304,0.000004,0.001199,0.068066
34,0.018651,0.000034,0.000004,0.027519,0.000274,0.000004,0.000151,0.046639
42,0.005803,0.000033,0.000003,0.015571,0.000256,0.000004,0.002308,0.023982
39,0.009871,0.000032,0.000003,0.057385,0.000311,0.000004,0.001008,0.068619
34,0.020044,0.000059,0.000003,0.061607,0.000408,0.000007,0.000233,0.082366
45,0.006017,0.000032,0.000003,0.064063,0.000267,0.000004,0.000208,0.070595
39,0.006441,0.000031,0.000003,0.012180,0.000245,0.000004,0.000552,0.019459
38,0.007727,0.000039,0.000004,0.060446,0.000297,0.000004,0.003836,0.072357
34,0.005416,0.000030,0.000003,0.059964,0.000291,0.000004,0.000804,0.066516
36,0.006049,0.000035,0.000003,0.065088,0.000260,0.000004,0.006317,0.077760
35,0.017809,0.000037,0.000005,0.011465,0.000241,0.000004,0.000147,0.029711
36,0.007030,0.000038,0.000003,0.063981,0.000266,0.000004,0.006489,0.077814
37,0.005696,0.000034,0.000004,0.049760,0.000222,0.000004,0.001487,0.057209
37,0.009610,0.000038,0.000004,0.018194,0.000301,0.008067,0.001181,0.037399
29,0.015711,0.000035,0.000003,0.068327,0.000302,0.000004,0.014862,0.099248
38,0.005592,0.000035,0.000004,0.062356,0.000347,0.000004,0.009081,0.077425
35,0.005730,0.000029,0.000002,0.018162,0.000264,0.000004,0.000808,0.025003
31,0.011013,0.000046,0.000004,0.102619,0.000396,0.000008,0.013024,0.127118
43,0.005565,0.000035,0.000003,0.065572,0.000296,0.000004,0.002525,0.074005
39,0.017505,0.000042,0.000004,0.092593,0.000396,0.000009,0.001138,0.111693
39,0.006605,0.000064,0.000004,0.012007,0.000379,0.000005,0.009783,0.028852
46,0.007952,0.000034,0.000004,0.061795,0.000271,0.000004,0.000188,0.070249
39,0.006235,0.000039,0.000003,0.064527,0.000306,0.000004,0.003892,0.075011
40,0.006318,0.000032,0.000003,0.081153,0.000287,0.000004,0.000997,0.088798
40,0.006117,0.000035,0.000003,0.070908,0.000276,0.000004,0.000602,0.077948
35,0.018395,0.000037,0.000003,0.074759,0.000323,0.000004,0.000214,0.093737
44,0.006468,0.000038,0.000004,0.012157,0.000275,0.000004,0.002355,0.021305
37,0.005654,0.000037,0.000005,0.056868,0.000272,0.000004,0.007207,0.070055
32,0.014200,0.000060,0.000005,0.008146,0.000390,0.000006,0.008422,0.031235
38,0.006447,0.000037,0.000005,0.063826,0.000293,0.000005,0.002104,0.072724
38,0.013341,0.000032,0.000004,0.058773,0.000258,0.000004,0.001252,0.073666
37,0.005532,0.000038,0.000004,0.064739,0.000291,0.000004,0.007104,0.077715
47,0.013617,0.000074,0.000007,0.015547,0.000283,0.000004,0.000217,0.029753
36,0.019096,0.000033,0.000005,0.063969,0.000411,0.000005,0.000200,0.083731
30,0.018631,0.000033,0.000004,0.050947,0.000273,0.000004,0.009920,0.079818
36,0.006689,0.000037,0.000004,0.063834,0.000283,0.000004,0.000862,0.071716
36,0.016717,0.000038,0.000003,0.032534,0.000380,0.000006,0.000309,0.049991
40,0.007692,0.000033,0.000003,0.070038,0.000338,0.000005,0.000811,0.078925
31,0.013881,0.000040,0.000003,0.012121,0.000321,0.000005,0.012234,0.038610
37,0.022271,0.000041,0.000005,0.020553,0.000313,0.000004,0.000167,0.043357
40,0.005749,0.000031,0.000003,0.062544,0.000296,0.000005,0.003953,0.072587
40,0.006010,0.000039,0.000003,0.066737,0.000316,0.000004,0.010014,0.083129
41,0.005710,0.000034,0.000003,0.067587,0.000258,0.000004,0.000935,0.074535
45,0.005719,0.000033,0.000004,0.060581,0.000310,0.000004,0.002446,0.069101
41,0.006475,0.000036,0.000003,0.070692,0.000302,0.000004,0.000607,0.078135
39,0.008081,0.000032,0.000003,0.057231,0.000323,0.000004,0.001328,0.067006
48,0.008151,0.000033,0.000003,0.062214,0.000299,0.000004,0.000209,0.070915
37,0.019876,0.000042,0.000004,0.014053,0.000367,0.000006,0.000269,0.034620
39,0.006343,0.000040,0.000004,0.070275,0.000267,0.000006,0.002146,0.079086
41,0.005859,0.000033,0.000004,0.015629,0.000282,0.000004,0.004234,0.026049
41,0.005470,0.000033,0.000003,0.011827,0.000331,0.000005,0.010231,0.027905
33,0.008151,0.000032,0.000003,0.072174,0.000285,0.000005,0.007695,0.088351
38,0.004726,0.000033,0.000004,0.073695,0.000309,0.000004,0.006237,0.085014
42,0.008036,0.000037,0.000004,0.020691,0.000292,0.000004,0.000956,0.030023
37,0.010703,0.000040,0.000004,0.061936,0.000258,0.000004,0.000818,0.073768
38,0.006233,0.000036,0.000004,0.083907,0.000438,0.000006,0.007885,0.098515
32,0.016176,0.000035,0.000003,0.017108,0.000286,0.000004,0.011374,0.044993
40,0.008426,0.000032,0.000003,0.018830,0.000332,0.000005,0.001218,0.028850
40,0.006075,0.000038,0.000004,0.011926,0.000278,0.000005,0.002093,0.020426
38,0.005172,0.000029,0.000003,0.010811,0.000318,0.000005,0.000987,0.017330
41,0.005715,0.000034,0.000003,0.056447,0.000302,0.000004,0.000761,0.063272
42,0.005527,0.000031,0.000002,0.023013,0.000285,0.000004,0.003747,0.032615
46,0.006699,0.000032,0.000003,0.054083,0.000289,0.000004,0.002401,0.063518
38,0.012500,0.000036,0.000004,0.066427,0.000422,0.000006,0.000233,0.079633
42,0.005698,0.000031,0.000003,0.063652,0.000335,0.000006,0.000770,0.070498
42,0.006350,0.000042,0.000003,0.033713,0.000419,0.000007,0.012563,0.053104
42,0.011278,0.000045,0.000004,0.026656,0.000306,0.000004,0.000784,0.039082
49,0.009402,0.000033,0.000004,0.069749,0.000277,0.000004,0.000214,0.079685
43,0.005121,0.000031,0.000003,0.060052,0.000315,0.000004,0.000914,0.066444
43,0.006871,0.000039,0.000003,0.019279,0.000307,0.000004,0.000586,0.027093
39,0.005739,0.000038,0.000004,0.064569,0.000277,0.000004,0.006847,0.077483
34,0.013819,0.000036,0.000004,0.061674,0.000269,0.000004,0.007508,0.083321
43,0.005140,0.000032,0.000003,0.012447,0.000297,0.000004,0.000742,0.018668
39,0.018364,0.000034,0.000004,0.025658,0.000297,0.000004,0.000162,0.044525
39,0.008014,0.000045,0.000004,0.071551,0.000265,0.000005,0.006634,0.086524
41,0.008592,0.000039,0.000004,0.071045,0.000285,0.000004,0.001219,0.081193
41,0.006359,0.000032,0.000005,0.070751,0.000305,0.000004,0.001986,0.079447
39,0.009870,0.000046,0.000005,0.064806,0.000277,0.000005,0.000800,0.075812
43,0.006361,0.000045,0.000005,0.055954,0.000277,0.000004,0.003867,0.066518
50,0.009442,0.000033,0.000003,0.024932,0.000294,0.000004,0.000197,0.034907
38,0.021700,0.000041,0.000004,0.098242,0.000502,0.000007,0.000271,0.120771
33,0.018063,0.000030,0.000003,0.073146,0.000418,0.000004,0.011176,0.102858
47,0.007796,0.000034,0.000003,0.063863,0.000281,0.000004,0.002508,0.074495
42,0.005476,0.000037,0.000004,0.012930,0.000290,0.000005,0.001809,0.020557
44,0.005495,0.000030,0.000003,0.022873,0.000383,0.000007,0.005581,0.034378
44,0.005654,0.000033,0.000003,0.061116,0.000351,0.000006,0.000734,0.067900
43,0.006311,0.000038,0.000004,0.073892,0.000320,0.000004,0.010998,0.091574
44,0.008039,0.000034,0.000003,0.065945,0.000296,0.000004,0.001080,0.075406
40,0.005611,0.000034,0.000003,0.057619,0.000269,0.000004,0.007284,0.070829
44,0.006020,0.000033,0.000003,0.064140,0.000269,0.000004,0.000825,0.071299
40,0.005647,0.000033,0.000003,0.054830,0.000298,0.000005,0.006560,0.067382
44,0.005330,0.000031,0.000004,0.005407,0.000251,0.000004,0.008820,0.019854
34,0.016460,0.000033,0.000003,0.027676,0.000289,0.000004,0.011196,0.055664
35,0.015306,0.000038,0.000004,0.054739,0.000585,0.000010,0.015217,0.085912
45,0.005582,0.000034,0.000003,0.019770,0.000296,0.000004,0.000560,0.026252
40,0.015108,0.000032,0.000004,0.064880,0.000263,0.000004,0.000154,0.080447
39,0.029939,0.000043,0.000004,0.028966,0.000322,0.000004,0.000189,0.059470
41,0.005246,0.000032,0.000003,0.009777,0.000262,0.000004,0.007533,0.022863
40,0.008434,0.000034,0.000003,0.065494,0.000263,0.000004,0.000829,0.075066
51,0.008131,0.000029,0.000003,0.061151,0.000249,0.000004,0.000195,0.069765
42,0.009506,0.000034,0.000003,0.072832,0.000263,0.000004,0.001151,0.083796
48,0.007476,0.000031,0.000004,0.066801,0.000264,0.000004,0.002554,0.077139
43,0.015296,0.000048,0.000005,0.057136,0.000287,0.000004,0.002004,0.074784
42,0.005147,0.000030,0.000003,0.012622,0.000281,0.000004,0.006563,0.024655
41,0.007054,0.000031,0.000004,0.018424,0.000328,0.000005,0.000816,0.026665
45,0.007729,0.000032,0.000003,0.058445,0.000304,0.000004,0.003884,0.070404
42,0.005537,0.000035,0.000003,0.005579,0.000313,0.000005,0.000895,0.012372
45,0.008219,0.000033,0.000003,0.061547,0.000270,0.000004,0.001013,0.071093
35,0.028226,0.000044,0.000003,0.012045,0.000292,0.000003,0.012834,0.053453
45,0.006468,0.000035,0.000003,0.062746,0.000307,0.000004,0.000792,0.070360
44,0.008576,0.000036,0.000004,0.026475,0.000299,0.000005,0.002278,0.037679
41,0.011875,0.000031,0.000003,0.059854,0.000272,0.000004,0.006719,0.078764
52,0.008748,0.000034,0.000004,0.057790,0.000287,0.000005,0.000216,0.067084
46,0.006822,0.000031,0.000003,0.065170,0.000278,0.000005,0.000599,0.072910
45,0.006534,0.000034,0.000004,0.066982,0.000349,0.000017,0.010243,0.084168
40,0.008873,0.000043,0.000003,0.072127,0.000346,0.000005,0.000362,0.081763
45,0.006905,0.000036,0.000005,0.013700,0.000278,0.000004,0.002130,0.023064
49,0.006933,0.000034,0.000004,0.059465,0.000298,0.000004,0.002493,0.069237
43,0.009534,0.000033,0.000004,0.076374,0.000339,0.000005,0.001340,0.087637
41,0.031193,0.000039,0.000006,0.068320,0.000343,0.000005,0.000201,0.100111
43,0.005624,0.000035,0.000004,0.064471,0.000301,0.000005,0.007929,0.078374
53,0.009277,0.000036,0.000003,0.022756,0.000258,0.000004,0.000218,0.032554
46,0.006692,0.000040,0.000004,0.009691,0.000316,0.000005,0.001930,0.018682
42,0.008211,0.000039,0.000003,0.025307,0.000313,0.000006,0.006359,0.040247
36,0.028799,0.000036,0.000003,0.075095,0.000320,0.000005,0.008237,0.112500
46,0.006141,0.000038,0.000003,0.067313,0.000265,0.000004,0.003748,0.077517
43,0.010293,0.000035,0.000003,0.061422,0.000277,0.000004,0.000841,0.072879
50,0.006156,0.000037,0.000004,0.022792,0.000287,0.000004,0.002600,0.031885
46,0.005565,0.000034,0.000004,0.062367,0.000313,0.000005,0.000701,0.068994
46,0.010987,0.000037,0.000004,0.070205,0.000319,0.000004,0.001036,0.082597
36,0.016110,0.000034,0.000003,0.057184,0.000299,0.000004,0.011592,0.085232
54,0.008070,0.000034,0.000003,0.018851,0.000277,0.000004,0.000208,0.027448
47,0.007831,0.000037,0.000003,0.064361,0.000290,0.000004,0.000590,0.073120
46,0.006122,0.000037,0.000004,0.055396,0.000299,0.000005,0.009513,0.071381
55,0.008157,0.000030,0.000003,0.007062,0.000270,0.000004,0.000228,0.015757
41,0.018880,0.000037,0.000002,0.068875,0.000392,0.000005,0.000372,0.088567
44,0.010635,0.000043,0.000004,0.066958,0.000311,0.000005,0.001441,0.079402
42,0.017329,0.000041,0.000004,0.062984,0.000324,0.000004,0.000159,0.080848
44,0.005586,0.000037,0.000004,0.060642,0.000309,0.000006,0.007408,0.073999
47,0.005485,0.000037,0.000005,0.063660,0.000250,0.000004,0.001808,0.071254
51,0.006016,0.000035,0.000003,0.058605,0.000294,0.000004,0.002402,0.067364
47,0.005807,0.000033,0.000003,0.069092,0.000301,0.000004,0.003841,0.079086
43,0.006921,0.000030,0.000003,0.069116,0.000438,0.000006,0.007133,0.083656
47,0.006194,0.000031,0.000003,0.065933,0.000270,0.000004,0.000707,0.073146
42,0.013431,0.000037,0.000004,0.012152,0.000296,0.000004,0.000185,0.026110
47,0.013086,0.000034,0.000004,0.060314,0.000260,0.000004,0.001026,0.074732
45,0.006048,0.000037,0.000003,0.007617,0.000256,0.000004,0.006903,0.020873
44,0.006309,0.000035,0.000003,0.082676,0.000414,0.000006,0.001414,0.090863
56,0.006679,0.000034,0.000003,0.052104,0.000260,0.000004,0.000191,0.059278
37,0.009814,0.000041,0.000005,0.088219,0.000323,0.000004,0.008318,0.106729
48,0.006165,0.000035,0.000003,0.061665,0.000273,0.000004,0.000582,0.068730
52,0.007358,0.000036,0.000004,0.016930,0.000262,0.000004,0.002449,0.027049
46,0.004814,0.000035,0.000004,0.006423,0.000267,0.000004,0.005990,0.017541
37,0.023733,0.000036,0.000004,0.066098,0.000327,0.000005,0.011766,0.101973
47,0.006259,0.000040,0.000003,0.067990,0.000305,0.000004,0.009864,0.084473
45,0.007946,0.000033,0.000003,0.063034,0.000266,0.000004,0.001062,0.072351
43,0.007691,0.000038,0.000004,0.060627,0.000302,0.000005,0.000159,0.068829
48,0.008888,0.000040,0.000005,0.068882,0.000331,0.000006,0.002212,0.080372
46,0.006818,0.000037,0.000004,0.010601,0.000290,0.000004,0.001188,0.018948
48,0.006216,0.000034,0.000004,0.075317,0.000285,0.000005,0.003938,0.085804
48,0.007481,0.000036,0.000004,0.074792,0.000304,0.000004,0.001013,0.083639
48,0.008538,0.000036,0.000004,0.073142,0.000316,0.000005,0.001036,0.083081
43,0.016137,0.000044,0.000004,0.072030,0.000335,0.000003,0.000202,0.088757
47,0.008265,0.000036,0.000004,0.012076,0.000307,0.000005,0.001193,0.021889
44,0.008819,0.000043,0.000004,0.083037,0.000307,0.000004,0.005737,0.097956
57,0.009254,0.000036,0.000004,0.068862,0.000296,0.000005,0.000229,0.078689
53,0.005541,0.000031,0.000004,0.066303,0.000273,0.000004,0.002412,0.074572
47,0.005810,0.000038,0.000004,0.065183,0.000279,0.000004,0.006924,0.078248
49,0.005953,0.000032,0.000003,0.077270,0.000336,0.000004,0.000724,0.084326
38,0.018777,0.000034,0.000004,0.061505,0.000261,0.000004,0.006987,0.087578
44,0.007582,0.000031,0.000003,0.010526,0.000294,0.000005,0.000206,0.018650
48,0.007347,0.000033,0.000004,0.009648,0.000287,0.000004,0.001239,0.018565
45,0.007695,0.000042,0.000004,0.099153,0.000389,0.000007,0.001632,0.108930
44,0.017136,0.000034,0.000004,0.055923,0.000273,0.000005,0.000170,0.073548
58,0.009242,0.000034,0.000003,0.018532,0.000292,0.000004,0.000210,0.028320
48,0.011041,0.000038,0.000004,0.069550,0.000319,0.000004,0.009975,0.090935
50,0.007049,0.000035,0.000003,0.012233,0.000263,0.000004,0.000654,0.020245
38,0.023598,0.000039,0.000003,0.059609,0.000259,0.000004,0.011374,0.094890
49,0.012900,0.000038,0.000004,0.061660,0.000278,0.000004,0.006280,0.081171
49,0.005752,0.000034,0.000003,0.068794,0.000327,0.000005,0.004373,0.079292
49,0.006903,0.000032,0.000003,0.070485,0.000304,0.000004,0.000773,0.078510
45,0.007494,0.000039,0.000004,0.054917,0.000287,0.000004,0.006070,0.068821
49,0.008632,0.000031,0.000003,0.077478,0.000342,0.000004,0.001086,0.087584
54,0.008527,0.000036,0.000004,0.066985,0.000275,0.000004,0.002569,0.078405
48,0.005630,0.000035,0.000003,0.067664,0.000289,0.000004,0.007267,0.080897
49,0.007713,0.000033,0.000003,0.069986,0.000480,0.000006,0.001305,0.079538
50,0.007947,0.000035,0.000003,0.019155,0.000301,0.000005,0.000890,0.028340
39,0.014480,0.000038,0.000005,0.069308,0.000288,0.000004,0.007755,0.091883
46,0.013217,0.000045,0.000004,0.017707,0.000275,0.000004,0.006386,0.037643
49,0.006614,0.000036,0.000003,0.058382,0.000273,0.000004,0.009937,0.075255
59,0.007602,0.000034,0.000003,0.071205,0.000323,0.000008,0.000235,0.079410
45,0.017017,0.000033,0.000003,0.082110,0.000298,0.000004,0.000273,0.099740
51,0.014631,0.000045,0.000003,0.063286,0.000283,0.000005,0.000660,0.078915
49,0.005865,0.000036,0.000003,0.016025,0.000268,0.000005,0.006809,0.029015
46,0.008612,0.000041,0.000004,0.090398,0.000389,0.000009,0.001459,0.100919
50,0.007116,0.000037,0.000005,0.063145,0.000263,0.000005,0.002054,0.072632
45,0.016357,0.000030,0.000003,0.083185,0.000301,0.000004,0.000197,0.100079
47,0.008706,0.000036,0.000003,0.006984,0.000274,0.000004,0.006656,0.022669
50,0.005717,0.000034,0.000003,0.070832,0.000275,0.000004,0.003016,0.079884
50,0.006051,0.000032,0.000003,0.021428,0.000289,0.000005,0.006728,0.034541
50,0.008955,0.000033,0.000003,0.049251,0.000246,0.000004,0.005096,0.063593
39,0.023494,0.000037,0.000003,0.072875,0.000319,0.000004,0.015676,0.112415
60,0.012520,0.000031,0.000003,0.026983,0.000420,0.000008,0.000348,0.040316
52,0.006336,0.000036,0.000003,0.029852,0.000394,0.000007,0.000918,0.037550
55,0.006552,0.000037,0.000004,0.066887,0.000285,0.000004,0.002680,0.076453
50,0.007150,0.000031,0.000003,0.056684,0.000261,0.000004,0.001106,0.065254
51,0.005765,0.000035,0.000004,0.060279,0.000270,0.000004,0.000776,0.067136
51,0.004674,0.000034,0.000003,0.019118,0.000275,0.000005,0.003598,0.027714
40,0.014102,0.000033,0.000003,0.063618,0.000300,0.000004,0.007902,0.085970
46,0.009333,0.000040,0.000003,0.072026,0.000322,0.000004,0.000208,0.081938
50,0.005482,0.000035,0.000004,0.063124,0.000287,0.000004,0.007293,0.076235
51,0.006866,0.000038,0.000004,0.072789,0.000305,0.000005,0.002084,0.082095
51,0.009210,0.000039,0.000004,0.054845,0.000276,0.000004,0.000926,0.065308
53,0.005063,0.000029,0.000003,0.050972,0.000266,0.000004,0.000563,0.056904
46,0.022510,0.000037,0.000005,0.065815,0.000282,0.000004,0.000148,0.088803
48,0.018541,0.000046,0.000005,0.063780,0.000391,0.000004,0.006297,0.089078
47,0.007778,0.000042,0.000004,0.090603,0.000371,0.000007,0.001273,0.100083
51,0.005780,0.000036,0.000003,0.064277,0.000267,0.000004,0.009835,0.080207
61,0.009338,0.000034,0.000003,0.064783,0.000278,0.000004,0.000209,0.074650
51,0.007720,0.000030,0.000003,0.056397,0.000263,0.000004,0.001099,0.065523
56,0.006544,0.000033,0.000003,0.063895,0.000259,0.000004,0.002415,0.073156
40,0.016361,0.000037,0.000003,0.059515,0.000287,0.000004,0.009435,0.085649
54,0.007346,0.000036,0.000003,0.011751,0.000292,0.000005,0.000651,0.020086
55,0.005193,0.000033,0.000003,0.007230,0.000261,0.000004,0.000594,0.013322
52,0.007297,0.000036,0.000004,0.062724,0.000395,0.000007,0.010288,0.080758
41,0.009457,0.000034,0.000003,0.050474,0.000293,0.000004,0.007484,0.067754
52,0.006760,0.000036,0.000004,0.083241,0.000759,0.000017,0.001847,0.092668
51,0.005883,0.000038,0.000004,0.067310,0.000322,0.000005,0.006864,0.080432
52,0.006605,0.000035,0.000005,0.066608,0.000324,0.000004,0.002011,0.075600
47,0.019231,0.000034,0.000003,0.070337,0.000304,0.000004,0.000200,0.090115
53,0.006637,0.000038,0.000004,0.019416,0.000297,0.000004,0.004135,0.030536
53,0.006980,0.000032,0.000004,0.019924,0.000262,0.000004,0.000753,0.027963
52,0.010613,0.000037,0.000004,0.062560,0.000269,0.000004,0.001040,0.074530
52,0.007403,0.000027,0.000004,0.052954,0.000260,0.000004,0.001156,0.061815
49,0.008355,0.000033,0.000003,0.062939,0.000319,0.000004,0.006378,0.078037
48,0.006497,0.000037,0.000004,0.068716,0.000290,0.000005,0.000760,0.076313
52,0.005819,0.000027,0.000003,0.062332,0.000278,0.000004,0.009651,0.078122
47,0.022806,0.000040,0.000005,0.067470,0.000284,0.000004,0.000163,0.090775
62,0.013411,0.000032,0.000003,0.066700,0.000270,0.000004,0.000197,0.080619
57,0.010712,0.000039,0.000005,0.063314,0.000281,0.000004,0.002591,0.076950
56,0.005914,0.000033,0.000003,0.052014,0.000254,0.000004,0.000673,0.058899
54,0.005410,0.000033,0.000002,0.017332,0.000255,0.000004,0.003817,0.026859
41,0.015591,0.000037,0.000004,0.059306,0.000289,0.000004,0.011558,0.086794
53,0.008136,0.000032,0.000004,0.018455,0.000268,0.000004,0.001146,0.028050
42,0.014541,0.000032,0.000003,0.057222,0.000299,0.000004,0.015634,0.087740
52,0.007057,0.000032,0.000004,0.056977,0.000283,0.000004,0.006794,0.071156
54,0.008690,0.000038,0.000003,0.065122,0.000313,0.000004,0.000794,0.074969
53,0.008713,0.000049,0.000006,0.072202,0.000286,0.000004,0.001775,0.083039
53,0.008699,0.000034,0.000004,0.066980,0.000403,0.000003,0.001073,0.077204
49,0.007995,0.000033,0.000003,0.059005,0.000286,0.000005,0.000795,0.068125
48,0.015701,0.000038,0.000004,0.068104,0.000288,0.000004,0.000187,0.084327
50,0.007584,0.000030,0.000003,0.064064,0.000235,0.000004,0.005278,0.077203
58,0.006751,0.000034,0.000004,0.056385,0.000251,0.000004,0.002313,0.065746
53,0.006239,0.000034,0.000003,0.058465,0.000254,0.000004,0.009207,0.074211
63,0.028839,0.000040,0.000003,0.053782,0.000294,0.000004,0.000214,0.083178
48,0.014499,0.000036,0.000004,0.071348,0.000243,0.000004,0.000155,0.086294
57,0.006085,0.000034,0.000003,0.076454,0.000287,0.000005,0.000615,0.083487
54,0.009890,0.000036,0.000003,0.012633,0.000287,0.000004,0.001063,0.023920
55,0.019827,0.000035,0.000003,0.060282,0.000275,0.000005,0.003767,0.084198
54,0.009404,0.000039,0.000005,0.022159,0.000259,0.000004,0.001904,0.033780
54,0.006144,0.000039,0.000004,0.020504,0.000304,0.000004,0.009628,0.036633
55,0.005454,0.000036,0.000005,0.010090,0.000295,0.000005,0.001963,0.017856
55,0.006675,0.000030,0.000003,0.054568,0.000266,0.000004,0.000675,0.062225
42,0.020504,0.000039,0.000003,0.058842,0.000276,0.000004,0.026679,0.106356
55,0.011180,0.000044,0.000004,0.016058,0.000280,0.000004,0.005157,0.032731
53,0.007518,0.000040,0.000005,0.066725,0.000277,0.000004,0.010756,0.085331
50,0.007536,0.000034,0.000003,0.059676,0.000273,0.000004,0.000786,0.068315
43,0.016813,0.000038,0.000005,0.075262,0.000329,0.000004,0.008452,0.100916
56,0.006316,0.000031,0.000004,0.016418,0.000269,0.000005,0.001852,0.024898
59,0.005359,0.000035,0.000004,0.062964,0.000313,0.000006,0.002528,0.071214
54,0.021442,0.000048,0.000005,0.102170,0.000699,0.000012,0.002637,0.127020
51,0.007643,0.000032,0.000003,0.065716,0.000367,0.000004,0.006028,0.079801
49,0.018801,0.000033,0.000003,0.068593,0.000303,0.000004,0.000207,0.087947
58,0.006540,0.000039,0.000003,0.058034,0.000278,0.000005,0.000627,0.065528
54,0.007255,0.000037,0.000004,0.018341,0.000304,0.000004,0.009318,0.035266
49,0.015916,0.000045,0.000005,0.062658,0.000305,0.000005,0.000199,0.079139
56,0.006596,0.000036,0.000004,0.070506,0.000272,0.000004,0.003792,0.081216
50,0.007596,0.000035,0.000003,0.012790,0.000278,0.000004,0.000190,0.020898
52,0.008357,0.000035,0.000004,0.021072,0.000273,0.000004,0.006019,0.035768
56,0.013107,0.000039,0.000004,0.055529,0.000264,0.000004,0.000769,0.069719
55,0.007873,0.000036,0.000004,0.064657,0.000267,0.000004,0.009430,0.082277
51,0.006544,0.000029,0.000003,0.056938,0.000243,0.000005,0.000739,0.064504
56,0.010210,0.000040,0.000004,0.064197,0.000368,0.000004,0.001036,0.075864
43,0.014784,0.000037,0.000003,0.060311,0.000320,0.000004,0.011404,0.086871
57,0.006816,0.000035,0.000005,0.057419,0.000310,0.000005,0.002046,0.066643
60,0.005921,0.000029,0.000003,0.062704,0.000268,0.000004,0.002144,0.071078
59,0.006629,0.000037,0.000003,0.058359,0.000277,0.000005,0.000599,0.065911
44,0.018639,0.000032,0.000003,0.058398,0.000290,0.000004,0.010988,0.088359
55,0.006341,0.000036,0.000004,0.059525,0.000336,0.000006,0.007849,0.074103
55,0.010664,0.000041,0.000004,0.089232,0.000317,0.000004,0.001213,0.101481
53,0.007624,0.000034,0.000003,0.051284,0.000252,0.000004,0.006359,0.065567
57,0.005935,0.000037,0.000003,0.066718,0.000313,0.000004,0.003783,0.076799
57,0.004953,0.000031,0.000004,0.061710,0.000280,0.000004,0.000721,0.067708
50,0.016547,0.000074,0.000005,0.069127,0.000283,0.000004,0.000154,0.086197
56,0.006971,0.000038,0.000004,0.051256,0.000259,0.000004,0.009176,0.067714
51,0.017293,0.000039,0.000004,0.066794,0.000271,0.000004,0.000197,0.084603
44,0.028221,0.000043,0.000003,0.019261,0.000301,0.000004,0.010159,0.057996
52,0.007362,0.000031,0.000003,0.062882,0.000240,0.000004,0.000788,0.071315
56,0.007625,0.000033,0.000004,0.010755,0.000260,0.000004,0.001167,0.019851
45,0.018705,0.000038,0.000003,0.011304,0.000307,0.000004,0.006899,0.037266
56,0.007031,0.000037,0.000003,0.011875,0.000290,0.000005,0.007694,0.026940
61,0.005371,0.000031,0.000003,0.057654,0.000259,0.000004,0.002085,0.065412
58,0.013276,0.000039,0.000005,0.056366,0.000266,0.000004,0.001942,0.071903
60,0.006257,0.000037,0.000004,0.059537,0.000277,0.000004,0.000643,0.066761
51,0.012742,0.000031,0.000004,0.018301,0.000241,0.000004,0.000145,0.031470
57,0.007253,0.000035,0.000003,0.013581,0.000339,0.000004,0.001242,0.022461
53,0.006424,0.000040,0.000003,0.018661,0.000284,0.000004,0.000828,0.026248
57,0.018604,0.000041,0.000004,0.074891,0.000307,0.000004,0.001370,0.095226
52,0.017665,0.000034,0.000003,0.018653,0.000323,0.000005,0.000192,0.036879
54,0.010494,0.000035,0.000003,0.050907,0.000247,0.000004,0.004498,0.066195
58,0.007410,0.000037,0.000003,0.058561,0.000277,0.000004,0.000804,0.067099
54,0.005508,0.000033,0.000003,0.018952,0.000242,0.000005,0.000797,0.025544
58,0.006415,0.000032,0.000003,0.059572,0.000269,0.000004,0.003476,0.069777
57,0.006334,0.000036,0.000004,0.052521,0.000317,0.000006,0.009931,0.069155
62,0.005582,0.000032,0.000003,0.052687,0.000296,0.000003,0.002876,0.061486
52,0.016569,0.000035,0.000006,0.034761,0.000347,0.000006,0.000171,0.051899
46,0.011082,0.000034,0.000004,0.059779,0.000270,0.000004,0.006488,0.077665
57,0.004672,0.000030,0.000003,0.066242,0.000264,0.000005,0.005998,0.077218
45,0.016438,0.000032,0.000003,0.060274,0.000287,0.000004,0.011163,0.088208
61,0.005184,0.000034,0.000003,0.058776,0.000252,0.000004,0.000540,0.064796
59,0.007215,0.000043,0.000005,0.064467,0.000270,0.000005,0.001926,0.073937
58,0.009107,0.000036,0.000003,0.054732,0.000257,0.000004,0.000918,0.065059
58,0.007521,0.000034,0.000004,0.059677,0.000286,0.000004,0.001177,0.068707
62,0.007013,0.000029,0.000003,0.012687,0.000293,0.000004,0.000758,0.020792
53,0.026298,0.000033,0.000003,0.053303,0.000337,0.000004,0.000212,0.080192
59,0.006072,0.000034,0.000003,0.055745,0.000268,0.000005,0.000734,0.062864
59,0.006863,0.000041,0.000004,0.057481,0.000316,0.000005,0.003615,0.068330
55,0.008550,0.000035,0.000004,0.064503,0.000294,0.000004,0.008402,0.081796
55,0.005860,0.000041,0.000003,0.070618,0.000403,0.000007,0.001031,0.077967
63,0.007605,0.000033,0.000004,0.055556,0.000241,0.000004,0.006349,0.069797
58,0.006817,0.000034,0.000003,0.064673,0.000272,0.000005,0.018299,0.090110
60,0.006415,0.000034,0.000004,0.061810,0.000322,0.000005,0.002222,0.070818
53,0.017757,0.000032,0.000005,0.065864,0.000297,0.000004,0.000164,0.084126
58,0.005810,0.000047,0.000003,0.065422,0.000314,0.000004,0.008457,0.080063
60,0.007136,0.000032,0.000003,0.025328,0.000258,0.000004,0.003764,0.036531
59,0.008354,0.000038,0.000003,0.061807,0.000283,0.000005,0.001184,0.071677
59,0.009980,0.000041,0.000003,0.063748,0.000289,0.000005,0.001003,0.075071
46,0.015929,0.000031,0.000003,0.061517,0.000258,0.000005,0.009427,0.087175
47,0.018269,0.000031,0.000003,0.066013,0.000337,0.000003,0.007653,0.092322
59,0.007376,0.000041,0.000004,0.010379,0.000267,0.000005,0.008878,0.026956
59,0.005314,0.000035,0.000003,0.012990,0.000277,0.000005,0.007164,0.025792
63,0.005880,0.000035,0.000003,0.075465,0.000279,0.000004,0.000633,0.082302
54,0.013664,0.000035,0.000004,0.019390,0.000239,0.000004,0.000141,0.033480
60,0.007527,0.000033,0.000003,0.069503,0.000273,0.000004,0.000762,0.078108
60,0.007673,0.000033,0.000004,0.017696,0.000296,0.000004,0.001198,0.026908
61,0.005284,0.000033,0.000003,0.026671,0.000275,0.000005,0.003733,0.036009
54,0.021759,0.000035,0.000004,0.068920,0.000320,0.000005,0.000199,0.091244
60,0.005919,0.000035,0.000003,0.013724,0.000239,0.000004,0.008071,0.028002
56,0.010624,0.000040,0.000004,0.064316,0.000282,0.000005,0.000850,0.076124
56,0.022218,0.000057,0.000005,0.058015,0.000295,0.000004,0.006053,0.086652
61,0.005403,0.000033,0.000004,0.057471,0.000293,0.000004,0.001625,0.064838
61,0.005950,0.000036,0.000004,0.006458,0.000269,0.000004,0.009075,0.021801
60,0.008954,0.000034,0.000003,0.060294,0.000338,0.000005,0.001165,0.070797
57,0.007870,0.000037,0.000004,0.020545,0.000313,0.000005,0.000880,0.029658
57,0.008864,0.000036,0.000003,0.020968,0.000301,0.000005,0.007004,0.037190
48,0.013956,0.000035,0.000005,0.067063,0.000274,0.000004,0.006259,0.087601
60,0.006450,0.000037,0.000003,0.056508,0.000249,0.000004,0.006689,0.069946
47,0.016309,0.000039,0.000004,0.062759,0.000320,0.000005,0.010961,0.090402
62,0.006170,0.000031,0.000004,0.052583,0.000261,0.000004,0.003315,0.062373
61,0.007351,0.000033,0.000003,0.060102,0.000253,0.000004,0.001191,0.068941
58,0.006138,0.000039,0.000003,0.011838,0.000277,0.000005,0.000795,0.019097
62,0.020752,0.000038,0.000004,0.023360,0.000287,0.000004,0.001854,0.046304
61,0.008014,0.000037,0.000003,0.066602,0.000255,0.000004,0.000747,0.075664
55,0.020262,0.000046,0.000006,0.065645,0.000292,0.000004,0.000154,0.086412
61,0.005062,0.000033,0.000004,0.014637,0.000248,0.000004,0.006029,0.026023
55,0.019940,0.000035,0.000003,0.073137,0.000327,0.000004,0.000189,0.093637
62,0.009456,0.000039,0.000004,0.050731,0.000258,0.000004,0.009536,0.070034
48,0.023002,0.000035,0.000004,0.017486,0.000299,0.000004,0.011340,0.052176
62,0.005704,0.000039,0.000004,0.014397,0.000287,0.000004,0.007010,0.027450
61,0.012039,0.000034,0.000003,0.063474,0.000299,0.000004,0.001055,0.076912
63,0.005983,0.000036,0.000003,0.008737,0.000255,0.000004,0.009270,0.024293
62,0.006484,0.000028,0.000003,0.053861,0.000244,0.000004,0.001105,0.061733
58,0.006491,0.000028,0.000003,0.063113,0.000277,0.000005,0.005398,0.075319
59,0.005253,0.000032,0.000003,0.053756,0.000248,0.000005,0.008981,0.068282
63,0.008407,0.000035,0.000005,0.055717,0.000238,0.000004,0.001864,0.066275
49,0.019581,0.000034,0.000003,0.056341,0.000290,0.000004,0.005979,0.082239
63,0.007585,0.000035,0.000003,0.065341,0.000251,0.000004,0.003827,0.077052
62,0.006201,0.000033,0.000003,0.063339,0.000308,0.000005,0.000863,0.070759
49,0.014506,0.000029,0.000003,0.004073,0.000222,0.000004,0.010965,0.029807
63,0.015160,0.000048,0.000005,0.011685,0.000283,0.000004,0.001198,0.028387
56,0.020969,0.000038,0.000004,0.056730,0.000277,0.000004,0.000158,0.078182
63,0.005332,0.000069,0.000004,0.019398,0.000279,0.000003,0.000747,0.025836
50,0.017254,0.000039,0.000003,0.012183,0.000287,0.000004,0.007171,0.036945
56,0.014960,0.000035,0.000004,0.067720,0.000306,0.000004,0.000191,0.083222
62,0.007862,0.000028,0.000003,0.060031,0.000257,0.000003,0.000920,0.069108
64,0.450882,0.000060,0.000007,0.054749,0.000341,0.000005,0.002325,0.508378
63,0.005409,0.000035,0.000003,0.064096,0.000291,0.000004,0.006122,0.075964
59,0.008423,0.000048,0.000004,0.058368,0.000306,0.000005,0.005742,0.072902
60,0.008837,0.000042,0.000004,0.060819,0.000273,0.000005,0.000800,0.070784
57,0.015645,0.000034,0.000004,0.012110,0.000266,0.000004,0.000197,0.028262
63,0.008546,0.000032,0.000003,0.013169,0.000264,0.000004,0.000936,0.022956
50,0.016076,0.000035,0.000010,0.049555,0.000301,0.000004,0.016604,0.082600
57,0.020840,0.000061,0.000006,0.056487,0.000357,0.000004,0.000192,0.077956
58,0.015326,0.000030,0.000003,0.009090,0.000290,0.000004,0.000192,0.024937
61,0.005546,0.000036,0.000003,0.027011,0.000283,0.000004,0.000843,0.033731
51,0.015145,0.000032,0.000003,0.060981,0.000284,0.000004,0.006497,0.082952
59,0.007417,0.000032,0.000003,0.013473,0.000426,0.000004,0.000265,0.021625
62,0.005419,0.000032,0.000002,0.009640,0.000264,0.000004,0.000759,0.016124
58,0.017461,0.000034,0.000004,0.010338,0.000242,0.000005,0.000149,0.028236
65,0.017834,0.000036,0.000003,0.055968,0.000294,0.000004,0.002246,0.076392
60,0.007964,0.000032,0.000003,0.058332,0.000274,0.000004,0.007505,0.074120
66,0.013405,0.000034,0.000003,0.019142,0.000374,0.000007,0.002145,0.035114
51,0.020587,0.000040,0.000003,0.051490,0.000386,0.000004,0.010110,0.082625
63,0.005889,0.000034,0.000003,0.048238,0.000259,0.000005,0.000806,0.055237
60,0.009317,0.000035,0.000003,0.052602,0.000243,0.000004,0.000192,0.062396
59,0.013280,0.000055,0.000004,0.043641,0.000224,0.000005,0.000135,0.057345
52,0.014525,0.000044,0.000004,0.051110,0.000241,0.000004,0.007044,0.072977
52,0.013739,0.000031,0.000003,0.007573,0.000258,0.000004,0.009045,0.030657
61,0.007133,0.000038,0.000003,0.011466,0.000319,0.000005,0.000207,0.019172
61,0.007920,0.000029,0.000003,0.059394,0.000285,0.000004,0.005582,0.073223
62,0.006241,0.000031,0.000002,0.013944,0.000301,0.000004,0.000185,0.020710
67,0.014616,0.000032,0.000003,0.054646,0.000258,0.000006,0.002212,0.071778
53,0.016116,0.000042,0.000003,0.012748,0.000271,0.000004,0.011028,0.040218
60,0.013804,0.000033,0.000004,0.059592,0.000283,0.000004,0.000164,0.073886
53,0.019738,0.000034,0.000003,0.056309,0.000306,0.000004,0.007107,0.083507
62,0.008431,0.000033,0.000003,0.058210,0.000290,0.000004,0.005530,0.072507
68,0.007366,0.000031,0.000003,0.046565,0.000254,0.000004,0.001930,0.056158
63,0.008406,0.000036,0.000003,0.061018,0.000272,0.000004,0.000223,0.069964
54,0.018515,0.000033,0.000004,0.004444,0.000277,0.000004,0.006618,0.029901
61,0.020035,0.000036,0.000004,0.023263,0.000265,0.000005,0.000166,0.043776
54,0.011911,0.000032,0.000002,0.045894,0.000264,0.000004,0.010185,0.068298
55,0.016231,0.000035,0.000003,0.013676,0.000257,0.000004,0.007201,0.037411
63,0.007122,0.000034,0.000003,0.050500,0.000268,0.000004,0.004860,0.062796
69,0.016046,0.000037,0.000003,0.052899,0.000281,0.000004,0.002251,0.071524
56,0.015986,0.000034,0.000003,0.005865,0.000247,0.000003,0.010691,0.032835
62,0.014984,0.000037,0.000004,0.056340,0.000360,0.000004,0.000178,0.071910
55,0.015225,0.000041,0.000003,0.046819,0.000218,0.000004,0.008861,0.071176
57,0.016183,0.000040,0.000003,0.020475,0.000329,0.000004,0.006832,0.043871
70,0.012458,0.000034,0.000003,0.050836,0.000292,0.000004,0.002117,0.065749
63,0.017667,0.000036,0.000005,0.057297,0.000352,0.000005,0.000172,0.075537
56,0.015511,0.000037,0.000004,0.060864,0.000356,0.000004,0.009649,0.086429
58,0.015576,0.000044,0.000003,0.048863,0.000316,0.000004,0.006396,0.071208
71,0.023118,0.000039,0.000004,0.046756,0.000289,0.000004,0.001810,0.072032
57,0.016938,0.000037,0.000003,0.055537,0.000307,0.000005,0.009445,0.082280
72,0.017241,0.000032,0.000003,0.060703,0.000332,0.000006,0.002407,0.080729
59,0.014024,0.000039,0.000003,0.071611,0.000300,0.000006,0.007960,0.093946
64,0.427396,0.000083,0.000009,0.092844,0.000459,0.000007,0.000639,0.521442
58,0.016542,0.000048,0.000002,0.049730,0.000321,0.000005,0.008361,0.075016
65,0.006503,0.000037,0.000004,0.015090,0.000351,0.000007,0.000497,0.022491
73,0.008846,0.000039,0.000003,0.050343,0.000268,0.000005,0.001996,0.061503
60,0.014640,0.000030,0.000003,0.049769,0.000279,0.000004,0.006470,0.071201
74,0.015737,0.000032,0.000003,0.013918,0.000309,0.000005,0.002112,0.032122
59,0.011923,0.000039,0.000003,0.048530,0.000285,0.000004,0.010822,0.071612
66,0.006858,0.000038,0.000003,0.071678,0.000390,0.000007,0.000538,0.079515
61,0.010749,0.000032,0.000003,0.039818,0.000244,0.000003,0.006021,0.056874
75,0.012773,0.000035,0.000004,0.042715,0.000248,0.000005,0.002073,0.057858
60,0.013307,0.000034,0.000003,0.053358,0.000302,0.000004,0.009348,0.076362
62,0.014134,0.000039,0.000003,0.054453,0.000261,0.000004,0.006964,0.075861
67,0.006406,0.000044,0.000005,0.076029,0.000378,0.000008,0.000528,0.083401
64,0.425001,0.000092,0.000007,0.013644,0.000330,0.000004,0.000688,0.439773
64,0.416786,0.000076,0.000010,0.057941,0.000343,0.000004,0.003212,0.478379
76,0.007656,0.000035,0.000003,0.056152,0.000272,0.000004,0.002271,0.066396
68,0.007513,0.000045,0.000004,0.010456,0.000378,0.000006,0.000552,0.018958
61,0.008017,0.000034,0.000003,0.046679,0.000278,0.000004,0.010075,0.065095
64,0.437768,0.000078,0.000005,0.010692,0.000420,0.000007,0.001016,0.449993
63,0.014984,0.000032,0.000003,0.056364,0.000406,0.000007,0.010624,0.082427
65,0.018569,0.000053,0.000006,0.008181,0.000340,0.000007,0.000799,0.027958
62,0.010500,0.000038,0.000003,0.019100,0.000363,0.000005,0.010665,0.040678
77,0.011081,0.000034,0.000003,0.064604,0.000284,0.000006,0.002153,0.078168
65,0.007120,0.000034,0.000003,0.069296,0.000276,0.000004,0.002833,0.079571
69,0.006801,0.000040,0.000004,0.077854,0.000324,0.000006,0.000497,0.085530
65,0.015662,0.000038,0.000003,0.101955,0.000526,0.000006,0.000744,0.118947
70,0.007007,0.000045,0.000004,0.012490,0.000454,0.000008,0.000591,0.020604
64,0.011675,0.000050,0.000007,0.020137,0.000361,0.000005,0.005048,0.037291
66,0.008650,0.000040,0.000004,0.013696,0.000345,0.000007,0.000662,0.023409
64,0.444438,0.000078,0.000009,0.066475,0.000371,0.000005,0.003115,0.514500
78,0.016905,0.000033,0.000003,0.068521,0.000426,0.000008,0.002216,0.088118
67,0.021912,0.000053,0.000005,0.010671,0.000327,0.000007,0.000632,0.033611
66,0.005416,0.000033,0.000003,0.077373,0.000382,0.000008,0.004598,0.087820
63,0.007063,0.000030,0.000002,0.081744,0.000337,0.000006,0.011409,0.100595
66,0.009217,0.000040,0.000004,0.123578,0.000377,0.000008,0.000845,0.134072
65,0.005502,0.000034,0.000004,0.075081,0.000307,0.000005,0.004026,0.084964
71,0.007506,0.000047,0.000004,0.080703,0.000292,0.000004,0.000350,0.088908
64,0.569126,0.000068,0.000007,0.082650,0.000490,0.000004,0.003953,0.656312
65,0.008560,0.000040,0.000004,0.051942,0.000299,0.000005,0.001742,0.062594
66,0.005663,0.000037,0.000003,0.021183,0.000299,0.000005,0.004352,0.031546
79,0.011192,0.000037,0.000003,0.080150,0.000296,0.000004,0.002085,0.093772
66,0.006585,0.000037,0.000004,0.049841,0.000265,0.000005,0.001862,0.058603
67,0.007575,0.000048,0.000004,0.093957,0.000371,0.000009,0.003956,0.105927
68,0.016526,0.000048,0.000005,0.093153,0.000295,0.000007,0.000627,0.110666
72,0.005230,0.000041,0.000004,0.071204,0.000270,0.000004,0.000345,0.077101
65,0.010265,0.000042,0.000005,0.058131,0.000288,0.000006,0.003999,0.072741
80,0.017161,0.000031,0.000003,0.011214,0.000261,0.000005,0.002384,0.031063
69,0.007545,0.000034,0.000003,0.007065,0.000523,0.000011,0.000984,0.016168
67,0.012303,0.000052,0.000005,0.084022,0.000340,0.000005,0.000635,0.097366
64,0.035800,0.000077,0.000008,0.120434,0.000602,0.000009,0.000534,0.157472
67,0.011614,0.000072,0.000007,0.051709,0.000284,0.000004,0.004774,0.068470
81,0.008516,0.000035,0.000003,0.016561,0.000296,0.000004,0.002287,0.027708
66,0.012619,0.000043,0.000004,0.020116,0.000354,0.000005,0.005283,0.038431
70,0.010594,0.000047,0.000004,0.017325,0.000389,0.000006,0.000715,0.029085
67,0.006048,0.000043,0.000004,0.050193,0.000268,0.000004,0.009748,0.066312
71,0.015459,0.000040,0.000004,0.006403,0.000341,0.000007,0.000748,0.023007
73,0.005364,0.000034,0.000003,0.067935,0.000312,0.000005,0.000395,0.074052
65,0.018481,0.000041,0.000004,0.034573,0.000391,0.000007,0.000232,0.053733
67,0.024684,0.000055,0.000006,0.010409,0.000379,0.000006,0.005500,0.041046
68,0.005681,0.000030,0.000003,0.058095,0.000293,0.000004,0.003993,0.068103
68,0.006430,0.000036,0.000003,0.106647,0.000414,0.000008,0.003844,0.117388
68,0.009007,0.000052,0.000003,0.010987,0.000406,0.000006,0.005852,0.026319
68,0.011843,0.000067,0.000007,0.087337,0.000336,0.000007,0.000741,0.100342
69,0.005462,0.000032,0.000003,0.006480,0.000272,0.000004,0.003834,0.016090
68,0.008684,0.000057,0.000007,0.047439,0.000263,0.000004,0.001623,0.058081
82,0.023334,0.000036,0.000003,0.054700,0.000239,0.000004,0.002143,0.080462
74,0.005994,0.000033,0.000003,0.052487,0.000285,0.000004,0.000369,0.059178
69,0.005833,0.000033,0.000005,0.006594,0.000255,0.000004,0.001597,0.014326
70,0.004970,0.000033,0.000003,0.004483,0.000242,0.000003,0.001484,0.011223
75,0.005419,0.000030,0.000003,0.011769,0.000217,0.000004,0.000300,0.017744
72,0.014079,0.000043,0.000004,0.073985,0.000354,0.000007,0.000653,0.089130
83,0.015638,0.000030,0.000004,0.034298,0.000392,0.000007,0.002483,0.052856
70,0.004450,0.000028,0.000002,0.052835,0.000283,0.000006,0.003467,0.061075
69,0.008123,0.000040,0.000003,0.061190,0.000260,0.000004,0.000543,0.070167
66,0.017577,0.000044,0.000006,0.096625,0.000355,0.000007,0.000248,0.114865
71,0.008851,0.000036,0.000005,0.052604,0.000259,0.000004,0.001546,0.063311
76,0.005473,0.000041,0.000005,0.050153,0.000256,0.000004,0.000328,0.056263
69,0.008472,0.000047,0.000004,0.085761,0.000395,0.000005,0.005943,0.100633
77,0.005382,0.000033,0.000003,0.007060,0.000260,0.000004,0.000354,0.013098
72,0.005140,0.000032,0.000004,0.011982,0.000244,0.000004,0.001502,0.018913
69,0.006464,0.000040,0.000003,0.107532,0.000512,0.000008,0.005292,0.119859
71,0.004505,0.000028,0.000003,0.044814,0.000258,0.000004,0.003733,0.053348
67,0.018332,0.000040,0.000005,0.027260,0.000250,0.000005,0.000176,0.046070
84,0.008310,0.000031,0.000003,0.053202,0.000257,0.000004,0.002185,0.063996
70,0.006192,0.000030,0.000004,0.050180,0.000258,0.000005,0.000511,0.057181
73,0.019377,0.000046,0.000004,0.084640,0.000455,0.000006,0.000799,0.105331
70,0.010455,0.000052,0.000003,0.028729,0.000420,0.000006,0.006927,0.046601
72,0.005974,0.000037,0.000003,0.017389,0.000265,0.000004,0.004827,0.028505
64,0.483818,0.000071,0.000005,0.071431,0.000421,0.000007,0.000332,0.556089
71,0.010447,0.000038,0.000003,0.011699,0.000225,0.000004,0.000493,0.022913
70,0.006667,0.000043,0.000004,0.027530,0.000428,0.000008,0.006016,0.040705
74,0.010015,0.000061,0.000004,0.014450,0.000423,0.000005,0.000679,0.025642
65,0.007367,0.000034,0.000005,0.014677,0.000261,0.000005,0.000182,0.022533
78,0.004812,0.000028,0.000003,0.061588,0.000272,0.000004,0.000352,0.067062
73,0.004740,0.000032,0.000004,0.061165,0.000251,0.000004,0.001483,0.067684
79,0.005194,0.000032,0.000003,0.010293,0.000294,0.000004,0.000355,0.016176
85,0.018684,0.000037,0.000004,0.056388,0.000359,0.000004,0.002150,0.077631
74,0.005938,0.000032,0.000004,0.009025,0.000302,0.000004,0.001804,0.017114
73,0.007308,0.000035,0.000003,0.050320,0.000261,0.000004,0.003868,0.061804
72,0.007631,0.000037,0.000004,0.050159,0.000280,0.000004,0.000546,0.058665
80,0.005412,0.000030,0.000003,0.020006,0.000281,0.000004,0.000364,0.026102
75,0.005463,0.000031,0.000004,0.019002,0.000270,0.000004,0.001612,0.026390
68,0.024971,0.000053,0.000006,0.097810,0.000379,0.000009,0.000267,0.123500
66,0.007931,0.000029,0.000003,0.063938,0.000274,0.000004,0.000196,0.072377
71,0.010311,0.000041,0.000004,0.084694,0.000425,0.000007,0.006301,0.101790
71,0.007040,0.000046,0.000004,0.092529,0.000423,0.000007,0.004571,0.104629
75,0.009557,0.000046,0.000004,0.094042,0.000426,0.000006,0.000914,0.105000
74,0.006127,0.000036,0.000003,0.056321,0.000278,0.000004,0.004376,0.067150
86,0.015498,0.000036,0.000003,0.065553,0.000307,0.000004,0.002334,0.083741
73,0.007597,0.000044,0.000003,0.066246,0.000413,0.000004,0.000600,0.074915
72,0.009311,0.000041,0.000004,0.022520,0.000388,0.000006,0.006280,0.038558
75,0.004965,0.000030,0.000003,0.004464,0.000242,0.000004,0.003546,0.013257
76,0.006781,0.000041,0.000005,0.052343,0.000255,0.000004,0.001649,0.061085
81,0.009212,0.000043,0.000003,0.061773,0.000254,0.000004,0.000332,0.071623
72,0.008799,0.000051,0.000006,0.019820,0.000368,0.000007,0.004228,0.033284
87,0.013059,0.000029,0.000003,0.013814,0.000345,0.000006,0.002746,0.030011
67,0.011297,0.000043,0.000004,0.057414,0.000268,0.000004,0.000176,0.069208
68,0.015453,0.000047,0.000004,0.005376,0.000312,0.000005,0.000215,0.021415
76,0.010348,0.000048,0.000003,0.064606,0.000332,0.000006,0.000564,0.075910
74,0.007645,0.000033,0.000004,0.066107,0.000295,0.000004,0.000551,0.074641
76,0.005259,0.000032,0.000003,0.062720,0.000250,0.000004,0.004076,0.072349
77,0.005966,0.000039,0.000004,0.064447,0.000268,0.000004,0.001635,0.072368
82,0.006008,0.000036,0.000003,0.062732,0.000239,0.000004,0.000354,0.069377
69,0.019608,0.000034,0.000004,0.105759,0.000330,0.000008,0.000219,0.125967
77,0.006004,0.000035,0.000003,0.010598,0.000298,0.000005,0.003919,0.020866
73,0.009340,0.000038,0.000003,0.085975,0.000385,0.000006,0.005949,0.101704
73,0.006604,0.000036,0.000004,0.080546,0.000336,0.000007,0.004709,0.092249
69,0.008367,0.000036,0.000004,0.059384,0.000274,0.000004,0.000248,0.068319
88,0.018354,0.000048,0.000004,0.074238,0.000407,0.000006,0.003315,0.096379
77,0.008002,0.000036,0.000003,0.053405,0.000279,0.000004,0.000495,0.062228
74,0.007276,0.000053,0.000005,0.011164,0.000378,0.000007,0.003777,0.022665
70,0.006471,0.000029,0.000003,0.012298,0.000294,0.000006,0.000216,0.019319
83,0.005066,0.000032,0.000003,0.061433,0.000354,0.000007,0.000537,0.067435
78,0.005634,0.000033,0.000004,0.060372,0.000291,0.000005,0.001731,0.068076
75,0.007388,0.000034,0.000003,0.070497,0.000298,0.000004,0.000572,0.078800
78,0.005944,0.000049,0.000003,0.049112,0.000286,0.000004,0.004065,0.059468
74,0.008995,0.000042,0.000004,0.079667,0.000389,0.000006,0.006046,0.095156
78,0.018600,0.000050,0.000005,0.051819,0.000286,0.000004,0.000518,0.071284
71,0.012134,0.000054,0.000006,0.052836,0.000273,0.000004,0.000213,0.065522
89,0.021056,0.000043,0.000005,0.061043,0.000261,0.000005,0.002178,0.084594
84,0.005541,0.000032,0.000003,0.059647,0.000281,0.000004,0.000355,0.065865
70,0.019832,0.000035,0.000004,0.115285,0.000337,0.000006,0.000233,0.135736
79,0.014034,0.000035,0.000004,0.052242,0.000260,0.000004,0.001463,0.068045
76,0.007064,0.000030,0.000003,0.057266,0.000264,0.000004,0.000532,0.065166
79,0.005483,0.000033,0.000003,0.055335,0.000251,0.000005,0.003901,0.065016
75,0.010141,0.000041,0.000004,0.014742,0.000367,0.000006,0.005516,0.030822
80,0.006247,0.000030,0.000004,0.012101,0.000257,0.000004,0.001366,0.020012
75,0.015026,0.000051,0.000005,0.095592,0.000438,0.000009,0.005068,0.116195
71,0.032295,0.000049,0.000005,0.020692,0.000280,0.000004,0.000188,0.053516
79,0.007330,0.000032,0.000003,0.068552,0.000301,0.000004,0.000486,0.076709
72,0.006613,0.000032,0.000003,0.062964,0.000276,0.000004,0.000174,0.070069
90,0.015400,0.000033,0.000003,0.056734,0.000249,0.000005,0.002131,0.074561
85,0.004638,0.000029,0.000003,0.063600,0.000259,0.000004,0.000346,0.068882
80,0.008562,0.000032,0.000002,0.050762,0.000249,0.000004,0.003792,0.063407
77,0.007144,0.000031,0.000003,0.065339,0.000326,0.000007,0.000729,0.073585
81,0.011692,0.000052,0.000007,0.049508,0.000260,0.000004,0.001515,0.063041
78,0.008127,0.000043,0.000004,0.014806,0.000385,0.000007,0.000778,0.024154
82,0.007584,0.000041,0.000005,0.010737,0.000306,0.000004,0.001610,0.020291
73,0.006760,0.000030,0.000003,0.044211,0.000241,0.000004,0.000186,0.051437
80,0.007245,0.000031,0.000003,0.064090,0.000378,0.000006,0.000757,0.072513
76,0.009700,0.000043,0.000004,0.091240,0.000453,0.000009,0.005896,0.107354
86,0.005075,0.000031,0.000002,0.059127,0.000253,0.000004,0.000346,0.064840
76,0.012921,0.000045,0.000004,0.093948,0.000482,0.000007,0.007506,0.114919
91,0.013946,0.000032,0.000003,0.052869,0.000258,0.000003,0.002179,0.069294
72,0.015053,0.000034,0.000004,0.069337,0.000251,0.000004,0.000176,0.084863
81,0.005125,0.000034,0.000003,0.060815,0.000250,0.000005,0.003900,0.070136
79,0.019270,0.000065,0.000008,0.025375,0.000385,0.000008,0.001029,0.046145
82,0.005348,0.000034,0.000003,0.006099,0.000298,0.000005,0.003873,0.015663
77,0.011439,0.000039,0.000004,0.012681,0.000460,0.000010,0.004811,0.029450
74,0.007522,0.000044,0.000004,0.050716,0.000250,0.000005,0.000192,0.058734
83,0.020361,0.000035,0.000004,0.047382,0.000257,0.000004,0.001441,0.069489
81,0.007181,0.000031,0.000003,0.050046,0.000262,0.000003,0.000507,0.058036
87,0.004399,0.000029,0.000003,0.053793,0.000279,0.000004,0.000358,0.058867
75,0.007801,0.000038,0.000004,0.017379,0.000297,0.000005,0.000192,0.025718
73,0.015773,0.000033,0.000004,0.062030,0.000368,0.000007,0.000278,0.078497
92,0.014737,0.000032,0.000003,0.069273,0.000399,0.000008,0.003233,0.087692
88,0.005419,0.000038,0.000003,0.026785,0.000269,0.000004,0.000384,0.032904
83,0.005702,0.000034,0.000004,0.060062,0.000245,0.000004,0.003988,0.070045
76,0.011220,0.000037,0.000005,0.018233,0.000299,0.000004,0.000199,0.029999
77,0.009922,0.000036,0.000004,0.086263,0.000405,0.000006,0.005213,0.101856
80,0.014704,0.000036,0.000003,0.077995,0.000353,0.000007,0.000725,0.093835
74,0.018500,0.000039,0.000005,0.011089,0.000276,0.000004,0.000191,0.030108
84,0.015310,0.000035,0.000006,0.061603,0.000250,0.000005,0.001625,0.078840
78,0.008723,0.000041,0.000004,0.006997,0.000410,0.000006,0.006318,0.022505
78,0.008282,0.000048,0.000005,0.084779,0.000473,0.000012,0.005880,0.099486
64,0.542699,0.000064,0.000004,0.063447,0.000364,0.000004,0.001189,0.607778
82,0.009490,0.000052,0.000004,0.081343,0.000418,0.000008,0.000888,0.092209
85,0.017081,0.000034,0.000005,0.010346,0.000293,0.000005,0.001576,0.029346
65,0.006114,0.000040,0.000004,0.010936,0.000264,0.000005,0.000948,0.018315
84,0.005805,0.000036,0.000003,0.049517,0.000270,0.000005,0.003832,0.059470
93,0.016559,0.000035,0.000003,0.053019,0.000263,0.000004,0.002215,0.072101
89,0.005386,0.000039,0.000003,0.062442,0.000295,0.000004,0.000402,0.068573
77,0.007008,0.000049,0.000003,0.058393,0.000288,0.000004,0.000185,0.065933
75,0.014194,0.000035,0.000003,0.061157,0.000301,0.000004,0.000178,0.075875
78,0.011182,0.000046,0.000004,0.010934,0.000320,0.000005,0.000199,0.022692
79,0.007521,0.000040,0.000003,0.075011,0.000279,0.000004,0.003130,0.085994
79,0.015425,0.000040,0.000004,0.075637,0.000403,0.000006,0.006335,0.097858
81,0.010454,0.000059,0.000008,0.107458,0.000306,0.000004,0.000612,0.118905
79,0.007465,0.000041,0.000003,0.018842,0.000280,0.000004,0.000194,0.026831
83,0.010082,0.000043,0.000004,0.073752,0.000246,0.000004,0.000556,0.084690
66,0.005580,0.000034,0.000003,0.065880,0.000277,0.000004,0.001069,0.072850
86,0.025370,0.000045,0.000005,0.053336,0.000286,0.000004,0.001702,0.080754
90,0.004003,0.000028,0.000002,0.066120,0.000328,0.000006,0.000459,0.070949
85,0.018757,0.000048,0.000005,0.056554,0.000273,0.000005,0.003986,0.079631
76,0.020967,0.000042,0.000004,0.030210,0.000421,0.000006,0.000241,0.051896
82,0.006868,0.000033,0.000003,0.008615,0.000270,0.000005,0.000577,0.016373
84,0.008319,0.000040,0.000004,0.010227,0.000273,0.000004,0.000513,0.019383
94,0.028180,0.000035,0.000003,0.061469,0.000279,0.000005,0.002054,0.092031
86,0.006259,0.000035,0.000003,0.006322,0.000254,0.000004,0.003976,0.016857
80,0.005919,0.000033,0.000003,0.058892,0.000329,0.000005,0.003305,0.068491
67,0.006034,0.000035,0.000004,0.046191,0.000314,0.000004,0.000915,0.053501
80,0.007490,0.000032,0.000003,0.058839,0.000269,0.000004,0.000199,0.066838
95,0.030852,0.000050,0.000005,0.016556,0.000295,0.000004,0.002140,0.049906
77,0.029725,0.000053,0.000006,0.030871,0.000431,0.000008,0.000258,0.061355
83,0.006443,0.000029,0.000003,0.054231,0.000233,0.000004,0.000557,0.061503
80,0.009136,0.000038,0.000004,0.074119,0.000257,0.000004,0.003259,0.086820
85,0.008012,0.000035,0.000004,0.055070,0.000267,0.000004,0.000517,0.063912
87,0.017057,0.000034,0.000004,0.070637,0.000293,0.000004,0.001629,0.089662
91,0.008200,0.000037,0.000004,0.083185,0.000353,0.000007,0.000509,0.092301
87,0.004577,0.000030,0.000003,0.061401,0.000371,0.000007,0.005318,0.071715
81,0.005910,0.000034,0.000004,0.055799,0.000250,0.000004,0.003174,0.065180
81,0.012536,0.000036,0.000004,0.021549,0.000326,0.000004,0.004196,0.038659
81,0.007573,0.000034,0.000004,0.051645,0.000254,0.000004,0.000200,0.059716
88,0.015282,0.000038,0.000005,0.012615,0.000290,0.000004,0.001681,0.029921
68,0.005674,0.000036,0.000003,0.066611,0.000279,0.000004,0.000967,0.073578
96,0.015863,0.000029,0.000003,0.056936,0.000308,0.000006,0.002442,0.075593
82,0.017230,0.000044,0.000005,0.007820,0.000414,0.000007,0.000280,0.025802
86,0.006450,0.000031,0.000003,0.063005,0.000271,0.000004,0.000487,0.070253
84,0.009376,0.000037,0.000004,0.066441,0.000253,0.000004,0.000628,0.076747
92,0.008218,0.000045,0.000004,0.057164,0.000277,0.000004,0.000350,0.066064
78,0.020198,0.000044,0.000005,0.096411,0.000365,0.000006,0.000249,0.117283
93,0.008948,0.000038,0.000004,0.019560,0.000301,0.000004,0.000348,0.029205
82,0.007156,0.000031,0.000003,0.063749,0.000279,0.000004,0.003033,0.074260
88,0.007788,0.000043,0.000005,0.084478,0.000411,0.000006,0.006393,0.099129
82,0.016294,0.000033,0.000003,0.056716,0.000282,0.000004,0.003470,0.076808
89,0.028766,0.000034,0.000004,0.055338,0.000269,0.000004,0.001748,0.086168
69,0.006989,0.000042,0.000005,0.068675,0.000284,0.000004,0.001085,0.077089
83,0.012318,0.000036,0.000004,0.053765,0.000264,0.000004,0.000173,0.066567
87,0.008041,0.000038,0.000003,0.058896,0.000262,0.000004,0.000486,0.067732
83,0.014573,0.000033,0.000003,0.008873,0.000234,0.000004,0.002907,0.026630
85,0.007039,0.000042,0.000004,0.069619,0.000389,0.000007,0.000871,0.077977
97,0.017477,0.000051,0.000004,0.066494,0.000307,0.000006,0.002407,0.086751
70,0.007036,0.000029,0.000004,0.025911,0.000384,0.000008,0.001500,0.034877
84,0.017798,0.000053,0.000005,0.010805,0.000248,0.000004,0.000169,0.029085
94,0.005506,0.000036,0.000003,0.056473,0.000275,0.000004,0.000358,0.062657
85,0.007339,0.000032,0.000003,0.014237,0.000267,0.000004,0.000191,0.022076
88,0.011099,0.000043,0.000004,0.049208,0.000270,0.000004,0.000518,0.061147
90,0.024036,0.000037,0.000004,0.049477,0.000246,0.000004,0.001674,0.075484
95,0.005841,0.000035,0.000003,0.020420,0.000268,0.000004,0.000379,0.026951
79,0.020477,0.000053,0.000006,0.085606,0.000323,0.000006,0.000236,0.106710
89,0.006783,0.000041,0.000005,0.091382,0.000408,0.000009,0.005843,0.104475
84,0.009905,0.000045,0.000004,0.058373,0.000301,0.000004,0.003204,0.071840
86,0.010646,0.000038,0.000004,0.059383,0.000295,0.000004,0.000569,0.070941
83,0.005399,0.000032,0.000003,0.109932,0.000396,0.000007,0.003972,0.119746
98,0.018474,0.000034,0.000003,0.059430,0.000324,0.000004,0.002204,0.080477
87,0.008497,0.000034,0.000003,0.019795,0.000295,0.000004,0.000628,0.029259
86,0.008260,0.000038,0.000004,0.057836,0.000316,0.000004,0.000220,0.066682
71,0.006474,0.000040,0.000003,0.085965,0.000572,0.000016,0.002071,0.095146
85,0.013421,0.000034,0.000003,0.018436,0.000319,0.000006,0.004020,0.036244
89,0.006331,0.000032,0.000004,0.056479,0.000271,0.000004,0.000539,0.063663
90,0.007387,0.000042,0.000004,0.033908,0.000373,0.000006,0.005917,0.047643
91,0.015417,0.000037,0.000005,0.051257,0.000271,0.000004,0.001685,0.068680
96,0.007368,0.000038,0.000003,0.058969,0.000251,0.000004,0.000335,0.066971
99,0.027098,0.000032,0.000003,0.016633,0.000294,0.000005,0.002186,0.046255
88,0.006900,0.000031,0.000004,0.045914,0.000276,0.000004,0.000522,0.053653
87,0.007706,0.000036,0.000004,0.049259,0.000271,0.000004,0.000179,0.057461
90,0.007333,0.000031,0.000003,0.051535,0.000266,0.000004,0.000513,0.059687
80,0.032526,0.000059,0.000007,0.081522,0.000413,0.000007,0.000266,0.114807
97,0.006175,0.000031,0.000003,0.054109,0.000250,0.000004,0.000320,0.060894
72,0.006289,0.000039,0.000003,0.074696,0.000578,0.000010,0.002396,0.084015
86,0.020305,0.000033,0.000003,0.061543,0.000328,0.000005,0.004176,0.086399
92,0.014962,0.000043,0.000005,0.061268,0.000294,0.000005,0.001840,0.078423
84,0.017334,0.000054,0.000006,0.099518,0.000341,0.000006,0.003975,0.121242
100,0.014155,0.000034,0.000003,0.058843,0.000289,0.000004,0.002177,0.075510
91,0.006224,0.000041,0.000004,0.076622,0.000406,0.000008,0.006174,0.089485
98,0.009240,0.000034,0.000003,0.009930,0.000238,0.000004,0.000355,0.019806
89,0.008540,0.000037,0.000004,0.070813,0.000279,0.000004,0.000673,0.080353
85,0.009791,0.000037,0.000004,0.018811,0.000368,0.000006,0.004083,0.033107
92,0.005608,0.000038,0.000004,0.020004,0.000333,0.000007,0.004699,0.030700
88,0.007258,0.000032,0.000003,0.079364,0.000360,0.000007,0.000236,0.087263
90,0.006593,0.000031,0.000003,0.009484,0.000280,0.000004,0.000641,0.017041
86,0.006957,0.000035,0.000003,0.004855,0.000386,0.000006,0.003634,0.015881
93,0.007285,0.000038,0.000005,0.048598,0.000258,0.000004,0.001550,0.057744
99,0.007263,0.000035,0.000003,0.047767,0.000243,0.000003,0.000335,0.055651
91,0.007262,0.000030,0.000003,0.091127,0.000510,0.000007,0.000720,0.099672
91,0.007432,0.000032,0.000003,0.006893,0.000251,0.000004,0.000591,0.015209
87,0.016086,0.000037,0.000003,0.055689,0.000259,0.000004,0.003667,0.075749
81,0.022281,0.000046,0.000005,0.084439,0.000327,0.000006,0.000208,0.107316
101,0.016432,0.000032,0.000003,0.056609,0.000268,0.000004,0.006260,0.079611
73,0.006377,0.000037,0.000004,0.085828,0.000327,0.000007,0.001204,0.093788
94,0.012931,0.000033,0.000004,0.014385,0.000239,0.000004,0.001369,0.028971
89,0.008487,0.000041,0.000004,0.074562,0.000324,0.000007,0.000248,0.083676
92,0.011830,0.000044,0.000004,0.047161,0.000253,0.000004,0.000537,0.059835
100,0.007527,0.000033,0.000003,0.066626,0.000257,0.000004,0.000341,0.074793
93,0.006260,0.000040,0.000003,0.091355,0.000333,0.000006,0.004981,0.102982
87,0.007030,0.000037,0.000003,0.073477,0.000304,0.000007,0.003490,0.084355
95,0.007812,0.000038,0.000005,0.050466,0.000262,0.000004,0.001619,0.060210
88,0.019997,0.000038,0.000003,0.055126,0.000269,0.000004,0.003466,0.078909
102,0.018580,0.000034,0.000003,0.049906,0.000263,0.000004,0.002054,0.070847
74,0.006011,0.000048,0.000003,0.066932,0.000563,0.000012,0.002120,0.075693
94,0.006695,0.000037,0.000003,0.011883,0.000326,0.000007,0.004884,0.023843
88,0.008370,0.000039,0.000004,0.010775,0.000275,0.000005,0.003433,0.022908
92,0.018530,0.000043,0.000004,0.081089,0.000400,0.000008,0.000731,0.100809
82,0.016969,0.000040,0.000004,0.087819,0.000368,0.000007,0.000219,0.105430
101,0.007912,0.000032,0.000004,0.044725,0.000251,0.000004,0.000348,0.053276
93,0.007319,0.000039,0.000004,0.061782,0.000312,0.000004,0.000646,0.070109
96,0.007158,0.000034,0.000003,0.061429,0.000280,0.000006,0.001601,0.070516
90,0.008222,0.000039,0.000004,0.082041,0.000404,0.000008,0.000262,0.090982
103,0.015290,0.000030,0.000003,0.058397,0.000314,0.000004,0.002021,0.076065
89,0.025440,0.000042,0.000003,0.056367,0.000283,0.000004,0.003618,0.085761
75,0.005921,0.000042,0.000004,0.071602,0.000312,0.000007,0.001238,0.079131
83,0.015131,0.000035,0.000004,0.053520,0.000320,0.000004,0.000175,0.069193
102,0.007489,0.000039,0.000004,0.054521,0.000244,0.000004,0.000351,0.062654
89,0.018327,0.000041,0.000004,0.066333,0.000472,0.000009,0.005301,0.090496
104,0.015232,0.000034,0.000004,0.010163,0.000247,0.000004,0.002037,0.027726
93,0.013346,0.000050,0.000005,0.082133,0.000577,0.000015,0.001232,0.097363
94,0.008597,0.000034,0.000003,0.053155,0.000233,0.000004,0.000554,0.062582
95,0.017915,0.000049,0.000004,0.083869,0.000319,0.000005,0.014003,0.116173
97,0.015127,0.000038,0.000004,0.047370,0.000331,0.000005,0.001783,0.064666
94,0.012906,0.000055,0.000006,0.011541,0.000391,0.000007,0.000858,0.025769
64,0.461853,0.000075,0.000012,0.017341,0.000395,0.000004,0.002800,0.482488
91,0.008656,0.000038,0.000003,0.073640,0.000367,0.000005,0.000259,0.082972
105,0.010891,0.000033,0.000003,0.043750,0.000260,0.000004,0.002033,0.056980
90,0.013481,0.000039,0.000004,0.067910,0.000327,0.000004,0.003742,0.085512
103,0.008533,0.000031,0.000003,0.060936,0.000262,0.000004,0.000361,0.070132
84,0.019950,0.000032,0.000005,0.053633,0.000231,0.000004,0.000143,0.073999
95,0.005002,0.000027,0.000004,0.057108,0.000267,0.000004,0.000570,0.062985
98,0.012035,0.000034,0.000004,0.041509,0.000258,0.000004,0.001403,0.055252
76,0.007065,0.000050,0.000004,0.089878,0.000352,0.000007,0.001228,0.098589
85,0.013606,0.000033,0.000005,0.009411,0.000259,0.000004,0.000155,0.023476
77,0.005602,0.000037,0.000003,0.004638,0.000278,0.000007,0.001204,0.011775
99,0.009219,0.000035,0.000005,0.011293,0.000293,0.000004,0.001573,0.022425
95,0.011250,0.000054,0.000005,0.070206,0.000311,0.000006,0.000694,0.082531
90,0.017454,0.000041,0.000004,0.095478,0.000485,0.000009,0.006837,0.120318
65,0.006081,0.000037,0.000004,0.068798,0.000589,0.000013,0.003900,0.079430
78,0.016635,0.000039,0.000005,0.011575,0.000501,0.000010,0.001492,0.030261
106,0.014352,0.000034,0.000003,0.063981,0.000258,0.000004,0.002158,0.080795
96,0.009330,0.000035,0.000003,0.059043,0.000284,0.000005,0.000605,0.069308
96,0.019910,0.000053,0.000005,0.098579,0.000340,0.000007,0.005160,0.124060
92,0.008527,0.000038,0.000004,0.089681,0.000390,0.000008,0.000255,0.098907
104,0.007892,0.000030,0.000004,0.066829,0.000238,0.000004,0.000337,0.075336
91,0.014707,0.000040,0.000003,0.062230,0.000284,0.000004,0.003390,0.080662
97,0.009337,0.000041,0.000004,0.011873,0.000257,0.000003,0.000522,0.022041
100,0.011933,0.000039,0.000005,0.053095,0.000277,0.000005,0.001611,0.066968
105,0.008749,0.000043,0.000005,0.018997,0.000263,0.000004,0.000341,0.028404
86,0.031615,0.000034,0.000004,0.052753,0.000263,0.000004,0.000178,0.084854
66,0.006365,0.000038,0.000004,0.053291,0.000273,0.000005,0.002347,0.062327
96,0.009569,0.000038,0.000003,0.090486,0.000405,0.000009,0.000916,0.101431
107,0.013025,0.000031,0.000003,0.061661,0.000358,0.000008,0.003267,0.078359
93,0.071989,0.000038,0.000004,0.004874,0.000324,0.000005,0.000239,0.077477
91,0.010206,0.000062,0.000006,0.089166,0.000607,0.000016,0.006655,0.106725
79,0.008444,0.000047,0.000005,0.088889,0.000370,0.000007,0.001554,0.099323
98,0.006395,0.000030,0.000003,0.056764,0.000243,0.000004,0.000512,0.063955
92,0.015456,0.000041,0.000004,0.062753,0.000383,0.000005,0.004852,0.083500
97,0.007035,0.000039,0.000003,0.082441,0.000520,0.000012,0.006234,0.096290
106,0.006146,0.000030,0.000003,0.057935,0.000251,0.000004,0.000315,0.064686
101,0.014980,0.000039,0.000005,0.061708,0.000280,0.000004,0.001551,0.078572
87,0.012983,0.000035,0.000005,0.056298,0.000257,0.000004,0.000179,0.069763
80,0.007419,0.000049,0.000006,0.013934,0.000373,0.000007,0.001504,0.023299
67,0.010439,0.000042,0.000004,0.052244,0.000256,0.000004,0.002707,0.065701
92,0.007997,0.000039,0.000006,0.013936,0.000567,0.000014,0.004100,0.026664
102,0.014430,0.000037,0.000004,0.006124,0.000257,0.000005,0.001642,0.022506
94,0.006238,0.000028,0.000003,0.048142,0.000265,0.000005,0.000186,0.054868
108,0.014680,0.000034,0.000003,0.056313,0.000284,0.000005,0.002331,0.073654
107,0.007063,0.000027,0.000003,0.051039,0.000254,0.000004,0.000332,0.058725
99,0.007331,0.000033,0.000004,0.062585,0.000251,0.000004,0.000474,0.070684
97,0.011442,0.000051,0.000006,0.087230,0.000392,0.000008,0.000821,0.099954
68,0.005081,0.000034,0.000003,0.058532,0.000305,0.000004,0.002499,0.066464
88,0.018454,0.000036,0.000004,0.052312,0.000290,0.000013,0.000171,0.071284
93,0.016366,0.000037,0.000004,0.083424,0.000377,0.000005,0.003731,0.103957
108,0.011027,0.000043,0.000004,0.015902,0.000295,0.000004,0.000338,0.027618
95,0.006544,0.000030,0.000003,0.054254,0.000268,0.000004,0.000186,0.061291
103,0.012487,0.000050,0.000006,0.051111,0.000248,0.000004,0.001622,0.065534
81,0.005334,0.000037,0.000018,0.083960,0.000356,0.000007,0.001235,0.090952
98,0.008457,0.000037,0.000003,0.093760,0.000343,0.000007,0.005180,0.107794
64,0.016752,0.000057,0.000005,0.068360,0.000447,0.000005,0.000893,0.086529
96,0.007283,0.000034,0.000003,0.010568,0.000337,0.000005,0.000225,0.018457
93,0.009357,0.000034,0.000004,0.088715,0.000403,0.000008,0.006232,0.104761
109,0.010983,0.000036,0.000003,0.055490,0.000257,0.000004,0.002159,0.068936
82,0.009361,0.000041,0.000004,0.010961,0.000421,0.000009,0.001518,0.022320
97,0.008071,0.000037,0.000004,0.009146,0.000267,0.000004,0.000211,0.017741
100,0.011724,0.000033,0.000003,0.062460,0.000296,0.000004,0.000646,0.075170
69,0.006291,0.000038,0.000003,0.058611,0.000291,0.000004,0.002540,0.067784
89,0.014854,0.000027,0.000004,0.053086,0.000251,0.000004,0.000191,0.068419
83,0.007622,0.000054,0.000005,0.013603,0.000451,0.000007,0.001953,0.023702
109,0.007489,0.000033,0.000004,0.059857,0.000276,0.000004,0.000344,0.068010
94,0.013993,0.000035,0.000003,0.059815,0.000319,0.000004,0.003305,0.077477
104,0.012692,0.000036,0.000006,0.060292,0.000303,0.000005,0.001792,0.075131
98,0.009475,0.000041,0.000004,0.091731,0.000504,0.000008,0.000753,0.102520
70,0.015637,0.000046,0.000004,0.011848,0.000332,0.000005,0.002886,0.030762
65,0.006816,0.000031,0.000003,0.064927,0.000288,0.000005,0.000685,0.072759
110,0.015002,0.000036,0.000004,0.055937,0.000272,0.000004,0.002186,0.073445
98,0.008158,0.000037,0.000003,0.051211,0.000289,0.000004,0.000178,0.059883
99,0.010369,0.000042,0.000003,0.013999,0.000580,0.000013,0.001345,0.026356
101,0.008245,0.000034,0.000004,0.062684,0.000278,0.000004,0.000526,0.071778
99,0.008802,0.000038,0.000004,0.096897,0.000478,0.000008,0.006838,0.113073
111,0.014863,0.000033,0.000003,0.010855,0.000264,0.000004,0.002210,0.028235
90,0.019155,0.000036,0.000004,0.053750,0.000262,0.000004,0.000171,0.073385
94,0.012451,0.000046,0.000004,0.089382,0.000314,0.000008,0.004798,0.107013
110,0.009648,0.000083,0.000004,0.057804,0.000248,0.000004,0.000351,0.068144
84,0.004806,0.000031,0.000003,0.074324,0.000396,0.000008,0.001978,0.081553
95,0.007395,0.000032,0.000003,0.053421,0.000269,0.000004,0.003927,0.065058
105,0.010002,0.000035,0.000004,0.053714,0.000281,0.000005,0.001481,0.065527
71,0.005802,0.000039,0.000003,0.057498,0.000315,0.000004,0.002880,0.066546
66,0.009393,0.000035,0.000004,0.054165,0.000266,0.000004,0.000717,0.064587
99,0.007525,0.000033,0.000003,0.053102,0.000276,0.000004,0.000202,0.061148
106,0.006549,0.000030,0.000003,0.015657,0.000306,0.000005,0.001725,0.024282
100,0.007512,0.000037,0.000003,0.011752,0.000312,0.000004,0.000238,0.019860
102,0.015275,0.000032,0.000003,0.059036,0.000324,0.000004,0.000584,0.075263
100,0.010914,0.000046,0.000003,0.081612,0.000304,0.000004,0.000564,0.093450
112,0.009907,0.000032,0.000003,0.066453,0.000317,0.000004,0.002177,0.078897
85,0.005523,0.000041,0.000003,0.063094,0.000284,0.000004,0.000936,0.069889
95,0.009401,0.000034,0.000003,0.063721,0.000290,0.000004,0.003022,0.076480
72,0.005853,0.000030,0.000003,0.051010,0.000287,0.000004,0.002428,0.059619
111,0.007345,0.000033,0.000003,0.069549,0.000263,0.000004,0.000362,0.077562
100,0.009911,0.000040,0.000004,0.078931,0.000262,0.000004,0.004014,0.093170
96,0.019542,0.000036,0.000003,0.057546,0.000296,0.000005,0.003987,0.081419
86,0.005890,0.000037,0.000003,0.006416,0.000286,0.000005,0.001092,0.013733
67,0.015576,0.000042,0.000004,0.056605,0.000293,0.000005,0.000696,0.073225
73,0.005918,0.000033,0.000004,0.006179,0.000273,0.000005,0.003027,0.015444
91,0.014329,0.000038,0.000005,0.087711,0.000281,0.000004,0.000194,0.102565
107,0.009123,0.000036,0.000004,0.049855,0.000266,0.000004,0.001619,0.060912
113,0.008046,0.000035,0.000003,0.017058,0.000286,0.000004,0.002268,0.027705
97,0.006931,0.000032,0.000003,0.009685,0.000281,0.000003,0.003607,0.020547
101,0.008569,0.000036,0.000004,0.054640,0.000271,0.000004,0.000216,0.063742
108,0.009276,0.000036,0.000005,0.016790,0.000295,0.000004,0.001734,0.028146
101,0.007897,0.000029,0.000003,0.054086,0.000290,0.000004,0.000536,0.062848
103,0.010490,0.000034,0.000003,0.062279,0.000336,0.000005,0.000652,0.073802
112,0.008170,0.000034,0.000003,0.058985,0.000285,0.000004,0.000363,0.067846
87,0.004897,0.000033,0.000002,0.052365,0.000323,0.000005,0.000862,0.058492
101,0.007755,0.000030,0.000003,0.059930,0.000282,0.000005,0.003967,0.071977
68,0.008289,0.000036,0.000003,0.057284,0.000295,0.000005,0.000837,0.066754
74,0.006324,0.000032,0.000003,0.055767,0.000271,0.000004,0.002598,0.065004
96,0.008656,0.000031,0.000003,0.072636,0.000404,0.000007,0.003939,0.085684
88,0.005527,0.000031,0.000003,0.013922,0.000270,0.000005,0.000991,0.020754
114,0.016505,0.000030,0.000004,0.055875,0.000292,0.000004,0.002000,0.074716
98,0.015131,0.000035,0.000003,0.049610,0.000279,0.000004,0.004084,0.069151
92,0.018990,0.000033,0.000005,0.064175,0.000258,0.000004,0.000184,0.083652
102,0.013140,0.000039,0.000004,0.061034,0.000305,0.000005,0.000223,0.074751
102,0.009005,0.000040,0.000004,0.054772,0.000251,0.000004,0.000511,0.064590
109,0.009664,0.000041,0.000005,0.057107,0.000265,0.000005,0.001410,0.068499
103,0.008187,0.000034,0.000003,0.007181,0.000256,0.000004,0.000208,0.015874
104,0.017058,0.000035,0.000003,0.059489,0.000267,0.000004,0.000555,0.077414
113,0.007852,0.000035,0.000003,0.059416,0.000240,0.000004,0.000365,0.067916
102,0.007503,0.000038,0.000003,0.051868,0.000282,0.000004,0.004006,0.063708
75,0.005241,0.000034,0.000003,0.049633,0.000254,0.000004,0.006316,0.061491
69,0.011723,0.000044,0.000004,0.055030,0.000291,0.000004,0.000779,0.067878
110,0.009062,0.000037,0.000004,0.013108,0.000313,0.000006,0.001833,0.024367
89,0.005057,0.000029,0.000003,0.055338,0.000292,0.000005,0.001012,0.061742
115,0.014848,0.000032,0.000004,0.053770,0.000282,0.000004,0.002288,0.071232
90,0.006027,0.000033,0.000004,0.006946,0.000287,0.000004,0.001102,0.014408
97,0.012187,0.000040,0.000003,0.077706,0.000260,0.000004,0.002961,0.093166
103,0.007092,0.000039,0.000005,0.023027,0.000266,0.000005,0.003593,0.034031
99,0.008282,0.000032,0.000004,0.063060,0.000277,0.000004,0.004008,0.075672
93,0.015732,0.000040,0.000005,0.063659,0.000289,0.000004,0.000178,0.079909
91,0.005824,0.000034,0.000003,0.006738,0.000298,0.000005,0.001062,0.013968
104,0.007342,0.000030,0.000003,0.056502,0.000284,0.000004,0.000227,0.064393
103,0.008229,0.000034,0.000004,0.064658,0.000344,0.000006,0.001042,0.074321
76,0.007848,0.000051,0.000005,0.047513,0.000273,0.000005,0.002445,0.058145
70,0.008148,0.000040,0.000003,0.047863,0.000289,0.000004,0.000771,0.057123
114,0.007446,0.000038,0.000004,0.059640,0.000284,0.000004,0.000341,0.067760
105,0.013636,0.000039,0.000004,0.066186,0.000280,0.000004,0.000578,0.080729
98,0.008151,0.000031,0.000003,0.025662,0.000301,0.000004,0.002696,0.036854
94,0.017720,0.000037,0.000005,0.011558,0.000241,0.000005,0.000161,0.029729
64,0.457918,0.000081,0.000007,0.055844,0.000353,0.000006,0.000308,0.514520
111,0.007931,0.000038,0.000005,0.056813,0.000247,0.000005,0.001579,0.066623
77,0.006587,0.000032,0.000003,0.005918,0.000243,0.000003,0.002561,0.015354
100,0.016521,0.000035,0.000004,0.020921,0.000257,0.000004,0.004877,0.042625
71,0.008003,0.000036,0.000004,0.010525,0.000289,0.000005,0.000748,0.019612
116,0.013362,0.000032,0.000003,0.054015,0.000227,0.000004,0.001873,0.069521
115,0.008423,0.000032,0.000003,0.025080,0.000383,0.000008,0.000560,0.034491
104,0.008802,0.000031,0.000004,0.057535,0.000269,0.000005,0.004128,0.070779
92,0.006064,0.000033,0.000004,0.060624,0.000281,0.000004,0.001000,0.068013
104,0.008359,0.000033,0.000004,0.052630,0.000279,0.000005,0.000534,0.061846
116,0.007574,0.000029,0.000003,0.005103,0.000245,0.000004,0.000366,0.013325
99,0.008213,0.000030,0.000003,0.038534,0.000284,0.000004,0.003103,0.050175
105,0.011952,0.000036,0.000004,0.063833,0.000290,0.000004,0.000210,0.076331
65,0.005848,0.000036,0.000004,0.063282,0.000270,0.000004,0.000229,0.069675
78,0.008593,0.000036,0.000003,0.052868,0.000255,0.000004,0.002372,0.064136
100,0.006718,0.000033,0.000004,0.010102,0.000261,0.000005,0.002769,0.019897
101,0.017926,0.000061,0.000005,0.034232,0.000512,0.000006,0.007107,0.059857
95,0.023599,0.000055,0.000006,0.057318,0.000359,0.000005,0.000171,0.081516
106,0.025211,0.000062,0.000004,0.058925,0.000373,0.000005,0.000595,0.085190
112,0.019572,0.000050,0.000006,0.062305,0.000280,0.000005,0.001672,0.083895
72,0.008075,0.000035,0.000004,0.063683,0.000342,0.000004,0.000691,0.072838
117,0.010252,0.000038,0.000004,0.059577,0.000280,0.000004,0.002182,0.072342
93,0.006109,0.000034,0.000004,0.052824,0.000248,0.000004,0.000998,0.060224
105,0.009067,0.000034,0.000004,0.056595,0.000312,0.000005,0.004266,0.070289
117,0.007600,0.000032,0.000003,0.052518,0.000264,0.000004,0.000359,0.060783
105,0.007958,0.000047,0.000004,0.069861,0.000339,0.000004,0.000516,0.078733
66,0.006002,0.000043,0.000005,0.055961,0.000349,0.000006,0.000290,0.062657
106,0.016266,0.000036,0.000003,0.065308,0.000330,0.000004,0.000224,0.082175
101,0.007756,0.000034,0.000003,0.054888,0.000298,0.000004,0.003336,0.066324
79,0.006748,0.000033,0.000004,0.062587,0.000281,0.000004,0.002788,0.072451
113,0.007476,0.000037,0.000004,0.054213,0.000282,0.000004,0.001621,0.063644
96,0.016060,0.000034,0.000004,0.063966,0.000297,0.000006,0.000172,0.080542
73,0.007543,0.000034,0.000004,0.064758,0.000292,0.000004,0.000757,0.073396
118,0.009893,0.000032,0.000004,0.057633,0.000275,0.000004,0.002187,0.070032
107,0.020062,0.000034,0.000003,0.062359,0.000270,0.000005,0.000536,0.083272
94,0.007320,0.000033,0.000003,0.059058,0.000277,0.000005,0.001041,0.067741
118,0.007451,0.000030,0.000003,0.058009,0.000282,0.000004,0.000355,0.066136
114,0.012136,0.000040,0.000005,0.012109,0.000293,0.000004,0.001682,0.026273
106,0.018928,0.000037,0.000003,0.056656,0.000260,0.000005,0.003917,0.079811
106,0.007420,0.000035,0.000004,0.054148,0.000258,0.000004,0.000473,0.062345
102,0.010297,0.000044,0.000005,0.091194,0.000394,0.000006,0.006245,0.108195
107,0.007882,0.000036,0.000003,0.052442,0.000274,0.000004,0.000210,0.060853
67,0.005793,0.000039,0.000004,0.057235,0.000311,0.000005,0.000221,0.063610
97,0.020995,0.000036,0.000004,0.012589,0.000266,0.000004,0.000192,0.034088
108,0.018039,0.000037,0.000004,0.021709,0.000268,0.000004,0.000574,0.040639
102,0.008444,0.000033,0.000002,0.069108,0.000288,0.000004,0.003478,0.081363
80,0.005639,0.000034,0.000003,0.073197,0.000288,0.000004,0.002929,0.082099
95,0.004970,0.000034,0.000004,0.058369,0.000266,0.000004,0.000925,0.064576
119,0.008480,0.000034,0.000003,0.055230,0.000271,0.000004,0.000366,0.064390
74,0.013126,0.000031,0.000003,0.059736,0.000298,0.000005,0.000737,0.073940
115,0.007245,0.000033,0.000004,0.057427,0.000278,0.000004,0.001733,0.066730
119,0.016320,0.000036,0.000004,0.064791,0.000307,0.000005,0.002414,0.083880
81,0.006270,0.000090,0.000004,0.019167,0.000279,0.000004,0.002729,0.028548
107,0.007767,0.000035,0.000003,0.063405,0.000303,0.000004,0.000546,0.072067
108,0.007976,0.000048,0.000005,0.052685,0.000262,0.000004,0.000188,0.061171
109,0.019751,0.000032,0.000004,0.021814,0.000253,0.000004,0.000546,0.042407
68,0.005613,0.000046,0.000004,0.058120,0.000262,0.000004,0.000229,0.064281
107,0.007688,0.000033,0.000004,0.068032,0.000267,0.000005,0.003877,0.079912
98,0.017692,0.000038,0.000005,0.052919,0.000259,0.000004,0.000189,0.071108
108,0.007709,0.000034,0.000004,0.011551,0.000275,0.000004,0.000540,0.020120
103,0.012823,0.000045,0.000004,0.072327,0.000868,0.000014,0.008753,0.094843
120,0.011045,0.000037,0.000003,0.020711,0.000321,0.000004,0.002240,0.034366
103,0.009359,0.000031,0.000003,0.054773,0.000266,0.000004,0.003105,0.067546
109,0.007848,0.000034,0.000004,0.007531,0.000289,0.000005,0.000594,0.016308
120,0.006770,0.000031,0.000003,0.057885,0.000273,0.000004,0.000363,0.065332
96,0.005731,0.000033,0.000003,0.060982,0.000285,0.000004,0.001004,0.068047
75,0.007302,0.000036,0.000003,0.056543,0.000267,0.000004,0.000586,0.064746
116,0.006748,0.000033,0.000004,0.052270,0.000265,0.000004,0.001522,0.060852
82,0.005876,0.000034,0.000004,0.050593,0.000262,0.000004,0.002547,0.059326
69,0.005665,0.000045,0.000003,0.060262,0.000300,0.000004,0.000218,0.066500
83,0.005562,0.000032,0.000003,0.006778,0.000315,0.000004,0.002499,0.015199
109,0.007992,0.000035,0.000003,0.064796,0.000362,0.000004,0.000214,0.073411
108,0.008845,0.000034,0.000003,0.055664,0.000252,0.000004,0.004035,0.068841
110,0.017100,0.000034,0.000003,0.063492,0.000296,0.000004,0.000624,0.081557
99,0.016753,0.000038,0.000004,0.056016,0.000263,0.000004,0.000192,0.073274
70,0.005498,0.000034,0.000003,0.007051,0.000250,0.000004,0.000242,0.013084
121,0.006666,0.000029,0.000003,0.065860,0.000288,0.000005,0.001984,0.074839
110,0.007565,0.000033,0.000003,0.061342,0.000320,0.000004,0.000495,0.069766
76,0.014000,0.000042,0.000004,0.049024,0.000257,0.000004,0.000655,0.063991
121,0.014166,0.000044,0.000005,0.051444,0.000255,0.000004,0.000328,0.066248
104,0.017512,0.000045,0.000004,0.066328,0.000312,0.000004,0.003602,0.087812
97,0.009644,0.000041,0.000004,0.058721,0.000274,0.000005,0.000917,0.069609
117,0.015738,0.000085,0.000010,0.050536,0.000255,0.000004,0.001613,0.068246
84,0.005145,0.000032,0.000003,0.047014,0.000317,0.000005,0.002587,0.055110
98,0.004500,0.000029,0.000004,0.012095,0.000250,0.000004,0.000889,0.017775
109,0.007680,0.000032,0.000003,0.049012,0.000247,0.000004,0.004005,0.060987
122,0.017117,0.000036,0.000004,0.011621,0.000251,0.000004,0.002221,0.031260
122,0.007879,0.000032,0.000003,0.017443,0.000286,0.000004,0.000349,0.025999
110,0.007048,0.000030,0.000003,0.055862,0.000262,0.000005,0.000195,0.063408
71,0.005555,0.000039,0.000004,0.057971,0.000269,0.000004,0.000223,0.064066
85,0.005711,0.000034,0.000003,0.014053,0.000306,0.000004,0.003039,0.023156
111,0.018907,0.000034,0.000003,0.052484,0.000259,0.000004,0.000650,0.072343
123,0.012490,0.000033,0.000004,0.006267,0.000281,0.000005,0.000432,0.019514
110,0.007176,0.000031,0.000004,0.014571,0.000311,0.000005,0.004447,0.026549
111,0.007331,0.000034,0.000003,0.051544,0.000278,0.000005,0.000534,0.059732
77,0.012155,0.000031,0.000003,0.053591,0.000282,0.000005,0.000667,0.066737
100,0.017315,0.000045,0.000005,0.077677,0.000467,0.000009,0.000259,0.095782
124,0.008312,0.000037,0.000004,0.010189,0.000246,0.000004,0.000350,0.019144
118,0.007214,0.000031,0.000004,0.059396,0.000290,0.000011,0.001693,0.068646
105,0.016135,0.000033,0.000004,0.054892,0.000268,0.000004,0.003979,0.075322
111,0.007996,0.000033,0.000003,0.011532,0.000258,0.000005,0.003877,0.023709
123,0.007101,0.000033,0.000003,0.052308,0.000287,0.000004,0.002088,0.061827
99,0.005416,0.000030,0.000003,0.061310,0.000269,0.000004,0.000977,0.068011
111,0.011597,0.000031,0.000003,0.056145,0.000251,0.000005,0.000215,0.068248
86,0.005959,0.000034,0.000003,0.047295,0.000262,0.000004,0.002448,0.056009
72,0.006872,0.000042,0.000004,0.055961,0.000295,0.000004,0.000331,0.063512
112,0.011688,0.000031,0.000003,0.011151,0.000279,0.000005,0.004108,0.027268
112,0.007395,0.000033,0.000003,0.052420,0.000256,0.000004,0.000500,0.060614
119,0.017247,0.000037,0.000005,0.012657,0.000245,0.000004,0.001579,0.031777
124,0.008425,0.000032,0.000003,0.018757,0.000240,0.000004,0.002006,0.029472
73,0.005269,0.000032,0.000003,0.009196,0.000289,0.000005,0.000223,0.015018
112,0.020861,0.000039,0.000004,0.054852,0.000279,0.000004,0.000602,0.076643
78,0.007900,0.000034,0.000003,0.054099,0.000312,0.000004,0.000704,0.063060
125,0.007677,0.000035,0.000003,0.053081,0.000225,0.000004,0.000333,0.061360
120,0.014921,0.000042,0.000006,0.013896,0.000313,0.000005,0.001900,0.031088
87,0.005334,0.000030,0.000002,0.047359,0.000259,0.000004,0.002555,0.055549
100,0.006120,0.000033,0.000004,0.057914,0.000262,0.000004,0.001027,0.065370
113,0.027568,0.000039,0.000004,0.006881,0.000256,0.000005,0.003956,0.038714
106,0.022811,0.000033,0.000003,0.063078,0.000296,0.000004,0.003874,0.090104
112,0.012226,0.000036,0.000004,0.056093,0.000277,0.000004,0.000187,0.068828
101,0.005731,0.000035,0.000004,0.010189,0.000273,0.000004,0.001001,0.017241
113,0.023170,0.000036,0.000004,0.026467,0.000315,0.000005,0.000645,0.050646
101,0.030517,0.000045,0.000006,0.080033,0.000414,0.000006,0.000284,0.111310
74,0.005238,0.000031,0.000003,0.058744,0.000316,0.000005,0.000297,0.064637
113,0.007078,0.000035,0.000004,0.062019,0.000294,0.000005,0.000610,0.070050
125,0.018487,0.000032,0.000003,0.056655,0.000316,0.000004,0.002639,0.078143
79,0.008274,0.000034,0.000004,0.061909,0.000296,0.000004,0.000880,0.071405
126,0.007571,0.000032,0.000003,0.069995,0.000297,0.000005,0.000387,0.078293
114,0.019723,0.000039,0.000004,0.007110,0.000273,0.000004,0.000543,0.027701
88,0.004752,0.000029,0.000004,0.060804,0.000278,0.000004,0.002465,0.068342
102,0.019618,0.000047,0.000007,0.015785,0.000357,0.000006,0.000236,0.036059
121,0.007528,0.000034,0.000004,0.065051,0.000278,0.000005,0.001687,0.074590
114,0.007774,0.000034,0.000004,0.068549,0.000303,0.000005,0.004381,0.081056
89,0.005465,0.000033,0.000003,0.012033,0.000349,0.000004,0.003367,0.021262
102,0.006333,0.000038,0.000005,0.066668,0.000295,0.000006,0.001128,0.074476
75,0.005732,0.000039,0.000004,0.055833,0.000261,0.000004,0.000230,0.062106
113,0.008731,0.000042,0.000009,0.072301,0.000409,0.000004,0.000216,0.081719
122,0.008984,0.000040,0.000006,0.015955,0.000276,0.000004,0.001695,0.026966
107,0.018755,0.000044,0.000004,0.077899,0.000338,0.000004,0.004495,0.101543
114,0.019077,0.000038,0.000004,0.067900,0.000276,0.000004,0.000688,0.087990
80,0.008751,0.000036,0.000004,0.059365,0.000291,0.000004,0.000714,0.069168
114,0.008816,0.000036,0.000004,0.007344,0.000285,0.000004,0.000205,0.016698
81,0.008086,0.000039,0.000004,0.007917,0.000321,0.000005,0.000844,0.017220
115,0.007586,0.000033,0.000002,0.062885,0.000295,0.000004,0.000532,0.071341
127,0.009081,0.000034,0.000004,0.068968,0.000278,0.000004,0.000405,0.078777
126,0.017053,0.000034,0.000003,0.075357,0.000327,0.000005,0.003115,0.095898
104,0.020399,0.000047,0.000005,0.372480,0.000399,0.000008,0.006378,0.399723
103,0.018744,0.000066,0.000006,0.075049,0.000340,0.000005,0.000184,0.094398
103,0.004937,0.000031,0.000003,0.061154,0.000254,0.000004,0.000939,0.067327
90,0.005974,0.000033,0.000004,0.063447,0.000278,0.000004,0.003422,0.073166
82,0.007693,0.000033,0.000004,0.019822,0.000268,0.000004,0.000686,0.028512
76,0.006226,0.000038,0.000004,0.060950,0.000231,0.000004,0.000225,0.067680
123,0.009871,0.000033,0.000005,0.055120,0.000236,0.000004,0.001289,0.066562
115,0.015747,0.000038,0.000004,0.072008,0.000308,0.000004,0.003966,0.092082
77,0.004927,0.000035,0.000004,0.004803,0.000281,0.000005,0.000249,0.010306
115,0.007775,0.000034,0.000003,0.060464,0.000330,0.000005,0.000209,0.068823
108,0.016826,0.000040,0.000003,0.062896,0.000319,0.000004,0.003946,0.084039
115,0.016387,0.000038,0.000004,0.067840,0.000299,0.000005,0.000632,0.085208
116,0.007484,0.000029,0.000003,0.004727,0.000252,0.000004,0.000183,0.012682
116,0.008638,0.000037,0.000003,0.059167,0.000267,0.000004,0.000503,0.068622
127,0.023370,0.000036,0.000003,0.060978,0.000314,0.000004,0.002232,0.086941
83,0.006619,0.000033,0.000003,0.053168,0.000292,0.000004,0.000670,0.060792
104,0.010557,0.000033,0.000004,0.053380,0.000288,0.000004,0.001026,0.065296
91,0.010492,0.000041,0.000004,0.056070,0.000266,0.000005,0.002787,0.069669
124,0.011882,0.000035,0.000004,0.050463,0.000263,0.000004,0.001502,0.064155
78,0.005407,0.000032,0.000003,0.049685,0.000230,0.000004,0.000228,0.055591
116,0.018380,0.000037,0.000003,0.017729,0.000336,0.000004,0.000527,0.037019
104,0.022594,0.000035,0.000006,0.061184,0.000269,0.000004,0.000182,0.084276
92,0.005322,0.000032,0.000003,0.009891,0.000289,0.000005,0.002799,0.018347
116,0.010256,0.000034,0.000003,0.063698,0.000275,0.000005,0.003815,0.078091
79,0.005199,0.000031,0.000003,0.012806,0.000318,0.000005,0.000253,0.018616
117,0.007549,0.000043,0.000003,0.048120,0.000235,0.000004,0.000220,0.056176
117,0.008183,0.000041,0.000004,0.046150,0.000232,0.000004,0.000462,0.055077
109,0.007058,0.000033,0.000003,0.058083,0.000244,0.000004,0.003218,0.068648
105,0.016204,0.000029,0.000004,0.010353,0.000270,0.000004,0.000179,0.027046
117,0.008894,0.000049,0.000003,0.011027,0.000243,0.000005,0.004875,0.025101
84,0.007545,0.000031,0.000003,0.047682,0.000315,0.000005,0.000774,0.056358
105,0.005807,0.000032,0.000003,0.058278,0.000270,0.000005,0.001027,0.065425
106,0.014795,0.000033,0.000004,0.008009,0.000269,0.000004,0.000171,0.023286
125,0.007301,0.000032,0.000004,0.061068,0.000278,0.000004,0.001660,0.070351
93,0.005421,0.000028,0.000003,0.047651,0.000261,0.000004,0.002377,0.055750
117,0.016722,0.000032,0.000004,0.055716,0.000290,0.000005,0.000533,0.073303
80,0.009494,0.000039,0.000004,0.053353,0.000260,0.000004,0.000239,0.063395
118,0.010787,0.000033,0.000004,0.053760,0.000252,0.000004,0.000182,0.065024
107,0.016569,0.000034,0.000004,0.011493,0.000311,0.000004,0.000167,0.028586
85,0.006272,0.000028,0.000002,0.042614,0.000239,0.000004,0.000592,0.049755
118,0.016831,0.000036,0.000004,0.057969,0.000255,0.000004,0.000472,0.075573
110,0.008517,0.000035,0.000003,0.053371,0.000254,0.000004,0.003223,0.065411
118,0.007152,0.000031,0.000003,0.053636,0.000253,0.000004,0.003810,0.064894
118,0.012343,0.000032,0.000004,0.024421,0.000302,0.000004,0.000688,0.037799
106,0.005546,0.000030,0.000003,0.057778,0.000267,0.000005,0.000932,0.064565
108,0.010535,0.000033,0.000004,0.023882,0.000268,0.000005,0.000175,0.034903
94,0.005154,0.000035,0.000005,0.049300,0.000263,0.000004,0.002519,0.057285
126,0.007209,0.000034,0.000003,0.054594,0.000251,0.000004,0.001767,0.063868
107,0.004648,0.000035,0.000004,0.010039,0.000297,0.000004,0.000938,0.015967
119,0.009327,0.000028,0.000003,0.016790,0.000274,0.000004,0.000658,0.027087
119,0.008429,0.000037,0.000003,0.048105,0.000266,0.000005,0.000216,0.057064
81,0.005298,0.000032,0.000003,0.056458,0.000289,0.000005,0.000259,0.062347
111,0.018321,0.000039,0.000003,0.026920,0.000285,0.000004,0.003649,0.049227
119,0.007302,0.000036,0.000004,0.055946,0.000266,0.000004,0.000482,0.064044
86,0.007215,0.000031,0.000003,0.061057,0.000379,0.000005,0.000717,0.069415
120,0.016484,0.000033,0.000003,0.006089,0.000264,0.000004,0.000181,0.023060
119,0.014620,0.000031,0.000004,0.046851,0.000238,0.000004,0.003487,0.065239
95,0.004594,0.000030,0.000003,0.053217,0.000296,0.000004,0.002772,0.060923
120,0.006766,0.000032,0.000003,0.049199,0.000251,0.000004,0.000662,0.056923
82,0.005097,0.000032,0.000003,0.050543,0.000254,0.000004,0.000226,0.056161
109,0.013650,0.000042,0.000005,0.060777,0.000270,0.000004,0.000158,0.074909
127,0.017749,0.000033,0.000004,0.052435,0.000335,0.000006,0.001971,0.072539
108,0.005655,0.000030,0.000003,0.057778,0.000282,0.000004,0.000907,0.064662
120,0.007078,0.000031,0.000003,0.044172,0.000271,0.000004,0.000521,0.052082
83,0.004586,0.000032,0.000003,0.010477,0.000237,0.000004,0.000209,0.015550
87,0.007362,0.000032,0.000003,0.052953,0.000271,0.000004,0.000787,0.061417
121,0.016553,0.000042,0.000004,0.058853,0.000314,0.000004,0.000244,0.076017
120,0.007089,0.000032,0.000003,0.056272,0.000313,0.000006,0.004235,0.067955
112,0.025053,0.000032,0.000003,0.067300,0.000285,0.000004,0.003640,0.096323
96,0.005518,0.000034,0.000002,0.058658,0.000332,0.000005,0.002387,0.066939
121,0.017197,0.000035,0.000003,0.056827,0.000270,0.000004,0.000784,0.075124
109,0.017061,0.000030,0.000003,0.053101,0.000263,0.000005,0.000923,0.071390
121,0.015237,0.000034,0.000003,0.009720,0.000282,0.000004,0.004076,0.029361
84,0.005063,0.000030,0.000003,0.052403,0.000355,0.000008,0.000312,0.058177
110,0.019194,0.000033,0.000004,0.057769,0.000416,0.000004,0.000200,0.077631
88,0.006220,0.000031,0.000003,0.046007,0.000310,0.000007,0.000622,0.053204
121,0.013490,0.000039,0.000004,0.053666,0.000387,0.000005,0.000544,0.068145
64,0.500875,0.000112,0.000011,0.010145,0.000711,0.000008,0.000781,0.512655
122,0.012115,0.000080,0.000003,0.014346,0.000273,0.000004,0.000570,0.027394
122,0.011277,0.000036,0.000003,0.053323,0.000271,0.000005,0.000214,0.065131
97,0.004595,0.000029,0.000003,0.053531,0.000272,0.000004,0.002039,0.060477
113,0.014073,0.000031,0.000003,0.058389,0.000294,0.000004,0.003749,0.076547
110,0.008890,0.000034,0.000003,0.048360,0.000252,0.000004,0.000921,0.058468
111,0.009824,0.000037,0.000005,0.044367,0.000251,0.000004,0.000160,0.054650
122,0.006761,0.000030,0.000003,0.048243,0.000256,0.000005,0.003737,0.059037
89,0.006026,0.000028,0.000003,0.053490,0.000235,0.000004,0.000634,0.060424
122,0.007426,0.000034,0.000003,0.050582,0.000276,0.000004,0.000478,0.058807
85,0.006402,0.000035,0.000004,0.083677,0.000339,0.000007,0.000293,0.090760
114,0.019096,0.000031,0.000004,0.023548,0.000313,0.000004,0.003587,0.046589
112,0.016722,0.000033,0.000004,0.017250,0.000267,0.000004,0.000158,0.034442
123,0.015031,0.000045,0.000004,0.054944,0.000275,0.000004,0.000685,0.070993
98,0.006378,0.000041,0.000004,0.049985,0.000270,0.000004,0.002375,0.059060
123,0.028403,0.000038,0.000003,0.050014,0.000258,0.000004,0.000197,0.078919
65,0.009713,0.000042,0.000004,0.082826,0.000354,0.000007,0.000569,0.093520
99,0.005244,0.000032,0.000003,0.008700,0.000261,0.000004,0.002430,0.016679
123,0.006919,0.000030,0.000003,0.049476,0.000238,0.000004,0.000483,0.057155
123,0.007248,0.000035,0.000003,0.051339,0.000246,0.000004,0.003639,0.062519
113,0.018613,0.000030,0.000004,0.005844,0.000240,0.000004,0.000161,0.024899
124,0.005871,0.000028,0.000003,0.014554,0.000287,0.000005,0.000545,0.021296
111,0.005670,0.000031,0.000003,0.086656,0.000413,0.000009,0.002399,0.095187
90,0.009448,0.000037,0.000004,0.079371,0.000442,0.000007,0.000658,0.089970
86,0.005916,0.000037,0.000003,0.070220,0.000364,0.000007,0.000283,0.076834
124,0.007892,0.000043,0.000004,0.063516,0.000269,0.000005,0.000551,0.072284
100,0.004877,0.000030,0.000003,0.046489,0.000246,0.000004,0.002406,0.054058
124,0.012081,0.000031,0.000003,0.051591,0.000251,0.000004,0.000183,0.064147
114,0.006131,0.000029,0.000004,0.047511,0.000248,0.000004,0.000179,0.054109
115,0.020503,0.000035,0.000003,0.063044,0.000304,0.000004,0.003466,0.087365
124,0.007702,0.000034,0.000003,0.052426,0.000244,0.000004,0.003706,0.064123
66,0.008811,0.000038,0.000003,0.069226,0.000283,0.000004,0.000453,0.078822
125,0.008163,0.000036,0.000003,0.044617,0.000258,0.000004,0.000474,0.053558
116,0.008668,0.000030,0.000003,0.011179,0.000279,0.000004,0.003819,0.023987
87,0.006191,0.000035,0.000005,0.036564,0.000251,0.000004,0.000219,0.043272
67,0.007551,0.000033,0.000002,0.013166,0.000301,0.000005,0.000595,0.021658
101,0.004887,0.000030,0.000003,0.046809,0.000284,0.000004,0.002440,0.054462
125,0.021017,0.000030,0.000004,0.053081,0.000287,0.000004,0.000586,0.075010
125,0.019838,0.000030,0.000003,0.052712,0.000252,0.000004,0.000196,0.073038
112,0.022248,0.000038,0.000003,0.071429,0.000405,0.000008,0.001930,0.096068
125,0.007160,0.000034,0.000003,0.050645,0.000250,0.000005,0.003715,0.061816
68,0.021671,0.000029,0.000003,0.009516,0.000261,0.000004,0.000423,0.031911
102,0.004655,0.000029,0.000003,0.010841,0.000266,0.000005,0.002393,0.018198
91,0.010301,0.000044,0.000005,0.086967,0.000274,0.000004,0.000623,0.098220
126,0.007146,0.000033,0.000004,0.052029,0.000245,0.000006,0.000490,0.059955
115,0.023162,0.000031,0.000004,0.055852,0.000222,0.000004,0.000172,0.079450
88,0.005241,0.000033,0.000003,0.044666,0.000226,0.000004,0.000226,0.050401
126,0.020604,0.000033,0.000003,0.004994,0.000223,0.000004,0.002274,0.028139
117,0.007424,0.000030,0.000003,0.059022,0.000354,0.000004,0.003222,0.070074
127,0.021340,0.000031,0.000003,0.006048,0.000253,0.000004,0.000507,0.028189
116,0.021549,0.000032,0.000004,0.015378,0.000273,0.000004,0.000180,0.037423
126,0.006481,0.000026,0.000003,0.042875,0.000252,0.000005,0.003635,0.053282
126,0.010053,0.000037,0.000004,0.051934,0.000281,0.000004,0.000612,0.062928
89,0.004783,0.000033,0.000004,0.045167,0.000236,0.000004,0.000196,0.050424
103,0.004064,0.000027,0.000003,0.055037,0.000255,0.000004,0.002245,0.061639
69,0.025509,0.000033,0.000002,0.046595,0.000255,0.000004,0.000437,0.072838
127,0.006891,0.000028,0.000003,0.010102,0.000261,0.000005,0.004221,0.021516
104,0.009180,0.000033,0.000003,0.005512,0.000280,0.000004,0.002496,0.017514
127,0.015226,0.000026,0.000003,0.044307,0.000244,0.000003,0.000187,0.059998
113,0.023692,0.000037,0.000004,0.074177,0.000302,0.000007,0.002365,0.100590
92,0.023349,0.000034,0.000003,0.070624,0.000246,0.000004,0.000639,0.094903
118,0.011736,0.000064,0.000004,0.051226,0.000248,0.000004,0.003733,0.067021
117,0.011751,0.000028,0.000003,0.048978,0.000253,0.000004,0.000188,0.061208
90,0.004406,0.000027,0.000003,0.049609,0.000234,0.000004,0.000217,0.054502
127,0.009378,0.000034,0.000003,0.052232,0.000244,0.000004,0.000548,0.062447
105,0.005493,0.000031,0.000004,0.046332,0.000248,0.000004,0.002007,0.054123
118,0.006893,0.000037,0.000004,0.022452,0.000248,0.000004,0.000207,0.029848
70,0.017000,0.000041,0.000003,0.050635,0.000267,0.000004,0.000433,0.068384
119,0.007955,0.000039,0.000004,0.054809,0.000293,0.000004,0.003418,0.066526
91,0.004890,0.000030,0.000003,0.042577,0.000242,0.000004,0.000206,0.047954
93,0.009081,0.000046,0.000004,0.070556,0.000319,0.000008,0.000892,0.080911
114,0.021848,0.000036,0.000003,0.068560,0.000388,0.000008,0.001478,0.092327
106,0.005972,0.000039,0.000004,0.044486,0.000257,0.000004,0.002498,0.053263
119,0.006986,0.000031,0.000005,0.054752,0.000284,0.000004,0.000168,0.062232
107,0.004328,0.000031,0.000002,0.004020,0.000265,0.000005,0.002362,0.011019
71,0.007695,0.000044,0.000003,0.058181,0.000279,0.000004,0.000550,0.066759
92,0.005123,0.000032,0.000003,0.050038,0.000267,0.000004,0.000238,0.055707
120,0.010612,0.000034,0.000004,0.010298,0.000240,0.000004,0.000160,0.021355
94,0.009121,0.000031,0.000002,0.044439,0.000317,0.000005,0.000648,0.054565
120,0.013605,0.000045,0.000003,0.050606,0.000290,0.000004,0.003439,0.067996
115,0.016811,0.000032,0.000003,0.049718,0.000281,0.000004,0.000986,0.067837
108,0.005636,0.000035,0.000003,0.051019,0.000262,0.000004,0.002791,0.059755
93,0.005033,0.000031,0.000003,0.043580,0.000259,0.000004,0.000248,0.049160
64,0.589437,0.000091,0.000007,0.066816,0.000452,0.000005,0.004221,0.661041
95,0.006461,0.000031,0.000003,0.046734,0.000241,0.000004,0.000557,0.054035
72,0.028301,0.000033,0.000003,0.050848,0.000323,0.000004,0.000509,0.080024
121,0.019751,0.000033,0.000004,0.048038,0.000269,0.000004,0.000167,0.068267
116,0.005324,0.000031,0.000003,0.053215,0.000348,0.000006,0.001386,0.060318
121,0.022280,0.000044,0.000003,0.062700,0.000403,0.000005,0.006525,0.091966
109,0.005430,0.000033,0.000003,0.050699,0.000400,0.000006,0.003956,0.060534
122,0.020911,0.000042,0.000005,0.013513,0.000262,0.000004,0.000167,0.034906
94,0.005133,0.000031,0.000003,0.058233,0.000243,0.000004,0.000228,0.063877
73,0.022920,0.000047,0.000004,0.026026,0.000294,0.000005,0.000469,0.049768
95,0.005145,0.000034,0.000003,0.008180,0.000260,0.000004,0.000235,0.013862
96,0.007049,0.000037,0.000003,0.070371,0.000337,0.000005,0.000816,0.078622
65,0.022242,0.000035,0.000003,0.064186,0.000301,0.000005,0.004173,0.090950
117,0.007616,0.000042,0.000003,0.050574,0.000251,0.000004,0.000956,0.059450
110,0.005386,0.000031,0.000004,0.042569,0.000257,0.000004,0.002340,0.050596
122,0.009611,0.000030,0.000003,0.049852,0.003830,0.000008,0.003488,0.066827
111,0.004643,0.000028,0.000003,0.007976,0.000262,0.000005,0.002222,0.015143
74,0.017292,0.000041,0.000003,0.044352,0.000266,0.000004,0.000424,0.062385
96,0.004796,0.000031,0.000003,0.048758,0.000254,0.000005,0.000203,0.054051
123,0.019677,0.000037,0.000004,0.053779,0.000272,0.000004,0.000165,0.073941
112,0.004224,0.000027,0.000003,0.003628,0.000214,0.000004,0.001965,0.010069
113,0.004741,0.000029,0.000002,0.005383,0.000245,0.000004,0.002288,0.012696
97,0.007819,0.000039,0.000003,0.056949,0.000306,0.000004,0.000809,0.065933
124,0.007892,0.000029,0.000004,0.014469,0.000255,0.000004,0.000159,0.022815
118,0.009497,0.000031,0.000003,0.047974,0.000258,0.000005,0.001041,0.058812
66,0.020641,0.000030,0.000003,0.052532,0.000261,0.000004,0.003975,0.077451
114,0.005173,0.000030,0.000003,0.008835,0.000254,0.000004,0.002305,0.016607
97,0.004676,0.000033,0.000004,0.043605,0.000236,0.000004,0.000242,0.048803
125,0.017677,0.000032,0.000004,0.010026,0.000275,0.000005,0.000161,0.028182
75,0.019946,0.000036,0.000004,0.048914,0.000280,0.000004,0.000472,0.069658
123,0.021741,0.000036,0.000003,0.053830,0.000270,0.000004,0.003599,0.079487
119,0.017412,0.000031,0.000004,0.040620,0.000259,0.000004,0.000981,0.059314
115,0.004818,0.000055,0.000003,0.044488,0.000236,0.000004,0.002252,0.051861
98,0.011914,0.000031,0.000003,0.054832,0.000275,0.000004,0.000632,0.067695
98,0.004856,0.000036,0.000003,0.041372,0.000239,0.000004,0.000205,0.046716
99,0.005290,0.000030,0.000003,0.005705,0.000213,0.000004,0.000212,0.011459
126,0.005730,0.000027,0.000004,0.047587,0.000258,0.000005,0.000151,0.053765
116,0.004490,0.000030,0.000003,0.009927,0.000266,0.000004,0.002343,0.017068
67,0.025699,0.000032,0.000006,0.046958,0.000239,0.000004,0.003215,0.076156
99,0.006764,0.000033,0.000003,0.010165,0.000243,0.000004,0.000611,0.017826
120,0.018963,0.000030,0.000003,0.005100,0.000231,0.000004,0.000910,0.025244
100,0.005215,0.000034,0.000004,0.010642,0.000229,0.000004,0.000190,0.016320
76,0.009873,0.000037,0.000003,0.048515,0.000256,0.000004,0.004533,0.063227
117,0.005412,0.000033,0.000003,0.009696,0.000248,0.000004,0.002108,0.017508
124,0.007918,0.000036,0.000003,0.062305,0.000283,0.000004,0.003723,0.074278
118,0.004856,0.000027,0.000003,0.011593,0.000256,0.000004,0.002271,0.019012
100,0.006215,0.000029,0.000003,0.049605,0.000278,0.000004,0.000581,0.056717
101,0.004450,0.000028,0.000003,0.048254,0.000250,0.000004,0.000231,0.053222
101,0.007201,0.000033,0.000003,0.005444,0.000244,0.000004,0.000617,0.013550
127,0.018220,0.000027,0.000003,0.056859,0.000262,0.000004,0.000157,0.075535
121,0.019789,0.000030,0.000003,0.054953,0.000265,0.000004,0.000950,0.075996
77,0.014211,0.000042,0.000004,0.049267,0.000274,0.000005,0.000430,0.064235
68,0.022821,0.000029,0.000003,0.052585,0.000273,0.000004,0.004104,0.079824
119,0.005043,0.000034,0.000004,0.044933,0.000251,0.000004,0.002019,0.052293
125,0.008985,0.000037,0.000002,0.054173,0.000257,0.000004,0.003079,0.066541
102,0.005200,0.000030,0.000003,0.037231,0.000226,0.000004,0.000231,0.042928
69,0.025405,0.000030,0.000004,0.005703,0.000280,0.000005,0.003930,0.035362
102,0.007061,0.000028,0.000002,0.039494,0.000234,0.000004,0.000620,0.047447
126,0.008078,0.000043,0.000003,0.015366,0.000278,0.000004,0.003167,0.026942
120,0.004508,0.000027,0.000003,0.047376,0.000287,0.000004,0.002182,0.054392
78,0.021431,0.000028,0.000003,0.045858,0.000243,0.000004,0.000409,0.067980
122,0.023067,0.000028,0.000003,0.047662,0.000234,0.000004,0.000910,0.071912
70,0.023889,0.000035,0.000003,0.014641,0.000259,0.000003,0.003818,0.042655
103,0.005134,0.000032,0.000003,0.044982,0.000269,0.000004,0.000216,0.050641
123,0.006945,0.000038,0.000004,0.009724,0.000326,0.000005,0.001263,0.018309
127,0.007013,0.000034,0.000002,0.044293,0.000263,0.000004,0.003459,0.055073
71,0.017530,0.000030,0.000003,0.004720,0.000230,0.000004,0.003659,0.026182
103,0.012414,0.000039,0.000003,0.046944,0.000280,0.000004,0.000703,0.060390
121,0.005359,0.000032,0.000004,0.047913,0.000261,0.000004,0.002146,0.055724
128,0.010663,0.000034,0.000004,0.058554,0.000277,0.000004,0.001245,0.070787
104,0.004813,0.000030,0.000003,0.046456,0.000258,0.000004,0.000201,0.051767
79,0.015064,0.000028,0.000003,0.051279,0.000282,0.000004,0.000549,0.067212
124,0.017942,0.000034,0.000003,0.051918,0.000274,0.000004,0.000992,0.071171
104,0.008800,0.000040,0.000004,0.041446,0.000292,0.000004,0.000634,0.051224
122,0.005100,0.000033,0.000003,0.046650,0.000244,0.000004,0.002218,0.054257
72,0.031238,0.000030,0.000004,0.043224,0.000249,0.000003,0.003336,0.078089
105,0.005124,0.000032,0.000004,0.047827,0.000242,0.000004,0.000208,0.053443
129,0.006713,0.000030,0.000004,0.052829,0.000260,0.000004,0.001208,0.061051
125,0.006841,0.000035,0.000003,0.047634,0.000252,0.000004,0.000916,0.055689
105,0.007381,0.000031,0.000003,0.046756,0.000260,0.000004,0.000602,0.055039
123,0.004990,0.000035,0.000003,0.045357,0.000242,0.000004,0.002149,0.052783
80,0.021505,0.000036,0.000003,0.066787,0.000313,0.000004,0.004942,0.093602
106,0.006617,0.000028,0.000003,0.004247,0.000227,0.000004,0.000580,0.011709
106,0.004780,0.000030,0.000003,0.039692,0.000224,0.000004,0.000190,0.044925
126,0.014765,0.000032,0.000003,0.010323,0.000257,0.000004,0.000942,0.026330
124,0.005130,0.000031,0.000004,0.008585,0.000240,0.000004,0.002188,0.016185
81,0.011822,0.000035,0.000003,0.004608,0.000262,0.000004,0.000454,0.017190
107,0.006863,0.000031,0.000003,0.014253,0.000256,0.000004,0.000623,0.022035
125,0.004158,0.000026,0.000003,0.004348,0.000200,0.000004,0.001726,0.010467
73,0.021350,0.000038,0.000003,0.046421,0.000231,0.000004,0.003367,0.071419
130,0.018139,0.000030,0.000004,0.052630,0.000272,0.000004,0.001698,0.072781
108,0.007060,0.000032,0.000003,0.009098,0.000251,0.000004,0.000570,0.017019
107,0.004520,0.000026,0.000003,0.048292,0.000245,0.000004,0.000218,0.053309
74,0.020073,0.000038,0.000003,0.005378,0.000234,0.000004,0.003509,0.029244
131,0.020663,0.000029,0.000004,0.010543,0.000268,0.000005,0.001290,0.032807
127,0.020135,0.000028,0.000002,0.047035,0.000267,0.000004,0.000940,0.068415
126,0.004635,0.000029,0.000004,0.050717,0.000260,0.000004,0.002171,0.057825
82,0.018855,0.000028,0.000003,0.049581,0.000284,0.000004,0.000425,0.069183
109,0.006426,0.000027,0.000003,0.054136,0.000266,0.000004,0.000636,0.061501
83,0.012842,0.000029,0.000003,0.003857,0.000229,0.000004,0.000371,0.017337
108,0.006600,0.000032,0.000003,0.046205,0.000254,0.000004,0.000201,0.053301
132,0.007561,0.000035,0.000004,0.037341,0.000246,0.000004,0.001446,0.046642
75,0.012445,0.000037,0.000003,0.046481,0.000241,0.000004,0.003594,0.062809
127,0.004824,0.000030,0.000003,0.046240,0.000245,0.000004,0.002280,0.053629
110,0.006859,0.000031,0.000003,0.048213,0.000262,0.000004,0.000589,0.055963
109,0.011806,0.000031,0.000003,0.039303,0.000206,0.000004,0.000185,0.051538
84,0.007640,0.000031,0.000003,0.048337,0.000239,0.000004,0.000392,0.056650
110,0.005585,0.000030,0.000003,0.003416,0.000215,0.000004,0.000192,0.009447
133,0.017428,0.000029,0.000003,0.041349,0.000232,0.000004,0.001182,0.060233
76,0.016333,0.000029,0.000003,0.045165,0.000260,0.000004,0.003579,0.065378
111,0.007127,0.000031,0.000003,0.008629,0.000280,0.000005,0.000262,0.016341
111,0.006413,0.000031,0.000002,0.046610,0.000277,0.000004,0.000647,0.053986
85,0.017285,0.000029,0.000003,0.045090,0.000263,0.000004,0.000461,0.063137
134,0.013388,0.000027,0.000003,0.044227,0.000263,0.000004,0.001231,0.059149
112,0.011760,0.000053,0.000004,0.046216,0.000235,0.000004,0.000196,0.058471
77,0.014878,0.000036,0.000003,0.044873,0.000383,0.000007,0.007124,0.067309
112,0.007093,0.000036,0.000003,0.047965,0.000276,0.000004,0.000567,0.055948
86,0.006021,0.000029,0.000003,0.037579,0.000230,0.000004,0.000415,0.044282
113,0.006431,0.000034,0.000003,0.033007,0.000239,0.000004,0.000202,0.039922
135,0.010738,0.000052,0.000007,0.064552,0.000366,0.000007,0.001749,0.077478
113,0.005631,0.000029,0.000003,0.038325,0.000215,0.000004,0.000551,0.044761
87,0.005775,0.000028,0.000002,0.036344,0.000212,0.000003,0.000357,0.042724
114,0.006416,0.000037,0.000003,0.042154,0.000251,0.000004,0.000203,0.049069
78,0.011181,0.000042,0.000004,0.075610,0.000442,0.000009,0.006005,0.093300
114,0.006330,0.000033,0.000003,0.049877,0.000276,0.000004,0.000703,0.057231
79,0.013808,0.000060,0.000006,0.009223,0.000359,0.000007,0.004322,0.027789
88,0.016319,0.000031,0.000002,0.052055,0.000253,0.000003,0.000385,0.069052
115,0.006413,0.000034,0.000003,0.054607,0.000253,0.000004,0.000224,0.061540
115,0.018274,0.000068,0.000006,0.011953,0.000239,0.000004,0.000594,0.031140
136,0.021002,0.000055,0.000007,0.076065,0.000397,0.000008,0.002027,0.099570
116,0.006651,0.000030,0.000003,0.004436,0.000221,0.000004,0.000206,0.011553
80,0.005870,0.000035,0.000003,0.039240,0.000239,0.000004,0.003229,0.048625
117,0.005372,0.000029,0.000003,0.008524,0.000217,0.000004,0.000189,0.014339
89,0.006851,0.000032,0.000003,0.047441,0.000358,0.000004,0.000388,0.055081
137,0.018407,0.000045,0.000005,0.012752,0.000344,0.000008,0.002013,0.033580
118,0.007073,0.000029,0.000003,0.009546,0.000236,0.000004,0.000184,0.017077
116,0.007183,0.000034,0.000003,0.045047,0.000251,0.000004,0.000644,0.053171
117,0.006751,0.000059,0.000003,0.008784,0.000260,0.000004,0.000608,0.016473
81,0.006676,0.000033,0.000003,0.045483,0.000236,0.000004,0.003560,0.056000
90,0.009625,0.000035,0.000003,0.048181,0.000268,0.000004,0.000557,0.058676
138,0.008537,0.000041,0.000005,0.047267,0.000265,0.000005,0.001341,0.057463
119,0.007479,0.000034,0.000004,0.048353,0.000249,0.000004,0.000237,0.056362
105,0.023699,0.000047,0.000004,2.011046,0.001484,0.000021,0.007218,2.043551
118,0.006644,0.000035,0.000003,0.051123,0.000244,0.000004,0.000607,0.058663
82,0.006837,0.000032,0.000003,0.046095,0.000249,0.000004,0.003460,0.056684
91,0.017144,0.000036,0.000003,0.039849,0.000257,0.000004,0.000492,0.057787
120,0.014187,0.000038,0.000004,0.051645,0.000271,0.000004,0.000222,0.066373
139,0.016762,0.000031,0.000004,0.050351,0.000262,0.000005,0.001348,0.068767
83,0.005851,0.000036,0.000004,0.040233,0.000239,0.000004,0.003124,0.049494
119,0.013983,0.000036,0.000003,0.044102,0.000265,0.000004,0.000611,0.059007
84,0.006706,0.000033,0.000003,0.005403,0.000262,0.000004,0.003883,0.016297
92,0.016999,0.000032,0.000002,0.045709,0.000264,0.000003,0.000436,0.063449
140,0.016937,0.000035,0.000005,0.043694,0.000242,0.000004,0.001176,0.062097
120,0.006412,0.000040,0.000003,0.046296,0.000255,0.000004,0.000565,0.053577
121,0.006708,0.000036,0.000004,0.045059,0.000251,0.000004,0.000215,0.052278
85,0.006845,0.000040,0.000003,0.048118,0.000252,0.000004,0.003177,0.058443
122,0.006632,0.000032,0.000004,0.042978,0.000240,0.000004,0.000201,0.050092
121,0.006208,0.000028,0.000003,0.044850,0.000227,0.000004,0.000603,0.051926
93,0.007500,0.000032,0.000003,0.045400,0.000243,0.000004,0.000428,0.053613
141,0.006388,0.000028,0.000004,0.048487,0.000235,0.000004,0.001248,0.056398
86,0.006707,0.000037,0.000002,0.045062,0.000250,0.000004,0.003382,0.055449
123,0.006395,0.000029,0.000003,0.044786,0.000262,0.000004,0.000223,0.051704
122,0.006328,0.000030,0.000003,0.045675,0.000244,0.000003,0.000636,0.052922
124,0.006503,0.000036,0.000003,0.008592,0.000277,0.000005,0.000242,0.015661
87,0.005714,0.000031,0.000003,0.047206,0.000259,0.000004,0.003080,0.056301
142,0.023782,0.000036,0.000004,0.042592,0.000230,0.000005,0.001242,0.067895
94,0.027480,0.000034,0.000003,0.044260,0.000230,0.000004,0.000415,0.072427
123,0.005371,0.000025,0.000003,0.037471,0.000235,0.000004,0.000565,0.043677
124,0.006631,0.000028,0.000003,0.006336,0.000289,0.000004,0.000703,0.013998
125,0.006446,0.000028,0.000003,0.040820,0.000231,0.000004,0.000186,0.047721
88,0.006520,0.000028,0.000003,0.051535,0.000245,0.000004,0.003521,0.061861
95,0.023246,0.000029,0.000002,0.040452,0.000317,0.000004,0.000428,0.064482
143,0.027397,0.000031,0.000003,0.043769,0.000225,0.000004,0.001332,0.072765
126,0.006710,0.000033,0.000003,0.037684,0.000239,0.000004,0.000260,0.044935
125,0.007317,0.000039,0.000003,0.044747,0.000258,0.000004,0.000559,0.052930
89,0.007476,0.000035,0.000003,0.042731,0.000256,0.000004,0.003447,0.053957
96,0.025514,0.000030,0.000002,0.040400,0.000253,0.000005,0.000387,0.066595
127,0.006028,0.000028,0.000003,0.038262,0.000216,0.000004,0.000223,0.044766
126,0.008900,0.000033,0.000003,0.038449,0.000210,0.000004,0.000547,0.048149
144,0.024983,0.000029,0.000004,0.044184,0.000237,0.000005,0.001233,0.070678
90,0.009530,0.000036,0.000003,0.042392,0.000267,0.000004,0.003365,0.055601
97,0.014217,0.000036,0.000003,0.036938,0.000270,0.000004,0.000426,0.051896
127,0.006014,0.000027,0.000002,0.040373,0.000226,0.000004,0.000595,0.047255
145,0.022205,0.000034,0.000004,0.038987,0.000227,0.000004,0.001224,0.062688
91,0.006411,0.000035,0.000003,0.041811,0.000246,0.000003,0.003408,0.051921
92,0.005606,0.000032,0.000003,0.007785,0.000234,0.000004,0.003008,0.016676
98,0.020129,0.000026,0.000003,0.038476,0.000264,0.000004,0.000433,0.059337
146,0.009355,0.000028,0.000004,0.036071,0.000229,0.000005,0.007768,0.053468
99,0.013607,0.000035,0.000002,0.009401,0.000247,0.000004,0.000460,0.023759
93,0.006556,0.000034,0.000003,0.040255,0.000240,0.000004,0.003351,0.050448
106,0.023367,0.000056,0.000006,0.542078,0.000372,0.000005,0.002797,0.568692
147,0.008036,0.000030,0.000004,0.038625,0.000240,0.000004,0.001129,0.048071
100,0.015440,0.000038,0.000003,0.041842,0.000268,0.000004,0.000505,0.058102
107,0.010848,0.000033,0.000004,0.039563,0.000242,0.000004,0.002341,0.053040
94,0.007115,0.000035,0.000003,0.052477,0.000258,0.000005,0.003277,0.063175
148,0.018697,0.000030,0.000004,0.037260,0.000252,0.000005,0.001194,0.057446
95,0.006109,0.000029,0.000003,0.008286,0.000222,0.000004,0.003071,0.017728
108,0.008296,0.000035,0.000004,0.014373,0.000275,0.000005,0.002641,0.025633
101,0.020635,0.000028,0.000002,0.033244,0.000236,0.000004,0.000433,0.054584
149,0.016129,0.000029,0.000004,0.007436,0.000202,0.000004,0.001078,0.024886
96,0.006797,0.000034,0.000004,0.008552,0.000236,0.000004,0.003130,0.018761
109,0.007098,0.000031,0.000004,0.036521,0.000262,0.000005,0.002633,0.046559
97,0.006871,0.000037,0.000003,0.037383,0.000252,0.000004,0.003346,0.047900
150,0.018581,0.000028,0.000003,0.033616,0.000225,0.000004,0.001137,0.053598
102,0.022891,0.000030,0.000002,0.043205,0.000240,0.000004,0.000569,0.066944
98,0.009649,0.000029,0.000003,0.006958,0.000240,0.000004,0.003142,0.020030
110,0.007085,0.000036,0.000003,0.037318,0.000251,0.000005,0.002541,0.047244
151,0.021997,0.000028,0.000004,0.006803,0.000218,0.000005,0.001218,0.030276
99,0.006643,0.000031,0.000003,0.003991,0.000238,0.000005,0.003616,0.014531
103,0.022764,0.000027,0.000003,0.032314,0.000231,0.000004,0.000513,0.055859
152,0.018814,0.000037,0.000004,0.008480,0.000249,0.000004,0.001206,0.028799
111,0.006945,0.000029,0.000003,0.041778,0.000322,0.000005,0.003398,0.052489
100,0.006037,0.000032,0.000003,0.038097,0.000222,0.000004,0.003082,0.047480
104,0.016403,0.000029,0.000003,0.004679,0.000217,0.000004,0.000512,0.021849
101,0.005661,0.000024,0.000003,0.003908,0.000226,0.000004,0.003089,0.012917
153,0.023525,0.000038,0.000004,0.018638,0.000365,0.000007,0.002220,0.044805
112,0.008188,0.000040,0.000004,0.018492,0.000279,0.000006,0.002474,0.029490
113,0.010421,0.000045,0.000004,0.012515,0.000589,0.000010,0.006148,0.029738
105,0.020778,0.000027,0.000003,0.041739,0.000267,0.000004,0.000462,0.063283
102,0.005986,0.000027,0.000002,0.043786,0.000222,0.000004,0.003411,0.053443
154,0.023824,0.000046,0.000006,0.051638,0.000264,0.000006,0.001334,0.077121
103,0.006206,0.000030,0.000003,0.041752,0.000258,0.000004,0.003413,0.051668
106,0.011778,0.000031,0.000003,0.046148,0.000258,0.000004,0.000481,0.058706
114,0.010989,0.000038,0.000004,0.058570,0.000282,0.000004,0.002562,0.072454
155,0.012390,0.000034,0.000005,0.041581,0.000237,0.000004,0.001197,0.055452
104,0.010238,0.000033,0.000005,0.046913,0.000283,0.000004,0.003361,0.060854
107,0.013885,0.000036,0.000003,0.045177,0.000260,0.000004,0.000432,0.059798
115,0.006453,0.000034,0.000003,0.045515,0.000236,0.000004,0.002052,0.054303
156,0.006519,0.000035,0.000004,0.019359,0.000218,0.000004,0.004863,0.031019
128,0.012593,0.000048,0.000008,0.004270,0.000340,0.000005,0.001704,0.018977
129,0.011473,0.000028,0.000003,0.008427,0.000267,0.000004,0.001351,0.021557
105,0.006143,0.000028,0.000003,0.039432,0.000250,0.000004,0.003400,0.049264
116,0.006111,0.000027,0.000003,0.035604,0.000243,0.000005,0.002169,0.044166
157,0.006399,0.000033,0.000004,0.043136,0.000273,0.000004,0.001192,0.051044
108,0.014195,0.000028,0.000002,0.046134,0.000293,0.000004,0.000489,0.061148
130,0.006578,0.000031,0.000003,0.036868,0.000254,0.000004,0.001659,0.045400
109,0.012886,0.000030,0.000003,0.002995,0.000228,0.000005,0.000418,0.016569
117,0.013885,0.000035,0.000003,0.013522,0.000259,0.000004,0.004720,0.032435
131,0.007723,0.000032,0.000003,0.008392,0.000248,0.000004,0.001638,0.018045
106,0.006270,0.000030,0.000003,0.042759,0.000262,0.000004,0.003386,0.052718
158,0.013987,0.000030,0.000004,0.043268,0.000245,0.000004,0.001157,0.058699
107,0.007043,0.000040,0.000003,0.012862,0.000239,0.000004,0.003304,0.023499
118,0.008076,0.000031,0.000004,0.045210,0.000274,0.000005,0.002517,0.056121
110,0.013635,0.000034,0.000003,0.045593,0.000240,0.000004,0.000405,0.059916
132,0.010703,0.000033,0.000003,0.034728,0.000241,0.000003,0.004431,0.050151
108,0.005453,0.000026,0.000003,0.035876,0.000229,0.000004,0.002991,0.044585
159,0.011026,0.000031,0.000004,0.044761,0.000243,0.000004,0.001176,0.057249
111,0.007275,0.000031,0.000003,0.040504,0.000270,0.000004,0.000408,0.048496
119,0.007380,0.000032,0.000004,0.043959,0.000286,0.000004,0.002273,0.053942
133,0.015234,0.000039,0.000003,0.041034,0.000284,0.000004,0.001562,0.058166
109,0.005465,0.000028,0.000003,0.037091,0.000236,0.000004,0.002957,0.045787
120,0.008680,0.000031,0.000003,0.012736,0.000266,0.000004,0.006998,0.028724
112,0.005435,0.000027,0.000002,0.037182,0.000237,0.000004,0.000380,0.043270
160,0.023054,0.000097,0.000009,0.046416,0.000260,0.000004,0.001281,0.071125
113,0.007192,0.000029,0.000003,0.006268,0.000233,0.000004,0.000439,0.014169
134,0.006350,0.000028,0.000003,0.040171,0.000242,0.000004,0.001491,0.048292
110,0.006241,0.000031,0.000003,0.045097,0.000333,0.000004,0.003032,0.054744
121,0.007869,0.000029,0.000003,0.037657,0.000273,0.000004,0.002306,0.048144
135,0.014174,0.000028,0.000003,0.012233,0.000275,0.000004,0.001563,0.028284
114,0.009105,0.000031,0.000003,0.037302,0.000227,0.000004,0.000378,0.047052
161,0.018562,0.000030,0.000004,0.044051,0.000253,0.000004,0.001245,0.064153
111,0.006814,0.000031,0.000003,0.037340,0.000244,0.000004,0.003161,0.047600
122,0.009529,0.000033,0.000003,0.036789,0.000230,0.000005,0.002323,0.048916
115,0.005594,0.000029,0.000002,0.031945,0.000224,0.000004,0.000387,0.038188
136,0.006274,0.000035,0.000003,0.046475,0.000272,0.000004,0.001632,0.054699
162,0.017006,0.000033,0.000004,0.010402,0.000292,0.000004,0.001181,0.028927
112,0.005995,0.000033,0.000002,0.037138,0.000237,0.000004,0.003292,0.046705
123,0.007320,0.000030,0.000003,0.036644,0.000247,0.000004,0.002353,0.046606
163,0.016277,0.000036,0.000003,0.011194,0.000220,0.000004,0.001286,0.029025
116,0.006128,0.000027,0.000002,0.035287,0.000229,0.000004,0.000419,0.042097
137,0.006691,0.000043,0.000003,0.033991,0.000230,0.000004,0.001565,0.042531
113,0.006179,0.000029,0.000003,0.037515,0.000266,0.000004,0.003342,0.047341
124,0.005355,0.000025,0.000003,0.038875,0.000231,0.000004,0.002188,0.046687
164,0.015420,0.000034,0.000004,0.038658,0.000218,0.000004,0.001272,0.055614
117,0.006802,0.000031,0.000003,0.043472,0.000308,0.000004,0.000362,0.050984
138,0.005914,0.000028,0.000002,0.041797,0.000220,0.000004,0.001560,0.049529
125,0.007253,0.000028,0.000003,0.014897,0.000259,0.000004,0.002564,0.025012
165,0.006311,0.000031,0.000004,0.007799,0.000256,0.000004,0.001484,0.015893
139,0.006284,0.000033,0.000003,0.008236,0.000283,0.000003,0.001571,0.016416
126,0.006288,0.000029,0.000003,0.004825,0.000228,0.000004,0.002300,0.013682
114,0.006172,0.000032,0.000003,0.035074,0.000205,0.000004,0.003249,0.044743
118,0.008937,0.000029,0.000003,0.040356,0.000262,0.000004,0.000356,0.049948
166,0.011787,0.000027,0.000004,0.029616,0.000228,0.000004,0.001317,0.042987
119,0.005678,0.000028,0.000003,0.002949,0.000211,0.000004,0.000421,0.009296
140,0.014914,0.000030,0.000003,0.043706,0.000236,0.000004,0.001557,0.060452
115,0.005949,0.000028,0.000003,0.040883,0.000216,0.000004,0.003191,0.050278
127,0.006457,0.000028,0.000003,0.041483,0.000240,0.000004,0.002401,0.050620
120,0.005324,0.000030,0.000002,0.036462,0.000259,0.000004,0.000395,0.042477
167,0.007155,0.000030,0.000004,0.042065,0.000248,0.000004,0.001260,0.050769
141,0.011796,0.000035,0.000004,0.036654,0.000215,0.000004,0.001513,0.050224
116,0.006492,0.000035,0.000003,0.039779,0.000237,0.000004,0.003255,0.049808
121,0.010758,0.000037,0.000003,0.039440,0.000267,0.000004,0.000404,0.050915
168,0.013018,0.000030,0.000004,0.038711,0.000235,0.000004,0.001154,0.053160
117,0.006097,0.000031,0.000003,0.039062,0.000256,0.000004,0.003131,0.048589
142,0.006134,0.000032,0.000003,0.045939,0.000242,0.000004,0.001723,0.054079
122,0.005467,0.000026,0.000002,0.031302,0.000238,0.000003,0.000362,0.037403
169,0.011929,0.000027,0.000004,0.038137,0.000253,0.000004,0.001317,0.051676
143,0.006046,0.000032,0.000003,0.035759,0.000241,0.000005,0.001574,0.043663
118,0.009393,0.000037,0.000003,0.037435,0.000250,0.000004,0.003169,0.050294
123,0.008015,0.000039,0.000003,0.040708,0.000243,0.000004,0.000420,0.049435
170,0.013739,0.000027,0.000003,0.011756,0.000249,0.000004,0.001185,0.026968
124,0.005436,0.000031,0.000002,0.003732,0.000219,0.000004,0.000353,0.009779
171,0.012950,0.000033,0.000004,0.008311,0.000233,0.000004,0.001174,0.022713
144,0.006056,0.000030,0.000003,0.038593,0.000232,0.000004,0.001558,0.046479
119,0.006915,0.000030,0.000004,0.035188,0.000226,0.000004,0.003063,0.045435
120,0.006648,0.000032,0.000004,0.004688,0.000263,0.000004,0.003471,0.015114
125,0.006975,0.000036,0.000003,0.038173,0.000285,0.000005,0.000426,0.045906
172,0.012959,0.000030,0.000004,0.032576,0.000297,0.000004,0.001244,0.047118
145,0.005851,0.000031,0.000002,0.041529,0.000244,0.000004,0.001561,0.049225
121,0.006443,0.000031,0.000003,0.035482,0.000253,0.000004,0.003189,0.045409
126,0.006141,0.000032,0.000003,0.037504,0.000230,0.000004,0.000407,0.044324
122,0.006329,0.000030,0.000003,0.008095,0.000282,0.000004,0.003631,0.018378
146,0.006067,0.000032,0.000002,0.040783,0.000240,0.000003,0.001521,0.048653
173,0.013811,0.000036,0.000004,0.040896,0.000221,0.000004,0.001135,0.056111
127,0.005312,0.000028,0.000003,0.039819,0.000265,0.000004,0.000350,0.045782
147,0.013837,0.000033,0.000003,0.008751,0.000227,0.000004,0.001485,0.024342
123,0.006179,0.000028,0.000003,0.036784,0.000238,0.000004,0.003075,0.046316
174,0.010910,0.000035,0.000004,0.033067,0.000222,0.000004,0.001094,0.045339
148,0.007081,0.000034,0.000003,0.009532,0.000236,0.000004,0.001542,0.018437
149,0.005093,0.000030,0.000003,0.002599,0.000223,0.000004,0.001332,0.009286
124,0.006082,0.000029,0.000002,0.026759,0.000218,0.000004,0.003238,0.036335
150,0.006561,0.000030,0.000003,0.011953,0.000233,0.000004,0.001589,0.020375
175,0.013947,0.000033,0.000004,0.042709,0.000278,0.000004,0.001205,0.058184
125,0.006472,0.000031,0.000003,0.039623,0.000255,0.000004,0.003203,0.049596
151,0.006727,0.000038,0.000003,0.039923,0.000237,0.000004,0.001451,0.048386
176,0.015050,0.000042,0.000005,0.012486,0.000222,0.000030,0.001179,0.029020
177,0.011541,0.000033,0.000004,0.003866,0.000249,0.000004,0.001455,0.017157
126,0.005965,0.000026,0.000003,0.027847,0.000232,0.000004,0.003210,0.037290
152,0.012798,0.000032,0.000002,0.028301,0.000231,0.000004,0.001433,0.042805
178,0.012698,0.000035,0.000004,0.007021,0.000218,0.000004,0.001169,0.021153
127,0.005826,0.000032,0.000002,0.034441,0.000245,0.000004,0.003107,0.043661
153,0.006381,0.000035,0.000003,0.032021,0.000261,0.000004,0.001497,0.040204
179,0.012834,0.000032,0.000004,0.034708,0.000234,0.000004,0.001240,0.049060
154,0.005965,0.000028,0.000002,0.007901,0.000215,0.000003,0.001377,0.015495
180,0.012221,0.000027,0.000004,0.030438,0.000231,0.000004,0.001122,0.044051
155,0.008801,0.000030,0.000003,0.033866,0.000229,0.000004,0.001444,0.044379
181,0.008373,0.000027,0.000004,0.031079,0.000242,0.000004,0.001230,0.040963
156,0.006052,0.000029,0.000003,0.031723,0.000216,0.000004,0.001444,0.039473
182,0.009693,0.000026,0.000004,0.013474,0.000222,0.000004,0.001125,0.024552
157,0.005668,0.000025,0.000003,0.027149,0.000233,0.000004,0.001508,0.034593
183,0.011975,0.000028,0.000003,0.029995,0.000232,0.000004,0.001202,0.043443
158,0.007242,0.000035,0.000003,0.036705,0.000236,0.000004,0.001541,0.045769
159,0.005893,0.000029,0.000002,0.006972,0.000241,0.000003,0.001519,0.014663
184,0.010768,0.000032,0.000003,0.030659,0.000236,0.000004,0.001251,0.042957
160,0.006013,0.000028,0.000002,0.029776,0.000265,0.000005,0.001409,0.037502
185,0.011328,0.000033,0.000004,0.033710,0.000232,0.000004,0.001131,0.046446
161,0.006054,0.000031,0.000003,0.029853,0.000237,0.000004,0.001436,0.037620
186,0.013894,0.000031,0.000004,0.010947,0.000224,0.000004,0.001161,0.026269
162,0.006865,0.000029,0.000003,0.028962,0.000242,0.000004,0.001444,0.037552
187,0.012451,0.000033,0.000004,0.025651,0.000226,0.000004,0.001165,0.039539
163,0.005901,0.000033,0.000002,0.004486,0.000235,0.000005,0.001600,0.012265
164,0.005735,0.000031,0.000003,0.002641,0.000247,0.000005,0.001499,0.010163
188,0.010242,0.000031,0.000004,0.012459,0.000229,0.000004,0.001214,0.024187
165,0.006789,0.000029,0.000003,0.042004,0.000330,0.000004,0.001465,0.050632
189,0.011842,0.000035,0.000003,0.033416,0.000231,0.000004,0.001197,0.046733
166,0.006207,0.000027,0.000003,0.025505,0.000232,0.000004,0.001413,0.033395
190,0.009000,0.000032,0.000003,0.027002,0.000230,0.000004,0.001103,0.037377
167,0.006009,0.000028,0.000002,0.007577,0.000243,0.000005,0.001610,0.015476
191,0.010139,0.000028,0.000003,0.031497,0.000229,0.000004,0.001170,0.043073
168,0.006230,0.000025,0.000002,0.033754,0.000224,0.000004,0.001388,0.041630
169,0.005179,0.000028,0.000002,0.026963,0.000240,0.000003,0.001367,0.033785
170,0.005518,0.000024,0.000003,0.027832,0.000355,0.000004,0.001510,0.035249
171,0.004937,0.000026,0.000003,0.028093,0.000236,0.000004,0.001401,0.034704
172,0.006695,0.000032,0.000003,0.026289,0.000257,0.000004,0.001519,0.034802
173,0.006205,0.000025,0.000002,0.025498,0.000236,0.000004,0.001530,0.033504
174,0.005755,0.000027,0.000002,0.003030,0.000206,0.000004,0.001351,0.010377
175,0.016573,0.000031,0.000002,0.027919,0.000237,0.000004,0.001489,0.046259
176,0.004895,0.000023,0.000002,0.019636,0.000227,0.000004,0.001390,0.026181
177,0.009853,0.000035,0.000003,0.022340,0.000276,0.000003,0.001437,0.033950
178,0.006357,0.000029,0.000002,0.022528,0.000241,0.000004,0.001377,0.030541
179,0.005529,0.000025,0.000002,0.009228,0.000228,0.000003,0.001477,0.016495
180,0.004923,0.000024,0.000002,0.003153,0.000198,0.000004,0.001311,0.009618
181,0.012950,0.000032,0.000002,0.022817,0.000233,0.000004,0.001396,0.037436
182,0.004981,0.000025,0.000003,0.022093,0.000228,0.000004,0.001389,0.028725
183,0.010728,0.000026,0.000002,0.018701,0.000228,0.000004,0.001313,0.031004
184,0.010517,0.000029,0.000003,0.002286,0.004527,0.000005,0.001945,0.019314
185,0.006361,0.000021,0.000002,0.023310,0.000228,0.000003,0.001313,0.031242
186,0.006289,0.000025,0.000003,0.024626,0.000236,0.000004,0.001610,0.032796
187,0.013684,0.000031,0.000002,0.010250,0.000243,0.000003,0.001473,0.025688
188,0.011370,0.000033,0.000003,0.020598,0.000225,0.000003,0.001365,0.033601
189,0.006013,0.000030,0.000003,0.021407,0.000234,0.000003,0.001564,0.029258
190,0.012959,0.000031,0.000003,0.005857,0.000239,0.000004,0.001675,0.020770
191,0.012570,0.000031,0.000003,0.031602,0.000244,0.000004,0.001462,0.045921
128,0.020946,0.000030,0.000003,0.018539,0.000231,0.000004,0.000809,0.040564
129,0.005424,0.000022,0.000002,0.025148,0.000236,0.000004,0.000768,0.031607
130,0.011847,0.000025,0.000002,0.017131,0.000224,0.000004,0.000749,0.029985
131,0.009772,0.000021,0.000002,0.017291,0.000219,0.000005,0.000751,0.028064
132,0.010480,0.000024,0.000003,0.018950,0.000223,0.000004,0.000726,0.030412
133,0.006117,0.000023,0.000003,0.016420,0.000213,0.000003,0.000715,0.023498
134,0.005403,0.000020,0.000002,0.019014,0.000215,0.000004,0.000720,0.025380
135,0.007906,0.000025,0.000003,0.021449,0.000226,0.000004,0.000735,0.030351
136,0.009384,0.000019,0.000002,0.005313,0.000223,0.000004,0.000757,0.015704
137,0.007575,0.000021,0.000002,0.020429,0.000224,0.000003,0.000737,0.028993
138,0.005449,0.000020,0.000002,0.006671,0.000195,0.000003,0.000710,0.013053
139,0.008299,0.000024,0.000003,0.022823,0.000220,0.000004,0.000741,0.032115
140,0.007686,0.000024,0.000003,0.021547,0.000226,0.000003,0.000747,0.030238
141,0.006809,0.000020,0.000003,0.019712,0.000220,0.000004,0.000711,0.027480
142,0.013842,0.000046,0.000003,0.006006,0.000205,0.000004,0.000820,0.020927
143,0.005034,0.000020,0.000002,0.003034,0.000189,0.000003,0.000708,0.008992
144,0.005204,0.000019,0.000002,0.002390,0.000180,0.000003,0.000686,0.008487
145,0.010757,0.000025,0.000003,0.006482,0.000229,0.000004,0.000855,0.018357
146,0.004960,0.000020,0.000002,0.020819,0.000212,0.000004,0.000730,0.026749
147,0.004626,0.000019,0.000002,0.001752,0.000178,0.000003,0.000626,0.007208
148,0.005062,0.000019,0.000002,0.024218,0.000226,0.000005,0.000762,0.030296
149,0.005501,0.000022,0.000002,0.017962,0.000216,0.000004,0.000726,0.024434
150,0.005507,0.000021,0.000002,0.004911,0.000186,0.000003,0.000619,0.011252
151,0.006870,0.000019,0.000002,0.014598,0.000213,0.000004,0.000773,0.022480
152,0.005442,0.000023,0.000003,0.017924,0.000212,0.000003,0.000717,0.024325
153,0.005079,0.000022,0.000002,0.021553,0.000231,0.000003,0.000652,0.027546
154,0.005384,0.000021,0.000003,0.018630,0.000215,0.000004,0.000740,0.024998
155,0.005435,0.000021,0.000002,0.020192,0.000220,0.000003,0.000710,0.026586
156,0.006134,0.000025,0.000003,0.003736,0.000216,0.000004,0.000849,0.010969
157,0.004953,0.000019,0.000002,0.023786,0.000222,0.000004,0.000771,0.029760
158,0.005401,0.000021,0.000002,0.019639,0.000214,0.000004,0.000702,0.025985
159,0.006252,0.000019,0.000002,0.001726,0.000182,0.000003,0.000618,0.008804
160,0.006715,0.000023,0.000003,0.019638,0.000215,0.000004,0.000734,0.027335
161,0.005873,0.000021,0.000002,0.005831,0.000195,0.000003,0.000709,0.012636
162,0.008639,0.000019,0.000002,0.018845,0.000220,0.000003,0.000749,0.028480
163,0.005594,0.000021,0.000002,0.019145,0.000216,0.000004,0.000712,0.025697
164,0.005826,0.000024,0.000003,0.020221,0.000223,0.000004,0.000720,0.027024
165,0.005320,0.000021,0.000002,0.017400,0.000217,0.000003,0.000708,0.023675
166,0.005418,0.000020,0.000002,0.019433,0.000236,0.000004,0.000712,0.025828
167,0.005394,0.000020,0.000002,0.004656,0.000186,0.000003,0.000688,0.010951
168,0.005723,0.000022,0.000002,0.006381,0.000223,0.000004,0.000832,0.013190
169,0.005142,0.000019,0.000002,0.022126,0.000228,0.000004,0.000749,0.028274
170,0.005519,0.000020,0.000002,0.022773,0.000224,0.000004,0.000751,0.029296
171,0.005355,0.000021,0.000002,0.024710,0.000244,0.000004,0.000742,0.031081
172,0.005389,0.000021,0.000002,0.022027,0.000227,0.000004,0.000745,0.028418
173,0.005391,0.000022,0.000002,0.020328,0.000223,0.000004,0.000724,0.026695
174,0.005828,0.000027,0.000002,0.020386,0.000228,0.000004,0.000733,0.027210
175,0.005470,0.000021,0.000003,0.026140,0.000258,0.000004,0.000781,0.032681
176,0.005088,0.000020,0.000002,0.020613,0.000249,0.000004,0.000739,0.026720
177,0.006647,0.000025,0.000002,0.007530,0.000212,0.000004,0.000715,0.015137
178,0.005780,0.000021,0.000002,0.033002,0.000258,0.000004,0.000768,0.039841
179,0.005707,0.000023,0.000002,0.020155,0.000238,0.000004,0.000770,0.026902
180,0.006355,0.000024,0.000003,0.022900,0.000230,0.000004,0.000751,0.030270
181,0.006287,0.000025,0.000003,0.018803,0.000226,0.000004,0.000788,0.026140
182,0.005573,0.000022,0.000002,0.023624,0.000221,0.000004,0.000753,0.030201
183,0.006330,0.000026,0.000002,0.025116,0.000222,0.000004,0.000773,0.032475
184,0.006188,0.000025,0.000002,0.018748,0.000223,0.000004,0.000823,0.026016
185,0.005512,0.000021,0.000002,0.024372,0.000231,0.000004,0.000749,0.030893
186,0.005663,0.000022,0.000002,0.022174,0.000232,0.000004,0.000741,0.028841
187,0.005803,0.000024,0.000003,0.021081,0.000239,0.000004,0.000770,0.027927
188,0.005791,0.000021,0.000002,0.019910,0.000223,0.000004,0.000726,0.026679
189,0.005673,0.000021,0.000002,0.015879,0.000219,0.000004,0.000745,0.022545
190,0.005953,0.000024,0.000003,0.020128,0.000227,0.000004,0.000817,0.027157
191,0.005581,0.000021,0.000002,0.019708,0.000222,0.000003,0.000739,0.026279
128,0.016059,0.000031,0.000004,0.025587,0.001217,0.000017,0.007737,0.050658
129,0.006775,0.000026,0.000003,0.019983,0.000231,0.000004,0.002567,0.029591
130,0.005892,0.000024,0.000002,0.021646,0.000239,0.000004,0.002739,0.030551
131,0.005656,0.000023,0.000003,0.006793,0.000211,0.000004,0.002569,0.015260
132,0.005950,0.000024,0.000003,0.019707,0.000237,0.000004,0.002586,0.028514
133,0.005691,0.000021,0.000002,0.003254,0.000220,0.000004,0.006304,0.015500
134,0.005593,0.000021,0.000002,0.024776,0.000232,0.000004,0.002810,0.033442
135,0.012348,0.000026,0.000003,0.002979,0.000198,0.000004,0.002294,0.017853
136,0.005620,0.000024,0.000003,0.029941,0.000227,0.000004,0.002867,0.038689
137,0.005454,0.000025,0.000003,0.031559,0.000226,0.000004,0.002829,0.040102
138,0.004941,0.000022,0.000003,0.002240,0.000185,0.000004,0.002360,0.009757
139,0.005915,0.000026,0.000003,0.022056,0.000228,0.000004,0.002638,0.030872
140,0.004784,0.000020,0.000003,0.019073,0.000217,0.000004,0.002588,0.026692
141,0.005562,0.000023,0.000003,0.019231,0.000221,0.000004,0.002981,0.028028
142,0.005917,0.000024,0.000003,0.019440,0.000225,0.000004,0.002649,0.028265
143,0.005397,0.000022,0.000002,0.021320,0.000227,0.000004,0.002489,0.029465
144,0.006362,0.000026,0.000003,0.005432,0.000222,0.000004,0.002525,0.014576
145,0.004344,0.000028,0.000002,0.018678,0.000218,0.000004,0.002290,0.025568
146,0.005646,0.000026,0.000002,0.025130,0.000220,0.000004,0.003057,0.034089
147,0.005761,0.000022,0.000003,0.019297,0.000221,0.000004,0.002717,0.028028
148,0.005752,0.000022,0.000002,0.023734,0.000220,0.000004,0.002634,0.032373
149,0.005731,0.000022,0.000003,0.020086,0.000237,0.000004,0.002528,0.028614
150,0.005578,0.000022,0.000002,0.017930,0.000220,0.000004,0.002642,0.026401
151,0.005509,0.000023,0.000003,0.020121,0.000238,0.000004,0.002522,0.028422
152,0.005561,0.000022,0.000002,0.023326,0.000224,0.000004,0.002575,0.031716
153,0.005449,0.000022,0.000003,0.022907,0.000219,0.000004,0.002619,0.031227
154,0.005405,0.000021,0.000002,0.024272,0.000225,0.000003,0.002585,0.032516
155,0.004733,0.000020,0.000003,0.021961,0.000217,0.000004,0.002248,0.029190
156,0.006209,0.000026,0.000003,0.020056,0.000215,0.000004,0.002509,0.029026
157,0.005481,0.000023,0.000003,0.021202,0.000230,0.000004,0.002459,0.029405
158,0.005464,0.000022,0.000002,0.021374,0.000226,0.000004,0.002565,0.029660
159,0.005677,0.000022,0.000002,0.005084,0.000190,0.000004,0.002391,0.013371
160,0.004503,0.000020,0.000002,0.017625,0.000211,0.000004,0.002282,0.024651
161,0.005691,0.000024,0.000003,0.022994,0.000224,0.000004,0.002595,0.031537
162,0.005489,0.000022,0.000002,0.001972,0.000187,0.000004,0.002276,0.009955
163,0.005957,0.000025,0.000003,0.002889,0.000219,0.000005,0.002853,0.011953
164,0.005895,0.000044,0.000003,0.026299,0.000224,0.000004,0.002568,0.035040
165,0.005580,0.000025,0.000003,0.019027,0.000227,0.000004,0.002564,0.027432
166,0.005697,0.000023,0.000003,0.019392,0.000224,0.000004,0.002518,0.027864
167,0.006075,0.000022,0.000003,0.003374,0.000193,0.000004,0.002360,0.012034
168,0.006087,0.000024,0.000003,0.021883,0.000226,0.000004,0.002951,0.031180
169,0.005866,0.000026,0.000003,0.021861,0.000220,0.000004,0.002828,0.030811
170,0.004728,0.000021,0.000002,0.005794,0.000191,0.000004,0.002278,0.013020
171,0.005538,0.000026,0.000003,0.019455,0.000220,0.000004,0.002509,0.027758
172,0.005854,0.000025,0.000003,0.021126,0.000212,0.000004,0.002635,0.029864
173,0.005573,0.000024,0.000002,0.024777,0.000221,0.000004,0.002565,0.033170
174,0.005516,0.000022,0.000002,0.010353,0.000210,0.000004,0.002460,0.018569
175,0.006969,0.000019,0.000002,0.005667,0.000187,0.000004,0.002252,0.015102
176,0.005302,0.000021,0.000002,0.022087,0.000221,0.000004,0.002597,0.030238
177,0.006621,0.000024,0.000003,0.020117,0.000217,0.000004,0.002584,0.029575
178,0.006059,0.000026,0.000003,0.006562,0.000231,0.000005,0.003417,0.016305
179,0.005505,0.000022,0.000003,0.006115,0.000224,0.000004,0.002867,0.014742
180,0.005753,0.000020,0.000002,0.002635,0.000188,0.000003,0.002652,0.011256
181,0.005173,0.000021,0.000003,0.018922,0.000204,0.000004,0.002290,0.026621
182,0.004870,0.000022,0.000003,0.017374,0.000215,0.000004,0.002319,0.024809
183,0.005662,0.000023,0.000002,0.008100,0.000201,0.000004,0.002769,0.016768
184,0.006262,0.000024,0.000002,0.007904,0.000196,0.000003,0.002661,0.017055
185,0.005446,0.000025,0.000003,0.022866,0.000220,0.000004,0.002723,0.031292
186,0.005558,0.000022,0.000003,0.022453,0.000216,0.000004,0.002603,0.030860
187,0.004660,0.000021,0.000002,0.002760,0.000183,0.000004,0.002386,0.010018
188,0.005983,0.000023,0.000003,0.002773,0.000209,0.000004,0.002825,0.011822
189,0.005878,0.000023,0.000003,0.017842,0.000212,0.000004,0.002540,0.026504
190,0.006181,0.000024,0.000003,0.004583,0.000217,0.000004,0.002814,0.013828
191,0.005769,0.000022,0.000002,0.007084,0.000241,0.000004,0.002861,0.015986
128,0.018151,0.000048,0.000004,0.005011,0.000377,0.000007,0.004662,0.028264
129,0.013016,0.000059,0.000003,0.029289,0.000383,0.000006,0.004781,0.047542
130,0.006244,0.000036,0.000003,0.020402,0.000660,0.000014,0.005525,0.032888
131,0.005805,0.000023,0.000003,0.026107,0.000240,0.000004,0.003322,0.035509
132,0.005948,0.000031,0.000003,0.027844,0.000231,0.000004,0.003346,0.037409
133,0.005580,0.000025,0.000002,0.017848,0.000228,0.000003,0.003464,0.027156
134,0.005510,0.000024,0.000003,0.021753,0.000235,0.000004,0.003246,0.030778
135,0.008422,0.000023,0.000002,0.021145,0.000227,0.000003,0.003110,0.032938
136,0.005726,0.000025,0.000003,0.026761,0.000244,0.000004,0.003287,0.036053
137,0.005813,0.000030,0.000004,0.021880,0.000235,0.000003,0.003984,0.031953
138,0.009988,0.000024,0.000002,0.023533,0.000231,0.000004,0.003342,0.037129
139,0.005183,0.000024,0.000003,0.021965,0.000233,0.000004,0.002991,0.030407
140,0.005823,0.000031,0.000003,0.024059,0.000236,0.000004,0.003693,0.033852
141,0.005506,0.000028,0.000003,0.010892,0.000248,0.000004,0.003309,0.019995
142,0.009693,0.000024,0.000003,0.021919,0.000225,0.000004,0.003263,0.035133
143,0.005776,0.000028,0.000002,0.021667,0.000238,0.000004,0.003389,0.031109
144,0.005610,0.000023,0.000003,0.024086,0.000240,0.000004,0.003270,0.033240
145,0.010429,0.000032,0.000003,0.025862,0.000221,0.000004,0.003210,0.039765
146,0.004704,0.000021,0.000003,0.017130,0.000224,0.000004,0.002924,0.025013
147,0.005589,0.000024,0.000002,0.020716,0.000231,0.000004,0.003202,0.029771
148,0.008916,0.000025,0.000002,0.018614,0.000230,0.000004,0.003712,0.031507
149,0.010821,0.000029,0.000003,0.025352,0.000219,0.000004,0.003189,0.039620
150,0.010616,0.000026,0.000002,0.021078,0.000223,0.000004,0.003484,0.035437
151,0.010055,0.000025,0.000002,0.026228,0.000232,0.000004,0.003209,0.039759
152,0.005786,0.000025,0.000002,0.020122,0.000223,0.000003,0.003277,0.029442
153,0.005591,0.000024,0.000002,0.025103,0.000239,0.000004,0.003279,0.034246
154,0.006345,0.000027,0.000003,0.002473,0.000230,0.000004,0.003428,0.012513
155,0.005224,0.000022,0.000002,0.021568,0.000229,0.000004,0.003268,0.030321
156,0.004786,0.000022,0.000003,0.002082,0.000197,0.000004,0.002886,0.009982
157,0.009478,0.000024,0.000004,0.004032,0.000218,0.000004,0.004016,0.017779
158,0.005206,0.000021,0.000002,0.021324,0.000214,0.000004,0.003440,0.030215
159,0.006136,0.000025,0.000002,0.006520,0.000228,0.000004,0.003390,0.016307
160,0.005222,0.000021,0.000002,0.006244,0.000225,0.000004,0.003420,0.015140
161,0.010265,0.000024,0.000002,0.018631,0.000229,0.000004,0.003530,0.032688
162,0.006374,0.000025,0.000002,0.005699,0.000232,0.000004,0.003490,0.015829
163,0.004582,0.000018,0.000003,0.016075,0.000211,0.000004,0.003175,0.024072
164,0.005425,0.000025,0.000003,0.006861,0.000232,0.000005,0.003957,0.016510
165,0.013527,0.000023,0.000002,0.019379,0.000228,0.000004,0.003019,0.036185
166,0.004631,0.000019,0.000003,0.001785,0.000182,0.000004,0.002756,0.009382
167,0.005073,0.000020,0.000002,0.009178,0.000207,0.000004,0.003016,0.017503
168,0.004589,0.000019,0.000002,0.005330,0.000188,0.000003,0.003413,0.013547
169,0.005384,0.000020,0.000002,0.018128,0.000221,0.000004,0.003029,0.026792
170,0.005405,0.000023,0.000002,0.023640,0.000228,0.000005,0.003213,0.032518
171,0.005497,0.000023,0.000002,0.007965,0.000233,0.000005,0.003854,0.017582
172,0.006748,0.000021,0.000002,0.022941,0.000230,0.000004,0.003066,0.033014
173,0.004718,0.000019,0.000002,0.005900,0.000220,0.000004,0.003185,0.014051
174,0.006050,0.000020,0.000002,0.006801,0.000202,0.000004,0.002951,0.016032
175,0.006074,0.000020,0.000002,0.019573,0.000222,0.000004,0.002970,0.028867
176,0.005477,0.000022,0.000003,0.017658,0.000218,0.000004,0.003058,0.026442
177,0.005451,0.000022,0.000003,0.006605,0.000204,0.000004,0.002911,0.015201
178,0.004591,0.000019,0.000002,0.019611,0.000216,0.000004,0.002846,0.027291
179,0.004872,0.000021,0.000003,0.021685,0.000219,0.000004,0.002749,0.029556
180,0.004717,0.000019,0.000003,0.021745,0.000232,0.000004,0.002793,0.029516
181,0.004661,0.000019,0.000003,0.017517,0.000213,0.000004,0.003165,0.025585
182,0.005802,0.000023,0.000002,0.019323,0.000228,0.000003,0.003150,0.028536
183,0.005452,0.000023,0.000002,0.006868,0.000239,0.000004,0.003078,0.015670
184,0.005988,0.000031,0.000003,0.018958,0.000231,0.000004,0.003077,0.028294
185,0.004747,0.000020,0.000002,0.001879,0.000182,0.000004,0.002698,0.009536
186,0.004939,0.000021,0.000002,0.019305,0.000221,0.000004,0.003332,0.027826
187,0.006371,0.000025,0.000003,0.019596,0.000214,0.000004,0.002995,0.029211
188,0.004584,0.000021,0.000002,0.022557,0.000235,0.000004,0.003237,0.030642
189,0.004648,0.000019,0.000002,0.018626,0.000209,0.000004,0.003113,0.026624
190,0.005826,0.000022,0.000003,0.018336,0.000217,0.000004,0.003171,0.027582
191,0.005606,0.000022,0.000002,0.002616,0.000188,0.000003,0.003439,0.011879
128,0.015475,0.000028,0.000003,0.024888,0.000236,0.000005,0.000381,0.041019
129,0.006379,0.000035,0.000003,0.032496,0.000224,0.000004,0.000347,0.039490
130,0.005593,0.000022,0.000002,0.034799,0.000241,0.000004,0.000353,0.041016
131,0.006892,0.000028,0.000003,0.010963,0.000252,0.000004,0.000402,0.018547
132,0.006159,0.000034,0.000003,0.008219,0.000277,0.000005,0.000465,0.015163
133,0.006027,0.000025,0.000002,0.032232,0.000242,0.000004,0.000393,0.038929
134,0.006315,0.000036,0.000003,0.031779,0.000252,0.000004,0.000421,0.038812
135,0.006194,0.000032,0.000002,0.010028,0.000284,0.000005,0.000466,0.017013
136,0.006760,0.000028,0.000003,0.034009,0.000258,0.000003,0.000414,0.041477
137,0.006174,0.000029,0.000003,0.042235,0.000269,0.000004,0.000438,0.049155
138,0.006123,0.000029,0.000003,0.044509,0.000256,0.000004,0.000369,0.051295
139,0.006359,0.000029,0.000003,0.011064,0.000247,0.000004,0.000404,0.018113
140,0.006218,0.000030,0.000003,0.041115,0.000247,0.000004,0.000423,0.048043
141,0.006106,0.000026,0.000003,0.017299,0.000241,0.000004,0.000410,0.024092
142,0.006674,0.000034,0.000003,0.043297,0.000256,0.000004,0.000446,0.050717
143,0.006619,0.000037,0.000003,0.045737,0.000255,0.000004,0.000410,0.053067
144,0.006923,0.000036,0.000003,0.047609,0.000263,0.000004,0.000424,0.055267
145,0.006704,0.000034,0.000004,0.046858,0.000258,0.000005,0.000425,0.054292
146,0.007737,0.000036,0.000003,0.047450,0.000246,0.000004,0.000420,0.055898
147,0.006093,0.000041,0.000004,0.037786,0.000262,0.000004,0.000434,0.044627
148,0.006328,0.000029,0.000003,0.008836,0.000286,0.000005,0.000482,0.015972
149,0.006989,0.000034,0.000003,0.005500,0.000271,0.000005,0.000458,0.013262
150,0.007616,0.000030,0.000003,0.007043,0.000290,0.000004,0.000466,0.015453
151,0.006075,0.000031,0.000003,0.031183,0.000217,0.000004,0.000344,0.037859
152,0.005963,0.000024,0.000002,0.032803,0.000246,0.000004,0.000383,0.039428
153,0.006022,0.000031,0.000003,0.011095,0.000289,0.000005,0.000434,0.017883
154,0.006716,0.000029,0.000003,0.015453,0.000243,0.000004,0.000358,0.022808
155,0.005698,0.000026,0.000002,0.038070,0.000229,0.000004,0.000396,0.044428
156,0.006245,0.000027,0.000003,0.038684,0.000232,0.000004,0.000396,0.045593
157,0.005917,0.000027,0.000003,0.037718,0.000229,0.000004,0.000352,0.044252
158,0.005960,0.000024,0.000002,0.034941,0.000244,0.000004,0.000358,0.041535
159,0.006926,0.000031,0.000003,0.026806,0.000233,0.000004,0.000356,0.034362
160,0.006154,0.000033,0.000003,0.015082,0.000245,0.000004,0.000362,0.021885
161,0.005968,0.000028,0.000003,0.044938,0.000223,0.000004,0.000357,0.051523
162,0.006117,0.000029,0.000003,0.056661,0.000271,0.000006,0.000530,0.063621
163,0.007617,0.000034,0.000004,0.048711,0.000233,0.000004,0.000365,0.056970
164,0.005922,0.000027,0.000003,0.041059,0.000246,0.000004,0.000379,0.047642
165,0.006088,0.000028,0.000003,0.038493,0.000246,0.000004,0.000356,0.045220
166,0.006503,0.000031,0.000003,0.033738,0.000263,0.000004,0.000362,0.040906
167,0.005190,0.000026,0.000003,0.029697,0.000226,0.000004,0.000317,0.035463
168,0.005781,0.000030,0.000003,0.037594,0.000212,0.000004,0.000375,0.044002
169,0.005449,0.000023,0.000003,0.031343,0.000214,0.000004,0.000340,0.037378
170,0.005770,0.000029,0.000002,0.013571,0.000327,0.000007,0.000368,0.020079
171,0.005017,0.000024,0.000003,0.034738,0.000227,0.000004,0.000311,0.040324
172,0.006173,0.000027,0.000003,0.016327,0.000251,0.000004,0.000352,0.023138
173,0.006129,0.000028,0.000003,0.028678,0.000214,0.000004,0.000346,0.035404
174,0.005590,0.000023,0.000002,0.034686,0.000223,0.000004,0.000354,0.040885
175,0.006474,0.000027,0.000003,0.040106,0.000246,0.000004,0.000364,0.047226
176,0.006041,0.000028,0.000003,0.028836,0.000256,0.000004,0.000377,0.035547
177,0.005818,0.000030,0.000002,0.033480,0.000248,0.000006,0.000406,0.039992
178,0.006120,0.000027,0.000003,0.017920,0.000266,0.000004,0.000384,0.024725
179,0.006088,0.000028,0.000003,0.025843,0.000225,0.000004,0.000310,0.032503
180,0.005996,0.000030,0.000002,0.036263,0.000234,0.000004,0.000360,0.042891
181,0.005663,0.000026,0.000002,0.037121,0.000226,0.000004,0.000358,0.043402
182,0.005699,0.000023,0.000002,0.036154,0.000204,0.000004,0.000338,0.042425
183,0.006188,0.000025,0.000003,0.011332,0.000249,0.000004,0.000368,0.018171
184,0.005904,0.000030,0.000002,0.005881,0.000223,0.000004,0.000337,0.012383
185,0.006234,0.000028,0.000003,0.033890,0.000240,0.000004,0.000381,0.040782
186,0.005985,0.000026,0.000003,0.030183,0.000244,0.000004,0.000393,0.036839
187,0.005317,0.000029,0.000002,0.028157,0.000231,0.000004,0.000360,0.034103
188,0.005636,0.000033,0.000002,0.030601,0.000214,0.000004,0.000324,0.036816
189,0.006847,0.000027,0.000003,0.013260,0.000246,0.000004,0.000343,0.020732
190,0.006066,0.000029,0.000002,0.011927,0.000210,0.000004,0.000330,0.018569
191,0.005955,0.000028,0.000003,0.029822,0.000236,0.000004,0.000347,0.036396
128,0.011828,0.000034,0.000004,0.019873,0.000236,0.000004,0.002931,0.034913
129,0.005617,0.000024,0.000002,0.007162,0.000252,0.000004,0.003478,0.016542
130,0.005337,0.000022,0.000002,0.036233,0.000246,0.000004,0.003943,0.045791
131,0.005502,0.000023,0.000003,0.006021,0.000240,0.000004,0.003718,0.015516
132,0.006148,0.000021,0.000002,0.005295,0.000217,0.000004,0.003479,0.015168
133,0.005845,0.000024,0.000002,0.008032,0.000250,0.000004,0.003717,0.017878
134,0.006677,0.000027,0.000003,0.026936,0.000231,0.000004,0.003288,0.037169
135,0.005092,0.000023,0.000002,0.026204,0.000230,0.000004,0.002804,0.034361
136,0.005796,0.000024,0.000002,0.007017,0.000240,0.000004,0.003805,0.016891
137,0.007150,0.000023,0.000003,0.006927,0.000219,0.000004,0.003057,0.017385
138,0.005566,0.000024,0.000002,0.026998,0.000231,0.000004,0.003716,0.036543
139,0.007817,0.000028,0.000003,0.023013,0.000223,0.000004,0.003107,0.034197
140,0.006696,0.000028,0.000003,0.020519,0.000220,0.000004,0.003105,0.030579
141,0.005775,0.000027,0.000002,0.007082,0.000218,0.000003,0.003114,0.016225
142,0.005488,0.000023,0.000002,0.002851,0.000194,0.000004,0.003039,0.011603
143,0.005196,0.000023,0.000002,0.024646,0.000228,0.000004,0.003601,0.033704
144,0.005556,0.000025,0.000002,0.021177,0.000220,0.000004,0.003204,0.030191
145,0.005641,0.000024,0.000003,0.021920,0.000222,0.000004,0.003088,0.030905
146,0.009601,0.000026,0.000003,0.026601,0.000226,0.000004,0.003326,0.039789
147,0.005710,0.000022,0.000002,0.023014,0.000223,0.000004,0.003046,0.032024
148,0.008925,0.000024,0.000003,0.002175,0.000233,0.000005,0.003246,0.014614
149,0.006061,0.000023,0.000003,0.011354,0.000217,0.000003,0.003277,0.020941
150,0.006156,0.000024,0.000003,0.024361,0.000228,0.000004,0.003054,0.033831
151,0.005410,0.000023,0.000002,0.020228,0.000220,0.000004,0.003067,0.028957
152,0.011467,0.000029,0.000003,0.007643,0.000213,0.000004,0.003028,0.022389
153,0.006342,0.000027,0.000003,0.022521,0.000223,0.000003,0.003122,0.032244
154,0.006305,0.000024,0.000002,0.027219,0.000238,0.000005,0.003127,0.036926
155,0.006441,0.000026,0.000003,0.003712,0.000226,0.000005,0.003227,0.013643
156,0.007635,0.000025,0.000003,0.025884,0.000220,0.000004,0.002969,0.036743
157,0.006119,0.000025,0.000003,0.021052,0.000226,0.000004,0.003024,0.030457
158,0.007119,0.000024,0.000002,0.005141,0.000233,0.000005,0.003461,0.015989
159,0.006284,0.000028,0.000003,0.024194,0.000226,0.000005,0.003111,0.033854
160,0.006352,0.000027,0.000003,0.026396,0.000274,0.000004,0.003058,0.036116
161,0.005525,0.000025,0.000002,0.023319,0.000214,0.000004,0.003114,0.032207
162,0.009157,0.000028,0.000003,0.021818,0.000240,0.000004,0.003040,0.034292
163,0.006597,0.000024,0.000002,0.026760,0.000227,0.000004,0.003155,0.036772
164,0.005568,0.000025,0.000003,0.002236,0.000239,0.000005,0.002818,0.010895
165,0.005480,0.000022,0.000002,0.023048,0.000229,0.000004,0.003031,0.031820
166,0.004776,0.000024,0.000002,0.002837,0.004286,0.000008,0.002755,0.014697
167,0.008904,0.000025,0.000002,0.019186,0.000255,0.000004,0.002794,0.031173
168,0.010603,0.000029,0.000003,0.020023,0.000225,0.000004,0.003005,0.033896
169,0.005672,0.000024,0.000003,0.024149,0.000221,0.000004,0.003044,0.033120
170,0.005481,0.000026,0.000002,0.024470,0.000217,0.000004,0.003045,0.033249
171,0.005607,0.000024,0.000002,0.006887,0.000207,0.000003,0.002961,0.015695
172,0.009965,0.000027,0.000002,0.027150,0.000233,0.000004,0.003201,0.040585
173,0.005823,0.000027,0.000003,0.032089,0.000232,0.000004,0.003175,0.041355
174,0.010073,0.000025,0.000002,0.030829,0.000291,0.000004,0.003042,0.044269
175,0.006109,0.000024,0.000003,0.024574,0.000220,0.000004,0.003010,0.033946
176,0.005541,0.000024,0.000002,0.005564,0.000212,0.000004,0.004304,0.015657
177,0.007009,0.000023,0.000002,0.004421,0.000198,0.000003,0.002741,0.014400
178,0.008529,0.000020,0.000002,0.003612,0.000227,0.000005,0.003200,0.015597
179,0.006166,0.000025,0.000002,0.005600,0.000228,0.000004,0.003346,0.015374
180,0.007012,0.000021,0.000002,0.008607,0.000229,0.000004,0.003350,0.019228
181,0.005428,0.000020,0.000002,0.020195,0.000225,0.000004,0.003026,0.028903
182,0.005637,0.000027,0.000002,0.033284,0.000253,0.000004,0.003357,0.042569
128,0.010636,0.000037,0.000005,0.039105,0.000293,0.000004,0.000372,0.050456
183,0.006295,0.000028,0.000003,0.013631,0.000250,0.000004,0.003528,0.023744
129,0.006567,0.000035,0.000003,0.008490,0.000233,0.000005,0.000341,0.015677
130,0.006017,0.000029,0.000003,0.037968,0.000251,0.000004,0.000362,0.044637
184,0.006454,0.000031,0.000003,0.051113,0.000273,0.000005,0.003675,0.061558
185,0.010180,0.000037,0.000004,0.021366,0.000261,0.000005,0.003531,0.035389
131,0.006364,0.000033,0.000003,0.051287,0.000257,0.000004,0.000419,0.058371
186,0.005360,0.000026,0.000003,0.046625,0.000254,0.000004,0.003028,0.055303
132,0.006470,0.000035,0.000004,0.040316,0.000217,0.000004,0.000322,0.047370
133,0.006622,0.000035,0.000004,0.008496,0.000269,0.000004,0.000348,0.015781
187,0.011326,0.000031,0.000003,0.045737,0.000290,0.000005,0.004041,0.061438
134,0.008353,0.000035,0.000004,0.038229,0.000230,0.000004,0.000311,0.047167
188,0.012003,0.000035,0.000003,0.039876,0.000235,0.000004,0.003237,0.055396
135,0.007489,0.000030,0.000004,0.039945,0.000213,0.000004,0.000308,0.047994
136,0.005819,0.000028,0.000004,0.040195,0.000226,0.000004,0.000357,0.046634
189,0.010652,0.000028,0.000003,0.039257,0.000222,0.000004,0.003228,0.053397
137,0.005358,0.000028,0.000004,0.004676,0.000259,0.000005,0.000406,0.010738
190,0.007034,0.000031,0.000004,0.047626,0.000261,0.000004,0.003294,0.058258
138,0.009281,0.000040,0.000004,0.037937,0.000224,0.000004,0.000335,0.047827
139,0.009691,0.000039,0.000004,0.042210,0.000241,0.000004,0.000348,0.052540
191,0.007462,0.000033,0.000003,0.049591,0.000216,0.000004,0.003647,0.060961
140,0.008192,0.000033,0.000004,0.038391,0.000239,0.000004,0.000326,0.047190
141,0.008350,0.000027,0.000004,0.037734,0.000222,0.000004,0.000327,0.046669
142,0.007736,0.000031,0.000003,0.037194,0.000235,0.000004,0.000319,0.045526
143,0.009782,0.000035,0.000004,0.011292,0.000225,0.000004,0.000319,0.021664
144,0.006015,0.000029,0.000004,0.041575,0.000228,0.000004,0.000325,0.048181
145,0.006905,0.000023,0.000003,0.040289,0.000223,0.000004,0.000295,0.047746
146,0.005823,0.000034,0.000003,0.040378,0.000234,0.000004,0.000332,0.046811
147,0.006638,0.000031,0.000004,0.034295,0.000233,0.000004,0.000334,0.041539
148,0.006219,0.000028,0.000004,0.040015,0.000228,0.000004,0.000361,0.046862
149,0.006016,0.000029,0.000004,0.003749,0.000250,0.000004,0.000395,0.010451
150,0.009854,0.000028,0.000003,0.031363,0.000232,0.000004,0.000324,0.041811
151,0.007679,0.000031,0.000003,0.035192,0.000250,0.000004,0.000356,0.043518
152,0.005656,0.000028,0.000003,0.028897,0.000225,0.000004,0.000327,0.035143
153,0.009543,0.000039,0.000004,0.037960,0.000234,0.000004,0.000332,0.048117
154,0.012811,0.000054,0.000004,0.034404,0.000313,0.000004,0.000317,0.047911
155,0.005603,0.000030,0.000003,0.034769,0.000214,0.000004,0.000295,0.040919
156,0.008477,0.000030,0.000005,0.043783,0.000253,0.000004,0.000372,0.052927
157,0.005944,0.000027,0.000004,0.005925,0.000215,0.000004,0.000331,0.012451
158,0.005714,0.000029,0.000003,0.036232,0.000221,0.000004,0.000335,0.042539
128,0.013171,0.000045,0.000004,0.005491,0.000271,0.000004,0.001729,0.020717
159,0.011141,0.000040,0.000005,0.038593,0.000253,0.000004,0.000355,0.050393
129,0.006736,0.000038,0.000003,0.039261,0.000267,0.000004,0.001796,0.048108
160,0.006461,0.000032,0.000004,0.008267,0.000286,0.000005,0.000348,0.015406
161,0.008559,0.000029,0.000004,0.007900,0.000225,0.000004,0.000329,0.017053
162,0.005706,0.000029,0.000003,0.004121,0.000228,0.000004,0.000319,0.010413
130,0.006367,0.000030,0.000003,0.035118,0.000260,0.000004,0.001737,0.043523
163,0.006203,0.000027,0.000004,0.007307,0.000258,0.000005,0.000379,0.014187
164,0.006339,0.000027,0.000003,0.005945,0.000223,0.000004,0.000314,0.012857
165,0.006317,0.000030,0.000004,0.008770,0.000243,0.000004,0.000325,0.015696
131,0.006426,0.000029,0.000003,0.040335,0.000258,0.000004,0.001626,0.048686
166,0.007631,0.000033,0.000004,0.008007,0.000284,0.000004,0.000444,0.016411
132,0.006189,0.000030,0.000003,0.037178,0.000233,0.000004,0.001477,0.045118
167,0.006303,0.000029,0.000003,0.036087,0.000231,0.000004,0.000341,0.043001
133,0.006794,0.000032,0.000003,0.008661,0.000237,0.000004,0.001634,0.017369
168,0.005009,0.000027,0.000003,0.032212,0.000237,0.000004,0.000334,0.037828
134,0.005355,0.000024,0.000003,0.034517,0.000236,0.000004,0.001547,0.041689
169,0.006352,0.000035,0.000003,0.033543,0.000245,0.000004,0.000362,0.040547
135,0.005638,0.000032,0.000003,0.042771,0.000233,0.000004,0.001538,0.050223
170,0.006154,0.000031,0.000004,0.035062,0.000231,0.000004,0.000353,0.041842
171,0.006526,0.000039,0.000004,0.005832,0.000271,0.000004,0.000410,0.013091
136,0.006481,0.000034,0.000003,0.041384,0.000244,0.000004,0.001960,0.050114
137,0.006298,0.000032,0.000002,0.007771,0.000270,0.000004,0.001648,0.016028
172,0.006203,0.000032,0.000004,0.040003,0.000224,0.000004,0.000340,0.046813
138,0.006585,0.000028,0.000003,0.040714,0.000242,0.000004,0.001672,0.049251
173,0.006057,0.000031,0.000003,0.039349,0.000208,0.000004,0.000356,0.046009
174,0.006124,0.000034,0.000004,0.009218,0.000266,0.000004,0.000398,0.016051
139,0.006953,0.000031,0.000003,0.040198,0.000244,0.000004,0.001721,0.049158
175,0.006578,0.000036,0.000003,0.035847,0.000235,0.000004,0.000343,0.043048
140,0.008555,0.000035,0.000003,0.038578,0.000276,0.000005,0.001419,0.048873
176,0.005785,0.000030,0.000003,0.035074,0.000224,0.000004,0.000330,0.041452
141,0.006650,0.000036,0.000004,0.038924,0.000250,0.000004,0.001636,0.047508
177,0.005519,0.000027,0.000003,0.033422,0.000220,0.000004,0.000326,0.039523
178,0.005278,0.000027,0.000003,0.003734,0.000249,0.000005,0.000339,0.009636
142,0.005966,0.000030,0.000004,0.040117,0.000228,0.000005,0.001405,0.047759
179,0.006296,0.000033,0.000004,0.033710,0.000235,0.000004,0.000390,0.040674
143,0.006184,0.000028,0.000003,0.004414,0.000235,0.000004,0.001551,0.012422
180,0.006129,0.000030,0.000004,0.039589,0.000247,0.000004,0.000329,0.046335
144,0.009492,0.000032,0.000003,0.042297,0.000236,0.000004,0.001630,0.053697
181,0.006295,0.000032,0.000004,0.008962,0.000268,0.000004,0.000415,0.015983
145,0.006828,0.000031,0.000004,0.007220,0.000238,0.000004,0.001657,0.015986
146,0.011311,0.000030,0.000004,0.008128,0.000261,0.000004,0.001592,0.021333
182,0.006893,0.000031,0.000004,0.037871,0.000268,0.000005,0.000369,0.045443
147,0.005483,0.000029,0.000002,0.037353,0.000221,0.000004,0.001379,0.044476
183,0.006319,0.000035,0.000004,0.036553,0.000236,0.000004,0.000354,0.043506
148,0.007677,0.000027,0.000003,0.007844,0.000249,0.000004,0.001512,0.017320
184,0.006085,0.000030,0.000004,0.007879,0.000255,0.000004,0.000354,0.014614
149,0.006183,0.000028,0.000003,0.006570,0.000272,0.000005,0.001769,0.014834
150,0.005803,0.000025,0.000003,0.002428,0.000215,0.000003,0.001296,0.009776
185,0.006034,0.000027,0.000004,0.034824,0.000236,0.000004,0.000331,0.041463
151,0.006290,0.000032,0.000003,0.039763,0.000251,0.000004,0.001588,0.047934
186,0.006694,0.000036,0.000004,0.034187,0.000215,0.000003,0.000338,0.041480
152,0.006139,0.000028,0.000003,0.007142,0.000223,0.000004,0.001482,0.015023
187,0.005622,0.000026,0.000003,0.031094,0.000229,0.000004,0.000365,0.037346
188,0.006551,0.000035,0.000004,0.003873,0.000247,0.000005,0.000374,0.011091
153,0.011652,0.000034,0.000003,0.041226,0.000227,0.000003,0.001446,0.054594
189,0.005915,0.000025,0.000003,0.035688,0.000225,0.000004,0.000340,0.042202
154,0.010971,0.000030,0.000003,0.041929,0.000243,0.000004,0.001555,0.054739
190,0.006414,0.000043,0.000004,0.034187,0.000229,0.000004,0.000325,0.041209
155,0.006063,0.000032,0.000003,0.039177,0.000247,0.000004,0.001573,0.047103
191,0.006935,0.000031,0.000004,0.047645,0.000302,0.000004,0.000375,0.055298
156,0.007089,0.000035,0.000003,0.038764,0.000234,0.000003,0.001486,0.047618
157,0.005896,0.000033,0.000003,0.034799,0.000252,0.000004,0.001506,0.042496
158,0.006055,0.000029,0.000003,0.003569,0.000255,0.000004,0.001654,0.011572
159,0.006891,0.000031,0.000004,0.008945,0.000231,0.000004,0.001520,0.017630
160,0.005821,0.000026,0.000003,0.038460,0.000249,0.000004,0.001346,0.045912
161,0.006222,0.000032,0.000003,0.040231,0.000244,0.000005,0.001578,0.048319
162,0.009263,0.000033,0.000004,0.035420,0.000225,0.000003,0.001298,0.046250
163,0.010446,0.000032,0.000003,0.031123,0.000259,0.000004,0.001535,0.043407
164,0.009809,0.000030,0.000003,0.026432,0.000249,0.000004,0.001522,0.038052
165,0.006232,0.000034,0.000003,0.032428,0.000240,0.000005,0.001459,0.040404
166,0.005203,0.000025,0.000003,0.036073,0.000238,0.000004,0.001354,0.042903
167,0.010566,0.000029,0.000002,0.027434,0.000261,0.000006,0.001621,0.039922
168,0.005793,0.000028,0.000003,0.028649,0.000220,0.000004,0.001276,0.035976
169,0.010277,0.000033,0.000003,0.028541,0.000231,0.000004,0.001592,0.040685
170,0.005877,0.000029,0.000003,0.008798,0.000253,0.000005,0.001651,0.016619
171,0.010893,0.000030,0.000003,0.017278,0.000232,0.000004,0.001517,0.029959
172,0.006312,0.000027,0.000003,0.024731,0.000240,0.000004,0.001420,0.032739
173,0.010431,0.000032,0.000003,0.003328,0.000233,0.000004,0.001663,0.015697
174,0.009715,0.000029,0.000003,0.004044,0.000236,0.000004,0.001472,0.015506
128,0.016107,0.000024,0.000003,0.035097,0.000264,0.000004,0.001053,0.052555
175,0.005799,0.000030,0.000003,0.029845,0.000261,0.000004,0.001575,0.037520
129,0.007784,0.000030,0.000003,0.028754,0.000238,0.000004,0.001127,0.037943
176,0.007863,0.000035,0.000004,0.030515,0.000238,0.000004,0.001479,0.040141
130,0.009029,0.000034,0.000003,0.037352,0.000265,0.000004,0.001183,0.047873
177,0.006772,0.000033,0.000003,0.028299,0.000253,0.000004,0.001487,0.036853
131,0.006579,0.000031,0.000003,0.030031,0.000257,0.000004,0.001137,0.038044
178,0.006238,0.000032,0.000003,0.027629,0.000247,0.000004,0.001569,0.035725
132,0.008352,0.000032,0.000003,0.026836,0.000248,0.000003,0.001267,0.036744
179,0.010404,0.000036,0.000003,0.012319,0.000352,0.000004,0.001565,0.024690
180,0.010470,0.000030,0.000003,0.034023,0.000233,0.000004,0.001434,0.046200
133,0.007658,0.000027,0.000003,0.046005,0.000266,0.000005,0.001220,0.055188
134,0.007316,0.000027,0.000003,0.007777,0.000268,0.000004,0.001303,0.016702
181,0.005897,0.000026,0.000002,0.036470,0.000261,0.000004,0.001823,0.044487
135,0.008370,0.000032,0.000003,0.034529,0.000258,0.000004,0.001201,0.044399
182,0.009743,0.000030,0.000003,0.034134,0.000235,0.000003,0.001287,0.045438
136,0.008490,0.000031,0.000003,0.012391,0.000232,0.000004,0.001246,0.022398
183,0.005841,0.000025,0.000002,0.033702,0.000240,0.000004,0.001503,0.041321
137,0.007666,0.000027,0.000002,0.035776,0.000230,0.000004,0.001292,0.045000
184,0.005204,0.000023,0.000003,0.033312,0.000259,0.000004,0.001385,0.040192
138,0.009377,0.000032,0.000003,0.035483,0.000240,0.000003,0.001169,0.046311
185,0.011156,0.000028,0.000003,0.008063,0.000227,0.000004,0.001503,0.020988
139,0.008927,0.000024,0.000003,0.029070,0.000238,0.000004,0.001258,0.039528
140,0.007156,0.000028,0.000003,0.002775,0.000230,0.000004,0.001042,0.011242
186,0.011772,0.000039,0.000003,0.031425,0.000221,0.000004,0.001438,0.044904
141,0.015129,0.000052,0.000004,0.037808,0.000347,0.000004,0.001266,0.054617
187,0.012196,0.000031,0.000004,0.039791,0.000234,0.000004,0.001451,0.053715
188,0.005514,0.000023,0.000002,0.029183,0.000245,0.000005,0.001512,0.036488
142,0.009993,0.000027,0.000003,0.033873,0.000230,0.000003,0.001232,0.045366
143,0.009347,0.000027,0.000003,0.011617,0.000358,0.000006,0.001881,0.023244
189,0.010910,0.000027,0.000002,0.036025,0.000228,0.000004,0.001555,0.048754
144,0.013154,0.000029,0.000003,0.002715,0.000193,0.000004,0.001060,0.017161
190,0.008502,0.000028,0.000002,0.038405,0.000284,0.000004,0.001495,0.048725
145,0.006073,0.000025,0.000002,0.043633,0.000296,0.000004,0.001330,0.051366
146,0.009097,0.000026,0.000003,0.002613,0.000208,0.000004,0.001128,0.013082
191,0.011351,0.000033,0.000003,0.033592,0.000278,0.000004,0.001502,0.046766
147,0.011298,0.000035,0.000002,0.031358,0.000246,0.000004,0.001108,0.044054
148,0.008638,0.000029,0.000002,0.003374,0.000211,0.000004,0.001156,0.013418
149,0.007856,0.000022,0.000002,0.006851,0.000221,0.000004,0.000966,0.015925
150,0.007507,0.000035,0.000003,0.030935,0.000243,0.000004,0.001215,0.039944
151,0.006954,0.000030,0.000002,0.030908,0.000233,0.000004,0.001386,0.039520
152,0.005862,0.000029,0.000002,0.027647,0.000240,0.000004,0.001201,0.034988
153,0.008982,0.000030,0.000002,0.029714,0.000240,0.000003,0.001104,0.040079
154,0.008286,0.000024,0.000002,0.043080,0.000262,0.000004,0.001328,0.052990
155,0.010738,0.000035,0.000003,0.034918,0.000260,0.000004,0.001111,0.047073
156,0.011003,0.000047,0.000004,0.030430,0.000248,0.000004,0.001171,0.042909
157,0.006475,0.000026,0.000003,0.028060,0.000240,0.000004,0.001135,0.035948
158,0.010508,0.000036,0.000004,0.006653,0.000241,0.000004,0.001097,0.018545
159,0.007105,0.000027,0.000003,0.007234,0.000233,0.000004,0.001112,0.015721
160,0.010791,0.000032,0.000002,0.008751,0.000226,0.000004,0.001128,0.020937
161,0.007343,0.000029,0.000003,0.033585,0.000245,0.000004,0.001152,0.042362
162,0.006802,0.000029,0.000003,0.023165,0.000264,0.000004,0.001100,0.031370
163,0.009720,0.000037,0.000003,0.035855,0.000262,0.000005,0.001190,0.047075
164,0.010255,0.000024,0.000003,0.020628,0.000241,0.000004,0.001097,0.032254
165,0.006629,0.000026,0.000003,0.021868,0.000359,0.000006,0.001146,0.030039
166,0.005836,0.000022,0.000003,0.020883,0.000236,0.000004,0.001213,0.028199
167,0.007413,0.000024,0.000003,0.020861,0.000234,0.000004,0.001188,0.029730
168,0.005814,0.000022,0.000003,0.023901,0.000240,0.000004,0.001194,0.031181
169,0.006187,0.000023,0.000002,0.025870,0.000247,0.000003,0.001151,0.033487
170,0.005604,0.000021,0.000002,0.019066,0.000229,0.000004,0.001065,0.025994
171,0.010807,0.000027,0.000002,0.031766,0.000282,0.000004,0.001128,0.044019
172,0.006375,0.000026,0.000003,0.025134,0.000232,0.000004,0.001128,0.032905
173,0.011220,0.000031,0.000003,0.004461,0.000274,0.000005,0.001491,0.017488
174,0.006361,0.000031,0.000003,0.013907,0.000319,0.000004,0.001183,0.021813
128,0.014120,0.000042,0.000009,0.037851,0.000310,0.000005,0.000922,0.053268
175,0.007319,0.000029,0.000003,0.037031,0.000249,0.000004,0.001232,0.045871
129,0.012027,0.000037,0.000003,0.038944,0.000248,0.000004,0.000989,0.052256
176,0.018344,0.000029,0.000003,0.036986,0.000241,0.000004,0.001182,0.056793
130,0.008224,0.000041,0.000004,0.035941,0.000245,0.000005,0.000858,0.045322
131,0.005229,0.000025,0.000003,0.002992,0.000216,0.000004,0.000767,0.009241
