sample_idx,h5_read,crop_timestamps,pad_timestamps,fill_missing,subset_sample,ndvi,normalize,total,cache_hit
0,0.021910,0.000038,0.000006,0.020785,0.000370,0.000005,0.000718,0.043844,0
0,0.021365,0.000053,0.000007,0.046188,0.000543,0.000006,0.003983,0.072164,0
0,0.023302,0.000047,0.000007,0.054714,0.000416,0.000005,0.000352,0.078849,0
0,0.024398,0.000052,0.000008,0.053333,0.000406,0.000005,0.000419,0.078627,0
0,0.028628,0.000069,0.000008,0.041699,0.000493,0.000009,0.011599,0.082517,0
0,0.028641,0.000081,0.000012,0.045708,0.000531,0.000009,0.021139,0.096136,0
1,0.011788,0.000049,0.000005,0.062737,0.000358,0.000004,0.000768,0.075713,0
1,0.011252,0.000039,0.000004,0.062462,0.000348,0.000005,0.000602,0.074717,0
0,0.017115,0.000043,0.000007,0.127646,0.000754,0.000012,0.000921,0.146545,0
1,0.010723,0.000036,0.000004,0.056153,0.000323,0.000004,0.000323,0.067571,0
1,0.011224,0.000039,0.000004,0.065615,0.000407,0.000005,0.000189,0.077486,0
0,0.022356,0.000047,0.000008,0.140494,0.000736,0.000013,0.006979,0.170662,0
2,0.012712,0.000033,0.000003,0.023391,0.000325,0.000004,0.000665,0.037137,0
0,0.022930,0.000051,0.000007,0.147019,0.000625,0.000014,0.003417,0.174076,0
0,0.024788,0.000041,0.000007,0.152815,0.000863,0.000017,0.000847,0.179390,0
2,0.010524,0.000032,0.000003,0.009364,0.000289,0.000004,0.000166,0.020383,0
0,0.030156,0.000060,0.000009,0.145618,0.001385,0.000029,0.004737,0.182027,0
0,0.026534,0.000060,0.000009,0.163913,0.000698,0.000011,0.000693,0.191930,0
0,0.025571,0.000085,0.000013,0.161546,0.001379,0.000034,0.003041,0.191689,0
2,0.012223,0.000031,0.000003,0.050484,0.000267,0.000004,0.000570,0.063585,0
0,0.026512,0.000069,0.000012,0.181197,0.000892,0.000019,0.001731,0.210454,0
0,0.031281,0.000078,0.000012,0.179971,0.000701,0.000010,0.003547,0.215619,0
2,0.010907,0.000030,0.000004,0.060920,0.000360,0.000004,0.000310,0.072536,0
3,0.011794,0.000035,0.000003,0.058044,0.000333,0.000005,0.000651,0.070867,0
3,0.009206,0.000036,0.000003,0.066218,0.000318,0.000004,0.000191,0.075979,0
3,0.010962,0.000036,0.000004,0.060965,0.000285,0.000004,0.000604,0.072863,0
1,0.016375,0.000062,0.000005,0.184670,0.000569,0.000010,0.005749,0.207454,0
4,0.013409,0.000034,0.000003,0.015308,0.000338,0.000004,0.000174,0.029273,0
1,0.016205,0.000066,0.000006,0.150743,0.000526,0.000010,0.023162,0.190732,0
3,0.012747,0.000035,0.000002,0.052177,0.000303,0.000004,0.000293,0.065565,0
1,0.022011,0.000063,0.000009,0.054214,0.000494,0.000008,0.002712,0.079521,0
1,0.016415,0.000055,0.000007,0.186280,0.000591,0.000012,0.030032,0.233404,0
4,0.016352,0.000033,0.000004,0.054209,0.000302,0.000004,0.000579,0.071489,0
1,0.015358,0.000056,0.000006,0.174843,0.000415,0.000006,0.000568,0.191256,0
4,0.010275,0.000037,0.000004,0.057174,0.000300,0.000004,0.000589,0.068387,0
1,0.013208,0.000054,0.000007,0.142131,0.000482,0.000024,0.000388,0.156300,0
5,0.013059,0.000035,0.000003,0.011879,0.000285,0.000004,0.000556,0.025835,0
1,0.018187,0.000073,0.000008,0.156375,0.000471,0.000007,0.000375,0.175503,0
5,0.007819,0.000029,0.000002,0.060936,0.000270,0.000004,0.000160,0.069222,0
4,0.012238,0.000038,0.000003,0.062780,0.000352,0.000004,0.000287,0.075705,0
1,0.021575,0.000075,0.000009,0.148354,0.000578,0.000014,0.001529,0.172150,0
1,0.023357,0.000108,0.000012,0.185490,0.000475,0.000009,0.004515,0.213977,0
1,0.016701,0.000066,0.000008,0.184264,0.000521,0.000010,0.000869,0.202447,0
1,0.014823,0.000048,0.000007,0.192512,0.000563,0.000010,0.003510,0.211484,0
1,0.014692,0.000050,0.000006,0.197354,0.000650,0.000018,0.002776,0.215559,0
5,0.009230,0.000033,0.000004,0.058990,0.000297,0.000004,0.000540,0.069100,0
2,0.022898,0.000048,0.000006,0.057924,0.000355,0.000007,0.000448,0.081691,0
6,0.008427,0.000033,0.000003,0.061773,0.000304,0.000004,0.000616,0.071163,0
6,0.013839,0.000034,0.000003,0.061628,0.000338,0.000006,0.000204,0.076055,0
5,0.014206,0.000037,0.000003,0.066489,0.000327,0.000004,0.000285,0.081356,0
6,0.018303,0.000031,0.000003,0.016515,0.000329,0.000006,0.000567,0.035757,0
2,0.023667,0.000057,0.000007,0.040343,0.000469,0.000010,0.001651,0.066213,0
6,0.011363,0.000031,0.000003,0.009153,0.000292,0.000004,0.000267,0.021117,0
2,0.014382,0.000050,0.000008,0.167369,0.000490,0.000008,0.005638,0.187958,0
2,0.022472,0.000048,0.000005,0.137548,0.000622,0.000011,0.010741,0.171457,0
2,0.019211,0.000060,0.000008,0.194698,0.000455,0.000009,0.004815,0.219267,0
7,0.011570,0.000046,0.000003,0.056129,0.000336,0.000005,0.000654,0.068745,0
2,0.013516,0.000048,0.000007,0.180813,0.000470,0.000007,0.023129,0.218000,0
7,0.011100,0.000028,0.000002,0.059980,0.000247,0.000004,0.000175,0.071539,0
7,0.007846,0.000032,0.000003,0.073009,0.000314,0.000005,0.000592,0.081809,0
3,0.014755,0.000059,0.000006,0.052783,0.000484,0.000009,0.001454,0.069558,0
7,0.007797,0.000032,0.000003,0.063491,0.000309,0.000004,0.000271,0.071909,0
2,0.019818,0.000053,0.000005,0.182246,0.000568,0.000014,0.000555,0.203268,0
2,0.029899,0.000050,0.000006,0.187106,0.000938,0.000027,0.000625,0.218664,0
8,0.010841,0.000025,0.000002,0.062259,0.000366,0.000006,0.000665,0.074170,0
8,0.013989,0.000038,0.000004,0.059853,0.000280,0.000004,0.000170,0.074339,0
3,0.023709,0.000051,0.000004,0.144433,0.000499,0.000011,0.000755,0.169471,0
2,0.024920,0.000058,0.000005,0.186903,0.000459,0.000008,0.001228,0.213587,0
2,0.023449,0.000045,0.000004,0.187668,0.000445,0.000012,0.000976,0.212609,0
2,0.017255,0.000049,0.000004,0.194671,0.000915,0.000041,0.008362,0.221311,0
9,0.011561,0.000032,0.000003,0.017237,0.000307,0.000004,0.000618,0.029765,0
8,0.012497,0.000036,0.000003,0.065285,0.000310,0.000004,0.000275,0.078414,0
2,0.020870,0.000057,0.000007,0.222880,0.000547,0.000011,0.003988,0.248371,0
9,0.009309,0.000030,0.000003,0.049514,0.000261,0.000004,0.000157,0.059281,0
10,0.016447,0.000032,0.000002,0.016803,0.000282,0.000005,0.000656,0.034231,0
8,0.023474,0.000074,0.000006,0.076346,0.000284,0.000004,0.000754,0.100947,0
3,0.015085,0.000044,0.000007,0.152600,0.000438,0.000007,0.002915,0.171104,0
11,0.009185,0.000032,0.000004,0.008019,0.000335,0.000004,0.000614,0.018196,0
3,0.041040,0.000053,0.000006,0.107683,0.000366,0.000008,0.016184,0.165348,0
3,0.015947,0.000029,0.000003,0.161065,0.000444,0.000008,0.005259,0.182767,0
9,0.012818,0.000035,0.000003,0.056442,0.000334,0.000004,0.000276,0.069914,0
9,0.010943,0.000035,0.000004,0.051268,0.000285,0.000004,0.000580,0.063122,0
10,0.013064,0.000033,0.000005,0.062693,0.000411,0.000007,0.000275,0.076491,0
3,0.021722,0.000046,0.000006,0.100928,0.000390,0.000006,0.000750,0.123855,0
12,0.009060,0.000031,0.000003,0.057113,0.000435,0.000007,0.000942,0.067596,0
3,0.017214,0.000091,0.000011,0.213905,0.000528,0.000010,0.010915,0.242682,0
4,0.026452,0.000084,0.000010,0.162186,0.000767,0.000018,0.002400,0.191928,0
4,0.021197,0.000070,0.000012,0.057128,0.000663,0.000014,0.003643,0.082739,0
10,0.021172,0.000031,0.000003,0.018635,0.000314,0.000004,0.000305,0.040468,0
3,0.019632,0.000052,0.000005,0.172350,0.000457,0.000010,0.000407,0.192920,0
13,0.010910,0.000029,0.000002,0.010618,0.000328,0.000004,0.000600,0.022496,0
10,0.015340,0.000035,0.000004,0.058493,0.000314,0.000004,0.000598,0.074791,0
11,0.011033,0.000029,0.000003,0.056856,0.000312,0.000004,0.000169,0.068409,0
4,0.015110,0.000038,0.000003,0.179317,0.000366,0.000009,0.000431,0.195278,0
3,0.018124,0.000063,0.000006,0.166233,0.000455,0.000008,0.004410,0.189307,0
11,0.008587,0.000033,0.000006,0.044227,0.000303,0.000004,0.000274,0.053437,0
5,0.022369,0.000053,0.000006,0.036084,0.000434,0.000008,0.001566,0.060529,0
5,0.022370,0.000055,0.000008,0.035602,0.000524,0.000010,0.017245,0.075830,0
3,0.028895,0.000070,0.000006,0.200025,0.000519,0.000011,0.001286,0.230819,0
14,0.007789,0.000029,0.000003,0.061898,0.000389,0.000005,0.000768,0.070886,0
12,0.012972,0.000032,0.000003,0.026405,0.000314,0.000005,0.000200,0.039933,0
4,0.027206,0.000045,0.000004,0.057117,0.000466,0.000012,0.000431,0.085289,0
5,0.018172,0.000041,0.000004,0.017564,0.000769,0.000014,0.000732,0.037302,0
12,0.011254,0.000027,0.000002,0.027006,0.000310,0.000004,0.000280,0.038886,0
4,0.017698,0.000043,0.000005,0.107671,0.000375,0.000005,0.000742,0.126547,0
15,0.013373,0.000030,0.000003,0.010286,0.000298,0.000004,0.000640,0.024637,0
6,0.033325,0.000050,0.000004,0.024442,0.000524,0.000013,0.001830,0.060196,0
4,0.011608,0.000041,0.000006,0.151033,0.000486,0.000008,0.028377,0.191574,0
13,0.016249,0.000033,0.000002,0.012974,0.000324,0.000004,0.000201,0.029790,0
13,0.011434,0.000032,0.000003,0.015913,0.000318,0.000004,0.000290,0.027998,0
4,0.027614,0.000056,0.000006,0.039330,0.000456,0.000009,0.004282,0.071760,0
6,0.021676,0.000071,0.000011,0.021204,0.000431,0.000007,0.003018,0.046428,0
3,0.018391,0.000054,0.000005,0.216283,0.000838,0.000016,0.005754,0.241354,0
11,0.012159,0.000037,0.000004,0.074524,0.000377,0.000005,0.000668,0.087782,0
16,0.008866,0.000031,0.000003,0.007964,0.000275,0.000004,0.000626,0.017774,0
4,0.018467,0.000059,0.000007,0.181581,0.000477,0.000010,0.005748,0.206357,0
7,0.011803,0.000052,0.000007,0.016826,0.000472,0.000008,0.002649,0.031828,0
14,0.007986,0.000036,0.000004,0.058580,0.000378,0.000004,0.000382,0.067375,0
4,0.019121,0.000052,0.000005,0.171199,0.000500,0.000011,0.012646,0.203547,0
3,0.016574,0.000045,0.000004,0.348106,0.001352,0.000014,0.000570,0.366675,0
14,0.009441,0.000034,0.000004,0.069581,0.000302,0.000005,0.000174,0.079542,0
17,0.008903,0.000033,0.000003,0.058167,0.000276,0.000004,0.000628,0.068017,0
12,0.012501,0.000036,0.000005,0.062359,0.000290,0.000004,0.000679,0.075878,0
5,0.015363,0.000066,0.000005,0.119148,0.000402,0.000006,0.000730,0.135726,0
15,0.014673,0.000035,0.000004,0.044109,0.000307,0.000004,0.000318,0.059455,0
5,0.018134,0.000053,0.000004,0.165711,0.000548,0.000011,0.000574,0.185044,0
15,0.012511,0.000037,0.000003,0.067977,0.000275,0.000004,0.000189,0.080999,0
13,0.012045,0.000030,0.000003,0.060694,0.000328,0.000006,0.000760,0.073870,0
7,0.011572,0.000044,0.000004,0.153329,0.000461,0.000012,0.001608,0.167039,0
6,0.014557,0.000050,0.000006,0.181447,0.000703,0.000017,0.001379,0.198168,0
4,0.019700,0.000048,0.000005,0.183704,0.000987,0.000018,0.002777,0.207250,0
18,0.012545,0.000032,0.000003,0.074670,0.000300,0.000004,0.000613,0.088172,0
16,0.009382,0.000025,0.000003,0.058081,0.000309,0.000004,0.000291,0.068099,0
5,0.018939,0.000052,0.000005,0.028507,0.000748,0.000011,0.002083,0.050355,0
5,0.017097,0.000052,0.000004,0.196520,0.000484,0.000011,0.004218,0.218396,0
6,0.021514,0.000052,0.000005,0.052850,0.000483,0.000010,0.000467,0.075391,0
17,0.011393,0.000032,0.000004,0.016354,0.000325,0.000004,0.000284,0.028398,0
14,0.011721,0.000033,0.000004,0.054206,0.000304,0.000004,0.000639,0.066928,0
5,0.020594,0.000077,0.000009,0.191369,0.000494,0.000009,0.023896,0.236461,0
16,0.011516,0.000035,0.000003,0.060619,0.000295,0.000004,0.000170,0.072646,0
19,0.010879,0.000032,0.000003,0.050862,0.000282,0.000004,0.000600,0.062664,0
5,0.028614,0.000056,0.000006,0.179398,0.000507,0.000009,0.005224,0.213825,0
6,0.015521,0.000038,0.000004,0.099573,0.000434,0.000008,0.008955,0.124544,0
4,0.021801,0.000058,0.000005,0.207670,0.000561,0.000016,0.011444,0.241567,0
8,0.020832,0.000052,0.000009,0.201487,0.000542,0.000011,0.002682,0.225625,0
17,0.016640,0.000030,0.000003,0.019769,0.000268,0.000004,0.000215,0.036931,0
4,0.024028,0.000052,0.000006,0.190558,0.000666,0.000010,0.000480,0.215808,0
18,0.017832,0.000044,0.000005,0.048183,0.000301,0.000004,0.000286,0.066659,0
20,0.010383,0.000033,0.000004,0.052627,0.000267,0.000004,0.000582,0.063901,0
15,0.010342,0.000035,0.000003,0.056394,0.000354,0.000004,0.000605,0.067741,0
5,0.018893,0.000053,0.000005,0.199914,0.000510,0.000011,0.013224,0.232622,0
8,0.018055,0.000050,0.000004,0.134651,0.000535,0.000011,0.001526,0.154844,0
21,0.011631,0.000034,0.000003,0.010684,0.000271,0.000004,0.000610,0.023240,0
6,0.032672,0.000064,0.000006,0.035280,0.000490,0.000009,0.025376,0.093909,0
18,0.010155,0.000035,0.000003,0.062527,0.000269,0.000004,0.000172,0.073168,0
7,0.035575,0.000058,0.000005,0.166336,0.000537,0.000022,0.000809,0.203348,0
16,0.011335,0.000033,0.000003,0.060052,0.000340,0.000004,0.000620,0.072390,0
19,0.010685,0.000037,0.000004,0.066694,0.000309,0.000004,0.000285,0.078021,0
6,0.020779,0.000054,0.000004,0.038922,0.000550,0.000012,0.020013,0.080346,0
7,0.018969,0.000043,0.000004,0.123724,0.000438,0.000007,0.000745,0.143937,0
22,0.010759,0.000045,0.000004,0.058332,0.000303,0.000004,0.000695,0.070145,0
19,0.013477,0.000035,0.000003,0.060202,0.000325,0.000004,0.000183,0.074230,0
7,0.014928,0.000048,0.000004,0.184240,0.000799,0.000014,0.000565,0.200605,0
5,0.027449,0.000090,0.000010,0.157056,0.000477,0.000011,0.011580,0.196683,0
20,0.011614,0.000034,0.000004,0.057641,0.000361,0.000005,0.000331,0.069993,0
20,0.011892,0.000029,0.000003,0.014720,0.000331,0.000005,0.000205,0.027186,0
17,0.011584,0.000031,0.000003,0.064261,0.000336,0.000005,0.000662,0.076886,0
6,0.015802,0.000029,0.000002,0.227062,0.000486,0.000024,0.001050,0.244465,0
6,0.029166,0.000060,0.000005,0.211316,0.000514,0.000008,0.004317,0.245398,0
23,0.011003,0.000032,0.000003,0.065782,0.000281,0.000004,0.000598,0.077707,0
9,0.016361,0.000055,0.000009,0.198730,0.000554,0.000008,0.002527,0.218256,0
6,0.026928,0.000061,0.000006,0.215136,0.000596,0.000013,0.006990,0.249740,0
21,0.011923,0.000036,0.000004,0.021792,0.000364,0.000004,0.000273,0.034399,0
8,0.027678,0.000050,0.000005,0.041703,0.000476,0.000009,0.000445,0.070373,0
9,0.015921,0.000029,0.000003,0.166857,0.000484,0.000008,0.001554,0.184863,0
5,0.018236,0.000070,0.000008,0.209502,0.000771,0.000012,0.000521,0.229129,0
21,0.008952,0.000033,0.000003,0.055334,0.000312,0.000005,0.000181,0.064822,0
18,0.012243,0.000035,0.000003,0.061280,0.000359,0.000004,0.000591,0.074517,0
10,0.017734,0.000059,0.000009,0.041766,0.000508,0.000012,0.002982,0.063077,0
24,0.011906,0.000031,0.000003,0.055502,0.000342,0.000004,0.000653,0.068444,0
6,0.019770,0.000075,0.000005,0.082596,0.000638,0.000010,0.003533,0.106650,0
9,0.013857,0.000052,0.000005,0.038502,0.000529,0.000012,0.000467,0.053428,0
7,0.014705,0.000054,0.000005,0.182049,0.000765,0.000017,0.037472,0.235078,0
22,0.012844,0.000038,0.000004,0.063014,0.000306,0.000004,0.000292,0.076504,0
7,0.032112,0.000060,0.000007,0.041986,0.000551,0.000012,0.006340,0.081079,0
22,0.029120,0.000060,0.000004,0.019231,0.000387,0.000004,0.000210,0.049022,0
8,0.021836,0.000081,0.000007,0.185748,0.000454,0.000009,0.000612,0.208751,0
6,0.032962,0.000062,0.000009,0.029289,0.000481,0.000010,0.000344,0.063164,0
8,0.019209,0.000057,0.000007,0.178390,0.001070,0.000024,0.001990,0.200760,0
23,0.010083,0.000031,0.000003,0.019641,0.000464,0.000005,0.000319,0.030552,0
7,0.016511,0.000058,0.000007,0.178575,0.000696,0.000015,0.019961,0.215838,0
7,0.020972,0.000059,0.000006,0.025879,0.000488,0.000010,0.003517,0.050944,0
19,0.021717,0.000047,0.000006,0.057708,0.000305,0.000004,0.000568,0.080359,0
8,0.011867,0.000046,0.000005,0.010371,0.000264,0.000005,0.001575,0.024137,0
20,0.010431,0.000038,0.000004,0.018473,0.000323,0.000004,0.000621,0.029898,0
23,0.011215,0.000030,0.000003,0.065354,0.000422,0.000007,0.000274,0.077307,0
25,0.017848,0.000059,0.000004,0.085397,0.000558,0.000010,0.001293,0.105174,0
7,0.018218,0.000057,0.000005,0.164417,0.000520,0.000012,0.004756,0.187996,0
21,0.009596,0.000048,0.000004,0.011369,0.000284,0.000004,0.000564,0.021871,0
24,0.008212,0.000032,0.000004,0.066594,0.000625,0.000011,0.000681,0.076165,0
24,0.012127,0.000036,0.000004,0.021260,0.000318,0.000004,0.000183,0.033934,0
7,0.018384,0.000052,0.000004,0.211140,0.000442,0.000009,0.001294,0.231334,0
10,0.017087,0.000049,0.000007,0.170560,0.000465,0.000011,0.001651,0.189839,0
25,0.012473,0.000033,0.000003,0.010634,0.000330,0.000004,0.000197,0.023677,0
8,0.012307,0.000046,0.000005,0.139975,0.000506,0.000009,0.004983,0.157841,0
26,0.008360,0.000032,0.000002,0.005641,0.000264,0.000004,0.000156,0.014461,0
22,0.007555,0.000035,0.000003,0.064211,0.000297,0.000004,0.000700,0.072808,0
10,0.014100,0.000051,0.000006,0.177084,0.000551,0.000010,0.000545,0.192354,0
8,0.017896,0.000052,0.000005,0.033964,0.000469,0.000008,0.001453,0.053856,0
25,0.013014,0.000028,0.000003,0.061783,0.000420,0.000007,0.000399,0.075660,0
27,0.020141,0.000053,0.000005,0.007974,0.000292,0.000004,0.000168,0.028640,0
11,0.020957,0.000055,0.000008,0.198411,0.000777,0.000020,0.005275,0.225513,0
26,0.015421,0.000047,0.000004,0.101300,0.000734,0.000020,0.001190,0.118730,0
9,0.027701,0.000105,0.000015,0.154984,0.000937,0.000028,0.002833,0.186619,0
9,0.019246,0.000050,0.000005,0.184442,0.000523,0.000006,0.000623,0.204900,0
8,0.014019,0.000054,0.000006,0.184212,0.000704,0.000012,0.028601,0.227620,0
7,0.013389,0.000052,0.000005,0.196081,0.000549,0.000012,0.000496,0.210589,0
9,0.031128,0.000068,0.000005,0.044965,0.000570,0.000013,0.006892,0.083654,0
23,0.010875,0.000030,0.000002,0.056027,0.000293,0.000004,0.000551,0.067785,0
11,0.020159,0.000048,0.000005,0.036417,0.000489,0.000011,0.000427,0.057560,0
8,0.014695,0.000050,0.000006,0.183377,0.000487,0.000012,0.012038,0.210674,0
27,0.015906,0.000044,0.000005,0.023108,0.000477,0.000010,0.001101,0.040656,0
26,0.012750,0.000033,0.000004,0.048145,0.000306,0.000004,0.000273,0.061518,0
28,0.009194,0.000032,0.000002,0.050034,0.000293,0.000004,0.000171,0.059732,0
9,0.013757,0.000059,0.000006,0.172856,0.000736,0.000010,0.013148,0.200584,0
8,0.018209,0.000076,0.000005,0.181913,0.000529,0.000009,0.004603,0.205355,0
8,0.020531,0.000052,0.000005,0.060139,0.000556,0.000013,0.000352,0.081653,0
24,0.009253,0.000031,0.000003,0.057420,0.000332,0.000004,0.000653,0.067699,0
10,0.015720,0.000053,0.000006,0.051467,0.000491,0.000010,0.005732,0.073488,0
27,0.010061,0.000036,0.000003,0.061457,0.000302,0.000004,0.000281,0.072146,0
28,0.011556,0.000047,0.000005,0.066288,0.000314,0.000004,0.000591,0.078806,0
29,0.020855,0.000035,0.000003,0.058125,0.000293,0.000004,0.000181,0.079499,0
9,0.032011,0.000071,0.000006,0.057385,0.000632,0.000017,0.020849,0.110982,0
29,0.011080,0.000031,0.000003,0.018528,0.000298,0.000004,0.000643,0.030591,0
11,0.014710,0.000067,0.000006,0.217309,0.008666,0.000012,0.001371,0.242153,0
30,0.010719,0.000036,0.000002,0.025546,0.000448,0.000008,0.000272,0.037033,0
30,0.008004,0.000033,0.000003,0.016889,0.000289,0.000005,0.000616,0.025842,0
25,0.012052,0.000034,0.000003,0.068879,0.000324,0.000006,0.000621,0.081922,0
12,0.017370,0.000054,0.000008,0.174466,0.000584,0.000021,0.003463,0.195978,0
28,0.009740,0.000030,0.000004,0.066433,0.000308,0.000004,0.000316,0.076837,0
9,0.016869,0.000053,0.000004,0.202905,0.000580,0.000008,0.001295,0.221726,0
10,0.023001,0.000088,0.000011,0.173449,0.000531,0.000009,0.001014,0.198113,0
12,0.013592,0.000061,0.000006,0.157191,0.000522,0.000009,0.000422,0.171810,0
26,0.010787,0.000030,0.000003,0.008545,0.000297,0.000004,0.000537,0.020206,0
10,0.017567,0.000103,0.000010,0.199079,0.000493,0.000007,0.000605,0.217868,0
31,0.010215,0.000036,0.000004,0.052559,0.000338,0.000004,0.000175,0.063334,0
27,0.008015,0.000031,0.000003,0.016962,0.000300,0.000004,0.000629,0.025947,0
31,0.012149,0.000029,0.000003,0.051283,0.000322,0.000004,0.000633,0.064427,0
9,0.017075,0.000055,0.000005,0.194310,0.000769,0.000017,0.024039,0.236282,0
29,0.011379,0.000035,0.000003,0.064728,0.000396,0.000004,0.000377,0.076930,0
13,0.019725,0.000054,0.000004,0.040729,0.000484,0.000008,0.000421,0.061431,0
11,0.017733,0.000057,0.000007,0.140870,0.000583,0.000011,0.006740,0.166012,0
9,0.019261,0.000049,0.000004,0.176021,0.000504,0.000012,0.004416,0.200278,0
10,0.021130,0.000077,0.000009,0.203922,0.000542,0.000012,0.003776,0.229477,0
32,0.010712,0.000032,0.000003,0.059936,0.000343,0.000005,0.000185,0.071218,0
28,0.010440,0.000030,0.000003,0.061169,0.000340,0.000004,0.000645,0.072634,0
12,0.015892,0.000044,0.000004,0.133593,0.000561,0.000013,0.001839,0.151956,0
32,0.015380,0.000035,0.000003,0.053554,0.000306,0.000004,0.000617,0.069902,0
9,0.019223,0.000054,0.000005,0.204438,0.000704,0.000012,0.000419,0.224862,0
33,0.009926,0.000028,0.000002,0.013053,0.000316,0.000004,0.000177,0.023509,0
29,0.012783,0.000038,0.000003,0.009710,0.000283,0.000004,0.000628,0.023452,0
30,0.014561,0.000034,0.000003,0.053445,0.000335,0.000004,0.000284,0.068669,0
33,0.009511,0.000030,0.000003,0.017353,0.000275,0.000004,0.000636,0.027815,0
34,0.009217,0.000033,0.000003,0.018706,0.000311,0.000004,0.000173,0.028448,0
11,0.019777,0.000053,0.000007,0.149933,0.000470,0.000008,0.001042,0.171298,0
13,0.024930,0.000052,0.000009,0.157281,0.001054,0.000025,0.007717,0.191081,0
12,0.036964,0.000067,0.000007,0.063833,0.000553,0.000011,0.006739,0.108186,0
30,0.008309,0.000033,0.000004,0.058317,0.000330,0.000004,0.000588,0.067587,0
31,0.016809,0.000039,0.000003,0.057229,0.000327,0.000004,0.000335,0.074750,0
34,0.013951,0.000033,0.000003,0.051977,0.000284,0.000004,0.000623,0.066877,0
10,0.017419,0.000048,0.000007,0.201361,0.000616,0.000013,0.002204,0.221677,0
10,0.024040,0.000053,0.000005,0.215924,0.000632,0.000011,0.027787,0.268467,0
35,0.010823,0.000043,0.000003,0.053500,0.000272,0.000004,0.000191,0.064839,0
12,0.021352,0.000059,0.000006,0.031857,0.000462,0.000009,0.000850,0.054603,0
11,0.019569,0.000052,0.000005,0.195007,0.000473,0.000009,0.000825,0.215945,0
10,0.023662,0.000057,0.000005,0.171645,0.000456,0.000009,0.026061,0.221906,0
31,0.011731,0.000032,0.000004,0.057862,0.000304,0.000004,0.000566,0.070506,0
35,0.011072,0.000031,0.000003,0.054098,0.000268,0.000004,0.000653,0.066131,0
11,0.023050,0.000076,0.000011,0.163182,0.000555,0.000013,0.004628,0.191526,0
14,0.018247,0.000084,0.000004,0.198984,0.000447,0.000009,0.000402,0.218184,0
32,0.011536,0.000032,0.000003,0.062147,0.005693,0.000006,0.000382,0.079803,0
10,0.021840,0.000062,0.000005,0.187802,0.000514,0.000008,0.004555,0.214798,0
36,0.016768,0.000034,0.000004,0.056636,0.000298,0.000004,0.000170,0.073915,0
13,0.024650,0.000089,0.000011,0.163587,0.000532,0.000013,0.002052,0.190953,0
37,0.009067,0.000030,0.000003,0.008785,0.000249,0.000004,0.000168,0.018308,0
32,0.013333,0.000030,0.000003,0.028603,0.000464,0.000004,0.000624,0.043069,0
36,0.009743,0.000028,0.000003,0.052277,0.000284,0.000004,0.000614,0.062955,0
14,0.023502,0.000052,0.000005,0.017701,0.000245,0.000004,0.000754,0.042266,0
33,0.012442,0.000033,0.000003,0.053542,0.000307,0.000006,0.000324,0.066659,0
10,0.020848,0.000044,0.000005,0.218368,0.000844,0.000016,0.000726,0.240866,0
14,0.023727,0.000064,0.000008,0.164393,0.001101,0.000025,0.007656,0.196989,0
34,0.011737,0.000034,0.000003,0.010190,0.000276,0.000004,0.000298,0.022545,0
38,0.009348,0.000035,0.000003,0.056391,0.000309,0.000004,0.000168,0.066260,0
33,0.014825,0.000031,0.000005,0.053689,0.000294,0.000004,0.000575,0.069426,0
13,0.021364,0.000060,0.000007,0.188187,0.000738,0.000012,0.006597,0.216974,0
37,0.010143,0.000029,0.000003,0.053367,0.000284,0.000004,0.000640,0.064474,0
11,0.018457,0.000052,0.000007,0.175381,0.000578,0.000012,0.001866,0.196366,0
13,0.013794,0.000053,0.000005,0.190033,0.001195,0.000029,0.003480,0.208606,0
11,0.026395,0.000072,0.000008,0.173836,0.000646,0.000013,0.019290,0.220275,0
35,0.008400,0.000034,0.000003,0.047146,0.000267,0.000004,0.000300,0.056157,0
11,0.015594,0.000046,0.000007,0.150807,0.000504,0.000008,0.011236,0.178208,0
12,0.012879,0.000054,0.000006,0.195616,0.000363,0.000007,0.000511,0.209441,0
34,0.013737,0.000034,0.000003,0.041516,0.000283,0.000004,0.000574,0.056153,0
39,0.011193,0.000042,0.000003,0.057476,0.000308,0.000004,0.000166,0.069193,0
38,0.010529,0.000031,0.000003,0.058891,0.000279,0.000004,0.000702,0.070441,0
15,0.017906,0.000052,0.000004,0.187458,0.000510,0.000010,0.000449,0.206399,0
11,0.018422,0.000054,0.000006,0.181475,0.000505,0.000009,0.004379,0.204863,0
12,0.019652,0.000059,0.000007,0.198136,0.000625,0.000013,0.004658,0.223162,0
36,0.012333,0.000041,0.000004,0.055182,0.000303,0.000004,0.000285,0.068154,0
35,0.012565,0.000033,0.000004,0.054537,0.000282,0.000004,0.000525,0.067951,0
12,0.022491,0.000057,0.000005,0.058618,0.000542,0.000010,0.013802,0.095537,0
40,0.013276,0.000031,0.000003,0.060383,0.000308,0.000004,0.000223,0.074230,0
15,0.013636,0.000063,0.000006,0.174631,0.000474,0.000011,0.009816,0.198648,0
39,0.010008,0.000032,0.000003,0.053379,0.000277,0.000004,0.000609,0.064315,0
11,0.018031,0.000048,0.000009,0.176811,0.000618,0.000016,0.000400,0.195938,0
13,0.024962,0.000060,0.000005,0.023709,0.000728,0.000016,0.004261,0.053751,0
15,0.022545,0.000060,0.000008,0.173792,0.000442,0.000007,0.003256,0.200123,0
37,0.010216,0.000031,0.000004,0.051311,0.000289,0.000004,0.000282,0.062140,0
16,0.015595,0.000045,0.000005,0.021040,0.000428,0.000009,0.001422,0.038553,0
36,0.012396,0.000029,0.000004,0.054246,0.000304,0.000004,0.000579,0.067564,0
12,0.018090,0.000047,0.000005,0.170425,0.000666,0.000012,0.001565,0.190826,0
41,0.011802,0.000035,0.000003,0.056027,0.000317,0.000004,0.000177,0.068368,0
40,0.012619,0.000041,0.000003,0.053156,0.000320,0.000004,0.000666,0.066813,0
13,0.024723,0.000055,0.000005,0.044326,0.000411,0.000005,0.017347,0.086889,0
14,0.024992,0.000055,0.000006,0.196546,0.000642,0.000013,0.008279,0.230545,0
38,0.008918,0.000029,0.000003,0.047547,0.000312,0.000004,0.000253,0.057068,0
13,0.022816,0.000050,0.000006,0.169992,0.000384,0.000008,0.000534,0.193794,0
14,0.021043,0.000050,0.000005,0.172596,0.000499,0.000010,0.001141,0.195353,0
16,0.017128,0.000053,0.000007,0.051189,0.000457,0.000010,0.003151,0.072009,0
17,0.014041,0.000063,0.000005,0.051232,0.000938,0.000027,0.002520,0.068834,0
37,0.012087,0.000034,0.000004,0.054642,0.000293,0.000004,0.000572,0.067640,0
12,0.014600,0.000054,0.000006,0.171605,0.000547,0.000011,0.033378,0.220212,0
42,0.013491,0.000045,0.000004,0.058429,0.000322,0.000004,0.000176,0.072473,0
16,0.018556,0.000052,0.000006,0.169280,0.000451,0.000008,0.000419,0.188777,0
41,0.011230,0.000034,0.000003,0.055425,0.000286,0.000004,0.000714,0.067700,0
38,0.012879,0.000034,0.000004,0.025675,0.000400,0.000004,0.000638,0.039639,0
43,0.011219,0.000035,0.000003,0.017022,0.000315,0.000004,0.000176,0.028776,0
39,0.013892,0.000051,0.000004,0.056030,0.000317,0.000004,0.000291,0.070592,0
15,0.013764,0.000048,0.000005,0.049623,0.000499,0.000006,0.000619,0.064568,0
13,0.016841,0.000047,0.000006,0.016821,0.000445,0.000009,0.021284,0.055464,0
40,0.009729,0.000031,0.000003,0.021136,0.000355,0.000005,0.000296,0.031557,0
12,0.021397,0.000062,0.000006,0.220270,0.000458,0.000010,0.004843,0.247060,0
14,0.018820,0.000055,0.000005,0.171333,0.000726,0.000015,0.005137,0.196115,0
16,0.014533,0.000039,0.000004,0.018127,0.000429,0.000005,0.000682,0.033823,0
42,0.011384,0.000031,0.000003,0.062445,0.000311,0.000005,0.000686,0.074867,0
12,0.026838,0.000067,0.000007,0.176001,0.000652,0.000013,0.000484,0.204070,0
39,0.012262,0.000033,0.000004,0.047606,0.000304,0.000004,0.000579,0.060793,0
44,0.009066,0.000033,0.000003,0.055825,0.000293,0.000004,0.000172,0.065399,0
13,0.025132,0.000050,0.000006,0.161364,0.000505,0.000006,0.001172,0.188242,0
40,0.011216,0.000036,0.000003,0.015810,0.000333,0.000005,0.000582,0.027988,0
13,0.018337,0.000049,0.000005,0.028453,0.000452,0.000009,0.004088,0.051403,0
14,0.016760,0.000034,0.000003,0.153701,0.000626,0.000014,0.018890,0.190042,0
43,0.011031,0.000029,0.000003,0.043271,0.000308,0.000005,0.000641,0.055292,0
41,0.012425,0.000034,0.000003,0.053643,0.000286,0.000003,0.000292,0.066689,0
41,0.008825,0.000032,0.000003,0.008004,0.000252,0.000004,0.000578,0.017701,0
15,0.024576,0.000064,0.000006,0.166526,0.000554,0.000011,0.005734,0.197481,0
17,0.013067,0.000052,0.000027,0.053181,0.000513,0.000006,0.000699,0.067553,0
42,0.008456,0.000033,0.000003,0.007399,0.000268,0.000005,0.000642,0.016808,0
42,0.010425,0.000038,0.000004,0.011751,0.000300,0.000004,0.000281,0.022806,0
45,0.011584,0.000042,0.000003,0.060338,0.000292,0.000004,0.000182,0.072447,0
17,0.014693,0.000055,0.000006,0.188975,0.000478,0.000008,0.002926,0.207154,0
17,0.015232,0.000048,0.000005,0.159695,0.000436,0.000008,0.000458,0.175889,0
18,0.017131,0.000050,0.000005,0.181243,0.000427,0.000008,0.002146,0.201024,0
14,0.011620,0.000039,0.000005,0.057030,0.000465,0.000005,0.000738,0.069907,0
14,0.030903,0.000056,0.000004,0.189536,0.001342,0.000013,0.000814,0.222683,0
44,0.008731,0.000028,0.000003,0.053585,0.000275,0.000004,0.000551,0.063178,0
18,0.013036,0.000137,0.000007,0.049819,0.000518,0.000005,0.000696,0.064223,0
15,0.013582,0.000053,0.000006,0.014672,0.000430,0.000006,0.000833,0.029590,0
43,0.008056,0.000036,0.000003,0.047477,0.000291,0.000004,0.000553,0.056422,0
43,0.007258,0.000031,0.000003,0.048376,0.000312,0.000004,0.000272,0.056259,0
46,0.012819,0.000047,0.000003,0.052681,0.000362,0.000005,0.000187,0.066105,0
44,0.009703,0.000034,0.000003,0.010135,0.000292,0.000005,0.000374,0.020550,0
19,0.015909,0.000054,0.000007,0.015641,0.000469,0.000006,0.000710,0.032801,0
14,0.011300,0.000045,0.000006,0.173980,0.000565,0.000007,0.021349,0.207270,0
45,0.011551,0.000029,0.000003,0.059264,0.000351,0.000005,0.000689,0.071896,0
16,0.010798,0.000050,0.000005,0.050598,0.000411,0.000005,0.000920,0.062794,0
15,0.027737,0.000052,0.000005,0.176965,0.000692,0.000014,0.003760,0.209233,0
44,0.009376,0.000029,0.000003,0.065892,0.000318,0.000004,0.000633,0.076259,0
45,0.007733,0.000031,0.000003,0.056871,0.000430,0.000004,0.000336,0.065415,0
47,0.016521,0.000035,0.000002,0.059249,0.000293,0.000004,0.000179,0.076286,0
14,0.013444,0.000049,0.000005,0.168025,0.000504,0.000010,0.004502,0.186551,0
13,0.026620,0.000054,0.000005,0.202160,0.000678,0.000011,0.000373,0.229909,0
17,0.012418,0.000047,0.000005,0.023715,0.000926,0.000012,0.000917,0.038046,0
20,0.016594,0.000063,0.000006,0.062784,0.000557,0.000007,0.001478,0.081498,0
46,0.010251,0.000041,0.000003,0.056803,0.000438,0.000004,0.000637,0.068185,0
14,0.016329,0.000043,0.000005,0.019521,0.000464,0.000010,0.000317,0.036695,0
16,0.012046,0.000046,0.000005,0.200881,0.000801,0.000016,0.006549,0.220354,0
45,0.014399,0.000036,0.000004,0.054679,0.000335,0.000004,0.000595,0.070055,0
15,0.022657,0.000058,0.000006,0.166770,0.000520,0.000011,0.000642,0.190673,0
19,0.021598,0.000079,0.000010,0.176539,0.000545,0.000012,0.001667,0.200459,0
46,0.010835,0.000034,0.000005,0.055828,0.000271,0.000004,0.000279,0.067259,0
15,0.012107,0.000051,0.000006,0.011331,0.000513,0.000007,0.000351,0.024371,0
18,0.018786,0.000056,0.000006,0.190000,0.000480,0.000009,0.000462,0.209804,0
15,0.022271,0.000048,0.000005,0.220006,0.000571,0.000013,0.013162,0.256091,0
48,0.011381,0.000036,0.000004,0.059551,0.000300,0.000004,0.000173,0.071451,0
18,0.019347,0.000057,0.000008,0.193440,0.000449,0.000008,0.002896,0.216216,0
18,0.017467,0.000048,0.000004,0.053271,0.000334,0.000004,0.000831,0.071964,0
47,0.011622,0.000030,0.000004,0.014627,0.000335,0.000004,0.000302,0.026926,0
47,0.010481,0.000030,0.000003,0.057494,0.000305,0.000011,0.000605,0.068933,0
46,0.011129,0.000032,0.000003,0.052266,0.000262,0.000004,0.000537,0.064236,0
19,0.010410,0.000043,0.000004,0.046255,0.000280,0.000004,0.000566,0.057566,0
49,0.011013,0.000032,0.000003,0.055701,0.000312,0.000004,0.000178,0.067245,0
20,0.030446,0.000071,0.000011,0.035880,0.000586,0.000015,0.006091,0.073111,0
47,0.012352,0.000032,0.000003,0.014177,0.000329,0.000004,0.000583,0.027483,0
48,0.008226,0.000034,0.000003,0.044958,0.000311,0.000004,0.000296,0.053835,0
16,0.028005,0.000054,0.000005,0.156108,0.000566,0.000011,0.003755,0.188514,0
48,0.009922,0.000025,0.000003,0.051536,0.000277,0.000004,0.000571,0.062341,0
50,0.013117,0.000034,0.000003,0.010090,0.000284,0.000004,0.000166,0.023700,0
15,0.023311,0.000113,0.000019,0.172536,0.000793,0.000011,0.038401,0.235199,0
19,0.021338,0.000041,0.000006,0.089588,0.000414,0.000005,0.002439,0.113838,0
48,0.007093,0.000028,0.000003,0.043427,0.000293,0.000004,0.000564,0.051415,0
16,0.013176,0.000050,0.000004,0.116704,0.000382,0.000004,0.000267,0.130590,0
15,0.018525,0.000051,0.000005,0.178990,0.000476,0.000008,0.004381,0.202446,0
20,0.013319,0.000042,0.000005,0.055159,0.000623,0.000013,0.001086,0.070254,0
21,0.016121,0.000055,0.000007,0.181961,0.000409,0.000008,0.000767,0.199335,0
49,0.010032,0.000035,0.000003,0.053884,0.000308,0.000005,0.000294,0.064564,0
49,0.013110,0.000032,0.000003,0.057759,0.000274,0.000004,0.000650,0.071833,0
16,0.016869,0.000047,0.000004,0.008874,0.000383,0.000005,0.009560,0.035757,0
51,0.008238,0.000031,0.000003,0.067991,0.000460,0.000005,0.000216,0.076951,0
17,0.016112,0.000046,0.000005,0.028377,0.000479,0.000011,0.000346,0.045382,0
22,0.018253,0.000038,0.000004,0.028161,0.000475,0.000008,0.000879,0.047826,0
19,0.019653,0.000049,0.000007,0.172816,0.000366,0.000005,0.000312,0.193210,0
16,0.025354,0.000096,0.000010,0.045811,0.000602,0.000011,0.024305,0.096202,0
16,0.024745,0.000052,0.000005,0.183125,0.000690,0.000012,0.000811,0.209447,0
17,0.028136,0.000101,0.000010,0.187295,0.000679,0.000010,0.006618,0.222876,0
16,0.026513,0.000081,0.000007,0.160718,0.000473,0.000015,0.016036,0.203864,0
17,0.013120,0.000061,0.000005,0.014538,0.000519,0.000006,0.003518,0.031777,0
49,0.013560,0.000045,0.000004,0.062626,0.000323,0.000004,0.000639,0.077203,0
17,0.020725,0.000086,0.000014,0.107669,0.000425,0.000006,0.002316,0.131248,0
50,0.012577,0.000032,0.000004,0.059947,0.000295,0.000004,0.000311,0.073171,0
21,0.013440,0.000054,0.000005,0.136380,0.000839,0.000025,0.003985,0.154743,0
50,0.011984,0.000031,0.000003,0.049405,0.000250,0.000005,0.000585,0.062266,0
21,0.012298,0.000043,0.000006,0.073341,0.000431,0.000006,0.002197,0.088329,0
18,0.010484,0.000052,0.000005,0.014290,0.000458,0.000005,0.003115,0.028416,0
20,0.018278,0.000045,0.000006,0.091569,0.000403,0.000005,0.002382,0.112698,0
52,0.014604,0.000037,0.000005,0.056233,0.000305,0.000004,0.000169,0.071360,0
18,0.013668,0.000051,0.000004,0.032246,0.000470,0.000006,0.005060,0.051515,0
50,0.013100,0.000032,0.000003,0.050004,0.000280,0.000004,0.000586,0.064013,0
53,0.015685,0.000034,0.000003,0.009401,0.000319,0.000005,0.000195,0.025646,0
17,0.027630,0.000057,0.000005,0.056049,0.000825,0.000023,0.002012,0.086610,0
51,0.012846,0.000034,0.000004,0.057284,0.000286,0.000005,0.000613,0.071076,0
18,0.012203,0.000041,0.000004,0.109074,0.000504,0.000005,0.000300,0.122133,0
19,0.010497,0.000054,0.000006,0.030399,0.000462,0.000005,0.003979,0.045410,0
19,0.015636,0.000051,0.000006,0.049315,0.000405,0.000005,0.003361,0.068791,0
51,0.012262,0.000036,0.000003,0.068715,0.000347,0.000005,0.000289,0.081662,0
20,0.017575,0.000047,0.000004,0.090888,0.000381,0.000005,0.000344,0.109247,0
52,0.010944,0.000032,0.000004,0.010833,0.000291,0.000006,0.000605,0.022719,0
22,0.015793,0.000042,0.000004,0.075171,0.000427,0.000008,0.000957,0.092408,0
18,0.017861,0.000040,0.000005,0.096505,0.000353,0.000007,0.002376,0.117155,0
54,0.009217,0.000034,0.000003,0.057606,0.000301,0.000004,0.000187,0.067355,0
51,0.011439,0.000031,0.000003,0.058599,0.000312,0.000005,0.000726,0.071119,0
21,0.015506,0.000059,0.000006,0.105861,0.000339,0.000005,0.006289,0.128072,0
55,0.011640,0.000036,0.000003,0.009195,0.000341,0.000004,0.000176,0.021397,0
18,0.025856,0.000051,0.000004,0.051460,0.000450,0.000008,0.000613,0.078449,0
20,0.014200,0.000048,0.000006,0.057683,0.000395,0.000005,0.003213,0.075558,0
52,0.013105,0.000036,0.000004,0.067978,0.000409,0.000004,0.000310,0.081850,0
23,0.028869,0.000066,0.000005,0.174583,0.000499,0.000009,0.000877,0.204915,0
53,0.008164,0.000031,0.000003,0.065563,0.000339,0.000005,0.000597,0.074706,0
56,0.009238,0.000035,0.000003,0.021277,0.000307,0.000004,0.000178,0.031044,0
17,0.022408,0.000062,0.000004,0.155811,0.000472,0.000009,0.016045,0.194826,0
23,0.012774,0.000072,0.000004,0.066953,0.000437,0.000006,0.000711,0.080964,0
53,0.009374,0.000030,0.000003,0.008591,0.000262,0.000005,0.000255,0.018523,0
22,0.017489,0.000054,0.000004,0.161657,0.000877,0.000023,0.004035,0.184160,0
20,0.012800,0.000044,0.000005,0.095702,0.000399,0.000005,0.003955,0.112917,0
19,0.015837,0.000042,0.000005,0.101232,0.000419,0.000005,0.000351,0.117896,0
17,0.013769,0.000053,0.000005,0.188708,0.000487,0.000009,0.023518,0.226560,0
52,0.012270,0.000036,0.000004,0.066345,0.000334,0.000004,0.000654,0.079651,0
21,0.015865,0.000044,0.000004,0.104655,0.000411,0.000006,0.000319,0.121307,0
19,0.014534,0.000047,0.000005,0.081588,0.000358,0.000005,0.002442,0.098987,0
21,0.014656,0.000050,0.000006,0.051635,0.000418,0.000005,0.003157,0.069935,0
54,0.010812,0.000030,0.000003,0.043914,0.000288,0.000005,0.000583,0.055640,0
54,0.008141,0.000031,0.000003,0.056295,0.000288,0.000004,0.000288,0.065052,0
24,0.011900,0.000037,0.000004,0.057444,0.000323,0.000006,0.000658,0.070378,0
57,0.012813,0.000034,0.000004,0.064328,0.000334,0.000005,0.000201,0.077721,0
23,0.017192,0.000049,0.000005,0.045914,0.000487,0.000009,0.001564,0.065230,0
22,0.015506,0.000043,0.000007,0.105464,0.000340,0.000005,0.002556,0.123930,0
53,0.015056,0.000041,0.000004,0.058417,0.000299,0.000004,0.000660,0.074486,0
54,0.013044,0.000034,0.000003,0.011153,0.000322,0.000004,0.000583,0.025147,0
55,0.012853,0.000036,0.000003,0.060117,0.000291,0.000005,0.000685,0.073995,0
25,0.008810,0.000038,0.000004,0.050420,0.000396,0.000004,0.000624,0.060301,0
55,0.011012,0.000031,0.000003,0.054470,0.000294,0.000004,0.000277,0.066093,0
20,0.015950,0.000044,0.000006,0.107134,0.000402,0.000005,0.000306,0.123849,0
55,0.008853,0.000031,0.000004,0.008202,0.000282,0.000004,0.000541,0.017922,0
22,0.016532,0.000052,0.000005,0.102852,0.000356,0.000006,0.000343,0.120148,0
58,0.014921,0.000030,0.000003,0.054572,0.000281,0.000004,0.000169,0.069982,0
20,0.024163,0.000056,0.000006,0.093747,0.000295,0.000005,0.001962,0.120239,0
19,0.022169,0.000053,0.000006,0.168566,0.000413,0.000008,0.000848,0.192071,0
21,0.013145,0.000039,0.000005,0.143040,0.000600,0.000009,0.005214,0.162064,0
21,0.020336,0.000048,0.000006,0.034640,0.000448,0.000005,0.000312,0.055798,0
26,0.011900,0.000043,0.000005,0.051765,0.000425,0.000004,0.000707,0.064856,0
24,0.018118,0.000052,0.000004,0.188788,0.000496,0.000009,0.001017,0.208492,0
56,0.009661,0.000030,0.000003,0.058761,0.000283,0.000004,0.000274,0.069019,0
56,0.011410,0.000029,0.000003,0.063298,0.000254,0.000004,0.000599,0.075601,0
56,0.011766,0.000035,0.000004,0.053167,0.000292,0.000004,0.000602,0.065878,0
24,0.017206,0.000053,0.000006,0.114675,0.001028,0.000021,0.002036,0.135038,0
18,0.033485,0.000052,0.000005,0.163303,0.000608,0.000012,0.019205,0.216687,0
23,0.020950,0.000047,0.000005,0.050194,0.000387,0.000006,0.000339,0.071931,0
23,0.012736,0.000044,0.000006,0.116615,0.000410,0.000008,0.002756,0.132583,0
59,0.018263,0.000038,0.000003,0.054883,0.000268,0.000005,0.000166,0.073628,0
18,0.018565,0.000057,0.000007,0.164886,0.000443,0.000007,0.022964,0.206941,0
22,0.019876,0.000090,0.000012,0.154762,0.000412,0.000004,0.003064,0.178227,0
57,0.008298,0.000029,0.000003,0.011135,0.000321,0.000004,0.000614,0.020406,0
58,0.008455,0.000033,0.000003,0.020075,0.000356,0.000004,0.000575,0.029506,0
22,0.016269,0.000048,0.000005,0.035319,0.015947,0.000007,0.000479,0.068078,0
57,0.010504,0.000031,0.000003,0.046744,0.000292,0.000004,0.000302,0.057884,0
57,0.011635,0.000032,0.000003,0.045772,0.000261,0.000004,0.000630,0.058340,0
19,0.018349,0.000080,0.000004,0.023789,0.000510,0.000009,0.012556,0.055307,0
27,0.020065,0.000094,0.000005,0.054424,0.000430,0.000004,0.000739,0.075766,0
60,0.011666,0.000033,0.000003,0.060071,0.000316,0.000004,0.000170,0.072264,0
58,0.009912,0.000035,0.000003,0.016308,0.000318,0.000004,0.000291,0.026874,0
59,0.012425,0.000029,0.000003,0.055955,0.000301,0.000004,0.000594,0.069316,0
20,0.013942,0.000047,0.000006,0.038797,0.000527,0.000010,0.011462,0.064800,0
24,0.014024,0.000040,0.000003,0.105581,0.000450,0.000008,0.000473,0.120585,0
20,0.023713,0.000055,0.000006,0.155698,0.000508,0.000011,0.000725,0.180725,0
58,0.009640,0.000029,0.000003,0.060068,0.000281,0.000004,0.000673,0.070699,0
28,0.012174,0.000038,0.000004,0.051460,0.000337,0.000005,0.000676,0.064698,0
21,0.017049,0.000058,0.000007,0.173170,0.000382,0.000009,0.007562,0.198245,0
23,0.016625,0.000044,0.000005,0.111248,0.000395,0.000005,0.003330,0.131659,0
59,0.007433,0.000033,0.000003,0.052954,0.000305,0.000004,0.000273,0.061008,0
61,0.011024,0.000032,0.000003,0.053471,0.000307,0.000005,0.000195,0.065039,0
22,0.013474,0.000054,0.000006,0.171095,0.000448,0.000007,0.004794,0.189888,0
59,0.013792,0.000030,0.000003,0.009143,0.000286,0.000006,0.000637,0.023901,0
60,0.010558,0.000036,0.000003,0.008927,0.000261,0.000003,0.000259,0.020051,0
25,0.031365,0.000076,0.000012,0.147877,0.000811,0.000012,0.001282,0.181459,0
61,0.009406,0.000034,0.000003,0.009080,0.000295,0.000003,0.000309,0.019133,0
24,0.020383,0.000050,0.000009,0.167344,0.000451,0.000008,0.003260,0.191513,0
29,0.013260,0.000039,0.000004,0.054802,0.000359,0.000004,0.000604,0.069078,0
60,0.017754,0.000033,0.000003,0.057705,0.000279,0.000005,0.000608,0.076390,0
25,0.019404,0.000039,0.000004,0.055268,0.000493,0.000007,0.000534,0.075754,0
62,0.010925,0.000030,0.000003,0.051538,0.000302,0.000004,0.000178,0.062981,0
25,0.025857,0.000056,0.000007,0.186061,0.000456,0.000010,0.001568,0.214022,0
60,0.008336,0.000032,0.000003,0.056887,0.000280,0.000004,0.000626,0.066171,0
23,0.018645,0.000055,0.000004,0.158719,0.008783,0.000016,0.000737,0.186968,0
19,0.018266,0.000057,0.000005,0.189522,0.000430,0.000007,0.030942,0.239242,0
22,0.022658,0.000081,0.000006,0.073960,0.000589,0.000009,0.003152,0.100462,0
62,0.008233,0.000034,0.000003,0.056365,0.000314,0.000004,0.000344,0.065301,0
61,0.015208,0.000033,0.000003,0.016671,0.000278,0.000004,0.000605,0.032806,0
21,0.021302,0.000062,0.000006,0.100469,0.000447,0.000008,0.009654,0.131957,0
62,0.007450,0.000033,0.000003,0.012616,0.000306,0.000004,0.000612,0.021026,0
61,0.012058,0.000034,0.000003,0.063313,0.000248,0.000004,0.000523,0.076187,0
30,0.012357,0.000038,0.000004,0.064958,0.000354,0.000004,0.000629,0.078349,0
63,0.013681,0.000033,0.000003,0.056692,0.000343,0.000004,0.000187,0.070946,0
24,0.017349,0.000041,0.000004,0.121134,0.000392,0.000005,0.005118,0.144052,0
20,0.011368,0.000050,0.000006,0.008733,0.000428,0.000008,0.019436,0.040039,0
22,0.013982,0.000041,0.000005,0.015153,0.000363,0.000005,0.008905,0.038464,0
21,0.020461,0.000050,0.000005,0.158950,0.000468,0.000011,0.000639,0.180590,0
63,0.011706,0.000032,0.000004,0.051250,0.000284,0.000004,0.000302,0.063586,0
63,0.007404,0.000031,0.000004,0.055364,0.000326,0.000005,0.000650,0.063786,0
62,0.012269,0.000030,0.000003,0.065224,0.000380,0.000006,0.000562,0.078478,0
23,0.011598,0.000042,0.000007,0.038899,0.000385,0.000006,0.009397,0.060343,0
23,0.021891,0.000059,0.000005,0.195783,0.000588,0.000012,0.005548,0.223897,0
23,0.015651,0.000048,0.000004,0.118150,0.000385,0.000004,0.002768,0.137017,0
26,0.023468,0.000068,0.000007,0.197338,0.000536,0.000008,0.000838,0.222273,0
24,0.010581,0.000045,0.000007,0.013346,0.000377,0.000006,0.008910,0.033280,0
26,0.018975,0.000050,0.000005,0.187421,0.000522,0.000010,0.000479,0.207468,0
25,0.016664,0.000053,0.000006,0.197488,0.000487,0.000009,0.003091,0.217810,0
63,0.012762,0.000034,0.000003,0.046215,0.000291,0.000004,0.000595,0.059907,0
24,0.020963,0.000051,0.000005,0.161609,0.000348,0.000005,0.000248,0.183231,0
26,0.026616,0.000063,0.000007,0.204792,0.000557,0.000011,0.002109,0.234164,0
26,0.032059,0.000052,0.000009,0.025487,0.000451,0.000008,0.003079,0.061154,0
31,0.010863,0.000038,0.000004,0.191583,0.000729,0.000009,0.001171,0.204410,0
25,0.015746,0.000043,0.000004,0.174344,0.000503,0.000011,0.005069,0.195731,0
24,0.012691,0.000039,0.000005,0.096854,0.000333,0.000005,0.002484,0.112417,0
26,0.017122,0.000055,0.000005,0.023683,0.000205,0.000003,0.008753,0.049843,0
21,0.022996,0.000090,0.000010,0.200124,0.000493,0.000008,0.029992,0.253723,0
25,0.012248,0.000043,0.000005,0.116574,0.000349,0.000005,0.018583,0.147819,0
27,0.016204,0.000101,0.000018,0.140397,0.000470,0.000011,0.001002,0.158209,0
24,0.017791,0.000048,0.000006,0.153907,0.000626,0.000015,0.005471,0.177876,0
22,0.034413,0.000071,0.000006,0.219228,0.000512,0.000008,0.000807,0.255053,0
25,0.015753,0.000053,0.000004,0.094587,0.000356,0.000006,0.002587,0.113353,0
27,0.018106,0.000055,0.000007,0.155199,0.000394,0.000007,0.002074,0.175851,0
27,0.025221,0.000053,0.000005,0.202283,0.000462,0.000009,0.000449,0.228489,0
22,0.013576,0.000053,0.000005,0.049111,0.000513,0.000009,0.040969,0.104261,0
25,0.026037,0.000076,0.000006,0.204321,0.000623,0.000011,0.000438,0.231521,0
26,0.015365,0.000042,0.000005,0.104202,0.000387,0.000004,0.008922,0.128938,0
27,0.013055,0.000054,0.000009,0.207040,0.000458,0.000009,0.003147,0.223784,0
32,0.020452,0.000050,0.000006,0.207954,0.000938,0.000010,0.001305,0.230723,0
25,0.024325,0.000051,0.000005,0.143423,0.000398,0.000004,0.012661,0.180875,0
27,0.013776,0.000047,0.000005,0.172065,0.000585,0.000013,0.016538,0.203049,0
26,0.023870,0.000049,0.000004,0.107153,0.000424,0.000005,0.003174,0.134687,0
28,0.021886,0.000058,0.000006,0.184409,0.000494,0.000008,0.001612,0.208489,0
28,0.015903,0.000050,0.000009,0.043130,0.000422,0.000006,0.002852,0.062381,0
23,0.021207,0.000052,0.000005,0.190592,0.000527,0.000012,0.000681,0.213081,0
64,0.404914,0.000057,0.000004,0.015605,0.000391,0.000005,0.001470,0.422456,0
33,0.033687,0.000050,0.000005,0.042222,0.000508,0.000008,0.001111,0.077599,0
27,0.012753,0.000040,0.000005,0.098014,0.000355,0.000004,0.008646,0.119824,0
29,0.017830,0.000044,0.000009,0.034922,0.008562,0.000016,0.002684,0.064076,0
28,0.020952,0.000083,0.000010,0.187143,0.000427,0.000006,0.001556,0.210185,0
34,0.012116,0.000042,0.000004,0.010009,0.000428,0.000007,0.000995,0.023610,0
28,0.019562,0.000048,0.000006,0.183542,0.000395,0.000008,0.000456,0.204024,0
65,0.008682,0.000036,0.000004,0.054552,0.000298,0.000004,0.001360,0.064939,0
28,0.018126,0.000046,0.000004,0.030364,0.000418,0.000006,0.009990,0.058965,0
26,0.025781,0.000052,0.000005,0.173173,0.000426,0.000008,0.000389,0.199843,0
23,0.021282,0.000136,0.000012,0.161835,0.000582,0.000010,0.034503,0.218376,0
27,0.014327,0.000039,0.000003,0.102860,0.000400,0.000005,0.002824,0.120465,0
29,0.023762,0.000063,0.000007,0.033476,0.000422,0.000009,0.001601,0.059348,0
30,0.019662,0.000056,0.000006,0.041205,0.000465,0.000011,0.002771,0.064186,0
29,0.010396,0.000040,0.000005,0.033608,0.000480,0.000006,0.008534,0.053091,0
64,0.017201,0.000045,0.000005,0.052517,0.000400,0.000005,0.002372,0.072561,0
66,0.008161,0.000031,0.000003,0.055155,0.000310,0.000005,0.001109,0.064778,0
26,0.020901,0.000043,0.000004,0.160259,0.000711,0.000013,0.015215,0.197163,0
29,0.018045,0.000048,0.000006,0.161855,0.000554,0.000011,0.000920,0.181450,0
30,0.011803,0.000046,0.000006,0.031538,0.000438,0.000008,0.001641,0.045488,0
67,0.016870,0.000035,0.000003,0.010738,0.000301,0.000004,0.001232,0.029189,0
28,0.021503,0.000051,0.000006,0.184652,0.000856,0.000027,0.006522,0.213626,0
24,0.019851,0.000067,0.000006,0.046972,0.000830,0.000023,0.026457,0.094220,0
24,0.019208,0.000053,0.000005,0.167575,0.000416,0.000009,0.000613,0.187887,0
31,0.016233,0.000048,0.000007,0.015835,0.000392,0.000007,0.001449,0.033978,0
65,0.017160,0.000068,0.000006,0.051144,0.000334,0.000004,0.002548,0.071270,0
28,0.016291,0.000044,0.000006,0.113534,0.000394,0.000006,0.002714,0.132998,0
68,0.008177,0.000032,0.000004,0.048230,0.000359,0.000005,0.001466,0.058277,0
27,0.019593,0.000055,0.000006,0.056825,0.000517,0.000008,0.005489,0.082505,0
66,0.011221,0.000038,0.000003,0.018243,0.000281,0.000004,0.002398,0.032192,0
30,0.015779,0.000050,0.000006,0.098502,0.000371,0.000006,0.010093,0.124814,0
64,0.404827,0.000067,0.000010,0.065958,0.000410,0.000005,0.004699,0.475987,0
35,0.014163,0.000049,0.000005,0.187267,0.000578,0.000009,0.002420,0.204499,0
69,0.011151,0.000035,0.000003,0.025860,0.000321,0.000004,0.001481,0.038861,0
29,0.017230,0.000046,0.000004,0.194230,0.000479,0.000011,0.000469,0.212477,0
67,0.012369,0.000038,0.000004,0.018107,0.000288,0.000006,0.002544,0.033362,0
27,0.019949,0.000056,0.000006,0.206807,0.000675,0.000010,0.000416,0.227929,0
31,0.012904,0.000051,0.000008,0.192096,0.000438,0.000006,0.003038,0.208552,0
65,0.009783,0.000030,0.000003,0.057674,0.000276,0.000004,0.003970,0.071744,0
70,0.011376,0.000031,0.000003,0.049676,0.000280,0.000004,0.015725,0.077102,0
68,0.011261,0.000034,0.000003,0.063749,0.000422,0.000005,0.003308,0.078789,0
29,0.017870,0.000045,0.000006,0.111575,0.000409,0.000005,0.002911,0.132828,0
64,0.019516,0.000050,0.000005,0.060263,0.000381,0.000004,0.004469,0.084701,0
25,0.013153,0.000053,0.000005,0.170305,0.000429,0.000006,0.017221,0.201181,0
30,0.023139,0.000051,0.000006,0.199224,0.001040,0.000028,0.002611,0.226113,0
29,0.018147,0.000054,0.000004,0.184870,0.001167,0.000025,0.010881,0.215177,0
66,0.007531,0.000032,0.000003,0.050129,0.000281,0.000004,0.003922,0.061906,0
30,0.013613,0.000042,0.000005,0.028253,0.000543,0.000006,0.002504,0.044986,0
31,0.014556,0.000044,0.000004,0.125710,0.000425,0.000006,0.010348,0.151100,0
25,0.023239,0.000052,0.000006,0.200709,0.000498,0.000008,0.000597,0.225113,0
71,0.015671,0.000032,0.000003,0.051505,0.000284,0.000004,0.001330,0.068832,0
32,0.013107,0.000057,0.000006,0.210348,0.000523,0.000023,0.001624,0.225706,0
69,0.011085,0.000034,0.000003,0.056673,0.000297,0.000004,0.002425,0.070528,0
36,0.021813,0.000053,0.000005,0.143312,0.000965,0.000019,0.001716,0.167892,0
26,0.012096,0.000048,0.000005,0.025306,0.000366,0.000006,0.025626,0.063463,0
28,0.019649,0.000050,0.000006,0.182140,0.000700,0.000009,0.005440,0.208013,0
30,0.021037,0.000053,0.000006,0.048620,0.000481,0.000009,0.004416,0.074633,0
67,0.007782,0.000032,0.000003,0.059712,0.000364,0.000006,0.004014,0.071919,0
65,0.011338,0.000038,0.000003,0.068918,0.000328,0.000004,0.004582,0.085217,0
33,0.022894,0.000057,0.000007,0.024388,0.000548,0.000011,0.001779,0.049695,0
37,0.027197,0.000059,0.000007,0.020546,0.000429,0.000007,0.001264,0.049517,0
72,0.011089,0.000030,0.000003,0.058313,0.000313,0.000004,0.001283,0.071040,0
30,0.016865,0.000049,0.000004,0.198086,0.000474,0.000007,0.000421,0.215911,0
70,0.011217,0.000041,0.000003,0.057673,0.000351,0.000004,0.002557,0.071852,0
31,0.011448,0.000048,0.000008,0.100856,0.000391,0.000006,0.002810,0.115574,0
32,0.019896,0.000057,0.000008,0.176052,0.000475,0.000009,0.003060,0.199566,0
28,0.018355,0.000054,0.000006,0.195303,0.000481,0.000012,0.000614,0.214835,0
34,0.016898,0.000057,0.000007,0.032361,0.000466,0.000007,0.001402,0.051207,0
68,0.007546,0.000034,0.000003,0.051622,0.000291,0.000004,0.003895,0.063399,0
66,0.007749,0.000032,0.000003,0.056443,0.000351,0.000005,0.008080,0.072668,0
31,0.013950,0.000053,0.000005,0.064000,0.000450,0.000010,0.004802,0.083283,0
73,0.011391,0.000030,0.000003,0.063417,0.000303,0.000004,0.001273,0.076426,0
32,0.017002,0.000043,0.000004,0.132170,0.000442,0.000007,0.016895,0.166578,0
35,0.020336,0.000054,0.000006,0.021938,0.000454,0.000006,0.001445,0.044247,0
71,0.012681,0.000037,0.000003,0.061314,0.000340,0.000005,0.002439,0.076824,0
27,0.012560,0.000044,0.000005,0.108053,0.000423,0.000005,0.017497,0.138594,0
31,0.024546,0.000058,0.000005,0.181060,0.000578,0.000012,0.003422,0.209695,0
74,0.010013,0.000028,0.000003,0.016164,0.000265,0.000004,0.001083,0.027564,0
69,0.011126,0.000031,0.000003,0.050414,0.000258,0.000004,0.003441,0.065282,0
67,0.009686,0.000042,0.000004,0.053683,0.000324,0.000004,0.004170,0.067919,0
26,0.032810,0.000149,0.000016,0.172986,0.000711,0.000010,0.001159,0.207863,0
68,0.008043,0.000034,0.000004,0.014295,0.000244,0.000004,0.003481,0.026109,0
38,0.013876,0.000049,0.000005,0.141342,0.000262,0.000004,0.000600,0.156142,0
29,0.027359,0.000059,0.000008,0.160552,0.000259,0.000004,0.004264,0.192516,0
72,0.012963,0.000031,0.000003,0.052390,0.000326,0.000005,0.002613,0.068337,0
32,0.019892,0.000045,0.000005,0.109827,0.000399,0.000007,0.002593,0.132775,0
75,0.014539,0.000032,0.000003,0.047726,0.000276,0.000005,0.001191,0.063776,0
70,0.007924,0.000032,0.000003,0.053760,0.000241,0.000004,0.003867,0.065835,0
73,0.011736,0.000031,0.000003,0.009900,0.000283,0.000004,0.002467,0.024429,0
33,0.017528,0.000043,0.000004,0.099025,0.000414,0.000005,0.009422,0.126450,0
69,0.007434,0.000035,0.000003,0.050431,0.000322,0.000004,0.004139,0.062374,0
28,0.015525,0.000041,0.000005,0.090910,0.000378,0.000005,0.016118,0.122993,0
76,0.009841,0.000033,0.000003,0.051934,0.000260,0.000004,0.001225,0.063303,0
31,0.019109,0.000048,0.000005,0.216041,0.000546,0.000011,0.000467,0.236234,0
29,0.032681,0.000088,0.000011,0.180246,0.000512,0.000009,0.000415,0.213970,0
71,0.009778,0.000027,0.000003,0.058125,0.000269,0.000004,0.008442,0.076653,0
33,0.028726,0.000058,0.000009,0.183963,0.000432,0.000009,0.002851,0.216059,0
74,0.012645,0.000046,0.000003,0.054310,0.000403,0.000007,0.002907,0.070327,0
32,0.023158,0.000053,0.000004,0.171938,0.000645,0.000012,0.009747,0.205574,0
34,0.016439,0.000043,0.000004,0.049528,0.000411,0.000005,0.009561,0.076000,0
70,0.009414,0.000033,0.000003,0.063348,0.000296,0.000005,0.004199,0.077303,0
77,0.008816,0.000027,0.000003,0.045996,0.000265,0.000004,0.001059,0.056174,0
75,0.012519,0.000039,0.000003,0.022033,0.000325,0.000004,0.002466,0.037397,0
36,0.012983,0.000049,0.000005,0.201584,0.000525,0.000011,0.001984,0.217149,0
33,0.015858,0.000044,0.000003,0.117688,0.000395,0.000005,0.002488,0.136488,0
78,0.012420,0.000032,0.000003,0.010133,0.000248,0.000004,0.001250,0.024093,0
27,0.025829,0.000047,0.000005,0.163286,0.000391,0.000005,0.000514,0.190081,0
32,0.029840,0.000076,0.000006,0.183498,0.000713,0.000014,0.001972,0.216128,0
76,0.010536,0.000028,0.000003,0.010880,0.000285,0.000006,0.002134,0.023880,0
72,0.013367,0.000057,0.000004,0.054057,0.000249,0.000004,0.003889,0.071632,0
30,0.016406,0.000054,0.000006,0.166051,0.000561,0.000008,0.013463,0.196560,0
39,0.017287,0.000050,0.000004,0.178933,0.000537,0.000009,0.001216,0.198042,0
79,0.010734,0.000033,0.000003,0.022604,0.000439,0.000007,0.002345,0.036171,0
71,0.014870,0.000031,0.000003,0.050735,0.000299,0.000005,0.003970,0.069919,0
29,0.013046,0.000043,0.000004,0.132453,0.000457,0.000009,0.020261,0.166288,0
77,0.008589,0.000035,0.000002,0.057150,0.000283,0.000004,0.002530,0.068601,0
73,0.009696,0.000031,0.000003,0.054206,0.000360,0.000004,0.003764,0.068077,0
35,0.018439,0.000065,0.000005,0.057924,0.000641,0.000014,0.034010,0.111109,0
80,0.008400,0.000029,0.000003,0.042394,0.000299,0.000004,0.001336,0.052470,0
31,0.019557,0.000053,0.000005,0.038131,0.000473,0.000008,0.004953,0.063191,0
78,0.012064,0.000032,0.000003,0.010533,0.000274,0.000004,0.002431,0.025346,0
34,0.017518,0.000047,0.000007,0.152745,0.000471,0.000007,0.003302,0.174106,0
72,0.011523,0.000032,0.000004,0.051570,0.000287,0.000004,0.004251,0.067678,0
28,0.018349,0.000036,0.000004,0.096439,0.000339,0.000005,0.000468,0.115644,0
34,0.016688,0.000045,0.000004,0.121494,0.000388,0.000004,0.002135,0.140767,0
32,0.019101,0.000053,0.000005,0.181809,0.000531,0.000011,0.000506,0.202022,0
30,0.022910,0.000049,0.000007,0.180422,0.000656,0.000012,0.000495,0.204559,0
74,0.012707,0.000036,0.000004,0.052736,0.000273,0.000004,0.003791,0.069557,0
33,0.020648,0.000060,0.000005,0.167336,0.001057,0.000023,0.010274,0.199418,0
40,0.017055,0.000039,0.000004,0.097696,0.000371,0.000004,0.000992,0.116166,0
81,0.011827,0.000029,0.000003,0.056349,0.000291,0.000004,0.001334,0.069842,0
79,0.009112,0.000030,0.000003,0.053024,0.000296,0.000004,0.002354,0.064830,0
37,0.023287,0.000059,0.000007,0.159297,0.000563,0.000010,0.001559,0.184789,0
75,0.013669,0.000033,0.000003,0.011362,0.000268,0.000003,0.003870,0.029213,0
73,0.009836,0.000028,0.000003,0.053493,0.000272,0.000004,0.004256,0.067896,0
33,0.025657,0.000049,0.000005,0.154877,0.000590,0.000012,0.001231,0.182430,0
80,0.010702,0.000029,0.000003,0.010905,0.000310,0.000004,0.002249,0.024208,0
76,0.007129,0.000028,0.000003,0.005300,0.000219,0.000004,0.003683,0.016370,0
31,0.020816,0.000071,0.000008,0.050646,0.000484,0.000012,0.000368,0.072411,0
34,0.018376,0.000055,0.000006,0.041173,0.000494,0.000008,0.004339,0.064461,0
82,0.011294,0.000032,0.000002,0.053390,0.000290,0.000004,0.001439,0.066456,0
29,0.016144,0.000039,0.000004,0.104644,0.000436,0.000007,0.000435,0.121712,0
74,0.010476,0.000031,0.000004,0.046463,0.000262,0.000004,0.003680,0.060927,0
81,0.007829,0.000027,0.000003,0.050187,0.000380,0.000004,0.002206,0.060653,0
83,0.013004,0.000036,0.000003,0.011863,0.000273,0.000004,0.001166,0.026354,0
34,0.024259,0.000107,0.000007,0.048217,0.000611,0.000012,0.001152,0.074378,0
35,0.012543,0.000050,0.000005,0.030524,0.000526,0.000009,0.004746,0.048413,0
77,0.011599,0.000033,0.000003,0.055015,0.000240,0.000005,0.003682,0.070582,0
30,0.015085,0.000047,0.000005,0.018419,0.000408,0.000007,0.000485,0.034460,0
35,0.016432,0.000045,0.000004,0.135234,0.000488,0.000009,0.003558,0.155781,0
36,0.014629,0.000052,0.000005,0.168438,0.000923,0.000019,0.018034,0.202109,0
30,0.014065,0.000053,0.000005,0.178063,0.000507,0.000011,0.025067,0.217782,0
41,0.028448,0.000044,0.000003,0.106329,0.000496,0.000007,0.001362,0.136696,0
32,0.016736,0.000050,0.000004,0.173788,0.000549,0.000005,0.004038,0.195178,0
35,0.022277,0.000048,0.000007,0.176461,0.000520,0.000009,0.003110,0.202442,0
75,0.010935,0.000030,0.000003,0.056715,0.000327,0.000005,0.003985,0.072005,0
33,0.019199,0.000049,0.000004,0.172040,0.000274,0.000005,0.000251,0.191824,0
82,0.013355,0.000033,0.000005,0.054175,0.000257,0.000004,0.002336,0.070171,0
84,0.008879,0.000033,0.000004,0.057435,0.000305,0.000005,0.001440,0.068105,0
78,0.009562,0.000031,0.000002,0.051179,0.000278,0.000004,0.003637,0.064698,0
79,0.010289,0.000029,0.000003,0.009940,0.000273,0.000005,0.003680,0.024223,0
83,0.010537,0.000038,0.000003,0.018434,0.000309,0.000004,0.002578,0.031909,0
38,0.023512,0.000046,0.000006,0.173899,0.000473,0.000007,0.001428,0.199379,0
80,0.008363,0.000039,0.000003,0.015322,0.000287,0.000004,0.003737,0.027758,0
85,0.009825,0.000049,0.000003,0.049651,0.000262,0.000004,0.001123,0.060921,0
31,0.011359,0.000044,0.000004,0.110135,0.000418,0.000005,0.000477,0.122446,0
76,0.015153,0.000033,0.000003,0.056803,0.000322,0.000004,0.004073,0.076396,0
35,0.015971,0.000054,0.000005,0.139851,0.000417,0.000007,0.005058,0.161375,0
33,0.015435,0.000041,0.000004,0.108535,0.000313,0.000004,0.007689,0.132029,0
77,0.012040,0.000029,0.000003,0.008236,0.000271,0.000004,0.004264,0.024854,0
42,0.015708,0.000048,0.000004,0.121202,0.000515,0.000010,0.001267,0.138759,0
32,0.017901,0.000054,0.000005,0.197743,0.000457,0.000008,0.000368,0.216541,0
84,0.011357,0.000030,0.000004,0.057741,0.000341,0.000006,0.003057,0.072543,0
81,0.010761,0.000031,0.000003,0.046208,0.000244,0.000004,0.003831,0.061086,0
86,0.010686,0.000032,0.000004,0.054189,0.000252,0.000004,0.001189,0.066360,0
82,0.007000,0.000026,0.000002,0.003921,0.000257,0.000004,0.003361,0.014576,0
36,0.013574,0.000050,0.000005,0.181458,0.000515,0.000007,0.006440,0.202064,0
43,0.016047,0.000044,0.000003,0.024156,0.000432,0.000004,0.000978,0.041669,0
34,0.016765,0.000039,0.000005,0.030317,0.000378,0.000004,0.003659,0.051172,0
87,0.011396,0.000031,0.000003,0.015639,0.000328,0.000004,0.001285,0.028691,0
78,0.007737,0.000033,0.000003,0.054244,0.000278,0.000004,0.003957,0.066261,0
85,0.010480,0.000030,0.000003,0.053455,0.000307,0.000004,0.002420,0.066705,0
37,0.018370,0.000065,0.000007,0.183543,0.001055,0.000027,0.018278,0.221357,0
31,0.018427,0.000050,0.000005,0.179911,0.000516,0.000010,0.023698,0.222628,0
34,0.017900,0.000050,0.000004,0.168424,0.000445,0.000008,0.000450,0.187286,0
36,0.017458,0.000056,0.000006,0.208784,0.000527,0.000011,0.003229,0.230077,0
32,0.021987,0.000044,0.000005,0.100827,0.000419,0.000007,0.000444,0.123736,0
35,0.017472,0.000049,0.000005,0.032461,0.000389,0.000005,0.004376,0.054766,0
83,0.007064,0.000031,0.000003,0.060473,0.000365,0.000005,0.004352,0.072297,0
39,0.021566,0.000057,0.000006,0.154851,0.000365,0.000006,0.001370,0.178228,0
36,0.026502,0.000112,0.000012,0.212092,0.000729,0.000011,0.003620,0.243092,0
88,0.008450,0.000030,0.000003,0.056923,0.000286,0.000004,0.001342,0.067042,0
35,0.018333,0.000049,0.000005,0.034540,0.000415,0.000007,0.000420,0.053777,0
79,0.010184,0.000033,0.000003,0.060435,0.000305,0.000004,0.003971,0.074939,0
86,0.010411,0.000036,0.000004,0.056676,0.000316,0.000004,0.002395,0.069849,0
37,0.017300,0.000050,0.000005,0.035219,0.000493,0.000009,0.003388,0.056473,0
40,0.014290,0.000047,0.000004,0.017661,0.000398,0.000005,0.001289,0.033698,0
44,0.010971,0.000045,0.000003,0.098364,0.000340,0.000004,0.000976,0.110710,0
33,0.022351,0.000046,0.000005,0.036175,0.000390,0.000007,0.000546,0.059526,0
38,0.033062,0.000064,0.000006,0.037314,0.000631,0.000014,0.014608,0.085710,0
84,0.009456,0.000033,0.000003,0.048598,0.000229,0.000004,0.003819,0.062145,0
36,0.016614,0.000043,0.000006,0.020764,0.000418,0.000010,0.000432,0.038294,0
37,0.020809,0.000053,0.000008,0.027773,0.000368,0.000004,0.002385,0.051408,0
34,0.011938,0.000039,0.000004,0.014345,0.000329,0.000004,0.000396,0.027058,0
89,0.014444,0.000030,0.000003,0.054558,0.000308,0.000005,0.001404,0.070756,0
80,0.009811,0.000030,0.000003,0.053465,0.000289,0.000004,0.003449,0.067055,0
33,0.018180,0.000056,0.000005,0.193082,0.000674,0.000015,0.000825,0.212848,0
36,0.021543,0.000052,0.000005,0.196905,0.000436,0.000005,0.000804,0.219755,0
87,0.011113,0.000034,0.000003,0.059448,0.000306,0.000005,0.002440,0.073356,0
45,0.020837,0.000065,0.000007,0.048777,0.000626,0.000008,0.001289,0.071625,0
38,0.015204,0.000043,0.000007,0.034597,0.000354,0.000005,0.003205,0.053425,0
85,0.011470,0.000029,0.000003,0.055022,0.000296,0.000005,0.003793,0.070621,0
36,0.012011,0.000041,0.000004,0.127209,0.000452,0.000004,0.004635,0.144364,0
35,0.014941,0.000051,0.000004,0.043708,0.000951,0.000026,0.002048,0.061744,0
37,0.022020,0.000054,0.000005,0.190815,0.000532,0.000011,0.004800,0.218246,0
90,0.011384,0.000030,0.000003,0.054028,0.000273,0.000008,0.001234,0.066962,0
81,0.010913,0.000033,0.000004,0.049000,0.000262,0.000004,0.003423,0.063645,0
88,0.012947,0.000045,0.000004,0.051072,0.000310,0.000004,0.006545,0.070932,0
38,0.014238,0.000050,0.000006,0.135896,0.000463,0.000010,0.003410,0.154085,0
86,0.010429,0.000027,0.000002,0.046077,0.000291,0.000004,0.003635,0.060471,0
82,0.011084,0.000028,0.000003,0.013575,0.000288,0.000005,0.004360,0.029348,0
32,0.021209,0.000057,0.000006,0.184152,0.000334,0.000004,0.023457,0.229228,0
83,0.006680,0.000028,0.000003,0.012573,0.000266,0.000004,0.003477,0.023040,0
36,0.018880,0.000044,0.000004,0.057864,0.000434,0.000007,0.000610,0.077849,0
89,0.014222,0.000030,0.000003,0.025720,0.000421,0.000004,0.002345,0.042751,0
41,0.014939,0.000056,0.000004,0.175147,0.000510,0.000009,0.001592,0.192265,0
91,0.026329,0.000061,0.000004,0.052594,0.000415,0.000004,0.001300,0.080722,0
39,0.011921,0.000045,0.000006,0.108079,0.000409,0.000005,0.002665,0.123143,0
84,0.012460,0.000037,0.000003,0.010327,0.000252,0.000004,0.004091,0.027179,0
87,0.007134,0.000029,0.000003,0.046399,0.000284,0.000004,0.003600,0.057457,0
34,0.019084,0.000038,0.000004,0.135510,0.001077,0.000034,0.000901,0.156662,0
90,0.014023,0.000035,0.000003,0.017038,0.000292,0.000004,0.002236,0.033636,0
39,0.011654,0.000046,0.000004,0.182995,0.000518,0.000007,0.012049,0.207284,0
37,0.016918,0.000056,0.000005,0.020790,0.000439,0.000006,0.000739,0.038962,0
37,0.018118,0.000044,0.000006,0.108673,0.000414,0.000005,0.003479,0.130744,0
39,0.019657,0.000046,0.000004,0.060290,0.000402,0.000009,0.008604,0.089023,0
37,0.025080,0.000052,0.000006,0.196433,0.000807,0.000013,0.001284,0.223689,0
37,0.022427,0.000058,0.000006,0.171128,0.000713,0.000017,0.001812,0.196175,0
92,0.011693,0.000030,0.000003,0.056509,0.000269,0.000004,0.001362,0.069874,0
85,0.010023,0.000032,0.000003,0.043772,0.000315,0.000004,0.004601,0.058755,0
38,0.008214,0.000028,0.000003,0.035248,0.000453,0.000008,0.000606,0.044567,0
35,0.024193,0.000060,0.000006,0.022930,0.000544,0.000013,0.000613,0.048368,0
46,0.016901,0.000057,0.000006,0.179107,0.000466,0.000008,0.001193,0.197745,0
88,0.009271,0.000029,0.000003,0.059735,0.000292,0.000004,0.003696,0.073034,0
91,0.011436,0.000039,0.000003,0.053238,0.000283,0.000004,0.002306,0.067316,0
86,0.010713,0.000032,0.000003,0.009145,0.000268,0.000004,0.003840,0.024011,0
33,0.018054,0.000048,0.000004,0.116769,0.000486,0.000006,0.016916,0.152292,0
89,0.008841,0.000025,0.000003,0.016370,0.000271,0.000004,0.003420,0.028938,0
87,0.006697,0.000028,0.000003,0.013562,0.000266,0.000004,0.003525,0.024090,0
38,0.028752,0.000051,0.000006,0.182305,0.000493,0.000009,0.004429,0.216056,0
93,0.011295,0.000029,0.000002,0.055704,0.000304,0.000005,0.001481,0.068826,0
92,0.011432,0.000032,0.000004,0.050107,0.000350,0.000004,0.002384,0.064319,0
40,0.017752,0.000034,0.000004,0.128428,0.000364,0.000005,0.002485,0.149081,0
93,0.013364,0.000038,0.000003,0.014804,0.000326,0.000004,0.002484,0.031029,0
90,0.007914,0.000034,0.000003,0.056839,0.000257,0.000004,0.003806,0.068860,0
42,0.019575,0.000052,0.000005,0.175681,0.000441,0.000008,0.001495,0.197265,0
39,0.027321,0.000056,0.000006,0.041137,0.000502,0.000010,0.004386,0.073430,0
88,0.022517,0.000044,0.000004,0.051306,0.000275,0.000004,0.003864,0.078020,0
91,0.009803,0.000029,0.000003,0.007738,0.000262,0.000003,0.003322,0.021164,0
40,0.022571,0.000055,0.000006,0.158738,0.000517,0.000010,0.012737,0.194643,0
94,0.009506,0.000027,0.000003,0.090873,0.000493,0.000010,0.002267,0.103186,0
40,0.022707,0.000054,0.000006,0.194160,0.000827,0.000016,0.014899,0.232686,0
38,0.023485,0.000062,0.000006,0.170277,0.000501,0.000010,0.001164,0.195514,0
38,0.017546,0.000057,0.000006,0.193445,0.000738,0.000024,0.008630,0.220460,0
94,0.009009,0.000032,0.000003,0.057733,0.000304,0.000004,0.002448,0.069537,0
34,0.023501,0.000063,0.000008,0.108047,0.000441,0.000008,0.016547,0.148625,0
36,0.022690,0.000094,0.000010,0.168538,0.001032,0.000026,0.000438,0.192837,0
38,0.018522,0.000049,0.000007,0.198422,0.000848,0.000028,0.000747,0.218632,0
47,0.017251,0.000050,0.000005,0.176016,0.000423,0.000006,0.001197,0.194955,0
95,0.018919,0.000038,0.000004,0.016016,0.000322,0.000006,0.001974,0.037284,0
92,0.007179,0.000029,0.000003,0.059904,0.000232,0.000004,0.003747,0.071101,0
89,0.014575,0.000037,0.000005,0.060674,0.000297,0.000004,0.003590,0.079187,0
39,0.014896,0.000050,0.000007,0.204164,0.000570,0.000011,0.000823,0.220532,0
96,0.008171,0.000036,0.000003,0.004598,0.000327,0.000006,0.001684,0.014831,0
41,0.032941,0.000049,0.000005,0.027728,0.000575,0.000011,0.003931,0.065253,0
93,0.007575,0.000033,0.000003,0.005677,0.000265,0.000005,0.003975,0.017539,0
41,0.016152,0.000044,0.000006,0.134771,0.000399,0.000006,0.002422,0.153807,0
90,0.011553,0.000041,0.000004,0.017590,0.000290,0.000004,0.003813,0.033302,0
94,0.007262,0.000031,0.000003,0.007754,0.000342,0.000006,0.013648,0.029052,0
95,0.019104,0.000033,0.000003,0.046849,0.000386,0.000006,0.011448,0.077838,0
40,0.036269,0.000072,0.000006,0.028062,0.000511,0.000009,0.000722,0.065658,0
41,0.012424,0.000050,0.000005,0.011096,0.000402,0.000008,0.000608,0.024600,0
43,0.017464,0.000055,0.000004,0.176528,0.000472,0.000008,0.001825,0.196366,0
97,0.008551,0.000034,0.000004,0.087406,0.000344,0.000006,0.001535,0.097885,0
40,0.023711,0.000035,0.000003,0.174635,0.000475,0.000010,0.005196,0.204076,0
95,0.008256,0.000027,0.000002,0.056316,0.000268,0.000004,0.003667,0.068544,0
96,0.009789,0.000032,0.000004,0.061905,0.000321,0.000006,0.002428,0.074491,0
42,0.021846,0.000043,0.000006,0.080974,0.000392,0.000006,0.002460,0.105738,0
42,0.013330,0.000049,0.000005,0.029396,0.000439,0.000009,0.000698,0.043936,0
35,0.017189,0.000044,0.000004,0.154125,0.000464,0.000007,0.017957,0.189800,0
91,0.023484,0.000039,0.000004,0.100837,0.000441,0.000010,0.006549,0.131371,0
48,0.017755,0.000055,0.000006,0.167752,0.000542,0.000009,0.001328,0.187457,0
39,0.021949,0.000054,0.000005,0.165855,0.000524,0.000009,0.000490,0.188897,0
43,0.015326,0.000054,0.000005,0.016588,0.000388,0.000007,0.000600,0.032975,0
39,0.017193,0.000053,0.000006,0.196766,0.001132,0.000023,0.001517,0.216722,0
96,0.009367,0.000028,0.000002,0.053802,0.000267,0.000005,0.003385,0.066861,0
37,0.018661,0.000042,0.000005,0.184247,0.000448,0.000009,0.009131,0.212553,0
39,0.019803,0.000056,0.000006,0.198172,0.000509,0.000007,0.006668,0.225230,0
41,0.023233,0.000062,0.000005,0.047442,0.000531,0.000011,0.007454,0.078758,0
97,0.021476,0.000041,0.000004,0.047971,0.000271,0.000004,0.002187,0.071960,0
98,0.011566,0.000031,0.000003,0.072806,0.000333,0.000006,0.001629,0.086379,0
41,0.020729,0.000057,0.000008,0.205706,0.000490,0.000009,0.013033,0.240043,0
38,0.017921,0.000057,0.000005,0.019155,0.000676,0.000018,0.000661,0.038503,0
40,0.022254,0.000139,0.000025,0.031261,0.000677,0.000038,0.001430,0.055846,0
40,0.019642,0.000053,0.000021,0.027309,0.000527,0.000009,0.005785,0.053358,0
97,0.012808,0.000029,0.000003,0.047642,0.000279,0.000004,0.003730,0.064500,0
42,0.039587,0.000083,0.000005,0.199629,0.000823,0.000023,0.005988,0.246169,0
98,0.009934,0.000037,0.000003,0.051450,0.000319,0.000004,0.002247,0.064001,0
99,0.012831,0.000038,0.000004,0.053974,0.000338,0.000004,0.001295,0.068488,0
92,0.014072,0.000042,0.000005,0.094085,0.000447,0.000007,0.006579,0.115244,0
43,0.019573,0.000048,0.000007,0.132360,0.000479,0.000008,0.003263,0.155749,0
44,0.018282,0.000056,0.000005,0.170939,0.000447,0.000009,0.001582,0.191329,0
39,0.024312,0.000060,0.000006,0.041817,0.000470,0.000011,0.000370,0.067050,0
36,0.015685,0.000039,0.000004,0.113355,0.000381,0.000006,0.017633,0.147114,0
98,0.007284,0.000028,0.000003,0.046798,0.000275,0.000004,0.003909,0.058306,0
41,0.017427,0.000065,0.000004,0.061279,0.001097,0.000011,0.001453,0.081357,0
99,0.011567,0.000035,0.000003,0.047820,0.000263,0.000004,0.002354,0.062051,0
40,0.020584,0.000049,0.000013,0.145567,0.000480,0.000008,0.000452,0.167158,0
100,0.010389,0.000039,0.000004,0.055432,0.000285,0.000004,0.001216,0.067373,0
99,0.012356,0.000029,0.000003,0.014080,0.000260,0.000004,0.003454,0.030188,0
44,0.014611,0.000070,0.000005,0.161865,0.000951,0.000018,0.001616,0.179147,0
93,0.013853,0.000036,0.000004,0.061935,0.000281,0.000004,0.003221,0.079339,0
49,0.014897,0.000052,0.000006,0.191419,0.000507,0.000011,0.001133,0.208030,0
94,0.007543,0.000032,0.000004,0.006123,0.000270,0.000004,0.003956,0.017938,0
42,0.024692,0.000058,0.000005,0.157250,0.000449,0.000008,0.004293,0.186764,0
100,0.006381,0.000026,0.000003,0.046787,0.000284,0.000004,0.003539,0.057030,0
101,0.011493,0.000032,0.000003,0.048921,0.000317,0.000005,0.001332,0.062108,0
100,0.019020,0.000040,0.000004,0.055208,0.000315,0.000006,0.001973,0.076572,0
101,0.007543,0.000031,0.000003,0.018159,0.000320,0.000004,0.001932,0.027998,0
42,0.020441,0.000054,0.000005,0.204261,0.000506,0.000005,0.007223,0.232524,0
45,0.030810,0.000053,0.000005,0.044153,0.000770,0.000030,0.001461,0.077294,0
95,0.007545,0.000030,0.000003,0.052486,0.000284,0.000004,0.003860,0.064215,0
50,0.018284,0.000047,0.000003,0.053448,0.000465,0.000010,0.001347,0.073611,0
101,0.006886,0.000032,0.000003,0.043470,0.000243,0.000004,0.003371,0.054012,0
41,0.013450,0.000054,0.000005,0.190199,0.000515,0.000009,0.006136,0.210376,0
40,0.013883,0.000053,0.000005,0.143613,0.000425,0.000008,0.000411,0.158403,0
37,0.011332,0.000042,0.000005,0.121304,0.000450,0.000006,0.017567,0.150716,0
102,0.010234,0.000034,0.000003,0.015679,0.000310,0.000004,0.002363,0.028634,0
46,0.015735,0.000048,0.000004,0.014580,0.000454,0.000008,0.000643,0.031478,0
102,0.010440,0.000031,0.000003,0.055654,0.000298,0.000004,0.001161,0.067595,0
43,0.027173,0.000103,0.000014,0.198500,0.000517,0.000008,0.003492,0.229816,0
96,0.010524,0.000031,0.000003,0.047127,0.000312,0.000005,0.004033,0.062039,0
103,0.011680,0.000037,0.000003,0.018144,0.000311,0.000004,0.001265,0.031446,0
42,0.016583,0.000043,0.000004,0.037898,0.000468,0.000005,0.004676,0.059695,0
102,0.008251,0.000034,0.000003,0.053307,0.000271,0.000004,0.003522,0.065396,0
41,0.018768,0.000051,0.000004,0.166782,0.000410,0.000008,0.000473,0.186503,0
103,0.007729,0.000031,0.000004,0.049918,0.000257,0.000004,0.002282,0.060230,0
45,0.017656,0.000060,0.000005,0.216592,0.000493,0.000007,0.001566,0.236385,0
44,0.019115,0.000059,0.000008,0.218283,0.000466,0.000010,0.003352,0.241303,0
42,0.016521,0.000153,0.000020,0.213621,0.001058,0.000027,0.001435,0.232859,0
42,0.018735,0.000044,0.000004,0.022784,0.001045,0.000028,0.001268,0.043923,0
104,0.009431,0.000029,0.000003,0.054405,0.000295,0.000004,0.001251,0.065422,0
97,0.009072,0.000027,0.000003,0.060294,0.000391,0.000005,0.003581,0.073388,0
103,0.010380,0.000029,0.000002,0.052654,0.000251,0.000004,0.003482,0.066807,0
43,0.039861,0.000162,0.000022,0.164746,0.000505,0.000009,0.004001,0.209329,0
104,0.009312,0.000045,0.000004,0.057177,0.000312,0.000004,0.002398,0.069255,0
105,0.010899,0.000027,0.000003,0.011057,0.000297,0.000004,0.001241,0.023531,0
43,0.021726,0.000167,0.000004,0.020941,0.000934,0.000023,0.001424,0.045242,0
46,0.020053,0.000050,0.000006,0.058430,0.000483,0.000007,0.001499,0.080535,0
106,0.006533,0.000030,0.000003,0.005239,0.000240,0.000004,0.001182,0.013235,0
38,0.024804,0.000056,0.000007,0.128279,0.000371,0.000005,0.015398,0.168926,0
43,0.019675,0.000056,0.000004,0.168735,0.000396,0.000005,0.006846,0.195727,0
43,0.011265,0.000037,0.000004,0.101624,0.000369,0.000005,0.003917,0.117229,0
107,0.006494,0.000029,0.000003,0.013148,0.000322,0.000005,0.001296,0.021301,0
98,0.011094,0.000032,0.000003,0.047257,0.000272,0.000004,0.003909,0.062575,0
44,0.017935,0.000091,0.000005,0.021782,0.000498,0.000010,0.000761,0.041089,0
104,0.010132,0.000029,0.000003,0.047435,0.000235,0.000004,0.003251,0.061092,0
47,0.013948,0.000056,0.000006,0.164428,0.000781,0.000019,0.001475,0.180721,0
105,0.010610,0.000031,0.000003,0.050672,0.000299,0.000004,0.002518,0.064142,0
105,0.010476,0.000026,0.000003,0.008003,0.000251,0.000004,0.003666,0.022433,0
51,0.011238,0.000043,0.000005,0.213661,0.000475,0.000009,0.001304,0.226745,0
41,0.017270,0.000056,0.000005,0.205142,0.000458,0.000010,0.000369,0.223317,0
39,0.017619,0.000043,0.000006,0.017613,0.000374,0.000004,0.019588,0.055256,0
44,0.025421,0.000041,0.000005,0.173109,0.000611,0.000009,0.003346,0.202549,0
108,0.008264,0.000032,0.000003,0.048979,0.000282,0.000004,0.001296,0.058865,0
106,0.011546,0.000035,0.000003,0.021672,0.000283,0.000004,0.002528,0.036075,0
45,0.022514,0.000052,0.000007,0.150521,0.000406,0.000006,0.002911,0.176428,0
43,0.020562,0.000047,0.000005,0.112411,0.000413,0.000005,0.000324,0.133771,0
99,0.011402,0.000030,0.000003,0.049308,0.000259,0.000004,0.004194,0.065204,0
42,0.019092,0.000055,0.000005,0.019140,0.000384,0.000007,0.000311,0.038998,0
100,0.006493,0.000028,0.000003,0.010558,0.000237,0.000004,0.003552,0.020881,0
109,0.011300,0.000037,0.000003,0.021224,0.000334,0.000005,0.001452,0.034358,0
52,0.020143,0.000048,0.000005,0.044285,0.000490,0.000009,0.001302,0.066293,0
106,0.008851,0.000036,0.000003,0.057159,0.000263,0.000004,0.003643,0.069963,0
44,0.023264,0.000079,0.000007,0.135804,0.000543,0.000010,0.004561,0.164279,0
110,0.009788,0.000030,0.000002,0.010881,0.000264,0.000004,0.001261,0.022234,0
43,0.014299,0.000054,0.000005,0.015766,0.000482,0.000007,0.000363,0.030980,0
107,0.011244,0.000030,0.000002,0.055288,0.000296,0.000004,0.002546,0.069416,0
101,0.009573,0.000029,0.000004,0.054903,0.000300,0.000004,0.003562,0.068379,0
45,0.018932,0.000055,0.000004,0.022027,0.000920,0.000024,0.005135,0.047107,0
44,0.028360,0.000091,0.000012,0.132251,0.000524,0.000010,0.005013,0.166271,0
107,0.014302,0.000034,0.000003,0.053081,0.000272,0.000004,0.003740,0.071441,0
111,0.008136,0.000027,0.000003,0.054354,0.000288,0.000005,0.001267,0.064084,0
44,0.024892,0.000050,0.000006,0.102619,0.000412,0.000006,0.000373,0.128360,0
46,0.016289,0.000039,0.000007,0.114837,0.000409,0.000004,0.002390,0.133988,0
108,0.011418,0.000036,0.000002,0.053952,0.000331,0.000005,0.002950,0.068700,0
47,0.016520,0.000032,0.000004,0.230789,0.000682,0.000009,0.001623,0.249675,0
44,0.022394,0.000154,0.000014,0.189855,0.001032,0.000015,0.019333,0.232811,0
102,0.010888,0.000031,0.000004,0.056100,0.000275,0.000004,0.004300,0.071606,0
45,0.016298,0.000061,0.000005,0.211759,0.001140,0.000026,0.002384,0.231684,0
108,0.014070,0.000031,0.000003,0.044364,0.000225,0.000004,0.003300,0.062001,0
45,0.015357,0.000043,0.000004,0.036856,0.000439,0.000005,0.000346,0.053053,0
48,0.036888,0.000054,0.000004,0.198422,0.000622,0.000008,0.000792,0.236813,0
112,0.013197,0.000042,0.000003,0.051714,0.000286,0.000004,0.001256,0.066507,0
45,0.024066,0.000055,0.000007,0.182364,0.000906,0.000011,0.003180,0.210597,0
109,0.011597,0.000034,0.000003,0.048668,0.000324,0.000003,0.002424,0.063059,0
109,0.008629,0.000035,0.000003,0.009822,0.000301,0.000005,0.004121,0.022919,0
40,0.013271,0.000055,0.000005,0.190536,0.000503,0.000010,0.023956,0.228345,0
53,0.017697,0.000051,0.000005,0.166436,0.000651,0.000011,0.001603,0.186461,0
103,0.010185,0.000031,0.000004,0.050947,0.000285,0.000004,0.003945,0.065404,0
110,0.008263,0.000028,0.000003,0.024232,0.000303,0.000005,0.003773,0.036610,0
54,0.013710,0.000044,0.000004,0.009717,0.000381,0.000004,0.000800,0.024668,0
113,0.009751,0.000031,0.000002,0.051910,0.000274,0.000004,0.001187,0.063164,0
46,0.021946,0.000084,0.000009,0.027895,0.000481,0.000013,0.003431,0.053870,0
44,0.012689,0.000048,0.000005,0.192861,0.000630,0.000012,0.000401,0.206655,0
110,0.012580,0.000034,0.000003,0.048400,0.000289,0.000004,0.002393,0.063709,0
47,0.015962,0.000043,0.000008,0.114506,0.000357,0.000006,0.002656,0.133544,0
114,0.007674,0.000030,0.000003,0.005730,0.000250,0.000004,0.001113,0.014809,0
46,0.012785,0.000043,0.000004,0.091565,0.000473,0.000007,0.000461,0.105341,0
111,0.011906,0.000030,0.000003,0.010074,0.000266,0.000004,0.002428,0.024719,0
115,0.008955,0.000035,0.000003,0.008043,0.000276,0.000005,0.001334,0.018654,0
104,0.010393,0.000028,0.000003,0.044883,0.000270,0.000005,0.003812,0.059398,0
46,0.024760,0.000094,0.000012,0.166811,0.000456,0.000010,0.005874,0.198030,0
48,0.018227,0.000055,0.000007,0.133090,0.000360,0.000005,0.001141,0.152891,0
111,0.011266,0.000030,0.000003,0.049748,0.000257,0.000004,0.003802,0.065115,0
45,0.017108,0.000034,0.000004,0.189676,0.000606,0.000007,0.004614,0.212057,0
105,0.010984,0.000029,0.000003,0.007414,0.000230,0.000004,0.004194,0.022864,0
55,0.008464,0.000042,0.000005,0.058074,0.000422,0.000005,0.000816,0.067833,0
46,0.015409,0.000052,0.000006,0.154062,0.000816,0.000021,0.001940,0.172316,0
45,0.021479,0.000053,0.000005,0.146838,0.000828,0.000019,0.016227,0.185463,0
112,0.007773,0.000029,0.000003,0.057252,0.000317,0.000005,0.002778,0.068163,0
116,0.008690,0.000029,0.000003,0.057089,0.000272,0.000005,0.001218,0.067309,0
112,0.007467,0.000025,0.000002,0.045615,0.000246,0.000004,0.003616,0.056979,0
47,0.020973,0.000057,0.000004,0.035856,0.000557,0.000011,0.004392,0.061860,0
49,0.015829,0.000054,0.000007,0.181588,0.000394,0.000007,0.000553,0.198439,0
106,0.007350,0.000035,0.000002,0.053258,0.000278,0.000004,0.004290,0.065224,0
48,0.017743,0.000042,0.000007,0.101659,0.000333,0.000005,0.002668,0.122465,0
47,0.018915,0.000059,0.000006,0.110523,0.000380,0.000006,0.002643,0.132540,0
117,0.011194,0.000032,0.000003,0.017062,0.000296,0.000004,0.001226,0.029821,0
46,0.018469,0.000060,0.000006,0.052793,0.000675,0.000016,0.007873,0.079905,0
56,0.015042,0.000045,0.000006,0.058515,0.000470,0.000004,0.000938,0.075025,0
113,0.009884,0.000032,0.000004,0.046637,0.000297,0.000004,0.002306,0.059171,0
49,0.012943,0.000041,0.000004,0.105696,0.000426,0.000007,0.001311,0.120434,0
107,0.017326,0.000034,0.000003,0.014960,0.000326,0.000004,0.004188,0.036848,0
113,0.009982,0.000031,0.000003,0.049058,0.000232,0.000004,0.003713,0.063028,0
118,0.012074,0.000031,0.000003,0.020373,0.000302,0.000005,0.001223,0.034014,0
47,0.020785,0.000043,0.000004,0.124110,0.000434,0.000007,0.000329,0.145716,0
108,0.007072,0.000025,0.000003,0.003922,0.000265,0.000004,0.003437,0.014732,0
41,0.015664,0.000049,0.000005,0.210185,0.000436,0.000009,0.020085,0.246444,0
45,0.019541,0.000057,0.000007,0.178410,0.000502,0.000009,0.000345,0.198875,0
109,0.006311,0.000029,0.000003,0.006785,0.000261,0.000004,0.003929,0.017329,0
57,0.013160,0.000043,0.000006,0.056508,0.000416,0.000005,0.001306,0.071452,0
110,0.007341,0.000030,0.000003,0.008839,0.000284,0.000004,0.003569,0.020075,0
114,0.010017,0.000030,0.000003,0.044486,0.000244,0.000004,0.004895,0.059682,0
114,0.014221,0.000036,0.000005,0.055768,0.000353,0.000004,0.002205,0.072600,0
58,0.013698,0.000050,0.000005,0.010715,0.000371,0.000005,0.000885,0.025736,0
119,0.012143,0.000034,0.000003,0.057083,0.000311,0.000004,0.001296,0.070879,0
49,0.014930,0.000044,0.000006,0.098452,0.000392,0.000005,0.002409,0.116245,0
50,0.020543,0.000042,0.000004,0.107092,0.000336,0.000006,0.000478,0.128505,0
48,0.028951,0.000045,0.000006,0.097519,0.000388,0.000008,0.002555,0.129478,0
111,0.008142,0.000032,0.000003,0.051900,0.000319,0.000004,0.004142,0.064550,0
48,0.014081,0.000046,0.000004,0.168567,0.000481,0.000010,0.004862,0.188062,0
50,0.015271,0.000057,0.000005,0.114654,0.000392,0.000005,0.001111,0.131500,0
115,0.007271,0.000028,0.000003,0.053778,0.000241,0.000004,0.003670,0.064998,0
59,0.009400,0.000045,0.000004,0.052170,0.000388,0.000005,0.000863,0.062883,0
115,0.012440,0.000031,0.000003,0.052586,0.000249,0.000004,0.002310,0.067628,0
46,0.025197,0.000066,0.000007,0.173785,0.000557,0.000013,0.013076,0.212714,0
47,0.026780,0.000055,0.000007,0.189054,0.000438,0.000007,0.000854,0.217200,0
120,0.011375,0.000034,0.000003,0.056585,0.000278,0.000004,0.001342,0.069627,0
49,0.016842,0.000104,0.000005,0.030932,0.000477,0.000011,0.004107,0.052488,0
47,0.022567,0.000092,0.000010,0.167342,0.000446,0.000008,0.005436,0.195911,0
51,0.015099,0.000041,0.000004,0.020621,0.000384,0.000005,0.001102,0.037263,0
116,0.015803,0.000034,0.000003,0.021297,0.000299,0.000004,0.003721,0.041166,0
48,0.017734,0.000045,0.000005,0.152506,0.000722,0.000017,0.000790,0.171830,0
112,0.013008,0.000031,0.000004,0.049683,0.000280,0.000004,0.004130,0.067143,0
50,0.015502,0.000046,0.000007,0.094375,0.000341,0.000004,0.002364,0.112643,0
46,0.017357,0.000048,0.000005,0.152550,0.000497,0.000018,0.000510,0.170990,0
116,0.010425,0.000034,0.000004,0.056307,0.000291,0.000004,0.002555,0.069625,0
60,0.010077,0.000041,0.000004,0.059883,0.000448,0.000006,0.001074,0.071540,0
121,0.011715,0.000032,0.000002,0.053536,0.000267,0.000005,0.001218,0.066778,0
51,0.015989,0.000043,0.000003,0.115444,0.000415,0.000006,0.000474,0.132377,0
42,0.012527,0.000046,0.000005,0.176708,0.000431,0.000007,0.020772,0.210507,0
122,0.014251,0.000034,0.000003,0.009142,0.000314,0.000006,0.001313,0.025068,0
117,0.011939,0.000033,0.000003,0.057218,0.000258,0.000004,0.003618,0.073077,0
50,0.011288,0.000051,0.000003,0.085563,0.000407,0.000005,0.002371,0.099696,0
113,0.011273,0.000032,0.000003,0.054692,0.000298,0.000004,0.003993,0.070300,0
117,0.012789,0.000038,0.000003,0.054604,0.004443,0.000005,0.002529,0.074417,0
123,0.006772,0.000031,0.000003,0.044283,0.000301,0.000004,0.001147,0.052545,0
52,0.014885,0.000045,0.000004,0.112030,0.000458,0.000006,0.001094,0.128528,0
61,0.021692,0.000056,0.000005,0.064560,0.000478,0.000005,0.000817,0.087624,0
48,0.022256,0.000052,0.000005,0.150638,0.000541,0.000011,0.001053,0.174565,0
118,0.012663,0.000027,0.000003,0.057383,0.000272,0.000004,0.003600,0.073957,0
51,0.014222,0.000038,0.000005,0.109828,0.000384,0.000007,0.002160,0.126650,0
114,0.011340,0.000036,0.000003,0.056728,0.000301,0.000004,0.003974,0.072390,0
49,0.025848,0.000070,0.000006,0.178713,0.000994,0.000022,0.006186,0.211855,0
47,0.023653,0.000067,0.000006,0.171741,0.000514,0.000009,0.013551,0.209551,0
119,0.012883,0.000030,0.000003,0.013585,0.000293,0.000004,0.003721,0.030522,0
49,0.023433,0.000123,0.000019,0.156050,0.000631,0.000009,0.000407,0.180676,0
118,0.013407,0.000032,0.000003,0.059757,0.000367,0.000004,0.002515,0.076100,0
52,0.015047,0.000041,0.000004,0.124161,0.000390,0.000006,0.000436,0.140089,0
62,0.011213,0.000045,0.000005,0.051470,0.000403,0.000004,0.000727,0.063874,0
124,0.012372,0.000032,0.000002,0.054786,0.000275,0.000004,0.001249,0.068726,0
51,0.017480,0.000045,0.000003,0.102312,0.000402,0.000006,0.002583,0.122838,0
47,0.030379,0.000062,0.000006,0.145617,0.000644,0.000014,0.000453,0.177184,0
125,0.009944,0.000030,0.000002,0.007990,0.000237,0.000004,0.001076,0.019288,0
48,0.022240,0.000060,0.000006,0.198380,0.000520,0.000010,0.005297,0.226522,0
119,0.013068,0.000041,0.000005,0.015897,0.000287,0.000004,0.002438,0.031744,0
115,0.012134,0.000032,0.000003,0.049856,0.000284,0.000004,0.004066,0.066385,0
120,0.007476,0.000028,0.000003,0.045470,0.000263,0.000004,0.003574,0.056822,0
48,0.022651,0.000052,0.000004,0.025324,0.000572,0.000010,0.013878,0.062506,0
52,0.017347,0.000054,0.000007,0.022423,0.000361,0.000004,0.002428,0.042633,0
53,0.017465,0.000053,0.000006,0.101035,0.000344,0.000006,0.001219,0.120133,0
50,0.021119,0.000066,0.000009,0.038499,0.000879,0.000024,0.000810,0.061428,0
63,0.014855,0.000051,0.000005,0.051900,0.000404,0.000006,0.000818,0.068046,0
43,0.018812,0.000049,0.000005,0.163132,0.000511,0.000009,0.021754,0.204285,0
52,0.011957,0.000040,0.000008,0.102913,0.000355,0.000004,0.002609,0.117895,0
49,0.014794,0.000049,0.000005,0.021523,0.000623,0.000020,0.011655,0.048685,0
126,0.008514,0.000032,0.000003,0.048215,0.000257,0.000004,0.001230,0.058258,0
120,0.007581,0.000034,0.000003,0.053824,0.000346,0.000004,0.002384,0.064181,0
116,0.011443,0.000034,0.000003,0.042872,0.000264,0.000004,0.003832,0.058458,0
121,0.015145,0.000038,0.000003,0.048777,0.000239,0.000004,0.003637,0.067847,0
121,0.015300,0.000030,0.000003,0.009410,0.000331,0.000005,0.002753,0.027839,0
117,0.011506,0.000030,0.000003,0.008951,0.000266,0.000004,0.003892,0.024656,0
53,0.023178,0.000046,0.000005,0.113079,0.000409,0.000007,0.000502,0.137230,0
53,0.017564,0.000044,0.000007,0.036592,0.000419,0.000005,0.002432,0.057070,0
127,0.011352,0.000034,0.000003,0.052138,0.000307,0.000004,0.001267,0.065110,0
49,0.017313,0.000053,0.000005,0.180012,0.000592,0.000011,0.001318,0.199314,0
50,0.029703,0.000074,0.000006,0.158729,0.000438,0.000006,0.005622,0.194591,0
122,0.007060,0.000027,0.000003,0.044911,0.000277,0.000004,0.003772,0.056058,0
122,0.007164,0.000034,0.000003,0.045118,0.000278,0.000004,0.002217,0.054822,0
118,0.008383,0.000032,0.000003,0.044634,0.000297,0.000005,0.003798,0.057157,0
53,0.011039,0.000049,0.000004,0.116374,0.000453,0.000004,0.002773,0.130707,0
54,0.012259,0.000045,0.000006,0.032191,0.000370,0.000004,0.002402,0.047282,0
54,0.015488,0.000045,0.000004,0.034949,0.000333,0.000005,0.000465,0.051294,0
48,0.025191,0.000065,0.000006,0.149868,0.000486,0.000010,0.000356,0.175985,0
54,0.017469,0.000049,0.000004,0.152357,0.000486,0.000007,0.001693,0.172074,0
123,0.007999,0.000026,0.000003,0.053279,0.000272,0.000004,0.003273,0.064861,0
49,0.018390,0.000080,0.000010,0.159832,0.000539,0.000010,0.016629,0.195504,0
119,0.012217,0.000032,0.000003,0.047585,0.000315,0.000005,0.004278,0.064439,0
123,0.011847,0.000036,0.000003,0.055870,0.000309,0.000004,0.002207,0.070280,0
124,0.007797,0.000033,0.000003,0.012524,0.000269,0.000004,0.003518,0.024150,0
51,0.024817,0.000148,0.000018,0.182339,0.001052,0.000025,0.000902,0.209321,0
50,0.019217,0.000100,0.000010,0.175053,0.000949,0.000024,0.008855,0.204220,0
55,0.011328,0.000044,0.000004,0.096063,0.000362,0.000005,0.000463,0.108272,0
55,0.012016,0.000048,0.000007,0.097270,0.000399,0.000004,0.002187,0.111939,0
44,0.024126,0.000084,0.000009,0.179513,0.000458,0.000008,0.021397,0.225605,0
54,0.014621,0.000043,0.000005,0.108120,0.000414,0.000005,0.002544,0.125760,0
120,0.011241,0.000037,0.000003,0.049021,0.000294,0.000004,0.003656,0.064261,0
124,0.011991,0.000034,0.000003,0.050674,0.000282,0.000004,0.002392,0.065385,0
125,0.008229,0.000032,0.000003,0.047741,0.000275,0.000004,0.004076,0.060363,0
50,0.016433,0.000053,0.000006,0.157163,0.000511,0.000013,0.001521,0.175710,0
121,0.010184,0.000028,0.000003,0.015038,0.000265,0.000004,0.003604,0.029131,0
55,0.013953,0.000043,0.000004,0.017758,0.000351,0.000006,0.002380,0.034501,0
125,0.010588,0.000033,0.000003,0.020565,0.000324,0.000004,0.002421,0.033942,0
49,0.021424,0.000054,0.000007,0.153261,0.000411,0.000010,0.000338,0.175509,0
51,0.024247,0.000053,0.000004,0.181673,0.000504,0.000009,0.004416,0.210917,0
51,0.021911,0.000067,0.000005,0.037686,0.000500,0.000012,0.001095,0.061286,0
126,0.009724,0.000031,0.000003,0.052920,0.000297,0.000004,0.003806,0.066789,0
55,0.026404,0.000056,0.000006,0.146917,0.000475,0.000007,0.001553,0.175427,0
56,0.013750,0.000043,0.000004,0.097810,0.000338,0.000004,0.000490,0.112444,0
122,0.011910,0.000032,0.000003,0.050487,0.000319,0.000004,0.003838,0.066599,0
126,0.011992,0.000034,0.000003,0.054945,0.000318,0.000004,0.002308,0.069610,0
51,0.014483,0.000048,0.000004,0.131898,0.000464,0.000007,0.004320,0.151235,0
50,0.018051,0.000050,0.000005,0.156951,0.000517,0.000009,0.012936,0.188531,0
52,0.020201,0.000126,0.000020,0.156354,0.000947,0.000039,0.000813,0.178521,0
52,0.020480,0.000053,0.000005,0.039803,0.000465,0.000007,0.004079,0.064901,0
127,0.011528,0.000035,0.000004,0.015203,0.000304,0.000004,0.002641,0.029725,0
127,0.010184,0.000029,0.000003,0.050185,0.000281,0.000004,0.003514,0.064205,0
123,0.010529,0.000029,0.000003,0.046164,0.000278,0.000004,0.003871,0.060883,0
56,0.010882,0.000043,0.000004,0.112822,0.000461,0.000005,0.002583,0.126814,0
56,0.024410,0.000085,0.000015,0.165537,0.000497,0.000009,0.003098,0.193658,0
51,0.020032,0.000043,0.000004,0.033687,0.000369,0.000005,0.008925,0.063074,0
45,0.014926,0.000043,0.000005,0.166941,0.000499,0.000008,0.016450,0.198879,0
53,0.013127,0.000056,0.000004,0.071018,0.000507,0.000009,0.004385,0.089115,0
124,0.012615,0.000030,0.000003,0.048159,0.000277,0.000004,0.003859,0.064953,0
52,0.015890,0.000044,0.000005,0.020804,0.000397,0.000006,0.010884,0.048041,0
50,0.022021,0.000050,0.000005,0.167143,0.000454,0.000010,0.000422,0.190112,0
57,0.016753,0.000049,0.000005,0.137904,0.000438,0.000007,0.000789,0.155955,0
128,0.010252,0.000029,0.000003,0.053882,0.000309,0.000004,0.001224,0.065707,0
56,0.016927,0.000057,0.000005,0.154853,0.000475,0.000009,0.001636,0.173968,0
52,0.014552,0.000061,0.000005,0.180365,0.000719,0.000009,0.001064,0.196794,0
57,0.013045,0.000044,0.000008,0.097045,0.000388,0.000005,0.002436,0.112979,0
52,0.018610,0.000095,0.000010,0.147051,0.000374,0.000007,0.003503,0.169655,0
51,0.026158,0.000062,0.000005,0.019010,0.000457,0.000008,0.000530,0.046236,0
125,0.010626,0.000046,0.000003,0.048861,0.000295,0.000004,0.003772,0.063610,0
129,0.008743,0.000032,0.000002,0.048318,0.000314,0.000004,0.001075,0.058491,0
58,0.018111,0.000050,0.000004,0.044125,0.000518,0.000009,0.000708,0.063533,0
53,0.022499,0.000139,0.000019,0.170712,0.001025,0.000025,0.000883,0.195325,0
52,0.012892,0.000050,0.000005,0.019825,0.000661,0.000010,0.000568,0.034021,0
126,0.012319,0.000032,0.000003,0.017463,0.000293,0.000005,0.003613,0.033733,0
127,0.012413,0.000033,0.000003,0.007866,0.000248,0.000003,0.003645,0.024217,0
57,0.026387,0.000082,0.000014,0.152834,0.000600,0.000008,0.003269,0.183210,0
130,0.009567,0.000037,0.000003,0.037669,0.000264,0.000003,0.001035,0.048581,0
59,0.013569,0.000049,0.000005,0.035453,0.000466,0.000009,0.000753,0.050311,0
46,0.013296,0.000052,0.000004,0.154398,0.000436,0.000008,0.023532,0.191734,0
131,0.008353,0.000030,0.000003,0.003557,0.000244,0.000004,0.001034,0.013228,0
54,0.019204,0.000065,0.000004,0.142926,0.000627,0.000026,0.010653,0.173523,0
132,0.008066,0.000030,0.000003,0.039268,0.000269,0.000004,0.000999,0.048644,0
57,0.027949,0.000053,0.000006,0.144166,0.000519,0.000009,0.002008,0.174717,0
53,0.012921,0.000052,0.000006,0.175231,0.000549,0.000011,0.014625,0.203410,0
58,0.022577,0.000057,0.000009,0.043731,0.000610,0.000011,0.004203,0.071207,0
53,0.027953,0.000072,0.000013,0.152002,0.000712,0.000022,0.002291,0.183080,0
53,0.018071,0.000062,0.000004,0.155522,0.000499,0.000008,0.005063,0.179241,0
58,0.024625,0.000060,0.000007,0.164003,0.000786,0.000017,0.004001,0.193518,0
53,0.015053,0.000047,0.000004,0.149699,0.000610,0.000012,0.000512,0.165945,0
47,0.017518,0.000050,0.000005,0.060892,0.000528,0.000011,0.032154,0.111167,0
133,0.012800,0.000037,0.000003,0.047159,0.000319,0.000006,0.001190,0.061516,0
54,0.022516,0.000149,0.000019,0.159162,0.000875,0.000024,0.000917,0.183685,0
54,0.018968,0.000065,0.000006,0.037610,0.000651,0.000013,0.001585,0.058908,0
60,0.018109,0.000049,0.000006,0.147514,0.000545,0.000014,0.000988,0.167234,0
134,0.008834,0.000034,0.000003,0.036671,0.000268,0.000004,0.001096,0.046913,0
55,0.026984,0.000067,0.000005,0.154467,0.004732,0.000024,0.007742,0.194034,0
135,0.007888,0.000036,0.000003,0.033888,0.000295,0.000004,0.001000,0.043118,0
58,0.019207,0.000054,0.000005,0.141676,0.000449,0.000009,0.001700,0.163108,0
59,0.013156,0.000055,0.000008,0.146779,0.000436,0.000017,0.002904,0.163366,0
54,0.019747,0.000054,0.000004,0.146455,0.000543,0.000010,0.022123,0.188947,0
136,0.008413,0.000031,0.000002,0.036932,0.000274,0.000004,0.000960,0.046619,0
55,0.013173,0.000050,0.000007,0.116543,0.000477,0.000008,0.000857,0.131122,0
54,0.015949,0.000058,0.000005,0.163524,0.000716,0.000011,0.008353,0.188626,0
54,0.018513,0.000046,0.000004,0.144183,0.000517,0.000013,0.000398,0.163683,0
59,0.016246,0.000051,0.000004,0.035363,0.000460,0.000007,0.001732,0.053870,0
59,0.019487,0.000070,0.000006,0.182003,0.000646,0.000013,0.003566,0.205814,0
137,0.008423,0.000032,0.000003,0.039171,0.000277,0.000004,0.001111,0.049024,0
55,0.020134,0.000119,0.000019,0.163232,0.000746,0.000013,0.000750,0.185020,0
61,0.019827,0.000068,0.000006,0.141756,0.000471,0.000011,0.000607,0.162757,0
55,0.022725,0.000054,0.000006,0.024424,0.000438,0.000009,0.000341,0.048001,0
60,0.015503,0.000042,0.000006,0.104746,0.000349,0.000005,0.002345,0.123006,0
48,0.018931,0.000048,0.000004,0.192010,0.000517,0.000011,0.024981,0.236512,0
138,0.006595,0.000031,0.000003,0.040848,0.000284,0.000004,0.001093,0.048862,0
56,0.033154,0.000058,0.000007,0.131708,0.000425,0.000007,0.009984,0.175358,0
139,0.008214,0.000037,0.000003,0.039636,0.000272,0.000004,0.001083,0.049252,0
60,0.012468,0.000049,0.000005,0.139139,0.000426,0.000008,0.001650,0.153752,0
49,0.019692,0.000045,0.000005,0.036125,0.000464,0.000009,0.021847,0.078194,0
55,0.018981,0.000051,0.000006,0.162441,0.000621,0.000020,0.013590,0.195720,0
56,0.022675,0.000040,0.000004,0.153498,0.000797,0.000020,0.002526,0.179572,0
56,0.016856,0.000117,0.000018,0.121959,0.000370,0.000005,0.000284,0.139611,0
140,0.007973,0.000036,0.000003,0.038018,0.000255,0.000004,0.001037,0.047331,0
61,0.016036,0.000038,0.000006,0.102524,0.000321,0.000004,0.002114,0.121051,0
60,0.022139,0.000065,0.000006,0.150332,0.000610,0.000010,0.003494,0.176665,0
55,0.027226,0.000055,0.000006,0.173874,0.000444,0.000008,0.005513,0.207137,0
50,0.011459,0.000070,0.000010,0.021064,0.000419,0.000010,0.019678,0.052721,0
62,0.013776,0.000059,0.000006,0.155232,0.000384,0.000006,0.000603,0.170074,0
141,0.009064,0.000034,0.000003,0.046997,0.000330,0.000004,0.001123,0.057563,0
56,0.012572,0.000045,0.000005,0.184773,0.000529,0.000012,0.000395,0.198338,0
57,0.026091,0.000083,0.000010,0.146837,0.000535,0.000009,0.008642,0.182216,0
142,0.011292,0.000039,0.000004,0.040212,0.000274,0.000004,0.001076,0.052904,0
61,0.019836,0.000047,0.000005,0.126260,0.000406,0.000006,0.001548,0.148115,0
56,0.020966,0.000050,0.000005,0.125797,0.000456,0.000006,0.009029,0.156317,0
58,0.017227,0.000055,0.000005,0.016809,0.000512,0.000012,0.005217,0.039847,0
57,0.018245,0.000057,0.000006,0.140595,0.000605,0.000014,0.000565,0.160093,0
143,0.010214,0.000032,0.000002,0.041337,0.000281,0.000004,0.001145,0.053019,0
57,0.024833,0.000070,0.000006,0.149501,0.000529,0.000008,0.000917,0.175875,0
144,0.008330,0.000033,0.000002,0.003977,0.000286,0.000005,0.001209,0.013845,0
62,0.016259,0.000053,0.000007,0.050356,0.000515,0.000007,0.001935,0.069139,0
62,0.019333,0.000050,0.000008,0.161002,0.000632,0.000013,0.003698,0.184745,0
51,0.013090,0.000053,0.000005,0.139896,0.000440,0.000005,0.015961,0.169459,0
64,0.021153,0.000073,0.000007,0.173699,0.000677,0.000011,0.004057,0.199696,0
56,0.018142,0.000049,0.000006,0.154024,0.000418,0.000007,0.004598,0.177255,0
145,0.007991,0.000028,0.000002,0.028938,0.000293,0.000004,0.000994,0.038256,0
61,0.025401,0.000071,0.000007,0.179970,0.000721,0.000012,0.003924,0.210117,0
63,0.027151,0.000061,0.000006,0.151402,0.001039,0.000022,0.001722,0.181426,0
58,0.015618,0.000055,0.000005,0.044313,0.000504,0.000012,0.001069,0.061583,0
52,0.013909,0.000043,0.000005,0.021444,0.000344,0.000005,0.015167,0.050927,0
58,0.014479,0.000037,0.000005,0.088497,0.000321,0.000006,0.000342,0.103691,0
146,0.010589,0.000030,0.000003,0.031032,0.000277,0.000004,0.000968,0.042905,0
65,0.023351,0.000092,0.000005,0.035351,0.000514,0.000008,0.003613,0.062943,0
57,0.017221,0.000044,0.000005,0.098732,0.000561,0.000006,0.009249,0.125836,0
57,0.019433,0.000049,0.000006,0.185117,0.000461,0.000010,0.000359,0.205440,0
57,0.018325,0.000051,0.000007,0.054357,0.000399,0.000008,0.005023,0.078178,0
147,0.009956,0.000030,0.000002,0.006021,0.000260,0.000004,0.000949,0.017224,0
59,0.013898,0.000042,0.000005,0.012887,0.000338,0.000005,0.000308,0.027486,0
53,0.010663,0.000042,0.000004,0.026275,0.000339,0.000005,0.014627,0.051962,0
148,0.007086,0.000026,0.000002,0.010905,0.000276,0.000004,0.001013,0.019315,0
58,0.013301,0.000056,0.000007,0.009533,0.000511,0.000011,0.011838,0.035265,0
149,0.010034,0.000029,0.000002,0.007005,0.000245,0.000004,0.000967,0.018290,0
59,0.012293,0.000051,0.000005,0.162206,0.000680,0.000012,0.005248,0.180523,0
58,0.025913,0.000077,0.000011,0.042418,0.000522,0.000009,0.000404,0.069360,0
63,0.018635,0.000046,0.000006,0.144830,0.000602,0.000007,0.001681,0.165826,0
63,0.017754,0.000064,0.000006,0.142457,0.000557,0.000013,0.004808,0.165671,0
150,0.007344,0.000030,0.000003,0.030186,0.000269,0.000004,0.000998,0.038838,0
59,0.018399,0.000061,0.000007,0.123266,0.000417,0.000009,0.000798,0.142965,0
62,0.022135,0.000054,0.000005,0.149053,0.000545,0.000011,0.003635,0.175450,0
151,0.010669,0.000040,0.000003,0.025034,0.000256,0.000004,0.000998,0.037006,0
60,0.010435,0.000039,0.000003,0.108080,0.000403,0.000006,0.000293,0.119261,0
54,0.011335,0.000048,0.000005,0.086328,0.000387,0.000005,0.013465,0.111580,0
66,0.014500,0.000053,0.000005,0.144051,0.000527,0.000010,0.003017,0.162174,0
63,0.017881,0.000067,0.000008,0.019160,0.000406,0.000008,0.002692,0.040231,0
55,0.010156,0.000036,0.000004,0.009932,0.000326,0.000005,0.013321,0.033789,0
152,0.010058,0.000031,0.000002,0.036538,0.000262,0.000004,0.001047,0.047946,0
58,0.018654,0.000045,0.000004,0.166023,0.000501,0.000008,0.005086,0.190331,0
59,0.015871,0.000070,0.000010,0.151346,0.000458,0.000009,0.011671,0.179445,0
60,0.019344,0.000051,0.000005,0.136862,0.000423,0.000010,0.004596,0.161298,0
153,0.008870,0.000029,0.000002,0.036193,0.000349,0.000005,0.000987,0.046440,0
61,0.014205,0.000039,0.000004,0.089156,0.000331,0.000004,0.000339,0.104082,0
59,0.020532,0.000060,0.000005,0.169519,0.000536,0.000010,0.000381,0.191049,0
60,0.020108,0.000054,0.000007,0.137534,0.000466,0.000010,0.001019,0.159208,0
154,0.009415,0.000035,0.000003,0.029427,0.000277,0.000004,0.001050,0.040213,0
56,0.009954,0.000035,0.000003,0.081633,0.000347,0.000006,0.015361,0.107348,0
155,0.009040,0.000032,0.000003,0.005539,0.000262,0.000004,0.001047,0.015931,0
67,0.017257,0.000048,0.000005,0.135768,0.000757,0.000016,0.004313,0.158174,0
156,0.007291,0.000031,0.000003,0.030661,0.000289,0.000004,0.001008,0.039290,0
62,0.013803,0.000041,0.000003,0.086535,0.000341,0.000004,0.000310,0.101042,0
68,0.017869,0.000053,0.000005,0.025480,0.000456,0.000008,0.003066,0.046945,0
157,0.010323,0.000030,0.000003,0.032420,0.000304,0.000004,0.001013,0.044100,0
57,0.010476,0.000041,0.000004,0.070804,0.000338,0.000005,0.014497,0.096172,0
61,0.016594,0.000050,0.000005,0.140449,0.000582,0.000010,0.005586,0.163287,0
59,0.017656,0.000045,0.000004,0.164353,0.000447,0.000009,0.004736,0.187261,0
158,0.010422,0.000032,0.000003,0.013380,0.000258,0.000004,0.001048,0.025150,0
60,0.022314,0.000052,0.000006,0.121173,0.000544,0.000010,0.000358,0.144461,0
60,0.019664,0.000051,0.000005,0.163416,0.000582,0.000016,0.018467,0.202217,0
159,0.009283,0.000027,0.000002,0.006038,0.000242,0.000004,0.001010,0.016609,0
63,0.011401,0.000039,0.000003,0.087897,0.000362,0.000004,0.000290,0.099998,0
60,0.016682,0.000046,0.000004,0.035098,0.000452,0.000008,0.004557,0.056856,0
61,0.019221,0.000056,0.000004,0.162218,0.000743,0.000019,0.001261,0.183530,0
62,0.018622,0.000051,0.000005,0.039765,0.000513,0.000010,0.005097,0.064072,0
160,0.007414,0.000026,0.000002,0.042153,0.000285,0.000004,0.000993,0.050881,0
61,0.021012,0.000050,0.000005,0.011924,0.000393,0.000008,0.004983,0.038384,0
58,0.014425,0.000038,0.000004,0.084653,0.000325,0.000005,0.013821,0.113279,0
69,0.011850,0.000047,0.000006,0.121002,0.000433,0.000009,0.003228,0.136585,0
161,0.010157,0.000032,0.000003,0.034003,0.000286,0.000004,0.001008,0.045497,0
62,0.024020,0.000144,0.000015,0.017122,0.000550,0.000008,0.004502,0.046382,0
162,0.010431,0.000035,0.000003,0.009946,0.000267,0.000004,0.000993,0.021681,0
61,0.023684,0.000057,0.000006,0.103880,0.000380,0.000005,0.007978,0.135995,0
61,0.017037,0.000039,0.000005,0.132194,0.000477,0.000008,0.000361,0.150130,0
163,0.007541,0.000031,0.000003,0.029174,0.000265,0.000004,0.000975,0.037998,0
62,0.020658,0.000052,0.000005,0.123966,0.000457,0.000010,0.000997,0.146154,0
63,0.014833,0.000055,0.000004,0.146686,0.000520,0.000010,0.004757,0.166875,0
164,0.011359,0.000031,0.000003,0.024684,0.000253,0.000005,0.000994,0.037331,0
165,0.009975,0.000032,0.000002,0.021487,0.000279,0.000004,0.000960,0.032741,0
62,0.010291,0.000057,0.000004,0.082448,0.000357,0.000005,0.008747,0.101916,0
70,0.019951,0.000050,0.000004,0.147792,0.000478,0.000009,0.002638,0.170934,0
63,0.012922,0.000045,0.000006,0.130509,0.000467,0.000010,0.004858,0.148824,0
166,0.008607,0.000027,0.000002,0.027225,0.000274,0.000004,0.000974,0.037118,0
59,0.016488,0.000051,0.000005,0.169489,0.000362,0.000006,0.013715,0.200124,0
167,0.008765,0.000025,0.000003,0.005607,0.000222,0.000004,0.000920,0.015549,0
62,0.017466,0.000051,0.000006,0.139158,0.000434,0.000007,0.000320,0.157448,0
168,0.007086,0.000026,0.000002,0.005719,0.000245,0.000004,0.000937,0.014020,0
169,0.009996,0.000033,0.000003,0.003452,0.000285,0.000005,0.000983,0.014759,0
63,0.018277,0.000052,0.000006,0.146231,0.000500,0.000010,0.001151,0.166233,0
71,0.013115,0.000035,0.000003,0.078983,0.000400,0.000005,0.001826,0.094376,0
170,0.007554,0.000028,0.000002,0.025785,0.000257,0.000004,0.000928,0.034561,0
63,0.017562,0.000052,0.000005,0.108595,0.000348,0.000005,0.008223,0.134798,0
64,0.021406,0.000093,0.000007,0.026783,0.000560,0.000010,0.000572,0.049442,0
171,0.009458,0.000029,0.000002,0.015196,0.000270,0.000004,0.000953,0.025914,0
60,0.016255,0.000043,0.000004,0.089389,0.000326,0.000005,0.014541,0.120572,0
172,0.009581,0.000027,0.000022,0.024272,0.000267,0.000004,0.000911,0.035087,0
72,0.015769,0.000038,0.000004,0.096885,0.000321,0.000005,0.001762,0.114789,0
173,0.009561,0.000027,0.000002,0.029378,0.000280,0.000004,0.000952,0.040208,0
63,0.019652,0.000047,0.000004,0.150897,0.000683,0.000019,0.000754,0.172061,0
61,0.008867,0.000035,0.000003,0.080476,0.000343,0.000004,0.011447,0.101182,0
174,0.009770,0.000025,0.000002,0.029769,0.000265,0.000004,0.000941,0.040780,0
65,0.015008,0.000053,0.000005,0.140554,0.000533,0.000010,0.000449,0.156617,0
175,0.007249,0.000036,0.000002,0.025694,0.000283,0.000004,0.000934,0.034205,0
73,0.012608,0.000035,0.000003,0.077511,0.000338,0.000005,0.001701,0.092208,0
66,0.010319,0.000052,0.000004,0.013977,0.000426,0.000005,0.000307,0.025095,0
176,0.007698,0.000026,0.000002,0.025013,0.000252,0.000004,0.000946,0.033944,0
67,0.010653,0.000042,0.000004,0.024738,0.000381,0.000004,0.000286,0.036110,0
177,0.009712,0.000027,0.000002,0.024596,0.000246,0.000004,0.000939,0.035527,0
62,0.010818,0.000046,0.000003,0.096182,0.000425,0.000006,0.016727,0.124212,0
68,0.011275,0.000047,0.000004,0.023214,0.000349,0.000005,0.000265,0.035162,0
178,0.008909,0.000025,0.000002,0.023353,0.000280,0.000004,0.000905,0.033479,0
69,0.008768,0.000038,0.000004,0.008080,0.000333,0.000004,0.000260,0.017489,0
74,0.014746,0.000035,0.000004,0.081828,0.000338,0.000004,0.002067,0.099028,0
179,0.009767,0.000026,0.000003,0.005486,0.000258,0.000003,0.000912,0.016457,0
70,0.009826,0.000035,0.000003,0.009911,0.000309,0.000005,0.000254,0.020344,0
63,0.013956,0.000039,0.000004,0.030269,0.000391,0.000004,0.013331,0.058002,0
180,0.006641,0.000022,0.000003,0.021828,0.000245,0.000004,0.000962,0.029707,0
75,0.012963,0.000042,0.000004,0.026795,0.000344,0.000005,0.001841,0.041999,0
181,0.009333,0.000026,0.000002,0.014355,0.000269,0.000004,0.000940,0.024931,0
76,0.010615,0.000040,0.000004,0.020290,0.000368,0.000005,0.001848,0.033175,0
182,0.009600,0.000023,0.000002,0.006432,0.000235,0.000004,0.000937,0.017236,0
183,0.006726,0.000024,0.000002,0.005333,0.000240,0.000004,0.000927,0.013259,0
71,0.010541,0.000041,0.000004,0.079880,0.000333,0.000004,0.000268,0.091074,0
184,0.006550,0.000022,0.000003,0.027774,0.000271,0.000004,0.000927,0.035553,0
72,0.012472,0.000043,0.000003,0.045022,0.000435,0.000006,0.000380,0.058366,0
185,0.006503,0.000024,0.000002,0.025413,0.000247,0.000004,0.000895,0.033090,0
77,0.009818,0.000045,0.000004,0.091317,0.000596,0.000010,0.001996,0.103791,0
186,0.010478,0.000031,0.000003,0.024958,0.000286,0.000004,0.000947,0.036709,0
78,0.015426,0.000043,0.000004,0.029518,0.000376,0.000005,0.001801,0.047181,0
187,0.009345,0.000026,0.000003,0.026867,0.000247,0.000004,0.000970,0.037465,0
79,0.010349,0.000043,0.000004,0.031960,0.000564,0.000011,0.003584,0.046525,0
188,0.010184,0.000031,0.000003,0.014529,0.000292,0.000004,0.000935,0.025980,0
73,0.016205,0.000084,0.000005,0.097529,0.000405,0.000005,0.000316,0.114552,0
64,0.695340,0.000103,0.000009,0.022623,0.000532,0.000008,0.001164,0.719787,0
64,0.022500,0.000084,0.000009,0.144186,0.000539,0.000010,0.017606,0.184953,0
189,0.010022,0.000029,0.000003,0.029434,0.000282,0.000004,0.001197,0.040975,0
65,0.018211,0.000057,0.000005,0.029629,0.000406,0.000007,0.000839,0.049159,0
190,0.011264,0.000029,0.000003,0.023589,0.000282,0.000004,0.001062,0.036235,0
191,0.008235,0.000023,0.000002,0.010221,0.000268,0.000004,0.001131,0.019887,0
74,0.013783,0.000038,0.000005,0.088102,0.000397,0.000006,0.000275,0.102606,0
80,0.021576,0.000059,0.000004,0.106840,0.000363,0.000004,0.001904,0.130757,0
65,0.014733,0.000057,0.000005,0.140429,0.000460,0.000009,0.016481,0.172183,0
66,0.023680,0.000049,0.000005,0.125323,0.000461,0.000009,0.000631,0.150163,0
75,0.011816,0.000038,0.000004,0.103787,0.000422,0.000007,0.000326,0.116402,0
81,0.014081,0.000037,0.000005,0.127412,0.000643,0.000019,0.002979,0.145184,0
64,0.023892,0.000079,0.000008,0.131148,0.000629,0.000010,0.000383,0.156155,0
76,0.016633,0.000041,0.000004,0.119035,0.000444,0.000007,0.000364,0.136532,0
67,0.013797,0.000047,0.000005,0.137106,0.000514,0.000010,0.000688,0.152174,0
66,0.012420,0.000051,0.000004,0.142489,0.000447,0.000007,0.017709,0.173138,0
82,0.021035,0.000060,0.000005,0.117238,0.000399,0.000005,0.001917,0.140665,0
65,0.016993,0.000057,0.000005,0.135113,0.000442,0.000009,0.000282,0.152905,0
68,0.013456,0.000051,0.000005,0.139742,0.000495,0.000010,0.000774,0.154540,0
83,0.014139,0.000041,0.000004,0.086161,0.000337,0.000005,0.002228,0.102923,0
77,0.015701,0.000057,0.000004,0.147129,0.000515,0.000008,0.000406,0.163823,0
84,0.011243,0.000040,0.000005,0.012594,0.000292,0.000004,0.001726,0.025911,0
67,0.016620,0.000049,0.000004,0.172623,0.000558,0.000010,0.022493,0.212366,0
66,0.016704,0.000051,0.000005,0.147460,0.000497,0.000012,0.000304,0.165038,0
64,0.020842,0.000078,0.000009,0.149043,0.000566,0.000010,0.010804,0.181368,0
67,0.016616,0.000048,0.000005,0.029581,0.000421,0.000007,0.000271,0.046953,0
64,0.022636,0.000075,0.000010,0.177003,0.000577,0.000011,0.000618,0.200939,0
69,0.013686,0.000049,0.000005,0.137785,0.000551,0.000009,0.000837,0.152930,0
78,0.017397,0.000059,0.000004,0.142364,0.000474,0.000007,0.000378,0.160686,0
85,0.010405,0.000041,0.000004,0.160569,0.000420,0.000007,0.002870,0.174326,0
64,0.021777,0.000087,0.000012,0.124631,0.000621,0.000011,0.024040,0.171204,0
68,0.015093,0.000044,0.000003,0.162742,0.000449,0.000010,0.019059,0.197411,0
65,0.037844,0.000066,0.000010,0.145521,0.000523,0.000012,0.010576,0.194565,0
68,0.012470,0.000044,0.000004,0.170525,0.000558,0.000009,0.000322,0.183937,0
79,0.017072,0.000044,0.000004,0.137406,0.000424,0.000006,0.000394,0.155355,0
70,0.023223,0.000072,0.000005,0.160563,0.000371,0.000004,0.000501,0.184744,0
65,0.018892,0.000066,0.000006,0.194039,0.000615,0.000010,0.000570,0.214209,0
66,0.016486,0.000067,0.000012,0.039678,0.000523,0.000010,0.010798,0.067586,0
80,0.017449,0.000048,0.000004,0.033995,0.000426,0.000006,0.000410,0.052342,0
86,0.019349,0.000046,0.000004,0.170999,0.000381,0.000007,0.003177,0.193976,0
65,0.013954,0.000061,0.000010,0.150788,0.000683,0.000012,0.025295,0.190817,0
67,0.015620,0.000053,0.000007,0.020800,0.000507,0.000012,0.011124,0.048132,0
69,0.012669,0.000051,0.000004,0.145301,0.000376,0.000007,0.014199,0.172616,0
87,0.017530,0.000048,0.000004,0.019302,0.000466,0.000009,0.003375,0.040749,0
69,0.018122,0.000053,0.000006,0.139892,0.000423,0.000009,0.000269,0.158779,0
81,0.015346,0.000048,0.000005,0.122006,0.000443,0.000006,0.000398,0.138256,0
71,0.017086,0.000056,0.000006,0.169484,0.000399,0.000008,0.000496,0.187542,0
66,0.013427,0.000058,0.000010,0.154482,0.000478,0.000009,0.000579,0.169050,0
68,0.012491,0.000053,0.000007,0.095279,0.000394,0.000005,0.006813,0.115050,0
70,0.015758,0.000049,0.000005,0.049785,0.000392,0.000008,0.000280,0.066281,0
70,0.016073,0.000037,0.000004,0.095819,0.000378,0.000005,0.016800,0.129128,0
67,0.013878,0.000048,0.000004,0.028450,0.000503,0.000012,0.000586,0.043489,0
88,0.011374,0.000047,0.000005,0.148084,0.000463,0.000009,0.002848,0.162839,0
66,0.013999,0.000049,0.000006,0.177318,0.000640,0.000010,0.020770,0.212803,0
69,0.011142,0.000050,0.000008,0.082045,0.000323,0.000004,0.006942,0.100520,0
82,0.013197,0.000046,0.000005,0.124108,0.000407,0.000006,0.000422,0.138195,0
71,0.015902,0.000062,0.000004,0.113108,0.000421,0.000007,0.000282,0.129791,0
71,0.017766,0.000048,0.000004,0.098851,0.000337,0.000006,0.014121,0.131141,0
72,0.018341,0.000045,0.000004,0.159121,0.000460,0.000009,0.001000,0.178988,0
72,0.010895,0.000054,0.000005,0.028436,0.000364,0.000006,0.015198,0.054966,0
70,0.011304,0.000038,0.000005,0.089991,0.000370,0.000004,0.007094,0.108815,0
89,0.022757,0.000058,0.000004,0.141477,0.000449,0.000007,0.003256,0.168017,0
68,0.012709,0.000049,0.000006,0.185178,0.000537,0.000009,0.000472,0.198965,0
83,0.015831,0.000048,0.000005,0.113225,0.000387,0.000006,0.000353,0.129859,0
67,0.013463,0.000048,0.000004,0.134651,0.000518,0.000011,0.019886,0.168592,0
69,0.015118,0.000052,0.000005,0.032624,0.000630,0.000010,0.000535,0.048979,0
90,0.017674,0.000045,0.000005,0.042215,0.000473,0.000008,0.003222,0.063654,0
84,0.017428,0.000045,0.000005,0.046456,0.000444,0.000006,0.000364,0.064751,0
71,0.011289,0.000041,0.000007,0.090162,0.000363,0.000004,0.007016,0.108891,0
72,0.013540,0.000045,0.000004,0.176123,0.000886,0.000022,0.000664,0.191292,0
68,0.014376,0.000051,0.000005,0.034412,0.000611,0.000012,0.023233,0.072713,0
73,0.020688,0.000047,0.000006,0.143705,0.000378,0.000006,0.000466,0.165298,0
73,0.019631,0.000049,0.000005,0.019037,0.000469,0.000010,0.000290,0.039493,0
72,0.012193,0.000045,0.000005,0.025541,0.000337,0.000004,0.015647,0.053780,0
69,0.013840,0.000061,0.000006,0.017391,0.000485,0.000010,0.022219,0.054026,0
73,0.013081,0.000046,0.000004,0.150601,0.000510,0.000008,0.018295,0.182556,0
70,0.013537,0.000038,0.000004,0.117916,0.000369,0.000006,0.000309,0.132183,0
64,0.030561,0.000100,0.000008,0.059630,0.000782,0.000011,0.001074,0.092178,0
73,0.011005,0.000041,0.000005,0.083445,0.000347,0.000005,0.007159,0.102014,0
91,0.016894,0.000085,0.000008,0.160779,0.000519,0.000008,0.002775,0.181082,0
85,0.016638,0.000052,0.000005,0.149110,0.000444,0.000007,0.000437,0.166721,0
74,0.024456,0.000045,0.000005,0.152355,0.000729,0.000019,0.000768,0.178382,0
74,0.012139,0.000047,0.000005,0.149102,0.000433,0.000007,0.000284,0.162022,0
70,0.012004,0.000049,0.000004,0.142877,0.000557,0.000011,0.021838,0.177351,0
71,0.016025,0.000050,0.000004,0.120232,0.000385,0.000004,0.000307,0.137009,0
74,0.012985,0.000044,0.000006,0.142364,0.000477,0.000008,0.017133,0.173026,0
74,0.010250,0.000042,0.000006,0.084003,0.000357,0.000005,0.007009,0.101680,0
65,0.019741,0.000082,0.000011,0.120269,0.000463,0.000007,0.000666,0.141246,0
86,0.014112,0.000047,0.000005,0.123992,0.000402,0.000006,0.000366,0.138933,0
66,0.016011,0.000057,0.000006,0.043630,0.000551,0.000010,0.000760,0.061037,0
75,0.016772,0.000048,0.000006,0.125444,0.000612,0.000012,0.001080,0.143982,0
92,0.015562,0.000057,0.000005,0.164135,0.000444,0.000009,0.002835,0.183056,0
75,0.011613,0.000039,0.000006,0.077074,0.000350,0.000004,0.006697,0.095791,0
75,0.013367,0.000041,0.000005,0.090809,0.000353,0.000004,0.013060,0.117647,0
72,0.013368,0.000040,0.000004,0.107879,0.000355,0.000005,0.000322,0.121975,0
67,0.021705,0.000050,0.000006,0.029588,0.000457,0.000009,0.000663,0.052484,0
76,0.010751,0.000038,0.000007,0.020872,0.000378,0.000005,0.006780,0.038837,0
75,0.015031,0.000048,0.000005,0.179296,0.000436,0.000009,0.000272,0.195102,0
76,0.010979,0.000038,0.000003,0.025276,0.000358,0.000006,0.013211,0.049878,0
71,0.012561,0.000046,0.000006,0.143760,0.000473,0.000010,0.018936,0.175803,0
77,0.011221,0.000040,0.000006,0.029245,0.000336,0.000005,0.006968,0.047829,0
76,0.019052,0.000036,0.000004,0.088879,0.000358,0.000005,0.000477,0.108815,0
77,0.009149,0.000036,0.000005,0.026853,0.000313,0.000005,0.012100,0.048469,0
87,0.023929,0.000058,0.000005,0.137059,0.000437,0.000006,0.000476,0.161975,0
73,0.014916,0.000037,0.000005,0.094291,0.000358,0.000005,0.000333,0.109948,0
78,0.013140,0.000036,0.000004,0.014792,0.000349,0.000006,0.013294,0.041650,0
74,0.013196,0.000033,0.000004,0.018580,0.000427,0.000004,0.000331,0.032577,0
93,0.016162,0.000051,0.000004,0.154907,0.000558,0.000010,0.002992,0.174697,0
77,0.014801,0.000035,0.000003,0.086479,0.000319,0.000005,0.000428,0.102075,0
78,0.010226,0.000041,0.000005,0.099639,0.000343,0.000005,0.006081,0.116347,0
76,0.017067,0.000043,0.000005,0.152570,0.000438,0.000009,0.000293,0.170427,0
68,0.012183,0.000045,0.000004,0.170192,0.000526,0.000008,0.000729,0.183693,0
64,0.024723,0.000084,0.000008,0.035729,0.000647,0.000012,0.000555,0.061768,0
72,0.012434,0.000053,0.000003,0.151304,0.000451,0.000008,0.022271,0.186534,0
88,0.016243,0.000045,0.000004,0.136096,0.000445,0.000006,0.000380,0.153224,0
75,0.011654,0.000050,0.000004,0.096971,0.000357,0.000004,0.000345,0.109388,0
79,0.011041,0.000043,0.000004,0.099167,0.000349,0.000005,0.013785,0.124401,0
77,0.017469,0.000051,0.000004,0.035189,0.000421,0.000007,0.000272,0.053417,0
76,0.014523,0.000041,0.000004,0.016752,0.000349,0.000005,0.000347,0.032023,0
94,0.013183,0.000045,0.000004,0.128245,0.000413,0.000008,0.003069,0.144978,0
79,0.011332,0.000041,0.000007,0.092083,0.000350,0.000005,0.006532,0.110356,0
78,0.028443,0.000052,0.000007,0.126072,0.000551,0.000010,0.000993,0.156152,0
69,0.012394,0.000052,0.000004,0.132938,0.000471,0.000008,0.000704,0.146580,0
80,0.013325,0.000041,0.000004,0.088974,0.000384,0.000004,0.013136,0.115876,0
77,0.011335,0.000039,0.000004,0.095198,0.000363,0.000005,0.000332,0.107278,0
73,0.013221,0.000056,0.000006,0.130624,0.000413,0.000008,0.022088,0.166428,0
65,0.016229,0.000063,0.000006,0.167415,0.000518,0.000010,0.000592,0.184843,0
89,0.016100,0.000056,0.000005,0.141783,0.000439,0.000008,0.000371,0.158767,0
80,0.023193,0.000040,0.000006,0.077536,0.000361,0.000004,0.007037,0.108189,0
78,0.015913,0.000048,0.000004,0.184337,0.001012,0.000024,0.000658,0.202003,0
95,0.017985,0.000047,0.000004,0.165381,0.000507,0.000010,0.003189,0.187134,0
70,0.012072,0.000075,0.000004,0.135261,0.000848,0.000013,0.001177,0.149460,0
79,0.018880,0.000047,0.000006,0.023175,0.000845,0.000025,0.000682,0.043669,0
81,0.010820,0.000043,0.000004,0.112401,0.000380,0.000006,0.015812,0.139475,0
78,0.014572,0.000043,0.000003,0.107419,0.000406,0.000006,0.000343,0.122796,0
79,0.020822,0.000047,0.000005,0.153467,0.000461,0.000010,0.000542,0.175360,0
81,0.011532,0.000044,0.000007,0.092814,0.000372,0.000005,0.007159,0.111942,0
90,0.017635,0.000047,0.000004,0.118167,0.000406,0.000005,0.000298,0.136564,0
80,0.017055,0.000059,0.000007,0.024322,0.000893,0.000023,0.000393,0.042756,0
82,0.011477,0.000043,0.000006,0.025138,0.000339,0.000004,0.007137,0.044151,0
82,0.014162,0.000042,0.000005,0.029512,0.000335,0.000006,0.013987,0.058055,0
74,0.012013,0.000044,0.000005,0.152492,0.000492,0.000008,0.022545,0.187611,0
66,0.039517,0.000056,0.000006,0.157605,0.000489,0.000010,0.000391,0.198079,0
71,0.016580,0.000066,0.000006,0.120094,0.000512,0.000016,0.000877,0.138158,0
79,0.014968,0.000046,0.000005,0.109236,0.000428,0.000005,0.000393,0.125084,0
67,0.016343,0.000053,0.000006,0.041255,0.000630,0.000012,0.000426,0.058731,0
96,0.020224,0.000082,0.000010,0.161776,0.000479,0.000008,0.003066,0.185653,0
72,0.014096,0.000089,0.000013,0.018139,0.000627,0.000014,0.001016,0.034003,0
91,0.017976,0.000051,0.000005,0.128275,0.000498,0.000010,0.000413,0.147234,0
80,0.019101,0.000058,0.000005,0.161736,0.000458,0.000008,0.000642,0.182015,0
83,0.012669,0.000047,0.000006,0.124675,0.000471,0.000006,0.009788,0.147668,0
83,0.011686,0.000040,0.000004,0.108306,0.000477,0.000009,0.021380,0.141912,0
81,0.014266,0.000049,0.000005,0.156704,0.000663,0.000044,0.000363,0.172099,0
92,0.016920,0.000046,0.000006,0.022038,0.000372,0.000004,0.000289,0.039678,0
75,0.011633,0.000051,0.000006,0.127625,0.000318,0.000005,0.013977,0.153623,0
81,0.015505,0.000057,0.000006,0.034728,0.000587,0.000010,0.000653,0.051557,0
84,0.011470,0.000038,0.000006,0.022189,0.000433,0.000008,0.008767,0.042922,0
93,0.010660,0.000042,0.000004,0.012395,0.000342,0.000005,0.000270,0.023720,0
68,0.019514,0.000077,0.000010,0.130312,0.000485,0.000011,0.000334,0.150749,0
80,0.018226,0.000056,0.000005,0.156200,0.000574,0.000012,0.000625,0.175706,0
73,0.012619,0.000050,0.000005,0.137400,0.000603,0.000018,0.000936,0.151638,0
97,0.013805,0.000044,0.000004,0.152778,0.000436,0.000006,0.002702,0.169783,0
76,0.008991,0.000038,0.000004,0.089356,0.000421,0.000007,0.019726,0.118556,0
94,0.010592,0.000040,0.000004,0.095632,0.000333,0.000006,0.000289,0.106897,0
82,0.020894,0.000050,0.000006,0.132192,0.000483,0.000009,0.000312,0.153950,0
85,0.012045,0.000042,0.000007,0.112126,0.000386,0.000005,0.006934,0.131552,0
84,0.020518,0.000055,0.000004,0.158534,0.000317,0.000005,0.013605,0.193045,0
82,0.017835,0.000052,0.000006,0.140432,0.000440,0.000008,0.000636,0.159415,0
77,0.017600,0.000067,0.000004,0.030634,0.000462,0.000009,0.021089,0.069875,0
81,0.018124,0.000054,0.000007,0.106497,0.000360,0.000004,0.000324,0.125372,0
86,0.010997,0.000040,0.000006,0.088585,0.000316,0.000005,0.007030,0.106987,0
74,0.017157,0.000065,0.000006,0.162443,0.000482,0.000010,0.000694,0.180864,0
69,0.016589,0.000048,0.000004,0.188956,0.000578,0.000009,0.000387,0.206579,0
83,0.021125,0.000046,0.000005,0.111031,0.000333,0.000004,0.000231,0.132778,0
98,0.021056,0.000071,0.000007,0.156631,0.000413,0.000007,0.002832,0.181024,0
85,0.011899,0.000036,0.000004,0.082805,0.000321,0.000004,0.012018,0.107097,0
87,0.010790,0.000038,0.000006,0.025775,0.000327,0.000005,0.007301,0.044250,0
82,0.014007,0.000041,0.000004,0.095432,0.000331,0.000005,0.000316,0.110137,0
95,0.018635,0.000066,0.000007,0.160229,0.000905,0.000037,0.012067,0.191967,0
75,0.016816,0.000094,0.000011,0.047234,0.000637,0.000013,0.000966,0.065775,0
83,0.016358,0.000053,0.000004,0.143438,0.000409,0.000007,0.000649,0.160923,0
88,0.010577,0.000038,0.000005,0.026325,0.000393,0.000005,0.006987,0.044337,0
78,0.012562,0.000049,0.000004,0.150165,0.000436,0.000010,0.020451,0.183687,0
76,0.013916,0.000038,0.000004,0.022103,0.000349,0.000005,0.000580,0.036999,0
84,0.014967,0.000036,0.000005,0.087165,0.000295,0.000004,0.000218,0.102691,0
86,0.009128,0.000035,0.000003,0.087627,0.000326,0.000005,0.011730,0.108860,0
70,0.012615,0.000071,0.000005,0.127266,0.000547,0.000012,0.000504,0.141029,0
99,0.015696,0.000047,0.000004,0.117056,0.000434,0.000009,0.002856,0.136111,0
84,0.019033,0.000036,0.000004,0.097834,0.000378,0.000005,0.000416,0.117708,0
89,0.010942,0.000050,0.000006,0.091878,0.000363,0.000004,0.006689,0.109940,0
77,0.010174,0.000041,0.000004,0.082271,0.000319,0.000004,0.000452,0.093268,0
96,0.020073,0.000101,0.000016,0.123568,0.000416,0.000006,0.000251,0.144434,0
83,0.013647,0.000039,0.000004,0.160833,0.000677,0.000011,0.000892,0.176114,0
87,0.010433,0.000038,0.000003,0.087833,0.000399,0.000006,0.013844,0.112567,0
85,0.015418,0.000040,0.000003,0.034117,0.000338,0.000005,0.000398,0.050322,0
71,0.011807,0.000046,0.000004,0.104620,0.000586,0.000015,0.000467,0.117553,0
88,0.009597,0.000036,0.000004,0.007439,0.000317,0.000005,0.014865,0.032274,0
85,0.013297,0.000039,0.000004,0.142005,0.000442,0.000007,0.000254,0.156051,0
86,0.014368,0.000042,0.000004,0.033080,0.000402,0.000006,0.000435,0.048341,0
100,0.015672,0.000050,0.000004,0.126915,0.000471,0.000011,0.003695,0.146826,0
79,0.020178,0.000076,0.000006,0.151334,0.000568,0.000008,0.024319,0.196523,0
78,0.012937,0.000045,0.000005,0.082830,0.000348,0.000005,0.000549,0.096722,0
90,0.011622,0.000043,0.000006,0.094408,0.000388,0.000005,0.006881,0.113359,0
89,0.011049,0.000046,0.000004,0.031645,0.000347,0.000004,0.013213,0.056315,0
97,0.015484,0.000044,0.000005,0.105881,0.000340,0.000005,0.000266,0.122027,0
79,0.009790,0.000042,0.000004,0.022547,0.000346,0.000004,0.000491,0.033228,0
80,0.012827,0.000047,0.000004,0.011670,0.000473,0.000010,0.022846,0.047891,0
101,0.031690,0.000042,0.000003,0.041353,0.000875,0.000021,0.005915,0.079909,0
87,0.010285,0.000039,0.000005,0.082348,0.000305,0.000005,0.000412,0.093401,0
84,0.022535,0.000057,0.000007,0.168038,0.000584,0.000011,0.000562,0.191801,0
72,0.019542,0.000093,0.000011,0.141426,0.000443,0.000009,0.000371,0.161900,0
91,0.010485,0.000038,0.000006,0.097879,0.000354,0.000004,0.007336,0.116110,0
86,0.015857,0.000049,0.000004,0.143731,0.000459,0.000010,0.000311,0.160428,0
98,0.013494,0.000040,0.000005,0.092753,0.000345,0.000004,0.000296,0.106939,0
80,0.010884,0.000044,0.000005,0.092696,0.000339,0.000005,0.000514,0.104491,0
64,0.546861,0.000098,0.000011,0.184142,0.000872,0.000016,0.006224,0.738248,0
90,0.009181,0.000035,0.000003,0.103726,0.000366,0.000005,0.012909,0.126233,0
88,0.016217,0.000039,0.000004,0.093342,0.000366,0.000005,0.000433,0.110411,0
102,0.011363,0.000043,0.000006,0.115743,0.000420,0.000007,0.002857,0.130453,0
91,0.016099,0.000040,0.000005,0.031936,0.000349,0.000005,0.014275,0.062717,0
81,0.009194,0.000036,0.000003,0.073837,0.000309,0.000004,0.000424,0.083812,0
89,0.012302,0.000038,0.000005,0.013047,0.000298,0.000005,0.000370,0.026067,0
92,0.012128,0.000036,0.000006,0.096289,0.000379,0.000006,0.007058,0.115909,0
99,0.013576,0.000038,0.000004,0.102026,0.000351,0.000004,0.000256,0.116258,0
81,0.021646,0.000070,0.000011,0.153261,0.000596,0.000012,0.033822,0.209435,0
92,0.010533,0.000038,0.000005,0.026676,0.000360,0.000005,0.014413,0.052038,0
73,0.014051,0.000050,0.000006,0.133036,0.000430,0.000007,0.000322,0.147907,0
85,0.018105,0.000049,0.000006,0.144581,0.000867,0.000023,0.001237,0.164879,0
100,0.013706,0.000044,0.000005,0.028459,0.000343,0.000006,0.000281,0.042846,0
87,0.015876,0.000047,0.000005,0.168387,0.000446,0.000009,0.000283,0.185057,0
90,0.010406,0.000044,0.000004,0.088885,0.000355,0.000005,0.000397,0.100097,0
65,0.016779,0.000064,0.000005,0.146100,0.000640,0.000013,0.012722,0.176333,0
82,0.011212,0.000043,0.000004,0.095292,0.000363,0.000005,0.000554,0.107476,0
93,0.011049,0.000040,0.000007,0.098584,0.000345,0.000004,0.007000,0.117035,0
91,0.014701,0.000043,0.000004,0.030552,0.000331,0.000005,0.000530,0.046170,0
93,0.010868,0.000043,0.000006,0.098589,0.000372,0.000005,0.014490,0.124382,0
103,0.022482,0.000049,0.000005,0.163050,0.000378,0.000005,0.001977,0.187954,0
94,0.011638,0.000050,0.000008,0.028647,0.000335,0.000005,0.007769,0.048459,0
101,0.010250,0.000037,0.000004,0.106495,0.000357,0.000005,0.000271,0.117421,0
74,0.010577,0.000049,0.000006,0.136891,0.000388,0.000006,0.000292,0.148215,0
83,0.010299,0.000041,0.000004,0.091813,0.000373,0.000005,0.000483,0.103022,0
82,0.013155,0.000047,0.000006,0.142285,0.000877,0.000039,0.027851,0.184273,0
88,0.026727,0.000091,0.000012,0.109937,0.000383,0.000004,0.000221,0.137380,0
86,0.018597,0.000059,0.000006,0.172381,0.000408,0.000007,0.000328,0.191789,0
92,0.015702,0.000047,0.000006,0.087599,0.000319,0.000005,0.000428,0.104108,0
83,0.012806,0.000062,0.000006,0.008627,0.000594,0.000012,0.024134,0.046280,0
89,0.013990,0.000041,0.000004,0.018893,0.000300,0.000004,0.000196,0.033431,0
95,0.010818,0.000039,0.000005,0.075989,0.000332,0.000004,0.006739,0.093937,0
66,0.015027,0.000047,0.000005,0.175921,0.000415,0.000005,0.002956,0.194386,0
84,0.009683,0.000038,0.000005,0.081883,0.000347,0.000004,0.000493,0.092458,0
104,0.016240,0.000039,0.000004,0.122518,0.000375,0.000006,0.002296,0.141486,0
94,0.016215,0.000040,0.000004,0.113095,0.000377,0.000006,0.015820,0.145563,0
102,0.014112,0.000041,0.000005,0.111912,0.000337,0.000004,0.000267,0.126681,0
84,0.016928,0.000143,0.000005,0.012558,0.000843,0.000010,0.024726,0.055246,0
85,0.011225,0.000036,0.000004,0.032324,0.000404,0.000005,0.000603,0.044607,0
90,0.009012,0.000037,0.000003,0.082091,0.000335,0.000004,0.000198,0.091683,0
75,0.012154,0.000044,0.000004,0.155355,0.000554,0.000009,0.000348,0.168472,0
103,0.014555,0.000046,0.000005,0.039952,0.000436,0.000008,0.000382,0.055387,0
93,0.015073,0.000037,0.000003,0.107023,0.000341,0.000005,0.000383,0.122868,0
96,0.010991,0.000043,0.000008,0.085059,0.000322,0.000005,0.006723,0.103158,0
85,0.017793,0.000159,0.000005,0.041406,0.000883,0.000024,0.029758,0.090037,0
67,0.021162,0.000058,0.000005,0.103665,0.000397,0.000007,0.003254,0.128559,0
87,0.017457,0.000052,0.000005,0.158196,0.000406,0.000007,0.000422,0.176551,0
94,0.017283,0.000047,0.000005,0.034308,0.000336,0.000006,0.000415,0.052403,0
105,0.013476,0.000037,0.000004,0.103643,0.000385,0.000004,0.001892,0.119447,0
95,0.015516,0.000036,0.000003,0.103484,0.000340,0.000005,0.014941,0.134332,0
86,0.011198,0.000040,0.000004,0.094774,0.000391,0.000005,0.000533,0.106950,0
91,0.015472,0.000038,0.000004,0.103697,0.000328,0.000006,0.000218,0.119765,0
87,0.021687,0.000041,0.000004,0.010513,0.000377,0.000007,0.000516,0.033150,0
76,0.012125,0.000043,0.000004,0.113929,0.000403,0.000009,0.000334,0.126852,0
97,0.011017,0.000044,0.000007,0.089537,0.000336,0.000004,0.007268,0.108224,0
88,0.026611,0.000102,0.000011,0.061968,0.000529,0.000012,0.000515,0.089755,0
68,0.010417,0.000039,0.000004,0.082120,0.000381,0.000005,0.003075,0.096048,0
77,0.012031,0.000056,0.000004,0.027010,0.000461,0.000008,0.000341,0.039914,0
92,0.015768,0.000037,0.000004,0.035948,0.000303,0.000005,0.000204,0.052271,0
95,0.011915,0.000040,0.000006,0.090400,0.000321,0.000005,0.000389,0.103080,0
104,0.014810,0.000048,0.000004,0.171653,0.000425,0.000008,0.000346,0.187299,0
106,0.013862,0.000042,0.000003,0.110578,0.000380,0.000004,0.001772,0.126648,0
69,0.010562,0.000041,0.000004,0.036023,0.000397,0.000005,0.002707,0.049744,0
78,0.012004,0.000050,0.000004,0.032615,0.000422,0.000008,0.000309,0.045416,0
96,0.011931,0.000044,0.000004,0.107773,0.000348,0.000006,0.013017,0.133129,0
98,0.009088,0.000037,0.000007,0.079164,0.000300,0.000005,0.005896,0.094504,0
88,0.010992,0.000043,0.000005,0.086840,0.000290,0.000005,0.000460,0.098638,0
89,0.009759,0.000039,0.000004,0.020918,0.000329,0.000005,0.000414,0.031472,0
86,0.031023,0.000070,0.000006,0.178128,0.000812,0.000038,0.017252,0.227339,0
99,0.012676,0.000050,0.000009,0.027938,0.000452,0.000007,0.008868,0.050011,0
93,0.013937,0.000044,0.000005,0.100881,0.000424,0.000006,0.000234,0.115535,0
96,0.014067,0.000041,0.000005,0.103048,0.000366,0.000005,0.000502,0.118040,0
97,0.014732,0.000035,0.000003,0.013300,0.000331,0.000004,0.000379,0.028786,0
70,0.008842,0.000034,0.000004,0.105492,0.000333,0.000005,0.002627,0.117345,0
107,0.017197,0.000036,0.000004,0.108585,0.000442,0.000014,0.002112,0.128407,0
89,0.017780,0.000046,0.000005,0.154633,0.000461,0.000008,0.000417,0.173358,0
97,0.015766,0.000042,0.000004,0.100923,0.000373,0.000005,0.013846,0.130969,0
90,0.011195,0.000044,0.000004,0.084176,0.000321,0.000004,0.000455,0.096203,0
98,0.010330,0.000048,0.000004,0.024937,0.000315,0.000005,0.000383,0.036026,0
79,0.011726,0.000056,0.000004,0.153081,0.000464,0.000008,0.000357,0.165701,0
91,0.010598,0.000041,0.000005,0.015952,0.000356,0.000005,0.000578,0.027540,0
100,0.013151,0.000046,0.000007,0.097734,0.000387,0.000005,0.007311,0.118650,0
105,0.016681,0.000046,0.000004,0.190784,0.000519,0.000010,0.000357,0.208406,0
94,0.014614,0.000046,0.000005,0.108326,0.000346,0.000005,0.000216,0.123559,0
87,0.011140,0.000045,0.000003,0.113097,0.000497,0.000010,0.018474,0.143275,0
92,0.008990,0.000041,0.000004,0.023460,0.000303,0.000004,0.000505,0.033309,0
101,0.011391,0.000041,0.000006,0.013902,0.000335,0.000004,0.007219,0.032905,0
71,0.011490,0.000044,0.000004,0.095506,0.000430,0.000006,0.002808,0.110294,0
64,0.022151,0.000115,0.000011,0.046926,0.000530,0.000009,0.001746,0.071502,0
98,0.024764,0.000074,0.000006,0.041773,0.000446,0.000010,0.018767,0.085849,0
108,0.016432,0.000048,0.000004,0.101482,0.000339,0.000006,0.002175,0.120493,0
95,0.011948,0.000038,0.000004,0.027864,0.000333,0.000005,0.000204,0.040400,0
106,0.017653,0.000053,0.000005,0.037675,0.000450,0.000007,0.000360,0.056208,0
72,0.010250,0.000043,0.000004,0.017621,0.000329,0.000004,0.003063,0.031320,0
99,0.016365,0.000043,0.000003,0.098850,0.000359,0.000005,0.000401,0.116028,0
102,0.011317,0.000037,0.000006,0.033247,0.000347,0.000005,0.007269,0.052238,0
109,0.013256,0.000039,0.000006,0.016385,0.000329,0.000004,0.001991,0.032016,0
65,0.012970,0.000054,0.000005,0.033919,0.000463,0.000010,0.001646,0.049074,0
90,0.015714,0.000045,0.000005,0.152699,0.000463,0.000009,0.000455,0.169396,0
93,0.011047,0.000047,0.000006,0.079178,0.000341,0.000004,0.000573,0.091199,0
88,0.010670,0.000047,0.000004,0.086468,0.000349,0.000005,0.015044,0.112594,0
110,0.011255,0.000047,0.000031,0.028703,0.000367,0.000006,0.002038,0.042455,0
80,0.010609,0.000049,0.000004,0.162611,0.000410,0.000006,0.000309,0.174005,0
96,0.017287,0.000039,0.000004,0.084478,0.000293,0.000005,0.000190,0.102299,0
73,0.010719,0.000040,0.000004,0.087328,0.000339,0.000005,0.002896,0.101337,0
81,0.010858,0.000048,0.000005,0.008404,0.000387,0.000007,0.000276,0.019989,0
100,0.014951,0.000041,0.000006,0.096430,0.000351,0.000006,0.000407,0.112194,0
103,0.011334,0.000040,0.000007,0.089347,0.000350,0.000004,0.007247,0.108337,0
94,0.010238,0.000040,0.000004,0.092893,0.000375,0.000004,0.000596,0.104155,0
104,0.009752,0.000045,0.000007,0.007791,0.000322,0.000005,0.006308,0.024239,0
99,0.011347,0.000045,0.000005,0.153992,0.000612,0.000015,0.022780,0.188808,0
91,0.016875,0.000051,0.000005,0.112719,0.000589,0.000009,0.000932,0.131190,0
82,0.018444,0.000041,0.000004,0.037611,0.000563,0.000010,0.000327,0.057004,0
95,0.009684,0.000034,0.000003,0.008037,0.000310,0.000004,0.000541,0.018616,0
66,0.010592,0.000042,0.000005,0.138590,0.000333,0.000005,0.001074,0.150646,0
107,0.012685,0.000053,0.000005,0.158793,0.000421,0.000007,0.000330,0.172298,0
89,0.011002,0.000045,0.000004,0.084451,0.000389,0.000005,0.015594,0.111497,0
111,0.014682,0.000059,0.000006,0.101265,0.000370,0.000005,0.002107,0.118498,0
74,0.010576,0.000041,0.000006,0.079328,0.000358,0.000004,0.002887,0.093206,0
96,0.011915,0.000039,0.000005,0.012124,0.000351,0.000006,0.000506,0.024953,0
97,0.015526,0.000040,0.000004,0.093196,0.000332,0.000004,0.000202,0.109307,0
108,0.016437,0.000048,0.000004,0.036381,0.000439,0.000008,0.000364,0.053686,0
100,0.013748,0.000045,0.000007,0.034779,0.000436,0.000008,0.020139,0.069177,0
75,0.010556,0.000039,0.000004,0.027267,0.000383,0.000007,0.003111,0.041376,0
101,0.014380,0.000038,0.000004,0.103757,0.000346,0.000005,0.000382,0.118914,0
97,0.010454,0.000039,0.000004,0.029441,0.000381,0.000005,0.000466,0.040794,0
105,0.011135,0.000038,0.000008,0.087258,0.000363,0.000005,0.007168,0.105983,0
83,0.011392,0.000040,0.000004,0.081239,0.000378,0.000004,0.000268,0.093329,0
98,0.022727,0.000074,0.000010,0.042978,0.000743,0.000024,0.000863,0.067425,0
67,0.011264,0.000040,0.000005,0.102485,0.000715,0.000009,0.001705,0.116230,0
99,0.018993,0.000065,0.000005,0.016052,0.000677,0.000024,0.000777,0.036599,0
102,0.013984,0.000041,0.000004,0.053242,0.000391,0.000006,0.000463,0.068135,0
112,0.011655,0.000035,0.000005,0.126388,0.000456,0.000009,0.002731,0.141287,0
68,0.011735,0.000039,0.000003,0.024507,0.000329,0.000004,0.001231,0.037856,0
98,0.010035,0.000048,0.000005,0.088158,0.000396,0.000005,0.000493,0.099145,0
76,0.009380,0.000037,0.000005,0.091075,0.000351,0.000005,0.002581,0.103441,0
84,0.012164,0.000045,0.000004,0.081327,0.000363,0.000005,0.000243,0.094153,0
90,0.016487,0.000103,0.000007,0.136928,0.000989,0.000023,0.031431,0.185982,0
92,0.024109,0.000079,0.000009,0.175721,0.000457,0.000009,0.000384,0.200774,0
109,0.017272,0.000054,0.000006,0.138890,0.000493,0.000010,0.000402,0.157131,0
101,0.012915,0.000051,0.000005,0.140015,0.000519,0.000009,0.019641,0.173165,0
106,0.011627,0.000041,0.000004,0.134385,0.000422,0.000007,0.009465,0.155961,0
100,0.015402,0.000038,0.000004,0.095208,0.000322,0.000004,0.000220,0.111202,0
103,0.014756,0.000041,0.000004,0.090501,0.000291,0.000005,0.000364,0.105965,0
99,0.010219,0.000043,0.000005,0.079342,0.000358,0.000005,0.000432,0.090408,0
69,0.015435,0.000040,0.000005,0.107359,0.000523,0.000006,0.001239,0.124617,0
85,0.009786,0.000043,0.000004,0.093067,0.000352,0.000005,0.000308,0.103567,0
77,0.011260,0.000040,0.000005,0.103560,0.000385,0.000005,0.002680,0.117941,0
101,0.015422,0.000039,0.000006,0.026632,0.000357,0.000005,0.000214,0.042677,0
93,0.015513,0.000052,0.000009,0.147130,0.000535,0.000012,0.000438,0.163696,0
104,0.014481,0.000035,0.000005,0.100269,0.000375,0.000006,0.000534,0.115711,0
113,0.019156,0.000044,0.000004,0.196252,0.000671,0.000015,0.004221,0.220375,0
100,0.010219,0.000037,0.000006,0.099827,0.000445,0.000005,0.000618,0.111167,0
102,0.019634,0.000044,0.000004,0.108685,0.000347,0.000005,0.014285,0.143012,0
91,0.016570,0.000063,0.000007,0.145304,0.000959,0.000024,0.027290,0.190228,0
70,0.013198,0.000044,0.000005,0.093451,0.000346,0.000006,0.001341,0.108398,0
78,0.010841,0.000042,0.000004,0.099293,0.000385,0.000006,0.003693,0.114273,0
86,0.010697,0.000043,0.000005,0.108902,0.000362,0.000004,0.000293,0.120310,0
105,0.015232,0.000041,0.000005,0.023960,0.000462,0.000010,0.000812,0.040532,0
110,0.016781,0.000084,0.000009,0.182897,0.000454,0.000008,0.000446,0.200685,0
94,0.020007,0.000048,0.000006,0.043349,0.000625,0.000010,0.000501,0.064557,0
107,0.012902,0.000052,0.000007,0.170044,0.000472,0.000009,0.013533,0.197032,0
71,0.011463,0.000044,0.000005,0.033751,0.000383,0.000005,0.008887,0.054548,0
102,0.010815,0.000044,0.000005,0.152991,0.000526,0.000009,0.000302,0.164697,0
103,0.011067,0.000039,0.000004,0.107432,0.000411,0.000004,0.014552,0.133517,0
101,0.013424,0.000063,0.000008,0.134502,0.000539,0.000009,0.000742,0.149295,0
87,0.012848,0.000047,0.000005,0.102467,0.000344,0.000004,0.000303,0.116021,0
79,0.015799,0.000038,0.000004,0.102277,0.000375,0.000005,0.002857,0.121362,0
88,0.011641,0.000045,0.000005,0.011322,0.000446,0.000010,0.000409,0.023884,0
92,0.015705,0.000062,0.000007,0.137357,0.000410,0.000009,0.021982,0.175541,0
114,0.029337,0.000039,0.000004,0.154144,0.000428,0.000007,0.003115,0.187081,0
102,0.015765,0.000043,0.000005,0.029965,0.000459,0.000007,0.000678,0.046928,0
106,0.013839,0.000040,0.000004,0.153054,0.000466,0.000010,0.000669,0.168089,0
95,0.015223,0.000057,0.000006,0.143580,0.000609,0.000021,0.000792,0.160298,0
111,0.018053,0.000051,0.000005,0.156600,0.000451,0.000009,0.000365,0.175539,0
93,0.011777,0.000047,0.000006,0.008819,0.000396,0.000008,0.019757,0.040821,0
108,0.014723,0.000059,0.000011,0.144102,0.000437,0.000007,0.007891,0.167243,0
72,0.017891,0.000070,0.000006,0.135921,0.000517,0.000010,0.001667,0.156090,0
115,0.022386,0.000083,0.000008,0.037659,0.000540,0.000012,0.004158,0.064860,0
80,0.010251,0.000039,0.000004,0.097024,0.000611,0.000012,0.004594,0.112546,0
103,0.019705,0.000049,0.000005,0.173580,0.000453,0.000010,0.000277,0.194083,0
104,0.017641,0.000041,0.000005,0.115123,0.000365,0.000005,0.014761,0.147949,0
107,0.021502,0.000073,0.000007,0.056839,0.000480,0.000011,0.000716,0.079635,0
89,0.013770,0.000051,0.000005,0.111401,0.000418,0.000005,0.000320,0.125972,0
116,0.016140,0.000053,0.000006,0.049701,0.000406,0.000008,0.002782,0.069105,0
104,0.018051,0.000056,0.000008,0.025682,0.000462,0.000010,0.000263,0.044536,0
108,0.019610,0.000041,0.000004,0.024102,0.000329,0.000004,0.000398,0.044491,0
96,0.013873,0.000050,0.000004,0.135296,0.000618,0.000013,0.000836,0.150700,0
73,0.013198,0.000054,0.000006,0.119668,0.000362,0.000005,0.001175,0.134472,0
103,0.014605,0.000053,0.000005,0.174248,0.000505,0.000010,0.000797,0.190232,0
112,0.014943,0.000044,0.000004,0.154488,0.000390,0.000007,0.000334,0.170217,0
81,0.009751,0.000033,0.000005,0.123455,0.000360,0.000004,0.002624,0.136240,0
109,0.013018,0.000047,0.000008,0.149925,0.000439,0.000007,0.008903,0.172359,0
90,0.010977,0.000052,0.000007,0.091251,0.000352,0.000005,0.000285,0.102932,0
97,0.021324,0.000050,0.000007,0.018912,0.000500,0.000011,0.000427,0.041235,0
117,0.015787,0.000046,0.000005,0.067001,0.000468,0.000008,0.003263,0.086588,0
94,0.013104,0.000047,0.000004,0.160996,0.000409,0.000007,0.023023,0.197603,0
105,0.016334,0.000040,0.000005,0.101089,0.000383,0.000004,0.015199,0.133064,0
82,0.013813,0.000038,0.000005,0.008070,0.000328,0.000005,0.002877,0.025143,0
91,0.010582,0.000038,0.000004,0.014210,0.000361,0.000004,0.000286,0.025488,0
109,0.011132,0.000043,0.000003,0.097870,0.000380,0.000005,0.000434,0.109871,0
74,0.009545,0.000040,0.000003,0.077742,0.000343,0.000005,0.001133,0.088818,0
118,0.029212,0.000051,0.000005,0.035879,0.000367,0.000004,0.002061,0.067587,0
105,0.013112,0.000050,0.000005,0.160041,0.000393,0.000009,0.000258,0.173872,0
98,0.012718,0.000052,0.000005,0.107409,0.000410,0.000005,0.000317,0.120920,0
83,0.013603,0.000040,0.000005,0.104623,0.000386,0.000004,0.002936,0.121604,0
104,0.017600,0.000056,0.000007,0.146306,0.000590,0.000009,0.000711,0.165291,0
113,0.017317,0.000047,0.000004,0.149867,0.000457,0.000008,0.000361,0.168066,0
99,0.016195,0.000053,0.000004,0.017125,0.000356,0.000004,0.000363,0.034104,0
75,0.013877,0.000045,0.000005,0.096860,0.000371,0.000005,0.001207,0.112375,0
92,0.011172,0.000044,0.000005,0.126109,0.000381,0.000008,0.000255,0.137979,0
119,0.009432,0.000041,0.000003,0.094566,0.000315,0.000005,0.001738,0.106107,0
84,0.010675,0.000044,0.000005,0.021983,0.000332,0.000005,0.003125,0.036177,0
110,0.012327,0.000086,0.000006,0.159435,0.000514,0.000009,0.013984,0.186373,0
95,0.013668,0.000054,0.000004,0.158236,0.000477,0.000010,0.021800,0.194259,0
100,0.011641,0.000041,0.000004,0.029670,0.000387,0.000004,0.000330,0.042081,0
106,0.009647,0.000036,0.000004,0.173125,0.000561,0.000010,0.022030,0.205427,0
110,0.021219,0.000050,0.000005,0.156556,0.000336,0.000004,0.000418,0.178591,0
106,0.018742,0.000062,0.000004,0.117622,0.000579,0.000015,0.000410,0.137443,0
111,0.013652,0.000050,0.000006,0.031233,0.000437,0.000008,0.009795,0.055192,0
107,0.011126,0.000046,0.000005,0.008699,0.000396,0.000008,0.018285,0.038576,0
76,0.010271,0.000037,0.000003,0.085189,0.000360,0.000005,0.001127,0.096998,0
93,0.012186,0.000036,0.000005,0.090225,0.000327,0.000005,0.000327,0.103115,0
111,0.015431,0.000038,0.000003,0.034164,0.000402,0.000007,0.000608,0.050656,0
85,0.009303,0.000037,0.000004,0.087292,0.000353,0.000004,0.002640,0.099641,0
94,0.009305,0.000039,0.000005,0.007982,0.000345,0.000005,0.000263,0.017945,0
120,0.015992,0.000037,0.000005,0.094136,0.000338,0.000004,0.001955,0.112474,0
105,0.012865,0.000050,0.000008,0.160918,0.000425,0.000008,0.000600,0.174884,0
101,0.014548,0.000045,0.000004,0.098011,0.000327,0.000005,0.000311,0.113254,0
114,0.018398,0.000048,0.000004,0.178381,0.000426,0.000008,0.000341,0.197612,0
102,0.011564,0.000038,0.000005,0.013526,0.000320,0.000005,0.000292,0.025753,0
86,0.010848,0.000038,0.000004,0.085808,0.000477,0.000009,0.003905,0.101099,0
95,0.011219,0.000045,0.000004,0.089580,0.000355,0.000004,0.000286,0.101496,0
96,0.012992,0.000053,0.000004,0.146779,0.000421,0.000010,0.026287,0.186559,0
77,0.011545,0.000043,0.000004,0.123054,0.000476,0.000012,0.001895,0.137040,0
112,0.015774,0.000041,0.000004,0.122062,0.000450,0.000007,0.000432,0.138776,0
106,0.011253,0.000045,0.000004,0.086733,0.000381,0.000005,0.000456,0.098880,0
112,0.011809,0.000046,0.000010,0.159826,0.000393,0.000009,0.008160,0.180263,0
107,0.016680,0.000077,0.000005,0.169543,0.000664,0.000023,0.000601,0.187602,0
103,0.010803,0.000043,0.000004,0.089412,0.000342,0.000004,0.000328,0.100940,0
121,0.023023,0.000087,0.000008,0.132835,0.000537,0.000008,0.003316,0.159823,0
108,0.011452,0.000048,0.000005,0.169111,0.000424,0.000008,0.016454,0.197515,0
108,0.017036,0.000045,0.000005,0.034111,0.000411,0.000007,0.000262,0.051881,0
87,0.010709,0.000038,0.000005,0.088999,0.000364,0.000005,0.002693,0.102821,0
96,0.010458,0.000044,0.000004,0.090320,0.000332,0.000005,0.000280,0.101445,0
97,0.011124,0.000046,0.000004,0.010465,0.000329,0.000005,0.000273,0.022248,0
113,0.016042,0.000048,0.000006,0.093612,0.000363,0.000005,0.000402,0.110480,0
107,0.010543,0.000052,0.000004,0.107212,0.000373,0.000004,0.000485,0.118679,0
115,0.017705,0.000053,0.000005,0.183009,0.000562,0.000011,0.000527,0.201877,0
104,0.011664,0.000039,0.000005,0.087700,0.000349,0.000005,0.000302,0.100067,0
78,0.012785,0.000050,0.000004,0.156651,0.000515,0.000012,0.001777,0.171803,0
109,0.013200,0.000053,0.000005,0.106950,0.000371,0.000005,0.014593,0.135185,0
116,0.020540,0.000050,0.000005,0.018372,0.000644,0.000015,0.000508,0.040146,0
97,0.012220,0.000047,0.000004,0.170079,0.000622,0.000009,0.023425,0.206439,0
88,0.010859,0.000037,0.000003,0.104905,0.000381,0.000005,0.003103,0.119302,0
98,0.010190,0.000037,0.000003,0.089505,0.000341,0.000004,0.000265,0.100348,0
113,0.013345,0.000047,0.000006,0.172967,0.000448,0.000010,0.009651,0.196483,0
122,0.013187,0.000041,0.000005,0.168145,0.000419,0.000007,0.002656,0.184469,0
108,0.010583,0.000048,0.000004,0.096833,0.000329,0.000005,0.000507,0.108316,0
99,0.010417,0.000046,0.000004,0.026245,0.000339,0.000005,0.000250,0.037308,0
105,0.015684,0.000043,0.000005,0.095086,0.000345,0.000005,0.000312,0.111483,0
109,0.017662,0.000047,0.000004,0.185503,0.000437,0.000009,0.000259,0.203925,0
98,0.014090,0.000061,0.000005,0.048974,0.000961,0.000027,0.030361,0.094493,0
114,0.019503,0.000053,0.000004,0.154264,0.000526,0.000010,0.000677,0.175045,0
110,0.011775,0.000046,0.000004,0.095389,0.000341,0.000004,0.013722,0.121291,0
79,0.013013,0.000053,0.000005,0.160497,0.000523,0.000011,0.001905,0.176016,0
117,0.019912,0.000080,0.000012,0.133551,0.000423,0.000008,0.000385,0.154378,0
111,0.010213,0.000046,0.000004,0.024233,0.000335,0.000005,0.012990,0.047835,0
100,0.011416,0.000048,0.000005,0.090977,0.000401,0.000004,0.000275,0.103129,0
106,0.013791,0.000045,0.000004,0.087057,0.000347,0.000005,0.000328,0.101581,0
89,0.012020,0.000051,0.000006,0.147620,0.000695,0.000008,0.004178,0.164600,0
109,0.011138,0.000043,0.000004,0.112556,0.000449,0.000005,0.000516,0.124715,0
99,0.015629,0.000079,0.000008,0.039885,0.000451,0.000009,0.022946,0.079017,0
114,0.014104,0.000049,0.000009,0.146208,0.000383,0.000007,0.009525,0.170295,0
90,0.010932,0.000049,0.000007,0.022073,0.000442,0.000006,0.003504,0.037021,0
91,0.010176,0.000037,0.000004,0.007999,0.000323,0.000005,0.003045,0.021597,0
123,0.018926,0.000044,0.000005,0.187147,0.000460,0.000010,0.003015,0.209617,0
115,0.018624,0.000056,0.000006,0.140293,0.000611,0.000012,0.000621,0.160235,0
101,0.010939,0.000049,0.000006,0.090446,0.000328,0.000004,0.000249,0.102023,0
107,0.013300,0.000040,0.000004,0.086461,0.000339,0.000006,0.000313,0.100467,0
110,0.011832,0.000044,0.000004,0.084300,0.000353,0.000004,0.000468,0.097009,0
112,0.011536,0.000041,0.000003,0.091735,0.000326,0.000005,0.013655,0.117309,0
110,0.021658,0.000054,0.000006,0.194804,0.000448,0.000008,0.000283,0.217265,0
80,0.014046,0.000055,0.000005,0.153608,0.000447,0.000009,0.001780,0.169959,0
118,0.022774,0.000072,0.000009,0.155768,0.000549,0.000011,0.000435,0.179626,0
100,0.010398,0.000045,0.000005,0.127894,0.000608,0.000011,0.022617,0.161590,0
92,0.011738,0.000048,0.000005,0.103771,0.000364,0.000005,0.002747,0.118684,0
115,0.013032,0.000051,0.000006,0.145821,0.000337,0.000006,0.006728,0.165991,0
111,0.011115,0.000044,0.000005,0.096126,0.000366,0.000006,0.000520,0.108186,0
108,0.015208,0.000043,0.000004,0.099417,0.000358,0.000005,0.000329,0.115367,0
93,0.011647,0.000046,0.000004,0.026768,0.000365,0.000005,0.002926,0.041771,0
102,0.010689,0.000038,0.000004,0.123565,0.000505,0.000010,0.000370,0.135189,0
113,0.013670,0.000040,0.000004,0.101062,0.000387,0.000005,0.013996,0.129174,0
124,0.018849,0.000045,0.000003,0.143700,0.000309,0.000004,0.002146,0.165062,0
116,0.020357,0.000051,0.000005,0.133529,0.000367,0.000005,0.000401,0.154719,0
94,0.010103,0.000039,0.000005,0.026132,0.000330,0.000005,0.002791,0.039414,0
125,0.012420,0.000041,0.000004,0.013258,0.000357,0.000005,0.001874,0.027964,0
114,0.013225,0.000043,0.000004,0.016400,0.000350,0.000004,0.014223,0.044258,0
111,0.019055,0.000058,0.000005,0.148305,0.000461,0.000009,0.000275,0.168171,0
116,0.011227,0.000043,0.000007,0.096800,0.000365,0.000006,0.007519,0.115978,0
95,0.010593,0.000040,0.000004,0.023001,0.000337,0.000005,0.002738,0.036725,0
112,0.010815,0.000040,0.000004,0.083901,0.000333,0.000005,0.000473,0.095575,0
81,0.014572,0.000048,0.000006,0.155053,0.000565,0.000012,0.002077,0.172343,0
117,0.011192,0.000044,0.000006,0.013366,0.000369,0.000005,0.007130,0.032126,0
119,0.020483,0.000052,0.000005,0.158716,0.000628,0.000014,0.000526,0.180435,0
113,0.011483,0.000047,0.000005,0.024003,0.000318,0.000005,0.000501,0.036366,0
101,0.014849,0.000069,0.000005,0.162963,0.000694,0.000013,0.022631,0.201233,0
117,0.015982,0.000040,0.000004,0.104921,0.000394,0.000007,0.000446,0.121798,0
120,0.020627,0.000044,0.000006,0.016040,0.000424,0.000007,0.000335,0.037488,0
126,0.011023,0.000043,0.000003,0.102121,0.000328,0.000004,0.002111,0.115638,0
96,0.009160,0.000035,0.000003,0.084778,0.000363,0.000006,0.002613,0.096965,0
103,0.015705,0.000055,0.000004,0.160212,0.001056,0.000024,0.000862,0.177929,0
121,0.011441,0.000045,0.000005,0.015234,0.000379,0.000005,0.000250,0.027363,0
115,0.010743,0.000041,0.000005,0.111225,0.000358,0.000005,0.014153,0.136539,0
109,0.023276,0.000078,0.000010,0.184287,0.001214,0.000030,0.001235,0.210144,0
114,0.010331,0.000045,0.000004,0.090745,0.000347,0.000005,0.000469,0.101949,0
118,0.012096,0.000042,0.000006,0.100102,0.000421,0.000009,0.006532,0.119213,0
82,0.015610,0.000052,0.000005,0.131191,0.000401,0.000006,0.001318,0.148592,0
112,0.017020,0.000051,0.000004,0.155389,0.000385,0.000005,0.000225,0.173081,0
118,0.016536,0.000038,0.000005,0.103371,0.000347,0.000008,0.000456,0.120766,0
83,0.011141,0.000049,0.000005,0.019096,0.000352,0.000004,0.001203,0.031857,0
122,0.011226,0.000039,0.000004,0.083564,0.000344,0.000004,0.000271,0.095454,0
127,0.014904,0.000044,0.000005,0.103208,0.000324,0.000004,0.002089,0.120585,0
102,0.012819,0.000050,0.000005,0.122654,0.000450,0.000006,0.015844,0.151836,0
116,0.011162,0.000044,0.000004,0.090302,0.000346,0.000005,0.019283,0.121163,0
115,0.010979,0.000046,0.000004,0.100803,0.000379,0.000005,0.000502,0.112721,0
110,0.020803,0.000056,0.000006,0.108539,0.000339,0.000005,0.000343,0.130094,0
104,0.019454,0.000072,0.000011,0.137865,0.000583,0.000010,0.000332,0.158334,0
113,0.014695,0.000042,0.000005,0.101301,0.000317,0.000004,0.000201,0.116568,0
84,0.009347,0.000038,0.000003,0.087266,0.000315,0.000005,0.001080,0.098059,0
119,0.014478,0.000039,0.000005,0.099162,0.000344,0.000005,0.000428,0.114462,0
97,0.016367,0.000060,0.000005,0.193645,0.000645,0.000012,0.004468,0.215211,0
111,0.017739,0.000058,0.000007,0.039202,0.000383,0.000006,0.000323,0.057722,0
123,0.013866,0.000044,0.000004,0.104783,0.000361,0.000005,0.000295,0.119364,0
103,0.009746,0.000040,0.000004,0.084409,0.000329,0.000004,0.014092,0.108633,0
119,0.016318,0.000050,0.000008,0.159118,0.000439,0.000010,0.010437,0.186392,0
112,0.010189,0.000043,0.000004,0.028959,0.000370,0.000005,0.000318,0.039891,0
116,0.009125,0.000035,0.000005,0.096751,0.000348,0.000004,0.000509,0.106780,0
105,0.013956,0.000055,0.000007,0.114605,0.000369,0.000004,0.000321,0.129319,0
85,0.011337,0.000038,0.000004,0.104802,0.000409,0.000006,0.001118,0.117719,0
114,0.017619,0.000083,0.000010,0.124933,0.000379,0.000009,0.000235,0.143272,0
104,0.011084,0.000044,0.000005,0.085333,0.000336,0.000006,0.014444,0.111261,0
124,0.013659,0.000043,0.000005,0.108969,0.000388,0.000005,0.000290,0.123360,0
117,0.015633,0.000060,0.000007,0.177562,0.000524,0.000010,0.017037,0.210843,0
120,0.016090,0.000038,0.000004,0.134711,0.000539,0.000009,0.000602,0.151995,0
113,0.010599,0.000040,0.000004,0.101973,0.000356,0.000004,0.000298,0.113276,0
118,0.010628,0.000038,0.000004,0.028793,0.000372,0.000005,0.013868,0.053714,0
117,0.012363,0.000042,0.000004,0.126399,0.000487,0.000010,0.000755,0.140068,0
120,0.015794,0.000052,0.000010,0.149589,0.000478,0.000010,0.009756,0.175702,0
86,0.010796,0.000044,0.000003,0.089279,0.000315,0.000004,0.001087,0.101534,0
98,0.015239,0.000056,0.000006,0.197363,0.000586,0.000011,0.004406,0.217676,0
125,0.012368,0.000038,0.000004,0.084996,0.000343,0.000004,0.000240,0.097995,0
105,0.011800,0.000046,0.000004,0.092734,0.000364,0.000005,0.014824,0.119787,0
106,0.015822,0.000071,0.000005,0.161966,0.000486,0.000010,0.000402,0.178768,0
114,0.011626,0.000035,0.000006,0.088770,0.000433,0.000011,0.000446,0.101337,0
126,0.014597,0.000044,0.000004,0.022829,0.000350,0.000004,0.000250,0.038082,0
107,0.014533,0.000054,0.000006,0.011038,0.000525,0.000015,0.000469,0.026646,0
121,0.019025,0.000050,0.000006,0.132108,0.000429,0.000006,0.000531,0.152159,0
119,0.010254,0.000036,0.000004,0.079659,0.000359,0.000005,0.013779,0.104104,0
87,0.010603,0.000041,0.000005,0.094996,0.000375,0.000005,0.001067,0.107095,0
115,0.024098,0.000078,0.000009,0.171208,0.000355,0.000007,0.000232,0.195992,0
122,0.017229,0.000057,0.000006,0.034192,0.000447,0.000008,0.000536,0.052480,0
116,0.021355,0.000043,0.000004,0.015456,0.000395,0.000008,0.000258,0.037523,0
127,0.011471,0.000041,0.000003,0.078312,0.000329,0.000004,0.000261,0.090424,0
121,0.018847,0.000096,0.000014,0.139373,0.000807,0.000028,0.013354,0.172532,0
106,0.019990,0.000037,0.000004,0.096927,0.000351,0.000007,0.014428,0.131752,0
115,0.018746,0.000052,0.000005,0.102347,0.000348,0.000004,0.000328,0.121832,0
118,0.013959,0.000074,0.000006,0.178074,0.000663,0.000009,0.000966,0.193759,0
99,0.014669,0.000053,0.000006,0.169106,0.000392,0.000008,0.005045,0.189290,0
108,0.018058,0.000048,0.000004,0.104475,0.000390,0.000006,0.000301,0.123286,0
120,0.010278,0.000036,0.000003,0.096173,0.000358,0.000006,0.013808,0.120670,0
119,0.012731,0.000053,0.000005,0.022039,0.000317,0.000005,0.000400,0.035552,0
88,0.010412,0.000042,0.000004,0.105391,0.000418,0.000007,0.001331,0.117612,0
116,0.013980,0.000036,0.000005,0.026807,0.000351,0.000005,0.000309,0.041495,0
117,0.009572,0.000039,0.000004,0.011172,0.000346,0.000005,0.000312,0.021454,0
120,0.013351,0.000069,0.000009,0.023457,0.000299,0.000004,0.000408,0.037603,0
121,0.013875,0.000039,0.000005,0.019708,0.000339,0.000006,0.013339,0.047320,0
89,0.012125,0.000046,0.000005,0.027196,0.000369,0.000005,0.001232,0.040985,0
107,0.009517,0.000038,0.000005,0.081169,0.000351,0.000006,0.011543,0.102636,0
123,0.011904,0.000045,0.000005,0.120517,0.000437,0.000010,0.000579,0.133502,0
117,0.019350,0.000054,0.000004,0.123752,0.000371,0.000004,0.000232,0.143772,0
118,0.014280,0.000059,0.000007,0.027551,0.000365,0.000004,0.000291,0.042558,0
109,0.010483,0.000043,0.000006,0.090871,0.000367,0.000005,0.000242,0.102019,0
122,0.013879,0.000047,0.000006,0.133608,0.000511,0.000016,0.008151,0.156231,0
110,0.010573,0.000041,0.000005,0.010270,0.000324,0.000004,0.000250,0.021469,0
111,0.009547,0.000037,0.000004,0.016504,0.000379,0.000006,0.000265,0.026743,0
90,0.012381,0.000047,0.000005,0.084173,0.000385,0.000006,0.001278,0.098281,0
122,0.010059,0.000039,0.000005,0.076941,0.000327,0.000005,0.013569,0.100951,0
100,0.014300,0.000058,0.000005,0.157210,0.000470,0.000011,0.004110,0.176173,0
108,0.008514,0.000039,0.000004,0.082464,0.000314,0.000004,0.011504,0.102852,0
119,0.009984,0.000036,0.000004,0.089792,0.000361,0.000005,0.000317,0.100502,0
118,0.012933,0.000039,0.000004,0.089371,0.000321,0.000005,0.000195,0.102870,0
112,0.009511,0.000035,0.000004,0.026530,0.000485,0.000010,0.000415,0.036996,0
121,0.012691,0.000058,0.000004,0.142795,0.000500,0.000010,0.000787,0.156855,0
109,0.010449,0.000045,0.000004,0.013972,0.000328,0.000004,0.014402,0.039210,0
124,0.015198,0.000044,0.000005,0.129682,0.000330,0.000005,0.000361,0.145627,0
123,0.014068,0.000047,0.000006,0.080844,0.000434,0.000006,0.006257,0.101672,0
91,0.011178,0.000040,0.000004,0.061800,0.000325,0.000005,0.001115,0.074473,0
123,0.009537,0.000033,0.000003,0.078622,0.000339,0.000004,0.012907,0.101452,0
113,0.009140,0.000037,0.000004,0.074967,0.000322,0.000004,0.000270,0.084747,0
120,0.014513,0.000041,0.000004,0.083431,0.000328,0.000004,0.000310,0.098634,0
119,0.014465,0.000041,0.000004,0.084818,0.000299,0.000004,0.000189,0.099823,0
114,0.010364,0.000042,0.000003,0.009975,0.000501,0.000009,0.000457,0.021360,0
124,0.009009,0.000035,0.000006,0.084030,0.000319,0.000005,0.005895,0.099308,0
110,0.010986,0.000048,0.000004,0.088345,0.000379,0.000005,0.013418,0.113191,0
125,0.013839,0.000038,0.000004,0.093698,0.000325,0.000005,0.000362,0.108273,0
92,0.010227,0.000038,0.000004,0.079907,0.000346,0.000004,0.001148,0.091681,0
101,0.013914,0.000068,0.000007,0.163415,0.000506,0.000012,0.004323,0.182256,0
122,0.013525,0.000055,0.000005,0.130248,0.000309,0.000004,0.000504,0.144655,0
124,0.009988,0.000037,0.000003,0.091629,0.000430,0.000008,0.016114,0.118218,0
120,0.012769,0.000035,0.000005,0.082903,0.000281,0.000005,0.000225,0.096226,0
102,0.014233,0.000053,0.000005,0.023460,0.000469,0.000009,0.003221,0.041456,0
115,0.010666,0.000040,0.000004,0.081921,0.000306,0.000004,0.000227,0.093171,0
121,0.012783,0.000042,0.000005,0.097887,0.000332,0.000005,0.000344,0.111400,0
121,0.012079,0.000035,0.000003,0.014155,0.000290,0.000004,0.000190,0.026759,0
93,0.010582,0.000040,0.000004,0.076650,0.000300,0.000004,0.000957,0.088543,0
125,0.010092,0.000039,0.000006,0.082664,0.000297,0.000004,0.006281,0.099393,0
126,0.012969,0.000036,0.000004,0.078605,0.000296,0.000004,0.000374,0.092290,0
111,0.009985,0.000036,0.000004,0.075364,0.000321,0.000005,0.012203,0.097925,0
103,0.008478,0.000033,0.000003,0.018768,0.000297,0.000004,0.002201,0.029791,0
123,0.009458,0.000034,0.000004,0.084085,0.000301,0.000004,0.000420,0.094308,0
116,0.008079,0.000034,0.000004,0.079754,0.000308,0.000005,0.000215,0.088401,0
122,0.012957,0.000036,0.000003,0.078296,0.000315,0.000005,0.000291,0.091907,0
94,0.009573,0.000035,0.000004,0.070426,0.000317,0.000005,0.000975,0.081340,0
122,0.009654,0.000034,0.000004,0.075101,0.000331,0.000004,0.000191,0.085322,0
104,0.009274,0.000036,0.000005,0.067556,0.000287,0.000004,0.002229,0.079397,0
126,0.009712,0.000038,0.000006,0.074079,0.000296,0.000004,0.005674,0.089816,0
125,0.015658,0.000047,0.000005,0.105190,0.000289,0.000004,0.011557,0.132757,0
127,0.012017,0.000037,0.000004,0.081044,0.000305,0.000004,0.000343,0.093756,0
95,0.008265,0.000031,0.000003,0.006206,0.000250,0.000004,0.000960,0.015726,0
105,0.009439,0.000032,0.000004,0.008944,0.000302,0.000004,0.002253,0.020984,0
112,0.009395,0.000036,0.000003,0.083899,0.000357,0.000005,0.012050,0.105753,0
124,0.011284,0.000042,0.000004,0.107415,0.000389,0.000006,0.000607,0.119752,0
117,0.008807,0.000033,0.000003,0.083001,0.000358,0.000004,0.000245,0.092454,0
123,0.009779,0.000031,0.000003,0.072792,0.000315,0.000004,0.000264,0.083192,0
127,0.008593,0.000033,0.000005,0.067907,0.000312,0.000004,0.004893,0.081753,0
123,0.011858,0.000033,0.000004,0.076867,0.000339,0.000004,0.000182,0.089289,0
96,0.009769,0.000036,0.000004,0.083168,0.000322,0.000006,0.001000,0.094310,0
106,0.008957,0.000033,0.000004,0.075156,0.000294,0.000005,0.002203,0.086657,0
126,0.012141,0.000033,0.000003,0.079004,0.000303,0.000005,0.011103,0.102597,0
113,0.008969,0.000035,0.000004,0.065964,0.000290,0.000004,0.011653,0.086925,0
124,0.014133,0.000033,0.000003,0.014975,0.000310,0.000004,0.000191,0.029652,0
107,0.009124,0.000035,0.000003,0.020163,0.000295,0.000005,0.002256,0.031888,0
114,0.009460,0.000041,0.000005,0.011313,0.000329,0.000005,0.012623,0.033780,0
118,0.009673,0.000039,0.000004,0.070143,0.000428,0.000004,0.000260,0.080557,0
124,0.013149,0.000036,0.000003,0.073273,0.000331,0.000005,0.000312,0.087113,0
108,0.009075,0.000033,0.000004,0.011504,0.000285,0.000004,0.002354,0.023265,0
125,0.009989,0.000044,0.000004,0.097588,0.000322,0.000004,0.000385,0.108340,0
97,0.008720,0.000034,0.000003,0.082429,0.000386,0.000008,0.001485,0.093073,0
109,0.008961,0.000035,0.000004,0.021600,0.000299,0.000004,0.002419,0.033328,0
125,0.009438,0.000034,0.000004,0.074265,0.000321,0.000004,0.000179,0.084248,0
127,0.013637,0.000033,0.000003,0.079450,0.000307,0.000004,0.011110,0.104548,0
126,0.010122,0.000029,0.000004,0.011077,0.000268,0.000005,0.000163,0.021670,0
119,0.008538,0.000037,0.000006,0.066992,0.000263,0.000004,0.000220,0.076062,0
98,0.010876,0.000043,0.000003,0.014062,0.000436,0.000010,0.001593,0.027031,0
115,0.009564,0.000043,0.000004,0.070333,0.000294,0.000005,0.011285,0.091533,0
125,0.010249,0.000036,0.000004,0.076902,0.000315,0.000004,0.000238,0.087750,0
127,0.008856,0.000032,0.000003,0.013061,0.000280,0.000004,0.000176,0.022413,0
126,0.009352,0.000037,0.000004,0.070409,0.000293,0.000004,0.000379,0.080481,0
110,0.008858,0.000038,0.000004,0.066041,0.000306,0.000004,0.002280,0.077535,0
120,0.009458,0.000040,0.000004,0.062461,0.000323,0.000004,0.000199,0.072491,0
116,0.010249,0.000039,0.000003,0.052471,0.000284,0.000004,0.010373,0.073431,0
127,0.008525,0.000033,0.000003,0.059666,0.000297,0.000004,0.000384,0.068915,0
99,0.010953,0.000041,0.000006,0.092660,0.000369,0.000008,0.001511,0.105555,0
126,0.012076,0.000031,0.000003,0.072755,0.000277,0.000005,0.000252,0.085402,0
111,0.008632,0.000033,0.000003,0.068616,0.000335,0.000005,0.002137,0.079765,0
100,0.011649,0.000043,0.000004,0.020248,0.000461,0.000008,0.001509,0.033929,0
121,0.008596,0.000035,0.000003,0.065009,0.000287,0.000005,0.000202,0.074140,0
117,0.008596,0.000035,0.000003,0.059244,0.000341,0.000004,0.010880,0.079110,0
127,0.012459,0.000038,0.000004,0.067486,0.000313,0.000004,0.000284,0.080591,0
112,0.007713,0.000032,0.000003,0.051647,0.000252,0.000005,0.001912,0.061568,0
118,0.007787,0.000039,0.000004,0.005531,0.000294,0.000005,0.009593,0.023257,0
122,0.008542,0.000036,0.000004,0.061254,0.000272,0.000004,0.000225,0.070340,0
101,0.014418,0.000040,0.000004,0.096120,0.000355,0.000007,0.001340,0.112288,0
113,0.008428,0.000031,0.000003,0.056826,0.000267,0.000004,0.001959,0.067523,0
119,0.011391,0.000045,0.000003,0.048538,0.000264,0.000004,0.010497,0.070748,0
123,0.008545,0.000040,0.000003,0.061814,0.000299,0.000004,0.000223,0.070931,0
120,0.008623,0.000032,0.000003,0.021039,0.000341,0.000005,0.009479,0.039529,0
114,0.007994,0.000032,0.000003,0.053154,0.000256,0.000004,0.002193,0.063641,0
124,0.007775,0.000032,0.000003,0.048195,0.000234,0.000004,0.000219,0.056465,0
121,0.008478,0.000035,0.000003,0.012102,0.000292,0.000004,0.010138,0.031059,0
102,0.009987,0.000040,0.000004,0.081776,0.000344,0.000006,0.001459,0.093621,0
103,0.008636,0.000035,0.000004,0.005238,0.000323,0.000006,0.001237,0.015484,0
125,0.008103,0.000033,0.000003,0.011874,0.000374,0.000008,0.000272,0.020672,0
115,0.008460,0.000033,0.000003,0.058083,0.000631,0.000016,0.005606,0.072842,0
122,0.008343,0.000034,0.000003,0.061469,0.000344,0.000004,0.009382,0.079585,0
104,0.009094,0.000039,0.000004,0.064829,0.000289,0.000004,0.000918,0.075182,0
105,0.008116,0.000029,0.000004,0.006459,0.000272,0.000004,0.000825,0.015715,0
116,0.012675,0.000043,0.000004,0.055512,0.000282,0.000004,0.002171,0.070696,0
126,0.009206,0.000041,0.000004,0.101961,0.000376,0.000006,0.000248,0.111845,0
123,0.007818,0.000031,0.000003,0.056644,0.000302,0.000005,0.009619,0.074428,0
106,0.010859,0.000033,0.000003,0.058121,0.000265,0.000004,0.000824,0.070113,0
124,0.008142,0.000032,0.000002,0.008387,0.000261,0.000004,0.009817,0.026651,0
117,0.008235,0.000039,0.000003,0.055970,0.000300,0.000004,0.002197,0.066753,0
127,0.009635,0.000040,0.000004,0.071715,0.000316,0.000004,0.000221,0.081936,0
107,0.008308,0.000030,0.000003,0.052860,0.000270,0.000004,0.000888,0.062367,0
125,0.006813,0.000029,0.000003,0.054308,0.000248,0.000004,0.008236,0.069647,0
118,0.007999,0.000031,0.000004,0.057861,0.000302,0.000004,0.002146,0.068352,0
108,0.007073,0.000031,0.000004,0.005004,0.000281,0.000004,0.000801,0.013205,0
109,0.008310,0.000031,0.000003,0.009326,0.000299,0.000004,0.000918,0.018895,0
119,0.008068,0.000035,0.000003,0.011950,0.000282,0.000004,0.002064,0.022411,0
120,0.007015,0.000028,0.000003,0.015735,0.000263,0.000004,0.001901,0.024955,0
126,0.007908,0.000031,0.000003,0.054332,0.000269,0.000004,0.010103,0.072655,0
110,0.008574,0.000032,0.000003,0.063035,0.000271,0.000004,0.000853,0.072774,0
111,0.008052,0.000030,0.000003,0.007034,0.000276,0.000005,0.000870,0.016273,0
121,0.007917,0.000029,0.000003,0.061080,0.000276,0.000004,0.002017,0.071330,0
127,0.007305,0.000028,0.000002,0.051048,0.000269,0.000004,0.008935,0.067598,0
112,0.008511,0.000034,0.000003,0.050873,0.000263,0.000004,0.000844,0.060535,0
122,0.007887,0.000030,0.000003,0.045375,0.000284,0.000004,0.001933,0.055521,0
123,0.008027,0.000034,0.000003,0.046700,0.000293,0.000003,0.002057,0.057123,0
113,0.008356,0.000029,0.000003,0.053824,0.000253,0.000004,0.000785,0.063258,0
124,0.008512,0.000036,0.000003,0.006584,0.000263,0.000005,0.002106,0.017515,0
125,0.008034,0.000032,0.000003,0.007390,0.000275,0.000004,0.001991,0.017733,0
114,0.006678,0.000027,0.000003,0.057286,0.000273,0.000004,0.000726,0.065001,0
126,0.008081,0.000033,0.000004,0.056802,0.000278,0.000004,0.002026,0.067231,0
115,0.007968,0.000033,0.000003,0.054999,0.000269,0.000004,0.000844,0.064125,0
116,0.007831,0.000034,0.000003,0.009971,0.000282,0.000004,0.000765,0.018894,0
127,0.008979,0.000036,0.000004,0.052715,0.000270,0.000004,0.001957,0.063969,0
117,0.007339,0.000032,0.000003,0.050774,0.000234,0.000004,0.000739,0.059130,0
118,0.006745,0.000032,0.000003,0.042806,0.000221,0.000004,0.000667,0.050481,0
119,0.006394,0.000028,0.000003,0.055631,0.000277,0.000004,0.000745,0.063086,0
120,0.006773,0.000028,0.000003,0.050125,0.000238,0.000004,0.000751,0.057925,0
121,0.009471,0.000032,0.000003,0.037140,0.000251,0.000004,0.000775,0.047678,0
122,0.008381,0.000030,0.000003,0.010096,0.000275,0.000004,0.000778,0.019571,0
123,0.007773,0.000029,0.000003,0.053747,0.000289,0.000004,0.000788,0.062636,0
124,0.007740,0.000034,0.000003,0.049940,0.000289,0.000005,0.000781,0.058795,0
125,0.007121,0.000037,0.000003,0.044401,0.000261,0.000004,0.000745,0.052574,0
126,0.007281,0.000028,0.000003,0.040337,0.000238,0.000004,0.000843,0.048737,0
127,0.006130,0.000025,0.000003,0.043890,0.000252,0.000003,0.000682,0.050989,0
128,0.017839,0.000049,0.000005,0.043133,0.000397,0.000008,0.005611,0.067053,0
129,0.009377,0.000042,0.000003,0.050899,0.000344,0.000008,0.005289,0.065967,0
130,0.010101,0.000098,0.000008,0.014217,0.000291,0.000004,0.004980,0.029702,0
131,0.007097,0.000025,0.000002,0.027755,0.000228,0.000004,0.003280,0.038394,0
132,0.006460,0.000026,0.000002,0.023806,0.000245,0.000005,0.003275,0.033822,0
133,0.006240,0.000023,0.000002,0.007657,0.000222,0.000004,0.003039,0.017191,0
134,0.005261,0.000022,0.000002,0.002307,0.000232,0.000004,0.003327,0.011158,0
135,0.006541,0.000023,0.000002,0.029330,0.000256,0.000005,0.003449,0.039613,0
136,0.006588,0.000026,0.000003,0.026342,0.000222,0.000004,0.003305,0.036494,0
137,0.006337,0.000023,0.000002,0.002966,0.000213,0.000004,0.003548,0.013096,0
138,0.006156,0.000025,0.000003,0.035376,0.000238,0.000003,0.003277,0.045081,0
139,0.006306,0.000030,0.000003,0.148412,0.000269,0.000010,0.003529,0.158564,0
140,0.006155,0.000024,0.000004,0.013972,0.000225,0.000003,0.003133,0.023520,0
141,0.006735,0.000027,0.000004,0.004076,0.000230,0.000005,0.003257,0.014336,0
142,0.005672,0.000021,0.000002,0.053079,0.000247,0.000006,0.003172,0.062203,0
143,0.006510,0.000028,0.000003,0.028024,0.000228,0.000003,0.003098,0.037897,0
144,0.009304,0.000045,0.000003,0.035479,0.000310,0.000004,0.003183,0.048334,0
145,0.006834,0.000028,0.000002,0.036574,0.000235,0.000004,0.003185,0.046865,0
146,0.005769,0.000025,0.000002,0.029088,0.000226,0.000004,0.002885,0.038002,0
147,0.006024,0.000023,0.000003,0.036221,0.000232,0.000004,0.003107,0.045617,0
148,0.006743,0.000029,0.000003,0.005391,0.000268,0.000007,0.003619,0.016064,0
149,0.006393,0.000027,0.000003,0.134727,0.000432,0.000007,0.004319,0.145911,0
150,0.006774,0.000027,0.000003,0.036804,0.000247,0.000004,0.003241,0.047103,0
151,0.006440,0.000027,0.000002,0.030636,0.000232,0.000004,0.003190,0.040534,0
152,0.006797,0.000030,0.000003,0.032517,0.000243,0.000004,0.003091,0.042687,0
153,0.005251,0.000026,0.000002,0.027424,0.000224,0.000004,0.002757,0.035691,0
154,0.006785,0.000026,0.000003,0.009017,0.000211,0.000004,0.003032,0.019081,0
155,0.006599,0.000027,0.000003,0.041603,0.000234,0.000004,0.003210,0.051682,0
156,0.007442,0.000031,0.000003,0.029430,0.000259,0.000004,0.003249,0.040422,0
157,0.006483,0.000029,0.000002,0.029507,0.000231,0.000004,0.003273,0.039532,0
158,0.005329,0.000020,0.000002,0.008857,0.000208,0.000004,0.002939,0.017362,0
159,0.007159,0.000033,0.000003,0.090907,0.000241,0.000004,0.003572,0.101922,0
160,0.006487,0.000026,0.000003,0.044016,0.000220,0.000004,0.003184,0.053943,0
161,0.005152,0.000021,0.000002,0.032761,0.000236,0.000004,0.002808,0.040987,0
162,0.005196,0.000021,0.000002,0.089794,0.000239,0.000004,0.002953,0.098213,0
163,0.006529,0.000029,0.000003,0.045241,0.000226,0.000004,0.003328,0.055362,0
164,0.005429,0.000023,0.000003,0.002925,0.000215,0.000004,0.002702,0.011304,0
165,0.006850,0.000034,0.000003,0.092295,0.000238,0.000004,0.003157,0.102584,0
166,0.005217,0.000026,0.000003,0.002229,0.000219,0.000004,0.002783,0.010485,0
167,0.006389,0.000025,0.000003,1.478527,0.000279,0.000004,0.003375,1.488606,0
168,0.006341,0.000028,0.000003,0.016947,0.000243,0.000004,0.003025,0.026595,0
169,0.005899,0.000023,0.000002,0.044086,0.000244,0.000004,0.003164,0.053425,0
170,0.006181,0.000024,0.000002,0.006485,0.000227,0.000004,0.005855,0.018788,0
171,0.005612,0.000028,0.000004,0.005194,0.000275,0.000005,0.003253,0.014374,0
172,0.006027,0.000033,0.000003,0.096975,0.000244,0.000004,0.002836,0.106125,0
173,0.006775,0.000028,0.000003,0.053922,0.000288,0.000004,0.003220,0.064243,0
174,0.006570,0.000027,0.000003,0.008457,0.000258,0.000005,0.003704,0.019026,0
175,0.005199,0.000023,0.000003,0.345913,0.000290,0.000004,0.002777,0.354212,0
176,0.006027,0.000026,0.000003,0.004200,0.000240,0.000005,0.003080,0.013584,0
177,0.006219,0.000025,0.000002,0.334933,0.000248,0.000004,0.003120,0.344556,0
178,0.006145,0.000027,0.000002,0.053510,0.000252,0.000004,0.003126,0.063072,0
179,0.006911,0.000033,0.000003,0.003184,0.000251,0.000005,0.003650,0.014041,0
180,0.005877,0.000027,0.000003,0.224670,0.000295,0.000004,0.003095,0.233974,0
128,0.014419,0.000025,0.000003,0.029350,0.000221,0.000004,0.000436,0.044460,0
129,0.006154,0.000026,0.000003,0.007212,0.000250,0.000004,0.000449,0.014101,0
181,0.007050,0.000030,0.000003,0.020414,0.000248,0.000004,0.003126,0.030877,0
130,0.006945,0.000033,0.000003,0.008182,0.000278,0.000004,0.000435,0.015881,0
182,0.005511,0.000026,0.000003,0.022966,0.000254,0.000004,0.003123,0.031895,0
131,0.007151,0.000032,0.000003,0.034079,0.000264,0.000004,0.000420,0.041955,0
183,0.005580,0.000023,0.000002,0.019038,0.000240,0.000004,0.002964,0.027855,0
184,0.006274,0.000027,0.000003,0.019607,0.000237,0.000004,0.002978,0.029133,0
132,0.006595,0.000031,0.000003,0.032833,0.000235,0.000004,0.000418,0.040120,0
185,0.005895,0.000022,0.000002,0.007097,0.000244,0.000005,0.003489,0.016759,0
133,0.009097,0.000039,0.000003,0.006544,0.000235,0.000006,0.000446,0.016372,0
186,0.004769,0.000020,0.000002,0.018473,0.000253,0.000003,0.002639,0.026162,0
134,0.006095,0.000024,0.000003,0.038491,0.000238,0.000004,0.000417,0.045275,0
135,0.006262,0.000027,0.000003,0.008590,0.000235,0.000004,0.000432,0.015554,0
136,0.007291,0.000030,0.000003,0.006711,0.000280,0.000005,0.000521,0.014846,0
137,0.006093,0.000024,0.000002,0.003237,0.000203,0.000004,0.000412,0.009977,0
138,0.005845,0.000024,0.000003,0.036142,0.000235,0.000004,0.000401,0.042655,0
139,0.006678,0.000027,0.000003,0.013174,0.000231,0.000004,0.000374,0.020494,0
187,0.005747,0.000025,0.000002,0.148764,0.000248,0.000004,0.003116,0.157909,0
188,0.005882,0.000023,0.000002,0.004448,0.000206,0.000004,0.002859,0.013427,0
140,0.006953,0.000029,0.000003,0.032411,0.000227,0.000004,0.000392,0.040022,0
141,0.005974,0.000027,0.000003,0.032685,0.000239,0.000004,0.000440,0.039375,0
142,0.006350,0.000026,0.000003,0.031266,0.000231,0.000004,0.000432,0.038314,0
143,0.006138,0.000030,0.000003,0.030245,0.000206,0.000004,0.000407,0.037035,0
144,0.006443,0.000030,0.000003,0.035361,0.000223,0.000004,0.000441,0.042508,0
145,0.006176,0.000027,0.000003,0.003302,0.000197,0.000004,0.000404,0.010116,0
146,0.005816,0.000024,0.000003,0.005245,0.000265,0.000004,0.000476,0.011837,0
147,0.006773,0.000027,0.000002,0.031149,0.000223,0.000004,0.000428,0.038609,0
148,0.005856,0.000027,0.000002,0.035863,0.000241,0.000005,0.000424,0.042420,0
149,0.006754,0.000034,0.000003,0.040310,0.000297,0.000004,0.000462,0.047870,0
150,0.007322,0.000036,0.000004,0.009319,0.000218,0.000004,0.000394,0.017300,0
151,0.006052,0.000024,0.000002,0.037725,0.000217,0.000004,0.000382,0.044408,0
152,0.006135,0.000024,0.000003,0.033078,0.000246,0.000004,0.000419,0.039911,0
189,0.005588,0.000022,0.000002,0.461635,0.000264,0.000004,0.003137,0.470656,0
153,0.007386,0.000032,0.000003,0.030553,0.000255,0.000004,0.000439,0.038674,0
154,0.006814,0.000025,0.000003,0.033624,0.000246,0.000004,0.000441,0.041159,0
190,0.005711,0.000022,0.000002,0.080002,0.000261,0.000005,0.003138,0.089143,0
155,0.006958,0.000034,0.000003,0.035588,0.000243,0.000004,0.000417,0.043249,0
156,0.007182,0.000035,0.000003,0.030464,0.000229,0.000004,0.000407,0.038327,0
191,0.006269,0.000024,0.000002,0.070154,0.000243,0.000004,0.002983,0.079682,0
157,0.006554,0.000029,0.000003,0.034134,0.000234,0.000004,0.000415,0.041374,0
158,0.011018,0.000034,0.000003,0.030317,0.000210,0.000004,0.000338,0.041925,0
159,0.006363,0.000025,0.000002,0.008654,0.000240,0.000004,0.000411,0.015701,0
160,0.005765,0.000031,0.000002,0.027937,0.000222,0.000004,0.000374,0.034337,0
161,0.006801,0.000030,0.000003,0.038393,0.000237,0.000004,0.000418,0.045888,0
162,0.005873,0.000030,0.000003,0.034967,0.000294,0.000004,0.000361,0.041535,0
163,0.006264,0.000028,0.000003,0.035008,0.000234,0.000004,0.000402,0.041945,0
164,0.006126,0.000028,0.000002,0.034763,0.000216,0.000004,0.000408,0.041551,0
165,0.007023,0.000030,0.000003,0.031262,0.000212,0.000004,0.000378,0.038914,0
166,0.005750,0.000025,0.000003,0.033324,0.000241,0.000004,0.000413,0.039762,0
167,0.005643,0.000028,0.000003,0.031113,0.000229,0.000004,0.000368,0.037391,0
168,0.006305,0.000027,0.000003,0.031960,0.000237,0.000004,0.000391,0.038930,0
169,0.006243,0.000026,0.000002,0.035801,0.000246,0.000004,0.000398,0.042723,0
170,0.006376,0.000028,0.000002,0.036446,0.000224,0.000004,0.000432,0.043514,0
171,0.006362,0.000027,0.000003,0.034063,0.000221,0.000004,0.000395,0.041076,0
172,0.005975,0.000028,0.000003,0.006386,0.000257,0.000005,0.000466,0.013122,0
173,0.006062,0.000028,0.000003,0.031269,0.000212,0.000004,0.000388,0.037968,0
174,0.005285,0.000025,0.000003,0.030880,0.000234,0.000004,0.000376,0.036809,0
175,0.006290,0.000024,0.000002,0.030684,0.000257,0.000004,0.000453,0.037717,0
176,0.006498,0.000026,0.000003,0.027261,0.000250,0.000004,0.000412,0.034456,0
177,0.006374,0.000033,0.000003,0.032697,0.000243,0.000004,0.000423,0.039779,0
178,0.009106,0.000040,0.000003,0.029383,0.000257,0.000004,0.000442,0.039237,0
179,0.006416,0.000027,0.000002,0.008589,0.000230,0.000004,0.000415,0.015686,0
180,0.006184,0.000027,0.000002,0.037756,0.000264,0.000004,0.000413,0.044652,0
181,0.006223,0.000025,0.000002,0.029053,0.000248,0.000004,0.000382,0.035938,0
182,0.006451,0.000029,0.000003,0.028834,0.000232,0.000004,0.000361,0.035916,0
183,0.009714,0.000037,0.000003,0.039326,0.000236,0.000004,0.000389,0.049711,0
184,0.005670,0.000028,0.000003,0.008003,0.000236,0.000005,0.000426,0.014374,0
185,0.006162,0.000025,0.000003,0.030652,0.000244,0.000004,0.000423,0.037517,0
186,0.006759,0.000029,0.000003,0.029766,0.000236,0.000004,0.000432,0.037230,0
187,0.006650,0.000039,0.000003,0.031275,0.000241,0.000004,0.000411,0.038624,0
188,0.006401,0.000031,0.000002,0.037674,0.000236,0.000004,0.000370,0.044722,0
189,0.006548,0.000033,0.000003,0.026961,0.000236,0.000004,0.000372,0.034160,0
190,0.006640,0.000033,0.000003,0.007836,0.000246,0.000004,0.000369,0.015131,0
191,0.006080,0.000029,0.000002,0.009727,0.000244,0.000004,0.000445,0.016534,0
128,0.017225,0.000028,0.000003,0.027342,0.000239,0.000004,0.000299,0.045142,0
129,0.008400,0.000030,0.000003,0.025750,0.000223,0.000004,0.000259,0.034670,0
130,0.008864,0.000037,0.000003,0.034083,0.000258,0.000004,0.000275,0.043526,0
131,0.009560,0.000030,0.000003,0.030157,0.000239,0.000004,0.000288,0.040282,0
132,0.008551,0.000027,0.000002,0.011931,0.000219,0.000004,0.000282,0.021018,0
133,0.008466,0.000026,0.000003,0.005705,0.000229,0.000005,0.000310,0.014746,0
134,0.005960,0.000021,0.000002,0.013118,0.000231,0.000004,0.000282,0.019620,0
135,0.009690,0.000031,0.000003,0.007011,0.000208,0.000004,0.000283,0.017231,0
136,0.005899,0.000023,0.000002,0.023154,0.000217,0.000004,0.000284,0.029584,0
137,0.008273,0.000025,0.000003,0.026012,0.000228,0.000004,0.000293,0.034840,0
138,0.008171,0.000028,0.000002,0.025897,0.000237,0.000004,0.000262,0.034602,0
139,0.008233,0.000025,0.000003,0.011314,0.000213,0.000004,0.000247,0.020040,0
140,0.006929,0.000021,0.000002,0.026244,0.000206,0.000004,0.000237,0.033646,0
141,0.007904,0.000026,0.000003,0.030711,0.000211,0.000004,0.000256,0.039117,0
142,0.007939,0.000025,0.000002,0.029248,0.000220,0.000004,0.000258,0.037698,0
143,0.008024,0.000027,0.000003,0.025478,0.000235,0.000004,0.000249,0.034023,0
144,0.008061,0.000029,0.000002,0.027705,0.000207,0.000004,0.000247,0.036258,0
145,0.007956,0.000026,0.000003,0.024684,0.000223,0.000004,0.000263,0.033160,0
146,0.008187,0.000030,0.000002,0.006914,0.000221,0.000004,0.000268,0.015627,0
147,0.006021,0.000023,0.000002,0.027575,0.000241,0.000004,0.000304,0.034172,0
148,0.008662,0.000029,0.000003,0.027795,0.000227,0.000004,0.000293,0.037015,0
149,0.007420,0.000029,0.000003,0.023896,0.000229,0.000004,0.000277,0.031860,0
150,0.008591,0.000032,0.000003,0.023916,0.000225,0.000004,0.000289,0.033061,0
151,0.008103,0.000033,0.000003,0.011507,0.000207,0.000004,0.000246,0.020103,0
152,0.006738,0.000021,0.000002,0.009952,0.000216,0.000004,0.000258,0.017192,0
153,0.008061,0.000027,0.000003,0.026076,0.000226,0.000004,0.000268,0.034666,0
154,0.006828,0.000025,0.000003,0.010218,0.000227,0.000004,0.000287,0.017594,0
155,0.007539,0.000023,0.000003,0.038570,0.000238,0.000004,0.000291,0.046669,0
156,0.008470,0.000031,0.000004,0.025291,0.000241,0.000004,0.000260,0.034302,0
157,0.007802,0.000024,0.000003,0.009116,0.000228,0.000004,0.000287,0.017466,0
158,0.009093,0.000034,0.000003,0.026767,0.000250,0.000004,0.000296,0.036448,0
159,0.007973,0.000026,0.000002,0.008604,0.000211,0.000004,0.000244,0.017067,0
160,0.005739,0.000025,0.000002,0.025613,0.000220,0.000004,0.000346,0.031950,0
161,0.007539,0.000024,0.000002,0.006755,0.000219,0.000004,0.000267,0.014811,0
162,0.005688,0.000024,0.000002,0.006948,0.000231,0.000004,0.000366,0.013265,0
163,0.006244,0.000026,0.000003,0.026974,0.000222,0.000005,0.000307,0.033781,0
164,0.008356,0.000029,0.000003,0.025405,0.000235,0.000004,0.000261,0.034295,0
165,0.008445,0.000028,0.000003,0.028050,0.000236,0.000004,0.000286,0.037051,0
166,0.007959,0.000029,0.000002,0.025047,0.000210,0.000004,0.000279,0.033532,0
167,0.011835,0.000034,0.000005,0.027967,0.000230,0.000004,0.000312,0.040389,0
168,0.010557,0.000030,0.000003,0.023582,0.000228,0.000004,0.000274,0.034679,0
169,0.008343,0.000028,0.000003,0.029616,0.000230,0.000004,0.000276,0.038502,0
170,0.008804,0.000034,0.000003,0.005897,0.000227,0.000004,0.000301,0.015271,0
171,0.005343,0.000022,0.000002,0.004108,0.000201,0.000004,0.000248,0.009931,0
172,0.005847,0.000026,0.000002,0.010210,0.000266,0.000005,0.000319,0.016677,0
173,0.006159,0.000024,0.000003,0.007228,0.000217,0.000004,0.000288,0.013924,0
174,0.005884,0.000027,0.000003,0.008170,0.000235,0.000004,0.000284,0.014609,0
175,0.005110,0.000020,0.000003,0.003061,0.000209,0.000004,0.000300,0.008707,0
176,0.005901,0.000028,0.000003,0.030064,0.000239,0.000004,0.000303,0.036545,0
177,0.007870,0.000030,0.000002,0.026289,0.000224,0.000004,0.000274,0.034694,0
178,0.005998,0.000031,0.000003,0.004286,0.000248,0.000005,0.000328,0.010901,0
179,0.006926,0.000028,0.000003,0.030750,0.000234,0.000004,0.000271,0.038217,0
180,0.008813,0.000023,0.000002,0.025416,0.000230,0.000004,0.000290,0.034780,0
128,0.014516,0.000031,0.000003,0.020317,0.000285,0.000005,0.000237,0.035395,0
181,0.007213,0.000034,0.000003,0.039862,0.000246,0.000004,0.000292,0.047655,0
129,0.008454,0.000027,0.000003,0.038077,0.000217,0.000004,0.000200,0.046983,0
182,0.008685,0.000027,0.000003,0.043568,0.000239,0.000004,0.000267,0.052795,0
130,0.008278,0.000025,0.000003,0.013717,0.000231,0.000004,0.000192,0.022452,0
183,0.008577,0.000027,0.000003,0.020015,0.000255,0.000004,0.000265,0.029148,0
131,0.007448,0.000031,0.000002,0.043550,0.000320,0.000004,0.000203,0.051562,0
132,0.007783,0.000031,0.000003,0.005907,0.000227,0.000004,0.000176,0.014134,0
184,0.008677,0.000026,0.000003,0.042937,0.000220,0.000004,0.000297,0.052165,0
133,0.006663,0.000027,0.000003,0.019043,0.000256,0.000004,0.000191,0.026190,0
185,0.008035,0.000026,0.000003,0.044375,0.000216,0.000004,0.000276,0.052937,0
134,0.008612,0.000036,0.000003,0.045761,0.000264,0.000004,0.000200,0.054881,0
186,0.007716,0.000028,0.000004,0.040651,0.000202,0.000004,0.000299,0.048904,0
135,0.008740,0.000033,0.000003,0.042568,0.000245,0.000004,0.000209,0.051804,0
187,0.009844,0.000032,0.000003,0.046918,0.000261,0.000006,0.000296,0.057362,0
136,0.008701,0.000031,0.000002,0.048416,0.000264,0.000004,0.000196,0.057616,0
137,0.008591,0.000028,0.000003,0.010374,0.000242,0.000004,0.000195,0.019437,0
188,0.007368,0.000030,0.000003,0.043925,0.000226,0.000004,0.000242,0.051800,0
138,0.005716,0.000026,0.000003,0.046688,0.000255,0.000004,0.000182,0.052875,0
189,0.008550,0.000028,0.000003,0.049079,0.000301,0.000004,0.000327,0.058296,0
139,0.008605,0.000027,0.000003,0.007057,0.000220,0.000004,0.000187,0.016105,0
190,0.008706,0.000030,0.000004,0.041219,0.000259,0.000004,0.000277,0.050500,0
140,0.006347,0.000029,0.000003,0.037720,0.000221,0.000004,0.000187,0.044512,0
191,0.008068,0.000027,0.000002,0.007381,0.000218,0.000004,0.000270,0.015972,0
141,0.006360,0.000030,0.000003,0.037392,0.000227,0.000004,0.000187,0.044205,0
142,0.008195,0.000027,0.000002,0.017271,0.000231,0.000004,0.000188,0.025921,0
143,0.008771,0.000029,0.000003,0.045224,0.000245,0.000004,0.000189,0.054467,0
144,0.008441,0.000030,0.000003,0.037188,0.000244,0.000004,0.000196,0.046109,0
145,0.008313,0.000032,0.000003,0.007500,0.000233,0.000004,0.000198,0.016284,0
146,0.005773,0.000028,0.000003,0.034100,0.000241,0.000004,0.000169,0.040320,0
147,0.008357,0.000028,0.000003,0.042119,0.000293,0.000005,0.000205,0.051012,0
148,0.008696,0.000029,0.000003,0.007976,0.000234,0.000005,0.000189,0.017133,0
149,0.005764,0.000027,0.000003,0.040832,0.000228,0.000004,0.000179,0.047038,0
150,0.008126,0.000041,0.000004,0.041632,0.000234,0.000004,0.000180,0.050222,0
151,0.008434,0.000033,0.000002,0.042124,0.000230,0.000004,0.000193,0.051022,0
152,0.008622,0.000032,0.000003,0.011631,0.000258,0.000004,0.000198,0.020749,0
153,0.006989,0.000028,0.000003,0.004756,0.000218,0.000004,0.000180,0.012180,0
154,0.006371,0.000028,0.000003,0.041525,0.000225,0.000004,0.000197,0.048353,0
155,0.008087,0.000029,0.000003,0.044641,0.000235,0.000004,0.000190,0.053190,0
156,0.007844,0.000027,0.000003,0.013283,0.000227,0.000004,0.000181,0.021571,0
157,0.008180,0.000031,0.000003,0.037365,0.000241,0.000004,0.000182,0.046007,0
158,0.008219,0.000030,0.000002,0.006539,0.000227,0.000004,0.000205,0.015228,0
159,0.005078,0.000023,0.000002,0.038407,0.000241,0.000004,0.000178,0.043935,0
160,0.008199,0.000028,0.000002,0.039222,0.000220,0.000004,0.000200,0.047878,0
161,0.007253,0.000028,0.000003,0.038814,0.000239,0.000004,0.000173,0.046515,0
162,0.008479,0.000033,0.000003,0.015305,0.000229,0.000004,0.000182,0.024236,0
163,0.007861,0.000026,0.000003,0.039416,0.000229,0.000004,0.000179,0.047719,0
164,0.008166,0.000026,0.000003,0.008878,0.000235,0.000004,0.000177,0.017490,0
165,0.006319,0.000029,0.000002,0.037424,0.000236,0.000004,0.000179,0.044196,0
166,0.008492,0.000028,0.000003,0.039417,0.000227,0.000004,0.000176,0.048347,0
167,0.008883,0.000032,0.000003,0.054937,0.000274,0.000005,0.000249,0.064387,0
168,0.006848,0.000027,0.000002,0.037519,0.000227,0.000004,0.000172,0.044801,0
169,0.006850,0.000026,0.000002,0.038597,0.000243,0.000004,0.000182,0.045906,0
170,0.007698,0.000028,0.000002,0.011577,0.000250,0.000004,0.000194,0.019756,0
171,0.005955,0.000032,0.000003,0.030666,0.000209,0.000003,0.000160,0.037031,0
172,0.007948,0.000029,0.000002,0.040668,0.000210,0.000004,0.000174,0.049037,0
173,0.007939,0.000029,0.000003,0.036161,0.000234,0.000004,0.000192,0.044563,0
174,0.008167,0.000032,0.000003,0.008076,0.000256,0.000017,0.000227,0.016782,0
175,0.007029,0.000031,0.000003,0.034639,0.000236,0.000004,0.000196,0.042141,0
176,0.008245,0.000026,0.000002,0.011266,0.000241,0.000004,0.000203,0.019989,0
177,0.006266,0.000026,0.000003,0.008796,0.000239,0.000004,0.000178,0.015513,0
178,0.006736,0.000027,0.000002,0.042891,0.000230,0.000004,0.000184,0.050075,0
179,0.007960,0.000025,0.000003,0.013349,0.000219,0.000004,0.000181,0.021744,0
180,0.007249,0.000030,0.000003,0.007703,0.000237,0.000004,0.000209,0.015436,0
181,0.006839,0.000028,0.000003,0.034781,0.000227,0.000004,0.000187,0.042070,0
182,0.008102,0.000027,0.000003,0.035077,0.000240,0.000004,0.000186,0.043639,0
183,0.005549,0.000026,0.000002,0.007586,0.000213,0.000004,0.000177,0.013558,0
184,0.007230,0.000046,0.000004,0.034138,0.000218,0.000004,0.000175,0.041815,0
185,0.008603,0.000029,0.000002,0.035965,0.000221,0.000004,0.000197,0.045024,0
186,0.008193,0.000032,0.000003,0.016154,0.000256,0.000004,0.000193,0.024836,0
187,0.007927,0.000031,0.000003,0.040440,0.000216,0.000004,0.000184,0.048807,0
188,0.007876,0.000028,0.000002,0.035279,0.000213,0.000004,0.000187,0.043591,0
189,0.007914,0.000033,0.000003,0.008801,0.000243,0.000004,0.000195,0.017194,0
190,0.005904,0.000030,0.000003,0.003743,0.000219,0.000004,0.000209,0.010113,0
191,0.006759,0.000032,0.000003,0.037100,0.000201,0.000004,0.000189,0.044290,0
128,0.012291,0.000038,0.000003,0.052482,0.000428,0.000007,0.000981,0.066235,0
129,0.008750,0.000043,0.000004,0.058031,0.000378,0.000007,0.001001,0.068219,0
130,0.008642,0.000048,0.000004,0.056236,0.000281,0.000006,0.000719,0.065939,0
131,0.008049,0.000049,0.000006,0.036533,0.000221,0.000004,0.000495,0.045360,0
132,0.006148,0.000028,0.000003,0.032969,0.000232,0.000004,0.000566,0.039952,0
133,0.006142,0.000028,0.000003,0.008378,0.000233,0.000003,0.000539,0.015330,0
134,0.006070,0.000025,0.000002,0.033341,0.000218,0.000004,0.000561,0.040223,0
135,0.005990,0.000027,0.000003,0.006362,0.000215,0.000004,0.000550,0.013152,0
136,0.005588,0.000027,0.000003,0.026273,0.000210,0.000004,0.000503,0.032610,0
137,0.006022,0.000026,0.000003,0.036916,0.000210,0.000004,0.000518,0.043701,0
138,0.005287,0.000024,0.000003,0.034792,0.000193,0.000004,0.000480,0.040785,0
139,0.006139,0.000027,0.000003,0.009162,0.000258,0.000004,0.000621,0.016217,0
140,0.006877,0.000030,0.000003,0.033151,0.000233,0.000004,0.000637,0.040938,0
141,0.007311,0.000029,0.000003,0.032926,0.000221,0.000004,0.000546,0.041042,0
142,0.006794,0.000031,0.000003,0.038683,0.000237,0.000004,0.000569,0.046325,0
143,0.024578,0.000068,0.000006,0.032562,0.000230,0.000004,0.000616,0.058068,0
144,0.007253,0.000034,0.000003,0.005505,0.000217,0.000004,0.000502,0.013520,0
145,0.007847,0.000026,0.000003,0.004218,0.000218,0.000004,0.000558,0.012876,0
146,0.006063,0.000027,0.000003,0.032569,0.000239,0.000004,0.000532,0.039439,0
147,0.006192,0.000027,0.000003,0.031439,0.000247,0.000004,0.000570,0.038484,0
148,0.006066,0.000025,0.000002,0.031211,0.000221,0.000005,0.000548,0.038081,0
149,0.005240,0.000027,0.000003,0.022578,0.000212,0.000004,0.000477,0.028544,0
150,0.005932,0.000026,0.000003,0.037298,0.000219,0.000004,0.000523,0.044007,0
151,0.005243,0.000026,0.000003,0.030149,0.000212,0.000004,0.000475,0.036115,0
152,0.006038,0.000029,0.000002,0.031685,0.000233,0.000004,0.000515,0.038509,0
153,0.005479,0.000023,0.000003,0.027579,0.000222,0.000004,0.000496,0.033807,0
154,0.006426,0.000044,0.000003,0.026905,0.000215,0.000004,0.000572,0.034171,0
155,0.005154,0.000022,0.000003,0.029070,0.000204,0.000004,0.000520,0.034980,0
156,0.006312,0.000028,0.000003,0.009942,0.000260,0.000004,0.000611,0.017162,0
157,0.006606,0.000032,0.000003,0.032476,0.000228,0.000004,0.000575,0.039927,0
158,0.006459,0.000033,0.000003,0.031823,0.000213,0.000004,0.000540,0.039077,0
159,0.005666,0.000029,0.000003,0.032249,0.000201,0.000004,0.000482,0.038636,0
160,0.005517,0.000027,0.000002,0.024491,0.000213,0.000004,0.000531,0.030788,0
161,0.006099,0.000027,0.000003,0.031932,0.000229,0.000004,0.000542,0.038838,0
162,0.006993,0.000030,0.000003,0.008763,0.000248,0.000004,0.000643,0.016685,0
163,0.006538,0.000028,0.000002,0.007296,0.000228,0.000004,0.000601,0.014699,0
164,0.005233,0.000023,0.000003,0.026505,0.000219,0.000004,0.000501,0.032491,0
165,0.006161,0.000029,0.000003,0.031399,0.000228,0.000003,0.000633,0.038460,0
166,0.006210,0.000028,0.000003,0.027931,0.000224,0.000004,0.000561,0.034962,0
167,0.006813,0.000034,0.000003,0.027315,0.000238,0.000004,0.000583,0.034992,0
168,0.006594,0.000036,0.000004,0.025484,0.000235,0.000004,0.000535,0.032894,0
169,0.006887,0.000034,0.000003,0.028384,0.000214,0.000003,0.000575,0.036102,0
170,0.005922,0.000028,0.000003,0.030307,0.000217,0.000004,0.000647,0.037129,0
171,0.006347,0.000028,0.000003,0.031429,0.000215,0.000004,0.000529,0.038557,0
172,0.005882,0.000030,0.000003,0.029788,0.000225,0.000004,0.000567,0.036502,0
173,0.005410,0.000024,0.000002,0.029282,0.000214,0.000004,0.000623,0.035562,0
128,0.015472,0.000030,0.000003,0.010405,0.000274,0.000004,0.005060,0.031252,0
174,0.006381,0.000027,0.000003,0.037106,0.000219,0.000004,0.000538,0.044280,0
175,0.006516,0.000029,0.000004,0.008082,0.000276,0.000004,0.000622,0.015535,0
176,0.006667,0.000029,0.000002,0.005887,0.000229,0.000004,0.000561,0.013382,0
129,0.007410,0.000031,0.000003,0.043505,0.000267,0.000004,0.004269,0.055494,0
177,0.006591,0.000029,0.000003,0.048206,0.000260,0.000004,0.000563,0.055660,0
178,0.005692,0.000026,0.000003,0.004138,0.000230,0.000004,0.000602,0.010696,0
130,0.006962,0.000028,0.000003,0.040363,0.000252,0.000004,0.003896,0.051511,0
131,0.005845,0.000027,0.000003,0.004279,0.000225,0.000004,0.004475,0.014862,0
179,0.006344,0.000029,0.000003,0.011134,0.000221,0.000004,0.000594,0.018333,0
132,0.007382,0.000029,0.000003,0.009744,0.000263,0.000005,0.004227,0.021656,0
180,0.006790,0.000027,0.000003,0.013715,0.000237,0.000004,0.000555,0.021334,0
181,0.006507,0.000029,0.000002,0.040096,0.000221,0.000004,0.000574,0.047434,0
133,0.006867,0.000032,0.000003,0.043852,0.000239,0.000004,0.004103,0.055105,0
182,0.005628,0.000027,0.000003,0.041582,0.000213,0.000003,0.000587,0.048047,0
134,0.009126,0.000040,0.000004,0.065016,0.000391,0.000005,0.005234,0.079823,0
183,0.006391,0.000026,0.000003,0.044395,0.000218,0.000004,0.000555,0.051595,0
184,0.006328,0.000028,0.000003,0.014177,0.000252,0.000004,0.000562,0.021357,0
135,0.009275,0.000046,0.000004,0.062214,0.000371,0.000005,0.005012,0.076934,0
185,0.009357,0.000035,0.000003,0.042273,0.000212,0.000004,0.000801,0.052690,0
136,0.009304,0.000052,0.000004,0.004623,0.000421,0.000007,0.004941,0.019356,0
137,0.009370,0.000043,0.000003,0.016756,0.000408,0.000005,0.004954,0.031546,0
186,0.006593,0.000031,0.000003,0.042353,0.000235,0.000004,0.000630,0.049851,0
187,0.008005,0.000036,0.000004,0.043398,0.000238,0.000004,0.000602,0.052290,0
138,0.012155,0.000046,0.000003,0.053452,0.000244,0.000005,0.003633,0.069543,0
188,0.005725,0.000028,0.000003,0.042215,0.000250,0.000004,0.000613,0.048842,0
139,0.007997,0.000033,0.000003,0.047361,0.000252,0.000004,0.003726,0.059381,0
189,0.006991,0.000030,0.000003,0.009199,0.000228,0.000004,0.000554,0.017012,0
190,0.006288,0.000028,0.000003,0.042002,0.000235,0.000004,0.000577,0.049139,0
140,0.007425,0.000032,0.000003,0.040833,0.000248,0.000005,0.003886,0.052437,0
191,0.006449,0.000031,0.000003,0.042524,0.000241,0.000004,0.000665,0.049918,0
141,0.006849,0.000032,0.000003,0.041894,0.000232,0.000004,0.003931,0.052950,0
142,0.006666,0.000028,0.000003,0.007656,0.000279,0.000005,0.004344,0.018986,0
143,0.007203,0.000028,0.000002,0.038816,0.000247,0.000004,0.003507,0.049813,0
144,0.006634,0.000028,0.000003,0.037739,0.000217,0.000004,0.003613,0.048241,0
145,0.006306,0.000025,0.000003,0.042847,0.000236,0.000004,0.003238,0.052663,0
146,0.007528,0.000031,0.000003,0.013945,0.000250,0.000004,0.003593,0.025359,0
147,0.006803,0.000031,0.000003,0.008507,0.000265,0.000004,0.003876,0.019494,0
148,0.006712,0.000029,0.000002,0.044396,0.000244,0.000004,0.003820,0.055212,0
149,0.006322,0.000028,0.000002,0.043293,0.000360,0.000004,0.003782,0.053805,0
150,0.007232,0.000034,0.000004,0.036853,0.000224,0.000004,0.003740,0.048096,0
151,0.006423,0.000032,0.000003,0.036388,0.000235,0.000004,0.003838,0.046929,0
152,0.007116,0.000031,0.000003,0.036437,0.000232,0.000004,0.003949,0.047777,0
153,0.006425,0.000029,0.000003,0.042772,0.000250,0.000004,0.003719,0.053206,0
154,0.006075,0.000034,0.000003,0.038503,0.000259,0.000004,0.003274,0.048156,0
155,0.005989,0.000036,0.000003,0.009282,0.000262,0.000005,0.003521,0.019101,0
156,0.006222,0.000025,0.000003,0.009211,0.000252,0.000004,0.003501,0.019222,0
157,0.005998,0.000030,0.000003,0.031336,0.000217,0.000004,0.003217,0.040808,0
158,0.006758,0.000031,0.000003,0.041487,0.000246,0.000005,0.003731,0.052264,0
159,0.006619,0.000031,0.000003,0.037955,0.000219,0.000004,0.003783,0.048617,0
160,0.006644,0.000030,0.000003,0.043469,0.000262,0.000004,0.003694,0.054108,0
161,0.006656,0.000034,0.000003,0.037976,0.000261,0.000004,0.003716,0.048652,0
162,0.006676,0.000032,0.000003,0.040034,0.000222,0.000004,0.003824,0.050800,0
163,0.006510,0.000030,0.000003,0.035707,0.000227,0.000004,0.003569,0.046055,0
164,0.006364,0.000029,0.000003,0.007996,0.000286,0.000005,0.004472,0.019160,0
165,0.006641,0.000032,0.000002,0.008938,0.000238,0.000004,0.003538,0.019397,0
166,0.006371,0.000025,0.000003,0.046223,0.000300,0.000004,0.003378,0.056308,0
167,0.006799,0.000027,0.000003,0.035924,0.000247,0.000004,0.003418,0.046426,0
168,0.006735,0.000033,0.000003,0.035911,0.000236,0.000004,0.003610,0.046536,0
169,0.006942,0.000029,0.000003,0.041598,0.000247,0.000004,0.003489,0.052315,0
170,0.006535,0.000029,0.000003,0.041155,0.000240,0.000004,0.003450,0.051419,0
171,0.006586,0.000029,0.000003,0.039603,0.000232,0.000004,0.003555,0.050016,0
172,0.007023,0.000033,0.000003,0.035207,0.000206,0.000004,0.003473,0.045952,0
173,0.006650,0.000030,0.000004,0.008607,0.000263,0.000004,0.003432,0.018993,0
174,0.006916,0.000033,0.000003,0.039476,0.000235,0.000004,0.003729,0.050401,0
175,0.007075,0.000040,0.000003,0.008320,0.000262,0.000004,0.003626,0.019337,0
176,0.006476,0.000026,0.000002,0.034569,0.000230,0.000004,0.003458,0.044770,0
177,0.007151,0.000033,0.000003,0.038741,0.000224,0.000004,0.003434,0.049594,0
178,0.007354,0.000030,0.000003,0.037670,0.000230,0.000006,0.003333,0.048630,0
179,0.007031,0.000026,0.000003,0.003584,0.000212,0.000004,0.004164,0.015027,0
180,0.006815,0.000026,0.000003,0.041394,0.000228,0.000004,0.004233,0.052706,0
181,0.005732,0.000023,0.000002,0.033599,0.000218,0.000003,0.003221,0.042803,0
182,0.007020,0.000033,0.000003,0.036505,0.000244,0.000004,0.003550,0.047363,0
183,0.005931,0.000029,0.000003,0.008148,0.000219,0.000004,0.003174,0.017512,0
184,0.005618,0.000025,0.000002,0.034045,0.000222,0.000004,0.003179,0.043099,0
185,0.005581,0.000028,0.000003,0.009037,0.000243,0.000004,0.003749,0.018650,0
186,0.006206,0.000025,0.000003,0.040333,0.000228,0.000004,0.003168,0.049972,0
187,0.006067,0.000027,0.000002,0.038250,0.000231,0.000004,0.003987,0.048573,0
188,0.006624,0.000031,0.000003,0.040401,0.000244,0.000004,0.003747,0.051058,0
128,0.013357,0.000038,0.000003,0.029709,0.000284,0.000005,0.005311,0.048712,0
189,0.006449,0.000031,0.000002,0.010959,0.000235,0.000004,0.003864,0.021548,0
129,0.006547,0.000034,0.000003,0.021849,0.000262,0.000004,0.004867,0.033570,0
190,0.006163,0.000031,0.000003,0.035804,0.000225,0.000004,0.003278,0.045512,0
130,0.006215,0.000051,0.000002,0.028061,0.000252,0.000004,0.004727,0.039317,0
131,0.006172,0.000031,0.000003,0.002360,0.000257,0.000004,0.008399,0.017238,0
191,0.007044,0.000030,0.000004,0.038613,0.000241,0.000004,0.003431,0.049372,0
132,0.006843,0.000037,0.000004,0.026684,0.000343,0.000004,0.004594,0.038513,0
133,0.005336,0.000025,0.000002,0.023450,0.000259,0.000004,0.004057,0.033139,0
134,0.006109,0.000029,0.000003,0.030745,0.000278,0.000004,0.004718,0.041888,0
135,0.005855,0.000031,0.000002,0.010229,0.000314,0.000004,0.004430,0.020870,0
136,0.006889,0.000029,0.000003,0.025683,0.000270,0.000004,0.004690,0.037571,0
137,0.006194,0.000031,0.000003,0.028460,0.000270,0.000004,0.004795,0.039761,0
138,0.006356,0.000037,0.000003,0.003719,0.000226,0.000004,0.004484,0.014832,0
139,0.005245,0.000024,0.000002,0.031565,0.000245,0.000004,0.004085,0.041175,0
140,0.005416,0.000026,0.000003,0.002209,0.000223,0.000004,0.003999,0.011882,0
141,0.006107,0.000033,0.000003,0.006138,0.000226,0.000004,0.004899,0.017413,0
142,0.006667,0.000035,0.000003,0.028945,0.000261,0.000004,0.004502,0.040421,0
143,0.005413,0.000026,0.000003,0.025017,0.000274,0.000004,0.004153,0.034893,0
144,0.005405,0.000026,0.000002,0.009729,0.000276,0.000005,0.004784,0.020229,0
145,0.006576,0.000030,0.000003,0.025766,0.000291,0.000004,0.004846,0.037521,0
146,0.005436,0.000026,0.000002,0.003023,0.000214,0.000004,0.003844,0.012551,0
147,0.005798,0.000028,0.000003,0.027583,0.000283,0.000004,0.004486,0.038190,0
148,0.006069,0.000030,0.000003,0.024665,0.000262,0.000005,0.004613,0.035649,0
149,0.007241,0.000030,0.000003,0.027099,0.000250,0.000004,0.004567,0.039197,0
150,0.005909,0.000030,0.000002,0.028890,0.000270,0.000004,0.004503,0.039615,0
151,0.005929,0.000029,0.000003,0.030766,0.000276,0.000004,0.004647,0.041658,0
152,0.008128,0.000036,0.000003,0.030420,0.000272,0.000004,0.004428,0.043295,0
153,0.005103,0.000028,0.000002,0.002337,0.000224,0.000004,0.003743,0.011445,0
154,0.005836,0.000034,0.000002,0.029716,0.000273,0.000004,0.004524,0.040394,0
155,0.006071,0.000029,0.000003,0.029270,0.000276,0.000004,0.004328,0.039986,0
156,0.005887,0.000031,0.000003,0.019806,0.000276,0.000004,0.004457,0.030467,0
157,0.005985,0.000028,0.000002,0.023902,0.000276,0.000004,0.004396,0.034597,0
158,0.006089,0.000029,0.000002,0.025744,0.000264,0.000004,0.004379,0.036515,0
159,0.006350,0.000028,0.000003,0.008576,0.000239,0.000004,0.005333,0.020535,0
160,0.005651,0.000031,0.000003,0.002586,0.000256,0.000005,0.005448,0.013983,0
161,0.005998,0.000028,0.000003,0.026433,0.000261,0.000004,0.004579,0.037310,0
162,0.006520,0.000028,0.000003,0.023630,0.000269,0.000004,0.004396,0.034853,0
163,0.006036,0.000028,0.000002,0.023438,0.000256,0.000005,0.004468,0.034238,0
164,0.005319,0.000025,0.000003,0.010289,0.000266,0.000004,0.004419,0.020330,0
165,0.006704,0.000033,0.000003,0.025691,0.000265,0.000004,0.004485,0.037190,0
166,0.007052,0.000033,0.000003,0.024105,0.000280,0.000004,0.004577,0.036057,0
167,0.005522,0.000026,0.000002,0.029612,0.000251,0.000004,0.004165,0.039587,0
168,0.010011,0.000062,0.000004,0.029386,0.000322,0.000004,0.004043,0.043843,0
169,0.006141,0.000029,0.000002,0.026440,0.000273,0.000004,0.004383,0.037277,0
170,0.006234,0.000033,0.000003,0.028973,0.000269,0.000004,0.004460,0.039979,0
171,0.006752,0.000037,0.000003,0.008262,0.000256,0.000004,0.004349,0.019666,0
172,0.006376,0.000032,0.000003,0.013516,0.000251,0.000004,0.004406,0.024591,0
173,0.006479,0.000032,0.000003,0.028463,0.000253,0.000004,0.004482,0.039721,0
174,0.006858,0.000029,0.000003,0.006391,0.000287,0.000005,0.005019,0.018595,0
175,0.005582,0.000026,0.000002,0.023955,0.000241,0.000004,0.003934,0.033750,0
128,0.016004,0.000035,0.000004,0.042720,0.000264,0.000004,0.000343,0.059377,0
176,0.006556,0.000032,0.000003,0.028843,0.000276,0.000004,0.004503,0.040221,0
129,0.007896,0.000031,0.000003,0.046958,0.000238,0.000004,0.000270,0.055402,0
177,0.006014,0.000030,0.000002,0.022625,0.000263,0.000004,0.004339,0.033280,0
130,0.009050,0.000029,0.000003,0.016755,0.000241,0.000004,0.000307,0.026391,0
178,0.006265,0.000029,0.000002,0.004209,0.000218,0.000004,0.004416,0.015146,0
179,0.006643,0.000032,0.000003,0.029957,0.000280,0.000004,0.004464,0.041387,0
131,0.009605,0.000033,0.000003,0.054802,0.000241,0.000004,0.000289,0.064979,0
132,0.008368,0.000029,0.000003,0.010616,0.000239,0.000004,0.000291,0.019552,0
180,0.005632,0.000027,0.000002,0.030084,0.000324,0.000004,0.004026,0.040103,0
181,0.005931,0.000025,0.000003,0.023715,0.000262,0.000004,0.003957,0.033899,0
133,0.006682,0.000028,0.000003,0.048250,0.000238,0.000004,0.000305,0.055512,0
182,0.006476,0.000031,0.000003,0.025062,0.000258,0.000004,0.004439,0.036277,0
134,0.008727,0.000031,0.000003,0.046504,0.000240,0.000004,0.000277,0.055788,0
183,0.006729,0.000030,0.000003,0.027646,0.000246,0.000004,0.004501,0.039164,0
135,0.015970,0.000035,0.000003,0.010228,0.000297,0.000004,0.000337,0.026876,0
184,0.008394,0.000039,0.000004,0.031103,0.000276,0.000005,0.004477,0.044302,0
136,0.006445,0.000026,0.000002,0.037292,0.000224,0.000003,0.000275,0.044270,0
185,0.006551,0.000027,0.000003,0.025180,0.000268,0.000004,0.004340,0.036379,0
137,0.009037,0.000027,0.000002,0.011859,0.000268,0.000004,0.000301,0.021501,0
186,0.006179,0.000027,0.000002,0.008121,0.000243,0.000004,0.004356,0.018936,0
138,0.006302,0.000025,0.000003,0.011540,0.000212,0.000003,0.000255,0.018342,0
187,0.006065,0.000026,0.000002,0.024319,0.000269,0.000004,0.004288,0.034979,0
139,0.008724,0.000027,0.000003,0.044810,0.000240,0.000004,0.000306,0.054115,0
188,0.006901,0.000033,0.000002,0.024850,0.000256,0.000004,0.004489,0.036541,0
140,0.007655,0.000028,0.000002,0.041978,0.000209,0.000004,0.000251,0.050130,0
189,0.006330,0.000029,0.000003,0.027313,0.000272,0.000004,0.004456,0.038411,0
190,0.005454,0.000024,0.000003,0.027543,0.000264,0.000004,0.003822,0.037118,0
141,0.008951,0.000033,0.000003,0.046255,0.000239,0.000004,0.000320,0.055807,0
191,0.005991,0.000029,0.000002,0.026886,0.000272,0.000004,0.004337,0.037525,0
142,0.008340,0.000028,0.000003,0.041123,0.000246,0.000004,0.000335,0.050081,0
143,0.008706,0.000035,0.000003,0.039090,0.000211,0.000004,0.000266,0.048316,0
144,0.008490,0.000029,0.000003,0.049788,0.000239,0.000004,0.000285,0.058839,0
145,0.017791,0.000044,0.000004,2.076672,0.000357,0.000004,0.000325,2.095203,0
128,0.016057,0.000041,0.000003,0.023848,0.000284,0.000004,0.002729,0.042970,0
129,0.010211,0.000038,0.000003,0.002983,0.000306,0.000006,0.003366,0.016918,0
130,0.006263,0.000027,0.000003,0.009144,0.000233,0.000004,0.002668,0.018345,0
146,0.015172,0.000043,0.000006,1.371085,0.000246,0.000004,0.000303,1.386861,0
131,0.005790,0.000029,0.000003,0.026640,0.000252,0.000004,0.002460,0.035182,0
132,0.006653,0.000024,0.000003,0.005972,0.000219,0.000004,0.002646,0.015525,0
133,0.006140,0.000030,0.000003,0.013049,0.000291,0.000004,0.002918,0.022441,0
134,0.005566,0.000025,0.000002,0.003268,0.000198,0.000003,0.002253,0.011319,0
135,0.006334,0.000028,0.000003,0.033856,0.000266,0.000004,0.003035,0.043531,0
136,0.005757,0.000029,0.000003,0.002401,0.000226,0.000004,0.002410,0.010833,0
137,0.009624,0.000028,0.000003,0.032125,0.000255,0.000004,0.002788,0.044831,0
138,0.006387,0.000032,0.000002,0.008560,0.000276,0.000004,0.002642,0.017907,0
139,0.008386,0.000030,0.000003,0.035576,0.000257,0.000004,0.002701,0.046960,0
140,0.005136,0.000022,0.000003,0.023820,0.000235,0.000004,0.002466,0.031691,0
141,0.005209,0.000025,0.000003,0.002294,0.000209,0.000004,0.002319,0.010066,0
142,0.006104,0.000028,0.000002,0.035673,0.000250,0.000004,0.002667,0.044733,0
143,0.005463,0.000028,0.000002,0.007912,0.000241,0.000004,0.002411,0.016065,0
144,0.006222,0.000025,0.000003,0.027736,0.000260,0.000004,0.002721,0.036976,0
145,0.006149,0.000025,0.000003,0.026753,0.000252,0.000004,0.004230,0.037421,0
146,0.006390,0.000033,0.000002,0.024269,0.000262,0.000004,0.002707,0.033672,0
147,0.006337,0.000034,0.000003,0.026791,0.000243,0.000004,0.002578,0.035994,0
148,0.006010,0.000034,0.000003,0.003351,0.000232,0.000004,0.002732,0.012369,0
149,0.006208,0.000026,0.000002,0.027021,0.000233,0.000004,0.002715,0.036214,0
150,0.006739,0.000033,0.000003,0.026926,0.000245,0.000004,0.002517,0.036472,0
151,0.006717,0.000039,0.000003,0.031494,0.000260,0.000004,0.002637,0.041159,0
152,0.006282,0.000035,0.000002,0.033423,0.000267,0.000004,0.002633,0.042650,0
153,0.006244,0.000033,0.000003,0.003302,0.000233,0.000004,0.002636,0.012461,0
154,0.006219,0.000027,0.000002,0.029127,0.000254,0.000003,0.002627,0.038263,0
155,0.006440,0.000026,0.000003,0.028458,0.000283,0.000003,0.002735,0.037953,0
156,0.006886,0.000030,0.000003,0.029036,0.000312,0.000004,0.002793,0.039076,0
157,0.006704,0.000037,0.000004,0.013751,0.000266,0.000004,0.002769,0.023539,0
158,0.005791,0.000028,0.000003,0.029453,0.000250,0.000004,0.002455,0.037987,0
159,0.005766,0.000024,0.000003,0.028184,0.000320,0.000004,0.002558,0.036862,0
160,0.005551,0.000024,0.000003,0.026458,0.000246,0.000005,0.002372,0.034663,0
161,0.006018,0.000031,0.000002,0.029295,0.000246,0.000004,0.002599,0.038200,0
147,0.009811,0.000033,0.000003,1.021758,0.000332,0.000004,0.000304,1.032248,0
162,0.005886,0.000029,0.000003,0.004717,0.000229,0.000004,0.002702,0.013575,0
163,0.006066,0.000029,0.000002,0.011586,0.000249,0.000004,0.002634,0.020574,0
164,0.009441,0.000037,0.000003,0.026019,0.000286,0.000004,0.002712,0.038508,0
165,0.005947,0.000031,0.000003,0.027267,0.000248,0.000004,0.002619,0.036123,0
148,0.009582,0.000031,0.000003,0.106826,0.000254,0.000004,0.000292,0.116994,0
166,0.006083,0.000039,0.000003,0.027325,0.000257,0.000004,0.002603,0.036318,0
167,0.007089,0.000033,0.000002,0.035367,0.000264,0.000004,0.002839,0.045603,0
168,0.006619,0.000028,0.000003,0.003242,0.000244,0.000004,0.002942,0.013085,0
169,0.006508,0.000029,0.000003,0.005394,0.000258,0.000004,0.002960,0.015160,0
170,0.006015,0.000033,0.000003,0.027149,0.000244,0.000004,0.002734,0.036186,0
171,0.005889,0.000033,0.000003,0.028455,0.000247,0.000004,0.002576,0.037210,0
172,0.006087,0.000030,0.000003,0.028075,0.000237,0.000004,0.002483,0.036921,0
173,0.006461,0.000031,0.000002,0.028995,0.000261,0.000004,0.002578,0.038338,0
174,0.005941,0.000034,0.000002,0.025155,0.000248,0.000004,0.002560,0.033948,0
175,0.006004,0.000033,0.000002,0.013704,0.000251,0.000004,0.004806,0.024810,0
176,0.006312,0.000031,0.000003,0.027404,0.000226,0.000004,0.002720,0.036703,0
177,0.006248,0.000029,0.000003,0.035110,0.000232,0.000004,0.002802,0.044432,0
178,0.005810,0.000026,0.000002,0.029400,0.000222,0.000004,0.002662,0.038128,0
179,0.006543,0.000025,0.000002,0.028581,0.000251,0.000004,0.002749,0.038159,0
180,0.006029,0.000034,0.000002,0.024731,0.000243,0.000004,0.002628,0.033676,0
181,0.005983,0.000033,0.000003,0.026462,0.000240,0.000004,0.002629,0.035357,0
182,0.005943,0.000026,0.000003,0.032755,0.000228,0.000004,0.002737,0.041701,0
183,0.006125,0.000029,0.000002,0.025655,0.000248,0.000004,0.002662,0.034730,0
184,0.005340,0.000024,0.000002,0.024227,0.000240,0.000003,0.002396,0.032236,0
185,0.005211,0.000029,0.000002,0.027310,0.000267,0.000004,0.002492,0.035321,0
186,0.006008,0.000035,0.000002,0.009051,0.000257,0.000004,0.005814,0.021179,0
187,0.005970,0.000033,0.000003,0.008736,0.000287,0.000005,0.003123,0.018160,0
188,0.005889,0.000035,0.000003,0.024345,0.000248,0.000004,0.002360,0.032888,0
189,0.005916,0.000033,0.000002,0.030096,0.000234,0.000004,0.002720,0.039025,0
190,0.006051,0.000031,0.000003,0.027839,0.002767,0.000008,0.002771,0.039484,0
191,0.006367,0.000040,0.000004,0.007702,0.000307,0.000004,0.003069,0.017498,0
149,0.008754,0.000032,0.000003,2.165968,0.000249,0.000004,0.000333,2.175345,0
128,0.010492,0.000048,0.000004,0.206273,0.000718,0.000014,0.010501,0.228061,0
150,0.010704,0.000037,0.000003,18.936769,0.000267,0.000004,0.000325,18.948112,0
129,0.006369,0.000023,0.000003,7.201954,0.000244,0.000004,0.005081,7.213684,0
128,0.016039,0.000033,0.000003,16.198547,0.000429,0.000004,0.006423,16.221494,0
130,0.007196,0.000032,0.000003,0.733791,0.000238,0.000004,0.005088,0.746356,0
131,0.007240,0.000033,0.000003,0.355228,0.000242,0.000005,0.006514,0.369272,0
132,0.006133,0.000025,0.000002,0.401972,0.000373,0.000004,0.003796,0.412315,0
133,0.005620,0.000025,0.000004,0.180914,0.000235,0.000004,0.003334,0.190140,0
134,0.007047,0.000026,0.000003,0.005965,0.000228,0.000004,0.003750,0.017027,0
129,0.010460,0.000039,0.000003,5.049714,0.000263,0.000004,0.006688,5.067175,0
151,0.009998,0.000032,0.000003,8.645588,0.000383,0.000005,0.000344,8.656360,0
135,0.007405,0.000024,0.000002,24.886096,0.000301,0.000004,0.005515,24.899351,0
130,0.005606,0.000022,0.000002,20.916981,0.000421,0.000004,0.005800,20.928848,0
136,0.008392,0.000028,0.000003,0.076868,0.000255,0.000004,0.004550,0.090104,0
131,0.009938,0.000038,0.000004,0.028941,0.000294,0.000004,0.006389,0.045614,0
132,0.007511,0.000030,0.000003,0.046300,0.000283,0.000004,0.005360,0.059497,0
133,0.007040,0.000027,0.000003,0.023629,0.000260,0.000004,0.004991,0.035959,0
134,0.010603,0.000040,0.000004,0.029201,0.000285,0.000004,0.005657,0.045799,0
135,0.008570,0.000029,0.000003,0.014187,0.000278,0.000004,0.005704,0.028781,0
136,0.008918,0.000030,0.000003,0.021975,0.000267,0.000004,0.005566,0.036767,0
137,0.008595,0.000031,0.000003,0.004810,0.000263,0.000005,0.005506,0.019218,0
138,0.008990,0.000036,0.000003,0.062331,0.000285,0.000004,0.005510,0.077163,0
139,0.008909,0.000031,0.000003,0.053747,0.000277,0.000004,0.006078,0.069055,0
140,0.008590,0.000032,0.000003,0.024258,0.000272,0.000004,0.005815,0.038978,0
141,0.008211,0.000030,0.000003,0.023753,0.000258,0.000004,0.004911,0.037175,0
142,0.010074,0.000038,0.000003,0.006987,0.000272,0.000005,0.005898,0.023283,0
143,0.005461,0.000028,0.000003,0.025771,0.000286,0.000004,0.005279,0.036836,0
128,0.009705,0.000033,0.000004,6.428353,0.000261,0.000004,0.000974,6.439337,0
144,0.009342,0.000034,0.000003,0.061742,0.000353,0.000004,0.005845,0.077329,0
145,0.010469,0.000038,0.000004,0.028650,0.000283,0.000004,0.005525,0.044979,0
146,0.009664,0.000044,0.000003,0.038699,0.000268,0.000004,0.005375,0.054060,0
147,0.010100,0.000038,0.000003,0.008118,0.000268,0.000004,0.005617,0.024152,0
148,0.006127,0.000032,0.000004,0.023946,0.000274,0.000005,0.005291,0.035684,0
149,0.009997,0.000035,0.000003,0.029521,0.000322,0.000004,0.005724,0.045612,0
150,0.011879,0.000048,0.000003,0.026718,0.000285,0.000004,0.005507,0.044449,0
151,0.010343,0.000123,0.000003,0.007560,0.000242,0.000004,0.005317,0.023598,0
152,0.005497,0.000032,0.000003,0.003866,0.000235,0.000004,0.004877,0.014517,0
153,0.008425,0.000036,0.000003,0.046028,0.000288,0.000004,0.005287,0.060077,0
154,0.006607,0.000031,0.000003,0.030733,0.000280,0.000004,0.004692,0.042355,0
155,0.012088,0.000043,0.000004,0.008655,0.000262,0.000004,0.005666,0.026728,0
152,0.009670,0.000032,0.000004,19.171063,0.000289,0.000004,0.000282,19.181346,0
156,0.006961,0.000036,0.000004,0.026253,0.000274,0.000004,0.005038,0.038574,0
157,0.008406,0.000043,0.000005,0.106778,0.000291,0.000004,0.005198,0.120731,0
158,0.009740,0.000034,0.000003,0.035148,0.000282,0.000004,0.005381,0.050596,0
159,0.010491,0.000037,0.000003,0.027483,0.000267,0.000004,0.005179,0.043470,0
160,0.008342,0.000031,0.000003,0.026054,0.000271,0.000004,0.004459,0.039168,0
161,0.005935,0.000033,0.000003,0.002135,0.000254,0.000004,0.005276,0.013644,0
162,0.005916,0.000029,0.000003,0.006838,0.000275,0.000004,0.006129,0.019201,0
163,0.008787,0.000036,0.000003,0.041618,0.000308,0.000004,0.005292,0.056053,0
164,0.008496,0.000034,0.000003,0.088985,0.000353,0.000009,0.005396,0.103281,0
165,0.010554,0.000045,0.000003,0.026644,0.000304,0.000004,0.005151,0.042709,0
166,0.008645,0.000029,0.000003,0.029951,0.000442,0.000004,0.004884,0.043980,0
167,0.007809,0.000046,0.000006,0.061579,0.000304,0.000004,0.005158,0.074911,0
168,0.013292,0.000110,0.000004,0.031032,0.000563,0.000004,0.005386,0.050395,0
169,0.009731,0.000033,0.000003,0.026221,0.000249,0.000005,0.005333,0.041579,0
170,0.008706,0.000038,0.000003,0.025426,0.000263,0.000004,0.005066,0.039511,0
171,0.009595,0.000036,0.000003,0.014374,0.000265,0.000003,0.004956,0.029238,0
172,0.010166,0.000036,0.000003,0.009998,0.000245,0.000003,0.004992,0.025447,0
173,0.006184,0.000029,0.000002,0.026923,0.000607,0.000004,0.005222,0.038976,0
137,0.007138,0.000035,0.000003,2.078521,0.000222,0.000004,0.004135,2.090061,0
138,0.006080,0.000025,0.000002,0.006454,0.000212,0.000004,0.003711,0.016491,0
128,0.012963,0.000043,0.000006,24.610581,0.000299,0.000004,0.008380,24.632288,0
174,0.012611,0.000039,0.000003,0.341988,0.000257,0.000004,0.005071,0.359977,0
175,0.009415,0.000028,0.000003,0.024101,0.000230,0.000004,0.005189,0.038975,0
176,0.012958,0.000035,0.000003,0.023283,0.000234,0.000004,0.004401,0.040921,0
177,0.008995,0.000031,0.000002,0.087183,0.000263,0.000004,0.004832,0.101315,0
178,0.010408,0.000034,0.000003,0.027044,0.000282,0.000004,0.004927,0.042705,0
179,0.009072,0.000034,0.000003,0.006566,0.000255,0.000004,0.005194,0.021131,0
180,0.005839,0.000029,0.000003,0.127565,0.000301,0.000004,0.005487,0.139232,0
181,0.011050,0.000034,0.000002,0.035453,0.000269,0.000004,0.004837,0.051653,0
182,0.009196,0.000033,0.000003,0.022752,0.000234,0.000004,0.004860,0.037085,0
183,0.005958,0.000028,0.000003,0.002607,0.000206,0.000004,0.005699,0.014507,0
184,0.006477,0.000038,0.000002,0.056079,0.000234,0.000004,0.004765,0.067603,0
185,0.008983,0.000026,0.000002,0.028436,0.000255,0.000005,0.004996,0.042708,0
186,0.009534,0.000030,0.000003,0.021414,0.000238,0.000004,0.004754,0.035981,0
187,0.009299,0.000029,0.000002,0.006745,0.000259,0.000005,0.004893,0.021236,0
188,0.005635,0.000025,0.000002,0.047157,0.000248,0.000003,0.004860,0.057935,0
189,0.005886,0.000026,0.000002,0.002759,0.000230,0.000004,0.005438,0.014350,0
190,0.006341,0.000028,0.000003,0.045592,0.000250,0.000004,0.004937,0.057159,0
191,0.005874,0.000024,0.000002,0.073993,0.000239,0.000004,0.004704,0.084845,0
139,0.005946,0.000024,0.000002,2.913126,0.000311,0.000005,0.004359,2.923784,0
129,0.007497,0.000037,0.000003,8.003807,0.000311,0.000004,0.005774,8.017442,0
140,0.006235,0.000029,0.000005,5.338539,0.000302,0.000004,0.003484,5.348602,0
130,0.005956,0.000026,0.000004,31.227384,0.000332,0.000004,0.005700,31.239410,0
128,0.012983,0.000034,0.000003,19.407271,0.000237,0.000004,0.002601,19.423137,0
129,0.005780,0.000027,0.000003,0.006091,0.000226,0.000005,0.002638,0.014771,0
130,0.005924,0.000023,0.000003,0.021984,0.000225,0.000004,0.002525,0.030691,0
131,0.005176,0.000020,0.000002,0.001962,0.000194,0.000004,0.001984,0.009345,0
141,0.005916,0.000024,0.000002,41.017283,0.000310,0.000004,0.003627,41.027170,0
142,0.006987,0.000026,0.000003,0.022043,0.000238,0.000004,0.004070,0.033376,0
143,0.005599,0.000025,0.000003,0.037441,0.000237,0.000004,0.004425,0.047737,0
144,0.005327,0.000035,0.000003,0.004421,0.000219,0.000004,0.003672,0.013684,0
145,0.006109,0.000027,0.000002,0.035004,0.000259,0.000004,0.004613,0.046021,0
146,0.005513,0.000032,0.000002,0.040424,0.000220,0.000004,0.004175,0.050376,0
132,0.004537,0.000018,0.000002,0.346567,0.000222,0.000004,0.002202,0.353555,0
147,0.006334,0.000026,0.000002,0.043065,0.000235,0.000004,0.004238,0.053908,0
148,0.006243,0.000028,0.000002,0.004964,0.000241,0.000005,0.005156,0.016643,0
133,0.006896,0.000026,0.000002,0.046348,0.000249,0.000003,0.002842,0.056372,0
134,0.007255,0.000028,0.000002,0.011749,0.000253,0.000004,0.002701,0.021997,0
149,0.006642,0.000031,0.000003,0.047052,0.000217,0.000004,0.004007,0.057958,0
135,0.006706,0.000028,0.000003,0.047978,0.000231,0.000004,0.002560,0.057514,0
150,0.006407,0.000027,0.000003,0.049094,0.000247,0.000004,0.004605,0.060390,0
151,0.007307,0.000033,0.000002,0.009479,0.000250,0.000004,0.004659,0.021738,0
136,0.007075,0.000028,0.000003,0.044002,0.000221,0.000004,0.002435,0.053772,0
137,0.006930,0.000026,0.000003,1.365264,0.000252,0.000004,0.002724,1.375205,0
138,0.006244,0.000022,0.000002,0.003585,0.000194,0.000004,0.002711,0.012764,0
139,0.006092,0.000024,0.000003,0.006902,0.000206,0.000004,0.002545,0.015777,0
131,0.006153,0.000027,0.000003,12.213443,0.000313,0.000005,0.005338,12.225285,0
140,0.005236,0.000019,0.000002,11.968845,0.000248,0.000005,0.002572,11.976931,0
132,0.007529,0.000028,0.000003,44.413872,0.000280,0.000005,0.005695,44.427415,0
141,0.007495,0.000030,0.000003,63.798232,0.000372,0.000004,0.002732,63.808877,0
142,0.007549,0.000024,0.000003,0.060979,0.000237,0.000005,0.002436,0.071237,0
143,0.006511,0.000030,0.000002,0.075058,0.000246,0.000004,0.003113,0.084971,0
133,0.011777,0.000028,0.000003,31.016381,0.000263,0.000005,0.006524,31.034987,0
144,0.007223,0.000032,0.000003,0.081904,0.000259,0.000004,0.003152,0.092581,0
152,0.006459,0.000031,0.000003,77.474219,0.000274,0.000005,0.006253,77.487249,0
134,0.006619,0.000028,0.000003,0.065832,0.000276,0.000004,0.006930,0.079697,0
129,0.010386,0.000034,0.000003,128.697120,0.000449,0.000005,0.000975,128.708980,0
153,0.009223,0.000035,0.000004,62.226717,0.000263,0.000005,0.003622,62.239875,0
154,0.008384,0.000021,0.000002,0.001565,0.000197,0.000004,0.003704,0.013880,0
128,0.011545,0.000053,0.000006,178.099357,0.000386,0.000004,0.008107,178.119469,0
129,0.007455,0.000030,0.000004,0.041088,0.000243,0.000004,0.006988,0.055815,0
130,0.006179,0.000028,0.000004,0.032773,0.000244,0.000004,0.006145,0.045380,0
155,0.006156,0.000026,0.000003,1.242071,0.000454,0.000005,0.005894,1.254622,0
131,0.004912,0.000020,0.000004,0.043731,0.000229,0.000004,0.006046,0.054949,0
156,0.007798,0.000034,0.000006,0.078577,0.000291,0.000005,0.004909,0.091624,0
145,0.006821,0.000027,0.000003,150.272635,0.000271,0.000004,0.002187,150.281951,0
146,0.007141,0.000023,0.000003,0.003341,0.000238,0.000004,0.002320,0.013072,0
157,0.005510,0.000022,0.000003,87.587354,0.000331,0.000005,0.003852,87.597080,0
158,0.007674,0.000038,0.000003,0.008911,0.000282,0.000004,0.004433,0.021348,0
159,0.006923,0.000030,0.000003,0.065143,0.000305,0.000004,0.004261,0.076674,0
132,0.005957,0.000023,0.000004,87.820799,0.000243,0.000004,0.008311,87.835345,0
160,0.006709,0.000033,0.000003,0.045619,0.000280,0.000004,0.004020,0.056673,0
161,0.006290,0.000033,0.000003,0.028862,0.000276,0.000004,0.004292,0.039767,0
162,0.005603,0.000031,0.000003,0.003075,0.000238,0.000004,0.003625,0.012583,0
163,0.006134,0.000027,0.000003,0.115014,0.000274,0.000004,0.005256,0.126716,0
164,0.006271,0.000028,0.000003,0.020481,0.000267,0.000004,0.003768,0.030826,0
165,0.005143,0.000023,0.000003,0.023584,0.000269,0.000004,0.003406,0.032434,0
166,0.005339,0.000027,0.000003,0.001954,0.000222,0.000004,0.003314,0.010865,0
167,0.005627,0.000025,0.000003,0.120388,0.000304,0.000004,0.003848,0.130204,0
133,0.007226,0.000030,0.000004,2.176893,0.000229,0.000004,0.005904,2.190294,0
168,0.006351,0.000028,0.000003,14.493220,0.000437,0.000004,0.003967,14.504017,0
134,0.006220,0.000023,0.000004,14.749679,0.000235,0.000004,0.005918,14.762086,0
135,0.006780,0.000032,0.000003,243.950695,0.000249,0.000004,0.005560,243.963326,0
136,0.007029,0.000032,0.000003,0.026223,0.000246,0.000004,0.005069,0.038609,0
137,0.006339,0.000025,0.000003,0.024450,0.000244,0.000004,0.005432,0.036501,0
138,0.006596,0.000033,0.000002,0.029464,0.000235,0.000004,0.005876,0.042214,0
139,0.006157,0.000023,0.000002,0.028713,0.000239,0.000004,0.006191,0.041333,0
140,0.008528,0.000032,0.000003,0.044448,0.000269,0.000004,0.005601,0.058890,0
141,0.006444,0.000027,0.000003,0.048487,0.000252,0.000004,0.005850,0.061071,0
142,0.006618,0.000030,0.000002,0.016608,0.000220,0.000004,0.005401,0.028886,0
143,0.005855,0.000025,0.000002,0.059100,0.000239,0.000004,0.005588,0.070817,0
144,0.005422,0.000027,0.000002,0.005479,0.000259,0.000005,0.005904,0.017102,0
130,0.011267,0.000030,0.000005,244.367320,0.000251,0.000004,0.000952,244.379832,0
145,0.005446,0.000024,0.000002,0.041886,0.000250,0.000004,0.005320,0.052936,0
146,0.005645,0.000032,0.000006,0.024728,0.000218,0.000004,0.005580,0.036216,0
147,0.005400,0.000042,0.000003,94.719013,0.000270,0.000004,0.002763,94.727497,0
135,0.004924,0.000021,0.000003,76.724220,0.000257,0.000004,0.006123,76.735560,0
148,0.006853,0.000024,0.000002,0.045294,0.000244,0.000005,0.002519,0.054945,0
136,0.008034,0.000034,0.000004,0.054161,0.000247,0.000004,0.007606,0.070094,0
131,0.009411,0.000033,0.000002,71.302286,0.000246,0.000004,0.000853,71.312838,0
132,0.010320,0.000029,0.000003,0.907250,0.000253,0.000004,0.000902,0.918764,0
133,0.007355,0.000022,0.000002,0.103474,0.000217,0.000004,0.000758,0.111836,0
137,0.005468,0.000026,0.000004,71.635382,0.000248,0.000004,0.006358,71.647493,0
153,0.010651,0.000031,0.000003,445.003962,0.000248,0.000005,0.000358,445.015259,0
134,0.008327,0.000029,0.000003,0.060341,0.000243,0.000004,0.000769,0.069717,0
138,0.007170,0.000031,0.000005,0.166478,0.000243,0.000004,0.007953,0.181888,0
135,0.007216,0.000025,0.000003,0.153828,0.000246,0.000005,0.000847,0.162172,0
169,0.006551,0.000025,0.000004,150.706419,0.000266,0.000005,0.004931,150.718206,0
139,0.006838,0.000029,0.000004,74.004802,0.000282,0.000004,0.006086,74.018055,0
140,0.018329,0.000054,0.000009,0.002844,0.000191,0.000003,0.005978,0.027412,0
147,0.006140,0.000027,0.000002,153.537873,0.000248,0.000004,0.005157,153.549455,0
148,0.013103,0.000044,0.000005,0.026582,0.000233,0.000004,0.004965,0.044939,0
149,0.013136,0.000034,0.000004,0.020898,0.000229,0.000004,0.004383,0.038692,0
150,0.012652,0.000038,0.000003,0.024441,0.000228,0.000004,0.004990,0.042360,0
151,0.019747,0.000064,0.000006,0.013364,0.000241,0.000004,0.004876,0.038305,0
152,0.011103,0.000031,0.000003,0.012677,0.000213,0.000004,0.004653,0.028688,0
153,0.012927,0.000032,0.000004,0.116129,0.000218,0.000004,0.004283,0.133601,0
154,0.230475,0.000051,0.000004,0.075153,0.000254,0.000004,0.005522,0.311468,0
155,0.006722,0.000031,0.000003,0.046998,0.000237,0.000004,0.005311,0.059312,0
156,0.004752,0.000020,0.000004,0.419023,0.000257,0.000004,0.004262,0.428330,0
149,0.009408,0.000031,0.000003,247.513893,0.000248,0.000004,0.002206,247.525796,0
150,0.010055,0.000022,0.000002,0.114870,0.000253,0.000004,0.002337,0.127546,0
151,0.006428,0.000024,0.000002,1.053141,0.000245,0.000004,0.002426,1.062274,0
152,0.006945,0.000027,0.000003,0.033834,0.000234,0.000004,0.002538,0.043587,0
153,0.006129,0.000022,0.000002,0.053815,0.000267,0.000004,0.002451,0.062695,0
154,0.007521,0.000030,0.000003,0.053204,0.000262,0.000004,0.002551,0.063580,0
155,0.100445,0.000037,0.000004,0.048792,0.000279,0.000004,0.002849,0.152420,0
170,0.006975,0.000027,0.000002,177.121803,0.000239,0.000004,0.005344,177.134399,0
156,0.007435,0.000028,0.000003,0.068115,0.000304,0.000004,0.002379,0.078272,0
141,0.005548,0.000028,0.000004,103.205406,0.000318,0.000004,0.007463,103.218776,0
154,0.014052,0.000035,0.000003,177.453071,0.000255,0.000004,0.000342,177.467764,0
157,0.005683,0.000021,0.000003,0.042133,0.000238,0.000004,0.002198,0.050283,0
142,0.006984,0.000030,0.000004,1.272968,0.000233,0.000004,0.005749,1.285975,0
143,0.006018,0.000020,0.000004,0.004281,0.000188,0.000004,0.005227,0.015745,0
144,0.005243,0.000020,0.000003,13.996621,0.000292,0.000004,0.005845,14.008032,0
171,0.007454,0.000032,0.000003,70.677618,0.000298,0.000005,0.003956,70.689373,0
172,0.009804,0.000025,0.000005,0.052024,0.000243,0.000004,0.003887,0.065995,0
145,0.006439,0.000024,0.000004,55.710111,0.000246,0.000004,0.006483,55.723315,0
173,0.009337,0.000028,0.000003,0.352414,0.000360,0.000004,0.003997,0.366149,0
146,0.007138,0.000025,0.000004,6.481740,0.000228,0.000004,0.006210,6.495354,0
157,0.005664,0.000024,0.000003,246.006465,0.000386,0.000005,0.005600,246.018155,0
158,0.008409,0.000028,0.000003,0.011406,0.000313,0.000005,0.006387,0.026557,0
147,0.007362,0.000028,0.000003,73.584002,0.000250,0.000004,0.005940,73.597594,0
136,0.012019,0.000029,0.000002,328.437929,0.000421,0.000005,0.000970,328.451384,0
159,0.007677,0.000033,0.000003,0.127256,0.000235,0.000004,0.006329,0.141542,0
174,0.175274,0.000035,0.000003,79.999533,0.000311,0.000004,0.004108,80.179271,0
160,0.007449,0.000029,0.000003,0.006947,0.000271,0.000005,0.007022,0.021730,0
148,0.007889,0.000032,0.000004,0.116828,0.000258,0.000005,0.007248,0.132271,0
158,0.007495,0.000030,0.000003,151.280460,0.000296,0.000005,0.002527,151.290820,0
175,0.008300,0.000033,0.000003,1.180373,0.000308,0.000004,0.004092,1.193117,0
176,0.008138,0.000030,0.000003,0.248511,0.000305,0.000004,0.003915,0.260911,0
177,0.008333,0.000028,0.000003,0.078772,0.000323,0.000004,0.003771,0.091239,0
178,0.007615,0.000031,0.000003,0.092810,0.000290,0.000005,0.004230,0.104987,0
179,0.007527,0.000028,0.000003,0.109985,0.000334,0.000004,0.003779,0.121664,0
180,0.007108,0.000030,0.000003,0.006509,0.000282,0.000005,0.009956,0.023912,0
161,0.008150,0.000030,0.000003,78.265580,0.000263,0.000004,0.005242,78.279276,0
162,0.007083,0.000027,0.000003,0.019252,0.000227,0.000004,0.004490,0.031090,0
163,0.006753,0.000023,0.000002,0.003933,0.000248,0.000006,0.005675,0.016645,0
164,0.007436,0.000030,0.000003,0.005672,0.000256,0.000005,0.005211,0.018617,0
165,0.007213,0.000029,0.000003,25.398455,0.000250,0.000005,0.004693,25.410650,0
149,0.007622,0.000031,0.000004,107.198448,0.000267,0.000005,0.005089,107.211470,0
155,0.007587,0.000024,0.000003,315.596953,0.000300,0.000004,0.000312,315.605189,0
150,0.007764,0.000024,0.000004,57.232496,0.000346,0.000004,0.005358,57.246010,0
166,0.006848,0.000021,0.000002,141.791100,0.000249,0.000004,0.005195,141.803425,0
167,0.010910,0.000026,0.000002,0.108034,0.000226,0.000004,0.004969,0.124175,0
181,0.009376,0.000038,0.000005,243.949929,0.000401,0.000004,0.004273,243.964029,0
182,0.011452,0.000039,0.000004,0.009168,0.000241,0.000004,0.004403,0.025314,0
168,0.008988,0.000028,0.000003,0.075709,0.000230,0.000005,0.005088,0.090055,0
169,0.006293,0.000025,0.000003,0.036523,0.000226,0.000004,0.004497,0.047576,0
183,0.008094,0.000031,0.000003,0.693011,0.000229,0.000004,0.003764,0.705139,0
184,0.009569,0.000027,0.000003,0.007988,0.000206,0.000003,0.004413,0.022213,0
137,0.010943,0.000030,0.000004,249.178918,0.000285,0.000004,0.000921,249.191109,0
159,0.007819,0.000032,0.000003,249.958339,0.000258,0.000004,0.002252,249.968712,0
185,0.006270,0.000027,0.000003,77.994094,0.000246,0.000004,0.003884,78.004530,0
186,0.008293,0.000022,0.000003,0.005503,0.000248,0.000005,0.004494,0.018570,0
187,0.006591,0.000024,0.000002,0.355536,0.000315,0.000005,0.005023,0.367501,0
188,0.007318,0.000025,0.000003,0.519893,0.000442,0.000006,0.005263,0.532959,0
189,0.007728,0.000026,0.000005,0.016490,0.000261,0.000005,0.004450,0.028969,0
190,0.008046,0.000024,0.000003,0.075398,0.000304,0.000006,0.005205,0.088990,0
191,0.008179,0.000026,0.000003,0.043636,0.000274,0.000005,0.005184,0.057310,0
170,0.007392,0.000027,0.000003,79.858199,0.000250,0.000005,0.005543,79.871421,0
171,0.007550,0.000029,0.000003,0.060357,0.000227,0.000004,0.004851,0.073025,0
172,0.006839,0.000026,0.000002,0.060529,0.000217,0.000004,0.004714,0.072336,0
173,0.006783,0.000025,0.000002,79.744222,0.000248,0.000004,0.004933,79.756221,0
174,0.011780,0.000032,0.000003,0.124479,0.000297,0.000005,0.004799,0.141404,0
175,0.007488,0.000025,0.000004,0.006650,0.000241,0.000005,0.005129,0.019545,0
176,0.006862,0.000024,0.000003,0.055140,0.000317,0.000005,0.004917,0.067270,0
177,0.009028,0.000031,0.000003,0.042434,0.000294,0.000005,0.005711,0.057511,0
178,0.007948,0.000031,0.000003,0.102040,0.000228,0.000004,0.006807,0.117068,0
179,0.007528,0.000035,0.000003,0.051357,0.000271,0.000004,0.005755,0.064958,0
180,0.006827,0.000031,0.000002,0.003826,0.000247,0.000005,0.005835,0.016779,0
160,0.008122,0.000028,0.000003,156.082780,0.000270,0.000004,0.002564,156.093775,0
161,0.007945,0.000031,0.000002,0.008204,0.000299,0.000005,0.002778,0.019268,0
181,0.008461,0.000031,0.000003,51.842854,0.000230,0.000012,0.004613,51.856208,0
182,0.007671,0.000025,0.000003,83.834216,0.000249,0.000005,0.006114,83.848287,0
183,0.008604,0.000035,0.000003,0.056305,0.000231,0.000004,0.005821,0.071006,0
151,0.008190,0.000030,0.000004,377.402366,0.000304,0.000004,0.006862,377.417765,0
184,0.009534,0.000034,0.000003,0.042346,0.000229,0.000004,0.005006,0.057159,0
185,0.007050,0.000027,0.000003,6.876100,0.000251,0.000004,0.004622,6.888061,0
138,0.012609,0.000029,0.000003,377.580630,0.000305,0.000004,0.000916,377.594503,0
139,0.013828,0.000039,0.000007,0.018995,0.000385,0.000006,0.001080,0.034343,0
162,0.007515,0.000025,0.000003,220.640039,0.000248,0.000006,0.002381,220.650221,0
163,0.008348,0.000030,0.000003,0.006177,0.000264,0.000006,0.002850,0.017681,0
186,0.006990,0.000027,0.000003,77.969268,0.000493,0.000010,0.007540,77.984334,0
152,0.008643,0.000040,0.000004,84.998403,0.000291,0.000004,0.006764,85.014156,0
164,0.005924,0.000021,0.000002,0.097757,0.000241,0.000004,0.002230,0.106183,0
153,0.008075,0.000050,0.000004,0.040443,0.000288,0.000005,0.006508,0.055377,0
165,0.011907,0.000044,0.000005,0.043674,0.000264,0.000004,0.002483,0.058392,0
166,0.008186,0.000036,0.000003,0.003461,0.000235,0.000005,0.002650,0.014578,0
167,0.006727,0.000019,0.000002,0.004324,0.000208,0.000004,0.002553,0.013840,0
140,0.011522,0.000060,0.000006,79.499882,0.000367,0.000005,0.000907,79.512752,0
141,0.010022,0.000026,0.000004,0.054886,0.000258,0.000004,0.000840,0.066042,0
142,0.009403,0.000028,0.000003,0.041940,0.000242,0.000004,0.000855,0.052477,0
143,0.010358,0.000030,0.000003,0.039648,0.000232,0.000004,0.000832,0.051110,0
168,0.099559,0.000029,0.000002,158.765024,0.000372,0.000004,0.002597,158.867590,0
169,0.009549,0.000035,0.000003,0.023451,0.000218,0.000004,0.002427,0.035689,0
156,0.011835,0.000030,0.000004,622.929578,0.000353,0.000004,0.000369,622.942176,0
157,0.012693,0.000036,0.000003,0.667816,0.000237,0.000005,0.000309,0.681103,0
158,0.011071,0.000027,0.000003,0.040445,0.000224,0.000004,0.000264,0.052041,0
170,0.010764,0.000026,0.000003,2.398822,0.000251,0.000004,0.002499,2.412372,0
154,0.007845,0.000028,0.000004,307.134240,0.000267,0.000004,0.006438,307.148830,0
155,0.009941,0.000027,0.000004,0.041029,0.000249,0.000004,0.005709,0.056966,0
187,0.016710,0.000026,0.000003,307.777619,0.000231,0.000006,0.004761,307.799359,0
171,0.007419,0.000025,0.000003,146.681398,0.000233,0.000004,0.002275,146.691362,0
144,0.012145,0.000036,0.000003,228.647068,0.000247,0.000004,0.000969,228.660476,0
172,0.006782,0.000022,0.000002,0.300511,0.000249,0.000004,0.002460,0.310033,0
173,0.007954,0.000025,0.000003,0.029795,0.000252,0.000004,0.002369,0.040405,0
174,0.008143,0.000031,0.000003,0.417496,0.000241,0.000004,0.002562,0.428484,0
175,0.008104,0.000030,0.000003,0.043973,0.000249,0.000004,0.002448,0.054814,0
176,0.007825,0.000030,0.000002,0.056823,0.000218,0.000004,0.002698,0.067602,0
156,0.006570,0.000022,0.000004,65.421108,0.000249,0.000004,0.004959,65.432921,0
157,0.010067,0.000025,0.000004,0.005870,0.000281,0.000006,0.007690,0.023946,0
158,0.005679,0.000020,0.000003,0.709728,0.000235,0.000004,0.006226,0.721899,0
159,0.007488,0.000031,0.000004,0.033015,0.000237,0.000004,0.006196,0.046978,0
188,0.006836,0.000022,0.000002,65.804752,0.000300,0.000004,0.005460,65.817384,0
160,0.009094,0.000031,0.000004,0.021320,0.000328,0.000005,0.006824,0.037610,0
189,0.011117,0.000035,0.000005,0.004443,0.000285,0.000005,0.005513,0.021407,0
161,0.007607,0.000025,0.000004,0.035759,0.000256,0.000004,0.006307,0.049967,0
162,0.008360,0.000030,0.000004,0.050305,0.000248,0.000004,0.006690,0.065646,0
190,0.007869,0.000035,0.000003,0.422995,0.000323,0.000004,0.004624,0.435859,0
159,0.010787,0.000031,0.000003,343.876245,0.000258,0.000004,0.000288,343.887619,0
160,0.007050,0.000022,0.000002,0.122857,0.000252,0.000004,0.000292,0.130480,0
161,0.010313,0.000024,0.000002,0.009281,0.000227,0.000005,0.000298,0.020153,0
162,0.007163,0.000022,0.000002,0.267585,0.000248,0.000004,0.000293,0.275319,0
163,0.007169,0.000019,0.000002,0.002536,0.000239,0.000005,0.000262,0.010234,0
164,0.007252,0.000024,0.000003,0.270623,0.000238,0.000004,0.000267,0.278413,0
165,0.010962,0.000022,0.000002,0.036709,0.000230,0.000004,0.000262,0.048193,0
166,0.009180,0.000023,0.000003,0.122706,0.000216,0.000004,0.000261,0.132394,0
167,0.011328,0.000026,0.000003,0.021667,0.000225,0.000004,0.000238,0.033493,0
168,0.006975,0.000018,0.000002,0.004396,0.000213,0.000004,0.000262,0.011873,0
169,0.006711,0.000023,0.000002,0.038081,0.000219,0.000004,0.000248,0.045291,0
170,0.010256,0.000025,0.000003,0.024227,0.000202,0.000004,0.000259,0.034977,0
145,0.011306,0.000027,0.000002,199.456929,0.000294,0.000004,0.000935,199.469501,0
177,0.009165,0.000025,0.000003,266.888946,0.000240,0.000004,0.002236,266.900622,0
178,0.009608,0.000028,0.000003,2.573518,0.000256,0.000006,0.002257,2.585679,0
179,0.010326,0.000021,0.000002,0.024231,0.000246,0.000004,0.002196,0.037030,0
180,0.005736,0.000018,0.000002,0.032811,0.000240,0.000004,0.002273,0.041089,0
181,0.008631,0.000031,0.000003,0.035119,0.000215,0.000004,0.002308,0.046314,0
182,0.008786,0.000031,0.000003,0.034356,0.000227,0.000004,0.002430,0.045841,0
183,0.007245,0.000024,0.000002,0.007386,0.000250,0.000005,0.002911,0.017826,0
184,0.009110,0.000028,0.000003,0.045003,0.000242,0.000004,0.002359,0.056752,0
185,0.007188,0.000024,0.000002,0.032937,0.000229,0.000004,0.002301,0.042689,0
186,0.008567,0.000027,0.000003,0.031141,0.000225,0.000004,0.002481,0.042453,0
146,0.008823,0.000027,0.000003,141.496762,0.000280,0.000004,0.000873,141.506779,0
187,0.007552,0.000024,0.000002,70.422789,0.000231,0.000004,0.002197,70.432801,0
188,0.006816,0.000023,0.000003,0.021365,0.000216,0.000004,0.002467,0.030898,0
189,0.005986,0.000019,0.000002,0.046368,0.000301,0.000004,0.002207,0.054896,0
190,0.008155,0.000027,0.000004,0.004279,0.000239,0.000005,0.002597,0.015309,0
191,0.009179,0.000023,0.000002,275.409990,0.000310,0.000005,0.005356,275.424869,0
191,0.007855,0.000027,0.000002,0.054674,0.000251,0.000004,0.002469,0.065287,0
147,0.009408,0.000027,0.000004,0.416639,0.000314,0.000010,0.000830,0.427234,0
171,0.009584,0.000025,0.000003,143.794538,0.000265,0.000004,0.000299,143.804720,0
163,0.007229,0.000025,0.000003,276.582286,0.000377,0.000005,0.005994,276.595929,0
164,0.007755,0.000029,0.000005,49.627194,0.000294,0.000004,0.005149,49.640434,0
165,0.007917,0.000022,0.000004,0.022127,0.000484,0.000006,0.010700,0.041268,0
172,0.011502,0.000033,0.000003,52.149573,0.000248,0.000004,0.000255,52.161620,0
173,0.006602,0.000021,0.000002,0.037584,0.000222,0.000004,0.000234,0.044671,0
148,0.009128,0.000028,0.000002,52.494079,0.000288,0.000005,0.000998,52.504532,0
174,0.009519,0.000025,0.000003,0.034179,0.000227,0.000004,0.000239,0.044197,0
166,0.012089,0.000031,0.000004,2.392430,0.000241,0.000004,0.005802,2.410605,0
167,0.007244,0.000026,0.000003,0.086443,0.000248,0.000004,0.006625,0.100598,0
168,0.007433,0.000036,0.000004,0.005647,0.000253,0.000005,0.007409,0.020792,0
149,0.008349,0.000030,0.000002,0.617993,0.000236,0.000005,0.000872,0.627489,0
175,0.010906,0.000027,0.000002,0.712725,0.000226,0.000004,0.000264,0.724157,0
169,0.008412,0.000028,0.000004,0.392554,0.000248,0.000004,0.006685,0.407939,0
170,0.006637,0.000026,0.000004,0.027616,0.000268,0.000004,0.004909,0.039467,0
171,0.005940,0.000025,0.000004,84.673099,0.000256,0.000004,0.005232,84.684564,0
172,0.018673,0.000056,0.000008,0.274422,0.000240,0.000004,0.005167,0.298572,0
173,0.006535,0.000022,0.000004,0.003579,0.000228,0.000005,0.006851,0.017226,0
174,0.007931,0.000024,0.000004,1.089955,0.000288,0.000004,0.005444,1.103659,0
175,0.008507,0.000024,0.000004,0.018520,0.000206,0.000004,0.005008,0.032275,0
176,0.008792,0.000024,0.000003,0.033025,0.000236,0.000005,0.005194,0.047283,0
177,0.007656,0.000022,0.000004,0.001753,0.000222,0.000005,0.005275,0.014939,0
178,0.006565,0.000021,0.000003,0.268591,0.000314,0.000005,0.006396,0.281898,0
179,0.007723,0.000027,0.000003,0.208058,0.000232,0.000004,0.005182,0.221233,0
180,0.005938,0.000020,0.000003,0.146914,0.000275,0.000004,0.006155,0.159314,0
181,0.008303,0.000033,0.000004,0.050242,0.000229,0.000004,0.006139,0.064956,0
182,0.006758,0.000023,0.000003,0.007179,0.000214,0.000006,0.005633,0.019819,0
183,0.008507,0.000027,0.000003,0.289732,0.000237,0.000004,0.005638,0.304152,0
184,0.008232,0.000024,0.000004,0.036432,0.000228,0.000004,0.005285,0.050212,0
185,0.007926,0.000030,0.000004,0.009235,0.000222,0.000004,0.006323,0.023748,0
186,0.006709,0.000028,0.000003,0.006227,0.000212,0.000004,0.005632,0.018820,0
187,0.007372,0.000027,0.000003,0.038770,0.000236,0.000004,0.006176,0.052592,0
188,0.007691,0.000022,0.000004,63.544271,0.000279,0.000004,0.007544,63.559820,0
150,0.010789,0.000034,0.000003,151.159340,0.000407,0.000004,0.000977,151.171561,0
189,0.015003,0.000042,0.000005,0.005124,0.000366,0.000008,0.008074,0.028627,0
190,0.008062,0.000031,0.000004,0.045339,0.000244,0.000004,0.006537,0.060227,0
176,0.010275,0.000032,0.000003,151.162170,0.000473,0.000005,0.000339,151.173303,0
191,0.010187,0.000039,0.000004,0.008017,0.000255,0.000004,0.007981,0.026491,0
151,0.017912,0.000030,0.000003,0.112357,0.000245,0.000004,0.000844,0.131398,0
177,0.011501,0.000036,0.000005,0.042986,0.000234,0.000004,0.000280,0.055047,0
152,0.012773,0.000033,0.000003,0.043176,0.000250,0.000004,0.000914,0.057155,0
178,0.009825,0.000032,0.000003,0.047480,0.000252,0.000004,0.000274,0.057871,0
153,0.012465,0.000033,0.000003,0.046510,0.000252,0.000004,0.000905,0.060175,0
154,0.011010,0.000028,0.000003,0.010440,0.000290,0.000005,0.001046,0.022824,0
179,0.011688,0.000032,0.000003,0.047454,0.000230,0.000004,0.000272,0.059684,0
155,0.009729,0.000027,0.000003,0.054939,0.000242,0.000005,0.000969,0.065915,0
180,0.014151,0.000034,0.000004,0.047444,0.000232,0.000004,0.000282,0.062153,0
156,0.013840,0.000040,0.000004,0.011802,0.000273,0.000004,0.000913,0.026878,0
181,0.009698,0.000031,0.000003,0.044504,0.000243,0.000004,0.000274,0.054759,0
157,0.008265,0.000028,0.000003,0.048829,0.000267,0.000004,0.000901,0.058300,0
182,0.010147,0.000037,0.000003,0.049320,0.000233,0.000004,0.000278,0.060024,0
158,0.010800,0.000032,0.000003,0.051126,0.000245,0.000004,0.000859,0.063071,0
159,0.008399,0.000027,0.000002,0.006254,0.000246,0.000004,0.000782,0.015717,0
183,0.011106,0.000036,0.000003,0.050456,0.000255,0.000004,0.000332,0.062194,0
160,0.009795,0.000056,0.000003,0.049309,0.000244,0.000004,0.000872,0.060285,0
184,0.012392,0.000035,0.000003,0.049167,0.000305,0.000004,0.000275,0.062183,0
161,0.010766,0.000030,0.000003,0.043851,0.000259,0.000004,0.000863,0.055778,0
185,0.010939,0.000036,0.000003,0.049867,0.000247,0.000004,0.000265,0.061365,0
162,0.010552,0.000036,0.000003,0.044126,0.000242,0.000004,0.000864,0.055829,0
186,0.011013,0.000032,0.000003,0.047394,0.000257,0.000004,0.000294,0.059001,0
187,0.011746,0.000035,0.000003,0.015008,0.000231,0.000004,0.000275,0.027304,0
163,0.009259,0.000029,0.000003,0.044189,0.000222,0.000004,0.000882,0.054592,0
188,0.007685,0.000027,0.000003,0.038597,0.000225,0.000004,0.000252,0.046796,0
164,0.011771,0.000030,0.000003,0.042103,0.000211,0.000004,0.000871,0.054996,0
189,0.011354,0.000037,0.000004,0.041891,0.000232,0.000004,0.000263,0.053787,0
165,0.010778,0.000032,0.000003,0.041167,0.000232,0.000004,0.000843,0.053063,0
190,0.010526,0.000032,0.000003,0.051760,0.000245,0.000004,0.000277,0.062850,0
166,0.009853,0.000031,0.000003,0.048696,0.000247,0.000004,0.000888,0.059723,0
191,0.010660,0.000029,0.000003,0.045978,0.000251,0.000004,0.000241,0.057168,0
167,0.009697,0.000032,0.000003,0.047805,0.000244,0.000004,0.000776,0.058564,0
168,0.008349,0.000028,0.000003,0.005221,0.000235,0.000005,0.000789,0.014632,0
169,0.006605,0.000025,0.000002,0.004935,0.000235,0.000004,0.000713,0.012522,0
170,0.007577,0.000030,0.000003,0.009870,0.000283,0.000004,0.000848,0.018618,0
171,0.007140,0.000029,0.000003,0.035233,0.000219,0.000004,0.000636,0.043265,0
172,0.011824,0.000032,0.000003,0.037545,0.000238,0.000004,0.000728,0.050376,0
173,0.008519,0.000029,0.000003,0.038846,0.000235,0.000004,0.000692,0.048331,0
174,0.010726,0.000033,0.000003,0.037796,0.000234,0.000004,0.000783,0.049583,0
