step,optim/LR (group 0),optim/total grad norm,system/GPU active mem (%),system/GPU active mem (GiB),system/GPU reserved mem (%),system/GPU reserved mem (GiB),throughput/device/data loading (s),train/InfoNCE,train/ModalityPatchDisc
1,1.2500000146076218e-08,6.491077423095703,13.921404838562012,11.032951354980469,14.513192176818848,11.501953125,10.397833824157715,0.2424468994140625,7.716064453125
2,2.5000000292152436e-08,6.585046768188477,46.41541290283203,36.78500747680664,48.55474853515625,38.48046875,11.746342658996582,0.2404327392578125,8.128173828125
3,3.750000132640707e-08,6.706878185272217,52.71194839477539,41.77511978149414,78.10852813720703,61.90234375,12.069355010986328,0.2256927490234375,8.900146484375
4,5.000000058430487e-08,6.210595607757568,40.133934020996094,31.80682945251465,78.10852813720703,61.90234375,9.846139907836914,0.2216796875,8.134033203125
5,6.249999984220267e-08,6.1378560066223145,49.97317123413086,39.604591369628906,85.42304229736328,67.69921875,10.521147727966309,0.23895263671875,7.71875
6,7.500000265281415e-08,6.55177640914917,44.493953704833984,35.2622184753418,89.32674407958984,70.79296875,8.93477725982666,0.2424163818359375,7.8740234375
7,8.749999835799827e-08,5.900465488433838,39.95972442626953,31.668766021728516,89.32674407958984,70.79296875,10.982589721679688,0.2428436279296875,8.351806640625
8,1.0000000116860974e-07,6.104388236999512,0.9648905992507935,0.7646923065185547,89.32674407958984,70.79296875,10.193075180053711,0.24456787109375,7.909912109375
9,1.1249999687379386e-07,6.144619941711426,1.0563733577728271,0.8371939659118652,89.32674407958984,70.79296875,8.915999412536621,0.23193359375,7.64892578125
10,1.2499999968440534e-07,6.544737815856934,48.564208984375,38.48796463012695,99.0909194946289,78.53125,10.130181312561035,0.2396087646484375,8.142333984375
11,1.3749999538958946e-07,5.846359729766846,38.87324142456055,30.807708740234375,50.20347213745117,39.787109375,10.561877250671387,0.2257537841796875,7.662841796875
12,1.500000053056283e-07,5.9357829093933105,50.13630676269531,39.73387908935547,57.56973648071289,45.625,9.2799711227417,0.2332611083984375,7.796875
13,1.625000010108124e-07,6.445160865783691,20.047765731811523,15.88819694519043,57.56973648071289,45.625,8.705815315246582,0.239501953125,8.227294921875
14,1.7499999671599653e-07,6.644906044006348,11.310338973999023,8.96363639831543,57.56973648071289,45.625,10.161970138549805,0.2386474609375,8.403564453125
15,1.8750000663203537e-07,6.2198805809021,23.536117553710938,18.652774810791016,57.56973648071289,45.625,10.777167320251465,0.2472076416015625,7.999755859375
16,2.0000000233721948e-07,6.422271728515625,46.961952209472656,37.2181510925293,57.609169006347656,45.65625,11.847687721252441,0.2412872314453125,8.147705078125
17,2.124999980424036e-07,5.736387252807617,42.915191650390625,34.01102066040039,57.609169006347656,45.65625,10.16869068145752,0.2296905517578125,7.857666015625
18,2.2499999374758772e-07,5.664035797119141,4.490581035614014,3.5588622093200684,57.609169006347656,45.65625,9.489545822143555,0.23260498046875,7.72900390625
19,2.3750000366362656e-07,5.882087707519531,64.30458068847656,50.96248245239258,96.29376220703125,76.314453125,9.961281776428223,0.25201416015625,8.508056640625
20,2.499999993688107e-07,5.442424774169922,44.10040283203125,34.950321197509766,96.29376220703125,76.314453125,9.59429931640625,0.243499755859375,8.02490234375
21,2.625000092848495e-07,5.782311916351318,55.89409637451172,44.297027587890625,98.56106567382812,78.111328125,12.34468936920166,0.2387542724609375,8.29150390625
22,2.749999907791789e-07,5.880984306335449,37.25286102294922,29.523530960083008,58.70338821411133,46.5234375,10.873405456542969,0.2280120849609375,8.12890625
23,2.8750000069521775e-07,6.021782398223877,54.75300598144531,43.39269256591797,71.3238754272461,56.525390625,10.982379913330078,0.2314910888671875,8.561767578125
24,3.000000106112566e-07,5.123030662536621,25.26172637939453,20.020349502563477,71.3238754272461,56.525390625,10.075776100158691,0.2368011474609375,7.723876953125
25,3.12499992105586e-07,4.9727463722229,51.22468185424805,40.596435546875,71.3238754272461,56.525390625,9.841465950012207,0.2314453125,8.04248046875
26,3.250000020216248e-07,4.892987251281738,3.9247562885284424,3.11043643951416,71.3238754272461,56.525390625,8.89794635772705,0.2298431396484375,7.881591796875
27,3.3750001193766366e-07,5.341736316680908,44.06546401977539,34.92263412475586,71.3238754272461,56.525390625,11.103617668151855,0.2423858642578125,8.07177734375
28,3.4999999343199306e-07,5.073608875274658,9.899080276489258,7.845190525054932,71.3238754272461,56.525390625,10.056479454040527,0.234130859375,8.273681640625
29,3.625000033480319e-07,4.723762512207031,35.01313400268555,27.748506546020508,71.3238754272461,56.525390625,12.383132934570312,0.235687255859375,7.46484375
30,3.7500001326407073e-07,4.517637252807617,39.59844207763672,31.382442474365234,71.3238754272461,56.525390625,9.436922073364258,0.228912353515625,8.0361328125
31,3.8749999475840013e-07,4.861186504364014,49.104496002197266,38.91615295410156,71.3238754272461,56.525390625,9.803424835205078,0.2286834716796875,8.09130859375
32,4.0000000467443897e-07,4.586819171905518,4.385159969329834,3.475314140319824,71.3238754272461,56.525390625,9.065128326416016,0.2225799560546875,7.57958984375
33,4.1249998616876837e-07,4.23210334777832,45.47750473022461,36.04169845581055,71.3238754272461,56.525390625,10.288880348205566,0.2301483154296875,8.08740234375
34,4.249999960848072e-07,4.164015769958496,10.019601821899414,7.9407057762146,71.3238754272461,56.525390625,9.575199127197266,0.2181549072265625,7.84228515625
35,4.3750000600084604e-07,4.243671894073486,54.52749252319336,43.21397018432617,71.3238754272461,56.525390625,9.435320854187012,0.241302490234375,8.10693359375
36,4.4999998749517545e-07,3.5119903087615967,1.0542254447937012,0.8354916572570801,71.3238754272461,56.525390625,9.515870094299316,0.2319793701171875,7.5859375
37,4.624999974112143e-07,3.571953058242798,51.29722213745117,40.653926849365234,71.3238754272461,56.525390625,10.876545906066895,0.2305450439453125,8.080078125
38,4.750000073272531e-07,3.6551592350006104,41.98175811767578,33.271263122558594,71.3238754272461,56.525390625,10.401548385620117,0.2191925048828125,8.1380615234375
39,4.87500017243292e-07,3.825932025909424,55.723358154296875,44.161712646484375,79.91497802734375,63.333984375,11.646829605102539,0.21820068359375,8.3173828125
40,4.999999987376214e-07,3.180324077606201,60.55036544799805,47.98719787597656,92.46399688720703,73.279296875,11.109376907348633,0.2345733642578125,8.016357421875
41,5.124999802319508e-07,3.225576877593994,59.838478088378906,47.42301559448242,92.46399688720703,73.279296875,10.266165733337402,0.2259368896484375,7.7421875
42,5.25000018569699e-07,2.9461045265197754,32.41294479370117,25.68781280517578,92.46399688720703,73.279296875,9.457592010498047,0.2349395751953125,7.83056640625
43,5.375000000640284e-07,2.7616944313049316,3.810622215270996,3.0199832916259766,92.46399688720703,73.279296875,8.475565910339355,0.2277984619140625,7.61328125
44,5.499999815583578e-07,2.695716619491577,4.254133224487305,3.3714733123779297,92.46399688720703,73.279296875,10.345622062683105,0.224578857421875,7.6258544921875
45,5.625000198961061e-07,2.566911458969116,36.340919494628906,28.800800323486328,92.46399688720703,73.279296875,10.49539566040039,0.2268218994140625,7.7144775390625
46,5.750000013904355e-07,2.4384748935699463,58.066463470458984,46.0186653137207,92.46399688720703,73.279296875,9.893827438354492,0.2225799560546875,7.924560546875
47,5.874999828847649e-07,2.3343346118927,44.63484573364258,35.373878479003906,92.46399688720703,73.279296875,9.54129695892334,0.232147216796875,7.6024169921875
48,6.000000212225132e-07,2.42205810546875,47.160377502441406,37.375404357910156,92.46399688720703,73.279296875,11.148305892944336,0.2333831787109375,7.326904296875
49,6.125000027168426e-07,2.0463664531707764,35.89337921142578,28.446117401123047,92.46399688720703,73.279296875,9.22410774230957,0.2188262939453125,8.2734375
50,6.24999984211172e-07,1.8907350301742554,0.9651228785514832,0.7648763656616211,92.46399688720703,73.279296875,11.025806427001953,0.198455810546875,7.709228515625
51,6.375000225489202e-07,1.9232310056686401,47.83169174194336,37.907432556152344,92.46399688720703,73.279296875,11.390323638916016,0.218597412109375,8.415771484375
52,6.500000040432496e-07,1.7199888229370117,52.59210205078125,41.680137634277344,92.46399688720703,73.279296875,10.474174499511719,0.2228546142578125,7.8328857421875
53,6.62499985537579e-07,1.6282163858413696,56.65108108520508,44.896949768066406,92.46399688720703,73.279296875,9.658197402954102,0.20661163330078125,7.96728515625
54,6.750000238753273e-07,1.6042956113815308,53.058860778808594,42.050052642822266,92.46892547607422,73.283203125,10.522903442382812,0.222198486328125,7.65380859375
55,6.875000053696567e-07,1.5088616609573364,55.25698471069336,43.79210662841797,92.46892547607422,73.283203125,11.524205207824707,0.2052764892578125,8.177734375
56,6.999999868639861e-07,1.3926498889923096,45.905174255371094,36.38063430786133,92.46892547607422,73.283203125,10.693756103515625,0.198486328125,7.6328125
57,7.125000252017344e-07,1.3373167514801025,45.30430603027344,35.90443801879883,92.46892547607422,73.283203125,9.636467933654785,0.2170562744140625,7.57861328125
58,7.250000066960638e-07,1.3350244760513306,39.084964752197266,30.97550392150879,92.46892547607422,73.283203125,9.453817367553711,0.2130889892578125,7.88037109375
59,7.374999881903932e-07,1.2925053834915161,23.705230712890625,18.786800384521484,92.46892547607422,73.283203125,9.791468620300293,0.1816558837890625,7.417724609375
60,7.500000265281415e-07,1.1397192478179932,54.98339080810547,43.57527542114258,92.46892547607422,73.283203125,10.621907234191895,0.18317413330078125,7.467041015625
61,7.625000080224709e-07,1.1141090393066406,29.289140701293945,23.21214485168457,92.46892547607422,73.283203125,18.8951416015625,0.205230712890625,7.5185546875
62,7.749999895168003e-07,1.0455671548843384,24.6534366607666,19.53826904296875,92.46892547607422,73.283203125,9.8587064743042,0.1919708251953125,7.8099365234375
63,7.875000278545485e-07,1.0961074829101562,9.810439109802246,7.774940490722656,92.46892547607422,73.283203125,10.316471099853516,0.2008514404296875,8.556640625
64,8.000000093488779e-07,1.0218733549118042,12.291245460510254,9.741022109985352,92.46892547607422,73.283203125,9.878125190734863,0.192413330078125,7.8193359375
65,8.124999908432073e-07,1.0199034214019775,37.94637680053711,30.073152542114258,92.46892547607422,73.283203125,9.330968856811523,0.1889801025390625,7.425048828125
66,8.249999723375367e-07,0.9352579116821289,54.56695556640625,43.24524688720703,92.46892547607422,73.283203125,10.698295593261719,0.1839141845703125,7.529052734375
67,8.37500010675285e-07,0.9207139015197754,36.34611892700195,28.804920196533203,92.46892547607422,73.283203125,10.577981948852539,0.188690185546875,7.9117431640625
68,8.499999921696144e-07,0.8877984285354614,35.912986755371094,28.461654663085938,92.46892547607422,73.283203125,9.202075004577637,0.18358612060546875,7.667236328125
69,8.624999736639438e-07,0.848266065120697,23.166913986206055,18.36017608642578,92.46892547607422,73.283203125,9.896551132202148,0.1742706298828125,7.3460693359375
70,8.750000120016921e-07,0.8225358724594116,47.82221603393555,37.89992141723633,92.46892547607422,73.283203125,8.903990745544434,0.1635894775390625,7.77490234375
71,8.874999934960215e-07,0.8153772354125977,10.444693565368652,8.27759838104248,92.46892547607422,73.283203125,9.408400535583496,0.1748199462890625,7.290771484375
72,8.999999749903509e-07,0.785487949848175,45.8377571105957,36.327205657958984,92.46892547607422,73.283203125,8.784551620483398,0.1641998291015625,7.4661865234375
73,9.125000133280992e-07,0.7885270714759827,41.07114028930664,32.549583435058594,92.46892547607422,73.283203125,9.22587776184082,0.17510223388671875,7.9150390625
74,9.249999948224286e-07,0.7672682404518127,44.201168060302734,35.030181884765625,92.48124694824219,73.29296875,9.730772018432617,0.16716766357421875,8.1202392578125
75,9.37499976316758e-07,0.7156328558921814,0.9319086670875549,0.738553524017334,92.56257629394531,73.357421875,9.30888843536377,0.1570892333984375,7.6424560546875
76,9.500000146545062e-07,0.7290314435958862,41.06422424316406,32.54410171508789,92.56257629394531,73.357421875,9.352652549743652,0.14986419677734375,7.7574462890625
77,9.625000529922545e-07,0.6606488823890686,24.43731689453125,19.36699104309082,92.56257629394531,73.357421875,9.570916175842285,0.1510467529296875,7.534912109375
78,9.75000034486584e-07,0.696911096572876,23.598215103149414,18.701988220214844,92.56257629394531,73.357421875,9.720503807067871,0.1593780517578125,7.4610595703125
79,9.875000159809133e-07,0.6661449670791626,46.3541259765625,36.7364387512207,92.56257629394531,73.357421875,10.692098617553711,0.138519287109375,8.0323486328125
80,9.999999974752427e-07,0.6406053900718689,50.28245162963867,39.84970474243164,92.56257629394531,73.357421875,8.397768020629883,0.1526641845703125,7.696533203125
81,1.0124999789695721e-06,0.6726052165031433,47.40338897705078,37.567996978759766,92.56257629394531,73.357421875,9.419657707214355,0.1502838134765625,7.906005859375
82,1.0249999604639015e-06,0.6436191201210022,49.91100311279297,39.55532455444336,92.56257629394531,73.357421875,8.398456573486328,0.1450042724609375,7.681884765625
83,1.0375000556450686e-06,0.6240664124488831,41.791900634765625,33.12079620361328,92.56257629394531,73.357421875,10.704480171203613,0.13581085205078125,8.1094970703125
84,1.050000037139398e-06,0.5798433423042297,56.7783317565918,44.997798919677734,92.56257629394531,73.357421875,8.410229682922363,0.12797164916992188,7.373046875
85,1.0625000186337274e-06,0.6096190214157104,52.80167770385742,41.846229553222656,92.56257629394531,73.357421875,10.290181159973145,0.13932037353515625,7.695556640625
86,1.0750000001280569e-06,0.5563326478004456,0.9879480004310608,0.7829656600952148,92.56257629394531,73.357421875,10.295792579650879,0.14269256591796875,7.6561279296875
87,1.0874999816223863e-06,0.6108386516571045,1.0094963312149048,0.8000431060791016,92.56257629394531,73.357421875,8.622011184692383,0.14942169189453125,7.677978515625
88,1.0999999631167157e-06,0.5659703612327576,46.51223373413086,36.86174011230469,92.56257629394531,73.357421875,10.200519561767578,0.1392364501953125,8.0623779296875
89,1.112499944611045e-06,0.5110464096069336,48.04572296142578,38.077056884765625,92.56257629394531,73.357421875,10.045186042785645,0.13501739501953125,7.0565185546875
90,1.1250000397922122e-06,0.5052254796028137,37.735260009765625,29.905839920043945,92.56257629394531,73.357421875,10.894326210021973,0.14119338989257812,7.7706298828125
91,1.1375000212865416e-06,0.4928310811519623,42.413211822509766,33.613197326660156,92.56257629394531,73.357421875,11.236832618713379,0.14115524291992188,7.6417236328125
92,1.150000002780871e-06,0.4556187093257904,53.997379302978516,42.793846130371094,92.56257629394531,73.357421875,10.218186378479004,0.12574386596679688,7.298095703125
93,1.1624999842752004e-06,0.5107568502426147,44.24190902709961,35.062469482421875,92.56257629394531,73.357421875,9.11734390258789,0.1318511962890625,7.7783203125
94,1.1749999657695298e-06,0.4825997054576874,42.70635223388672,33.84551239013672,92.56257629394531,73.357421875,10.488870620727539,0.13560104370117188,7.5419921875
95,1.1874999472638592e-06,0.4328429102897644,18.0760555267334,14.325582504272461,92.56257629394531,73.357421875,10.316957473754883,0.11617660522460938,7.745361328125
96,1.2000000424450263e-06,0.48825228214263916,42.75613784790039,33.88496780395508,92.56257629394531,73.357421875,9.056469917297363,0.1373291015625,7.3896484375
97,1.2125000239393557e-06,0.46974611282348633,45.084571838378906,35.73029327392578,92.56257629394531,73.357421875,8.95366382598877,0.125152587890625,7.68310546875
98,1.2250000054336851e-06,0.41657429933547974,56.19215393066406,44.533241271972656,92.56257629394531,73.357421875,9.132733345031738,0.11332321166992188,7.7550048828125
99,1.2374999869280146e-06,0.4550767242908478,0.9183613657951355,0.7278170585632324,92.56257629394531,73.357421875,8.16041374206543,0.1250457763671875,8.0943603515625
100,1.249999968422344e-06,0.49121472239494324,42.62056350708008,33.77752685546875,92.56257629394531,73.357421875,8.749466896057129,0.14395904541015625,7.769287109375
101,1.2624999499166734e-06,0.407781183719635,48.75822448730469,38.6417236328125,92.56257629394531,73.357421875,10.470197677612305,0.12427902221679688,7.5235595703125
102,1.2750000450978405e-06,0.44356808066368103,0.9781635403633118,0.7752113342285156,92.56257629394531,73.357421875,8.498476028442383,0.1308135986328125,7.5615234375
103,1.2875000265921699e-06,0.42431390285491943,11.173070907592773,8.854848861694336,92.56257629394531,73.357421875,8.564751625061035,0.12693023681640625,7.43115234375
104,1.3000000080864993e-06,0.3975214660167694,30.589000701904297,24.242305755615234,92.56257629394531,73.357421875,8.661288261413574,0.11746978759765625,7.445068359375
105,1.3124999895808287e-06,0.42413535714149475,10.447874069213867,8.280118942260742,92.56257629394531,73.357421875,9.634723663330078,0.127166748046875,7.3790283203125
106,1.324999971075158e-06,0.36523088812828064,9.46428108215332,7.500604629516602,92.56257629394531,73.357421875,7.880290985107422,0.11675262451171875,7.6624755859375
107,1.3374999525694875e-06,0.36279821395874023,4.3571977615356445,3.453153610229492,92.56257629394531,73.357421875,7.9676737785339355,0.10766983032226562,7.3270263671875
108,1.3500000477506546e-06,0.35465672612190247,36.88908767700195,29.235233306884766,92.56257629394531,73.357421875,9.848893165588379,0.11396026611328125,7.0477294921875
109,1.362500029244984e-06,0.3505600690841675,57.022499084472656,45.19130325317383,92.56257629394531,73.357421875,9.06389045715332,0.11241531372070312,8.052978515625
110,1.3750000107393134e-06,0.3851890563964844,49.697505950927734,39.38612365722656,92.56257629394531,73.357421875,8.596463203430176,0.11799812316894531,7.6402587890625
111,1.3874999922336428e-06,0.3495278060436249,49.22754669189453,39.013671875,92.56257629394531,73.357421875,8.480916976928711,0.10206222534179688,8.0380859375
112,1.3999999737279722e-06,0.37125474214553833,43.48781967163086,34.464839935302734,92.56257629394531,73.357421875,8.497896194458008,0.11757659912109375,7.6326904296875
113,1.4124999552223017e-06,0.35762861371040344,32.22010040283203,25.53497886657715,92.56257629394531,73.357421875,9.439209938049316,0.115509033203125,7.799560546875
114,1.4250000504034688e-06,0.39613988995552063,54.6952018737793,43.34688186645508,98.39594268798828,77.98046875,9.546728134155273,0.12221908569335938,7.4490966796875
115,1.4375000318977982e-06,0.33668985962867737,50.85651397705078,40.304656982421875,64.52936553955078,51.140625,9.105484008789062,0.11162567138671875,7.9979248046875
116,1.4500000133921276e-06,0.3514041602611542,0.9698911309242249,0.7686553001403809,64.60576629638672,51.201171875,8.090866088867188,0.11849594116210938,7.442138671875
117,1.462499994886457e-06,0.313544899225235,4.1447038650512695,3.2847485542297363,64.60576629638672,51.201171875,8.754501342773438,0.104156494140625,7.3529052734375
118,1.4749999763807864e-06,0.3485778272151947,50.29642105102539,39.860774993896484,64.60576629638672,51.201171875,7.502673149108887,0.1151275634765625,7.6126708984375
119,1.4874999578751158e-06,0.35254210233688354,16.602399826049805,13.157685279846191,64.60576629638672,51.201171875,8.665834426879883,0.10854339599609375,7.2965087890625
120,1.500000053056283e-06,0.33883336186408997,50.22089385986328,39.8009147644043,64.60576629638672,51.201171875,7.981370449066162,0.10135269165039062,7.3175048828125
121,1.5125000345506123e-06,0.3610290586948395,46.43104934692383,36.797401428222656,64.60576629638672,51.201171875,15.859785079956055,0.11398696899414062,7.337890625
122,1.5250000160449417e-06,0.33944398164749146,21.71705436706543,17.211135864257812,64.60576629638672,51.201171875,8.892800331115723,0.11086654663085938,7.7261962890625
123,1.5374999975392711e-06,0.37098920345306396,43.269283294677734,34.29164505004883,64.60576629638672,51.201171875,11.185997009277344,0.12343215942382812,8.4034423828125
124,1.5499999790336005e-06,0.3202793598175049,46.43387985229492,36.799644470214844,64.60576629638672,51.201171875,10.935164451599121,0.0975189208984375,7.673828125
125,1.56249996052793e-06,0.3414657711982727,42.916465759277344,34.01203155517578,64.60576629638672,51.201171875,8.995752334594727,0.1138458251953125,7.2205810546875
126,1.575000055709097e-06,0.323324590921402,54.12436294555664,42.89448547363281,67.57050323486328,53.55078125,10.951373100280762,0.11122512817382812,7.440185546875
127,1.5875000372034265e-06,0.3574148714542389,0.8089853525161743,0.6411347389221191,67.70112609863281,53.654296875,7.823464870452881,0.1136474609375,7.767578125
128,1.6000000186977559e-06,0.31373676657676697,0.996084451675415,0.7894139289855957,67.70112609863281,53.654296875,8.5779447555542,0.11124038696289062,7.520263671875
129,1.6125000001920853e-06,0.2925017774105072,11.090824127197266,8.789667129516602,67.70112609863281,53.654296875,8.643651008605957,0.0997314453125,7.254150390625
130,1.6249999816864147e-06,0.3393358886241913,46.80154037475586,37.09101867675781,67.70112609863281,53.654296875,9.418718338012695,0.10482025146484375,7.6614990234375
131,1.637499963180744e-06,0.29024237394332886,47.15714645385742,37.37284469604492,67.70112609863281,53.654296875,8.85505485534668,0.10189056396484375,7.242919921875
132,1.6499999446750735e-06,0.30088943243026733,56.7499885559082,44.97533416748047,68.8002700805664,54.525390625,9.710071563720703,0.10724258422851562,7.30322265625
133,1.6625000398562406e-06,0.29696112871170044,0.9398320913314819,0.7448329925537109,68.8002700805664,54.525390625,9.00544261932373,0.10565567016601562,7.70361328125
134,1.67500002135057e-06,0.28126224875450134,11.249488830566406,8.915411949157715,68.8002700805664,54.525390625,9.408872604370117,0.09534454345703125,7.878662109375
135,1.6875000028448994e-06,0.3042922019958496,20.55729866027832,16.292011260986328,68.8002700805664,54.525390625,8.17548656463623,0.10326766967773438,7.6949462890625
136,1.6999999843392288e-06,0.33137941360473633,57.2093620300293,45.33939743041992,68.8002700805664,54.525390625,9.424301147460938,0.11865997314453125,7.5953369140625
137,1.7124999658335582e-06,0.2902969419956207,49.67691421508789,39.36980438232422,68.8002700805664,54.525390625,8.166504859924316,0.09523391723632812,7.465087890625
138,1.7249999473278876e-06,0.2997666597366333,22.483726501464844,17.818737030029297,68.8002700805664,54.525390625,8.46898078918457,0.10036087036132812,7.39208984375
139,1.7375000425090548e-06,0.3029285967350006,61.214534759521484,48.51356506347656,84.1784896850586,66.712890625,8.3956298828125,0.09750747680664062,7.9508056640625
140,1.7500000240033842e-06,0.28539565205574036,51.540897369384766,40.847042083740234,84.1784896850586,66.712890625,10.200602531433105,0.09264373779296875,7.56591796875
141,1.7625000054977136e-06,0.27567851543426514,44.74842834472656,35.46389389038086,84.1784896850586,66.712890625,8.737208366394043,0.09948348999023438,7.7794189453125
142,1.774999986992043e-06,0.26932066679000854,39.12494659423828,31.007186889648438,84.1784896850586,66.712890625,9.074440002441406,0.1004791259765625,7.5531005859375
143,1.7874999684863724e-06,0.32180994749069214,24.0111141204834,19.029218673706055,84.1784896850586,66.712890625,7.10321044921875,0.1044921875,7.948486328125
144,1.7999999499807018e-06,0.26799747347831726,12.086177825927734,9.578502655029297,84.1784896850586,66.712890625,8.502778053283691,0.09329032897949219,7.3045654296875
145,1.812500045161869e-06,0.28451064229011536,3.786982536315918,3.001248359680176,84.1784896850586,66.712890625,9.44688606262207,0.10787582397460938,7.557861328125
146,1.8250000266561983e-06,0.2575293779373169,1.0626055002212524,0.8421330451965332,84.1784896850586,66.712890625,8.371186256408691,0.09278106689453125,7.628662109375
147,1.8375000081505277e-06,0.2841241955757141,37.231170654296875,29.506338119506836,84.1784896850586,66.712890625,8.346156120300293,0.09936141967773438,7.6964111328125
148,1.8499999896448571e-06,0.28831347823143005,3.9147865772247314,3.1025352478027344,84.1784896850586,66.712890625,9.84860897064209,0.09358978271484375,7.823974609375
149,1.8624999711391865e-06,0.2724277675151825,23.282251358032227,18.451581954956055,84.1784896850586,66.712890625,9.701332092285156,0.10495758056640625,6.8594970703125
150,1.874999952633516e-06,0.265576034784317,46.24287033081055,36.64826583862305,84.1784896850586,66.712890625,9.620743751525879,0.09711074829101562,7.6746826171875
151,1.887500047814683e-06,0.27911660075187683,11.110541343688965,8.805294036865234,84.1784896850586,66.712890625,8.953516960144043,0.11172866821289062,7.603515625
152,1.9000000293090125e-06,0.2707217037677765,11.36378288269043,9.005992889404297,84.1784896850586,66.712890625,9.27707576751709,0.11199569702148438,7.202392578125
153,1.912500010803342e-06,0.31286096572875977,58.60690689086914,46.44697570800781,84.1784896850586,66.712890625,8.50590705871582,0.10846328735351562,7.7366943359375
154,1.925000105984509e-06,0.26873332262039185,45.5517463684082,36.10053634643555,84.1784896850586,66.712890625,8.67113208770752,0.097625732421875,7.412841796875
155,1.9374999737920007e-06,0.25042346119880676,55.38163375854492,43.890892028808594,84.1784896850586,66.712890625,10.420160293579102,0.08917999267578125,7.7288818359375
156,1.950000068973168e-06,0.24316781759262085,36.5882453918457,28.996809005737305,84.1784896850586,66.712890625,11.239965438842773,0.09112548828125,7.3292236328125
157,1.9624999367806595e-06,0.2610842287540436,20.147628784179688,15.967340469360352,84.1784896850586,66.712890625,8.367974281311035,0.09872055053710938,7.6082763671875
158,1.9750000319618266e-06,0.2694278955459595,10.521661758422852,8.33859634399414,84.1784896850586,66.712890625,9.420562744140625,0.09762191772460938,7.703125
159,1.9874998997693183e-06,0.2583731710910797,46.479801177978516,36.836036682128906,84.1784896850586,66.712890625,9.095586776733398,0.08104896545410156,8.0673828125
160,1.9999999949504854e-06,0.2510344684123993,38.29853057861328,30.35223960876465,84.1784896850586,66.712890625,7.481923580169678,0.09761810302734375,7.7392578125
161,2.0125000901316525e-06,0.27092012763023376,0.9780823588371277,0.7751469612121582,84.1784896850586,66.712890625,7.697953701019287,0.09584808349609375,7.43798828125
162,2.0249999579391442e-06,0.24105128645896912,41.33182144165039,32.75617599487305,84.1784896850586,66.712890625,8.225996971130371,0.09162521362304688,7.52783203125
163,2.0375000531203113e-06,0.2436865121126175,9.644481658935547,7.643416404724121,84.1784896850586,66.712890625,9.263134956359863,0.09299659729003906,7.3128662109375
164,2.049999920927803e-06,0.23991036415100098,53.66449737548828,42.530033111572266,84.1784896850586,66.712890625,7.349379062652588,0.08216094970703125,7.3499755859375
165,2.06250001610897e-06,0.2881324887275696,46.659584045410156,36.978515625,84.1784896850586,66.712890625,9.303389549255371,0.0955657958984375,7.3304443359375
166,2.0750001112901373e-06,0.23878595232963562,49.58249282836914,39.29497146606445,84.1784896850586,66.712890625,10.255377769470215,0.09212684631347656,7.64404296875
167,2.087499979097629e-06,0.2473541647195816,0.9597733616828918,0.7606368064880371,84.1784896850586,66.712890625,9.59717082977295,0.0888214111328125,7.2740478515625
168,2.100000074278796e-06,0.24508489668369293,10.207114219665527,8.089312553405762,84.1784896850586,66.712890625,9.17825698852539,0.094390869140625,6.9814453125
169,2.1124999420862878e-06,0.22514608502388,1.0130101442337036,0.8028278350830078,84.1784896850586,66.712890625,10.45413589477539,0.07983589172363281,7.896484375
170,2.125000037267455e-06,0.28893911838531494,43.273193359375,34.29474639892578,84.1784896850586,66.712890625,10.617732048034668,0.08994674682617188,7.5579833984375
171,2.1374999050749466e-06,0.24725359678268433,42.495784759521484,33.67863464355469,84.1784896850586,66.712890625,8.42564868927002,0.08779525756835938,7.8790283203125
172,2.1500000002561137e-06,0.24904507398605347,34.161922454833984,27.07390594482422,84.1784896850586,66.712890625,9.457503318786621,0.08582687377929688,7.546875
173,2.162500095437281e-06,0.24959857761859894,53.81785202026367,42.65156555175781,84.1784896850586,66.712890625,9.578120231628418,0.08650398254394531,7.598876953125
174,2.1749999632447725e-06,0.24502122402191162,47.25972366333008,37.454139709472656,84.1784896850586,66.712890625,9.835762977600098,0.08446502685546875,7.36865234375
175,2.1875000584259396e-06,0.23774397373199463,49.60040283203125,39.309165954589844,84.1784896850586,66.712890625,10.198465347290039,0.07867240905761719,7.919921875
176,2.1999999262334313e-06,0.24301597476005554,40.66610336303711,32.228580474853516,84.1784896850586,66.712890625,7.8766913414001465,0.08983993530273438,7.4990234375
177,2.2125000214145985e-06,0.2519095540046692,44.611610412597656,35.35546112060547,84.1784896850586,66.712890625,10.649032592773438,0.09326553344726562,7.3797607421875
178,2.22499988922209e-06,0.238011434674263,48.862300872802734,38.72420883178711,84.1784896850586,66.712890625,10.278251647949219,0.086334228515625,7.52880859375
179,2.2374999844032573e-06,0.23175403475761414,54.23896026611328,42.98530578613281,84.1784896850586,66.712890625,9.354528427124023,0.08777427673339844,7.223876953125
180,2.2500000795844244e-06,0.2174501270055771,44.12990951538086,34.97370529174805,84.1784896850586,66.712890625,9.524255752563477,0.08949661254882812,7.279052734375
181,2.262499947391916e-06,0.25373348593711853,4.240734100341797,3.360854148864746,84.1784896850586,66.712890625,16.077335357666016,0.09358978271484375,7.2132568359375
182,2.275000042573083e-06,0.24644796550273895,20.709909439086914,16.41295623779297,84.1784896850586,66.712890625,8.842982292175293,0.08465385437011719,7.6490478515625
183,2.287499910380575e-06,0.2425643354654312,49.44181442260742,39.1834831237793,84.1784896850586,66.712890625,10.538944244384766,0.0814218521118164,8.2601318359375
184,2.300000005561742e-06,0.24151232838630676,35.03803253173828,27.768238067626953,84.1784896850586,66.712890625,12.012422561645508,0.07808876037597656,7.5802001953125
185,2.312500100742909e-06,0.25505179166793823,44.3311882019043,35.13322448730469,84.1784896850586,66.712890625,9.584816932678223,0.0855255126953125,7.145263671875
186,2.324999968550401e-06,0.2508544325828552,21.582538604736328,17.104530334472656,84.1784896850586,66.712890625,9.615662574768066,0.09032630920410156,7.3675537109375
187,2.337500063731568e-06,0.2963402569293976,1.0426052808761597,0.8262825012207031,84.1784896850586,66.712890625,10.032029151916504,0.08098793029785156,7.7938232421875
188,2.3499999315390596e-06,0.2324662059545517,42.61956024169922,33.776729583740234,84.1784896850586,66.712890625,10.919794082641602,0.08093643188476562,7.4488525390625
189,2.3625000267202267e-06,0.2387496381998062,36.62373352050781,29.02493667602539,84.1784896850586,66.712890625,11.340876579284668,0.07881355285644531,7.1519775390625
190,2.3749998945277184e-06,0.21766725182533264,49.692161560058594,39.38188934326172,84.1784896850586,66.712890625,7.61461877822876,0.07506942749023438,7.5701904296875
191,2.3874999897088856e-06,0.21981534361839294,23.84467315673828,18.89731216430664,84.1784896850586,66.712890625,10.263079643249512,0.08133506774902344,7.1640625
192,2.4000000848900527e-06,0.22632545232772827,4.0251078605651855,3.1899666786193848,84.1784896850586,66.712890625,10.098409652709961,0.07680892944335938,7.2559814453125
193,2.4124999526975444e-06,0.2614023685455322,3.9618442058563232,3.139829158782959,84.1784896850586,66.712890625,11.024447441101074,0.07821846008300781,7.737548828125
194,2.4250000478787115e-06,0.25463274121284485,0.91366046667099,0.7240915298461914,84.1784896850586,66.712890625,8.14222240447998,0.07748794555664062,7.840576171875
195,2.437499915686203e-06,0.25954827666282654,4.093888282775879,3.244476318359375,84.1784896850586,66.712890625,9.795527458190918,0.08530044555664062,7.650146484375
196,2.4500000108673703e-06,0.24118095636367798,25.268272399902344,20.02553939819336,84.1784896850586,66.712890625,10.287128448486328,0.08395957946777344,7.5528564453125
197,2.4625001060485374e-06,0.2183617502450943,46.6884765625,37.00141525268555,84.1784896850586,66.712890625,9.702803611755371,0.07692527770996094,7.3870849609375
198,2.474999973856029e-06,0.24174140393733978,4.293932914733887,3.40301513671875,84.1784896850586,66.712890625,9.34621810913086,0.07493972778320312,7.3790283203125
199,2.4875000690371962e-06,0.23037417232990265,26.102237701416016,20.68647003173828,84.1784896850586,66.712890625,7.952538013458252,0.069091796875,7.8067626953125
200,2.499999936844688e-06,0.22853776812553406,4.498831748962402,3.565401077270508,84.1784896850586,66.712890625,9.63425064086914,0.07594871520996094,7.47216796875
201,2.512500032025855e-06,0.25457584857940674,36.02875518798828,28.553403854370117,84.1784896850586,66.712890625,8.756658554077148,0.08614158630371094,7.6824951171875
202,2.5249998998333467e-06,0.23781712353229523,0.9581326246261597,0.7593364715576172,84.1784896850586,66.712890625,7.459731578826904,0.08289527893066406,7.463134765625
203,2.537499995014514e-06,0.23971828818321228,50.464473724365234,39.99395751953125,84.1784896850586,66.712890625,8.867863655090332,0.07560157775878906,7.9346923828125
204,2.550000090195681e-06,0.22949250042438507,57.21918869018555,45.34718704223633,84.1784896850586,66.712890625,12.312582969665527,0.07734489440917969,7.2982177734375
205,2.5624999580031727e-06,0.22993770241737366,42.622291564941406,33.778892517089844,84.1784896850586,66.712890625,10.52573299407959,0.07572555541992188,7.550537109375
206,2.5750000531843398e-06,0.2242518663406372,4.287460803985596,3.397885799407959,84.1784896850586,66.712890625,7.880915641784668,0.07198333740234375,7.652099609375
207,2.5874999209918315e-06,0.22867591679096222,46.30522155761719,36.69767761230469,84.1784896850586,66.712890625,9.932141304016113,0.07455825805664062,7.6451416015625
208,2.6000000161729986e-06,0.23509052395820618,49.617733001708984,39.32290267944336,84.1784896850586,66.712890625,8.101224899291992,0.07203102111816406,7.7838134765625
209,2.6125001113541657e-06,0.24774347245693207,46.2803840637207,36.67799758911133,84.1784896850586,66.712890625,9.388900756835938,0.0860595703125,6.7916259765625
210,2.6249999791616574e-06,0.25794723629951477,53.121341705322266,42.099571228027344,84.1784896850586,66.712890625,12.465348243713379,0.08232879638671875,7.57958984375
211,2.6375000743428245e-06,0.22903193533420563,38.468441009521484,30.486896514892578,84.1784896850586,66.712890625,8.719311714172363,0.07907295227050781,7.5279541015625
212,2.649999942150316e-06,0.23378689587116241,48.845787048339844,38.71112060546875,84.1784896850586,66.712890625,11.231444358825684,0.07999801635742188,7.21533203125
213,2.6625000373314833e-06,0.2431984841823578,10.095157623291016,8.000585556030273,84.1784896850586,66.712890625,9.28674030303955,0.07763671875,7.652587890625
214,2.674999905138975e-06,0.23456412553787231,41.794151306152344,33.122581481933594,84.1784896850586,66.712890625,8.988083839416504,0.08021736145019531,7.3460693359375
215,2.687500000320142e-06,0.2403486967086792,4.101460933685303,3.2504777908325195,84.1784896850586,66.712890625,8.882554054260254,0.06919097900390625,7.67236328125
216,2.7000000955013093e-06,0.24594543874263763,4.089791774749756,3.241230010986328,84.1784896850586,66.712890625,8.18154239654541,0.07956314086914062,7.2911376953125
217,2.712499963308801e-06,0.2265511006116867,58.65614700317383,46.486000061035156,84.1784896850586,66.712890625,8.229187965393066,0.07276344299316406,7.4649658203125
218,2.725000058489968e-06,0.2239619940519333,51.52568435668945,40.83498764038086,84.1784896850586,66.712890625,10.240640640258789,0.06641769409179688,7.70458984375
219,2.7374999262974598e-06,0.22721849381923676,47.10929870605469,37.334922790527344,84.1784896850586,66.712890625,10.768077850341797,0.06193828582763672,7.9949951171875
220,2.750000021478627e-06,0.24123606085777283,4.065576553344727,3.222038745880127,84.1784896850586,66.712890625,7.9178080558776855,0.07292747497558594,7.6251220703125
221,2.7624998892861186e-06,0.24084492027759552,40.85776901245117,32.38047790527344,84.1784896850586,66.712890625,10.066363334655762,0.07567405700683594,7.5006103515625
222,2.7749999844672857e-06,0.24887338280677795,45.1684684753418,35.796783447265625,84.1784896850586,66.712890625,10.580303192138672,0.07533454895019531,7.4686279296875
223,2.787500079648453e-06,0.216135635972023,0.9518818259239197,0.7543826103210449,84.1784896850586,66.712890625,9.510294914245605,0.06298065185546875,7.2772216796875
224,2.7999999474559445e-06,0.23312313854694366,32.181549072265625,25.50442886352539,84.1784896850586,66.712890625,11.198456764221191,0.06553459167480469,7.2872314453125
225,2.8125000426371116e-06,0.21968159079551697,38.13164520263672,30.219982147216797,84.1784896850586,66.712890625,8.58286190032959,0.06426811218261719,7.27392578125
226,2.8249999104446033e-06,0.2370699644088745,63.22203063964844,50.10454177856445,96.59935760498047,76.556640625,7.436883926391602,0.07134819030761719,7.6434326171875
227,2.8375000056257704e-06,0.2217181771993637,0.9928648471832275,0.7868623733520508,96.59935760498047,76.556640625,7.742587566375732,0.06500244140625,7.3375244140625
228,2.8500001008069376e-06,0.22560665011405945,55.018192291259766,43.60285949707031,96.59935760498047,76.556640625,11.908956527709961,0.07307052612304688,6.95751953125
229,2.8624999686144292e-06,0.23969706892967224,40.45918655395508,32.064598083496094,96.59935760498047,76.556640625,12.241315841674805,0.06750011444091797,7.93603515625
230,2.8750000637955964e-06,0.2176765650510788,55.80844497680664,44.22914505004883,96.59935760498047,76.556640625,9.047318458557129,0.07027626037597656,7.5201416015625
231,2.887499931603088e-06,0.2282620519399643,53.33249282836914,42.266910552978516,96.59935760498047,76.556640625,11.156475067138672,0.060153961181640625,7.7470703125
232,2.900000026784255e-06,0.22431974112987518,53.703495025634766,42.560935974121094,96.59935760498047,76.556640625,9.18972110748291,0.06527900695800781,7.524658203125
233,2.912499894591747e-06,0.2043176293373108,49.44469451904297,39.18576431274414,96.59935760498047,76.556640625,10.102113723754883,0.0615997314453125,7.5789794921875
234,2.924999989772914e-06,0.21682287752628326,50.69034194946289,40.1729621887207,96.59935760498047,76.556640625,9.362225532531738,0.06304168701171875,7.268310546875
235,2.937500084954081e-06,0.2360651046037674,57.47657775878906,45.551170349121094,96.59935760498047,76.556640625,8.229846000671387,0.06158638000488281,7.83154296875
236,2.9499999527615728e-06,0.22803819179534912,0.9429337382316589,0.747291088104248,96.59935760498047,76.556640625,8.375235557556152,0.06544685363769531,7.4871826171875
237,2.96250004794274e-06,0.22475649416446686,1.049924612045288,0.8320832252502441,96.59935760498047,76.556640625,9.66106128692627,0.06844902038574219,7.27685546875
238,2.9749999157502316e-06,0.2163613736629486,66.66979217529297,52.836952209472656,99.04656219482422,78.49609375,10.836344718933105,0.06336402893066406,7.505126953125
239,2.9875000109313987e-06,0.22610041499137878,39.149330139160156,31.026512145996094,68.78055572509766,54.509765625,8.680098533630371,0.06467437744140625,7.1724853515625
240,3.000000106112566e-06,0.2400825172662735,50.95770263671875,40.384849548339844,68.78055572509766,54.509765625,7.877657413482666,0.061801910400390625,7.2283935546875
241,3.0124999739200575e-06,0.23767490684986115,47.91421890258789,37.97283935546875,68.78055572509766,54.509765625,17.083101272583008,0.07544517517089844,7.23193359375
242,3.0250000691012247e-06,0.20875340700149536,42.06460189819336,33.336917877197266,68.79041290283203,54.517578125,11.238303184509277,0.05667686462402344,7.5994873046875
243,3.0374999369087163e-06,0.21734143793582916,51.51571273803711,40.827083587646484,68.79041290283203,54.517578125,9.21088695526123,0.057036399841308594,8.193115234375
244,3.0500000320898835e-06,0.23081715404987335,3.814805746078491,3.023298740386963,68.79041290283203,54.517578125,8.447809219360352,0.06564521789550781,7.532470703125
245,3.062499899897375e-06,0.22847014665603638,54.80193328857422,43.43146896362305,68.79041290283203,54.517578125,9.205924987792969,0.06863021850585938,7.0576171875
246,3.0749999950785423e-06,0.2257942110300064,45.590576171875,36.131309509277344,68.79041290283203,54.517578125,8.945528984069824,0.05735588073730469,7.24853515625
247,3.0875000902597094e-06,0.21197699010372162,48.84242630004883,38.708457946777344,68.79041290283203,54.517578125,9.5969877243042,0.054360389709472656,7.7784423828125
248,3.099999958067201e-06,0.33293959498405457,47.698543548583984,37.801910400390625,68.79041290283203,54.517578125,8.350775718688965,0.07327461242675781,7.4273681640625
249,3.112500053248368e-06,0.23318347334861755,0.9496442079544067,0.7526092529296875,68.86927795410156,54.580078125,9.864507675170898,0.06679058074951172,7.13916015625
250,3.12499992105586e-06,0.23484982550144196,38.389225006103516,30.424116134643555,68.86927795410156,54.580078125,8.033246040344238,0.0647134780883789,7.5845947265625
251,3.137500016237027e-06,0.24571970105171204,4.373013973236084,3.4656882286071777,68.86927795410156,54.580078125,8.110817909240723,0.06696224212646484,7.07470703125
252,3.150000111418194e-06,0.264615535736084,17.552915573120117,13.910985946655273,68.86927795410156,54.580078125,8.229537010192871,0.06963634490966797,7.2789306640625
253,3.162499979225686e-06,0.22481472790241241,64.81828308105469,51.369598388671875,68.86927795410156,54.580078125,10.584346771240234,0.06242942810058594,7.8021240234375
254,3.175000074406853e-06,0.21499024331569672,42.68559265136719,33.82905960083008,68.86927795410156,54.580078125,8.390357971191406,0.058060646057128906,7.8792724609375
255,3.1874999422143446e-06,0.2225843071937561,4.307826042175293,3.4140257835388184,68.86927795410156,54.580078125,8.60510540008545,0.053366661071777344,7.6455078125
256,3.2000000373955118e-06,0.2312147617340088,23.59758949279785,18.701492309570312,68.86927795410156,54.580078125,9.162693977355957,0.058501243591308594,7.53564453125
257,3.2124999052030034e-06,0.21035882830619812,61.890750885009766,49.049476623535156,68.86927795410156,54.580078125,10.645393371582031,0.05410957336425781,7.3358154296875
258,3.2250000003841706e-06,0.23027139902114868,49.12678909301758,38.93381881713867,68.86927795410156,54.580078125,9.74493408203125,0.05534648895263672,7.34765625
259,3.2375000955653377e-06,0.21294209361076355,48.879024505615234,38.737464904785156,68.86927795410156,54.580078125,11.374324798583984,0.05058002471923828,7.7081298828125
260,3.2499999633728294e-06,0.2191232442855835,45.694923400878906,36.21400833129883,68.86927795410156,54.580078125,9.124818801879883,0.048697471618652344,7.4735107421875
261,3.2625000585539965e-06,0.2326628565788269,18.244430541992188,14.459023475646973,68.86927795410156,54.580078125,9.098403930664062,0.05860424041748047,7.604248046875
262,3.274999926361488e-06,0.2238471657037735,51.02811813354492,40.44065856933594,68.86927795410156,54.580078125,7.6818366050720215,0.05920219421386719,7.4013671875
263,3.2875000215426553e-06,0.21637332439422607,10.493443489074707,8.316232681274414,68.86927795410156,54.580078125,8.866658210754395,0.05455493927001953,7.7353515625
264,3.299999889350147e-06,0.24016426503658295,40.18754577636719,31.849315643310547,68.86927795410156,54.580078125,10.701214790344238,0.06022930145263672,7.2652587890625
265,3.312499984531314e-06,0.21211311221122742,52.02220153808594,41.22848129272461,68.86927795410156,54.580078125,9.885635375976562,0.052745819091796875,7.482666015625
266,3.3250000797124812e-06,0.22452440857887268,43.80982208251953,34.72003173828125,68.86927795410156,54.580078125,8.240852355957031,0.06195831298828125,7.6627197265625
267,3.337499947519973e-06,0.23832835257053375,10.500266075134277,8.321640014648438,68.86927795410156,54.580078125,9.24174690246582,0.05434417724609375,7.5743408203125
268,3.35000004270114e-06,0.2218819409608841,29.360994338989258,23.269088745117188,68.86927795410156,54.580078125,7.799898147583008,0.05096626281738281,7.7086181640625
269,3.3624999105086317e-06,0.22643154859542847,36.32268142700195,28.786346435546875,68.86927795410156,54.580078125,9.512795448303223,0.05438709259033203,6.7098388671875
270,3.375000005689799e-06,0.22399580478668213,0.9624219536781311,0.7627358436584473,68.86927795410156,54.580078125,6.1513285636901855,0.056731224060058594,7.5355224609375
271,3.387500100870966e-06,0.22769372165203094,22.06745147705078,17.488832473754883,68.86927795410156,54.580078125,8.418679237365723,0.05857086181640625,7.3948974609375
272,3.3999999686784577e-06,0.2375667691230774,1.034695029258728,0.8200135231018066,68.86927795410156,54.580078125,8.50829029083252,0.05480766296386719,7.0479736328125
273,3.4125000638596248e-06,0.23655200004577637,45.59801483154297,36.13720703125,68.86927795410156,54.580078125,7.32659387588501,0.05473613739013672,7.66064453125
274,3.4249999316671165e-06,0.24352817237377167,10.805500030517578,8.563543319702148,68.86927795410156,54.580078125,7.833501815795898,0.05536842346191406,7.206787109375
275,3.4375000268482836e-06,0.22686760127544403,53.752864837646484,42.60006332397461,68.86927795410156,54.580078125,9.243925094604492,0.050742149353027344,7.71826171875
276,3.4499998946557753e-06,0.25014880299568176,57.289363861083984,45.402801513671875,68.86927795410156,54.580078125,6.797614097595215,0.055675506591796875,7.3465576171875
277,3.4624999898369424e-06,0.23395001888275146,58.01792907714844,45.980201721191406,68.86927795410156,54.580078125,8.074296951293945,0.05607891082763672,7.4395751953125
278,3.4750000850181095e-06,0.23463095724582672,42.11921310424805,33.38019561767578,68.86927795410156,54.580078125,11.838410377502441,0.051738739013671875,7.6185302734375
279,3.4874999528256012e-06,0.25016123056411743,4.266269683837891,3.381091594696045,68.86927795410156,54.580078125,8.375864028930664,0.055995941162109375,7.966552734375
280,3.5000000480067683e-06,0.25539013743400574,40.98159408569336,32.478614807128906,68.86927795410156,54.580078125,8.887086868286133,0.060311317443847656,7.6326904296875
281,3.51249991581426e-06,0.2431401014328003,44.00619888305664,34.87566375732422,68.86927795410156,54.580078125,9.647017478942871,0.05311393737792969,7.314453125
282,3.525000010995427e-06,0.2385438233613968,10.763934135437012,8.530601501464844,68.86927795410156,54.580078125,10.179580688476562,0.05289936065673828,7.405029296875
283,3.5375001061765943e-06,0.22612673044204712,40.32173156738281,31.95566177368164,68.86927795410156,54.580078125,8.352622985839844,0.045540809631347656,7.3377685546875
284,3.549999973984086e-06,0.24132756888866425,43.16176986694336,34.20643997192383,68.86927795410156,54.580078125,6.063004493713379,0.05036449432373047,7.20263671875
285,3.562500069165253e-06,0.24906358122825623,49.20571517944336,38.996368408203125,68.86927795410156,54.580078125,9.22836685180664,0.049859046936035156,7.1942138671875
286,3.5749999369727448e-06,0.23328837752342224,55.32196807861328,43.843605041503906,68.86927795410156,54.580078125,11.522167205810547,0.0470428466796875,7.58251953125
287,3.587500032153912e-06,0.24281509220600128,22.890832901000977,18.141376495361328,68.86927795410156,54.580078125,9.432076454162598,0.05721759796142578,7.39794921875
288,3.5999998999614036e-06,0.2354636788368225,43.044700622558594,34.11366271972656,68.86927795410156,54.580078125,8.27012825012207,0.05425739288330078,6.9158935546875
289,3.6124999951425707e-06,0.2457355260848999,47.84023666381836,37.91420364379883,68.86927795410156,54.580078125,9.464363098144531,0.055133819580078125,7.885009765625
290,3.625000090323738e-06,0.23867590725421906,4.183220386505127,3.3152737617492676,68.86927795410156,54.580078125,9.860330581665039,0.05122566223144531,7.465087890625
291,3.6374999581312295e-06,0.22565501928329468,50.18693542480469,39.77400588989258,68.86927795410156,54.580078125,10.438994407653809,0.04566001892089844,7.68994140625
292,3.6500000533123966e-06,0.24420961737632751,42.179466247558594,33.427947998046875,68.86927795410156,54.580078125,8.887019157409668,0.04900646209716797,7.4627685546875
293,3.6624999211198883e-06,0.24391412734985352,50.487770080566406,40.012420654296875,68.86927795410156,54.580078125,9.64612102508545,0.05196666717529297,7.480224609375
294,3.6750000163010554e-06,0.24913591146469116,53.21078872680664,42.17045974731445,68.86927795410156,54.580078125,11.05941390991211,0.05045127868652344,7.197021484375
295,3.6875001114822226e-06,0.25115299224853516,52.282989501953125,41.43516540527344,68.86927795410156,54.580078125,11.04071044921875,0.04500293731689453,7.7431640625
296,3.6999999792897142e-06,0.24907997250556946,52.47193908691406,41.58490753173828,68.86927795410156,54.580078125,10.061990737915039,0.04520702362060547,7.53076171875
297,3.7125000744708814e-06,0.2627195715904236,0.8503980040550232,0.673954963684082,69.04671478271484,54.720703125,7.706212520599365,0.04464435577392578,7.2838134765625
298,3.724999942278373e-06,0.2565624415874481,54.941165924072266,43.541812896728516,69.04671478271484,54.720703125,8.378710746765137,0.04541969299316406,7.438232421875
299,3.73750003745954e-06,0.2520207166671753,1.017527461051941,0.8064079284667969,69.04671478271484,54.720703125,8.621785163879395,0.05256938934326172,7.1402587890625
300,3.749999905267032e-06,0.2542026937007904,36.5467643737793,28.96393585205078,69.04671478271484,54.720703125,9.292197227478027,0.05026435852050781,7.18798828125
301,3.762500000448199e-06,0.26072579622268677,0.993311882019043,0.7872166633605957,69.04671478271484,54.720703125,16.839841842651367,0.04681515693664551,7.1962890625
302,3.775000095629366e-06,0.25787943601608276,45.822784423828125,36.315338134765625,69.04671478271484,54.720703125,8.29549503326416,0.049384117126464844,7.6044921875
303,3.787499963436858e-06,0.2835552394390106,10.513993263244629,8.33251953125,69.04671478271484,54.720703125,6.089113712310791,0.04741525650024414,8.1510009765625
304,3.800000058618025e-06,0.2883022725582123,45.15009307861328,35.782222747802734,69.04671478271484,54.720703125,9.610309600830078,0.05655860900878906,7.5810546875
305,3.8124999264255166e-06,0.27584367990493774,48.35171890258789,38.31956100463867,69.04671478271484,54.720703125,11.503268241882324,0.053745269775390625,6.910888671875
306,3.825000021606684e-06,0.27656927704811096,42.51587677001953,33.694557189941406,69.04671478271484,54.720703125,7.238511562347412,0.047992706298828125,7.0936279296875
307,3.837500116787851e-06,0.2642720639705658,52.77250671386719,41.82311248779297,69.04671478271484,54.720703125,9.484108924865723,0.04562568664550781,7.6732177734375
308,3.850000211969018e-06,0.2728157341480255,4.080942630767822,3.2342166900634766,69.04671478271484,54.720703125,9.593783378601074,0.045420169830322266,7.3665771484375
309,3.862499852402834e-06,0.2848562002182007,49.97956466674805,39.60966110229492,69.04671478271484,54.720703125,6.528958797454834,0.04631519317626953,7.172607421875
310,3.874999947584001e-06,0.3014300465583801,48.70256042480469,38.59761047363281,69.04671478271484,54.720703125,7.274313449859619,0.04469108581542969,7.4757080078125
311,3.8875000427651685e-06,0.29131290316581726,3.841223955154419,3.0442357063293457,69.04671478271484,54.720703125,7.446771621704102,0.046837806701660156,7.11767578125
312,3.900000137946336e-06,0.2812344431877136,47.273075103759766,37.464717864990234,69.04671478271484,54.720703125,7.718116283416748,0.04659080505371094,7.2467041015625
313,3.912499778380152e-06,0.27805641293525696,54.03375244140625,42.822669982910156,69.04671478271484,54.720703125,9.512560844421387,0.04047584533691406,7.73876953125
314,3.924999873561319e-06,0.3091413378715515,56.8242073059082,45.034156799316406,69.04671478271484,54.720703125,9.911385536193848,0.038509368896484375,7.8006591796875
315,3.937499968742486e-06,0.28455233573913574,54.98455810546875,43.576202392578125,69.04671478271484,54.720703125,6.754415035247803,0.04332447052001953,7.680419921875
316,3.950000063923653e-06,0.2704162895679474,44.37101745605469,35.164791107177734,69.04671478271484,54.720703125,9.285283088684082,0.03893470764160156,7.4901123046875
317,3.96250015910482e-06,0.31151679158210754,37.022071838378906,29.34062385559082,69.04671478271484,54.720703125,7.8726043701171875,0.04387617111206055,7.3096923828125
318,3.974999799538637e-06,0.3121075928211212,52.61436462402344,41.697784423828125,69.04671478271484,54.720703125,8.433012962341309,0.04371356964111328,7.2498779296875
319,3.987499894719804e-06,0.31180477142333984,39.230613708496094,31.090930938720703,69.04671478271484,54.720703125,10.172416687011719,0.04127979278564453,7.6751708984375
320,3.999999989900971e-06,0.34253284335136414,1.0135533809661865,0.8032584190368652,69.04671478271484,54.720703125,7.725802898406982,0.045851707458496094,7.3408203125
321,4.012500085082138e-06,0.32543301582336426,38.54741668701172,30.549484252929688,69.04671478271484,54.720703125,7.788737773895264,0.04332780838012695,7.602294921875
322,4.025000180263305e-06,0.31255295872688293,42.27262878417969,33.50178146362305,69.04671478271484,54.720703125,7.952517509460449,0.041912078857421875,7.24853515625
323,4.037499820697121e-06,0.36242613196372986,10.894102096557617,8.63376235961914,69.04671478271484,54.720703125,6.9610209465026855,0.04249858856201172,7.758056640625
324,4.0499999158782884e-06,0.32042866945266724,31.463768005371094,24.93557357788086,69.04671478271484,54.720703125,8.965108871459961,0.04541492462158203,7.2586669921875
325,4.0625000110594556e-06,0.35605356097221375,53.21422576904297,42.17318344116211,69.04671478271484,54.720703125,9.634511947631836,0.05164051055908203,7.463623046875
326,4.075000106240623e-06,0.34302258491516113,52.24982833862305,41.40888214111328,69.04671478271484,54.720703125,8.818819999694824,0.04835844039916992,7.5489501953125
327,4.08750020142179e-06,0.3554533123970032,11.132332801818848,8.822564125061035,69.04671478271484,54.720703125,8.417767524719238,0.04655742645263672,7.5765380859375
328,4.099999841855606e-06,0.3517448902130127,23.477035522460938,18.6059513092041,69.04671478271484,54.720703125,7.361330986022949,0.04446697235107422,7.659912109375
329,4.112499937036773e-06,0.37077927589416504,4.709034442901611,3.731990337371826,69.04671478271484,54.720703125,8.050649642944336,0.05347394943237305,6.6700439453125
330,4.12500003221794e-06,0.34768974781036377,48.52516555786133,38.45702362060547,69.04671478271484,54.720703125,6.686697959899902,0.03871631622314453,7.5853271484375
331,4.1375001273991074e-06,0.37969696521759033,44.52937316894531,35.29029083251953,69.04671478271484,54.720703125,9.136835098266602,0.0441131591796875,7.4052734375
332,4.1500002225802746e-06,0.34015101194381714,1.0202139616012573,0.8085370063781738,69.04671478271484,54.720703125,6.970845699310303,0.04439067840576172,7.113525390625
333,4.162499863014091e-06,0.3575094938278198,39.750614166259766,31.503040313720703,69.04671478271484,54.720703125,9.486223220825195,0.03896141052246094,7.58349609375
334,4.174999958195258e-06,0.35930052399635315,43.34104919433594,34.3485221862793,69.04671478271484,54.720703125,8.102982521057129,0.03802919387817383,7.23486328125
335,4.187500053376425e-06,0.3756422698497772,4.092275619506836,3.2431983947753906,69.04671478271484,54.720703125,6.543665409088135,0.03795814514160156,7.6810302734375
336,4.200000148557592e-06,0.401017427444458,48.3642578125,38.32950210571289,69.04671478271484,54.720703125,10.714824676513672,0.045386314392089844,7.296630859375
337,4.212499788991408e-06,0.4125770926475525,21.38170623779297,16.94536781311035,69.04671478271484,54.720703125,9.012482643127441,0.047780513763427734,7.40869140625
338,4.2249998841725755e-06,0.3900528848171234,44.780948638916016,35.48966979980469,69.04671478271484,54.720703125,8.572239875793457,0.03435564041137695,7.5909423828125
339,4.237499979353743e-06,0.3942040801048279,39.91878128051758,31.636316299438477,69.04671478271484,54.720703125,10.652347564697266,0.03646993637084961,7.882080078125
340,4.25000007453491e-06,0.43191954493522644,58.60246658325195,46.44345474243164,69.04671478271484,54.720703125,10.266012191772461,0.03841447830200195,7.549560546875
341,4.262500169716077e-06,0.4145858585834503,34.21504592895508,27.11600685119629,69.04671478271484,54.720703125,7.46510124206543,0.04603099822998047,7.2943115234375
342,4.274999810149893e-06,0.42552655935287476,22.588064193725586,17.901426315307617,69.04671478271484,54.720703125,6.955179214477539,0.04634380340576172,7.4039306640625
343,4.28749990533106e-06,0.5061193108558655,23.464632034301758,18.596120834350586,69.04671478271484,54.720703125,7.73508882522583,0.05340003967285156,7.328857421875
344,4.300000000512227e-06,0.6797463297843933,10.558284759521484,8.367621421813965,69.04671478271484,54.720703125,6.906181335449219,0.04068326950073242,7.196044921875
345,4.3125000956933945e-06,0.49876832962036133,49.21116638183594,39.00069046020508,69.04671478271484,54.720703125,6.859742164611816,0.04288148880004883,7.1474609375
346,4.325000190874562e-06,0.563777506351471,10.737780570983887,8.50987434387207,69.04671478271484,54.720703125,8.451933860778809,0.038372039794921875,7.5628662109375
347,4.337499831308378e-06,0.500251293182373,43.29474639892578,34.311824798583984,69.04671478271484,54.720703125,8.51919174194336,0.044783592224121094,7.366943359375
348,4.349999926489545e-06,0.5208472013473511,38.28715133666992,30.343223571777344,69.04671478271484,54.720703125,7.822051525115967,0.03663969039916992,6.7564697265625
349,4.362500021670712e-06,0.47890251874923706,51.16791534423828,40.551448822021484,69.04671478271484,54.720703125,8.378448486328125,0.03989410400390625,7.8397216796875
350,4.375000116851879e-06,0.5432525277137756,57.46563720703125,45.54249954223633,69.04671478271484,54.720703125,9.043079376220703,0.03650236129760742,7.4794921875
351,4.387500212033046e-06,0.4968464970588684,1.0435680150985718,0.8270454406738281,69.04671478271484,54.720703125,8.367518424987793,0.03374624252319336,7.4881591796875
352,4.399999852466863e-06,0.8426645398139954,46.5796012878418,36.915130615234375,69.04671478271484,54.720703125,8.506738662719727,0.03970146179199219,7.3961181640625
353,4.41249994764803e-06,0.6890535354614258,11.592711448669434,9.187421798706055,69.04671478271484,54.720703125,8.845305442810059,0.03855323791503906,7.4366455078125
354,4.425000042829197e-06,0.5705550909042358,56.25191879272461,44.580604553222656,69.04671478271484,54.720703125,7.8300981521606445,0.03419685363769531,7.1087646484375
355,4.437500138010364e-06,0.7380720376968384,9.853891372680664,7.809377193450928,69.04671478271484,54.720703125,8.328752517700195,0.03276395797729492,7.66796875
356,4.44999977844418e-06,0.5361239910125732,20.858154296875,16.53044319152832,69.04671478271484,54.720703125,7.178497314453125,0.0343480110168457,7.4442138671875
357,4.462499873625347e-06,0.8880409002304077,38.69867706298828,30.669361114501953,69.04671478271484,54.720703125,7.92885684967041,0.03750038146972656,7.25634765625
358,4.4749999688065145e-06,0.6532383561134338,3.7429821491241455,2.9663772583007812,69.04671478271484,54.720703125,7.4813666343688965,0.030991435050964355,7.397705078125
359,4.487500063987682e-06,0.8345298767089844,36.426483154296875,28.868610382080078,69.04671478271484,54.720703125,8.939373016357422,0.03664255142211914,7.0968017578125
360,4.500000159168849e-06,0.7910550236701965,50.409080505371094,39.95005798339844,69.04671478271484,54.720703125,8.722511291503906,0.03687477111816406,7.17919921875
361,4.512499799602665e-06,0.8962742686271667,45.867225646972656,36.35055923461914,69.04671478271484,54.720703125,14.910848617553711,0.04053974151611328,7.256103515625
362,4.524999894783832e-06,1.8578059673309326,11.092084884643555,8.790666580200195,69.04671478271484,54.720703125,7.605518817901611,0.034679412841796875,7.4527587890625
363,4.537499989964999e-06,0.8836150765419006,51.812259674072266,41.06209945678711,69.04671478271484,54.720703125,7.128024101257324,0.03710126876831055,8.13671875
364,4.550000085146166e-06,2.031963348388672,49.292537689208984,39.06517791748047,69.04671478271484,54.720703125,9.464127540588379,0.03722047805786133,7.4947509765625
365,4.5625001803273335e-06,1.6810663938522339,39.70420837402344,31.466264724731445,69.04671478271484,54.720703125,8.34899616241455,0.04123830795288086,6.8935546875
366,4.57499982076115e-06,1.7365198135375977,49.57034683227539,39.28534698486328,69.04671478271484,54.720703125,7.4430718421936035,0.04110097885131836,7.0941162109375
367,4.587499915942317e-06,1.7645833492279053,55.142452239990234,43.70133590698242,69.04671478271484,54.720703125,8.952202796936035,0.03898429870605469,7.552734375
368,4.600000011123484e-06,1.0646394491195679,53.72502136230469,42.577999114990234,69.04671478271484,54.720703125,8.754307746887207,0.034445762634277344,7.2984619140625
369,4.612500106304651e-06,1.3395953178405762,51.537933349609375,40.84469223022461,69.04671478271484,54.720703125,7.892064571380615,0.03680610656738281,7.0985107421875
370,4.625000201485818e-06,1.5461407899856567,23.52069854736328,18.64055633544922,69.04671478271484,54.720703125,10.11026382446289,0.04160118103027344,7.433349609375
371,4.6374998419196345e-06,1.2987943887710571,54.00579833984375,42.80051803588867,69.04671478271484,54.720703125,8.047219276428223,0.03205156326293945,7.0693359375
372,4.649999937100802e-06,1.8671722412109375,46.0551643371582,36.49950408935547,69.04671478271484,54.720703125,8.620853424072266,0.026464462280273438,7.1719970703125
373,4.662500032281969e-06,1.9506584405899048,47.02354431152344,37.26696014404297,69.04671478271484,54.720703125,8.4420747756958,0.03352546691894531,7.6995849609375
374,4.675000127463136e-06,1.6797101497650146,4.334804058074951,3.43540620803833,69.04671478271484,54.720703125,7.669558048248291,0.03310108184814453,7.697509765625
375,4.687500222644303e-06,1.7452741861343384,64.7670669555664,51.32900619506836,69.04671478271484,54.720703125,8.101309776306152,0.03418731689453125,7.6307373046875
376,4.699999863078119e-06,1.896976351737976,39.5798454284668,31.367704391479492,69.04671478271484,54.720703125,6.631025791168213,0.031742095947265625,7.427734375
377,4.712499958259286e-06,1.439692497253418,33.36531066894531,26.44257926940918,69.04671478271484,54.720703125,6.637190341949463,0.03197765350341797,7.2572021484375
378,4.7250000534404535e-06,1.9283262491226196,51.13019561767578,40.52155303955078,69.04671478271484,54.720703125,9.30502700805664,0.03137612342834473,7.1279296875
379,4.737500148621621e-06,1.698815941810608,54.43769836425781,43.14280700683594,69.04671478271484,54.720703125,7.8297014236450195,0.03049778938293457,7.523681640625
380,4.749999789055437e-06,1.6691292524337769,47.1381950378418,37.35782241821289,69.04671478271484,54.720703125,9.087396621704102,0.03294038772583008,7.37744140625
381,4.762499884236604e-06,2.0814173221588135,1.004282832145691,0.7959113121032715,69.04671478271484,54.720703125,6.976989269256592,0.037920475006103516,7.5018310546875
382,4.774999979417771e-06,1.6626625061035156,51.156410217285156,40.542327880859375,69.04671478271484,54.720703125,9.211567878723145,0.04045534133911133,7.216552734375
383,4.787500074598938e-06,1.9590121507644653,9.223885536193848,7.310086727142334,69.04671478271484,54.720703125,6.563685417175293,0.031973838806152344,7.6500244140625
384,4.800000169780105e-06,1.7794177532196045,36.295372009277344,28.76470184326172,69.04671478271484,54.720703125,9.492325782775879,0.036061763763427734,7.175048828125
385,4.812499810213922e-06,1.7799514532089233,42.57399368286133,33.74061584472656,69.04671478271484,54.720703125,8.447253227233887,0.03937244415283203,7.2752685546875
386,4.824999905395089e-06,2.5586206912994385,57.90542221069336,45.89103698730469,69.04671478271484,54.720703125,7.7396626472473145,0.03821897506713867,7.5062255859375
387,4.837500000576256e-06,1.711702585220337,3.699143409729004,2.9316344261169434,69.04671478271484,54.720703125,8.434450149536133,0.029538869857788086,7.5374755859375
388,4.850000095757423e-06,2.230670213699341,52.22201919555664,41.386844635009766,69.04671478271484,54.720703125,7.486711025238037,0.028754711151123047,7.6116943359375
389,4.86250019093859e-06,1.739726185798645,1.0934125185012817,0.8665480613708496,69.04671478271484,54.720703125,7.834277153015137,0.035442352294921875,6.6904296875
390,4.874999831372406e-06,2.441218614578247,4.1098151206970215,3.25709867477417,69.04671478271484,54.720703125,7.562310218811035,0.03641653060913086,7.4591064453125
391,4.8874999265535735e-06,2.024554491043091,4.36435079574585,3.458822727203369,69.04671478271484,54.720703125,7.945933818817139,0.03667783737182617,7.3447265625
392,4.900000021734741e-06,2.525639772415161,46.555233001708984,36.89582061767578,69.04671478271484,54.720703125,6.74375581741333,0.03286170959472656,7.1474609375
393,4.912500116915908e-06,2.8705501556396484,32.883697509765625,26.060890197753906,69.04671478271484,54.720703125,8.31553840637207,0.030577659606933594,7.5494384765625
394,4.925000212097075e-06,2.4543776512145996,47.2927360534668,37.48030090332031,69.04671478271484,54.720703125,8.111570358276367,0.03894519805908203,7.145263671875
395,4.937499852530891e-06,2.662828207015991,46.87913513183594,37.15251541137695,69.04671478271484,54.720703125,6.306084156036377,0.030472755432128906,7.6168212890625
396,4.949999947712058e-06,2.150289297103882,10.379240036010742,8.225725173950195,69.04671478271484,54.720703125,8.585376739501953,0.03569793701171875,7.1746826171875
397,4.962500042893225e-06,1.921894907951355,43.27589797973633,34.29689025878906,69.04671478271484,54.720703125,7.117887020111084,0.036070823669433594,7.3900146484375
398,4.9750001380743925e-06,2.62009596824646,37.36635971069336,29.613479614257812,69.04671478271484,54.720703125,8.06823444366455,0.03514575958251953,7.5325927734375
399,4.987499778508209e-06,1.8834047317504883,52.792842864990234,41.839229583740234,69.04671478271484,54.720703125,6.503385066986084,0.03126406669616699,7.800537109375
400,4.999999873689376e-06,2.6144580841064453,54.857662200927734,43.47563552856445,69.04671478271484,54.720703125,7.073545932769775,0.036087989807128906,7.51220703125
401,5.012499968870543e-06,2.1436350345611572,4.389560699462891,3.478801727294922,69.04671478271484,54.720703125,9.73358154296875,0.034488677978515625,7.2242431640625
402,5.02500006405171e-06,3.3403704166412354,23.629619598388672,18.726877212524414,69.04671478271484,54.720703125,7.987698554992676,0.0312652587890625,7.406494140625
403,5.037500159232877e-06,2.266422748565674,9.916001319885254,7.858600616455078,69.04671478271484,54.720703125,7.78275203704834,0.03557300567626953,7.1964111328125
404,5.0499997996666934e-06,3.012967586517334,38.28345489501953,30.340290069580078,69.04671478271484,54.720703125,8.906217575073242,0.03391265869140625,7.1710205078125
405,5.0624998948478606e-06,2.6639363765716553,33.74971008300781,26.747220993041992,69.04671478271484,54.720703125,8.177007675170898,0.03844308853149414,7.0350341796875
406,5.074999990029028e-06,3.101053476333618,51.28822708129883,40.64679718017578,69.04671478271484,54.720703125,9.69883918762207,0.030249595642089844,7.5467529296875
407,5.087500085210195e-06,2.2301201820373535,39.73527526855469,31.49088478088379,69.04671478271484,54.720703125,9.810650825500488,0.03246879577636719,7.3184814453125
408,5.100000180391362e-06,2.8273565769195557,49.44159698486328,39.183311462402344,69.04671478271484,54.720703125,7.837688446044922,0.03307962417602539,6.6524658203125
409,5.112499820825178e-06,2.348909854888916,47.29911804199219,37.48535919189453,69.04671478271484,54.720703125,8.972983360290527,0.03134489059448242,7.68994140625
410,5.124999916006345e-06,3.2108640670776367,0.9714019298553467,0.7698526382446289,69.04671478271484,54.720703125,9.303263664245605,0.03228759765625,7.4443359375
411,5.1375000111875124e-06,3.0161566734313965,44.40602111816406,35.19253158569336,69.04671478271484,54.720703125,10.828108787536621,0.0313868522644043,7.52392578125
412,5.1500001063686796e-06,2.757375955581665,39.727783203125,31.484947204589844,69.04671478271484,54.720703125,8.384419441223145,0.036086082458496094,7.339111328125
413,5.162500201549847e-06,2.6859893798828125,43.73576736450195,34.661346435546875,69.04671478271484,54.720703125,7.347232818603516,0.03487825393676758,7.3216552734375
414,5.174999841983663e-06,3.599142551422119,36.65900421142578,29.052888870239258,69.04671478271484,54.720703125,9.743208885192871,0.03244972229003906,7.056396484375
415,5.18749993716483e-06,2.977604627609253,39.568119049072266,31.358409881591797,69.04671478271484,54.720703125,8.892916679382324,0.028868675231933594,7.6837158203125
416,5.200000032345997e-06,4.353062152862549,22.369962692260742,17.72857666015625,69.04671478271484,54.720703125,7.866605758666992,0.02944016456604004,7.4041748046875
417,5.212500127527164e-06,4.180201530456543,23.532962799072266,18.65027618408203,69.04671478271484,54.720703125,7.17568826675415,0.0405118465423584,7.25634765625
418,5.225000222708331e-06,3.6486899852752686,47.466041564941406,37.61764907836914,69.04671478271484,54.720703125,7.679145812988281,0.03406953811645508,7.3695068359375
419,5.237499863142148e-06,2.1891911029815674,50.569541931152344,40.07722473144531,69.04671478271484,54.720703125,9.916976928710938,0.0346677303314209,7.0498046875
420,5.249999958323315e-06,3.551495313644409,1.0370711088180542,0.8218965530395508,69.04671478271484,54.720703125,7.756877899169922,0.042593955993652344,7.1285400390625
421,5.262500053504482e-06,2.4390370845794678,58.51026916503906,46.37038803100586,69.04671478271484,54.720703125,14.905016899108887,0.0395960807800293,7.2418212890625
422,5.275000148685649e-06,4.932274341583252,39.894432067871094,31.617019653320312,69.04671478271484,54.720703125,6.61284875869751,0.03308868408203125,7.42333984375
423,5.287499789119465e-06,4.097684860229492,50.737178802490234,40.2100830078125,69.04671478271484,54.720703125,6.898256301879883,0.034203529357910156,7.9959716796875
424,5.299999884300632e-06,3.562135696411133,22.473155975341797,17.810359954833984,69.04671478271484,54.720703125,6.725422382354736,0.03297996520996094,7.4427490234375
425,5.3124999794817995e-06,2.8144235610961914,52.26108932495117,41.41780471801758,69.04671478271484,54.720703125,9.476030349731445,0.036481380462646484,6.8167724609375
426,5.325000074662967e-06,3.79876971244812,46.122337341308594,36.55274200439453,69.04671478271484,54.720703125,8.338471412658691,0.03220987319946289,7.0
427,5.337500169844134e-06,3.211229085922241,22.783384323120117,18.05622100830078,69.04671478271484,54.720703125,7.517029285430908,0.03062725067138672,7.47412109375
428,5.34999981027795e-06,3.9893081188201904,9.229177474975586,7.314280986785889,69.04671478271484,54.720703125,8.292651176452637,0.027933359146118164,7.1195068359375
429,5.362499905459117e-06,3.799741268157959,53.683876037597656,42.54539108276367,69.04671478271484,54.720703125,7.4781341552734375,0.03112506866455078,7.06298828125
430,5.375000000640284e-06,3.335376024246216,38.654293060302734,30.634185791015625,69.04671478271484,54.720703125,7.32526159286499,0.026838302612304688,7.3560791015625
431,5.387500095821451e-06,2.913036584854126,4.363297939300537,3.4579882621765137,69.04671478271484,54.720703125,8.629551887512207,0.030660152435302734,7.0589599609375
432,5.4000001910026185e-06,4.821774482727051,3.345928192138672,2.651705265045166,69.04671478271484,54.720703125,7.170042991638184,0.030716419219970703,7.1085205078125
433,5.412499831436435e-06,4.427455425262451,3.847116231918335,3.048905372619629,69.04671478271484,54.720703125,8.50361442565918,0.0337977409362793,7.6717529296875
434,5.424999926617602e-06,4.509019374847412,38.25651550292969,30.31894302368164,69.04671478271484,54.720703125,6.783217430114746,0.038620948791503906,7.7972412109375
435,5.437500021798769e-06,4.289383888244629,53.10772705078125,42.08877944946289,69.04671478271484,54.720703125,8.042954444885254,0.03749990463256836,7.612060546875
436,5.450000116979936e-06,3.0711677074432373,46.36135482788086,36.742164611816406,69.04671478271484,54.720703125,6.855533123016357,0.03824138641357422,7.4317626953125
437,5.462500212161103e-06,3.6831328868865967,45.4544563293457,36.023433685302734,69.04671478271484,54.720703125,7.762114524841309,0.032382965087890625,7.20751953125
438,5.4749998525949195e-06,4.405157566070557,18.829713821411133,14.922869682312012,69.04671478271484,54.720703125,6.595670700073242,0.026337623596191406,7.07568359375
439,5.487499947776087e-06,4.223520755767822,1.0691108703613281,0.8472886085510254,69.04671478271484,54.720703125,6.7954421043396,0.028641223907470703,7.4254150390625
440,5.500000042957254e-06,4.265076637268066,50.58207702636719,40.087158203125,69.04671478271484,54.720703125,7.8488545417785645,0.027382373809814453,7.357177734375
441,5.512500138138421e-06,3.4466073513031006,44.35858917236328,35.154937744140625,69.04671478271484,54.720703125,8.173588752746582,0.02912425994873047,7.5675048828125
442,5.524999778572237e-06,3.4519214630126953,34.30107879638672,27.18419075012207,69.04671478271484,54.720703125,6.28309440612793,0.03342151641845703,7.1326904296875
443,5.537499873753404e-06,4.292499542236328,9.377361297607422,7.431718826293945,69.04671478271484,54.720703125,7.7345733642578125,0.03329944610595703,7.7310791015625
444,5.549999968934571e-06,4.319018840789795,44.299259185791016,35.10791778564453,69.04671478271484,54.720703125,5.434874534606934,0.03452801704406738,7.1318359375
445,5.5625000641157385e-06,3.5595695972442627,45.95845413208008,36.42285919189453,69.04671478271484,54.720703125,7.40449857711792,0.02672863006591797,7.2073974609375
446,5.575000159296906e-06,4.443941116333008,24.22507095336914,19.198781967163086,69.04671478271484,54.720703125,6.909855365753174,0.03105449676513672,7.4296875
447,5.587499799730722e-06,3.388094425201416,47.84099578857422,37.9148063659668,69.04671478271484,54.720703125,9.52993106842041,0.0341038703918457,7.52734375
448,5.599999894911889e-06,4.347336769104004,34.99589157104492,27.734840393066406,69.04671478271484,54.720703125,8.821150779724121,0.02787923812866211,7.5648193359375
449,5.612499990093056e-06,3.5068519115448,58.13412857055664,46.07229232788086,69.04671478271484,54.720703125,6.919006824493408,0.03484630584716797,6.624755859375
450,5.625000085274223e-06,4.473689556121826,10.545516967773438,8.357501983642578,69.04671478271484,54.720703125,9.014476776123047,0.034281253814697266,7.5072021484375
451,5.63750018045539e-06,4.081875801086426,48.15485763549805,38.16354751586914,69.04671478271484,54.720703125,6.9607133865356445,0.032726287841796875,7.36376953125
452,5.649999820889207e-06,3.627026319503784,51.25856018066406,40.62328338623047,69.04671478271484,54.720703125,7.878557205200195,0.03172588348388672,7.199462890625
453,5.662499916070374e-06,4.085651397705078,24.190542221069336,19.171417236328125,69.04671478271484,54.720703125,7.706418991088867,0.034567832946777344,7.4847412109375
454,5.675000011251541e-06,4.601752281188965,11.474502563476562,9.093738555908203,69.04671478271484,54.720703125,6.708166599273682,0.03558921813964844,7.1495361328125
455,5.687500106432708e-06,5.230458736419678,0.9106406569480896,0.7216982841491699,69.04671478271484,54.720703125,7.982907295227051,0.03176689147949219,7.5675048828125
456,5.700000201613875e-06,3.6622636318206787,56.48527908325195,44.76554870605469,69.04671478271484,54.720703125,7.41107177734375,0.031504154205322266,7.1241455078125
457,5.712499842047691e-06,4.226397514343262,24.502830505371094,19.41891098022461,69.04671478271484,54.720703125,6.5532145500183105,0.03561973571777344,7.394775390625
458,5.7249999372288585e-06,4.043842315673828,38.761043548583984,30.71879005432129,69.04671478271484,54.720703125,7.597079753875732,0.031060218811035156,7.363037109375
459,5.737500032410026e-06,2.1903414726257324,3.8543946743011475,3.054673671722412,69.04671478271484,54.720703125,6.264359474182129,0.02985668182373047,7.754638671875
460,5.750000127591193e-06,4.618156433105469,29.4058895111084,23.304670333862305,69.04671478271484,54.720703125,8.923585891723633,0.033843040466308594,7.4395751953125
461,5.76250022277236e-06,3.6762378215789795,39.29230880737305,31.139827728271484,69.04671478271484,54.720703125,7.844415664672852,0.028232336044311523,7.281982421875
462,5.774999863206176e-06,4.8266401290893555,48.8118896484375,38.68425750732422,69.04671478271484,54.720703125,6.583106994628906,0.03132820129394531,7.4381103515625
463,5.787499958387343e-06,3.8924002647399902,52.55949401855469,41.654296875,69.04671478271484,54.720703125,6.018558502197266,0.03124380111694336,7.1434326171875
464,5.80000005356851e-06,2.9290084838867188,36.6425666809082,29.03986167907715,69.04671478271484,54.720703125,9.353446006774902,0.03811359405517578,7.0465087890625
465,5.8125001487496775e-06,2.805065155029297,4.555243492126465,3.6101083755493164,69.04671478271484,54.720703125,7.17371129989624,0.03630352020263672,6.959228515625
466,5.824999789183494e-06,4.677350044250488,41.18764877319336,32.64191818237305,69.04671478271484,54.720703125,8.182269096374512,0.030767440795898438,7.4892578125
467,5.837499884364661e-06,3.7000887393951416,41.083251953125,32.55917739868164,69.04671478271484,54.720703125,8.419939041137695,0.03290891647338867,7.283447265625
468,5.849999979545828e-06,3.962613105773926,54.479000091552734,43.175540924072266,69.04671478271484,54.720703125,9.342114448547363,0.03909730911254883,6.5220947265625
469,5.862500074726995e-06,4.800466060638428,46.01380920410156,36.46672821044922,69.04671478271484,54.720703125,6.085556983947754,0.032048702239990234,7.70947265625
470,5.875000169908162e-06,3.6727492809295654,41.9970588684082,33.28338623046875,69.04671478271484,54.720703125,9.115395545959473,0.031078815460205078,7.5084228515625
471,5.8874998103419784e-06,3.373086929321289,4.5146050453186035,3.577901840209961,69.04671478271484,54.720703125,8.543441772460938,0.036037445068359375,7.473388671875
472,5.8999999055231456e-06,4.2993083000183105,40.996009826660156,32.49003601074219,69.04671478271484,54.720703125,9.206533432006836,0.033936500549316406,7.282958984375
473,5.912500000704313e-06,4.849487781524658,43.58586502075195,34.542545318603516,69.04671478271484,54.720703125,7.950883865356445,0.029640674591064453,7.278076171875
474,5.92500009588548e-06,3.1179375648498535,42.719810485839844,33.856178283691406,69.04671478271484,54.720703125,7.1574625968933105,0.03051900863647461,6.9288330078125
475,5.937500191066647e-06,2.893444538116455,3.974478006362915,3.149841785430908,69.04671478271484,54.720703125,6.6638875007629395,0.023318052291870117,7.6390380859375
476,5.949999831500463e-06,4.923463344573975,35.50214767456055,28.136058807373047,69.04671478271484,54.720703125,8.109698295593262,0.02964043617248535,7.3245849609375
477,5.96249992668163e-06,4.388494968414307,3.76145339012146,2.981016159057617,69.04671478271484,54.720703125,5.297678470611572,0.031310081481933594,7.2623291015625
478,5.9750000218627974e-06,3.709911823272705,37.9730224609375,30.094268798828125,69.04671478271484,54.720703125,7.233580589294434,0.027012348175048828,7.31103515625
479,5.9875001170439646e-06,3.6061789989471436,37.69047164916992,29.870342254638672,69.04671478271484,54.720703125,6.602890968322754,0.028836727142333984,6.978759765625
480,6.000000212225132e-06,4.364719390869141,1.0194059610366821,0.807896614074707,69.04671478271484,54.720703125,7.696069717407227,0.031150102615356445,7.15771484375
481,6.012499852658948e-06,2.703033208847046,46.843875885009766,37.12457275390625,69.04671478271484,54.720703125,14.168203353881836,0.03911161422729492,7.2130126953125
482,6.024999947840115e-06,4.831732749938965,1.0502055883407593,0.832305908203125,69.04671478271484,54.720703125,5.9581732749938965,0.03629493713378906,7.28125
483,6.037500043021282e-06,4.328232288360596,45.38923645019531,35.97174835205078,69.04671478271484,54.720703125,7.687278747558594,0.028417587280273438,7.9744873046875
484,6.050000138202449e-06,3.3113303184509277,1.0348268747329712,0.8201179504394531,69.04671478271484,54.720703125,5.796971797943115,0.02611255645751953,7.4371337890625
485,6.0624997786362655e-06,3.229013204574585,40.5638542175293,32.147544860839844,69.04671478271484,54.720703125,9.327059745788574,0.03378629684448242,6.7496337890625
486,6.074999873817433e-06,3.347027540206909,4.521477222442627,3.583347797393799,69.04671478271484,54.720703125,8.136279106140137,0.036099910736083984,6.896240234375
487,6.0874999689986e-06,3.355907440185547,36.12017059326172,28.625850677490234,69.04671478271484,54.720703125,7.604118347167969,0.029040813446044922,7.4931640625
488,6.100000064179767e-06,3.9048590660095215,39.364601135253906,31.197118759155273,69.04671478271484,54.720703125,7.5197296142578125,0.03117990493774414,7.17041015625
489,6.112500159360934e-06,3.146226167678833,10.934828758239746,8.666038513183594,69.04671478271484,54.720703125,6.993299961090088,0.032610416412353516,7.0595703125
490,6.12499979979475e-06,3.6011228561401367,55.224857330322266,43.76664352416992,69.04671478271484,54.720703125,9.795269966125488,0.027654647827148438,7.3680419921875
491,6.137499894975917e-06,3.2762680053710938,48.01964569091797,38.05638885498047,69.04671478271484,54.720703125,8.57926082611084,0.03389692306518555,7.0762939453125
492,6.1499999901570845e-06,4.551980972290039,10.487996101379395,8.31191635131836,69.04671478271484,54.720703125,7.555406093597412,0.03534221649169922,7.1707763671875
493,6.162500085338252e-06,4.05751895904541,55.0693359375,43.64339065551758,69.04671478271484,54.720703125,7.530080318450928,0.033664703369140625,7.6859130859375
494,6.175000180519419e-06,3.5539145469665527,57.78812789916992,45.79808044433594,69.04671478271484,54.720703125,7.532418251037598,0.029726743698120117,7.7496337890625
495,6.187499820953235e-06,3.0092506408691406,53.79500961303711,42.63346481323242,69.04671478271484,54.720703125,8.44135570526123,0.0324254035949707,7.581787109375
496,6.199999916134402e-06,3.9417343139648438,43.726585388183594,34.65406799316406,69.04671478271484,54.720703125,6.613637447357178,0.030714988708496094,7.3546142578125
497,6.212500011315569e-06,3.587268352508545,53.42774963378906,42.3424072265625,69.04671478271484,54.720703125,8.177949905395508,0.031221628189086914,7.1485595703125
498,6.225000106496736e-06,3.4402520656585693,3.8475403785705566,3.049241542816162,69.04671478271484,54.720703125,5.0310211181640625,0.028806209564208984,7.055908203125
499,6.2375002016779035e-06,2.824171543121338,52.39768981933594,41.52606201171875,69.04671478271484,54.720703125,8.748800277709961,0.029713153839111328,7.54833984375
500,6.24999984211172e-06,3.890076160430908,44.81678009033203,35.518062591552734,69.04671478271484,54.720703125,9.550928115844727,0.03432321548461914,7.3592529296875
501,6.262499937292887e-06,3.0496482849121094,39.40671157836914,31.230491638183594,69.04671478271484,54.720703125,9.675498008728027,0.030626535415649414,7.4996337890625
502,6.275000032474054e-06,3.882608652114868,35.965736389160156,28.503459930419922,69.04671478271484,54.720703125,8.903892517089844,0.0318140983581543,7.1065673828125
503,6.287500127655221e-06,4.3046345710754395,10.71854019165039,8.494626998901367,69.04671478271484,54.720703125,8.914180755615234,0.02981853485107422,7.6588134765625
504,6.300000222836388e-06,2.6667685508728027,4.156624794006348,3.294196128845215,69.04671478271484,54.720703125,6.107311248779297,0.037067413330078125,7.0828857421875
505,6.3124998632702045e-06,2.3840556144714355,4.2981696128845215,3.4063730239868164,69.04671478271484,54.720703125,6.674163341522217,0.02789783477783203,7.2257080078125
506,6.324999958451372e-06,3.596189498901367,47.425357818603516,37.58540725708008,69.04671478271484,54.720703125,6.740994453430176,0.030758380889892578,7.459228515625
507,6.337500053632539e-06,3.0931050777435303,0.9467898607254028,0.7503471374511719,69.04671478271484,54.720703125,5.289608001708984,0.027790069580078125,7.4771728515625
508,6.350000148813706e-06,3.8541228771209717,38.047889709472656,30.153602600097656,69.04671478271484,54.720703125,6.524257659912109,0.029915332794189453,7.567138671875
509,6.362499789247522e-06,2.708557367324829,51.30805969238281,40.662513732910156,69.04671478271484,54.720703125,6.85438346862793,0.03579258918762207,6.631103515625
510,6.374999884428689e-06,2.7068052291870117,50.45841598510742,39.989158630371094,69.04671478271484,54.720703125,9.144366264343262,0.03125333786010742,7.53369140625
511,6.387499979609856e-06,2.6678948402404785,35.5372314453125,28.163862228393555,69.04671478271484,54.720703125,7.056759834289551,0.027780771255493164,7.292724609375
512,6.4000000747910235e-06,3.6767032146453857,46.30235290527344,36.69540786743164,69.04671478271484,54.720703125,6.458574295043945,0.031352996826171875,7.1253662109375
513,6.412500169972191e-06,3.939295530319214,46.37068557739258,36.74956130981445,69.04671478271484,54.720703125,7.228525638580322,0.027730464935302734,7.4910888671875
514,6.424999810406007e-06,2.8420519828796387,40.599525451660156,32.175819396972656,69.04671478271484,54.720703125,6.976893424987793,0.031833648681640625,7.17333984375
515,6.437499905587174e-06,2.0735952854156494,62.858428955078125,49.81637954711914,69.04671478271484,54.720703125,9.253661155700684,0.03105020523071289,7.6358642578125
516,6.450000000768341e-06,3.877875804901123,46.39997482299805,36.77277374267578,69.04671478271484,54.720703125,9.881502151489258,0.029322385787963867,6.96337890625
517,6.462500095949508e-06,3.4894001483917236,60.305484771728516,47.793128967285156,69.04671478271484,54.720703125,6.538834571838379,0.03133034706115723,7.2762451171875
518,6.475000191130675e-06,2.72041392326355,49.50261688232422,39.23167037963867,69.04671478271484,54.720703125,9.54697322845459,0.03386211395263672,7.3558349609375
519,6.487499831564492e-06,2.2798938751220703,23.317075729370117,18.47918128967285,69.04671478271484,54.720703125,7.114685535430908,0.033236026763916016,7.8197021484375
520,6.499999926745659e-06,3.408991813659668,27.36296844482422,21.685619354248047,69.04671478271484,54.720703125,8.34523868560791,0.029233455657958984,7.333251953125
521,6.512500021926826e-06,3.0767881870269775,0.9493120908737183,0.7523460388183594,69.04671478271484,54.720703125,6.106006145477295,0.0290069580078125,7.24462890625
522,6.525000117107993e-06,2.93989896774292,40.6092529296875,32.183528900146484,69.04671478271484,54.720703125,6.4561448097229,0.02761697769165039,7.4134521484375
523,6.53750021228916e-06,3.0224010944366455,45.59972381591797,36.1385612487793,69.04671478271484,54.720703125,7.847829341888428,0.03613758087158203,7.0477294921875
524,6.549999852722976e-06,2.4958720207214355,4.311419486999512,3.4168734550476074,69.04671478271484,54.720703125,8.772480010986328,0.04228925704956055,6.958251953125
525,6.5624999479041435e-06,2.4242122173309326,45.563079833984375,36.109519958496094,69.04671478271484,54.720703125,8.179137229919434,0.03474712371826172,6.991943359375
526,6.575000043085311e-06,3.223471164703369,47.150596618652344,37.367652893066406,69.04671478271484,54.720703125,7.167248725891113,0.028209209442138672,7.4532470703125
527,6.587500138266478e-06,3.104443311691284,38.822410583496094,30.767423629760742,69.04671478271484,54.720703125,8.501322746276855,0.02629375457763672,7.1964111328125
528,6.599999778700294e-06,3.0103347301483154,11.299988746643066,8.955434799194336,69.04671478271484,54.720703125,6.4107465744018555,0.029338836669921875,6.4794921875
529,6.612499873881461e-06,2.8021552562713623,54.912193298339844,43.51885223388672,69.04671478271484,54.720703125,7.687734127044678,0.027589797973632812,7.66455078125
530,6.624999969062628e-06,2.7623467445373535,40.7844123840332,32.32234573364258,69.04671478271484,54.720703125,7.438885688781738,0.029726028442382812,7.4815673828125
531,6.637500064243795e-06,2.116030216217041,22.266916275024414,17.64691162109375,69.04671478271484,54.720703125,6.885206699371338,0.028523921966552734,7.503662109375
532,6.6500001594249625e-06,3.4287123680114746,37.36181640625,29.60987663269043,69.04671478271484,54.720703125,8.255041122436523,0.03259611129760742,7.29345703125
533,6.662499799858779e-06,2.789875030517578,1.0143650770187378,0.8039016723632812,69.04671478271484,54.720703125,6.641191005706787,0.027748823165893555,7.25341796875
534,6.674999895039946e-06,2.165982246398926,10.768013954162598,8.533834457397461,69.04671478271484,54.720703125,7.384083271026611,0.029239654541015625,6.8416748046875
535,6.687499990221113e-06,2.316518783569336,1.0538222789764404,0.835172176361084,69.04671478271484,54.720703125,6.398011684417725,0.027632474899291992,7.643310546875
536,6.70000008540228e-06,3.2095048427581787,43.215553283691406,34.24906539916992,69.04671478271484,54.720703125,5.462517261505127,0.02711009979248047,7.2471923828125
537,6.712500180583447e-06,2.824643611907959,43.685420989990234,34.62144088745117,69.04671478271484,54.720703125,7.996732234954834,0.03415942192077637,7.1942138671875
538,6.7249998210172635e-06,2.3814892768859863,3.9937262535095215,3.1650962829589844,69.04671478271484,54.720703125,8.288869857788086,0.031925201416015625,7.29052734375
539,6.737499916198431e-06,2.0271713733673096,56.61653518676758,44.869571685791016,69.04671478271484,54.720703125,8.856030464172363,0.030901432037353516,6.9449462890625
540,6.750000011379598e-06,2.766767978668213,55.741573333740234,44.176151275634766,69.04671478271484,54.720703125,6.126866817474365,0.029485702514648438,7.150146484375
541,6.762500106560765e-06,2.349729299545288,55.59832000732422,44.0626220703125,69.04671478271484,54.720703125,14.725455284118652,0.03136444091796875,7.162841796875
542,6.775000201741932e-06,2.895731210708618,51.79690170288086,41.049930572509766,69.04671478271484,54.720703125,7.011229991912842,0.035703182220458984,7.376220703125
543,6.787499842175748e-06,2.36704421043396,56.49490737915039,44.77317810058594,69.04671478271484,54.720703125,9.35145092010498,0.02847576141357422,7.9720458984375
544,6.799999937356915e-06,2.3063952922821045,41.914791107177734,33.21818923950195,69.04671478271484,54.720703125,7.66837739944458,0.02671194076538086,7.5352783203125
545,6.8125000325380825e-06,2.312244176864624,63.954559326171875,50.685081481933594,69.04671478271484,54.720703125,5.783095836639404,0.03464460372924805,6.7425537109375
546,6.8250001277192496e-06,2.5692875385284424,47.674102783203125,37.78253936767578,69.04671478271484,54.720703125,8.115931510925293,0.030799388885498047,6.9586181640625
547,6.837500222900417e-06,2.5181732177734375,45.825172424316406,36.31723403930664,69.04671478271484,54.720703125,6.270691871643066,0.030570507049560547,7.4691162109375
548,6.849999863334233e-06,2.53049373626709,22.387269973754883,17.742294311523438,69.04671478271484,54.720703125,5.8283209800720215,0.03601646423339844,7.1441650390625
549,6.8624999585154e-06,2.0047202110290527,37.5898323059082,29.790584564208984,69.04671478271484,54.720703125,5.876377105712891,0.03248405456542969,7.05908203125
550,6.875000053696567e-06,2.403233289718628,54.35499954223633,43.07726287841797,69.04671478271484,54.720703125,6.477603435516357,0.03199481964111328,7.3323974609375
551,6.887500148877734e-06,2.282780408859253,50.59122085571289,40.09440612792969,69.04671478271484,54.720703125,7.202409744262695,0.035404205322265625,7.0821533203125
552,6.8999997893115506e-06,2.8785526752471924,41.69746398925781,33.045955657958984,69.04671478271484,54.720703125,8.519155502319336,0.03071880340576172,7.1531982421875
553,6.912499884492718e-06,1.9539374113082886,50.2760009765625,39.84458923339844,69.04671478271484,54.720703125,7.516622066497803,0.025202274322509766,7.6551513671875
554,6.924999979673885e-06,2.575807571411133,0.988019585609436,0.783022403717041,69.04671478271484,54.720703125,8.0565824508667,0.031640052795410156,7.7080078125
555,6.937500074855052e-06,2.177830696105957,20.428455352783203,16.189899444580078,69.04671478271484,54.720703125,6.417111873626709,0.029671669006347656,7.56396484375
556,6.950000170036219e-06,2.1441144943237305,48.74542999267578,38.631587982177734,69.04671478271484,54.720703125,7.925482749938965,0.033896446228027344,7.4083251953125
557,6.962499810470035e-06,2.2786316871643066,45.35079574584961,35.941280364990234,69.04671478271484,54.720703125,6.697283744812012,0.028809547424316406,7.1632080078125
558,6.9749999056512024e-06,2.0416131019592285,49.07502365112305,38.89279556274414,69.04671478271484,54.720703125,7.913914203643799,0.03516054153442383,7.0882568359375
559,6.9875000008323696e-06,1.515810489654541,12.067593574523926,9.563774108886719,69.04671478271484,54.720703125,6.532875061035156,0.029218196868896484,7.5042724609375
560,7.000000096013537e-06,1.8758292198181152,3.8713951110839844,3.0681467056274414,69.04671478271484,54.720703125,8.412335395812988,0.031090974807739258,7.2525634765625
561,7.012500191194704e-06,1.8886082172393799,47.34854507446289,37.52452850341797,69.04671478271484,54.720703125,8.58802318572998,0.0340423583984375,7.5147705078125
562,7.02499983162852e-06,2.270399570465088,49.4970588684082,39.227264404296875,69.04671478271484,54.720703125,7.245243072509766,0.03043842315673828,7.1075439453125
563,7.037499926809687e-06,2.5522563457489014,33.96781539916992,26.920074462890625,69.04671478271484,54.720703125,7.530468463897705,0.03030252456665039,7.709228515625
564,7.050000021990854e-06,1.713918685913086,32.928165435791016,26.096134185791016,69.04671478271484,54.720703125,7.158382415771484,0.032942771911621094,7.0067138671875
565,7.062500117172021e-06,1.4568557739257812,45.80848693847656,36.30400848388672,69.04671478271484,54.720703125,7.3384199142456055,0.02830362319946289,7.255615234375
566,7.0750002123531885e-06,2.131476879119873,1.011447548866272,0.8015894889831543,69.04671478271484,54.720703125,6.826537609100342,0.02686309814453125,7.4073486328125
567,7.087499852787005e-06,2.426201105117798,48.943233489990234,38.78834915161133,69.04671478271484,54.720703125,7.607003211975098,0.025786876678466797,7.5673828125
568,7.099999947968172e-06,2.011714458465576,53.72496795654297,42.57795333862305,69.04671478271484,54.720703125,6.21296501159668,0.02730083465576172,7.4925537109375
569,7.112500043149339e-06,1.488573431968689,4.460560321807861,3.5350704193115234,69.04671478271484,54.720703125,7.447369575500488,0.03077411651611328,6.5723876953125
570,7.125000138330506e-06,1.9666029214859009,55.47343063354492,43.96364212036133,69.04671478271484,54.720703125,6.322022438049316,0.024677276611328125,7.5186767578125
571,7.137499778764322e-06,1.5169801712036133,40.878753662109375,32.39710998535156,69.04671478271484,54.720703125,6.515664100646973,0.030446290969848633,7.3167724609375
572,7.1499998739454895e-06,2.084463119506836,43.45217514038086,34.43659210205078,69.04671478271484,54.720703125,9.321395874023438,0.029834866523742676,7.01708984375
573,7.162499969126657e-06,2.1109156608581543,50.029296875,39.64907455444336,69.04671478271484,54.720703125,6.163996696472168,0.031280517578125,7.4443359375
574,7.175000064307824e-06,1.7700958251953125,55.57006072998047,44.04022216796875,69.04671478271484,54.720703125,7.270971298217773,0.029804706573486328,7.19873046875
575,7.187500159488991e-06,1.38429856300354,51.70024871826172,40.973331451416016,69.04671478271484,54.720703125,7.488129138946533,0.02470684051513672,7.5736083984375
576,7.199999799922807e-06,2.3007209300994873,0.998992919921875,0.7917189598083496,69.04671478271484,54.720703125,7.5597052574157715,0.0313565731048584,6.971435546875
577,7.212499895103974e-06,2.5206544399261475,47.848785400390625,37.920982360839844,69.04671478271484,54.720703125,8.166048049926758,0.027658462524414062,7.2659912109375
578,7.224999990285141e-06,1.6733719110488892,4.004575729370117,3.173694610595703,69.04671478271484,54.720703125,8.153779983520508,0.025977134704589844,7.2967529296875
579,7.2375000854663085e-06,1.1663450002670288,37.93537139892578,30.064430236816406,69.04671478271484,54.720703125,7.956871032714844,0.029326915740966797,7.848876953125
580,7.250000180647476e-06,2.42370343208313,51.721858978271484,40.99045944213867,69.04671478271484,54.720703125,6.00374174118042,0.0270082950592041,7.2564697265625
581,7.262499821081292e-06,1.5151371955871582,51.8210334777832,41.069053649902344,69.04671478271484,54.720703125,7.440752983093262,0.02515435218811035,7.259765625
582,7.274999916262459e-06,1.3886311054229736,63.65924072265625,50.4510383605957,69.04671478271484,54.720703125,6.997207164764404,0.030701160430908203,7.4027099609375
583,7.287500011443626e-06,1.1447404623031616,38.34015655517578,30.38522720336914,69.04671478271484,54.720703125,9.51860237121582,0.029273509979248047,6.94873046875
584,7.300000106624793e-06,1.7549474239349365,49.60725402832031,39.314598083496094,69.04671478271484,54.720703125,9.197905540466309,0.03091573715209961,6.984619140625
585,7.31250020180596e-06,1.7476418018341064,22.07698631286621,17.496389389038086,69.04671478271484,54.720703125,7.120937347412109,0.025635719299316406,6.8350830078125
586,7.324999842239777e-06,1.6291511058807373,44.10514450073242,34.954078674316406,69.04671478271484,54.720703125,6.202112674713135,0.025302886962890625,7.4556884765625
587,7.337499937420944e-06,1.2914317846298218,52.15831756591797,41.33635711669922,69.04671478271484,54.720703125,7.47657585144043,0.029979705810546875,7.1104736328125
588,7.350000032602111e-06,1.838283658027649,40.20781707763672,31.865381240844727,69.04671478271484,54.720703125,7.784999847412109,0.028347015380859375,6.5296630859375
589,7.362500127783278e-06,1.4750175476074219,55.36988067626953,43.88157653808594,69.04671478271484,54.720703125,6.368963241577148,0.025072574615478516,7.6290283203125
590,7.375000222964445e-06,1.8574801683425903,41.686302185058594,33.037109375,69.04671478271484,54.720703125,7.005728721618652,0.02488565444946289,7.4161376953125
591,7.387499863398261e-06,1.943165898323059,38.378849029541016,30.4158935546875,69.04671478271484,54.720703125,7.665373802185059,0.025870800018310547,7.44091796875
592,7.3999999585794285e-06,1.1248350143432617,10.819363594055176,8.574530601501465,69.04671478271484,54.720703125,6.354123592376709,0.023360252380371094,7.244140625
593,7.412500053760596e-06,1.3483449220657349,41.83331298828125,33.15361785888672,69.04671478271484,54.720703125,8.099138259887695,0.027118682861328125,7.35546875
594,7.425000148941763e-06,1.9625881910324097,59.30016326904297,46.996395111083984,69.04671478271484,54.720703125,7.690675258636475,0.026296377182006836,6.885009765625
595,7.437499789375579e-06,1.837227463722229,43.96080017089844,34.839683532714844,69.04671478271484,54.720703125,6.542220592498779,0.027206897735595703,7.697021484375
596,7.449999884556746e-06,1.8057366609573364,3.8199410438537598,3.0273685455322266,69.04671478271484,54.720703125,5.747565269470215,0.027348995208740234,7.22265625
597,7.462499979737913e-06,1.482643485069275,53.87074279785156,42.693485260009766,69.04671478271484,54.720703125,8.500597953796387,0.026216745376586914,7.1910400390625
598,7.47500007491908e-06,1.403666377067566,21.65194320678711,17.159534454345703,69.04671478271484,54.720703125,6.214321613311768,0.02269268035888672,7.198486328125
599,7.4875001701002475e-06,1.2647851705551147,52.44781494140625,41.565792083740234,69.04671478271484,54.720703125,9.486405372619629,0.027194499969482422,6.901123046875
600,7.499999810534064e-06,1.806505799293518,11.580948829650879,9.1781005859375,69.04671478271484,54.720703125,8.112602233886719,0.02881622314453125,7.091064453125
601,7.512499905715231e-06,1.702396035194397,63.20503234863281,50.091068267822266,69.04671478271484,54.720703125,13.262285232543945,0.029872417449951172,7.1318359375
602,7.525000000896398e-06,1.2025225162506104,43.5938835144043,34.54889678955078,69.04671478271484,54.720703125,7.708972930908203,0.030238628387451172,7.3685302734375
603,7.537500096077565e-06,1.0262038707733154,55.26363754272461,43.79737854003906,69.04671478271484,54.720703125,7.808821201324463,0.02512645721435547,7.919189453125
604,7.550000191258732e-06,2.0806167125701904,0.9854269623756409,0.7809677124023438,69.04671478271484,54.720703125,7.394554138183594,0.024271607398986816,7.4765625
605,7.5624998316925485e-06,1.8711090087890625,56.65924072265625,44.90341567993164,69.04671478271484,54.720703125,6.329177379608154,0.023908615112304688,6.7099609375
606,7.574999926873716e-06,1.3664144277572632,19.966533660888672,15.823819160461426,69.04671478271484,54.720703125,6.760059833526611,0.025782108306884766,6.8558349609375
607,7.587500022054883e-06,1.2314608097076416,20.693950653076172,16.40030860900879,69.04671478271484,54.720703125,6.619149208068848,0.024572372436523438,7.38427734375
608,7.60000011723605e-06,1.622385025024414,40.8388671875,32.365501403808594,69.04671478271484,54.720703125,7.752248764038086,0.027091026306152344,7.15185546875
609,7.612500212417217e-06,1.2677860260009766,1.0294479131698608,0.8158550262451172,69.04671478271484,54.720703125,7.422449111938477,0.027687549591064453,6.955322265625
610,7.624999852851033e-06,1.343649983406067,48.42885971069336,38.380699157714844,69.04671478271484,54.720703125,7.508756637573242,0.02804732322692871,7.2193603515625
611,7.6374999480322e-06,1.31812584400177,42.221004486083984,33.46086883544922,69.04671478271484,54.720703125,6.928470134735107,0.03036189079284668,7.058349609375
612,7.650000043213367e-06,1.1943435668945312,62.720680236816406,49.707210540771484,69.04671478271484,54.720703125,6.418698310852051,0.024431943893432617,7.1580810546875
613,7.662500138394535e-06,0.9608662724494934,9.389973640441895,7.441714286804199,69.04671478271484,54.720703125,7.997164249420166,0.028681516647338867,7.6700439453125
614,7.675000233575702e-06,1.4532501697540283,58.841087341308594,46.632568359375,69.04671478271484,54.720703125,7.976261615753174,0.025316238403320312,7.76171875
615,7.687500328756869e-06,1.0529569387435913,46.86899185180664,37.14447784423828,69.04671478271484,54.720703125,9.100181579589844,0.025128841400146484,7.5150146484375
616,7.700000423938036e-06,1.6229212284088135,0.9813909530639648,0.7777690887451172,69.04671478271484,54.720703125,7.947005271911621,0.020395278930664062,7.232421875
617,7.712499609624501e-06,2.1553144454956055,49.02146911621094,38.8503532409668,69.04671478271484,54.720703125,8.01700496673584,0.02718377113342285,7.04833984375
618,7.724999704805668e-06,0.9321044087409973,48.43385696411133,38.38465881347656,69.04671478271484,54.720703125,6.704278945922852,0.02692890167236328,7.0428466796875
619,7.737499799986836e-06,0.882334291934967,56.005638122558594,44.38542556762695,69.04671478271484,54.720703125,6.9251389503479,0.028745174407958984,7.5146484375
620,7.749999895168003e-06,1.2247416973114014,45.50267028808594,36.061641693115234,69.04671478271484,54.720703125,6.235758304595947,0.025641202926635742,7.2938232421875
621,7.76249999034917e-06,0.8059495687484741,20.040102005004883,15.882123947143555,69.04671478271484,54.720703125,4.6024250984191895,0.02703714370727539,7.47314453125
622,7.775000085530337e-06,1.6716846227645874,51.76008987426758,41.020755767822266,69.04671478271484,54.720703125,8.68722915649414,0.030452251434326172,7.08642578125
623,7.787500180711504e-06,1.584541916847229,20.749187469482422,16.4440860748291,69.04671478271484,54.720703125,5.519410610198975,0.02393317222595215,7.5673828125
624,7.800000275892671e-06,0.9608507752418518,37.08033752441406,29.386802673339844,69.04671478271484,54.720703125,7.692117691040039,0.02637648582458496,7.0283203125
625,7.812500371073838e-06,1.6674482822418213,9.676810264587402,7.669037818908691,69.04671478271484,54.720703125,8.065715789794922,0.026131629943847656,7.15576171875
626,7.824999556760304e-06,0.7889292240142822,52.160945892333984,41.33843994140625,69.04671478271484,54.720703125,6.038880825042725,0.0235292911529541,7.4365234375
627,7.83749965194147e-06,1.0343047380447388,53.675289154052734,42.53858184814453,69.04671478271484,54.720703125,6.930357456207275,0.02386760711669922,7.5299072265625
628,7.849999747122638e-06,1.202243685722351,40.1374626159668,31.80962371826172,69.04671478271484,54.720703125,8.649516105651855,0.02449178695678711,7.4993896484375
629,7.862499842303805e-06,0.542462944984436,4.35326623916626,3.450037956237793,69.04671478271484,54.720703125,6.371348857879639,0.028564453125,6.619140625
630,7.874999937484972e-06,0.6394088268280029,43.32930374145508,34.339210510253906,69.04671478271484,54.720703125,6.280056953430176,0.023009061813354492,7.4825439453125
631,7.88750003266614e-06,0.7176265120506287,44.629703521728516,35.36980056762695,69.04671478271484,54.720703125,7.618865489959717,0.02415919303894043,7.201171875
632,7.900000127847306e-06,1.1889472007751465,38.96677780151367,30.881837844848633,69.04671478271484,54.720703125,6.758336067199707,0.021624088287353516,7.015380859375
633,7.912500223028474e-06,0.5667532086372375,3.8624017238616943,3.0610194206237793,69.04671478271484,54.720703125,7.108391284942627,0.02619791030883789,7.4652099609375
634,7.92500031820964e-06,1.039514422416687,1.07949697971344,0.8555197715759277,69.04671478271484,54.720703125,7.076351642608643,0.025155067443847656,7.1400146484375
635,7.937500413390808e-06,0.7278376817703247,39.0340576171875,30.93515968322754,69.04671478271484,54.720703125,6.3513078689575195,0.021092653274536133,7.536376953125
636,7.949999599077273e-06,1.8469290733337402,3.8374154567718506,3.04121732711792,69.04671478271484,54.720703125,5.945041179656982,0.03331899642944336,7.0792236328125
637,7.96249969425844e-06,1.5745600461959839,0.9788007140159607,0.7757163047790527,69.04671478271484,54.720703125,5.949857711791992,0.029726743698120117,7.1121826171875
638,7.974999789439607e-06,1.1449916362762451,37.05684280395508,29.368179321289062,69.04671478271484,54.720703125,8.484642028808594,0.02305746078491211,7.3621826171875
639,7.987499884620775e-06,1.0080655813217163,48.343788146972656,38.31327819824219,69.04671478271484,54.720703125,10.862914085388184,0.022321105003356934,7.8157958984375
640,7.999999979801942e-06,0.9129666090011597,49.26659393310547,39.04461669921875,69.04671478271484,54.720703125,9.22257137298584,0.02270793914794922,7.0675048828125
641,8.012500074983109e-06,1.212904930114746,9.976168632507324,7.906283855438232,69.04671478271484,54.720703125,7.192160129547119,0.02968120574951172,7.200927734375
642,8.025000170164276e-06,1.2376048564910889,50.01358413696289,39.636619567871094,69.04671478271484,54.720703125,8.007688522338867,0.023193836212158203,7.3822021484375
643,8.037500265345443e-06,0.9858941435813904,37.68988037109375,29.869873046875,69.04671478271484,54.720703125,7.639556407928467,0.023396968841552734,6.9320068359375
644,8.05000036052661e-06,1.6000396013259888,42.63435745239258,33.788455963134766,69.04671478271484,54.720703125,8.584310531616211,0.023759126663208008,6.9404296875
645,8.062499546213076e-06,1.3609592914581299,1.0366637706756592,0.8215737342834473,69.04671478271484,54.720703125,6.959433555603027,0.02452850341796875,6.8546142578125
646,8.074999641394243e-06,1.2460582256317139,33.0252685546875,26.1730899810791,69.04671478271484,54.720703125,7.492602348327637,0.025539875030517578,7.4410400390625
647,8.08749973657541e-06,0.9201123714447021,0.9992431998252869,0.7919173240661621,69.04671478271484,54.720703125,8.205683708190918,0.024150371551513672,7.03515625
648,8.099999831756577e-06,0.8918169140815735,4.217328071594238,3.3423047065734863,69.04671478271484,54.720703125,7.387540817260742,0.026874303817749023,6.4580078125
649,8.112499926937744e-06,1.1755608320236206,35.1061897277832,27.822256088256836,69.04671478271484,54.720703125,6.192924499511719,0.029835224151611328,7.6416015625
650,8.125000022118911e-06,1.111240029335022,4.172424793243408,3.306717872619629,69.04671478271484,54.720703125,7.5984392166137695,0.021573543548583984,7.3641357421875
651,8.137500117300078e-06,0.9400937557220459,32.23641586303711,25.547908782958984,69.04671478271484,54.720703125,6.30233907699585,0.021564006805419922,7.3890380859375
652,8.150000212481245e-06,1.3724671602249146,44.45077896118164,35.22800064086914,69.04671478271484,54.720703125,6.55143928527832,0.02374267578125,7.2672119140625
653,8.162500307662413e-06,1.1585654020309448,4.371938228607178,3.4648356437683105,69.04671478271484,54.720703125,7.032201290130615,0.021341681480407715,7.2794189453125
654,8.17500040284358e-06,1.0016645193099976,47.36811828613281,37.540042877197266,69.04671478271484,54.720703125,8.747852325439453,0.02486276626586914,6.863037109375
655,8.187499588530045e-06,0.8616434335708618,54.446495056152344,43.149776458740234,69.04671478271484,54.720703125,6.858718395233154,0.02053213119506836,7.679443359375
656,8.199999683711212e-06,0.6967945694923401,24.526487350463867,19.437660217285156,69.04671478271484,54.720703125,8.50266170501709,0.023220539093017578,7.2750244140625
657,8.21249977889238e-06,0.9562333822250366,4.412835597991943,3.4972476959228516,69.04671478271484,54.720703125,5.472082138061523,0.021181344985961914,7.198486328125
658,8.224999874073546e-06,0.7906074523925781,23.796749114990234,18.859329223632812,69.04671478271484,54.720703125,6.677076816558838,0.02482128143310547,7.2332763671875
659,8.237499969254714e-06,0.8189477324485779,1.004496455192566,0.7960805892944336,69.04671478271484,54.720703125,6.8906660079956055,0.023366928100585938,6.874755859375
660,8.25000006443588e-06,1.0950242280960083,39.22588348388672,31.087182998657227,69.04671478271484,54.720703125,7.014782428741455,0.028728008270263672,7.1317138671875
661,8.262500159617048e-06,0.37996137142181396,53.49991226196289,42.399593353271484,69.04671478271484,54.720703125,12.68773078918457,0.02461528778076172,7.0565185546875
662,8.275000254798215e-06,0.6749645471572876,52.1641960144043,41.34101486206055,69.04671478271484,54.720703125,8.707367897033691,0.02189350128173828,7.324951171875
663,8.287500349979382e-06,0.4484820067882538,51.186527252197266,40.566200256347656,69.04671478271484,54.720703125,6.0224409103393555,0.018585681915283203,7.8531494140625
664,8.300000445160549e-06,0.8515409827232361,11.022614479064941,8.735610008239746,69.04671478271484,54.720703125,6.6400041580200195,0.016466259956359863,7.558837890625
665,8.312499630847014e-06,0.44398194551467896,57.105201721191406,45.2568473815918,69.04671478271484,54.720703125,7.29496955871582,0.026360273361206055,6.7274169921875
666,8.324999726028182e-06,1.2087489366531372,11.551876068115234,9.155059814453125,69.04671478271484,54.720703125,7.11580753326416,0.022548675537109375,6.877685546875
667,8.337499821209349e-06,0.4892677366733551,60.957420349121094,48.30979919433594,69.04671478271484,54.720703125,9.48283576965332,0.02372562885284424,7.2763671875
668,8.349999916390516e-06,1.5386533737182617,33.53330993652344,26.575721740722656,69.04671478271484,54.720703125,8.272278785705566,0.022456884384155273,7.1151123046875
669,8.362500011571683e-06,0.905377209186554,47.837467193603516,37.912010192871094,69.04671478271484,54.720703125,5.628984451293945,0.022115707397460938,6.9921875
670,8.37500010675285e-06,1.3840278387069702,52.16156005859375,41.33892822265625,69.04671478271484,54.720703125,7.884965896606445,0.02143263816833496,7.126708984375
671,8.387500201934017e-06,1.496679425239563,39.25144958496094,31.107444763183594,69.04671478271484,54.720703125,6.013765811920166,0.02031707763671875,7.01513671875
672,8.400000297115184e-06,0.3341873288154602,3.6876683235168457,2.9225401878356934,69.04671478271484,54.720703125,5.232841968536377,0.021053791046142578,7.117431640625
673,8.412500392296351e-06,1.8728700876235962,45.0972900390625,35.74037170410156,69.04671478271484,54.720703125,7.8223772048950195,0.0248262882232666,7.6383056640625
674,8.424999577982817e-06,0.6483439803123474,23.6114559173584,18.712482452392578,69.04671478271484,54.720703125,6.395228862762451,0.023786544799804688,7.778076171875
675,8.437499673163984e-06,1.3454843759536743,53.7998161315918,42.637271881103516,69.04671478271484,54.720703125,7.6029863357543945,0.02309560775756836,7.4925537109375
676,8.449999768345151e-06,1.1402229070663452,22.336427688598633,17.702001571655273,69.04671478271484,54.720703125,6.838742256164551,0.02244424819946289,7.3482666015625
677,8.462499863526318e-06,1.0707719326019287,50.48678970336914,40.01164245605469,69.04671478271484,54.720703125,8.599370002746582,0.021034717559814453,7.047607421875
678,8.474999958707485e-06,1.1268906593322754,19.68375015258789,15.599708557128906,69.04671478271484,54.720703125,6.419332981109619,0.024131298065185547,6.929443359375
679,8.487500053888652e-06,0.9881783723831177,3.843837022781372,3.046306610107422,69.04671478271484,54.720703125,7.1794610023498535,0.020855426788330078,7.5130615234375
680,8.50000014906982e-06,0.7532554268836975,0.9729163646697998,0.7710528373718262,69.04671478271484,54.720703125,5.8308610916137695,0.02204728126525879,7.1904296875
681,8.512500244250987e-06,0.8440303206443787,4.0706706047058105,3.226076126098633,69.04671478271484,54.720703125,6.897079944610596,0.020504474639892578,7.4571533203125
682,8.525000339432154e-06,0.7860123515129089,57.75159454345703,45.76912307739258,69.04671478271484,54.720703125,7.668550968170166,0.0222628116607666,7.0059814453125
683,8.537500434613321e-06,1.334328055381775,22.4423828125,17.785972595214844,69.04671478271484,54.720703125,6.160268783569336,0.016857624053955078,7.4954833984375
684,8.549999620299786e-06,0.8992701172828674,4.0248517990112305,3.1897640228271484,69.04671478271484,54.720703125,6.2205729484558105,0.018384218215942383,6.993408203125
685,8.562499715480953e-06,2.0673224925994873,43.316612243652344,34.32915496826172,69.04671478271484,54.720703125,7.033971786499023,0.02159571647644043,7.189697265625
686,8.57499981066212e-06,1.4166580438613892,48.161197662353516,38.16857147216797,69.04671478271484,54.720703125,6.9450273513793945,0.019989490509033203,7.441162109375
687,8.587499905843288e-06,0.6414039134979248,44.54996109008789,35.30660629272461,69.04671478271484,54.720703125,6.528047561645508,0.021140575408935547,7.5399169921875
688,8.600000001024455e-06,1.0871620178222656,44.3006477355957,35.1090202331543,69.04671478271484,54.720703125,8.77816390991211,0.02223682403564453,7.4755859375
689,8.612500096205622e-06,0.3261789381504059,52.37729263305664,41.5098991394043,69.04671478271484,54.720703125,6.296961784362793,0.024124860763549805,6.6787109375
690,8.625000191386789e-06,1.3128196001052856,23.46725845336914,18.598203659057617,69.04671478271484,54.720703125,6.909652233123779,0.021761655807495117,7.44287109375
691,8.637500286567956e-06,0.314069002866745,10.255446434020996,8.127616882324219,69.04671478271484,54.720703125,8.219077110290527,0.01911449432373047,7.177490234375
692,8.650000381749123e-06,0.8371763825416565,52.82874298095703,41.867679595947266,69.04671478271484,54.720703125,8.552492141723633,0.02166891098022461,6.979248046875
693,8.662499567435589e-06,0.2408270239830017,50.99051284790039,40.410850524902344,69.04671478271484,54.720703125,7.460041046142578,0.0191650390625,7.528564453125
694,8.674999662616756e-06,0.7113458514213562,23.369176864624023,18.52047348022461,69.04671478271484,54.720703125,6.03751277923584,0.020556926727294922,7.2408447265625
695,8.687499757797923e-06,0.25471460819244385,53.0181770324707,42.0178108215332,69.04671478271484,54.720703125,6.968249320983887,0.0212249755859375,7.5179443359375
696,8.69999985297909e-06,0.5419870615005493,44.81808853149414,35.519100189208984,69.04671478271484,54.720703125,5.471752166748047,0.020339369773864746,7.0980224609375
697,8.712499948160257e-06,0.24053913354873657,4.286721229553223,3.3972997665405273,69.04671478271484,54.720703125,6.457979679107666,0.02143120765686035,7.182861328125
698,8.725000043341424e-06,0.3410877287387848,48.38971710205078,38.34967803955078,69.04671478271484,54.720703125,5.3814263343811035,0.019086837768554688,7.3087158203125
699,8.737500138522591e-06,0.3844658434391022,47.27962112426758,37.469905853271484,69.04671478271484,54.720703125,7.7164530754089355,0.017955303192138672,7.793212890625
700,8.750000233703759e-06,0.6192699670791626,38.574424743652344,30.570890426635742,69.04671478271484,54.720703125,7.2965474128723145,0.01932358741760254,6.9837646484375
701,8.762500328884926e-06,0.2660987079143524,44.087310791015625,34.93994903564453,69.04671478271484,54.720703125,8.818459510803223,0.01919412612915039,7.2041015625
702,8.775000424066093e-06,0.36521434783935547,46.615299224853516,36.94342041015625,69.04671478271484,54.720703125,7.040787696838379,0.020372390747070312,7.3212890625
703,8.787499609752558e-06,0.19927778840065002,40.433135986328125,32.043949127197266,69.04671478271484,54.720703125,6.421379089355469,0.01816558837890625,6.8787841796875
704,8.799999704933725e-06,0.32644298672676086,45.8348388671875,36.324893951416016,69.04671478271484,54.720703125,5.620352745056152,0.018482446670532227,6.8929443359375
705,8.812499800114892e-06,0.2895147204399109,19.778289794921875,15.67463207244873,69.04671478271484,54.720703125,5.428883075714111,0.02287769317626953,6.9508056640625
706,8.82499989529606e-06,0.46705201268196106,4.383429050445557,3.473942279815674,69.04671478271484,54.720703125,5.197083473205566,0.02506566047668457,7.366943359375
707,8.837499990477227e-06,0.2073417454957962,0.961170494556427,0.7617440223693848,69.04671478271484,54.720703125,5.952180862426758,0.022428035736083984,7.08349609375
708,8.850000085658394e-06,0.2733341157436371,4.3649821281433105,3.459322929382324,69.04671478271484,54.720703125,5.601613998413086,0.020219922065734863,6.3983154296875
709,8.862500180839561e-06,0.3075845241546631,51.687931060791016,40.96356964111328,69.04671478271484,54.720703125,6.924819469451904,0.023584604263305664,7.5430908203125
710,8.875000276020728e-06,0.2665473520755768,3.952049970626831,3.1320672035217285,69.04671478271484,54.720703125,5.961977958679199,0.022367477416992188,7.417724609375
711,8.887500371201895e-06,0.4995250701904297,44.74750900268555,35.463165283203125,69.04671478271484,54.720703125,7.868911266326904,0.02046811580657959,7.3310546875
712,8.89999955688836e-06,0.4034263789653778,57.081565856933594,45.23811721801758,69.04671478271484,54.720703125,7.272490978240967,0.023262977600097656,7.198974609375
713,8.912499652069528e-06,0.3984740078449249,48.494117736816406,38.43241882324219,69.04671478271484,54.720703125,7.6697096824646,0.01822185516357422,7.2918701171875
714,8.924999747250695e-06,0.6004208326339722,0.9348779320716858,0.7409067153930664,69.04671478271484,54.720703125,5.535635948181152,0.0205153226852417,6.841552734375
715,8.937499842431862e-06,0.22110994160175323,47.494781494140625,37.64042663574219,69.04671478271484,54.720703125,6.753108024597168,0.022960424423217773,7.62548828125
716,8.949999937613029e-06,0.23056919872760773,65.37544250488281,51.8111572265625,69.04671478271484,54.720703125,8.887975692749023,0.018212318420410156,7.3016357421875
717,8.962500032794196e-06,0.2945754826068878,55.89950942993164,44.30131530761719,69.04671478271484,54.720703125,6.466558456420898,0.021204233169555664,7.2454833984375
718,8.975000127975363e-06,0.23256607353687286,51.40507888793945,40.739402770996094,69.04671478271484,54.720703125,5.786233425140381,0.016695261001586914,7.2034912109375
719,8.98750022315653e-06,0.46946993470191956,42.503623962402344,33.68484878540039,69.04671478271484,54.720703125,6.923987865447998,0.018001556396484375,6.9615478515625
720,9.000000318337698e-06,0.2720712721347809,21.61081314086914,17.126937866210938,69.04671478271484,54.720703125,8.600639343261719,0.017397642135620117,7.074951171875
721,9.012500413518865e-06,0.529640257358551,21.64894676208496,17.15715980529785,69.04671478271484,54.720703125,13.039566040039062,0.019744157791137695,7.0352783203125
722,9.02499959920533e-06,0.31704282760620117,57.58146667480469,45.63429641723633,69.04671478271484,54.720703125,6.336056709289551,0.018718957901000977,7.286865234375
723,9.037499694386497e-06,0.6599147319793701,43.04816436767578,34.11640548706055,69.04671478271484,54.720703125,8.94748306274414,0.012792587280273438,7.8065185546875
724,9.049999789567664e-06,0.5560879707336426,46.89300537109375,37.163509368896484,69.04671478271484,54.720703125,6.483792781829834,0.013849616050720215,7.55712890625
725,9.062499884748831e-06,0.6573412418365479,40.37847137451172,32.00062942504883,69.04671478271484,54.720703125,7.576596260070801,0.02057051658630371,6.649169921875
726,9.074999979929999e-06,1.1015385389328003,41.73164367675781,33.07304382324219,69.04671478271484,54.720703125,8.241682052612305,0.019171476364135742,6.892578125
727,9.087500075111166e-06,0.23111620545387268,47.05354690551758,37.290740966796875,69.04671478271484,54.720703125,7.503734588623047,0.017484426498413086,7.240966796875
728,9.100000170292333e-06,0.5134466886520386,49.9853515625,39.6142463684082,69.04671478271484,54.720703125,7.620248317718506,0.024332046508789062,7.100341796875
729,9.1125002654735e-06,0.2988670766353607,39.3453254699707,31.181842803955078,69.04671478271484,54.720703125,6.871659755706787,0.019748568534851074,6.861083984375
730,9.125000360654667e-06,0.6319790482521057,51.57271957397461,40.87226104736328,69.04671478271484,54.720703125,7.7984299659729,0.016328811645507812,7.1092529296875
731,9.137499546341132e-06,0.19976283609867096,4.46189546585083,3.536128520965576,69.04671478271484,54.720703125,6.76715087890625,0.01732468605041504,6.9476318359375
732,9.1499996415223e-06,0.4628949761390686,9.837244987487793,7.796184539794922,69.04671478271484,54.720703125,5.81397819519043,0.017192363739013672,7.054931640625
733,9.162499736703467e-06,0.25611013174057007,55.71294403076172,44.15346145629883,69.04671478271484,54.720703125,5.172460556030273,0.018764138221740723,7.6605224609375
734,9.174999831884634e-06,0.7466202974319458,35.16825485229492,27.871440887451172,69.04671478271484,54.720703125,5.953672885894775,0.018323183059692383,7.7913818359375
735,9.187499927065801e-06,0.24330206215381622,43.63391876220703,34.58062744140625,69.04671478271484,54.720703125,5.906704425811768,0.01545405387878418,7.370849609375
736,9.200000022246968e-06,0.4975261688232422,49.91665267944336,39.55979919433594,69.04671478271484,54.720703125,10.764313697814941,0.017983198165893555,7.37939453125
737,9.212500117428135e-06,0.18428651988506317,3.9452362060546875,3.126667022705078,69.04671478271484,54.720703125,6.5606184005737305,0.020060062408447266,7.01025390625
738,9.225000212609302e-06,0.7063415050506592,49.341068267822266,39.1036376953125,69.04671478271484,54.720703125,7.137536525726318,0.018448829650878906,6.89453125
739,9.23750030779047e-06,0.35488495230674744,48.98503875732422,38.82147979736328,69.04671478271484,54.720703125,8.322122573852539,0.017456531524658203,7.5205078125
740,9.250000402971637e-06,0.38596880435943604,50.15934371948242,39.75213623046875,69.04671478271484,54.720703125,6.15315055847168,0.020163536071777344,7.2186279296875
741,9.262499588658102e-06,0.1943010836839676,35.86648941040039,28.424806594848633,69.04671478271484,54.720703125,7.4400153160095215,0.014856934547424316,7.511962890625
742,9.274999683839269e-06,0.42503029108047485,17.832651138305664,14.132680892944336,69.04671478271484,54.720703125,6.748479843139648,0.0213315486907959,6.99755859375
743,9.287499779020436e-06,0.23535068333148956,49.9620361328125,39.595767974853516,69.04671478271484,54.720703125,6.7735772132873535,0.01972818374633789,7.5025634765625
744,9.299999874201603e-06,0.4316706657409668,4.015545845031738,3.1823887825012207,69.04671478271484,54.720703125,8.063425064086914,0.022517681121826172,7.02685546875
745,9.31249996938277e-06,0.417879194021225,63.58245086669922,50.39017868041992,69.04671478271484,54.720703125,8.21895980834961,0.02135467529296875,7.1588134765625
746,9.325000064563937e-06,0.34755468368530273,1.0769416093826294,0.8534946441650391,69.04671478271484,54.720703125,7.024916172027588,0.019185304641723633,7.303955078125
747,9.337500159745105e-06,0.5493949055671692,59.52817916870117,47.17709732055664,69.04671478271484,54.720703125,6.942535400390625,0.017690420150756836,7.51953125
748,9.350000254926272e-06,0.1649239957332611,50.80678939819336,40.26525115966797,69.04671478271484,54.720703125,7.789036750793457,0.015361785888671875,7.4622802734375
749,9.362500350107439e-06,0.33376938104629517,1.0353718996047974,0.8205499649047852,69.04671478271484,54.720703125,7.599841594696045,0.01886582374572754,6.5205078125
750,9.375000445288606e-06,0.20296595990657806,52.523406982421875,41.62569808959961,69.04671478271484,54.720703125,6.926157474517822,0.017954707145690918,7.3634033203125
751,9.387499630975071e-06,0.2719872295856476,50.94334411621094,40.373470306396484,69.04671478271484,54.720703125,7.54953670501709,0.01685166358947754,7.122802734375
752,9.399999726156238e-06,0.21027310192584991,3.9924278259277344,3.164067268371582,69.04671478271484,54.720703125,7.625427722930908,0.019176721572875977,6.9769287109375
753,9.412499821337406e-06,0.23937401175498962,54.055267333984375,42.8397216796875,69.04671478271484,54.720703125,8.075096130371094,0.017464041709899902,7.4957275390625
754,9.424999916518573e-06,0.30999550223350525,0.9733766317367554,0.7714176177978516,69.04671478271484,54.720703125,5.850877285003662,0.017333269119262695,7.2713623046875
755,9.43750001169974e-06,0.3395068347454071,45.87151336669922,36.35395812988281,69.04671478271484,54.720703125,8.712992668151855,0.01757502555847168,7.49267578125
756,9.450000106880907e-06,0.20065920054912567,42.99526596069336,34.07448196411133,69.04671478271484,54.720703125,9.085505485534668,0.019393205642700195,7.0535888671875
757,9.462500202062074e-06,0.25822484493255615,42.53509521484375,33.70978927612305,69.04671478271484,54.720703125,5.901403903961182,0.017827272415161133,7.2740478515625
758,9.475000297243241e-06,0.34678661823272705,46.5235710144043,36.870723724365234,69.04671478271484,54.720703125,6.734532356262207,0.019162893295288086,7.1982421875
759,9.487500392424408e-06,0.4128476679325104,38.814666748046875,30.761287689208984,69.04671478271484,54.720703125,5.685421466827393,0.01680755615234375,7.6131591796875
760,9.499999578110874e-06,0.3106442987918854,59.94425964355469,47.50685119628906,69.04671478271484,54.720703125,5.198309898376465,0.015227556228637695,6.9718017578125
761,9.51249967329204e-06,0.3254243731498718,52.5492057800293,41.64614486694336,69.04671478271484,54.720703125,7.602604389190674,0.017623424530029297,7.2012939453125
762,9.524999768473208e-06,0.45517224073410034,1.0339887142181396,0.8194537162780762,69.04671478271484,54.720703125,6.5749406814575195,0.018462061882019043,7.2919921875
763,9.537499863654375e-06,0.5664648413658142,0.9933708906173706,0.7872633934020996,69.04671478271484,54.720703125,6.612337589263916,0.018616676330566406,6.86376953125
764,9.549999958835542e-06,0.22765998542308807,45.702117919921875,36.21971130371094,69.04671478271484,54.720703125,8.321534156799316,0.013751745223999023,6.75
765,9.56250005401671e-06,0.39255043864250183,39.61045837402344,31.391965866088867,69.04671478271484,54.720703125,7.140722274780273,0.018326997756958008,6.9630126953125
766,9.575000149197876e-06,0.20079867541790009,21.8663330078125,17.329442977905273,69.04671478271484,54.720703125,7.310808181762695,0.015184879302978516,7.3812255859375
767,9.587500244379044e-06,0.43737471103668213,1.0812472105026245,0.8569068908691406,69.04671478271484,54.720703125,5.508544445037842,0.016736745834350586,7.1435546875
768,9.60000033956021e-06,0.2730574905872345,37.56072235107422,29.767513275146484,69.04671478271484,54.720703125,6.7336297035217285,0.020510554313659668,6.4793701171875
769,9.612500434741378e-06,0.24020114541053772,46.29517364501953,36.68971633911133,69.04671478271484,54.720703125,5.951921463012695,0.019951939582824707,7.5396728515625
770,9.624999620427843e-06,0.20604859292507172,35.6356201171875,28.241838455200195,69.04671478271484,54.720703125,6.860793113708496,0.016907930374145508,7.43359375
771,9.63749971560901e-06,0.2410619854927063,54.14930725097656,42.914249420166016,69.04671478271484,54.720703125,8.763554573059082,0.016320228576660156,7.2745361328125
772,9.649999810790177e-06,0.23041386902332306,44.625335693359375,35.36634063720703,69.04671478271484,54.720703125,6.591013431549072,0.018807172775268555,7.2041015625
773,9.662499905971345e-06,0.22354596853256226,23.247461318969727,18.42401123046875,69.04671478271484,54.720703125,8.548788070678711,0.017774581909179688,7.291748046875
774,9.675000001152512e-06,0.2445143312215805,48.815574645996094,38.68717575073242,69.04671478271484,54.720703125,7.158703804016113,0.018257617950439453,6.875244140625
775,9.687500096333679e-06,0.23363083600997925,59.26066207885742,46.965087890625,69.04671478271484,54.720703125,9.718438148498535,0.0165555477142334,7.4788818359375
776,9.700000191514846e-06,0.4429199993610382,41.8790397644043,33.18985366821289,69.04671478271484,54.720703125,5.185736656188965,0.015235424041748047,7.305908203125
777,9.712500286696013e-06,0.3790005147457123,49.586212158203125,39.29792022705078,69.04671478271484,54.720703125,6.880709648132324,0.01541590690612793,7.2093505859375
778,9.72500038187718e-06,0.22257010638713837,38.4544563293457,30.475812911987305,69.04671478271484,54.720703125,7.158416748046875,0.01883530616760254,7.2122802734375
779,9.737499567563646e-06,0.22257345914840698,42.163089752197266,33.41497039794922,69.04671478271484,54.720703125,6.607598304748535,0.017077088356018066,6.9736328125
780,9.749999662744813e-06,0.18891586363315582,59.28314208984375,46.98290252685547,69.04671478271484,54.720703125,8.866939544677734,0.01841127872467041,6.9981689453125
781,9.76249975792598e-06,0.23273974657058716,11.352693557739258,8.997203826904297,69.04671478271484,54.720703125,14.372172355651855,0.01782512664794922,6.9967041015625
782,9.774999853107147e-06,0.20092378556728363,4.290407180786133,3.4002208709716797,69.04671478271484,54.720703125,8.07778263092041,0.017300844192504883,7.2486572265625
783,9.787499948288314e-06,0.18259373307228088,32.86394119262695,26.045236587524414,69.04671478271484,54.720703125,5.821544647216797,0.017197370529174805,7.684326171875
784,9.800000043469481e-06,0.19293347001075745,50.103057861328125,39.7075309753418,69.04671478271484,54.720703125,7.495870113372803,0.014168143272399902,7.490234375
785,9.812500138650648e-06,0.1995835304260254,56.10280227661133,44.46242904663086,69.04671478271484,54.720703125,6.94356632232666,0.019766569137573242,6.6326904296875
786,9.825000233831815e-06,0.24299977719783783,60.832645416259766,48.21091079711914,69.04671478271484,54.720703125,8.183388710021973,0.020432710647583008,6.765380859375
787,9.837500329012983e-06,0.243691086769104,0.980927050113678,0.7774014472961426,69.04671478271484,54.720703125,5.823084354400635,0.012660861015319824,7.22998046875
788,9.85000042419415e-06,0.17418143153190613,39.03179168701172,30.93336296081543,69.04671478271484,54.720703125,6.355279445648193,0.016875505447387695,6.923583984375
789,9.862499609880615e-06,0.23291262984275818,42.53543472290039,33.710060119628906,69.04671478271484,54.720703125,5.3543171882629395,0.01481771469116211,6.8538818359375
790,9.874999705061782e-06,0.2160717397928238,20.93242073059082,16.58930206298828,69.04671478271484,54.720703125,5.725772857666016,0.016813993453979492,7.09765625
791,9.88749980024295e-06,0.2964136302471161,42.33729553222656,33.55302810668945,69.04671478271484,54.720703125,6.422900199890137,0.018192648887634277,6.943115234375
792,9.899999895424116e-06,0.22135761380195618,52.710182189941406,41.773719787597656,69.04671478271484,54.720703125,6.43789529800415,0.014617919921875,7.1229248046875
793,9.912499990605284e-06,0.22094301879405975,11.018495559692383,8.732345581054688,69.04671478271484,54.720703125,5.878965854644775,0.014505147933959961,7.6156005859375
794,9.92500008578645e-06,0.2190144807100296,35.410770416259766,28.063640594482422,69.04671478271484,54.720703125,7.771839618682861,0.01541900634765625,7.7432861328125
795,9.937500180967618e-06,0.19744347035884857,57.27767562866211,45.39353561401367,69.04671478271484,54.720703125,8.12863826751709,0.01611614227294922,7.2772216796875
796,9.950000276148785e-06,0.24064704775810242,53.12126541137695,42.099510192871094,69.04671478271484,54.720703125,6.789954662322998,0.014849662780761719,7.31103515625
797,9.962500371329952e-06,0.2702815532684326,24.28032684326172,19.242572784423828,69.04671478271484,54.720703125,6.930087566375732,0.019850492477416992,7.0350341796875
798,9.974999557016417e-06,0.17704103887081146,23.115224838256836,18.319210052490234,69.04671478271484,54.720703125,7.239048957824707,0.013798952102661133,6.8585205078125
799,9.987499652197585e-06,0.2071336954832077,43.35759353637695,34.36163330078125,69.04671478271484,54.720703125,8.368513107299805,0.01584148406982422,7.4820556640625
800,9.999999747378752e-06,0.18982656300067902,51.42728042602539,40.756996154785156,69.04671478271484,54.720703125,8.763067245483398,0.015264511108398438,7.18359375
801,1.0012499842559919e-05,0.27729377150535583,40.347251892089844,31.97588539123535,69.04671478271484,54.720703125,6.95833158493042,0.01470184326171875,7.4755859375
802,1.0024999937741086e-05,0.16316081583499908,50.14336013793945,39.739471435546875,69.04671478271484,54.720703125,6.405174732208252,0.015369176864624023,6.9697265625
803,1.0037500032922253e-05,0.29012924432754517,61.492671966552734,48.73399353027344,69.04671478271484,54.720703125,9.149420738220215,0.01417243480682373,7.5006103515625
804,1.005000012810342e-05,0.19862501323223114,10.080283164978027,7.988796710968018,69.04671478271484,54.720703125,6.140014171600342,0.01949596405029297,7.0894775390625
805,1.0062500223284587e-05,0.33507904410362244,20.627178192138672,16.34739112854004,69.04671478271484,54.720703125,6.7765936851501465,0.015769481658935547,7.1566162109375
806,1.0075000318465754e-05,0.4816555678844452,23.923818588256836,18.96003532409668,69.04671478271484,54.720703125,8.337553024291992,0.019710063934326172,7.3602294921875
807,1.0087500413646922e-05,0.33823952078819275,33.8648567199707,26.838478088378906,69.04671478271484,54.720703125,7.100902557373047,0.017476797103881836,7.5008544921875
808,1.0099999599333387e-05,0.1909099668264389,50.39321517944336,39.93748474121094,69.04671478271484,54.720703125,6.566336154937744,0.017133712768554688,7.4241943359375
809,1.0112499694514554e-05,0.342447429895401,43.29927062988281,34.31541442871094,69.04671478271484,54.720703125,7.5307745933532715,0.022512197494506836,6.523193359375
810,1.0124999789695721e-05,0.16570062935352325,56.36692810058594,44.6717529296875,69.04671478271484,54.720703125,8.864022254943848,0.013349056243896484,7.3387451171875
811,1.0137499884876888e-05,0.3902984857559204,22.31107521057129,17.681907653808594,69.04671478271484,54.720703125,6.945106029510498,0.01853644847869873,7.0853271484375
812,1.0149999980058055e-05,0.3132306635379791,3.8772270679473877,3.0727686882019043,69.04671478271484,54.720703125,5.7441816329956055,0.017560720443725586,7.040283203125
813,1.0162500075239222e-05,0.28359413146972656,10.766263008117676,8.532447814941406,69.04671478271484,54.720703125,7.4770612716674805,0.014702320098876953,7.470947265625
814,1.017500017042039e-05,0.5604422688484192,35.294742584228516,27.97168731689453,69.04671478271484,54.720703125,6.809935092926025,0.017728328704833984,7.32568359375
815,1.0187500265601557e-05,0.3723505139350891,52.571754455566406,41.66401290893555,69.04671478271484,54.720703125,7.975034713745117,0.014890432357788086,7.4517822265625
816,1.0200000360782724e-05,0.325928270816803,20.74473762512207,16.44055938720703,69.04671478271484,54.720703125,6.860757827758789,0.017559051513671875,6.9735107421875
817,1.021249954646919e-05,0.6253218054771423,55.49148178100586,43.97794723510742,69.04671478271484,54.720703125,6.392551898956299,0.015260934829711914,7.1597900390625
818,1.0224999641650356e-05,0.40478482842445374,40.931453704833984,32.43887710571289,69.04671478271484,54.720703125,7.004151344299316,0.014764189720153809,7.0628662109375
819,1.0237499736831523e-05,0.3265977203845978,41.45411682128906,32.85309600830078,69.04671478271484,54.720703125,6.760618209838867,0.015802621841430664,7.5152587890625
820,1.024999983201269e-05,0.5211625695228577,1.0325422286987305,0.8183073997497559,69.04671478271484,54.720703125,4.445827484130859,0.015420675277709961,6.92822265625
821,1.0262499927193858e-05,0.20105354487895966,21.229455947875977,16.82470703125,69.04671478271484,54.720703125,6.676154136657715,0.01669907569885254,7.177734375
822,1.0275000022375025e-05,0.3001440465450287,54.89653396606445,43.50644302368164,69.04671478271484,54.720703125,6.466119766235352,0.01376795768737793,7.3768310546875
823,1.0287500117556192e-05,0.21079926192760468,50.57472610473633,40.081336975097656,69.04671478271484,54.720703125,7.3610076904296875,0.013315320014953613,6.931640625
824,1.0300000212737359e-05,0.4441099166870117,4.409982681274414,3.4949865341186523,69.04671478271484,54.720703125,6.265721797943115,0.018549084663391113,6.762939453125
825,1.0312500307918526e-05,0.2262173742055893,42.6597900390625,33.80861282348633,69.04671478271484,54.720703125,7.808296203613281,0.019500732421875,6.8916015625
826,1.0325000403099693e-05,0.5751449465751648,4.427529811859131,3.5088930130004883,69.04671478271484,54.720703125,5.997307300567627,0.013245820999145508,7.365478515625
827,1.0337499588786159e-05,0.30412957072257996,1.0011378526687622,0.7934188842773438,69.04671478271484,54.720703125,6.776400089263916,0.0159989595413208,7.23095703125
828,1.0349999683967326e-05,0.4057200253009796,0.9823085069656372,0.778496265411377,69.04671478271484,54.720703125,6.313920021057129,0.015995144844055176,6.40087890625
829,1.0362499779148493e-05,0.43860501050949097,54.377098083496094,43.09477996826172,69.04671478271484,54.720703125,8.583341598510742,0.014294981956481934,7.47021484375
830,1.037499987432966e-05,0.19629953801631927,46.60926818847656,36.93864440917969,69.04671478271484,54.720703125,8.309737205505371,0.014078259468078613,7.3104248046875
831,1.0387499969510827e-05,0.22058379650115967,48.142181396484375,38.15350341796875,69.04671478271484,54.720703125,9.4476318359375,0.013092041015625,7.22802734375
832,1.0400000064691994e-05,0.2544158399105072,61.69452667236328,48.89396667480469,69.04671478271484,54.720703125,5.895607948303223,0.017078876495361328,7.1446533203125
833,1.0412500159873161e-05,0.2989283502101898,70.36090087890625,55.76221466064453,98.82722473144531,78.322265625,5.873453617095947,0.013269186019897461,7.21728515625
834,1.0425000255054329e-05,0.42685019969940186,52.601436614990234,41.687538146972656,72.26776123046875,57.2734375,8.439051628112793,0.015220403671264648,6.83544921875
835,1.0437500350235496e-05,0.7885144948959351,10.833107948303223,8.585423469543457,72.26776123046875,57.2734375,5.069737434387207,0.01240086555480957,7.460205078125
836,1.0450000445416663e-05,0.21943241357803345,37.64039611816406,29.830657958984375,72.26776123046875,57.2734375,5.970183849334717,0.01579749584197998,7.305419921875
837,1.0462499631103128e-05,0.8628033399581909,30.324344635009766,24.032562255859375,72.26776123046875,57.2734375,7.258220195770264,0.015817642211914062,7.080322265625
838,1.0474999726284295e-05,0.8866599202156067,1.064375638961792,0.8435359001159668,72.26776123046875,57.2734375,7.293550491333008,0.016173839569091797,7.0889892578125
839,1.0487499821465462e-05,0.26999208331108093,53.53010940551758,42.423526763916016,72.26776123046875,57.2734375,8.787200927734375,0.016156673431396484,6.8905029296875
840,1.049999991664663e-05,0.9846582412719727,46.359153747558594,36.740421295166016,72.27268981933594,57.27734375,7.088106155395508,0.0181581974029541,6.933349609375
841,1.0512500011827797e-05,0.6514385342597961,34.810916900634766,27.588247299194336,72.27268981933594,57.27734375,11.501473426818848,0.01684129238128662,7.067138671875
842,1.0525000107008964e-05,0.5649481415748596,36.09543991088867,28.606252670288086,72.27268981933594,57.27734375,5.557221412658691,0.016462326049804688,7.2880859375
843,1.0537500202190131e-05,0.9722819924354553,44.223690032958984,35.048030853271484,72.27268981933594,57.27734375,8.228547096252441,0.011713266372680664,7.6424560546875
844,1.0550000297371298e-05,0.26999273896217346,4.061190128326416,3.218562602996826,72.27268981933594,57.27734375,7.566382884979248,0.011353492736816406,7.4840087890625
845,1.0562500392552465e-05,0.669472873210907,1.0170847177505493,0.8060569763183594,72.27268981933594,57.27734375,7.531095504760742,0.017069637775421143,6.6138916015625
846,1.057499957823893e-05,0.4093405604362488,39.92408752441406,31.640522003173828,72.27268981933594,57.27734375,5.432623386383057,0.020413875579833984,6.6663818359375
847,1.0587499673420098e-05,0.5708954334259033,43.14756774902344,34.19518280029297,72.27268981933594,57.27734375,6.753908157348633,0.012034177780151367,7.310546875
848,1.0599999768601265e-05,0.8147668838500977,49.550777435302734,39.26983642578125,72.27268981933594,57.27734375,8.86602783203125,0.014264583587646484,6.90673828125
849,1.0612499863782432e-05,0.21329696476459503,23.174663543701172,18.366317749023438,72.27268981933594,57.27734375,6.316807270050049,0.013350486755371094,6.85009765625
850,1.0624999958963599e-05,0.7946890592575073,45.51333999633789,36.070098876953125,72.27268981933594,57.27734375,5.9350810050964355,0.013959348201751709,7.03369140625
851,1.0637500054144766e-05,0.679384708404541,50.37619400024414,39.92399597167969,72.27268981933594,57.27734375,7.440288066864014,0.017694473266601562,6.9317626953125
852,1.0650000149325933e-05,0.18831127882003784,1.0548253059387207,0.8359670639038086,72.27268981933594,57.27734375,5.74814510345459,0.013631582260131836,7.1168212890625
853,1.06625002445071e-05,0.4891238808631897,49.47927474975586,39.213172912597656,72.27268981933594,57.27734375,6.615119457244873,0.014733076095581055,7.568115234375
854,1.0675000339688268e-05,0.3435892164707184,49.553443908691406,39.27195358276367,72.27268981933594,57.27734375,9.348623275756836,0.013782978057861328,7.6778564453125
855,1.0687500434869435e-05,0.23216810822486877,11.128446578979492,8.819483757019043,72.27268981933594,57.27734375,6.482758045196533,0.013934135437011719,7.2403564453125
856,1.06999996205559e-05,0.31179580092430115,37.11934280395508,29.417713165283203,72.27268981933594,57.27734375,7.059030532836914,0.013724684715270996,7.2891845703125
857,1.0712499715737067e-05,0.21393613517284393,10.684747695922852,8.467845916748047,72.27268981933594,57.27734375,6.878786563873291,0.014890611171722412,6.9681396484375
858,1.0724999810918234e-05,0.5087243914604187,23.78220558166504,18.84780502319336,72.27268981933594,57.27734375,6.637566089630127,0.01430058479309082,6.798095703125
859,1.0737499906099401e-05,0.35508203506469727,48.66535568237305,38.5681266784668,72.27268981933594,57.27734375,7.318157196044922,0.012287139892578125,7.3619384765625
860,1.0750000001280569e-05,0.40078097581863403,59.43341064453125,47.101993560791016,72.27268981933594,57.27734375,7.079347610473633,0.01356661319732666,7.1153564453125
861,1.0762500096461736e-05,0.8052955269813538,41.98876190185547,33.27680969238281,72.27268981933594,57.27734375,6.828479766845703,0.009708762168884277,7.3519287109375
862,1.0775000191642903e-05,0.29041925072669983,51.123085021972656,40.51591873168945,72.27268981933594,57.27734375,6.675403118133545,0.013359546661376953,6.89111328125
863,1.078750028682407e-05,0.7867578268051147,46.50461959838867,36.85570526123047,72.27268981933594,57.27734375,6.5904541015625,0.012558698654174805,7.4949951171875
864,1.0800000382005237e-05,0.8998328447341919,61.07130813598633,48.400054931640625,72.27268981933594,57.27734375,8.4702730178833,0.011975407600402832,7.09423828125
865,1.0812499567691702e-05,0.17992320656776428,4.251118183135986,3.369083881378174,72.27268981933594,57.27734375,8.131279945373535,0.01300048828125,7.0399169921875
866,1.082499966287287e-05,0.659519612789154,41.169044494628906,32.62717056274414,72.27268981933594,57.27734375,7.2984089851379395,0.012702584266662598,7.343017578125
867,1.0837499758054037e-05,0.21901898086071014,42.52005386352539,33.69786834716797,72.27268981933594,57.27734375,6.104007720947266,0.013104677200317383,7.3778076171875
868,1.0849999853235204e-05,0.6394497156143188,65.12107849121094,51.60956573486328,72.27268981933594,57.27734375,7.180253505706787,0.015746116638183594,7.31982421875
869,1.0862499948416371e-05,0.5356340408325195,49.745643615722656,39.42427444458008,72.27268981933594,57.27734375,7.637734413146973,0.019205093383789062,6.452392578125
870,1.0875000043597538e-05,0.2717300057411194,57.735107421875,45.75605773925781,72.28008270263672,57.283203125,8.304081916809082,0.014464020729064941,7.32177734375
871,1.0887500138778705e-05,0.736772894859314,47.557594299316406,37.69020462036133,72.28008270263672,57.283203125,6.60312032699585,0.015195965766906738,7.132568359375
872,1.0900000233959872e-05,0.5779532194137573,39.27893829345703,31.129230499267578,72.28008270263672,57.283203125,6.9258646965026855,0.013492584228515625,7.09814453125
873,1.091250032914104e-05,0.20899130403995514,10.658733367919922,8.44722843170166,72.28008270263672,57.283203125,6.204026699066162,0.014402389526367188,7.484130859375
874,1.0925000424322207e-05,0.6036771535873413,43.980716705322266,34.85546875,72.28008270263672,57.283203125,7.651309490203857,0.01589202880859375,7.27392578125
875,1.0937499610008672e-05,0.40970152616500854,53.81406021118164,42.6485595703125,72.28008270263672,57.283203125,6.061884880065918,0.010502099990844727,7.427734375
876,1.0949999705189839e-05,0.21098293364048004,36.10499954223633,28.61383056640625,72.28008270263672,57.283203125,8.213077545166016,0.012992262840270996,6.95751953125
877,1.0962499800371006e-05,0.37218108773231506,3.9629452228546143,3.1407017707824707,72.28008270263672,57.283203125,5.477643966674805,0.014985084533691406,7.1383056640625
878,1.0974999895552173e-05,0.18956151604652405,51.74345397949219,41.007572174072266,72.28008270263672,57.283203125,6.895681858062744,0.01247560977935791,7.06396484375
879,1.098749999073334e-05,0.4608142375946045,48.797569274902344,38.67290496826172,72.28008270263672,57.283203125,8.791875839233398,0.01056206226348877,7.510498046875
880,1.1000000085914508e-05,0.3255683481693268,58.27482223510742,46.18379211425781,72.28008270263672,57.283203125,4.861271858215332,0.011836051940917969,6.9915771484375
881,1.1012500181095675e-05,0.20176714658737183,55.99388122558594,44.3761100769043,72.28008270263672,57.283203125,7.063554286956787,0.01218879222869873,7.1748046875
882,1.1025000276276842e-05,0.3159090578556061,58.46830749511719,46.337135314941406,72.28008270263672,57.283203125,9.127799034118652,0.012643933296203613,7.33251953125
883,1.1037500371458009e-05,0.18328386545181274,1.0443333387374878,0.8276519775390625,72.28008270263672,57.283203125,5.6404337882995605,0.013501882553100586,6.9556884765625
884,1.1049999557144474e-05,0.27311837673187256,51.83552169799805,41.080535888671875,72.28008270263672,57.283203125,6.209323406219482,0.014912128448486328,6.8238525390625
885,1.1062499652325641e-05,0.2895033061504364,55.21272659301758,43.75702667236328,72.28008270263672,57.283203125,5.947103500366211,0.014048576354980469,6.848388671875
886,1.1074999747506808e-05,0.18563711643218994,52.93648147583008,41.953067779541016,72.28008270263672,57.283203125,5.443639755249023,0.014059662818908691,7.408203125
887,1.1087499842687976e-05,0.18947221338748932,10.921857833862305,8.655759811401367,72.28008270263672,57.283203125,7.9405837059021,0.014137864112854004,7.293212890625
888,1.1099999937869143e-05,0.1704574078321457,60.43153762817383,47.89302444458008,72.28008270263672,57.283203125,8.672999382019043,0.014419794082641602,6.416259765625
889,1.111250003305031e-05,0.21241216361522675,48.30308151245117,38.2810173034668,72.28008270263672,57.283203125,6.721087455749512,0.012610316276550293,7.3658447265625
890,1.1125000128231477e-05,0.18386386334896088,53.16398239135742,42.13336181640625,72.28008270263672,57.283203125,8.575591087341309,0.013327956199645996,7.2899169921875
891,1.1137500223412644e-05,0.17687630653381348,0.986302375793457,0.7816615104675293,72.28008270263672,57.283203125,7.361626625061035,0.013233065605163574,7.197021484375
892,1.1150000318593811e-05,0.2035677134990692,43.663272857666016,34.60388946533203,72.28008270263672,57.283203125,8.758689880371094,0.011339664459228516,7.142333984375
893,1.1162500413774978e-05,0.1804533451795578,33.720760345458984,26.724279403686523,72.28008270263672,57.283203125,7.590404033660889,0.011533260345458984,7.1336669921875
894,1.1174999599461444e-05,0.18340304493904114,0.9906386733055115,0.7850980758666992,72.28008270263672,57.283203125,7.774166584014893,0.008467555046081543,6.8250732421875
895,1.1187499694642611e-05,0.20276527106761932,31.144180297851562,24.682294845581055,72.28008270263672,57.283203125,6.968249797821045,0.011833429336547852,7.427978515625
896,1.1199999789823778e-05,0.18466103076934814,42.66734313964844,33.814598083496094,72.28008270263672,57.283203125,6.528077125549316,0.012034416198730469,7.2364501953125
897,1.1212499885004945e-05,0.20322446525096893,37.19673156738281,29.479045867919922,72.28008270263672,57.283203125,6.890830993652344,0.01253819465637207,7.0384521484375
898,1.1224999980186112e-05,0.21184055507183075,54.245784759521484,42.9907112121582,72.28008270263672,57.283203125,7.3362860679626465,0.016634464263916016,7.176025390625
899,1.123750007536728e-05,0.22103942930698395,0.9803969860076904,0.7769813537597656,72.36387634277344,57.349609375,7.011523246765137,0.0128021240234375,6.781005859375
900,1.1250000170548446e-05,0.2435654103755951,43.98701477050781,34.8604621887207,72.36387634277344,57.349609375,5.15785026550293,0.015702486038208008,6.859619140625
901,1.1262500265729614e-05,0.1852617710828781,49.11781311035156,38.92670440673828,72.36387634277344,57.349609375,13.222805976867676,0.012142539024353027,6.9228515625
902,1.127500036091078e-05,0.2378692328929901,51.116310119628906,40.51054763793945,72.36387634277344,57.349609375,7.658204078674316,0.012179136276245117,7.2689208984375
903,1.1287499546597246e-05,0.25705239176750183,39.09846496582031,30.986202239990234,72.36387634277344,57.349609375,7.2006120681762695,0.01071310043334961,7.5863037109375
904,1.1299999641778413e-05,0.21411122381687164,49.78258514404297,39.453548431396484,72.36387634277344,57.349609375,8.4923677444458,0.011011958122253418,7.497802734375
905,1.131249973695958e-05,0.2063538283109665,22.895143508911133,18.144792556762695,72.36387634277344,57.349609375,6.6643829345703125,0.01769888401031494,6.7017822265625
906,1.1324999832140747e-05,0.21806077659130096,0.910297691822052,0.7214264869689941,72.36387634277344,57.349609375,6.677143573760986,0.013800501823425293,6.6383056640625
907,1.1337499927321915e-05,0.22312240302562714,40.62984085083008,32.19984436035156,72.36387634277344,57.349609375,6.650387287139893,0.013698220252990723,7.2652587890625
908,1.1350000022503082e-05,0.24347858130931854,1.0987800359725952,0.8708019256591797,72.36387634277344,57.349609375,5.850311756134033,0.018698573112487793,6.8614501953125
909,1.1362500117684249e-05,0.2777489721775055,10.330219268798828,8.186875343322754,72.36387634277344,57.349609375,6.576194763183594,0.014203071594238281,6.8770751953125
910,1.1375000212865416e-05,0.23516112565994263,0.9642829298973083,0.7642107009887695,72.37126922607422,57.35546875,5.7184834480285645,0.014129400253295898,7.0406494140625
911,1.1387500308046583e-05,0.2394908368587494,0.884497880935669,0.7009797096252441,72.37126922607422,57.35546875,5.789451599121094,0.015250444412231445,6.9127197265625
912,1.140000040322775e-05,0.3279322683811188,56.15721130371094,44.50554656982422,72.37126922607422,57.35546875,7.0044264793396,0.010719895362854004,7.1312255859375
913,1.1412499588914216e-05,0.18559633195400238,43.58928680419922,34.54525375366211,72.37126922607422,57.35546875,6.728409767150879,0.01211404800415039,7.54248046875
914,1.1424999684095383e-05,0.44816362857818604,0.962795615196228,0.7630319595336914,72.37126922607422,57.35546875,6.211258411407471,0.009854912757873535,7.65087890625
915,1.143749977927655e-05,0.4720924496650696,10.624122619628906,8.419798851013184,72.37126922607422,57.35546875,6.7874369621276855,0.01453852653503418,7.17919921875
916,1.1449999874457717e-05,0.29364287853240967,39.88401794433594,31.6087646484375,72.37126922607422,57.35546875,7.5747246742248535,0.014088153839111328,7.229248046875
917,1.1462499969638884e-05,0.6829210519790649,19.63041114807129,15.557435989379883,72.37126922607422,57.35546875,8.16465950012207,0.0121840238571167,6.9814453125
918,1.1475000064820051e-05,0.3833591341972351,49.935691833496094,39.57489013671875,72.37126922607422,57.35546875,8.847146987915039,0.015602350234985352,6.833740234375
919,1.1487500160001218e-05,0.375660240650177,38.119327545166016,30.21021842956543,72.37126922607422,57.35546875,7.2989397048950195,0.016233205795288086,7.322509765625
920,1.1500000255182385e-05,0.34645262360572815,47.843719482421875,37.91696548461914,72.37126922607422,57.35546875,8.488248825073242,0.01574420928955078,7.1046142578125
921,1.1512500350363553e-05,0.37898850440979004,57.98555374145508,45.95454025268555,72.37126922607422,57.35546875,5.540561676025391,0.011229753494262695,7.4000244140625
922,1.152500044554472e-05,0.587581992149353,52.39809799194336,41.526390075683594,72.37126922607422,57.35546875,6.186142444610596,0.012280106544494629,6.9019775390625
923,1.1537499631231185e-05,0.20159105956554413,48.69124221801758,38.58864212036133,72.37126922607422,57.35546875,5.939117431640625,0.01047205924987793,7.4473876953125
924,1.1549999726412352e-05,0.5419086813926697,48.817630767822266,38.68880844116211,72.37126922607422,57.35546875,8.662185668945312,0.012781262397766113,7.1080322265625
925,1.156249982159352e-05,0.39507827162742615,36.35028076171875,28.808218002319336,72.37126922607422,57.35546875,5.108538627624512,0.013742923736572266,7.0943603515625
926,1.1574999916774686e-05,0.30619320273399353,54.862770080566406,43.47968292236328,72.37126922607422,57.35546875,7.8010172843933105,0.015323638916015625,7.331787109375
927,1.1587500011955854e-05,0.5007838606834412,58.14318084716797,46.079463958740234,72.37126922607422,57.35546875,8.521666526794434,0.012424826622009277,7.28857421875
928,1.160000010713702e-05,0.3000026345252991,55.931640625,44.3267822265625,72.37126922607422,57.35546875,8.67619800567627,0.014379501342773438,7.2257080078125
929,1.1612500202318188e-05,0.1872815042734146,44.36732482910156,35.161865234375,72.37126922607422,57.35546875,5.928046703338623,0.013654589653015137,6.43994140625
930,1.1625000297499355e-05,0.19823184609413147,52.7003288269043,41.76591110229492,72.37126922607422,57.35546875,6.769367218017578,0.01398611068725586,7.197265625
931,1.1637500392680522e-05,0.21583491563796997,56.166316986083984,44.51276779174805,72.37126922607422,57.35546875,7.994099140167236,0.010691285133361816,7.067138671875
932,1.1649999578366987e-05,0.20176014304161072,37.726524353027344,29.898916244506836,72.37126922607422,57.35546875,7.110171318054199,0.00901174545288086,7.0194091796875
933,1.1662499673548155e-05,0.18619191646575928,46.09196853637695,36.5286750793457,72.37126922607422,57.35546875,6.155996799468994,0.011808156967163086,7.3880615234375
934,1.1674999768729322e-05,0.24059605598449707,54.471736907958984,43.16978073120117,72.37126922607422,57.35546875,7.991775989532471,0.013843655586242676,7.23388671875
935,1.1687499863910489e-05,0.31742918491363525,42.155216217041016,33.408729553222656,72.37126922607422,57.35546875,7.400401592254639,0.011938691139221191,7.421875
936,1.1699999959091656e-05,0.20616061985492706,4.083556175231934,3.236288070678711,72.37126922607422,57.35546875,5.414101600646973,0.013359904289245605,6.9306640625
937,1.1712500054272823e-05,0.32087448239326477,46.451778411865234,36.81382751464844,72.37126922607422,57.35546875,6.764217853546143,0.01130986213684082,7.200439453125
938,1.172500014945399e-05,0.4743371307849884,0.9614851474761963,0.761993408203125,72.3811264038086,57.36328125,7.463733196258545,0.012282729148864746,6.9112548828125
939,1.1737500244635157e-05,0.2959371507167816,61.722084045410156,48.91580581665039,72.3811264038086,57.36328125,7.5849432945251465,0.008618474006652832,7.4957275390625
940,1.1750000339816324e-05,0.21307767927646637,21.012964248657227,16.653133392333984,72.3811264038086,57.36328125,5.581965446472168,0.008439779281616211,6.8779296875
941,1.1762500434997492e-05,0.34685924649238586,38.02973937988281,30.139219284057617,72.3811264038086,57.36328125,6.203426837921143,0.009158611297607422,7.137939453125
942,1.1774999620683957e-05,0.1726338118314743,21.607860565185547,17.12459945678711,72.3811264038086,57.36328125,6.213206768035889,0.011009573936462402,7.3243408203125
943,1.1787499715865124e-05,0.39047902822494507,9.67480182647705,7.667446136474609,72.3811264038086,57.36328125,5.806092262268066,0.011826276779174805,6.9849853515625
944,1.1799999811046291e-05,0.3866599500179291,0.971551775932312,0.7699713706970215,72.3811264038086,57.36328125,7.397587299346924,0.011280417442321777,6.792236328125
945,1.1812499906227458e-05,0.18128900229930878,24.759965896606445,19.622695922851562,72.3811264038086,57.36328125,8.817578315734863,0.012492895126342773,6.812255859375
946,1.1825000001408625e-05,0.21807792782783508,39.24058151245117,31.098831176757812,72.3811264038086,57.36328125,5.77855110168457,0.011255979537963867,7.3834228515625
947,1.1837500096589793e-05,0.24288775026798248,47.827632904052734,37.90421676635742,72.3811264038086,57.36328125,8.713961601257324,0.011018157005310059,7.3138427734375
948,1.185000019177096e-05,0.20973844826221466,4.442476749420166,3.5207386016845703,72.3811264038086,57.36328125,6.965160369873047,0.014305472373962402,6.2994384765625
949,1.1862500286952127e-05,0.1807638704776764,32.2991828918457,25.597654342651367,72.3811264038086,57.36328125,5.703785419464111,0.01162409782409668,7.275390625
950,1.1875000382133294e-05,0.2136017382144928,51.77008056640625,41.0286750793457,72.3811264038086,57.36328125,7.349604606628418,0.012888789176940918,7.2857666015625
951,1.188749956781976e-05,0.18452361226081848,21.137069702148438,16.751489639282227,72.3811264038086,57.36328125,5.386240005493164,0.011476874351501465,7.309326171875
952,1.1899999663000926e-05,0.17664076387882233,3.9387824535369873,3.1215524673461914,72.3811264038086,57.36328125,6.559024810791016,0.013874292373657227,7.1278076171875
953,1.1912499758182094e-05,0.17720338702201843,4.108279705047607,3.2558817863464355,72.3811264038086,57.36328125,7.6916985511779785,0.011405348777770996,7.13232421875
954,1.192499985336326e-05,0.16984522342681885,33.11560821533203,26.244686126708984,72.3811264038086,57.36328125,7.236841201782227,0.011904716491699219,6.836669921875
955,1.1937499948544428e-05,0.21926715970039368,38.1727409362793,30.25255012512207,72.3811264038086,57.36328125,6.866486549377441,0.013773918151855469,7.33447265625
956,1.1950000043725595e-05,0.1891493797302246,39.61782455444336,31.397802352905273,72.3811264038086,57.36328125,7.29882287979126,0.011559605598449707,7.2037353515625
957,1.1962500138906762e-05,0.33876121044158936,54.36100387573242,43.08202362060547,72.3811264038086,57.36328125,6.978781223297119,0.012602090835571289,6.9915771484375
958,1.1975000234087929e-05,0.36679765582084656,0.9388411045074463,0.7440476417541504,72.3811264038086,57.36328125,7.977646350860596,0.013498783111572266,7.0377197265625
959,1.1987500329269096e-05,0.2017294466495514,50.51822280883789,40.03655242919922,72.3811264038086,57.36328125,6.143509864807129,0.012065768241882324,6.8658447265625
960,1.2000000424450263e-05,0.6003851890563965,49.92003631591797,39.56248092651367,72.3811264038086,57.36328125,7.0954999923706055,0.011626958847045898,6.838134765625
961,1.2012499610136729e-05,0.5297112464904785,4.256019592285156,3.3729681968688965,72.3811264038086,57.36328125,13.218918800354004,0.01360011100769043,6.9456787109375
962,1.2024999705317896e-05,0.17718586325645447,35.80719757080078,28.377817153930664,72.3811264038086,57.36328125,5.831693649291992,0.01205599308013916,7.194091796875
963,1.2037499800499063e-05,0.49891653656959534,49.43571853637695,39.178653717041016,72.3811264038086,57.36328125,6.988834857940674,0.010707736015319824,7.4998779296875
964,1.204999989568023e-05,0.2742306888103485,22.47857666015625,17.814655303955078,72.3811264038086,57.36328125,6.165520668029785,0.010655760765075684,7.5113525390625
965,1.2062499990861397e-05,0.42987945675849915,54.85861587524414,43.47639083862305,72.3811264038086,57.36328125,7.115037441253662,0.0142897367477417,6.7227783203125
966,1.2075000086042564e-05,0.6276729702949524,45.92690658569336,36.397857666015625,72.3811264038086,57.36328125,7.447666168212891,0.011403679847717285,6.61962890625
967,1.2087500181223731e-05,0.23264113068580627,59.3661994934082,47.048728942871094,72.3811264038086,57.36328125,5.446727275848389,0.011022806167602539,7.2513427734375
968,1.2100000276404899e-05,0.32615166902542114,41.518470764160156,32.90409851074219,72.3811264038086,57.36328125,8.558706283569336,0.01166534423828125,6.8760986328125
969,1.2112500371586066e-05,0.21795322000980377,45.348018646240234,35.93907928466797,72.3811264038086,57.36328125,6.546553134918213,0.00997471809387207,6.798828125
970,1.2124999557272531e-05,0.24551646411418915,42.008609771728516,33.29254150390625,72.3811264038086,57.36328125,5.680215358734131,0.01240992546081543,7.04052734375
971,1.2137499652453698e-05,0.21577584743499756,4.0106987953186035,3.1785473823547363,72.3811264038086,57.36328125,8.039285659790039,0.013835549354553223,6.9989013671875
972,1.2149999747634865e-05,0.3309803009033203,1.018296480178833,0.8070173263549805,72.3811264038086,57.36328125,4.87221097946167,0.009974837303161621,7.0997314453125
973,1.2162499842816032e-05,0.4086441993713379,47.14288330078125,37.361541748046875,72.3811264038086,57.36328125,5.787968635559082,0.01042628288269043,7.51708984375
974,1.21749999379972e-05,0.18518340587615967,41.639739990234375,33.000205993652344,72.3811264038086,57.36328125,6.211158752441406,0.013001084327697754,7.7540283203125
975,1.2187500033178367e-05,0.5985502004623413,40.20968246459961,31.86686134338379,72.3811264038086,57.36328125,6.361542224884033,0.01460123062133789,7.1904296875
976,1.2200000128359534e-05,0.41896429657936096,56.64509582519531,44.89220428466797,72.3811264038086,57.36328125,7.534543991088867,0.011008501052856445,7.22314453125
977,1.2212500223540701e-05,0.34968698024749756,45.19953155517578,35.8213996887207,72.3811264038086,57.36328125,5.833518981933594,0.01625204086303711,6.9959716796875
978,1.2225000318721868e-05,0.5628606081008911,50.665565490722656,40.15332794189453,72.3811264038086,57.36328125,7.348823070526123,0.010391592979431152,6.7584228515625
979,1.2237500413903035e-05,0.24141135811805725,42.69332504272461,33.83518981933594,72.3811264038086,57.36328125,6.695996284484863,0.00901329517364502,7.2457275390625
980,1.22499995995895e-05,0.4063091576099396,56.68414306640625,44.923152923583984,72.3811264038086,57.36328125,7.236691951751709,0.010599255561828613,6.950439453125
981,1.2262499694770668e-05,0.40864428877830505,40.88055419921875,32.398536682128906,72.3811264038086,57.36328125,6.763389587402344,0.009181022644042969,7.3702392578125
982,1.2274999789951835e-05,0.234754741191864,4.280541896820068,3.3924026489257812,72.3811264038086,57.36328125,6.712904930114746,0.009764432907104492,6.850341796875
983,1.2287499885133002e-05,0.6209912896156311,43.01421356201172,34.089500427246094,72.3811264038086,57.36328125,7.053600788116455,0.00992286205291748,7.42333984375
984,1.2299999980314169e-05,0.4658206105232239,39.287010192871094,31.1356258392334,72.3811264038086,57.36328125,6.124983787536621,0.010637998580932617,7.1075439453125
985,1.2312500075495336e-05,0.18858441710472107,52.16551208496094,41.34206008911133,72.3811264038086,57.36328125,8.686354637145996,0.011457204818725586,7.049560546875
986,1.2325000170676503e-05,0.35221123695373535,38.196773529052734,30.271596908569336,72.3811264038086,57.36328125,6.712032318115234,0.010286688804626465,7.288818359375
987,1.233750026585767e-05,0.18025633692741394,58.838294982910156,46.63035583496094,72.3811264038086,57.36328125,7.960693359375,0.011953115463256836,7.331298828125
988,1.2350000361038838e-05,0.3735513985157013,33.221500396728516,26.32860565185547,72.3811264038086,57.36328125,7.780161380767822,0.011884450912475586,7.1917724609375
989,1.2362499546725303e-05,0.33467745780944824,1.0127977132797241,0.8026595115661621,72.3811264038086,57.36328125,5.987265586853027,0.011346697807312012,6.4117431640625
990,1.237499964190647e-05,0.26269060373306274,42.400535583496094,33.6031494140625,72.3811264038086,57.36328125,5.677323341369629,0.0139007568359375,7.111328125
991,1.2387499737087637e-05,0.3982571065425873,41.83314514160156,33.15348434448242,72.3811264038086,57.36328125,7.681606769561768,0.011900782585144043,7.0985107421875
992,1.2399999832268804e-05,0.17069055140018463,49.924896240234375,39.56633377075195,72.3811264038086,57.36328125,6.9968767166137695,0.009367406368255615,6.9957275390625
993,1.2412499927449971e-05,0.40667107701301575,50.33445358276367,39.89091491699219,72.3811264038086,57.36328125,6.022831916809082,0.008108377456665039,7.4053955078125
994,1.2425000022631139e-05,0.3357428312301636,46.03152847290039,36.48077392578125,72.3811264038086,57.36328125,7.420608997344971,0.01160287857055664,7.1788330078125
995,1.2437500117812306e-05,0.18996010720729828,4.0272064208984375,3.1916298866271973,72.3811264038086,57.36328125,7.738097667694092,0.010366380214691162,7.39111328125
996,1.2450000212993473e-05,0.36402255296707153,48.28169250488281,38.26406478881836,72.3811264038086,57.36328125,7.307724952697754,0.014664888381958008,7.0025634765625
997,1.246250030817464e-05,0.23772214353084564,0.9457706212997437,0.7495393753051758,72.3811264038086,57.36328125,7.694107532501221,0.009992241859436035,7.1861572265625
998,1.2475000403355807e-05,0.36426904797554016,50.01777648925781,39.63994216918945,72.3811264038086,57.36328125,7.2792253494262695,0.0103987455368042,6.95361328125
999,1.2487499589042272e-05,0.5331820249557495,46.75641632080078,37.055259704589844,72.3811264038086,57.36328125,7.733339786529541,0.010117053985595703,7.4295654296875
1000,1.249999968422344e-05,0.18427960574626923,51.07490921020508,40.47773742675781,72.3811264038086,57.36328125,8.184381484985352,0.009738922119140625,6.8848876953125
1001,1.2512499779404607e-05,0.3925158977508545,44.83417892456055,35.53185272216797,72.3811264038086,57.36328125,7.49088191986084,0.007856607437133789,7.0220947265625
1002,1.2524999874585774e-05,0.18654243648052216,3.6289196014404297,2.875980854034424,72.3811264038086,57.36328125,6.234478950500488,0.010082483291625977,7.337646484375
1003,1.2537499969766941e-05,0.5043758749961853,39.96018981933594,31.669132232666016,72.3811264038086,57.36328125,6.9362006187438965,0.010892987251281738,6.9849853515625
1004,1.2550000064948108e-05,0.6094223856925964,10.22559928894043,8.103961944580078,72.3811264038086,57.36328125,8.719255447387695,0.011312365531921387,6.930908203125
1005,1.2562500160129275e-05,0.21403853595256805,49.80778503417969,39.4735221862793,72.3811264038086,57.36328125,7.521877765655518,0.011536836624145508,6.7353515625
1006,1.2575000255310442e-05,0.3186752498149872,47.02329635620117,37.26676559448242,72.3811264038086,57.36328125,6.019536018371582,0.011520206928253174,7.3092041015625
1007,1.258750035049161e-05,0.28854089975357056,9.500585556030273,7.52937650680542,72.3811264038086,57.36328125,6.492105007171631,0.010666847229003906,7.2294921875
1008,1.2600000445672777e-05,0.26245298981666565,11.125727653503418,8.817329406738281,72.3811264038086,57.36328125,7.114303112030029,0.011276006698608398,6.330810546875
1009,1.2612499631359242e-05,0.3861857056617737,35.603431701660156,28.216327667236328,72.3811264038086,57.36328125,7.1320414543151855,0.009549379348754883,7.2098388671875
1010,1.2624999726540409e-05,0.1945819854736328,57.31340026855469,45.42184829711914,72.3811264038086,57.36328125,5.701382160186768,0.010143041610717773,7.24462890625
1011,1.2637499821721576e-05,0.41580963134765625,51.29027557373047,40.64842224121094,72.3811264038086,57.36328125,10.077433586120605,0.007613480091094971,7.317626953125
1012,1.2649999916902743e-05,0.31017881631851196,61.7198600769043,48.91404342651367,72.3811264038086,57.36328125,6.326842784881592,0.01395571231842041,7.196533203125
1013,1.266250001208391e-05,0.25007113814353943,3.8191070556640625,3.026707649230957,72.3811264038086,57.36328125,6.277700424194336,0.010328531265258789,7.1641845703125
1014,1.2675000107265078e-05,0.37574610114097595,45.578060150146484,36.12139129638672,72.3811264038086,57.36328125,7.174166679382324,0.011543750762939453,6.796875
1015,1.2687500202446245e-05,0.1707940399646759,52.376983642578125,41.5096549987793,72.3811264038086,57.36328125,8.484623908996582,0.009857654571533203,7.248291015625
1016,1.2700000297627412e-05,0.2162812203168869,35.79780197143555,28.370370864868164,72.3811264038086,57.36328125,8.062640190124512,0.010900020599365234,7.0806884765625
1017,1.2712500392808579e-05,0.3108631670475006,49.89912414550781,39.5459098815918,72.3811264038086,57.36328125,5.698723316192627,0.011099934577941895,6.9046630859375
1018,1.2724999578495044e-05,0.48491036891937256,29.870052337646484,23.672527313232422,72.3811264038086,57.36328125,6.280028820037842,0.011215567588806152,7.1419677734375
1019,1.2737499673676211e-05,0.2113073766231537,0.987731397151947,0.7827939987182617,72.3811264038086,57.36328125,6.238550186157227,0.009553909301757812,6.840576171875
1020,1.2749999768857379e-05,0.39543554186820984,24.851551055908203,19.69527816772461,72.3811264038086,57.36328125,6.344447135925293,0.011182785034179688,6.7852783203125
1021,1.2762499864038546e-05,0.37313705682754517,38.86301040649414,30.799598693847656,72.3811264038086,57.36328125,11.984905242919922,0.009901046752929688,6.9215087890625
1022,1.2774999959219713e-05,0.20524029433727264,47.18504333496094,37.39495086669922,72.3811264038086,57.36328125,7.530529499053955,0.012341141700744629,7.1864013671875
1023,1.278750005440088e-05,0.4306844174861908,50.87079620361328,40.315975189208984,72.3811264038086,57.36328125,7.298924922943115,0.007042050361633301,7.4129638671875
1024,1.2800000149582047e-05,0.5435383319854736,55.88096618652344,44.28662109375,72.3811264038086,57.36328125,6.178311824798584,0.007780671119689941,7.483642578125
1025,1.2812500244763214e-05,0.37426868081092834,50.75275802612305,40.22242736816406,72.3811264038086,57.36328125,7.792442321777344,0.013228178024291992,6.5924072265625
1026,1.2825000339944381e-05,0.20690417289733887,10.833822250366211,8.585988998413086,72.3811264038086,57.36328125,5.24043083190918,0.013141155242919922,6.5333251953125
1027,1.2837500435125548e-05,0.3606520891189575,31.405736923217773,24.889583587646484,72.3811264038086,57.36328125,5.382336139678955,0.01126176118850708,7.2845458984375
1028,1.2849999620812014e-05,0.24168242514133453,11.450260162353516,9.0745267868042,72.3811264038086,57.36328125,5.595009803771973,0.013581514358520508,6.751220703125
1029,1.2862499715993181e-05,0.43191972374916077,0.9222313165664673,0.7308840751647949,72.3811264038086,57.36328125,7.444364547729492,0.013030767440795898,6.791748046875
1030,1.2874999811174348e-05,0.6452572345733643,54.21989440917969,42.970191955566406,72.3811264038086,57.36328125,6.732889652252197,0.011958599090576172,6.985107421875
1031,1.2887499906355515e-05,0.3856334388256073,43.513916015625,34.48551940917969,72.3811264038086,57.36328125,5.115559101104736,0.010871827602386475,6.9378662109375
1032,1.2900000001536682e-05,0.35846859216690063,48.70154571533203,38.59680938720703,72.3811264038086,57.36328125,7.6718831062316895,0.010908007621765137,7.1268310546875
1033,1.291250009671785e-05,0.6228275299072266,54.64102554321289,43.3039436340332,72.3811264038086,57.36328125,7.720032691955566,0.011731624603271484,7.561279296875
1034,1.2925000191899016e-05,0.24879400432109833,4.231291770935059,3.3533711433410645,72.3811264038086,57.36328125,5.774293899536133,0.011109232902526855,7.7724609375
1035,1.2937500287080184e-05,0.4999731183052063,47.799720764160156,37.88209533691406,72.3811264038086,57.36328125,9.267248153686523,0.0104522705078125,7.2069091796875
1036,1.295000038226135e-05,0.3738385736942291,56.985843658447266,45.162254333496094,72.3811264038086,57.36328125,7.469430446624756,0.010048985481262207,7.1527099609375
1037,1.2962499567947816e-05,0.3436802923679352,36.441917419433594,28.880842208862305,72.3811264038086,57.36328125,7.0817742347717285,0.010185599327087402,6.8641357421875
1038,1.2974999663128983e-05,0.5843595266342163,38.506019592285156,30.516679763793945,72.3811264038086,57.36328125,7.355166912078857,0.009151101112365723,6.643798828125
1039,1.298749975831015e-05,0.32316213846206665,52.94083786010742,41.956520080566406,72.3811264038086,57.36328125,5.746439456939697,0.014782905578613281,7.243896484375
1040,1.2999999853491317e-05,0.29619234800338745,43.42189025878906,34.41259002685547,72.3811264038086,57.36328125,5.180615425109863,0.010546445846557617,6.918212890625
1041,1.3012499948672485e-05,0.38000497221946716,43.78843688964844,34.70308303833008,72.3811264038086,57.36328125,7.102818489074707,0.010916948318481445,7.32080078125
1042,1.3025000043853652e-05,0.24464188516139984,36.039058685302734,28.561569213867188,72.3811264038086,57.36328125,8.176602363586426,0.010178208351135254,6.8131103515625
1043,1.3037500139034819e-05,0.22539043426513672,37.45297622680664,29.682125091552734,72.3811264038086,57.36328125,6.329329490661621,0.01004493236541748,7.3792724609375
1044,1.3050000234215986e-05,0.19703620672225952,43.89248275756836,34.785545349121094,72.3811264038086,57.36328125,5.92855167388916,0.008882880210876465,7.0570068359375
1045,1.3062500329397153e-05,0.3863692283630371,47.416725158691406,37.57856750488281,72.3811264038086,57.36328125,5.965353012084961,0.011115789413452148,7.0726318359375
1046,1.307500042457832e-05,0.41515862941741943,46.19206619262695,36.608001708984375,72.3811264038086,57.36328125,7.956690788269043,0.010388731956481934,7.2569580078125
1047,1.3087499610264786e-05,0.23024670779705048,33.190608978271484,26.304122924804688,72.3811264038086,57.36328125,6.582960605621338,0.009660542011260986,7.317138671875
1048,1.3099999705445953e-05,0.2444726526737213,47.50843048095703,37.6512451171875,72.3811264038086,57.36328125,6.252763271331787,0.009937047958374023,7.1798095703125
1049,1.311249980062712e-05,0.2107103168964386,56.918643951416016,45.1089973449707,72.3811264038086,57.36328125,7.60953950881958,0.011732757091522217,6.4769287109375
1050,1.3124999895808287e-05,0.28431257605552673,54.6581916809082,43.31755065917969,72.3811264038086,57.36328125,6.877277374267578,0.0121992826461792,7.0782470703125
1051,1.3137499990989454e-05,0.2612766921520233,59.567222595214844,47.20804214477539,72.3811264038086,57.36328125,5.961634635925293,0.009432077407836914,7.0595703125
1052,1.3150000086170621e-05,0.21932269632816315,10.92859935760498,8.661102294921875,72.3811264038086,57.36328125,6.7931928634643555,0.010815262794494629,6.880615234375
1053,1.3162500181351788e-05,0.20235081017017365,48.0186767578125,38.05562210083008,72.3811264038086,57.36328125,5.846888065338135,0.010364174842834473,7.3885498046875
1054,1.3175000276532955e-05,0.17911848425865173,44.759971618652344,35.47304153442383,72.3811264038086,57.36328125,5.7856669425964355,0.011256694793701172,7.1654052734375
1055,1.3187500371714123e-05,0.2124096155166626,19.67283058166504,15.591054916381836,72.3811264038086,57.36328125,5.897005081176758,0.008248209953308105,7.4962158203125
1056,1.3199999557400588e-05,0.18363559246063232,9.887548446655273,7.836050987243652,72.3811264038086,57.36328125,6.761849880218506,0.01051110029220581,6.9979248046875
1057,1.3212499652581755e-05,0.18962830305099487,56.2905158996582,44.6111946105957,72.3811264038086,57.36328125,8.116561889648438,0.010767936706542969,7.2274169921875
1058,1.3224999747762922e-05,0.22320649027824402,4.1610260009765625,3.2976841926574707,72.3811264038086,57.36328125,7.307334899902344,0.009221553802490234,6.9456787109375
1059,1.323749984294409e-05,0.21961970627307892,48.06108093261719,38.08922576904297,72.3811264038086,57.36328125,6.328090190887451,0.009197115898132324,7.345947265625
1060,1.3249999938125256e-05,0.17574355006217957,46.138858795166016,36.565834045410156,72.3811264038086,57.36328125,6.925467014312744,0.008423924446105957,6.856201171875
1061,1.3262500033306424e-05,0.19553402066230774,1.0022690296173096,0.7943153381347656,72.3811264038086,57.36328125,8.429847717285156,0.009303450584411621,7.0263671875
1062,1.327500012848759e-05,0.24578137695789337,4.474610328674316,3.5462050437927246,72.3811264038086,57.36328125,8.516204833984375,0.007824182510375977,7.3970947265625
1063,1.3287500223668758e-05,0.18825334310531616,48.57979965209961,38.50032043457031,72.3811264038086,57.36328125,5.682192802429199,0.009361505508422852,6.929931640625
1064,1.3300000318849925e-05,0.19756993651390076,47.455989837646484,37.609683990478516,72.3811264038086,57.36328125,8.490509033203125,0.008542180061340332,6.976318359375
1065,1.3312500414031092e-05,0.19226990640163422,45.68660354614258,36.20741653442383,72.3811264038086,57.36328125,7.7617974281311035,0.011867523193359375,6.7066650390625
1066,1.3324999599717557e-05,0.18336482346057892,50.57704162597656,40.08317184448242,72.3811264038086,57.36328125,7.193297863006592,0.008692920207977295,7.20849609375
1067,1.3337499694898725e-05,0.19411973655223846,41.22806930541992,32.6739501953125,72.3811264038086,57.36328125,8.64628791809082,0.008860111236572266,7.2679443359375
1068,1.3349999790079892e-05,0.18774178624153137,24.856027603149414,19.69882583618164,72.3811264038086,57.36328125,7.8612446784973145,0.012096047401428223,6.3209228515625
1069,1.3362499885261059e-05,0.16405662894248962,44.23642349243164,35.05812454223633,72.3811264038086,57.36328125,8.723907470703125,0.00899970531463623,7.2080078125
1070,1.3374999980442226e-05,0.17238718271255493,23.850650787353516,18.902048110961914,72.3811264038086,57.36328125,6.070218086242676,0.008072733879089355,7.2001953125
1071,1.3387500075623393e-05,0.20572680234909058,55.02395248413086,43.607421875,72.3811264038086,57.36328125,7.841033935546875,0.010208845138549805,7.32958984375
1072,1.340000017080456e-05,0.20074424147605896,53.05732345581055,42.04883575439453,72.3811264038086,57.36328125,6.541249752044678,0.009508132934570312,7.1810302734375
1073,1.3412500265985727e-05,0.1620042622089386,48.335758209228516,38.306915283203125,72.3811264038086,57.36328125,8.204116821289062,0.012647628784179688,7.160400390625
1074,1.3425000361166894e-05,0.16754254698753357,22.800081253051758,18.069454193115234,72.3811264038086,57.36328125,7.269591331481934,0.010202288627624512,6.8004150390625
1075,1.343749954685336e-05,0.1970154345035553,1.0166430473327637,0.8057069778442383,72.3811264038086,57.36328125,5.682409763336182,0.00939708948135376,7.228271484375
1076,1.3449999642034527e-05,0.20099914073944092,24.580774307250977,19.480684280395508,72.3811264038086,57.36328125,8.032209396362305,0.011128723621368408,6.93701171875
1077,1.3462499737215694e-05,0.2055286020040512,43.542545318603516,34.508209228515625,72.3811264038086,57.36328125,9.187557220458984,0.009148120880126953,6.7684326171875
1078,1.3474999832396861e-05,0.17415457963943481,39.699440002441406,31.462486267089844,72.3811264038086,57.36328125,8.902700424194336,0.0087357759475708,7.0506591796875
1079,1.3487499927578028e-05,0.34232720732688904,4.246405124664307,3.3653488159179688,72.3811264038086,57.36328125,5.517761707305908,0.01037663221359253,6.828857421875
1080,1.3500000022759195e-05,0.3647324740886688,63.96406555175781,50.6926155090332,72.3811264038086,57.36328125,8.682734489440918,0.01091921329498291,6.822021484375
1081,1.3512500117940363e-05,0.19924363493919373,33.277591705322266,26.373062133789062,72.3811264038086,57.36328125,14.311685562133789,0.010282039642333984,6.890625
1082,1.352500021312153e-05,0.28404852747917175,51.95172882080078,41.17263412475586,72.3811264038086,57.36328125,6.242895603179932,0.016710638999938965,7.1097412109375
1083,1.3537500308302697e-05,0.2557254135608673,48.767581939697266,38.64914321899414,72.3811264038086,57.36328125,4.746729850769043,0.009305477142333984,7.421630859375
1084,1.3550000403483864e-05,0.6252813339233398,36.05729293823242,28.57602310180664,72.3811264038086,57.36328125,5.883581161499023,0.007444500923156738,7.5018310546875
1085,1.356249958917033e-05,0.6089727282524109,11.08354663848877,8.783900260925293,72.3811264038086,57.36328125,5.795567989349365,0.012328743934631348,6.5286865234375
1086,1.3574999684351496e-05,0.1885680854320526,33.73384475708008,26.734649658203125,72.3811264038086,57.36328125,7.368408679962158,0.01130223274230957,6.51025390625
1087,1.3587499779532664e-05,0.4010080099105835,51.56789016723633,40.86843490600586,72.3811264038086,57.36328125,7.265588283538818,0.008809447288513184,7.2344970703125
1088,1.359999987471383e-05,0.4854069650173187,45.6233024597168,36.157249450683594,72.3811264038086,57.36328125,7.600677967071533,0.01206827163696289,6.81298828125
1089,1.3612499969894998e-05,0.28865987062454224,0.9569322466850281,0.758385181427002,72.3811264038086,57.36328125,6.333494663238525,0.008904755115509033,6.8948974609375
1090,1.3625000065076165e-05,0.25913727283477783,41.21955871582031,32.667205810546875,72.3811264038086,57.36328125,8.12959098815918,0.010044753551483154,6.9656982421875
1091,1.3637500160257332e-05,0.19845819473266602,39.256771087646484,31.11166000366211,72.3811264038086,57.36328125,5.947291374206543,0.010791897773742676,6.9241943359375
1092,1.3650000255438499e-05,0.27143824100494385,3.923269510269165,3.1092581748962402,72.3811264038086,57.36328125,7.042367935180664,0.008513450622558594,7.1036376953125
1093,1.3662500350619666e-05,0.1985393762588501,47.45212936401367,37.606624603271484,72.3811264038086,57.36328125,8.940159797668457,0.01150822639465332,7.4464111328125
1094,1.3675000445800833e-05,0.26972153782844543,48.27573013305664,38.25933837890625,72.3811264038086,57.36328125,7.527876377105713,0.008066713809967041,7.7950439453125
1095,1.3687499631487299e-05,0.25526201725006104,21.300067901611328,16.88066864013672,72.3811264038086,57.36328125,8.052858352661133,0.012413740158081055,7.1669921875
1096,1.3699999726668466e-05,0.310066282749176,1.0442581176757812,0.8275923728942871,72.3811264038086,57.36328125,5.583058834075928,0.014728784561157227,7.16162109375
1097,1.3712499821849633e-05,0.40484195947647095,56.63803482055664,44.88661193847656,72.3811264038086,57.36328125,5.554419994354248,0.012308359146118164,6.73828125
1098,1.37249999170308e-05,0.22736096382141113,17.943862915039062,14.220817565917969,72.3811264038086,57.36328125,7.54311990737915,0.010185956954956055,6.6114501953125
1099,1.3737500012211967e-05,0.2481313943862915,39.640228271484375,31.415557861328125,72.3811264038086,57.36328125,6.669965744018555,0.010172665119171143,7.18017578125
1100,1.3750000107393134e-05,0.22649380564689636,3.7226719856262207,2.9502811431884766,72.3811264038086,57.36328125,5.400435924530029,0.009980559349060059,6.837158203125
1101,1.3762500202574302e-05,0.22755582630634308,51.025306701660156,40.43842697143555,72.3811264038086,57.36328125,7.354331016540527,0.008289515972137451,7.147705078125
1102,1.3775000297755469e-05,0.2036382406949997,61.41464614868164,48.672157287597656,72.3811264038086,57.36328125,8.9849214553833,0.009953737258911133,6.74267578125
1103,1.3787500392936636e-05,0.1824827641248703,47.28956985473633,37.47779083251953,72.3811264038086,57.36328125,5.419519424438477,0.008136928081512451,7.3536376953125
1104,1.3799999578623101e-05,0.1800101399421692,11.087018013000488,8.786651611328125,72.3811264038086,57.36328125,7.31472110748291,0.009742558002471924,7.066650390625
1105,1.3812499673804268e-05,0.21383021771907806,54.17660140991211,42.935882568359375,72.3811264038086,57.36328125,8.116168022155762,0.008330345153808594,7.035888671875
1106,1.3824999768985435e-05,0.19348730146884918,47.757354736328125,37.8485221862793,72.3811264038086,57.36328125,5.511063098907471,0.010593771934509277,7.1478271484375
1107,1.3837499864166602e-05,0.19348524510860443,37.54602813720703,29.75586700439453,72.3811264038086,57.36328125,6.31845760345459,0.008940696716308594,7.18212890625
1108,1.384999995934777e-05,0.1792876273393631,36.478065490722656,28.909488677978516,72.3811264038086,57.36328125,5.827962875366211,0.00952082872390747,7.2205810546875
1109,1.3862500054528937e-05,0.16967830061912537,23.073749542236328,18.286340713500977,72.3811264038086,57.36328125,5.891199111938477,0.010657787322998047,6.4383544921875
1110,1.3875000149710104e-05,0.1949429214000702,42.04206085205078,33.319053649902344,72.3811264038086,57.36328125,7.147737979888916,0.011663079261779785,7.0594482421875
1111,1.3887500244891271e-05,0.1778419464826584,9.725543022155762,7.707658767700195,72.3811264038086,57.36328125,6.020204067230225,0.007857918739318848,6.9227294921875
1112,1.3900000340072438e-05,0.1660032570362091,42.88266372680664,33.98524475097656,72.3811264038086,57.36328125,6.774925708770752,0.011169731616973877,6.78466796875
1113,1.3912500435253605e-05,0.1763792186975479,3.82195782661438,3.0289669036865234,72.3811264038086,57.36328125,6.590903282165527,0.008036375045776367,7.392333984375
1114,1.392499962094007e-05,0.2318015694618225,11.26313591003418,8.926227569580078,72.3811264038086,57.36328125,6.208479881286621,0.009852230548858643,7.1182861328125
1115,1.3937499716121238e-05,0.3876107931137085,49.38448715209961,39.1380500793457,72.3811264038086,57.36328125,4.851041316986084,0.007822394371032715,7.497802734375
1116,1.3949999811302405e-05,0.2302475869655609,45.741172790527344,36.25066375732422,72.3811264038086,57.36328125,6.113598823547363,0.00772702693939209,7.04541015625
1117,1.3962499906483572e-05,0.3691302239894867,17.384689331054688,13.77766227722168,72.3811264038086,57.36328125,6.551697254180908,0.007753849029541016,7.1800537109375
1118,1.3975000001664739e-05,0.5528785586357117,55.76899337768555,44.197879791259766,72.3811264038086,57.36328125,5.9397382736206055,0.008171141147613525,6.990234375
1119,1.3987500096845906e-05,0.26701176166534424,21.671607971191406,17.175121307373047,72.3811264038086,57.36328125,7.76024866104126,0.008781075477600098,7.2642822265625
1120,1.4000000192027073e-05,0.5171853303909302,48.016746520996094,38.05409240722656,72.3811264038086,57.36328125,7.1907243728637695,0.007711648941040039,6.86083984375
1121,1.401250028720824e-05,0.8621564507484436,46.09452819824219,36.53070068359375,72.3811264038086,57.36328125,5.717073440551758,0.008825898170471191,7.141845703125
1122,1.4025000382389408e-05,0.4269822835922241,57.61919403076172,45.6641960144043,72.3811264038086,57.36328125,5.620483875274658,0.00856626033782959,7.37646484375
1123,1.4037499568075873e-05,0.3878732919692993,33.22578811645508,26.33200454711914,72.3811264038086,57.36328125,6.4440693855285645,0.009687423706054688,6.9510498046875
1124,1.404999966325704e-05,0.5027804970741272,50.669654846191406,40.15656661987305,72.3811264038086,57.36328125,5.7288432121276855,0.01109468936920166,6.81494140625
1125,1.4062499758438207e-05,0.2520166039466858,22.529117584228516,17.854711532592773,72.3811264038086,57.36328125,6.352839946746826,0.010700702667236328,6.6881103515625
1126,1.4074999853619374e-05,0.6322226524353027,4.258376121520996,3.374835968017578,72.3811264038086,57.36328125,6.182023048400879,0.00892782211303711,7.2269287109375
1127,1.4087499948800541e-05,0.4501669704914093,42.355716705322266,33.567626953125,72.3811264038086,57.36328125,6.890316009521484,0.008255958557128906,7.23681640625
1128,1.4100000043981709e-05,0.216343954205513,51.87477111816406,41.11164093017578,72.3811264038086,57.36328125,6.995219707489014,0.010296940803527832,6.30322265625
1129,1.4112500139162876e-05,0.264962762594223,4.127430438995361,3.271059036254883,72.3811264038086,57.36328125,7.585278034210205,0.012660026550292969,7.2120361328125
1130,1.4125000234344043e-05,0.18413086235523224,11.856691360473633,9.39663028717041,72.3811264038086,57.36328125,4.8506388664245605,0.010379791259765625,7.2095947265625
1131,1.413750032952521e-05,0.22640904784202576,4.036891937255859,3.199306011199951,72.3811264038086,57.36328125,6.145905017852783,0.008614897727966309,7.187255859375
1132,1.4150000424706377e-05,0.23037517070770264,40.605125427246094,32.18025588989258,72.3811264038086,57.36328125,6.004565238952637,0.010265946388244629,7.1593017578125
1133,1.4162499610392842e-05,0.2828344404697418,60.224403381347656,47.7288703918457,72.3811264038086,57.36328125,7.964829444885254,0.008599638938903809,7.0712890625
1134,1.417499970557401e-05,0.33019402623176575,50.58095932006836,40.086273193359375,72.3811264038086,57.36328125,6.878458023071289,0.010197281837463379,6.8226318359375
1135,1.4187499800755177e-05,0.24618610739707947,45.75398635864258,36.26081848144531,72.3811264038086,57.36328125,7.1605095863342285,0.008544743061065674,7.34130859375
1136,1.4199999895936344e-05,0.192269966006279,35.16315460205078,27.867401123046875,72.3811264038086,57.36328125,5.819191932678223,0.00982600450515747,6.9854736328125
1137,1.4212499991117511e-05,0.2744552791118622,46.267189025878906,36.667537689208984,72.3811264038086,57.36328125,6.394381999969482,0.010325789451599121,6.7381591796875
1138,1.4225000086298678e-05,0.30240026116371155,45.56233215332031,36.108924865722656,72.3811264038086,57.36328125,7.0036940574646,0.006891965866088867,7.00537109375
1139,1.4237500181479845e-05,0.17829909920692444,10.564484596252441,8.37253475189209,72.3811264038086,57.36328125,5.632208347320557,0.011303901672363281,6.88623046875
1140,1.4250000276661012e-05,0.3568975329399109,57.72825622558594,45.75062942504883,72.3811264038086,57.36328125,6.596102237701416,0.009962201118469238,6.8126220703125
1141,1.426250037184218e-05,0.3678373396396637,10.204354286193848,8.087125778198242,72.3811264038086,57.36328125,12.989961624145508,0.012428998947143555,6.845458984375
1142,1.4274999557528645e-05,0.2483818680047989,21.881235122680664,17.34125328063965,72.3811264038086,57.36328125,6.301637172698975,0.00976186990737915,7.0869140625
1143,1.4287499652709812e-05,0.1807442605495453,43.072330474853516,34.135555267333984,72.3811264038086,57.36328125,6.298101902008057,0.008895397186279297,7.36328125
1144,1.4299999747890979e-05,0.1962621659040451,55.010353088378906,43.59664535522461,72.3811264038086,57.36328125,7.277750015258789,0.010444164276123047,7.478515625
1145,1.4312499843072146e-05,0.18633925914764404,0.9713513851165771,0.7698125839233398,72.3811264038086,57.36328125,6.046386241912842,0.012540578842163086,6.53466796875
1146,1.4324999938253313e-05,0.22226978838443756,1.052254319190979,0.8339295387268066,72.3811264038086,57.36328125,5.084747314453125,0.008668780326843262,6.5189208984375
1147,1.433750003343448e-05,0.16044403612613678,48.95808029174805,38.80011749267578,72.3811264038086,57.36328125,6.023703098297119,0.009710431098937988,7.18310546875
1148,1.4350000128615648e-05,0.4139775335788727,21.57801055908203,17.100942611694336,72.3811264038086,57.36328125,6.177433967590332,0.01043403148651123,6.805908203125
1149,1.4362500223796815e-05,0.559552013874054,46.96806335449219,37.222991943359375,72.3811264038086,57.36328125,6.6285014152526855,0.006950020790100098,7.0230712890625
1150,1.4375000318977982e-05,0.2268984019756317,22.25032615661621,17.633764266967773,72.3811264038086,57.36328125,6.042536735534668,0.008878231048583984,6.95556640625
1151,1.4387500414159149e-05,0.43245837092399597,1.0051281452178955,0.7965812683105469,72.3811264038086,57.36328125,8.533672332763672,0.00973975658416748,6.82080078125
1152,1.4399999599845614e-05,0.5046471953392029,44.69394302368164,35.42071533203125,72.3811264038086,57.36328125,7.167448997497559,0.006929516792297363,7.15625
1153,1.4412499695026781e-05,0.18287619948387146,56.210208892822266,44.547550201416016,72.3811264038086,57.36328125,6.187022686004639,0.009270787239074707,7.4315185546875
1154,1.4424999790207949e-05,0.37453794479370117,49.480857849121094,39.21442413330078,72.3811264038086,57.36328125,7.434947967529297,0.008358001708984375,7.6768798828125
1155,1.4437499885389116e-05,0.3068417012691498,10.874776840209961,8.618446350097656,72.3811264038086,57.36328125,7.316798210144043,0.008444070816040039,7.1822509765625
1156,1.4449999980570283e-05,0.2658848464488983,40.56833267211914,32.15109634399414,72.3811264038086,57.36328125,6.354557514190674,0.005618691444396973,7.259765625
1157,1.446250007575145e-05,0.48256364464759827,35.471073150634766,28.111433029174805,72.3811264038086,57.36328125,7.483302116394043,0.008083522319793701,6.70751953125
1158,1.4475000170932617e-05,0.200837641954422,52.735939025878906,41.794132232666016,72.3811264038086,57.36328125,6.720547199249268,0.012095212936401367,6.4986572265625
1159,1.4487500266113784e-05,0.5756019949913025,1.0708255767822266,0.8486475944519043,72.3811264038086,57.36328125,6.264598369598389,0.008657574653625488,7.128173828125
1160,1.4500000361294951e-05,0.5461958050727844,1.0255435705184937,0.8127608299255371,72.3811264038086,57.36328125,7.632241725921631,0.008722662925720215,6.78515625
1161,1.4512499546981417e-05,0.16113311052322388,39.809913635253906,31.550037384033203,72.3811264038086,57.36328125,6.339893341064453,0.009247362613677979,7.112548828125
1162,1.4524999642162584e-05,0.5452330112457275,45.438472747802734,36.010765075683594,72.3811264038086,57.36328125,5.73125696182251,0.010391592979431152,6.6942138671875
1163,1.4537499737343751e-05,0.5980024337768555,10.595955848693848,8.397476196289062,72.3811264038086,57.36328125,6.576090335845947,0.009671270847320557,7.306884765625
1164,1.4549999832524918e-05,0.24821025133132935,10.326349258422852,8.183808326721191,72.3811264038086,57.36328125,5.930822849273682,0.010187864303588867,7.028076171875
1165,1.4562499927706085e-05,0.551939070224762,40.670326232910156,32.231929779052734,72.3811264038086,57.36328125,6.889375686645508,0.007616996765136719,7.046630859375
1166,1.4575000022887252e-05,0.7236906886100769,47.53252410888672,37.67033767700195,72.3811264038086,57.36328125,6.966076374053955,0.010881423950195312,7.1064453125
1167,1.458750011806842e-05,0.2296588271856308,48.27878189086914,38.261756896972656,72.3811264038086,57.36328125,8.523085594177246,0.007535219192504883,7.165771484375
1168,1.4600000213249587e-05,0.5248478651046753,44.541786193847656,35.30012512207031,72.3811264038086,57.36328125,7.101503372192383,0.009222030639648438,7.2177734375
1169,1.4612500308430754e-05,0.6272176504135132,39.68901824951172,31.4542236328125,72.3811264038086,57.36328125,6.402898788452148,0.010357320308685303,6.4578857421875
1170,1.462500040361192e-05,0.18792231380939484,53.93101501464844,42.74125289916992,72.3811264038086,57.36328125,6.0237603187561035,0.01178133487701416,7.019775390625
1171,1.4637499589298386e-05,0.55890953540802,0.9182079434394836,0.7276954650878906,72.40084075927734,57.37890625,4.917627334594727,0.007684290409088135,6.912109375
1172,1.4649999684479553e-05,0.722021222114563,52.40348434448242,41.53065872192383,72.40084075927734,57.37890625,6.4144368171691895,0.009893059730529785,6.7618408203125
1173,1.466249977966072e-05,0.39997774362564087,43.77123260498047,34.689449310302734,72.40084075927734,57.37890625,9.474316596984863,0.010872364044189453,7.4317626953125
1174,1.4674999874841888e-05,0.32853978872299194,38.65380096435547,30.63379669189453,72.40084075927734,57.37890625,7.748623847961426,0.010412395000457764,7.1580810546875
1175,1.4687499970023055e-05,0.5896061658859253,57.14025115966797,45.28462600708008,72.40084075927734,57.37890625,7.715427398681641,0.008678078651428223,7.468017578125
1176,1.4700000065204222e-05,0.3922610878944397,48.53778076171875,38.467018127441406,72.40084075927734,57.37890625,7.524660587310791,0.00767207145690918,6.958740234375
1177,1.4712500160385389e-05,0.27686184644699097,57.72193908691406,45.74562454223633,72.40084075927734,57.37890625,6.901840686798096,0.008551836013793945,7.119140625
1178,1.4725000255566556e-05,0.734732985496521,10.43927001953125,8.273300170898438,72.40084075927734,57.37890625,5.598023891448975,0.011008739471435547,6.9638671875
1179,1.4737500350747723e-05,0.6565375924110413,24.28774642944336,19.248455047607422,72.40084075927734,57.37890625,6.314584732055664,0.00747305154800415,7.201171875
1180,1.475000044592889e-05,0.20450526475906372,45.704010009765625,36.22120666503906,72.40084075927734,57.37890625,7.064401149749756,0.010338425636291504,6.8388671875
1181,1.4762499631615356e-05,0.5859596729278564,55.39025115966797,43.89772033691406,72.40084075927734,57.37890625,7.914405822753906,0.007539153099060059,7.1370849609375
1182,1.4774999726796523e-05,0.5656089186668396,48.48019790649414,38.42138671875,72.40084075927734,57.37890625,8.30112075805664,0.007209718227386475,7.3392333984375
1183,1.478749982197769e-05,0.16944526135921478,54.607547760009766,43.27741622924805,72.40084075927734,57.37890625,7.260829925537109,0.007955849170684814,6.9034423828125
1184,1.4799999917158857e-05,0.5475632548332214,41.46900939941406,32.864898681640625,72.40084075927734,57.37890625,7.948831081390381,0.011207818984985352,6.826416015625
1185,1.4812500012340024e-05,0.3955284059047699,4.064133644104004,3.220895290374756,72.40084075927734,57.37890625,7.747946262359619,0.009175419807434082,6.706298828125
1186,1.4825000107521191e-05,0.32389551401138306,36.50387191772461,28.929943084716797,72.40084075927734,57.37890625,7.42139196395874,0.006522417068481445,7.1990966796875
1187,1.4837500202702358e-05,0.630135178565979,41.8236198425293,33.14593505859375,72.40084075927734,57.37890625,7.047930717468262,0.0085793137550354,7.1513671875
1188,1.4850000297883525e-05,0.34059128165245056,0.9388706088066101,0.7440710067749023,72.40084075927734,57.37890625,6.235012531280518,0.01348644495010376,6.27783203125
1189,1.4862500393064693e-05,0.3209066689014435,59.57843780517578,47.2169303894043,72.40084075927734,57.37890625,6.318779945373535,0.006902158260345459,7.2618408203125
1190,1.4874999578751158e-05,0.6426133513450623,45.75075912475586,36.25825881958008,72.40084075927734,57.37890625,5.923333168029785,0.007019400596618652,7.221435546875
1191,1.4887499673932325e-05,0.5325856804847717,4.136999130249023,3.2786426544189453,72.40084075927734,57.37890625,6.738986492156982,0.008898377418518066,7.191650390625
1192,1.4899999769113492e-05,0.2378561645746231,4.560784816741943,3.614500045776367,72.40084075927734,57.37890625,7.1669416427612305,0.007626712322235107,7.0203857421875
1193,1.491249986429466e-05,0.4373929500579834,45.44850158691406,36.018714904785156,72.40084075927734,57.37890625,6.92287015914917,0.007699131965637207,7.087646484375
1194,1.4924999959475826e-05,0.21091191470623016,56.506683349609375,44.78251266479492,72.40084075927734,57.37890625,9.4363374710083,0.007080137729644775,6.799072265625
1195,1.4937500054656994e-05,0.5974856019020081,43.28290557861328,34.30244064331055,72.40084075927734,57.37890625,6.562690258026123,0.006974220275878906,7.32421875
1196,1.495000014983816e-05,0.7001017928123474,56.981109619140625,45.158504486083984,72.40084075927734,57.37890625,6.986033916473389,0.009690523147583008,6.97509765625
1197,1.4962500245019328e-05,0.2781440317630768,0.9563937783241272,0.7579584121704102,72.40084075927734,57.37890625,6.272521018981934,0.00798487663269043,6.66064453125
1198,1.4975000340200495e-05,0.4731886386871338,50.43931579589844,39.974021911621094,72.40084075927734,57.37890625,5.4982099533081055,0.0117264986038208,6.9266357421875
1199,1.4987500435381662e-05,0.5026037693023682,49.234764099121094,39.01939392089844,72.40084075927734,57.37890625,6.9601545333862305,0.0089188814163208,6.941650390625
1200,1.4999999621068127e-05,0.3092394769191742,34.033241271972656,26.971923828125,72.40084075927734,57.37890625,6.49808406829834,0.008172154426574707,6.7744140625
1201,1.5012499716249295e-05,0.7876434326171875,10.14344596862793,8.038854598999023,72.40084075927734,57.37890625,10.936307907104492,0.009273171424865723,6.8631591796875
1202,1.5024999811430462e-05,0.4805068373680115,9.505115509033203,7.532966613769531,72.40084075927734,57.37890625,5.125012397766113,0.010533571243286133,6.9638671875
1203,1.5037499906611629e-05,0.5425292253494263,19.723026275634766,15.630836486816406,72.40084075927734,57.37890625,5.23525857925415,0.00806814432144165,7.3099365234375
1204,1.5050000001792796e-05,1.113577127456665,34.5657958984375,27.393983840942383,72.40084075927734,57.37890625,7.3539018630981445,0.006046175956726074,7.4049072265625
1205,1.5062500096973963e-05,0.38422441482543945,1.0080703496932983,0.7989130020141602,72.40084075927734,57.37890625,6.765010833740234,0.011819541454315186,6.6627197265625
1206,1.507500019215513e-05,0.8730993270874023,44.4453239440918,35.22367858886719,72.40084075927734,57.37890625,6.812319278717041,0.009799957275390625,6.596923828125
1207,1.5087500287336297e-05,1.0779269933700562,3.9780569076538086,3.1526780128479004,72.40084075927734,57.37890625,7.351513862609863,0.008276820182800293,7.152099609375
1208,1.5100000382517464e-05,0.25134462118148804,23.1278133392334,18.329187393188477,72.40084075927734,57.37890625,5.665548324584961,0.00938403606414795,6.7044677734375
1209,1.511249956820393e-05,1.4889639616012573,38.66728210449219,30.644481658935547,72.40084075927734,57.37890625,8.814723014831543,0.00811988115310669,6.95068359375
1210,1.5124999663385097e-05,0.314880907535553,39.3781623840332,31.207868576049805,72.40084075927734,57.37890625,5.202616214752197,0.008755803108215332,6.96923828125
1211,1.5137499758566264e-05,0.9986525177955627,47.52642059326172,37.66550064086914,72.40084075927734,57.37890625,7.510494709014893,0.007969558238983154,6.8563232421875
1212,1.5149999853747431e-05,1.216994285583496,44.83197021484375,35.53010177612305,72.40084075927734,57.37890625,7.883265972137451,0.009855866432189941,7.1744384765625
1213,1.5162499948928598e-05,0.2355712503194809,44.93244934082031,35.60973358154297,72.40084075927734,57.37890625,6.034862995147705,0.006332874298095703,7.4188232421875
1214,1.5175000044109765e-05,0.915240466594696,44.58369445800781,35.33333969116211,72.40084075927734,57.37890625,7.330275058746338,0.007828056812286377,7.6475830078125
1215,1.5187500139290933e-05,0.5032567977905273,54.00675582885742,42.80127716064453,72.40084075927734,57.37890625,5.261863708496094,0.00810384750366211,7.202880859375
1216,1.52000002344721e-05,0.7130928039550781,10.869853019714355,8.614543914794922,72.40084075927734,57.37890625,6.559800624847412,0.006918489933013916,7.2138671875
1217,1.5212500329653267e-05,1.1035027503967285,64.1612777709961,50.84891128540039,72.40084075927734,57.37890625,7.693576335906982,0.009347498416900635,6.6361083984375
1218,1.5225000424834434e-05,0.23527094721794128,22.151958465576172,17.555805206298828,72.40084075927734,57.37890625,6.333518981933594,0.007496178150177002,6.4940185546875
1219,1.52374996105209e-05,1.3907862901687622,23.90294647216797,18.94349479675293,72.40084075927734,57.37890625,6.771795749664307,0.008152961730957031,7.2039794921875
1220,1.5249999705702066e-05,0.2626577615737915,55.05243682861328,43.62999725341797,72.40084075927734,57.37890625,7.831067085266113,0.007968664169311523,6.85986328125
1221,1.5262499800883234e-05,0.994469940662384,46.79072952270508,37.082454681396484,72.40084075927734,57.37890625,6.70784330368042,0.005872189998626709,7.134033203125
1222,1.52749998960644e-05,0.9999638199806213,48.44511795043945,38.393585205078125,72.40084075927734,57.37890625,8.738541603088379,0.011173486709594727,6.655517578125
1223,1.5287499991245568e-05,0.19566620886325836,52.412776947021484,41.538021087646484,72.40084075927734,57.37890625,5.804520606994629,0.006775021553039551,7.3258056640625
1224,1.5300000086426735e-05,0.8151429295539856,10.223823547363281,8.102554321289062,72.40084075927734,57.37890625,6.553413391113281,0.007246911525726318,7.057861328125
1225,1.5312500181607902e-05,0.6732456684112549,35.46580123901367,28.10725212097168,72.40084075927734,57.37890625,5.660130500793457,0.007948517799377441,7.0223388671875
1226,1.532500027678907e-05,0.5302373766899109,9.108357429504395,7.218528747558594,72.40084075927734,57.37890625,4.653902530670166,0.009034454822540283,7.11376953125
1227,1.5337500371970236e-05,0.9898597598075867,48.134063720703125,38.14706802368164,72.40084075927734,57.37890625,7.620421886444092,0.007130265235900879,7.0230712890625
1228,1.5350000467151403e-05,0.3336513042449951,33.365596771240234,26.44280433654785,72.40084075927734,57.37890625,8.364547729492188,0.00865626335144043,7.171142578125
1229,1.536250056233257e-05,0.5414445996284485,32.48362350463867,25.743825912475586,72.40084075927734,57.37890625,6.628149032592773,0.01057589054107666,6.4454345703125
1230,1.5375000657513738e-05,0.4179607033729553,44.46824645996094,35.24184799194336,72.40084075927734,57.37890625,7.988182067871094,0.007702946662902832,7.0050048828125
1231,1.5387500752694905e-05,0.3637235164642334,10.379776954650879,8.226150512695312,72.40084075927734,57.37890625,7.004645824432373,0.009271025657653809,7.0037841796875
1232,1.5400000847876072e-05,0.5941693782806396,44.33416748046875,35.13558578491211,72.40084075927734,57.37890625,6.736244201660156,0.006772100925445557,6.599853515625
1233,1.5412499124067836e-05,0.24276065826416016,52.59341049194336,41.681175231933594,72.40084075927734,57.37890625,5.993184566497803,0.007749795913696289,7.4195556640625
1234,1.5424999219249003e-05,0.586852490901947,0.9145088195800781,0.7247638702392578,72.40084075927734,57.37890625,6.288145065307617,0.01049816608428955,7.1810302734375
1235,1.543749931443017e-05,0.48869219422340393,0.9277191758155823,0.7352333068847656,72.40084075927734,57.37890625,4.673327922821045,0.008963584899902344,7.3990478515625
1236,1.5449999409611337e-05,0.23534239828586578,50.705177307128906,40.18471908569336,72.40084075927734,57.37890625,8.111032485961914,0.007743239402770996,6.8187255859375
1237,1.5462499504792504e-05,0.43027910590171814,53.84965515136719,42.67677307128906,72.40084075927734,57.37890625,9.098276138305664,0.007496833801269531,7.0914306640625
1238,1.547499959997367e-05,0.21033664047718048,47.65799331665039,37.769771575927734,72.40084075927734,57.37890625,6.67875862121582,0.007683873176574707,7.0107421875
1239,1.5487499695154838e-05,0.31562718749046326,47.10200500488281,37.32914352416992,72.40084075927734,57.37890625,5.566783905029297,0.00740206241607666,7.1243896484375
1240,1.5499999790336005e-05,0.30325737595558167,42.564849853515625,33.73337173461914,72.40084075927734,57.37890625,5.758494853973389,0.008985161781311035,6.8231201171875
1241,1.5512499885517173e-05,0.24820546805858612,20.068885803222656,15.90493392944336,72.40084075927734,57.37890625,4.930851459503174,0.006826639175415039,7.0772705078125
1242,1.552499998069834e-05,0.5253413915634155,39.56571578979492,31.35650634765625,72.40084075927734,57.37890625,6.817272186279297,0.006654262542724609,7.3082275390625
1243,1.5537500075879507e-05,0.3350781798362732,11.216106414794922,8.888956069946289,72.40084075927734,57.37890625,5.804616928100586,0.010695457458496094,6.92333984375
1244,1.5550000171060674e-05,0.3311486542224884,0.9599015116691589,0.7607383728027344,72.40084075927734,57.37890625,6.279191970825195,0.009338200092315674,6.8304443359375
1245,1.556250026624184e-05,0.4645502269268036,10.31272029876709,8.173007011413574,72.40084075927734,57.37890625,6.099096775054932,0.007292747497558594,6.6671142578125
1246,1.5575000361423008e-05,0.3024356961250305,4.301867485046387,3.409303665161133,72.40084075927734,57.37890625,6.481178283691406,0.008541464805603027,7.17626953125
1247,1.5587500456604175e-05,0.24889346957206726,43.394073486328125,34.39054489135742,72.40084075927734,57.37890625,5.435439109802246,0.00967097282409668,7.169189453125
1248,1.5600000551785342e-05,0.3463555872440338,19.748329162597656,15.650888442993164,72.40084075927734,57.37890625,4.8878254890441895,0.009547650814056396,6.39697265625
1249,1.561250064696651e-05,0.2314290702342987,44.59470748901367,35.34206771850586,72.40084075927734,57.37890625,7.130492687225342,0.0076514482498168945,7.144775390625
1250,1.5625000742147677e-05,0.5004618167877197,11.337352752685547,8.985045433044434,72.40084075927734,57.37890625,6.400017738342285,0.007774472236633301,7.1650390625
1251,1.5637500837328844e-05,0.3908565938472748,42.72702407836914,33.86189651489258,72.40084075927734,57.37890625,6.311858177185059,0.007504403591156006,7.251708984375
1252,1.5649999113520607e-05,0.3394954204559326,45.13904571533203,35.77346420288086,72.40084075927734,57.37890625,5.886569499969482,0.007299184799194336,7.0872802734375
1253,1.5662499208701774e-05,0.5559935569763184,20.188066482543945,15.999387741088867,72.40084075927734,57.37890625,6.43478536605835,0.008013129234313965,6.987060546875
1254,1.567499930388294e-05,0.23883271217346191,40.70256423950195,32.257476806640625,72.40084075927734,57.37890625,8.542031288146973,0.007885396480560303,6.78466796875
1255,1.568749939906411e-05,0.8352344632148743,33.88808059692383,26.856884002685547,72.40084075927734,57.37890625,7.3615007400512695,0.00852358341217041,7.3065185546875
1256,1.5699999494245276e-05,0.6751458644866943,41.0230712890625,32.5114860534668,72.40084075927734,57.37890625,7.165643215179443,0.00779414176940918,6.863037109375
1257,1.5712499589426443e-05,0.35011908411979675,21.1296443939209,16.74560546875,72.40084075927734,57.37890625,6.877974510192871,0.009267926216125488,6.7462158203125
1258,1.572499968460761e-05,1.1086164712905884,41.188392639160156,32.64250564575195,72.40084075927734,57.37890625,6.761632919311523,0.007511019706726074,6.8917236328125
1259,1.5737499779788777e-05,0.5917205214500427,24.179706573486328,19.162830352783203,72.40084075927734,57.37890625,5.484082221984863,0.007825136184692383,6.949462890625
1260,1.5749999874969944e-05,0.45226529240608215,3.99625563621521,3.1671009063720703,72.40084075927734,57.37890625,6.110509395599365,0.0091019868850708,6.753173828125
1261,1.576249997015111e-05,0.7304390668869019,25.2687931060791,20.025951385498047,72.40084075927734,57.37890625,12.726727485656738,0.006830155849456787,6.8992919921875
1262,1.577500006533228e-05,0.3126065135002136,1.0234973430633545,0.8111391067504883,72.40084075927734,57.37890625,7.260679244995117,0.008127868175506592,7.011474609375
1263,1.5787500160513446e-05,0.5734166502952576,3.952845573425293,3.132697582244873,72.40084075927734,57.37890625,7.438462734222412,0.010904312133789062,7.311767578125
1264,1.5800000255694613e-05,0.6687944531440735,4.386711597442627,3.47654390335083,72.40084075927734,57.37890625,6.553854465484619,0.005305171012878418,7.384765625
1265,1.581250035087578e-05,0.2172488421201706,4.244868755340576,3.364130973815918,72.40084075927734,57.37890625,6.393951416015625,0.011043906211853027,6.622314453125
1266,1.5825000446056947e-05,0.5322157740592957,11.795969009399414,9.348506927490234,72.40084075927734,57.37890625,7.6073689460754395,0.01088637113571167,6.55517578125
1267,1.5837500541238114e-05,0.3530382513999939,45.864410400390625,36.34832763671875,72.40084075927734,57.37890625,6.80715274810791,0.006734788417816162,7.2083740234375
1268,1.585000063641928e-05,0.3110755383968353,10.471192359924316,8.298599243164062,72.40084075927734,57.37890625,5.6229071617126465,0.009662747383117676,6.6885986328125
1269,1.586250073160045e-05,0.360487163066864,46.44267272949219,36.80661392211914,72.40084075927734,57.37890625,5.7217912673950195,0.007490038871765137,6.8275146484375
1270,1.5875000826781616e-05,0.28877678513526917,55.347328186035156,43.863704681396484,72.40084075927734,57.37890625,8.000384330749512,0.0073206424713134766,6.981201171875
1271,1.588749910297338e-05,0.5712503790855408,3.9250330924987793,3.1106557846069336,72.40084075927734,57.37890625,6.483048915863037,0.006613731384277344,6.859375
1272,1.5899999198154546e-05,0.2939743995666504,4.008744239807129,3.1769981384277344,72.40084075927734,57.37890625,6.198033809661865,0.007176756858825684,7.1563720703125
1273,1.5912499293335713e-05,0.6509592533111572,62.3134651184082,49.38448715209961,72.40084075927734,57.37890625,6.324097156524658,0.008756041526794434,7.4302978515625
1274,1.592499938851688e-05,0.6679913997650146,49.13222122192383,38.93812561035156,72.40084075927734,57.37890625,6.247704029083252,0.006611526012420654,7.632568359375
1275,1.5937499483698048e-05,0.32036441564559937,43.52418518066406,34.49365997314453,72.40084075927734,57.37890625,7.956993103027344,0.010426580905914307,7.16357421875
1276,1.5949999578879215e-05,0.8469546437263489,43.02986526489258,34.101905822753906,72.40084075927734,57.37890625,5.356420040130615,0.007910966873168945,7.2567138671875
1277,1.5962499674060382e-05,0.3436484932899475,59.10109329223633,46.838623046875,72.40084075927734,57.37890625,6.448274612426758,0.009243190288543701,6.5751953125
1278,1.597499976924155e-05,0.9870315790176392,32.802494049072266,25.996536254882812,72.40084075927734,57.37890625,6.3235764503479,0.007927656173706055,6.49755859375
1279,1.5987499864422716e-05,1.0853036642074585,63.752098083496094,50.524627685546875,72.40084075927734,57.37890625,8.486183166503906,0.007966041564941406,7.2340087890625
1280,1.5999999959603883e-05,0.4546106159687042,52.635009765625,41.714141845703125,72.40084075927734,57.37890625,6.94736385345459,0.008887171745300293,6.8834228515625
1281,1.601250005478505e-05,1.6278938055038452,39.59226989746094,31.377552032470703,72.40084075927734,57.37890625,5.713714599609375,0.008773624897003174,7.0714111328125
1282,1.6025000149966218e-05,0.3006715476512909,10.667917251586914,8.454506874084473,72.40084075927734,57.37890625,5.916833877563477,0.00945347547531128,6.64306640625
1283,1.6037500245147385e-05,1.0516070127487183,49.5535774230957,39.272056579589844,72.40084075927734,57.37890625,5.391181945800781,0.005318880081176758,7.306396484375
1284,1.6050000340328552e-05,0.3071235418319702,50.399173736572266,39.94220733642578,72.40084075927734,57.37890625,5.401816368103027,0.007986068725585938,7.0850830078125
1285,1.606250043550972e-05,0.9378153085708618,38.95075225830078,30.869136810302734,72.40084075927734,57.37890625,6.848715782165527,0.006342053413391113,7.0198974609375
1286,1.6075000530690886e-05,0.7794796824455261,55.24970245361328,43.78633117675781,72.40084075927734,57.37890625,6.983301162719727,0.007749021053314209,7.158447265625
1287,1.6087500625872053e-05,0.43969210982322693,3.9913737773895264,3.16323184967041,72.40084075927734,57.37890625,7.001184463500977,0.007274270057678223,7.055419921875
1288,1.610000072105322e-05,0.8165608048439026,44.52664566040039,35.28812789916992,72.40084075927734,57.37890625,7.537319660186768,0.00859975814819336,7.123779296875
1289,1.6112500816234387e-05,0.232997864484787,11.034997940063477,8.745424270629883,72.40084075927734,57.37890625,6.679975986480713,0.009089946746826172,6.412841796875
1290,1.612499909242615e-05,0.8043049573898315,36.43858337402344,28.87820053100586,72.40084075927734,57.37890625,5.510789394378662,0.009755849838256836,6.9278564453125
1291,1.6137499187607318e-05,0.4492571949958801,21.06740951538086,16.69628143310547,72.40084075927734,57.37890625,7.945921421051025,0.00950932502746582,7.027099609375
1292,1.6149999282788485e-05,0.3875907063484192,4.374959468841553,3.4672303199768066,72.40084075927734,57.37890625,4.821544170379639,0.011852622032165527,6.585693359375
1293,1.6162499377969652e-05,0.47444480657577515,8.671270370483398,6.872129917144775,72.40084075927734,57.37890625,6.743828773498535,0.004835963249206543,7.388916015625
1294,1.617499947315082e-05,0.28493034839630127,48.03577423095703,38.06917190551758,72.40084075927734,57.37890625,6.706778526306152,0.0076403021812438965,7.212158203125
1295,1.6187499568331987e-05,0.4291507303714752,42.101707458496094,33.3663215637207,72.40084075927734,57.37890625,5.867457389831543,0.0055411458015441895,7.507080078125
1296,1.6199999663513154e-05,0.3308732509613037,21.747249603271484,17.235065460205078,72.40084075927734,57.37890625,5.685291767120361,0.009013533592224121,6.7913818359375
1297,1.621249975869432e-05,0.23743696510791779,4.49802303314209,3.564760208129883,72.40084075927734,57.37890625,5.712833881378174,0.007739067077636719,7.0718994140625
1298,1.6224999853875488e-05,0.33622705936431885,0.9817802309989929,0.7780776023864746,72.40084075927734,57.37890625,6.658614635467529,0.007175266742706299,6.988525390625
1299,1.6237499949056655e-05,0.26644858717918396,52.567527770996094,41.66066360473633,72.40084075927734,57.37890625,4.806760787963867,0.006701827049255371,7.1138916015625
1300,1.6250000044237822e-05,0.19917359948158264,10.816742897033691,8.572454452514648,72.40084075927734,57.37890625,6.805576324462891,0.008954882621765137,6.7904052734375
1301,1.626250013941899e-05,0.1933070421218872,40.18128204345703,31.84435272216797,72.40084075927734,57.37890625,5.274739742279053,0.0066817402839660645,7.1202392578125
1302,1.6275000234600157e-05,0.2618241012096405,22.40612030029297,17.757232666015625,72.40084075927734,57.37890625,6.225821495056152,0.006414949893951416,7.2476806640625
1303,1.6287500329781324e-05,0.2870044708251953,55.342594146728516,43.85995101928711,72.40084075927734,57.37890625,5.634408950805664,0.00681304931640625,6.9461669921875
1304,1.630000042496249e-05,0.22780394554138184,1.0634219646453857,0.8427801132202148,72.40084075927734,57.37890625,6.816805839538574,0.00929039716720581,6.8646240234375
1305,1.6312500520143658e-05,0.5048306584358215,60.972503662109375,48.32175064086914,72.40084075927734,57.37890625,8.304123878479004,0.008813261985778809,6.6405029296875
1306,1.6325000615324825e-05,0.4386127293109894,42.845706939697266,33.955955505371094,72.40084075927734,57.37890625,7.075258255004883,0.007645249366760254,7.1817626953125
1307,1.6337500710505992e-05,0.2495078593492508,20.09147071838379,15.922834396362305,72.40084075927734,57.37890625,7.074489593505859,0.0060135722160339355,7.1531982421875
1308,1.635000080568716e-05,0.5367573499679565,1.0271873474121094,0.814063549041748,72.40084075927734,57.37890625,4.516130447387695,0.007176637649536133,6.419677734375
1309,1.6362500900868326e-05,0.3015340566635132,44.02330017089844,34.889217376708984,72.40084075927734,57.37890625,5.404721736907959,0.006952047348022461,7.1270751953125
1310,1.637499917706009e-05,0.3668902516365051,8.798844337463379,6.973234176635742,72.40084075927734,57.37890625,5.174777030944824,0.007788598537445068,7.1824951171875
1311,1.6387499272241257e-05,0.6011703014373779,49.6535530090332,39.351287841796875,72.40084075927734,57.37890625,7.673953533172607,0.006754457950592041,7.23974609375
1312,1.6399999367422424e-05,0.4378405213356018,54.448974609375,43.1517448425293,72.40084075927734,57.37890625,6.956161022186279,0.007026016712188721,7.0970458984375
1313,1.641249946260359e-05,0.2809898853302002,51.49761962890625,40.812744140625,72.40084075927734,57.37890625,6.809451580047607,0.007551670074462891,7.0062255859375
1314,1.642499955778476e-05,0.557817816734314,47.56150436401367,37.69330596923828,72.40084075927734,57.37890625,7.056299209594727,0.0063433051109313965,6.783203125
1315,1.6437499652965926e-05,0.4007701575756073,48.20245361328125,38.201271057128906,72.40084075927734,57.37890625,8.93913459777832,0.00944364070892334,7.2977294921875
1316,1.6449999748147093e-05,0.4129959046840668,4.409083843231201,3.494274139404297,72.40084075927734,57.37890625,6.798786640167236,0.009794831275939941,6.8341064453125
1317,1.646249984332826e-05,0.8072741627693176,62.692108154296875,49.684566497802734,74.69771575927734,59.19921875,5.844297885894775,0.008019208908081055,6.7464599609375
1318,1.6474999938509427e-05,0.5251835584640503,56.10918426513672,44.46748733520508,74.69771575927734,59.19921875,7.38953971862793,0.00927126407623291,6.803466796875
1319,1.6487500033690594e-05,0.3908662497997284,21.72962188720703,17.22109603881836,74.69771575927734,59.19921875,6.413736820220947,0.007774531841278076,6.90234375
1320,1.650000012887176e-05,0.7499111294746399,55.03761291503906,43.618247985839844,74.69771575927734,59.19921875,7.138354778289795,0.008291423320770264,6.8333740234375
1321,1.651250022405293e-05,0.4841489791870117,43.587100982666016,34.543521881103516,74.69771575927734,59.19921875,13.042413711547852,0.006184875965118408,6.9111328125
1322,1.6525000319234096e-05,0.41565513610839844,56.65119171142578,44.897037506103516,74.69771575927734,59.19921875,5.866293907165527,0.006257534027099609,6.988525390625
1323,1.6537500414415263e-05,0.6773272156715393,46.06892395019531,36.51041030883789,74.69771575927734,59.19921875,9.29552173614502,0.006940245628356934,7.3818359375
1324,1.655000050959643e-05,0.2142290472984314,46.04888153076172,36.49452590942383,74.69771575927734,59.19921875,6.458219528198242,0.0058536529541015625,7.45458984375
1325,1.6562500604777597e-05,0.3750895857810974,3.9583189487457275,3.137035369873047,74.69771575927734,59.19921875,6.9485368728637695,0.011517584323883057,6.57373046875
1326,1.6575000699958764e-05,0.244245707988739,10.676148414611816,8.461030006408691,74.69771575927734,59.19921875,7.3312458992004395,0.008536815643310547,6.60693359375
1327,1.658750079513993e-05,0.6589173674583435,42.64108657836914,33.79378890991211,74.69771575927734,59.19921875,6.076539039611816,0.006881237030029297,7.202880859375
1328,1.6600000890321098e-05,0.3744519352912903,52.35609817504883,41.49310302734375,74.69771575927734,59.19921875,6.767399787902832,0.008202910423278809,6.7344970703125
1329,1.6612499166512862e-05,0.5137006044387817,36.169612884521484,28.665035247802734,74.69771575927734,59.19921875,6.0299248695373535,0.008417248725891113,6.6759033203125
1330,1.662499926169403e-05,0.44665762782096863,4.4143781661987305,3.4984703063964844,74.69771575927734,59.19921875,7.758351802825928,0.0077326297760009766,6.952880859375
1331,1.6637499356875196e-05,0.539048433303833,55.20896530151367,43.75404739379883,74.69771575927734,59.19921875,7.321739196777344,0.0076514482498168945,6.86083984375
1332,1.6649999452056363e-05,0.8000653386116028,53.00600051879883,42.00815963745117,74.69771575927734,59.19921875,7.112884044647217,0.005955338478088379,7.19677734375
1333,1.666249954723753e-05,0.26928865909576416,44.02627182006836,34.89157485961914,74.69771575927734,59.19921875,5.356078624725342,0.005501449108123779,7.3731689453125
1334,1.6674999642418697e-05,1.1539257764816284,4.207031726837158,3.3341445922851562,74.69771575927734,59.19921875,5.27173376083374,0.008365869522094727,7.4925537109375
1335,1.6687499737599865e-05,0.49940818548202515,49.23326873779297,39.01820755004883,74.69771575927734,59.19921875,8.58316707611084,0.006691098213195801,7.137451171875
1336,1.6699999832781032e-05,0.6386480331420898,54.093143463134766,42.8697395324707,74.69771575927734,59.19921875,6.30377197265625,0.007037758827209473,7.23681640625
1337,1.67124999279622e-05,0.6317936778068542,0.9317148923873901,0.7383999824523926,74.69771575927734,59.19921875,5.415175914764404,0.010768294334411621,6.5233154296875
1338,1.6725000023143366e-05,0.38537177443504333,36.240455627441406,28.721179962158203,74.69771575927734,59.19921875,6.931658744812012,0.006189107894897461,6.4483642578125
1339,1.6737500118324533e-05,0.5778247117996216,51.88123321533203,41.116764068603516,74.69771575927734,59.19921875,7.986278533935547,0.0061684250831604,7.1866455078125
1340,1.67500002135057e-05,0.3311815857887268,53.950687408447266,42.75684356689453,74.69771575927734,59.19921875,7.442531108856201,0.00714564323425293,6.8736572265625
1341,1.6762500308686867e-05,0.4956890940666199,63.32756042480469,50.188175201416016,74.69771575927734,59.19921875,5.787470817565918,0.007659316062927246,7.06103515625
1342,1.6775000403868034e-05,0.24547427892684937,62.91126251220703,49.85824966430664,74.69771575927734,59.19921875,4.946904182434082,0.009713590145111084,6.6915283203125
1343,1.67875004990492e-05,0.5132391452789307,10.846318244934082,8.595891952514648,74.69771575927734,59.19921875,5.93865442276001,0.005206704139709473,7.2008056640625
1344,1.680000059423037e-05,0.25518685579299927,52.83177185058594,41.87008285522461,74.69771575927734,59.19921875,7.3550944328308105,0.00598299503326416,7.0167236328125
1345,1.6812500689411536e-05,0.394578754901886,1.044312834739685,0.8276357650756836,74.69771575927734,59.19921875,7.314523220062256,0.009504079818725586,7.0103759765625
1346,1.6825000784592703e-05,0.29811203479766846,25.500106811523438,20.209270477294922,74.69771575927734,59.19921875,8.482763290405273,0.0070076584815979,7.0269775390625
1347,1.683750087977387e-05,0.23931467533111572,39.651885986328125,31.42479705810547,74.69771575927734,59.19921875,7.072961807250977,0.00845038890838623,7.11376953125
1348,1.6849999155965634e-05,0.33634740114212036,50.924560546875,40.358585357666016,74.69771575927734,59.19921875,6.949717998504639,0.007669925689697266,7.1041259765625
1349,1.68624992511468e-05,0.19672852754592896,38.04816436767578,30.153820037841797,74.69771575927734,59.19921875,5.091620445251465,0.009895563125610352,6.374755859375
1350,1.6874999346327968e-05,0.280111700296402,33.86927032470703,26.841976165771484,74.69771575927734,59.19921875,6.703411102294922,0.008817076683044434,6.9053955078125
1351,1.6887499441509135e-05,0.186177060008049,45.36970901489258,35.95627212524414,74.69771575927734,59.19921875,7.400136470794678,0.006646871566772461,7.044677734375
1352,1.6899999536690302e-05,0.390057235956192,38.620121002197266,30.607105255126953,74.69771575927734,59.19921875,8.873488426208496,0.008077621459960938,6.64990234375
1353,1.691249963187147e-05,0.36384207010269165,50.90399169921875,40.342281341552734,74.69771575927734,59.19921875,6.450960636138916,0.007320761680603027,7.4093017578125
1354,1.6924999727052636e-05,0.24061870574951172,50.925018310546875,40.35894775390625,74.69771575927734,59.19921875,6.464757919311523,0.007247447967529297,7.204833984375
1355,1.6937499822233804e-05,0.36344754695892334,4.076516628265381,3.2307090759277344,74.69771575927734,59.19921875,6.174832820892334,0.007919490337371826,7.4215087890625
1356,1.694999991741497e-05,0.34149250388145447,56.94385528564453,45.12897872924805,74.69771575927734,59.19921875,7.071061134338379,0.00825965404510498,6.7552490234375
1357,1.6962500012596138e-05,0.22922568023204803,17.859020233154297,14.153579711914062,74.69771575927734,59.19921875,6.105118274688721,0.0067441463470458984,7.1474609375
1358,1.6975000107777305e-05,0.38179826736450195,24.868797302246094,19.708946228027344,74.69771575927734,59.19921875,7.101424217224121,0.007561624050140381,7.1138916015625
1359,1.6987500202958472e-05,0.4111870229244232,4.220702648162842,3.3449788093566895,74.69771575927734,59.19921875,7.988135814666748,0.007351875305175781,7.066162109375
1360,1.700000029813964e-05,0.19354121387004852,56.08205795288086,44.445987701416016,74.69771575927734,59.19921875,6.694062232971191,0.00833505392074585,6.8468017578125
1361,1.7012500393320806e-05,0.3869163990020752,9.571900367736816,7.585894584655762,74.69771575927734,59.19921875,5.85618257522583,0.007466673851013184,7.1253662109375
1362,1.7025000488501973e-05,0.3849776089191437,44.8646125793457,35.555973052978516,74.69771575927734,59.19921875,7.807870864868164,0.006591200828552246,7.1259765625
1363,1.703750058368314e-05,0.30447015166282654,3.8449411392211914,3.0471816062927246,74.69771575927734,59.19921875,6.0041656494140625,0.006283819675445557,6.9327392578125
1364,1.7050000678864308e-05,0.4773012697696686,41.71921920776367,33.063194274902344,74.69771575927734,59.19921875,7.549349784851074,0.007692694664001465,6.974853515625
1365,1.7062500774045475e-05,0.27786722779273987,58.67998504638672,46.50489044189453,74.69771575927734,59.19921875,5.501498222351074,0.008012890815734863,6.6324462890625
1366,1.7075000869226642e-05,0.34352588653564453,58.52587127685547,46.382755279541016,74.69771575927734,59.19921875,6.375829219818115,0.00663679838180542,7.192138671875
1367,1.7087499145418406e-05,0.3772997558116913,0.9472771883010864,0.7507333755493164,74.69771575927734,59.19921875,7.50867223739624,0.00729745626449585,7.1729736328125
1368,1.7099999240599573e-05,0.275565505027771,43.5560417175293,34.51890563964844,74.69771575927734,59.19921875,6.717769145965576,0.0068814754486083984,6.4989013671875
1369,1.711249933578074e-05,0.29336729645729065,45.297607421875,35.89912796020508,74.69771575927734,59.19921875,6.581482410430908,0.005611419677734375,7.0054931640625
1370,1.7124999430961907e-05,0.4438076615333557,10.567525863647461,8.374944686889648,74.69771575927734,59.19921875,6.128302574157715,0.007287442684173584,7.2139892578125
1371,1.7137499526143074e-05,0.30940765142440796,44.00231170654297,34.87258529663086,74.69771575927734,59.19921875,6.601585388183594,0.00671464204788208,7.134521484375
1372,1.714999962132424e-05,0.29783621430397034,0.9978737831115723,0.7908320426940918,74.69771575927734,59.19921875,6.006836414337158,0.0064421892166137695,7.026611328125
1373,1.7162499716505408e-05,0.3959517776966095,40.00620651245117,31.705602645874023,74.69771575927734,59.19921875,7.179419994354248,0.008646249771118164,7.00439453125
1374,1.7174999811686575e-05,0.2764657437801361,35.927162170410156,28.472888946533203,74.69771575927734,59.19921875,6.932985782623291,0.005876600742340088,6.7440185546875
1375,1.7187499906867743e-05,0.4460039436817169,37.85531997680664,30.000988006591797,74.69771575927734,59.19921875,6.853086948394775,0.0061571598052978516,7.2783203125
1376,1.720000000204891e-05,0.5300208330154419,59.49349594116211,47.14961242675781,74.69771575927734,59.19921875,6.916731834411621,0.007683396339416504,6.913330078125
1377,1.7212500097230077e-05,0.3513171672821045,22.92222023010254,18.16625213623047,74.69771575927734,59.19921875,4.811431407928467,0.009012222290039062,6.7275390625
1378,1.7225000192411244e-05,0.3592207729816437,48.550437927246094,38.47705078125,74.69771575927734,59.19921875,7.517755031585693,0.010434567928314209,6.8052978515625
1379,1.723750028759241e-05,0.40658771991729736,50.38228225708008,39.92881774902344,74.69771575927734,59.19921875,7.96434211730957,0.01022428274154663,6.93310546875
1380,1.7250000382773578e-05,0.37355878949165344,53.027889251708984,42.025508880615234,74.69771575927734,59.19921875,7.177455902099609,0.0073171257972717285,6.784423828125
1381,1.7262500477954745e-05,0.47088515758514404,10.694841384887695,8.475845336914062,74.69771575927734,59.19921875,13.040492057800293,0.010347604751586914,6.913818359375
1382,1.7275000573135912e-05,0.43391814827919006,36.668212890625,29.060184478759766,74.69771575927734,59.19921875,7.539402961730957,0.010617494583129883,6.9423828125
1383,1.728750066831708e-05,0.3044745624065399,46.249935150146484,36.653865814208984,74.69771575927734,59.19921875,7.4308180809021,0.005401790142059326,7.3824462890625
1384,1.7300000763498247e-05,0.25654399394989014,4.038867950439453,3.2008719444274902,74.69771575927734,59.19921875,6.335570335388184,0.004842102527618408,7.4071044921875
1385,1.7312500858679414e-05,0.2872108221054077,1.0531989336013794,0.8346781730651855,74.69771575927734,59.19921875,7.728439807891846,0.007999122142791748,6.6287841796875
1386,1.7324999134871177e-05,0.3077894449234009,47.37760925292969,37.54756546020508,74.69771575927734,59.19921875,5.707636833190918,0.00734943151473999,6.6500244140625
1387,1.7337499230052345e-05,0.17659512162208557,3.843136787414551,3.0457515716552734,74.69771575927734,59.19921875,5.929471015930176,0.007146358489990234,7.176513671875
1388,1.734999932523351e-05,0.36395692825317383,49.9662971496582,39.599143981933594,74.69771575927734,59.19921875,6.753636360168457,0.009241163730621338,6.7249755859375
1389,1.736249942041468e-05,0.3871619403362274,33.843284606933594,26.821380615234375,74.69771575927734,59.19921875,5.771841049194336,0.0071204304695129395,6.6512451171875
1390,1.7374999515595846e-05,0.2657790780067444,56.931739807128906,45.11937713623047,74.69771575927734,59.19921875,9.128790855407715,0.005538642406463623,7.0172119140625
1391,1.7387499610777013e-05,0.28401491045951843,50.865501403808594,40.3117790222168,74.69771575927734,59.19921875,6.571682453155518,0.00721663236618042,6.84423828125
1392,1.739999970595818e-05,0.21777655184268951,52.75104522705078,41.80610275268555,74.69771575927734,59.19921875,6.854150772094727,0.005556583404541016,7.19775390625
1393,1.7412499801139347e-05,0.2684605121612549,33.744415283203125,26.743026733398438,74.69771575927734,59.19921875,6.005239963531494,0.006963372230529785,7.3828125
1394,1.7424999896320514e-05,0.42627421021461487,43.45066833496094,34.435394287109375,74.69771575927734,59.19921875,8.04651165008545,0.006701827049255371,7.5653076171875
1395,1.743749999150168e-05,0.37123164534568787,37.42686080932617,29.661426544189453,74.69771575927734,59.19921875,5.06146240234375,0.007863223552703857,7.1036376953125
1396,1.745000008668285e-05,0.226889505982399,0.8473487496376038,0.6715383529663086,74.69771575927734,59.19921875,5.2742600440979,0.0055016279220581055,7.2457275390625
1397,1.7462500181864016e-05,0.2888016700744629,4.2676167488098145,3.3821592330932617,74.69771575927734,59.19921875,5.394453048706055,0.00839221477508545,6.623291015625
1398,1.7475000277045183e-05,0.268903911113739,47.68565368652344,37.79169464111328,74.69771575927734,59.19921875,7.025991916656494,0.007036745548248291,6.4090576171875
1399,1.748750037222635e-05,0.550292432308197,0.9311758279800415,0.7379727363586426,74.69771575927734,59.19921875,6.919635772705078,0.006728053092956543,7.2041015625
1400,1.7500000467407517e-05,0.5106629133224487,61.84590530395508,49.01393508911133,74.69771575927734,59.19921875,6.506684303283691,0.007446944713592529,6.7821044921875
1401,1.7512500562588684e-05,0.34378930926322937,29.412805557250977,23.310152053833008,74.69771575927734,59.19921875,6.690169811248779,0.00647813081741333,6.997314453125
1402,1.752500065776985e-05,0.40031516551971436,54.77785873413086,43.412391662597656,74.69771575927734,59.19921875,7.819446563720703,0.00633770227432251,6.55615234375
1403,1.753750075295102e-05,0.4693604111671448,9.61535358428955,7.62033224105835,74.69771575927734,59.19921875,7.285266399383545,0.005441009998321533,7.2711181640625
1404,1.7550000848132186e-05,0.42271727323532104,10.322135925292969,8.180469512939453,74.69771575927734,59.19921875,6.128592491149902,0.006016582250595093,6.99462890625
1405,1.756249912432395e-05,0.36141130328178406,10.875858306884766,8.619302749633789,74.69771575927734,59.19921875,5.372064590454102,0.007914483547210693,7.10986328125
1406,1.7574999219505116e-05,0.6445220708847046,35.8411979675293,28.404760360717773,74.69771575927734,59.19921875,5.486464500427246,0.006239056587219238,7.0067138671875
1407,1.7587499314686283e-05,0.5630427598953247,43.596866607666016,34.55126190185547,74.69771575927734,59.19921875,7.017492294311523,0.0063416361808776855,7.1011962890625
1408,1.759999940986745e-05,0.24752844870090485,50.14860916137695,39.743629455566406,74.69771575927734,59.19921875,6.261481285095215,0.007417142391204834,7.07763671875
1409,1.7612499505048618e-05,0.6382607817649841,0.964677631855011,0.7645235061645508,74.69771575927734,59.19921875,7.137899398803711,0.006780564785003662,6.3133544921875
1410,1.7624999600229785e-05,0.36109787225723267,54.97322463989258,43.56721878051758,74.69771575927734,59.19921875,6.800075054168701,0.008462011814117432,6.8963623046875
1411,1.7637499695410952e-05,0.4559193551540375,0.8943533301353455,0.7087903022766113,74.69771575927734,59.19921875,7.068077564239502,0.007731437683105469,7.06884765625
1412,1.764999979059212e-05,0.5951096415519714,45.69902801513672,36.217262268066406,74.69771575927734,59.19921875,7.163568496704102,0.007313668727874756,6.6539306640625
1413,1.7662499885773286e-05,0.18933577835559845,43.71853256225586,34.64768600463867,74.69771575927734,59.19921875,5.890192985534668,0.005784511566162109,7.40576171875
1414,1.7674999980954453e-05,0.5398076176643372,51.574317932128906,40.87352752685547,74.69771575927734,59.19921875,5.941196918487549,0.006828606128692627,7.0526123046875
1415,1.768750007613562e-05,0.24904848635196686,48.71841812133789,38.61017990112305,74.69771575927734,59.19921875,7.705001354217529,0.007129371166229248,7.4737548828125
1416,1.7700000171316788e-05,0.5914167761802673,54.06218338012695,42.8452033996582,74.69771575927734,59.19921875,5.914053440093994,0.008245527744293213,6.7864990234375
1417,1.7712500266497955e-05,0.5550373196601868,50.31210708618164,39.87320327758789,74.69771575927734,59.19921875,6.611577987670898,0.007396280765533447,7.166748046875
1418,1.7725000361679122e-05,0.293766587972641,52.32929229736328,41.471858978271484,74.69771575927734,59.19921875,4.793344974517822,0.005912423133850098,7.131591796875
1419,1.773750045686029e-05,0.7119219899177551,41.7103385925293,33.056156158447266,74.69771575927734,59.19921875,8.795576095581055,0.005250453948974609,7.14453125
1420,1.7750000552041456e-05,0.4984564185142517,56.56397247314453,44.82791519165039,74.69771575927734,59.19921875,7.299110412597656,0.008120238780975342,6.797119140625
1421,1.7762500647222623e-05,0.3734959363937378,49.095184326171875,38.90877151489258,74.69771575927734,59.19921875,8.448559761047363,0.006532430648803711,7.1143798828125
1422,1.777500074240379e-05,0.5356122851371765,38.74088668823242,30.702816009521484,74.69771575927734,59.19921875,5.374687194824219,0.004864752292633057,7.093994140625
1423,1.7787500837584957e-05,0.2544749677181244,51.61881637573242,40.90879440307617,74.69771575927734,59.19921875,5.83724308013916,0.00697934627532959,7.0069580078125
1424,1.779999911377672e-05,0.5606722831726074,50.452640533447266,39.984580993652344,74.69771575927734,59.19921875,6.300325393676758,0.00613778829574585,6.96826171875
1425,1.7812499208957888e-05,0.2125411033630371,4.116361141204834,3.26228666305542,74.69771575927734,59.19921875,6.160952568054199,0.006690025329589844,6.657958984375
1426,1.7824999304139055e-05,0.9100776314735413,21.177547454833984,16.7835693359375,74.69771575927734,59.19921875,5.209176063537598,0.0065444111824035645,7.1546630859375
1427,1.7837499399320222e-05,0.9787021279335022,48.167354583740234,38.1734504699707,74.69771575927734,59.19921875,5.353876113891602,0.006743907928466797,7.170654296875
1428,1.784999949450139e-05,0.3678301274776459,44.38019561767578,35.17206573486328,74.69771575927734,59.19921875,7.942141532897949,0.007661759853363037,6.42041015625
1429,1.7862499589682557e-05,1.1599977016448975,50.606483459472656,40.106502532958984,74.69771575927734,59.19921875,9.401997566223145,0.007525622844696045,6.98291015625
1430,1.7874999684863724e-05,0.5198690295219421,9.791984558105469,7.76031494140625,74.69771575927734,59.19921875,7.116940498352051,0.005640923976898193,7.2244873046875
1431,1.788749978004489e-05,0.6861327886581421,46.81049346923828,37.098114013671875,74.69771575927734,59.19921875,6.452847003936768,0.008439898490905762,7.062744140625
1432,1.7899999875226058e-05,0.28789350390434265,52.61764144897461,41.70037841796875,74.69771575927734,59.19921875,5.451825141906738,0.00676119327545166,7.1466064453125
1433,1.7912499970407225e-05,0.8921626806259155,49.69427490234375,39.38356399536133,74.69771575927734,59.19921875,5.954311847686768,0.006783246994018555,6.88330078125
1434,1.7925000065588392e-05,0.43808427453041077,38.34867477416992,30.391979217529297,74.69771575927734,59.19921875,6.376709461212158,0.008231163024902344,6.73876953125
1435,1.793750016076956e-05,0.6688766479492188,10.951956748962402,8.67961311340332,74.69771575927734,59.19921875,7.482831001281738,0.005959570407867432,7.2864990234375
1436,1.7950000255950727e-05,0.32244792580604553,41.10170364379883,32.57380294799805,74.69771575927734,59.19921875,7.461085319519043,0.0068209171295166016,6.854736328125
1437,1.7962500351131894e-05,0.8037884831428528,43.17591857910156,34.217655181884766,74.69771575927734,59.19921875,7.955994606018066,0.005722999572753906,6.735595703125
1438,1.797500044631306e-05,0.6159738898277283,54.32487106323242,43.05339050292969,74.69771575927734,59.19921875,9.325837135314941,0.006688833236694336,6.7679443359375
1439,1.7987500541494228e-05,0.6261292099952698,44.671932220458984,35.40327072143555,74.69771575927734,59.19921875,8.07630443572998,0.007488846778869629,6.847412109375
1440,1.8000000636675395e-05,0.7427724003791809,56.849815368652344,45.05445098876953,74.69771575927734,59.19921875,6.508336067199707,0.006762146949768066,6.6932373046875
1441,1.8012500731856562e-05,0.5011662840843201,3.955317258834839,3.1346564292907715,74.69771575927734,59.19921875,12.181305885314941,0.0065125226974487305,6.939208984375
1442,1.802500082703773e-05,0.42876380681991577,0.9882193207740784,0.7831807136535645,74.69771575927734,59.19921875,5.763071537017822,0.007203459739685059,6.9219970703125
1443,1.8037499103229493e-05,0.4949592053890228,45.60704040527344,36.14435958862305,74.69771575927734,59.19921875,6.284321308135986,0.00548398494720459,7.3922119140625
1444,1.804999919841066e-05,0.4682503044605255,52.01638412475586,41.223873138427734,74.69771575927734,59.19921875,6.251451015472412,0.005602836608886719,7.491455078125
1445,1.8062499293591827e-05,0.37120357155799866,45.22016143798828,35.83774948120117,74.69771575927734,59.19921875,6.496824741363525,0.00873178243637085,6.7740478515625
1446,1.8074999388772994e-05,0.3371365964412689,31.773822784423828,25.181297302246094,74.69771575927734,59.19921875,7.197601318359375,0.008189082145690918,6.5098876953125
1447,1.808749948395416e-05,0.5434659123420715,49.98655319213867,39.615196228027344,74.69771575927734,59.19921875,5.436404228210449,0.0062103271484375,7.2489013671875
1448,1.809999957913533e-05,0.5984998345375061,21.01729965209961,16.65656852722168,74.69771575927734,59.19921875,4.99234676361084,0.008318066596984863,6.6859130859375
1449,1.8112499674316496e-05,0.32087069749832153,33.829681396484375,26.81060028076172,74.69771575927734,59.19921875,6.0951619148254395,0.00818103551864624,6.6341552734375
1450,1.8124999769497663e-05,0.5925635099411011,4.159953594207764,3.2968344688415527,74.69771575927734,59.19921875,4.97944450378418,0.004974365234375,7.0050048828125
1451,1.813749986467883e-05,0.25915902853012085,4.239970684051514,3.3602490425109863,74.69771575927734,59.19921875,6.476325035095215,0.008488059043884277,6.8367919921875
1452,1.8149999959859997e-05,0.8038752675056458,4.172880172729492,3.3070788383483887,74.69771575927734,59.19921875,5.925576686859131,0.0060839056968688965,7.15283203125
1453,1.8162500055041164e-05,0.42040854692459106,42.550132751464844,33.72170639038086,74.69771575927734,59.19921875,5.375662326812744,0.008498907089233398,7.326904296875
1454,1.817500015022233e-05,0.5485613942146301,10.43110466003418,8.266828536987305,74.69771575927734,59.19921875,5.564430236816406,0.005646049976348877,7.5364990234375
1455,1.81875002454035e-05,0.538626492023468,0.9194269180297852,0.7286615371704102,74.69771575927734,59.19921875,5.241621494293213,0.0062583088874816895,7.0654296875
1456,1.8200000340584666e-05,0.29039880633354187,46.665626525878906,36.983306884765625,74.69771575927734,59.19921875,6.700453758239746,0.0058515071868896484,7.28125
1457,1.8212500435765833e-05,0.4729556143283844,44.0845832824707,34.937782287597656,74.69771575927734,59.19921875,5.197686672210693,0.006702840328216553,6.615966796875
1458,1.8225000530947e-05,0.24425159394741058,20.51487922668457,16.258392333984375,74.69771575927734,59.19921875,5.2582807540893555,0.006104707717895508,6.39599609375
1459,1.8237500626128167e-05,0.512628972530365,54.33513641357422,43.0615234375,74.69771575927734,59.19921875,6.02386474609375,0.005184531211853027,7.27294921875
1460,1.8250000721309334e-05,0.26978594064712524,10.22661018371582,8.10476303100586,74.69771575927734,59.19921875,6.015534400939941,0.006574869155883789,6.7376708984375
1461,1.82625008164905e-05,0.32174068689346313,10.149079322814941,8.043318748474121,74.69771575927734,59.19921875,7.149195671081543,0.005248129367828369,7.0150146484375
1462,1.8274999092682265e-05,0.2521095275878906,50.2984619140625,39.862388610839844,74.69771575927734,59.19921875,7.040399551391602,0.0073833465576171875,6.5712890625
1463,1.8287499187863432e-05,0.32236921787261963,56.643898010253906,44.89125442504883,74.69771575927734,59.19921875,7.4969048500061035,0.00847238302230835,7.2989501953125
1464,1.82999992830446e-05,0.3455207943916321,52.043373107910156,41.245262145996094,74.69771575927734,59.19921875,7.355185031890869,0.007256448268890381,7.063232421875
1465,1.8312499378225766e-05,0.2873579263687134,19.80312156677246,15.694311141967773,74.69771575927734,59.19921875,6.367234230041504,0.006221115589141846,7.1170654296875
1466,1.8324999473406933e-05,0.34101101756095886,4.196761131286621,3.326004981994629,74.69771575927734,59.19921875,7.450600624084473,0.008015871047973633,7.0040283203125
1467,1.83374995685881e-05,0.24374334514141083,51.32538604736328,40.676246643066406,74.69771575927734,59.19921875,5.588555812835693,0.005618572235107422,7.01025390625
1468,1.8349999663769267e-05,0.42083483934402466,45.01430130004883,35.67460632324219,74.69771575927734,59.19921875,5.053559303283691,0.009219527244567871,7.0491943359375
1469,1.8362499758950435e-05,0.2546631693840027,11.520805358886719,9.1304349899292,74.69771575927734,59.19921875,6.407745838165283,0.00923222303390503,6.4237060546875
1470,1.8374999854131602e-05,0.2926316261291504,51.55479431152344,40.858055114746094,74.69771575927734,59.19921875,5.801451683044434,0.006961226463317871,6.893310546875
1471,1.838749994931277e-05,0.31882959604263306,49.86726760864258,39.520660400390625,74.69771575927734,59.19921875,8.363582611083984,0.006584882736206055,7.071044921875
1472,1.8400000044493936e-05,0.1969977766275406,1.0116996765136719,0.8017892837524414,74.69771575927734,59.19921875,7.16206169128418,0.00590437650680542,6.52734375
1473,1.8412500139675103e-05,0.44199976325035095,23.831302642822266,18.886714935302734,74.69771575927734,59.19921875,5.627952575683594,0.0064321160316467285,7.3590087890625
1474,1.842500023485627e-05,0.35287222266197205,37.17631912231445,29.462867736816406,74.69771575927734,59.19921875,7.204115390777588,0.007709085941314697,6.9454345703125
1475,1.8437500330037437e-05,0.434182345867157,43.413169860839844,34.405677795410156,74.69771575927734,59.19921875,6.418475151062012,0.007862985134124756,7.400634765625
1476,1.8450000425218605e-05,0.45069774985313416,51.53994369506836,40.84628677368164,74.69771575927734,59.19921875,5.312666416168213,0.010500550270080566,6.6611328125
1477,1.846250052039977e-05,0.4819682240486145,50.05520248413086,39.66960525512695,74.69771575927734,59.19921875,7.988826751708984,0.006004810333251953,7.05908203125
1478,1.847500061558094e-05,0.5033152103424072,34.64282989501953,27.455034255981445,74.69771575927734,59.19921875,8.208593368530273,0.007440149784088135,7.08935546875
1479,1.8487500710762106e-05,0.3848956823348999,52.09581756591797,41.286827087402344,74.69771575927734,59.19921875,6.334771156311035,0.007129549980163574,7.1007080078125
1480,1.8500000805943273e-05,0.5462812781333923,45.79326248168945,36.29194259643555,74.69771575927734,59.19921875,6.259998321533203,0.006081938743591309,6.810302734375
1481,1.851250090112444e-05,0.2493010312318802,44.814998626708984,35.51665115356445,74.69771575927734,59.19921875,6.841466903686523,0.006109714508056641,7.1112060546875
1482,1.8524999177316204e-05,0.6234699487686157,45.33760070800781,35.930824279785156,74.69771575927734,59.19921875,7.562511444091797,0.004312872886657715,7.0906982421875
1483,1.853749927249737e-05,0.39066189527511597,4.106158256530762,3.2542004585266113,74.69771575927734,59.19921875,5.790619373321533,0.006792962551116943,6.8914794921875
1484,1.8549999367678538e-05,0.5043695569038391,44.366580963134766,35.16127395629883,74.69771575927734,59.19921875,6.940838813781738,0.005455374717712402,6.9359130859375
1485,1.8562499462859705e-05,0.6071089506149292,45.61104202270508,36.14752960205078,74.69771575927734,59.19921875,5.6458587646484375,0.006702601909637451,6.6417236328125
1486,1.8574999558040872e-05,0.5533506870269775,53.73651885986328,42.58711242675781,74.69771575927734,59.19921875,7.26737642288208,0.005980372428894043,7.2008056640625
1487,1.858749965322204e-05,0.8063001036643982,11.63661003112793,9.222211837768555,74.69771575927734,59.19921875,6.379491329193115,0.006488919258117676,7.13720703125
1488,1.8599999748403206e-05,0.5531466007232666,41.41121292114258,32.819091796875,74.69771575927734,59.19921875,6.017371654510498,0.00958549976348877,6.296875
1489,1.8612499843584374e-05,0.541552722454071,49.59086227416992,39.301605224609375,74.69771575927734,59.19921875,6.723181247711182,0.006568491458892822,6.9345703125
1490,1.862499993876554e-05,0.4438505172729492,29.34862518310547,23.259286880493164,74.69771575927734,59.19921875,6.568922996520996,0.005915582180023193,7.2330322265625
1491,1.8637500033946708e-05,0.5637201070785522,49.88188171386719,39.53224182128906,74.69771575927734,59.19921875,5.851891994476318,0.006269395351409912,6.9901123046875
1492,1.8650000129127875e-05,0.5326233506202698,43.50162887573242,34.47578430175781,74.69771575927734,59.19921875,5.956721782684326,0.0048639774322509766,7.114990234375
1493,1.8662500224309042e-05,0.27527809143066406,42.77519989013672,33.90007781982422,74.69771575927734,59.19921875,6.6810526847839355,0.005976855754852295,6.8836669921875
1494,1.867500031949021e-05,0.3826916515827179,9.906489372253418,7.851062297821045,74.69771575927734,59.19921875,5.245859622955322,0.005949437618255615,6.71435546875
1495,1.8687500414671376e-05,0.26231876015663147,32.16043472290039,25.487693786621094,74.69771575927734,59.19921875,6.122269153594971,0.005725264549255371,7.260498046875
1496,1.8700000509852543e-05,0.37083035707473755,59.687686920166016,47.30351257324219,74.69771575927734,59.19921875,5.646605014801025,0.006580710411071777,6.86328125
1497,1.871250060503371e-05,0.25032809376716614,0.9713519811630249,0.769813060760498,74.69771575927734,59.19921875,5.2524003982543945,0.006474971771240234,6.7257080078125
1498,1.8725000700214878e-05,0.539728581905365,60.31230926513672,47.79853439331055,74.69771575927734,59.19921875,8.017990112304688,0.006506562232971191,6.760009765625
1499,1.8737500795396045e-05,0.29471153020858765,56.83834457397461,45.04535675048828,74.69771575927734,59.19921875,6.320719242095947,0.007114291191101074,6.7666015625
1500,1.8750000890577212e-05,0.3912121653556824,38.895938873291016,30.82569694519043,74.69771575927734,59.19921875,7.117377281188965,0.00704193115234375,6.6417236328125
1501,1.8762499166768976e-05,0.3648957908153534,36.21076202392578,28.697647094726562,74.69771575927734,59.19921875,13.22365951538086,0.004578948020935059,6.9765625
1502,1.8774999261950143e-05,0.2526080012321472,60.06085205078125,47.59925079345703,74.69771575927734,59.19921875,7.075560092926025,0.007169127464294434,7.0240478515625
1503,1.878749935713131e-05,0.3331354260444641,50.70630645751953,40.18561553955078,74.69771575927734,59.19921875,5.905604839324951,0.005669832229614258,7.31640625
1504,1.8799999452312477e-05,0.2577315866947174,36.320919036865234,28.784948348999023,74.69771575927734,59.19921875,8.877979278564453,0.005671322345733643,7.4560546875
1505,1.8812499547493644e-05,0.4004949629306793,4.1052680015563965,3.253495216369629,74.69771575927734,59.19921875,4.934942245483398,0.006668210029602051,6.7467041015625
1506,1.882499964267481e-05,0.3156541883945465,45.25809860229492,35.86781692504883,74.69771575927734,59.19921875,5.919449806213379,0.005976557731628418,6.51806640625
1507,1.883749973785598e-05,0.505585789680481,48.0364990234375,38.06974792480469,74.69771575927734,59.19921875,7.116213798522949,0.0043236613273620605,7.26025390625
1508,1.8849999833037145e-05,0.28042086958885193,4.301449298858643,3.4089722633361816,74.69771575927734,59.19921875,6.266312599182129,0.006834268569946289,6.65966796875
1509,1.8862499928218313e-05,0.4434082508087158,45.921775817871094,36.39379119873047,74.69771575927734,59.19921875,6.678267478942871,0.006148159503936768,6.6092529296875
1510,1.887500002339948e-05,0.3992730677127838,42.94046401977539,34.03105163574219,74.69771575927734,59.19921875,6.183842658996582,0.006095707416534424,7.08642578125
1511,1.8887500118580647e-05,0.5809884071350098,34.6394157409668,27.452327728271484,74.69771575927734,59.19921875,5.967343330383301,0.006992518901824951,6.7911376953125
1512,1.8900000213761814e-05,0.6333704590797424,55.80112838745117,44.223350524902344,74.69771575927734,59.19921875,6.724400043487549,0.005708098411560059,7.226806640625
1513,1.891250030894298e-05,0.1902652382850647,54.23504638671875,42.982200622558594,74.69771575927734,59.19921875,6.344758987426758,0.005486428737640381,7.275146484375
1514,1.8925000404124148e-05,0.6714560389518738,9.227090835571289,7.31262731552124,74.69771575927734,59.19921875,5.369508743286133,0.005384385585784912,7.57763671875
1515,1.8937500499305315e-05,0.41307806968688965,48.788875579833984,38.666015625,74.69771575927734,59.19921875,7.013115406036377,0.00824129581451416,7.0941162109375
1516,1.8950000594486482e-05,0.5637953281402588,42.27912902832031,33.50693130493164,74.69771575927734,59.19921875,7.529866695404053,0.006862282752990723,7.1995849609375
1517,1.896250068966765e-05,0.4207060933113098,53.1932487487793,42.156558990478516,74.69771575927734,59.19921875,5.402322292327881,0.006287813186645508,6.67919921875
1518,1.8975000784848817e-05,0.5725442171096802,46.61140441894531,36.94033432006836,74.69771575927734,59.19921875,6.436667442321777,0.005016446113586426,6.3675537109375
1519,1.8987500880029984e-05,0.7191380262374878,44.058197021484375,34.916873931884766,74.69771575927734,59.19921875,6.465322017669678,0.006279706954956055,7.2745361328125
1520,1.8999999156221747e-05,0.2894480526447296,10.411258697509766,8.251100540161133,74.69771575927734,59.19921875,5.703725814819336,0.01237720251083374,6.7664794921875
1521,1.9012499251402915e-05,0.7352447509765625,9.841391563415527,7.799471378326416,74.69771575927734,59.19921875,6.74954080581665,0.008022725582122803,6.958251953125
1522,1.902499934658408e-05,0.4405020475387573,48.655609130859375,38.560401916503906,74.69771575927734,59.19921875,7.3024067878723145,0.006386518478393555,6.444580078125
1523,1.903749944176525e-05,0.4628709554672241,49.676673889160156,39.36961364746094,74.69771575927734,59.19921875,7.9593634605407715,0.007814884185791016,7.30419921875
1524,1.9049999536946416e-05,0.7760234475135803,35.807621002197266,28.37815284729004,74.69771575927734,59.19921875,6.59562349319458,0.006528615951538086,7.037353515625
1525,1.9062499632127583e-05,0.2258751392364502,23.981821060180664,19.00600242614746,74.69771575927734,59.19921875,8.144854545593262,0.006794333457946777,7.097412109375
1526,1.907499972730875e-05,0.6721369028091431,49.564697265625,39.28086853027344,74.69771575927734,59.19921875,5.129202842712402,0.005550503730773926,7.0753173828125
1527,1.9087499822489917e-05,0.3677771985530853,64.90147399902344,51.435523986816406,74.69771575927734,59.19921875,6.095240592956543,0.0057446956634521484,6.9322509765625
1528,1.9099999917671084e-05,0.568411111831665,4.211698532104492,3.3378429412841797,74.69771575927734,59.19921875,5.600764751434326,0.0059468746185302734,6.9725341796875
1529,1.911250001285225e-05,0.4484986960887909,35.504432678222656,28.137868881225586,74.69771575927734,59.19921875,9.257946014404297,0.008093953132629395,6.47216796875
1530,1.912500010803342e-05,0.552601158618927,44.82100296020508,35.52140808105469,74.69771575927734,59.19921875,7.072875022888184,0.006414473056793213,6.848876953125
1531,1.9137500203214586e-05,0.6272276043891907,39.700321197509766,31.46318244934082,74.69771575927734,59.19921875,7.373338222503662,0.006591618061065674,6.9749755859375
1532,1.9150000298395753e-05,0.3702481687068939,55.17565155029297,43.72764587402344,74.69771575927734,59.19921875,6.698705196380615,0.007148087024688721,6.561279296875
1533,1.916250039357692e-05,0.7174587845802307,42.98630142211914,34.067378997802734,74.69771575927734,59.19921875,7.617677688598633,0.005343198776245117,7.347900390625
1534,1.9175000488758087e-05,0.2714900076389313,1.0144764184951782,0.8039898872375488,74.69771575927734,59.19921875,5.491057872772217,0.005095124244689941,6.9586181640625
1535,1.9187500583939254e-05,0.7588384747505188,57.96846008300781,45.94099426269531,74.69771575927734,59.19921875,6.987908363342285,0.008897364139556885,7.3419189453125
1536,1.920000067912042e-05,0.4123964011669159,44.186119079589844,35.01825714111328,74.69771575927734,59.19921875,7.454801559448242,0.007342100143432617,6.623779296875
1537,1.921250077430159e-05,0.5836480259895325,50.34318923950195,39.89783477783203,74.69771575927734,59.19921875,6.523305892944336,0.0064160823822021484,7.01806640625
1538,1.9225000869482756e-05,0.6090201735496521,41.74903106689453,33.08681869506836,74.69771575927734,59.19921875,6.1649675369262695,0.007433414459228516,7.1236572265625
1539,1.923749914567452e-05,0.3567648231983185,49.724544525146484,39.40755081176758,74.69771575927734,59.19921875,8.338553428649902,0.0057926177978515625,7.0457763671875
1540,1.9249999240855686e-05,0.5993244051933289,55.35297393798828,43.8681755065918,74.69771575927734,59.19921875,5.16764497756958,0.007684290409088135,6.823486328125
1541,1.9262499336036853e-05,0.23084969818592072,35.192344665527344,27.890535354614258,74.69771575927734,59.19921875,5.079190731048584,0.005289614200592041,7.0616455078125
1542,1.927499943121802e-05,0.6376473903656006,51.76625442504883,41.02564239501953,74.69771575927734,59.19921875,5.359128952026367,0.005570083856582642,7.0379638671875
1543,1.9287499526399188e-05,0.30051904916763306,4.098384380340576,3.248039722442627,74.69771575927734,59.19921875,5.584136486053467,0.007229506969451904,6.9273681640625
1544,1.9299999621580355e-05,0.38754379749298096,43.320281982421875,34.332061767578125,74.69771575927734,59.19921875,6.179152011871338,0.0061286091804504395,6.955078125
1545,1.9312499716761522e-05,0.4141516387462616,49.21379089355469,39.002769470214844,74.69771575927734,59.19921875,6.886229515075684,0.00810915231704712,6.6614990234375
1546,1.932499981194269e-05,0.22237956523895264,36.00391387939453,28.53371810913086,74.69771575927734,59.19921875,5.605826377868652,0.00548708438873291,7.2138671875
1547,1.9337499907123856e-05,0.3134436011314392,1.008622169494629,0.7993502616882324,74.69771575927734,59.19921875,4.982500076293945,0.005980134010314941,7.19287109375
1548,1.9350000002305023e-05,0.3232286274433136,58.115962982177734,46.05789566040039,74.69771575927734,59.19921875,6.008858680725098,0.005662202835083008,6.256591796875
1549,1.936250009748619e-05,0.25629323720932007,53.45560073852539,42.36447525024414,74.69771575927734,59.19921875,6.8342485427856445,0.008063018321990967,6.905517578125
1550,1.9375000192667358e-05,0.3844856321811676,55.81076431274414,44.23098373413086,74.69771575927734,59.19921875,6.685889720916748,0.005637854337692261,7.21923828125
1551,1.9387500287848525e-05,0.2024884819984436,47.11777114868164,37.341636657714844,74.69771575927734,59.19921875,5.302113056182861,0.006804227828979492,6.8985595703125
1552,1.9400000383029692e-05,0.3581031560897827,50.949363708496094,40.378238677978516,74.69771575927734,59.19921875,6.202855587005615,0.006330370903015137,6.9798583984375
1553,1.941250047821086e-05,0.21106074750423431,26.38063621520996,20.9071044921875,74.69771575927734,59.19921875,6.14072322845459,0.00481182336807251,6.7803955078125
1554,1.9425000573392026e-05,0.4046078026294708,10.851981163024902,8.600379943847656,74.69771575927734,59.19921875,5.485714912414551,0.006048321723937988,6.787841796875
1555,1.9437500668573193e-05,0.3611154556274414,47.776939392089844,37.86404037475586,74.69771575927734,59.19921875,6.735819339752197,0.005385279655456543,7.1790771484375
1556,1.945000076375436e-05,0.5136862397193909,40.74478530883789,32.29093933105469,74.69771575927734,59.19921875,8.2326078414917,0.0060141682624816895,6.828125
1557,1.9462500858935528e-05,0.39319857954978943,40.161705017089844,31.828838348388672,74.69771575927734,59.19921875,6.80001974105835,0.006042122840881348,6.8187255859375
1558,1.947499913512729e-05,0.30536800622940063,33.42826461791992,26.492469787597656,74.69771575927734,59.19921875,6.474223613739014,0.0066803693771362305,6.6226806640625
1559,1.9487499230308458e-05,0.4373193681240082,9.740171432495117,7.719252109527588,74.69771575927734,59.19921875,5.373643398284912,0.00647658109664917,6.643798828125
1560,1.9499999325489625e-05,0.4123775064945221,21.908981323242188,17.363243103027344,74.69771575927734,59.19921875,5.570051670074463,0.00685197114944458,6.5853271484375
1561,1.9512499420670792e-05,0.5088987946510315,21.846323013305664,17.313583374023438,74.69771575927734,59.19921875,12.95281982421875,0.005852758884429932,6.880615234375
1562,1.952499951585196e-05,0.2743901014328003,43.10246276855469,34.15943908691406,74.69771575927734,59.19921875,6.806081771850586,0.009647130966186523,6.9114990234375
1563,1.9537499611033127e-05,0.40779823064804077,42.45130920410156,33.64338684082031,74.69771575927734,59.19921875,7.655360698699951,0.005648553371429443,7.2786865234375
1564,1.9549999706214294e-05,0.34159335494041443,43.383323669433594,34.38202667236328,74.69771575927734,59.19921875,8.176398277282715,0.00604623556137085,7.439208984375
1565,1.956249980139546e-05,0.2581155300140381,44.85443878173828,35.547908782958984,74.69771575927734,59.19921875,6.7167487144470215,0.010589361190795898,6.83642578125
1566,1.9574999896576628e-05,0.40946853160858154,50.935211181640625,40.367027282714844,74.69771575927734,59.19921875,4.926738262176514,0.007380306720733643,6.5203857421875
1567,1.9587499991757795e-05,0.24777109920978546,33.82600784301758,26.807689666748047,74.69771575927734,59.19921875,6.757752895355225,0.006754636764526367,7.2467041015625
1568,1.9600000086938962e-05,0.3197500705718994,32.3021354675293,25.599994659423828,74.69771575927734,59.19921875,6.6308674812316895,0.007956922054290771,6.730712890625
1569,1.961250018212013e-05,0.31225791573524475,23.583148956298828,18.690048217773438,74.69771575927734,59.19921875,7.051559925079346,0.006250619888305664,6.6171875
1570,1.9625000277301297e-05,0.33783432841300964,36.65584182739258,29.05038070678711,74.69771575927734,59.19921875,5.6628098487854,0.007504403591156006,7.1011962890625
1571,1.9637500372482464e-05,0.2672298550605774,11.471763610839844,9.091567993164062,74.69771575927734,59.19921875,6.177370548248291,0.0049468278884887695,6.67529296875
1572,1.965000046766363e-05,0.2847781181335449,38.897735595703125,30.82712173461914,74.69771575927734,59.19921875,6.942529201507568,0.004603028297424316,7.2142333984375
1573,1.9662500562844798e-05,0.37718600034713745,48.19724655151367,38.1971435546875,74.69771575927734,59.19921875,5.510544300079346,0.006511867046356201,7.3040771484375
1574,1.9675000658025965e-05,0.3441771864891052,1.0054681301116943,0.7968506813049316,74.69771575927734,59.19921875,5.217235565185547,0.005608558654785156,7.6094970703125
1575,1.9687500753207132e-05,0.3912007212638855,23.44098663330078,18.577381134033203,74.69771575927734,59.19921875,5.469412803649902,0.006032347679138184,7.0277099609375
1576,1.97000008483883e-05,0.5152572989463806,25.824779510498047,20.46657943725586,74.69771575927734,59.19921875,5.556387901306152,0.006227314472198486,7.2305908203125
1577,1.9712499124580063e-05,0.23752450942993164,3.5319316387176514,2.7991161346435547,74.69771575927734,59.19921875,6.135370254516602,0.006883442401885986,6.6202392578125
1578,1.972499921976123e-05,0.49539870023727417,51.189212799072266,40.56832504272461,74.69771575927734,59.19921875,5.914007186889648,0.006592154502868652,6.3868408203125
1579,1.9737499314942397e-05,0.3004191517829895,53.44331741333008,42.354740142822266,74.69771575927734,59.19921875,7.761135101318359,0.007919788360595703,7.216064453125
1580,1.9749999410123564e-05,0.35534799098968506,20.489696502685547,16.238433837890625,74.69771575927734,59.19921875,5.331893444061279,0.006348729133605957,6.8006591796875
1581,1.976249950530473e-05,0.3281171917915344,44.9481086730957,35.62214660644531,74.69771575927734,59.19921875,6.34270715713501,0.007107079029083252,6.993896484375
1582,1.97749996004859e-05,0.27931591868400574,49.0855827331543,38.901161193847656,74.69771575927734,59.19921875,7.363613128662109,0.007668554782867432,6.46728515625
1583,1.9787499695667066e-05,0.33840951323509216,60.63457107543945,48.05393600463867,74.69771575927734,59.19921875,6.8235650062561035,0.0047432780265808105,7.291259765625
1584,1.9799999790848233e-05,0.238410085439682,65.22325134277344,51.6905403137207,75.8732681274414,60.130859375,6.192917823791504,0.006981253623962402,6.95703125
1585,1.98124998860294e-05,0.35519978404045105,52.22632598876953,41.390254974365234,75.8732681274414,60.130859375,6.187801361083984,0.008751511573791504,7.1812744140625
1586,1.9824999981210567e-05,0.2682839035987854,61.11623001098633,48.4356575012207,75.8732681274414,60.130859375,5.4539570808410645,0.006396055221557617,7.0660400390625
1587,1.9837500076391734e-05,0.2430434226989746,53.37314224243164,42.29912567138672,75.8732681274414,60.130859375,5.69677734375,0.007501184940338135,6.8651123046875
1588,1.98500001715729e-05,0.2275339961051941,3.959289312362671,3.1378045082092285,75.8732681274414,60.130859375,4.5981950759887695,0.00754702091217041,7.0323486328125
1589,1.986250026675407e-05,0.2976786196231842,0.8728675246238708,0.6917624473571777,75.8732681274414,60.130859375,6.405765533447266,0.0073487162590026855,6.4072265625
1590,1.9875000361935236e-05,0.21658113598823547,1.018033504486084,0.8068089485168457,75.8732681274414,60.130859375,5.806241512298584,0.006413519382476807,6.7305908203125
1591,1.9887500457116403e-05,0.24512846767902374,33.09623336791992,26.229331970214844,75.8732681274414,60.130859375,5.378570556640625,0.005469560623168945,6.9490966796875
1592,1.990000055229757e-05,0.18987862765789032,61.77763748168945,48.959835052490234,75.8732681274414,60.130859375,5.56712532043457,0.005014657974243164,6.5782470703125
1593,1.9912500647478737e-05,0.2964261472225189,47.3143310546875,37.49741744995117,75.8732681274414,60.130859375,7.438681125640869,0.00570368766784668,7.395751953125
1594,1.9925000742659904e-05,0.23539480566978455,43.43388366699219,34.422096252441406,75.8732681274414,60.130859375,5.442246437072754,0.007427096366882324,7.072509765625
1595,1.993750083784107e-05,0.22159303724765778,40.068748474121094,31.75516700744629,75.8732681274414,60.130859375,6.992771625518799,0.005220472812652588,7.326904296875
1596,1.9949999114032835e-05,0.21985115110874176,0.8870231509208679,0.7029809951782227,75.8732681274414,60.130859375,6.105644702911377,0.006345629692077637,6.5955810546875
1597,1.9962499209214002e-05,0.28913944959640503,51.42612075805664,40.756080627441406,75.8732681274414,60.130859375,6.566717624664307,0.007669568061828613,7.0057373046875
1598,1.997499930439517e-05,0.3158920407295227,43.91911315917969,34.80664825439453,75.8732681274414,60.130859375,6.539316177368164,0.005388021469116211,7.1268310546875
1599,1.9987499399576336e-05,0.30931752920150757,50.90863800048828,40.34596633911133,75.8732681274414,60.130859375,7.055830955505371,0.0052457451820373535,7.0823974609375
1600,1.9999999494757503e-05,0.4114523231983185,50.020408630371094,39.64202880859375,75.8732681274414,60.130859375,5.204341888427734,0.00796288251876831,6.6856689453125
1601,2.001249958993867e-05,0.2796841263771057,3.838256597518921,3.041883945465088,75.8732681274414,60.130859375,5.277863025665283,0.0067618489265441895,7.02197265625
1602,2.0024999685119838e-05,0.24251243472099304,43.30064392089844,34.31650161743164,75.8732681274414,60.130859375,5.759845733642578,0.004179596900939941,7.05859375
1603,2.0037499780301005e-05,0.30630359053611755,40.31123733520508,31.947343826293945,75.8732681274414,60.130859375,5.2314043045043945,0.009455740451812744,6.963623046875
1604,2.0049999875482172e-05,0.21517381072044373,46.37325668334961,36.7515983581543,75.8732681274414,60.130859375,7.318574905395508,0.00669550895690918,6.923095703125
1605,2.006249997066334e-05,0.24359583854675293,41.71427917480469,33.05928039550781,75.8732681274414,60.130859375,6.622076988220215,0.0048940181732177734,6.678466796875
1606,2.0075000065844506e-05,0.23415905237197876,53.51369094848633,42.41051483154297,75.8732681274414,60.130859375,5.645933151245117,0.005993008613586426,7.10693359375
1607,2.0087500161025673e-05,0.29369425773620605,43.20512771606445,34.24080276489258,75.8732681274414,60.130859375,6.470343112945557,0.004809975624084473,7.3115234375
1608,2.010000025620684e-05,0.24776172637939453,50.20374298095703,39.787322998046875,75.8732681274414,60.130859375,5.396284103393555,0.007236301898956299,6.2691650390625
1609,2.0112500351388007e-05,0.20556005835533142,10.420059204101562,8.258074760437012,75.8732681274414,60.130859375,6.23106050491333,0.00655210018157959,6.9036865234375
1610,2.0125000446569175e-05,0.19771407544612885,4.123200416564941,3.267706871032715,75.8732681274414,60.130859375,5.89626407623291,0.004921257495880127,7.17626953125
1611,2.013750054175034e-05,0.2120300531387329,21.001604080200195,16.64413070678711,75.8732681274414,60.130859375,7.524658203125,0.004725396633148193,6.8529052734375
1612,2.015000063693151e-05,0.20752876996994019,46.334747314453125,36.72107696533203,75.8732681274414,60.130859375,6.463160514831543,0.005264580249786377,6.919677734375
1613,2.0162500732112676e-05,0.23780986666679382,44.393795013427734,35.182838439941406,75.8732681274414,60.130859375,6.3443827629089355,0.004777282476425171,6.7515869140625
1614,2.0175000827293843e-05,0.30296894907951355,48.000640869140625,38.04132843017578,75.8732681274414,60.130859375,4.513457298278809,0.004600644111633301,6.7503662109375
1615,2.0187499103485607e-05,0.20969365537166595,1.0286837816238403,0.8152494430541992,75.8732681274414,60.130859375,6.256002426147461,0.004519522190093994,7.161865234375
1616,2.0199999198666774e-05,0.22096824645996094,9.971692085266113,7.902736186981201,75.8732681274414,60.130859375,5.066244125366211,0.006061136722564697,6.8154296875
1617,2.021249929384794e-05,0.21769605576992035,50.6043586730957,40.104820251464844,75.8732681274414,60.130859375,5.250202178955078,0.005670130252838135,6.7591552734375
1618,2.0224999389029108e-05,0.22097274661064148,54.53463363647461,43.219627380371094,75.8732681274414,60.130859375,6.559919834136963,0.005493640899658203,6.6104736328125
1619,2.0237499484210275e-05,0.24921001493930817,39.42471694946289,31.244762420654297,75.8732681274414,60.130859375,5.698841094970703,0.004888355731964111,6.701904296875
1620,2.0249999579391442e-05,0.24781250953674316,0.899315357208252,0.7127227783203125,75.8732681274414,60.130859375,5.696991920471191,0.007605493068695068,6.6578369140625
1621,2.026249967457261e-05,0.23937705159187317,11.401104927062988,9.03557014465332,75.8732681274414,60.130859375,12.021389961242676,0.005470335483551025,6.848388671875
1622,2.0274999769753776e-05,0.35581666231155396,55.42194747924805,43.9228401184082,75.8732681274414,60.130859375,6.438347339630127,0.006408870220184326,6.823974609375
1623,2.0287499864934944e-05,0.18939487636089325,43.71553421020508,34.64530944824219,75.8732681274414,60.130859375,6.207709312438965,0.006054520606994629,7.2484130859375
1624,2.029999996011611e-05,0.3990771770477295,4.408142566680908,3.493528366088867,75.8732681274414,60.130859375,5.986824035644531,0.004958093166351318,7.4339599609375
1625,2.0312500055297278e-05,0.31390300393104553,0.9374970197677612,0.7429823875427246,75.8732681274414,60.130859375,4.501561641693115,0.006905555725097656,6.7086181640625
1626,2.0325000150478445e-05,0.28380268812179565,1.033632516860962,0.8191714286804199,75.8732681274414,60.130859375,5.099599361419678,0.007363677024841309,6.4150390625
1627,2.0337500245659612e-05,0.34317103028297424,10.639479637145996,8.431968688964844,75.8732681274414,60.130859375,5.923707008361816,0.00540238618850708,7.2327880859375
1628,2.035000034084078e-05,0.2919658124446869,46.537254333496094,36.881568908691406,75.8732681274414,60.130859375,6.342595100402832,0.007666468620300293,6.7060546875
1629,2.0362500436021946e-05,0.30207037925720215,4.187721252441406,3.318840503692627,75.8732681274414,60.130859375,6.606989860534668,0.00773775577545166,6.652587890625
1630,2.0375000531203113e-05,0.2902889549732208,45.18757629394531,35.811927795410156,75.8732681274414,60.130859375,5.561251640319824,0.007857322692871094,7.0689697265625
1631,2.038750062638428e-05,0.25798913836479187,51.24925994873047,40.61591339111328,75.8732681274414,60.130859375,5.2050676345825195,0.005675971508026123,6.6273193359375
1632,2.0400000721565448e-05,0.32043635845184326,11.432601928710938,9.060531616210938,75.8732681274414,60.130859375,6.737314224243164,0.006026148796081543,7.21923828125
1633,2.0412500816746615e-05,0.2857387363910675,0.9112423062324524,0.722175121307373,75.8732681274414,60.130859375,6.1190948486328125,0.005392193794250488,7.2913818359375
1634,2.042499909293838e-05,0.26138609647750854,51.1829833984375,40.56338882446289,75.8732681274414,60.130859375,6.747575759887695,0.004597485065460205,7.732177734375
1635,2.0437499188119546e-05,0.31770583987236023,21.726665496826172,17.218753814697266,75.8732681274414,60.130859375,5.190094947814941,0.006943166255950928,7.07763671875
1636,2.0449999283300713e-05,0.22371286153793335,44.62618637084961,35.36701583862305,75.8732681274414,60.130859375,5.622224807739258,0.006177186965942383,7.204345703125
1637,2.046249937848188e-05,0.3310541808605194,36.598716735839844,29.005109786987305,75.8732681274414,60.130859375,6.353723526000977,0.009240150451660156,6.562744140625
1638,2.0474999473663047e-05,0.2031235545873642,44.34514236450195,35.144283294677734,75.8732681274414,60.130859375,6.583343982696533,0.0061116814613342285,6.362548828125
1639,2.0487499568844214e-05,0.3417849838733673,48.43561553955078,38.38605499267578,75.8732681274414,60.130859375,5.528903007507324,0.007293879985809326,7.2373046875
1640,2.049999966402538e-05,0.20859065651893616,48.406673431396484,38.36311721801758,75.8732681274414,60.130859375,5.6364521980285645,0.0059871673583984375,6.795654296875
1641,2.051249975920655e-05,0.30165255069732666,45.36438751220703,35.95205307006836,75.8732681274414,60.130859375,6.897401332855225,0.005555868148803711,6.9659423828125
1642,2.0524999854387715e-05,0.27459800243377686,0.9673671126365662,0.7666549682617188,75.8732681274414,60.130859375,6.542496204376221,0.007301986217498779,6.4036865234375
1643,2.0537499949568883e-05,0.2260693609714508,59.30514144897461,47.00033950805664,75.8732681274414,60.130859375,8.558355331420898,0.003548741340637207,7.2840576171875
1644,2.055000004475005e-05,0.3051629364490509,3.8007519245147705,3.0121607780456543,75.8732681274414,60.130859375,6.2469000816345215,0.01721656322479248,6.9700927734375
1645,2.0562500139931217e-05,0.2121497094631195,43.47821044921875,34.45722579956055,75.8732681274414,60.130859375,7.144250392913818,0.007916927337646484,7.16845703125
1646,2.0575000235112384e-05,0.2822408676147461,4.248456001281738,3.366973876953125,75.8732681274414,60.130859375,5.671661376953125,0.00650361180305481,7.0443115234375
1647,2.058750033029355e-05,0.28713998198509216,41.73810958862305,33.07816696166992,75.8732681274414,60.130859375,6.748509883880615,0.006155490875244141,6.8255615234375
1648,2.0600000425474718e-05,0.1928379386663437,56.41160583496094,44.70716094970703,75.8732681274414,60.130859375,6.661221504211426,0.008335411548614502,7.11083984375
1649,2.0612500520655885e-05,0.24752327799797058,10.432270050048828,8.267751693725586,75.8732681274414,60.130859375,4.758430480957031,0.007631838321685791,6.5426025390625
1650,2.0625000615837052e-05,0.2650245726108551,39.455787658691406,31.269386291503906,75.8732681274414,60.130859375,7.367967128753662,0.005319356918334961,6.807373046875
1651,2.063750071101822e-05,0.3208155930042267,53.577186584472656,42.46083450317383,75.8732681274414,60.130859375,6.618698596954346,0.007045626640319824,6.9095458984375
1652,2.0650000806199387e-05,0.21769723296165466,52.09466552734375,41.285911560058594,75.8732681274414,60.130859375,6.366817951202393,0.005840003490447998,6.5836181640625
1653,2.0662500901380554e-05,0.4233897924423218,44.49516677856445,35.263179779052734,75.8732681274414,60.130859375,6.507309436798096,0.0049394965171813965,7.38916015625
1654,2.0674999177572317e-05,0.2643277943134308,48.93299865722656,38.78023910522461,75.8732681274414,60.130859375,7.33998966217041,0.005311310291290283,7.0472412109375
1655,2.0687499272753485e-05,0.4233337640762329,21.418928146362305,16.97486686706543,75.8732681274414,60.130859375,6.753843307495117,0.006016910076141357,7.2330322265625
1656,2.069999936793465e-05,0.25268396735191345,50.37485122680664,39.92292785644531,75.8732681274414,60.130859375,6.555893898010254,0.006715118885040283,6.678466796875
1657,2.071249946311582e-05,0.3166407346725464,50.325748443603516,39.88401412963867,75.8732681274414,60.130859375,7.84611177444458,0.0053504109382629395,7.009521484375
1658,2.0724999558296986e-05,0.3099091649055481,11.096529006958008,8.794188499450684,75.8732681274414,60.130859375,5.8982930183410645,0.005629301071166992,7.1260986328125
1659,2.0737499653478153e-05,0.2859880328178406,36.94288635253906,29.277868270874023,75.8732681274414,60.130859375,6.110517978668213,0.006161093711853027,7.05126953125
1660,2.074999974865932e-05,0.3078025281429291,23.219467163085938,18.401824951171875,75.8732681274414,60.130859375,7.466164588928223,0.006963610649108887,6.660888671875
1661,2.0762499843840487e-05,0.35734978318214417,58.092430114746094,46.039241790771484,75.8732681274414,60.130859375,6.199703693389893,0.005035579204559326,7.0743408203125
1662,2.0774999939021654e-05,0.2586210072040558,33.4902458190918,26.541593551635742,75.8732681274414,60.130859375,6.2166428565979,0.005647599697113037,7.04443359375
1663,2.078750003420282e-05,0.24115504324436188,4.186842441558838,3.3181443214416504,75.8732681274414,60.130859375,6.819983005523682,0.005272656679153442,6.9393310546875
1664,2.080000012938399e-05,0.2155822217464447,31.946943283081055,25.318498611450195,75.8732681274414,60.130859375,6.676712512969971,0.008414983749389648,6.9473876953125
1665,2.0812500224565156e-05,0.27324190735816956,42.114540100097656,33.37649154663086,75.8732681274414,60.130859375,5.795567512512207,0.006850898265838623,6.6717529296875
1666,2.0825000319746323e-05,0.3213353455066681,4.156774520874023,3.2943148612976074,75.8732681274414,60.130859375,8.056269645690918,0.005312323570251465,7.015869140625
1667,2.083750041492749e-05,0.2492147535085678,44.6319694519043,35.37159729003906,75.8732681274414,60.130859375,8.101425170898438,0.005803942680358887,7.297607421875
1668,2.0850000510108657e-05,0.20592503249645233,56.484825134277344,44.76519012451172,75.8732681274414,60.130859375,8.199270248413086,0.007224619388580322,6.252197265625
1669,2.0862500605289824e-05,0.21267469227313995,10.384839057922363,8.230162620544434,75.8732681274414,60.130859375,6.946084976196289,0.005364716053009033,6.9332275390625
1670,2.087500070047099e-05,0.209228515625,0.9734542369842529,0.7714791297912598,75.8732681274414,60.130859375,6.112441062927246,0.005516469478607178,7.2320556640625
1671,2.088750079565216e-05,0.2391064316034317,32.81663131713867,26.007741928100586,75.8732681274414,60.130859375,6.095824241638184,0.007856130599975586,6.87548828125
1672,2.0900000890833326e-05,0.22490820288658142,44.197265625,35.0270881652832,75.8732681274414,60.130859375,7.831339359283447,0.006637096405029297,6.90185546875
1673,2.091249916702509e-05,0.21253055334091187,47.82134246826172,37.89923095703125,75.8732681274414,60.130859375,5.57968807220459,0.006141006946563721,6.7125244140625
1674,2.0924999262206256e-05,0.1858091950416565,54.06591796875,42.84816360473633,75.8732681274414,60.130859375,6.442527770996094,0.005686402320861816,6.7447509765625
1675,2.0937499357387424e-05,0.18923161923885345,52.6843376159668,41.753238677978516,75.8732681274414,60.130859375,7.5405144691467285,0.005511879920959473,7.2503662109375
1676,2.094999945256859e-05,0.19652970135211945,1.0434049367904663,0.8269162178039551,75.8732681274414,60.130859375,6.490504741668701,0.005978941917419434,6.84423828125
1677,2.0962499547749758e-05,0.17250967025756836,11.348251342773438,8.993682861328125,75.8732681274414,60.130859375,6.7644362449646,0.00487905740737915,6.7347412109375
1678,2.0974999642930925e-05,0.1710040271282196,0.9875599145889282,0.7826581001281738,75.8732681274414,60.130859375,6.372796535491943,0.005754530429840088,6.589111328125
1679,2.0987499738112092e-05,0.1922762244939804,4.309840679168701,3.4156222343444824,75.8732681274414,60.130859375,5.02690315246582,0.00601506233215332,6.65576171875
1680,2.099999983329326e-05,0.20676523447036743,0.9570002555847168,0.7584390640258789,75.8732681274414,60.130859375,6.320308208465576,0.004837751388549805,6.7144775390625
1681,2.1012499928474426e-05,0.20752279460430145,40.59918212890625,32.17554473876953,75.8732681274414,60.130859375,13.673242568969727,0.005563616752624512,6.8614501953125
1682,2.1025000023655593e-05,0.21949158608913422,53.962772369384766,42.76641845703125,75.8732681274414,60.130859375,8.22903060913086,0.006931960582733154,6.715576171875
1683,2.103750011883676e-05,0.20593485236167908,36.26054382324219,28.737102508544922,75.8732681274414,60.130859375,8.30605411529541,0.005277693271636963,7.2178955078125
1684,2.1050000214017928e-05,0.20003052055835724,22.327404022216797,17.694849014282227,75.8732681274414,60.130859375,6.30556583404541,0.00640946626663208,7.4775390625
1685,2.1062500309199095e-05,0.26107385754585266,32.75740432739258,25.960803985595703,75.8732681274414,60.130859375,6.5175628662109375,0.006579577922821045,6.752685546875
1686,2.1075000404380262e-05,0.29711902141571045,11.16612434387207,8.849344253540039,75.8732681274414,60.130859375,7.099185943603516,0.006148278713226318,6.5328369140625
1687,2.108750049956143e-05,0.19548097252845764,22.04610824584961,17.4719181060791,75.8732681274414,60.130859375,6.8257598876953125,0.005320489406585693,7.2452392578125
1688,2.1100000594742596e-05,0.21651135385036469,21.879579544067383,17.33993911743164,75.8732681274414,60.130859375,8.12620735168457,0.008070290088653564,6.716796875
1689,2.1112500689923763e-05,0.18569661676883698,46.526824951171875,36.8733024597168,75.8732681274414,60.130859375,7.776113510131836,0.00567278265953064,6.67333984375
1690,2.112500078510493e-05,0.19530481100082397,35.117828369140625,27.831478118896484,75.8732681274414,60.130859375,6.549458980560303,0.0038216710090637207,7.01025390625
1691,2.1137500880286098e-05,0.23030179738998413,46.15943145751953,36.58213806152344,75.8732681274414,60.130859375,6.188711643218994,0.006674289703369141,6.5789794921875
1692,2.114999915647786e-05,0.23478290438652039,24.755842208862305,19.619428634643555,75.8732681274414,60.130859375,7.109396934509277,0.004960775375366211,7.160400390625
1693,2.1162499251659028e-05,0.2829875349998474,20.370975494384766,16.144346237182617,75.8732681274414,60.130859375,5.607776641845703,0.005389690399169922,7.3194580078125
1694,2.1174999346840195e-05,0.25993746519088745,49.951019287109375,39.5870361328125,75.8732681274414,60.130859375,7.852273941040039,0.005338847637176514,7.601318359375
1695,2.1187499442021362e-05,0.45014896988868713,44.59983825683594,35.346134185791016,75.8732681274414,60.130859375,8.73837661743164,0.006685614585876465,7.080810546875
1696,2.119999953720253e-05,0.29077428579330444,52.25135040283203,41.41008758544922,75.8732681274414,60.130859375,9.067137718200684,0.006344318389892578,7.2548828125
1697,2.1212499632383697e-05,0.321411669254303,4.346446990966797,3.4446334838867188,75.8732681274414,60.130859375,5.716747283935547,0.008094310760498047,6.5794677734375
1698,2.1224999727564864e-05,0.2179916352033615,60.659507751464844,48.07369613647461,75.8732681274414,60.130859375,6.605533123016357,0.005202233791351318,6.36279296875
1699,2.123749982274603e-05,0.32103264331817627,46.3646240234375,36.74475860595703,75.8732681274414,60.130859375,8.245596885681152,0.005000472068786621,7.1805419921875
1700,2.1249999917927198e-05,0.2260809987783432,44.796688079833984,35.502140045166016,75.8732681274414,60.130859375,7.559316158294678,0.006342411041259766,6.7523193359375
1701,2.1262500013108365e-05,0.3273787796497345,4.323372840881348,3.426346778869629,75.8732681274414,60.130859375,6.088599681854248,0.00470501184463501,6.983154296875
1702,2.1275000108289532e-05,0.31756773591041565,33.37520217895508,26.45041847229004,75.8732681274414,60.130859375,5.272208213806152,0.005815565586090088,6.5174560546875
1703,2.12875002034707e-05,0.24555476009845734,63.522579193115234,50.34272766113281,75.8732681274414,60.130859375,7.804653644561768,0.004990100860595703,7.30810546875
1704,2.1300000298651867e-05,0.47758013010025024,0.9939978122711182,0.7877602577209473,75.8732681274414,60.130859375,5.346566200256348,0.005846977233886719,6.992919921875
1705,2.1312500393833034e-05,0.25218844413757324,10.343321800231934,8.197258949279785,75.8732681274414,60.130859375,5.539829730987549,0.006373941898345947,7.0504150390625
1706,2.13250004890142e-05,0.4011920392513275,31.869827270507812,25.257383346557617,75.8732681274414,60.130859375,6.2903828620910645,0.00595933198928833,7.01220703125
1707,2.1337500584195368e-05,0.3404754400253296,0.9591903686523438,0.7601747512817383,75.8732681274414,60.130859375,6.354323387145996,0.005894303321838379,6.8280029296875
1708,2.1350000679376535e-05,0.3483005464076996,9.08469009399414,7.199771881103516,75.8732681274414,60.130859375,5.5002031326293945,0.006420552730560303,7.1275634765625
1709,2.1362500774557702e-05,0.5002539157867432,54.15951156616211,42.922340393066406,75.8732681274414,60.130859375,5.815979480743408,0.00908738374710083,6.5926513671875
1710,2.137500086973887e-05,0.2955611050128937,21.0069580078125,16.648372650146484,75.8732681274414,60.130859375,6.23540735244751,0.0071617960929870605,6.819091796875
1711,2.1387499145930633e-05,0.5573286414146423,10.92535400390625,8.658529281616211,75.8732681274414,60.130859375,6.04188871383667,0.005688071250915527,6.8121337890625
1712,2.13999992411118e-05,0.1849602460861206,0.9626920819282532,0.7629499435424805,75.8732681274414,60.130859375,6.445267677307129,0.0065351128578186035,6.525390625
1713,2.1412499336292967e-05,0.5828544497489929,55.15250778198242,43.70930480957031,75.8732681274414,60.130859375,7.221829414367676,0.004622340202331543,7.3990478515625
1714,2.1424999431474134e-05,0.3656376600265503,45.56846237182617,36.11378479003906,75.8732681274414,60.130859375,5.665730953216553,0.006778359413146973,6.935546875
1715,2.14374995266553e-05,0.41075950860977173,4.32264518737793,3.4257702827453613,75.8732681274414,60.130859375,6.023519992828369,0.004701375961303711,7.3077392578125
1716,2.144999962183647e-05,0.4048806130886078,55.77643966674805,44.20378112792969,75.8732681274414,60.130859375,8.050329208374023,0.006964385509490967,6.658203125
1717,2.1462499717017636e-05,0.38034701347351074,52.2486572265625,41.407955169677734,75.8732681274414,60.130859375,7.592684745788574,0.00496751070022583,6.94580078125
1718,2.1474999812198803e-05,0.6225832104682922,49.896095275878906,39.54351043701172,75.8732681274414,60.130859375,7.570332050323486,0.0059964656829833984,7.1695556640625
1719,2.148749990737997e-05,0.2125496119260788,47.31303787231445,37.49639129638672,75.8732681274414,60.130859375,7.639942169189453,0.0050691962242126465,6.9840087890625
1720,2.1500000002561137e-05,0.6120188236236572,43.043338775634766,34.112579345703125,75.8732681274414,60.130859375,5.6813178062438965,0.007320046424865723,6.6461181640625
1721,2.1512500097742304e-05,0.312918096780777,49.87812805175781,39.52927017211914,75.8732681274414,60.130859375,8.06609058380127,0.006215989589691162,7.0517578125
1722,2.152500019292347e-05,0.49256432056427,55.24871826171875,43.785552978515625,75.8732681274414,60.130859375,6.696902751922607,0.0069165825843811035,6.962158203125
1723,2.153750028810464e-05,0.36955466866493225,42.074317932128906,33.3446159362793,75.8732681274414,60.130859375,5.467212200164795,0.005236983299255371,7.00927734375
1724,2.1550000383285806e-05,0.3787795603275299,56.44416427612305,44.73296356201172,75.8732681274414,60.130859375,7.40894079208374,0.00584036111831665,6.951171875
1725,2.1562500478466973e-05,0.2912377715110779,1.013126254081726,0.802919864654541,75.8732681274414,60.130859375,6.457769393920898,0.006701648235321045,6.64599609375
1726,2.157500057364814e-05,0.4061174988746643,21.436458587646484,16.988759994506836,75.8732681274414,60.130859375,8.003443717956543,0.00495535135269165,7.0869140625
1727,2.1587500668829307e-05,0.3136511445045471,62.02726364135742,49.15766525268555,75.8732681274414,60.130859375,6.281655788421631,0.0048452019691467285,7.2796630859375
1728,2.1600000764010474e-05,0.3029989004135132,59.79323959350586,47.38716506958008,75.8732681274414,60.130859375,7.827967643737793,0.006615161895751953,6.2593994140625
1729,2.161250085919164e-05,0.24083077907562256,10.845170974731445,8.59498405456543,75.8732681274414,60.130859375,6.9885993003845215,0.004798531532287598,6.9102783203125
1730,2.1624999135383405e-05,0.25037798285484314,48.26419448852539,38.25019836425781,75.8732681274414,60.130859375,5.6557416915893555,0.005158722400665283,7.31640625
1731,2.1637499230564572e-05,0.312643438577652,51.3019905090332,40.6577033996582,75.8732681274414,60.130859375,6.217566967010498,0.00654292106628418,6.8348388671875
1732,2.164999932574574e-05,0.21742168068885803,45.40324020385742,35.982845306396484,75.8732681274414,60.130859375,6.151399612426758,0.006678581237792969,6.8365478515625
1733,2.1662499420926906e-05,0.3175683617591858,32.68708419799805,25.905073165893555,75.8732681274414,60.130859375,6.240489482879639,0.005819201469421387,6.7110595703125
1734,2.1674999516108073e-05,0.18610087037086487,53.94778823852539,42.75454330444336,75.8732681274414,60.130859375,7.493169784545898,0.0046836137771606445,6.66162109375
1735,2.168749961128924e-05,0.30943095684051514,54.02371597290039,42.814720153808594,75.8732681274414,60.130859375,5.739819049835205,0.005071520805358887,7.2362060546875
1736,2.1699999706470408e-05,0.22360339760780334,47.48751449584961,37.634666442871094,75.8732681274414,60.130859375,6.598329067230225,0.004398167133331299,6.86572265625
1737,2.1712499801651575e-05,0.3043605089187622,60.643733978271484,48.061195373535156,75.8732681274414,60.130859375,6.080794811248779,0.003951311111450195,6.73046875
1738,2.1724999896832742e-05,0.27836236357688904,10.240503311157227,8.115774154663086,75.8732681274414,60.130859375,6.138826370239258,0.00531381368637085,6.63037109375
1739,2.173749999201391e-05,0.21327383816242218,35.95241165161133,28.492900848388672,75.8732681274414,60.130859375,6.696045875549316,0.007046103477478027,6.6993408203125
1740,2.1750000087195076e-05,0.31516262888908386,44.27389907836914,35.08782196044922,75.8732681274414,60.130859375,6.83203125,0.006074786186218262,6.8385009765625
1741,2.1762500182376243e-05,0.17799557745456696,10.555541038513184,8.365446090698242,75.8732681274414,60.130859375,12.49559211730957,0.006204515695571899,6.7606201171875
1742,2.177500027755741e-05,0.314716100692749,4.186307907104492,3.317720413208008,75.8732681274414,60.130859375,6.431967258453369,0.006857454776763916,6.7301025390625
1743,2.1787500372738577e-05,0.16813838481903076,56.2506103515625,44.57957077026367,75.8732681274414,60.130859375,6.721545219421387,0.005033910274505615,7.095703125
1744,2.1800000467919745e-05,0.32198911905288696,23.108272552490234,18.313701629638672,75.8732681274414,60.130859375,6.290614604949951,0.004087626934051514,7.533203125
1745,2.181250056310091e-05,0.28936922550201416,22.643699645996094,17.945518493652344,75.8732681274414,60.130859375,5.018800735473633,0.00746387243270874,6.75634765625
1746,2.182500065828208e-05,0.19149483740329742,10.820453643798828,8.575393676757812,75.8732681274414,60.130859375,7.795610427856445,0.006754934787750244,6.6075439453125
1747,2.1837500753463246e-05,0.2840815782546997,51.99798583984375,41.209293365478516,75.8732681274414,60.130859375,7.322246074676514,0.005320549011230469,7.3197021484375
1748,2.1850000848644413e-05,0.2998485267162323,57.635440826416016,45.67707061767578,75.8732681274414,60.130859375,8.201927185058594,0.005566924810409546,6.681396484375
1749,2.1862499124836177e-05,0.2106209546327591,45.17961502075195,35.80561828613281,75.8732681274414,60.130859375,6.544261455535889,0.006728470325469971,6.677001953125
1750,2.1874999220017344e-05,0.26747700572013855,12.106745719909668,9.594802856445312,75.8732681274414,60.130859375,6.556056976318359,0.0042912960052490234,6.9161376953125
1751,2.188749931519851e-05,0.21040159463882446,47.10170364379883,37.32890701293945,75.8732681274414,60.130859375,5.985574722290039,0.00443112850189209,6.5521240234375
1752,2.1899999410379678e-05,0.2623277008533478,41.325721740722656,32.751338958740234,75.8732681274414,60.130859375,5.366703033447266,0.0048184990882873535,7.220703125
1753,2.1912499505560845e-05,0.25089171528816223,55.10651779174805,43.67285919189453,75.8732681274414,60.130859375,7.798372745513916,0.004918932914733887,7.2567138671875
1754,2.1924999600742012e-05,0.35986608266830444,23.57386016845703,18.682687759399414,75.8732681274414,60.130859375,5.5497727394104,0.004698574542999268,7.4849853515625
1755,2.193749969592318e-05,0.2013360559940338,38.88541793823242,30.817359924316406,75.8732681274414,60.130859375,6.9713521003723145,0.004734039306640625,7.0584716796875
1756,2.1949999791104347e-05,0.2578728199005127,51.448890686035156,40.77412414550781,75.8732681274414,60.130859375,6.455816268920898,0.00473552942276001,7.1842041015625
1757,2.1962499886285514e-05,0.24405063688755035,4.12296724319458,3.267521858215332,75.8732681274414,60.130859375,6.667088508605957,0.006475627422332764,6.578857421875
1758,2.197499998146668e-05,0.24312207102775574,1.0442556142807007,0.8275904655456543,75.8732681274414,60.130859375,5.3750200271606445,0.004649221897125244,6.4066162109375
1759,2.1987500076647848e-05,0.25869590044021606,41.249725341796875,32.69111251831055,75.8732681274414,60.130859375,7.013806343078613,0.004363059997558594,7.1004638671875
1760,2.2000000171829015e-05,0.26937225461006165,10.58871078491211,8.391735076904297,75.8732681274414,60.130859375,5.583308219909668,0.005187630653381348,6.6959228515625
1761,2.2012500267010182e-05,0.22130317986011505,49.8349609375,39.495059967041016,75.8732681274414,60.130859375,7.378322601318359,0.005095303058624268,7.0126953125
1762,2.202500036219135e-05,0.2779689431190491,38.463531494140625,30.48300552368164,75.8732681274414,60.130859375,7.324162483215332,0.005499064922332764,6.5050048828125
1763,2.2037500457372516e-05,0.3096458613872528,35.48604202270508,28.123294830322266,75.8732681274414,60.130859375,6.886672019958496,0.0060122013092041016,7.3267822265625
1764,2.2050000552553684e-05,0.22631396353244781,4.03593111038208,3.198544502258301,75.8732681274414,60.130859375,5.800296783447266,0.004408776760101318,7.0867919921875
1765,2.206250064773485e-05,0.28318169713020325,46.46846008300781,36.827049255371094,75.8732681274414,60.130859375,6.177233695983887,0.005535602569580078,7.1085205078125
1766,2.2075000742916018e-05,0.19653619825839996,0.919076144695282,0.7283835411071777,75.8732681274414,60.130859375,5.4762349128723145,0.005099296569824219,6.9866943359375
1767,2.2087500838097185e-05,0.2716529667377472,22.644729614257812,17.946334838867188,75.8732681274414,60.130859375,4.41933012008667,0.006495773792266846,6.96728515625
1768,2.209999911428895e-05,0.19908978044986725,1.0301710367202759,0.8164281845092773,75.8732681274414,60.130859375,6.907314777374268,0.006600081920623779,7.15185546875
1769,2.2112499209470116e-05,0.2511199712753296,59.71962356567383,47.32882308959961,75.8732681274414,60.130859375,8.050982475280762,0.006091713905334473,6.52001953125
1770,2.2124999304651283e-05,0.29360681772232056,57.61687469482422,45.662357330322266,75.8732681274414,60.130859375,8.249505996704102,0.00562894344329834,6.8135986328125
1771,2.213749939983245e-05,0.2504715621471405,35.206390380859375,27.90166664123535,75.8732681274414,60.130859375,6.45338773727417,0.006970643997192383,6.85107421875
1772,2.2149999495013617e-05,0.318236380815506,47.41781234741211,37.57942581176758,75.8732681274414,60.130859375,5.921458721160889,0.0056365132331848145,6.5665283203125
1773,2.2162499590194784e-05,0.24976249039173126,24.677001953125,19.55694580078125,75.8732681274414,60.130859375,5.522238254547119,0.004895389080047607,7.3948974609375
1774,2.217499968537595e-05,0.2682666480541229,49.394046783447266,39.145626068115234,75.8732681274414,60.130859375,6.508059501647949,0.005114912986755371,6.930908203125
1775,2.218749978055712e-05,0.31097444891929626,36.18778991699219,28.679441452026367,75.8732681274414,60.130859375,6.604721546173096,0.007135570049285889,7.3677978515625
1776,2.2199999875738285e-05,0.2147439867258072,22.010648727416992,17.443815231323242,75.8732681274414,60.130859375,5.701848030090332,0.0070403218269348145,6.6468505859375
1777,2.2212499970919453e-05,0.32694685459136963,22.484861373901367,17.819637298583984,75.8732681274414,60.130859375,6.078988075256348,0.006540954113006592,6.94091796875
1778,2.222500006610062e-05,0.3567584753036499,10.53648567199707,8.350345611572266,75.8732681274414,60.130859375,5.056419372558594,0.00546419620513916,7.1368408203125
1779,2.2237500161281787e-05,0.2704665958881378,37.75761795043945,29.923559188842773,75.8732681274414,60.130859375,6.1005401611328125,0.004392802715301514,6.8834228515625
1780,2.2250000256462954e-05,0.20586855709552765,11.557365417480469,9.159409523010254,75.8732681274414,60.130859375,6.42626428604126,0.004579782485961914,6.6370849609375
1781,2.226250035164412e-05,0.35729482769966125,56.03527069091797,44.408912658691406,75.8732681274414,60.130859375,9.279505729675293,0.007036745548248291,7.0806884765625
1782,2.2275000446825288e-05,0.27809473872184753,10.735213279724121,8.50783920288086,75.8732681274414,60.130859375,7.386297225952148,0.007113397121429443,6.9278564453125
1783,2.2287500542006455e-05,0.22161291539669037,30.529695510864258,24.19530487060547,75.8732681274414,60.130859375,7.143046855926514,0.005561351776123047,7.0245361328125
1784,2.2300000637187622e-05,0.2191845327615738,11.3856782913208,9.023344993591309,75.8732681274414,60.130859375,5.579183578491211,0.007223725318908691,6.821533203125
1785,2.231250073236879e-05,0.3029797077178955,48.544132232666016,38.4720573425293,75.8732681274414,60.130859375,8.699956893920898,0.006275832653045654,6.81396484375
1786,2.2325000827549957e-05,0.20195825397968292,1.0319207906723022,0.817814826965332,75.8732681274414,60.130859375,6.823389530181885,0.005788564682006836,7.1197509765625
1787,2.233749910374172e-05,0.41713640093803406,21.75035858154297,17.237529754638672,75.8732681274414,60.130859375,8.677340507507324,0.0051535964012146,7.24462890625
1788,2.2349999198922887e-05,0.24590159952640533,45.26921081542969,35.87662124633789,75.8732681274414,60.130859375,7.366692066192627,0.0063416361808776855,6.202880859375
1789,2.2362499294104055e-05,0.3271331787109375,4.301447868347168,3.408970832824707,75.8732681274414,60.130859375,6.103732109069824,0.0067702531814575195,6.93994140625
1790,2.2374999389285222e-05,0.24704676866531372,55.29586410522461,43.82291793823242,75.8732681274414,60.130859375,5.6831440925598145,0.004756450653076172,7.3277587890625
1791,2.238749948446639e-05,0.2757413685321808,47.580322265625,37.70821762084961,75.8732681274414,60.130859375,7.29199743270874,0.005309045314788818,6.8424072265625
1792,2.2399999579647556e-05,0.2882176637649536,22.22210121154785,17.61139488220215,75.8732681274414,60.130859375,6.0907979011535645,0.006325066089630127,6.7977294921875
1793,2.2412499674828723e-05,0.2306428849697113,48.94935607910156,38.7932014465332,75.8732681274414,60.130859375,5.492032051086426,0.005177617073059082,6.7139892578125
1794,2.242499977000989e-05,0.29549503326416016,46.70888137817383,37.01758575439453,75.8732681274414,60.130859375,5.31773567199707,0.005138099193572998,6.4947509765625
1795,2.2437499865191057e-05,0.2749616503715515,43.7601203918457,34.68064498901367,75.8732681274414,60.130859375,7.762566566467285,0.00462949275970459,7.220458984375
1796,2.2449999960372224e-05,0.2708054482936859,23.1005802154541,18.307605743408203,75.8732681274414,60.130859375,6.863173484802246,0.00896763801574707,6.7694091796875
1797,2.246250005555339e-05,0.23918573558330536,23.321889877319336,18.48299789428711,75.8732681274414,60.130859375,6.015568733215332,0.005604386329650879,6.7078857421875
1798,2.247500015073456e-05,0.28258341550827026,42.516944885253906,33.695404052734375,75.8732681274414,60.130859375,7.471920967102051,0.005793154239654541,6.5789794921875
1799,2.2487500245915726e-05,0.23971742391586304,54.842140197753906,43.46333312988281,75.8732681274414,60.130859375,8.005542755126953,0.005881965160369873,6.714111328125
1800,2.2500000341096893e-05,0.2877212166786194,27.487464904785156,21.784284591674805,75.8732681274414,60.130859375,7.939746379852295,0.00638425350189209,6.7362060546875
1801,2.251250043627806e-05,0.2768724262714386,23.979822158813477,19.004417419433594,75.8732681274414,60.130859375,14.839889526367188,0.005240678787231445,6.8262939453125
1802,2.2525000531459227e-05,0.23692242801189423,51.26994705200195,40.63230895996094,75.8732681274414,60.130859375,6.866937160491943,0.00571894645690918,6.8052978515625
1803,2.2537500626640394e-05,0.5078925490379333,36.389312744140625,28.83915138244629,75.8732681274414,60.130859375,8.342277526855469,0.004137516021728516,7.0799560546875
1804,2.255000072182156e-05,0.38747990131378174,52.149269104003906,41.329185485839844,75.8732681274414,60.130859375,7.775768756866455,0.005063116550445557,7.5240478515625
1805,2.256250081700273e-05,0.390114963054657,0.9795648455619812,0.7763218879699707,75.8732681274414,60.130859375,6.469612121582031,0.004929661750793457,6.7513427734375
1806,2.2574999093194492e-05,0.43558332324028015,4.320812225341797,3.4243173599243164,75.8732681274414,60.130859375,5.095792293548584,0.005990833044052124,6.62890625
1807,2.258749918837566e-05,0.3397444784641266,44.10673141479492,34.95533752441406,75.8732681274414,60.130859375,8.060441970825195,0.006116986274719238,7.331787109375
1808,2.2599999283556826e-05,0.42078736424446106,1.0663797855377197,0.8451242446899414,75.8732681274414,60.130859375,5.4984869956970215,0.007294833660125732,6.6932373046875
1809,2.2612499378737994e-05,0.32003602385520935,43.652915954589844,34.595680236816406,75.8732681274414,60.130859375,6.076727867126465,0.007544398307800293,6.6644287109375
1810,2.262499947391916e-05,0.4831627309322357,3.9716296195983887,3.1475844383239746,75.8732681274414,60.130859375,7.780235290527344,0.004980266094207764,6.962890625
1811,2.2637499569100328e-05,0.48891425132751465,53.446136474609375,42.35697555541992,75.8732681274414,60.130859375,6.187874794006348,0.005320549011230469,6.4715576171875
1812,2.2649999664281495e-05,0.368509978055954,41.493202209472656,32.884071350097656,75.8732681274414,60.130859375,4.99392557144165,0.006605923175811768,7.1820068359375
1813,2.2662499759462662e-05,0.3679688274860382,22.15361976623535,17.5571231842041,75.8732681274414,60.130859375,6.3869428634643555,0.006281793117523193,7.2996826171875
1814,2.267499985464383e-05,0.27595552802085876,53.89482116699219,42.71256637573242,75.8732681274414,60.130859375,7.9918293952941895,0.0044977664947509766,7.52685546875
1815,2.2687499949824996e-05,0.3910104036331177,42.981807708740234,34.06381607055664,75.8732681274414,60.130859375,7.9039692878723145,0.004613220691680908,7.0771484375
1816,2.2700000045006163e-05,0.2789878249168396,41.430484771728516,32.83436584472656,75.8732681274414,60.130859375,5.938514709472656,0.006310641765594482,7.1744384765625
1817,2.271250014018733e-05,0.3079869747161865,0.9774289131164551,0.7746291160583496,75.8732681274414,60.130859375,6.968222618103027,0.00708848237991333,6.6412353515625
1818,2.2725000235368498e-05,0.2405991554260254,4.136602401733398,3.2783279418945312,75.8732681274414,60.130859375,6.838868618011475,0.005533158779144287,6.4920654296875
1819,2.2737500330549665e-05,0.301853746175766,41.26715850830078,32.70492935180664,75.8732681274414,60.130859375,6.099876403808594,0.005926072597503662,7.0899658203125
1820,2.2750000425730832e-05,0.26416105031967163,40.441864013671875,32.05086898803711,75.8732681274414,60.130859375,6.392387390136719,0.0053351521492004395,6.7767333984375
1821,2.2762500520912e-05,0.28755974769592285,47.275421142578125,37.46657943725586,75.8732681274414,60.130859375,7.278502464294434,0.004292666912078857,7.0032958984375
1822,2.2775000616093166e-05,0.31785285472869873,51.48861312866211,40.805606842041016,75.8732681274414,60.130859375,7.106753826141357,0.005450248718261719,6.4677734375
1823,2.2787500711274333e-05,0.3519919216632843,47.94390106201172,37.996360778808594,75.8732681274414,60.130859375,6.40054178237915,0.004758119583129883,7.321533203125
1824,2.28000008064555e-05,0.3424755930900574,10.60073471069336,8.401263236999512,75.8732681274414,60.130859375,7.242234230041504,0.00459444522857666,7.035888671875
1825,2.2812500901636668e-05,0.415299654006958,1.0650663375854492,0.844083309173584,75.8732681274414,60.130859375,6.496743679046631,0.005250692367553711,7.08837890625
1826,2.282499917782843e-05,0.2668718099594116,42.1800422668457,33.428401947021484,75.8732681274414,60.130859375,6.92897367477417,0.005013465881347656,7.1036376953125
1827,2.2837499273009598e-05,0.3450009822845459,64.93717193603516,51.46381759643555,75.8732681274414,60.130859375,9.94996452331543,0.007028102874755859,6.95263671875
1828,2.2849999368190765e-05,0.3467060923576355,47.809326171875,37.88970947265625,75.8732681274414,60.130859375,7.694195747375488,0.00778883695602417,7.224853515625
1829,2.2862499463371933e-05,0.3191908299922943,38.87791061401367,30.81140899658203,75.8732681274414,60.130859375,8.126115798950195,0.005482494831085205,6.5369873046875
1830,2.28749995585531e-05,0.3056487739086151,54.757057189941406,43.395904541015625,75.8732681274414,60.130859375,5.742641925811768,0.005729377269744873,6.8470458984375
1831,2.2887499653734267e-05,0.3771408200263977,0.9904533624649048,0.7849512100219727,75.8732681274414,60.130859375,6.591665267944336,0.005613863468170166,6.75439453125
1832,2.2899999748915434e-05,0.35084185004234314,50.62163543701172,40.11851119995117,75.8732681274414,60.130859375,8.08187198638916,0.005471855401992798,6.5274658203125
1833,2.29124998440966e-05,0.2736204266548157,57.6492919921875,45.68804931640625,75.8732681274414,60.130859375,5.620728492736816,0.0036377906799316406,7.417724609375
1834,2.2924999939277768e-05,0.36388644576072693,1.014805555343628,0.8042507171630859,75.8732681274414,60.130859375,6.272972583770752,0.00478285551071167,6.8988037109375
1835,2.2937500034458935e-05,0.2560662031173706,61.05066680908203,48.383697509765625,75.8732681274414,60.130859375,6.668088912963867,0.004687011241912842,7.376953125
1836,2.2950000129640102e-05,0.24488046765327454,39.27006530761719,31.122196197509766,75.8732681274414,60.130859375,8.037788391113281,0.005638182163238525,6.70458984375
1837,2.296250022482127e-05,0.20295965671539307,1.0453952550888062,0.828493595123291,75.8732681274414,60.130859375,6.948579788208008,0.0061149001121521,6.96826171875
1838,2.2975000320002437e-05,0.3287617266178131,48.17559051513672,38.17997741699219,75.8732681274414,60.130859375,6.4352593421936035,0.005876660346984863,7.1829833984375
1839,2.2987500415183604e-05,0.2206350415945053,54.64438247680664,43.30660629272461,75.8732681274414,60.130859375,6.37349796295166,0.003954052925109863,6.873046875
1840,2.300000051036477e-05,0.287761926651001,3.9546546936035156,3.13413143157959,75.8732681274414,60.130859375,6.311295509338379,0.00452035665512085,6.655517578125
1841,2.3012500605545938e-05,0.24676518142223358,49.48005294799805,39.21379089355469,75.8732681274414,60.130859375,7.790152549743652,0.0059983134269714355,7.0687255859375
1842,2.3025000700727105e-05,0.2394338995218277,50.91729736328125,40.35282897949219,75.8732681274414,60.130859375,6.313758850097656,0.005427658557891846,6.8975830078125
1843,2.3037500795908272e-05,0.2386297881603241,33.857723236083984,26.83282470703125,75.8732681274414,60.130859375,5.184918403625488,0.0052408576011657715,6.98291015625
1844,2.305000089108944e-05,0.22625695168972015,51.49494934082031,40.81062698364258,75.8732681274414,60.130859375,5.1275458335876465,0.005548715591430664,6.842041015625
1845,2.3062499167281203e-05,0.23854875564575195,60.12101364135742,47.64693069458008,75.8732681274414,60.130859375,5.684748649597168,0.004527688026428223,6.7979736328125
1846,2.307499926246237e-05,0.22750337421894073,52.24748611450195,41.40702819824219,75.8732681274414,60.130859375,8.171355247497559,0.004065096378326416,7.172119140625
1847,2.3087499357643537e-05,0.20239990949630737,63.107421875,50.013710021972656,75.8732681274414,60.130859375,6.353137969970703,0.0050691962242126465,7.27880859375
1848,2.3099999452824704e-05,0.21383918821811676,4.25441312789917,3.371695041656494,75.8732681274414,60.130859375,8.548644065856934,0.007329881191253662,6.18798828125
1849,2.311249954800587e-05,0.2007269263267517,52.50103759765625,41.607967376708984,75.8732681274414,60.130859375,6.822710990905762,0.007183492183685303,6.906494140625
1850,2.312499964318704e-05,0.24618886411190033,43.75837707519531,34.679264068603516,75.8732681274414,60.130859375,7.891810894012451,0.006116688251495361,7.292236328125
1851,2.3137499738368206e-05,0.21275390684604645,57.04719543457031,45.21087646484375,75.8732681274414,60.130859375,8.550021171569824,0.005695044994354248,6.8355712890625
1852,2.3149999833549373e-05,0.24725337326526642,1.0827454328536987,0.8580942153930664,75.8732681274414,60.130859375,6.472559452056885,0.005193918943405151,6.8310546875
1853,2.316249992873054e-05,0.19648294150829315,54.371299743652344,43.09018325805664,75.8732681274414,60.130859375,7.318959712982178,0.005710780620574951,6.70361328125
1854,2.3175000023911707e-05,0.2459353804588318,3.5828921794891357,2.839503288269043,75.8732681274414,60.130859375,5.419061183929443,0.004702627658843994,6.528076171875
1855,2.3187500119092874e-05,0.2516884505748749,46.11667251586914,36.54825210571289,75.8732681274414,60.130859375,8.385857582092285,0.004336029291152954,7.1942138671875
1856,2.320000021427404e-05,0.187766894698143,59.03705978393555,46.78787612915039,75.8732681274414,60.130859375,6.465653896331787,0.0048874616622924805,6.8004150390625
1857,2.321250030945521e-05,0.23887234926223755,46.28688430786133,36.68314743041992,75.8732681274414,60.130859375,8.144137382507324,0.0046732425689697266,6.671142578125
1858,2.3225000404636376e-05,0.25338056683540344,56.9157829284668,45.10673141479492,75.8732681274414,60.130859375,5.782017230987549,0.004997134208679199,6.5699462890625
1859,2.3237500499817543e-05,0.22418232262134552,22.38609504699707,17.741363525390625,75.8732681274414,60.130859375,7.126456260681152,0.00614088773727417,6.6351318359375
1860,2.325000059499871e-05,0.23846738040447235,20.985673904418945,16.631505966186523,75.8732681274414,60.130859375,7.105903625488281,0.004232227802276611,6.715576171875
1861,2.3262500690179877e-05,0.29330718517303467,35.90109634399414,28.452232360839844,75.8732681274414,60.130859375,13.585376739501953,0.007863163948059082,6.8001708984375
1862,2.3275000785361044e-05,0.24706554412841797,3.9491560459136963,3.1297736167907715,75.8732681274414,60.130859375,6.215056896209717,0.004750669002532959,6.7999267578125
1863,2.328750088054221e-05,0.2584141790866852,60.842838287353516,48.218990325927734,75.8732681274414,60.130859375,8.548039436340332,0.0038213729858398438,7.01123046875
1864,2.3299999156733975e-05,0.2605487108230591,53.64232635498047,42.5124626159668,75.8732681274414,60.130859375,7.061657905578613,0.004809141159057617,7.549560546875
1865,2.3312499251915142e-05,0.2229073941707611,4.617840766906738,3.659717559814453,75.8732681274414,60.130859375,6.894860744476318,0.006302595138549805,6.8251953125
1866,2.332499934709631e-05,0.24794599413871765,47.75510025024414,37.84673309326172,75.8732681274414,60.130859375,5.746311664581299,0.004952371120452881,6.6802978515625
1867,2.3337499442277476e-05,0.213854119181633,44.17057800292969,35.00593566894531,75.8732681274414,60.130859375,6.455785274505615,0.005482375621795654,7.3238525390625
1868,2.3349999537458643e-05,0.20724530518054962,44.680328369140625,35.4099235534668,75.8732681274414,60.130859375,9.207562446594238,0.0051138997077941895,6.773193359375
1869,2.336249963263981e-05,0.17948713898658752,38.7940559387207,30.744951248168945,75.8732681274414,60.130859375,8.034196853637695,0.005204737186431885,6.67919921875
1870,2.3374999727820978e-05,0.2194449007511139,41.83497619628906,33.15493392944336,75.8732681274414,60.130859375,9.009689331054688,0.003992676734924316,7.0333251953125
1871,2.3387499823002145e-05,0.28464382886886597,59.92926025390625,47.494964599609375,75.8732681274414,60.130859375,7.108802318572998,0.004908233880996704,6.485107421875
1872,2.3399999918183312e-05,0.18757210671901703,10.97768497467041,8.700002670288086,75.8732681274414,60.130859375,6.4735870361328125,0.005965232849121094,7.16015625
1873,2.341250001336448e-05,0.19801096618175507,48.010860443115234,38.0494270324707,75.8732681274414,60.130859375,6.5334978103637695,0.004832148551940918,7.2193603515625
1874,2.3425000108545646e-05,0.20966099202632904,20.45095443725586,16.20772933959961,75.8732681274414,60.130859375,7.478823184967041,0.005070686340332031,7.55224609375
1875,2.3437500203726813e-05,0.23011964559555054,9.75954532623291,7.7346062660217285,75.8732681274414,60.130859375,5.754904270172119,0.004827678203582764,6.9766845703125
1876,2.345000029890798e-05,0.25298336148262024,46.47087478637695,36.82896041870117,75.8732681274414,60.130859375,5.8288493156433105,0.006171554327011108,7.198486328125
1877,2.3462500394089147e-05,0.2153950184583664,46.90566635131836,37.17354202270508,75.8732681274414,60.130859375,6.024013996124268,0.005542457103729248,6.7406005859375
1878,2.3475000489270315e-05,0.2169206142425537,10.349838256835938,8.202423095703125,75.8732681274414,60.130859375,7.203629970550537,0.004952728748321533,6.5115966796875
1879,2.3487500584451482e-05,0.25630420446395874,45.93062210083008,36.40080261230469,75.8732681274414,60.130859375,8.115199089050293,0.006708323955535889,7.01025390625
1880,2.350000067963265e-05,0.19117102026939392,11.24129581451416,8.908918380737305,75.8732681274414,60.130859375,6.356468200683594,0.006552398204803467,6.74658203125
1881,2.3512500774813816e-05,0.18365396559238434,54.53371810913086,43.218902587890625,75.8732681274414,60.130859375,5.855079174041748,0.005299389362335205,6.9281005859375
1882,2.3525000869994983e-05,0.20453239977359772,4.262124061584473,3.3778061866760254,75.8732681274414,60.130859375,5.94979190826416,0.007405400276184082,6.4227294921875
1883,2.3537499146186747e-05,0.1700606495141983,44.42025375366211,35.20381164550781,75.8732681274414,60.130859375,7.425831317901611,0.003611922264099121,7.2711181640625
1884,2.3549999241367914e-05,0.25077521800994873,11.494671821594238,9.109724044799805,75.8732681274414,60.130859375,6.493936538696289,0.003819704055786133,6.9739990234375
1885,2.356249933654908e-05,0.19287045300006866,46.52541732788086,36.872188568115234,75.8732681274414,60.130859375,6.495930194854736,0.004073739051818848,7.213134765625
1886,2.3574999431730248e-05,0.2507268786430359,59.066261291503906,46.81101989746094,75.8732681274414,60.130859375,8.143243789672852,0.004853188991546631,6.9913330078125
1887,2.3587499526911415e-05,0.2048528492450714,21.526567459106445,17.06017303466797,75.8732681274414,60.130859375,7.192455768585205,0.005123734474182129,6.8973388671875
1888,2.3599999622092582e-05,0.2524768114089966,49.51759719848633,39.2435417175293,75.8732681274414,60.130859375,6.372566223144531,0.006551623344421387,7.2757568359375
1889,2.361249971727375e-05,0.23320099711418152,46.58402633666992,36.918636322021484,75.8732681274414,60.130859375,7.23422384262085,0.005612492561340332,6.538818359375
1890,2.3624999812454917e-05,0.29516682028770447,46.79112243652344,37.082763671875,75.8732681274414,60.130859375,8.836159706115723,0.004153072834014893,6.8155517578125
1891,2.3637499907636084e-05,0.23830156028270721,47.312435150146484,37.495914459228516,75.8732681274414,60.130859375,5.931535243988037,0.005070090293884277,6.858154296875
1892,2.365000000281725e-05,0.2740892767906189,50.07173538208008,39.68270492553711,75.8732681274414,60.130859375,5.630447864532471,0.006331384181976318,6.472412109375
1893,2.3662500097998418e-05,0.2139451801776886,35.23939514160156,27.92782211303711,75.8732681274414,60.130859375,6.9939351081848145,0.005227088928222656,7.3756103515625
1894,2.3675000193179585e-05,0.21592068672180176,42.729248046875,33.8636589050293,75.8732681274414,60.130859375,4.952268123626709,0.004128396511077881,7.01611328125
1895,2.3687500288360752e-05,0.257515549659729,32.7717399597168,25.972164154052734,75.8732681274414,60.130859375,7.869367599487305,0.0045702457427978516,7.3099365234375
1896,2.370000038354192e-05,0.2585359513759613,46.49924087524414,36.851444244384766,75.8732681274414,60.130859375,5.8711347579956055,0.005856752395629883,6.646240234375
1897,2.3712500478723086e-05,0.2292979508638382,42.81687545776367,33.93310546875,75.8732681274414,60.130859375,7.053097248077393,0.005376577377319336,7.081787109375
1898,2.3725000573904254e-05,0.2716486155986786,23.535114288330078,18.651981353759766,75.8732681274414,60.130859375,6.631441116333008,0.006445527076721191,7.08154296875
1899,2.373750066908542e-05,0.25441214442253113,41.646705627441406,33.0057258605957,75.8732681274414,60.130859375,9.48466968536377,0.004770219326019287,6.772216796875
1900,2.3750000764266588e-05,0.208762064576149,59.59831237792969,47.23268127441406,75.8732681274414,60.130859375,7.380012512207031,0.004438638687133789,6.7159423828125
1901,2.3762500859447755e-05,0.27300015091896057,52.537811279296875,41.637115478515625,75.8732681274414,60.130859375,7.449820518493652,0.005369365215301514,7.039306640625
1902,2.377499913563952e-05,0.22637276351451874,18.303316116333008,14.505691528320312,75.8732681274414,60.130859375,6.812715530395508,0.004540443420410156,6.871337890625
1903,2.3787499230820686e-05,0.2707596719264984,51.304962158203125,40.66006088256836,75.8732681274414,60.130859375,5.1938700675964355,0.006494700908660889,6.951171875
1904,2.3799999326001853e-05,0.23201203346252441,55.326019287109375,43.84681701660156,75.8732681274414,60.130859375,5.076849937438965,0.005286157131195068,6.7196044921875
1905,2.381249942118302e-05,0.25186100602149963,53.725669860839844,42.578514099121094,75.8732681274414,60.130859375,6.854249954223633,0.006034970283508301,6.70751953125
1906,2.3824999516364187e-05,0.29717814922332764,21.540077209472656,17.070878982543945,75.8732681274414,60.130859375,5.929408073425293,0.005995988845825195,7.177978515625
1907,2.3837499611545354e-05,0.19358758628368378,56.03935241699219,44.41214370727539,75.8732681274414,60.130859375,6.810645580291748,0.0055831074714660645,7.316650390625
1908,2.384999970672652e-05,0.2676984965801239,10.984521865844727,8.705421447753906,75.8732681274414,60.130859375,5.586301803588867,0.005943119525909424,6.2650146484375
1909,2.386249980190769e-05,0.2152867466211319,52.49085235595703,41.59989929199219,75.8732681274414,60.130859375,6.049511909484863,0.00808858871459961,6.9381103515625
1910,2.3874999897088856e-05,0.25556492805480957,11.265524864196777,8.928120613098145,75.8732681274414,60.130859375,5.5762176513671875,0.004915297031402588,7.2734375
1911,2.3887499992270023e-05,0.21949069201946259,41.37632751464844,32.791446685791016,75.8732681274414,60.130859375,6.68010950088501,0.004539787769317627,6.7880859375
1912,2.390000008745119e-05,0.2559674382209778,3.9762518405914307,3.151247501373291,75.8732681274414,60.130859375,6.52949333190918,0.004600107669830322,6.912109375
1913,2.3912500182632357e-05,0.21224822103977203,4.0660881996154785,3.222444534301758,75.8732681274414,60.130859375,7.817288398742676,0.00446590781211853,6.591064453125
1914,2.3925000277813524e-05,0.22330185770988464,45.55354309082031,36.10196304321289,75.8732681274414,60.130859375,6.347886085510254,0.00446397066116333,6.4853515625
1915,2.393750037299469e-05,0.2586941719055176,11.086520195007324,8.786256790161133,75.8732681274414,60.130859375,6.2679243087768555,0.004289150238037109,7.1837158203125
1916,2.3950000468175858e-05,0.25383079051971436,20.984560012817383,16.63062286376953,75.8732681274414,60.130859375,7.031315803527832,0.004992246627807617,6.802001953125
1917,2.3962500563357025e-05,0.2565847635269165,0.9354850053787231,0.7413878440856934,75.8732681274414,60.130859375,7.936422824859619,0.007700681686401367,6.6312255859375
1918,2.3975000658538193e-05,0.24215196073055267,4.102688312530518,3.251450538635254,75.8732681274414,60.130859375,5.857968807220459,0.007873058319091797,6.4476318359375
1919,2.398750075371936e-05,0.23787745833396912,0.9115985035896301,0.7224574089050293,75.8732681274414,60.130859375,4.754340648651123,0.005941450595855713,6.674560546875
1920,2.4000000848900527e-05,0.24434563517570496,3.570347309112549,2.829561233520508,75.8732681274414,60.130859375,5.642882347106934,0.007710278034210205,6.754150390625
1921,2.401249912509229e-05,0.22778648138046265,51.69288635253906,40.96749496459961,75.8732681274414,60.130859375,11.880106925964355,0.005834043025970459,6.7159423828125
1922,2.4024999220273457e-05,0.2563018500804901,40.44225311279297,32.051177978515625,75.8732681274414,60.130859375,6.710231304168701,0.005930691957473755,6.895751953125
1923,2.4037499315454625e-05,0.23310486972332,63.87791061401367,50.62433624267578,75.8732681274414,60.130859375,6.948521614074707,0.0065839290618896484,6.926513671875
1924,2.4049999410635792e-05,0.3050421476364136,59.77543640136719,47.37305450439453,75.8732681274414,60.130859375,8.43502426147461,0.005895376205444336,7.383056640625
1925,2.406249950581696e-05,0.26014554500579834,21.968189239501953,17.410165786743164,75.8732681274414,60.130859375,6.542628765106201,0.00486069917678833,6.9111328125
1926,2.4074999600998126e-05,0.25041088461875916,4.046639442443848,3.207030773162842,75.8732681274414,60.130859375,6.697314739227295,0.004658877849578857,6.615966796875
1927,2.4087499696179293e-05,0.274495005607605,3.9663591384887695,3.1434073448181152,75.8732681274414,60.130859375,7.748359680175781,0.004180282354354858,7.225341796875
1928,2.409999979136046e-05,0.2733926475048065,53.6330680847168,42.505123138427734,75.8732681274414,60.130859375,6.370817184448242,0.005300700664520264,6.7979736328125
1929,2.4112499886541627e-05,0.3423992097377777,51.074825286865234,40.47766876220703,75.8732681274414,60.130859375,6.030063629150391,0.00643235445022583,6.6102294921875
1930,2.4124999981722794e-05,0.26013392210006714,10.938141822814941,8.668664932250977,75.8732681274414,60.130859375,5.7272772789001465,0.004014551639556885,6.9649658203125
1931,2.413750007690396e-05,0.25860369205474854,44.76775360107422,35.479209899902344,75.8732681274414,60.130859375,5.095200538635254,0.005383729934692383,6.481201171875
1932,2.415000017208513e-05,0.24161790311336517,55.45661544799805,43.9503173828125,75.8732681274414,60.130859375,7.200534820556641,0.004534006118774414,7.118896484375
1933,2.4162500267266296e-05,0.24247540533542633,4.256004333496094,3.3729562759399414,75.8732681274414,60.130859375,5.975078582763672,0.006761431694030762,7.146240234375
1934,2.4175000362447463e-05,0.24323764443397522,46.94797134399414,37.207069396972656,75.8732681274414,60.130859375,6.491711139678955,0.004638671875,7.581298828125
1935,2.418750045762863e-05,0.29644060134887695,35.00786209106445,27.744327545166016,75.8732681274414,60.130859375,5.98861837387085,0.006624341011047363,7.0223388671875
1936,2.4200000552809797e-05,0.2159501016139984,47.30362319946289,37.488929748535156,75.8732681274414,60.130859375,5.844543933868408,0.005615592002868652,7.0972900390625
1937,2.4212500647990964e-05,0.28751641511917114,58.93860626220703,46.70985412597656,75.8732681274414,60.130859375,8.207923889160156,0.005201935768127441,6.6839599609375
1938,2.422500074317213e-05,0.20678672194480896,52.021968841552734,41.22829818725586,75.8732681274414,60.130859375,8.76253604888916,0.0033150315284729004,6.5140380859375
1939,2.42375008383533e-05,0.27730628848075867,33.299903869628906,26.390743255615234,75.8732681274414,60.130859375,7.909268856048584,0.005844175815582275,7.0400390625
1940,2.4249999114545062e-05,0.23196493089199066,41.728782653808594,33.070770263671875,75.8732681274414,60.130859375,6.406229019165039,0.005101919174194336,6.783935546875
1941,2.426249920972623e-05,0.24960638582706451,43.580509185791016,34.538299560546875,75.8732681274414,60.130859375,7.514155864715576,0.003470480442047119,6.9515380859375
1942,2.4274999304907396e-05,0.2574760913848877,43.21708297729492,34.25027847290039,75.8732681274414,60.130859375,6.357109546661377,0.006045043468475342,6.482421875
1943,2.4287499400088564e-05,0.28492575883865356,53.450828552246094,42.360694885253906,75.8732681274414,60.130859375,6.877494812011719,0.0048247575759887695,7.2393798828125
1944,2.429999949526973e-05,0.3064000606536865,33.04393768310547,26.187885284423828,75.8732681274414,60.130859375,6.3538289070129395,0.003999292850494385,7.0074462890625
1945,2.4312499590450898e-05,0.2844219505786896,43.199302673339844,34.23618698120117,75.8732681274414,60.130859375,7.350335597991943,0.003965973854064941,7.22119140625
1946,2.4324999685632065e-05,0.4039372205734253,39.771480560302734,31.519577026367188,75.8732681274414,60.130859375,6.64163064956665,0.006084442138671875,6.9912109375
1947,2.4337499780813232e-05,0.23893778026103973,52.2822265625,41.4345588684082,75.8732681274414,60.130859375,6.203545093536377,0.004892706871032715,6.8953857421875
1948,2.43499998759944e-05,0.283597856760025,50.0833625793457,39.69192123413086,75.8732681274414,60.130859375,8.308708190917969,0.005497634410858154,7.244384765625
1949,2.4362499971175566e-05,0.2218150794506073,51.181854248046875,40.562496185302734,75.8732681274414,60.130859375,7.811249732971191,0.006301581859588623,6.409423828125
1950,2.4375000066356733e-05,0.3175443112850189,1.0063116550445557,0.7975192070007324,75.8732681274414,60.130859375,6.714799880981445,0.014352917671203613,6.841064453125
1951,2.43875001615379e-05,0.2084348499774933,40.72650909423828,32.27645492553711,75.8732681274414,60.130859375,5.262208461761475,0.005528450012207031,6.8192138671875
1952,2.4400000256719068e-05,0.25108835101127625,9.113999366760254,7.223000526428223,75.8732681274414,60.130859375,6.2483015060424805,0.004964053630828857,6.4114990234375
1953,2.4412500351900235e-05,0.23477891087532043,45.372779846191406,35.958702087402344,75.8732681274414,60.130859375,6.067030906677246,0.004954636096954346,7.3759765625
1954,2.4425000447081402e-05,0.2351478785276413,58.76571273803711,46.57283401489258,75.8732681274414,60.130859375,8.01822566986084,0.006132662296295166,6.986328125
1955,2.443750054226257e-05,0.2725353240966797,53.28399658203125,42.228477478027344,75.8732681274414,60.130859375,6.621340751647949,0.004496872425079346,7.264892578125
1956,2.4450000637443736e-05,0.29626742005348206,47.969966888427734,38.01701736450195,75.8732681274414,60.130859375,5.550900459289551,0.0055435895919799805,6.67919921875
1957,2.4462500732624903e-05,0.24578864872455597,22.69853973388672,17.988981246948242,75.8732681274414,60.130859375,7.486629962921143,0.005386948585510254,7.005615234375
1958,2.447500082780607e-05,0.35480237007141113,58.05665588378906,46.01089096069336,75.8732681274414,60.130859375,6.5232110023498535,0.004173696041107178,7.1085205078125
1959,2.4487499103997834e-05,0.22467057406902313,45.731929779052734,36.24333572387695,75.8732681274414,60.130859375,7.652510643005371,0.004563033580780029,6.763427734375
1960,2.4499999199179e-05,0.35341089963912964,44.82877731323242,35.52757263183594,75.8732681274414,60.130859375,6.563695907592773,0.004311263561248779,6.764404296875
1961,2.4512499294360168e-05,0.28321176767349243,46.84206008911133,37.12313461303711,75.8732681274414,60.130859375,6.251960754394531,0.005000710487365723,7.0546875
1962,2.4524999389541335e-05,0.3232356011867523,33.07697677612305,26.214069366455078,75.8732681274414,60.130859375,7.672551155090332,0.005292773246765137,6.9219970703125
1963,2.4537499484722503e-05,0.32136231660842896,39.40019607543945,31.22532844543457,75.8732681274414,60.130859375,7.588283061981201,0.006435036659240723,6.9248046875
1964,2.454999957990367e-05,0.21563869714736938,52.64289855957031,41.72039794921875,75.8732681274414,60.130859375,5.297303676605225,0.006144881248474121,6.748779296875
1965,2.4562499675084837e-05,0.248573899269104,44.063636779785156,34.92118453979492,75.8732681274414,60.130859375,6.663995265960693,0.0066315531730651855,6.6705322265625
1966,2.4574999770266004e-05,0.2923600375652313,53.15387725830078,42.1253547668457,75.8732681274414,60.130859375,8.266559600830078,0.005057215690612793,7.128662109375
1967,2.458749986544717e-05,0.2934604585170746,11.465300559997559,9.086446762084961,75.8732681274414,60.130859375,5.717811584472656,0.006140410900115967,7.2288818359375
1968,2.4599999960628338e-05,0.258892685174942,46.43061065673828,36.797054290771484,75.8732681274414,60.130859375,5.181596755981445,0.00594976544380188,6.2696533203125
1969,2.4612500055809505e-05,0.240449458360672,8.53739070892334,6.766027927398682,75.8732681274414,60.130859375,7.244226932525635,0.005811572074890137,6.9049072265625
1970,2.4625000150990672e-05,0.3207048177719116,10.823105812072754,8.577496528625488,75.8732681274414,60.130859375,6.938464164733887,0.00466609001159668,7.2298583984375
1971,2.463750024617184e-05,0.22474423050880432,47.28623962402344,37.47515106201172,75.8732681274414,60.130859375,6.2160186767578125,0.005021333694458008,6.8057861328125
1972,2.4650000341353007e-05,0.2824515998363495,10.028946876525879,7.948111534118652,75.8732681274414,60.130859375,6.5928473472595215,0.00417250394821167,6.8875732421875
1973,2.4662500436534174e-05,0.22041822969913483,51.30318069458008,40.65864944458008,75.8732681274414,60.130859375,5.544996738433838,0.00537872314453125,6.6480712890625
1974,2.467500053171534e-05,0.2719992697238922,10.121975898742676,8.021839141845703,75.8732681274414,60.130859375,8.313323974609375,0.007728397846221924,6.4659423828125
1975,2.4687500626896508e-05,0.26336807012557983,63.40891647338867,50.25265121459961,75.8732681274414,60.130859375,6.817302227020264,0.004478633403778076,7.16943359375
1976,2.4700000722077675e-05,0.4058707356452942,23.755586624145508,18.826709747314453,75.8732681274414,60.130859375,6.974557876586914,0.004288673400878906,6.822998046875
1977,2.4712500817258842e-05,0.27292534708976746,54.11226272583008,42.884891510009766,75.8732681274414,60.130859375,7.220152378082275,0.004867851734161377,6.714599609375
1978,2.4724999093450606e-05,0.3312881290912628,39.221134185791016,31.083417892456055,75.8732681274414,60.130859375,7.060009002685547,0.005057185888290405,6.5406494140625
1979,2.4737499188631773e-05,0.3006167411804199,52.779457092285156,41.82862091064453,75.8732681274414,60.130859375,6.8157057762146,0.007058143615722656,6.6763916015625
1980,2.474999928381294e-05,0.28912487626075745,1.0455083847045898,0.8285832405090332,75.8732681274414,60.130859375,6.443154811859131,0.006878674030303955,6.8641357421875
1981,2.4762499378994107e-05,0.22882813215255737,10.674842834472656,8.45999526977539,75.8732681274414,60.130859375,13.21246337890625,0.004274308681488037,6.73388671875
1982,2.4774999474175274e-05,0.2361544519662857,46.307456970214844,36.6994514465332,75.8732681274414,60.130859375,8.175748825073242,0.004297614097595215,6.852294921875
1983,2.478749956935644e-05,0.21839113533496857,9.57791805267334,7.590663909912109,75.8732681274414,60.130859375,8.187990188598633,0.003851652145385742,6.91455078125
1984,2.479999966453761e-05,0.2267473340034485,41.12333297729492,32.5909423828125,75.8732681274414,60.130859375,6.192010402679443,0.004284381866455078,7.416748046875
1985,2.4812499759718776e-05,0.22973045706748962,42.71928405761719,33.85576248168945,75.8732681274414,60.130859375,5.895662307739258,0.005017876625061035,6.9404296875
1986,2.4824999854899943e-05,0.19783999025821686,46.35051345825195,36.73357391357422,75.8732681274414,60.130859375,6.456156253814697,0.005677640438079834,6.59912109375
1987,2.483749995008111e-05,0.2345253825187683,58.0970573425293,46.042911529541016,75.8732681274414,60.130859375,6.383305072784424,0.0048288702964782715,7.23681640625
1988,2.4850000045262277e-05,0.24276015162467957,36.04581832885742,28.566926956176758,75.8732681274414,60.130859375,5.963606357574463,0.0049242377281188965,6.779541015625
1989,2.4862500140443444e-05,0.2789784073829651,42.49916076660156,33.681312561035156,75.8732681274414,60.130859375,6.78269100189209,0.004805386066436768,6.515869140625
1990,2.487500023562461e-05,0.22625991702079773,49.912845611572266,39.556785583496094,75.8732681274414,60.130859375,7.259964466094971,0.0050653815269470215,6.9095458984375
1991,2.488750033080578e-05,0.26626646518707275,20.30246925354004,16.09005355834961,75.8732681274414,60.130859375,6.180971622467041,0.006352126598358154,6.3944091796875
1992,2.4900000425986946e-05,0.2636830806732178,52.03641891479492,41.23975372314453,75.8732681274414,60.130859375,7.084921836853027,0.006103634834289551,7.0997314453125
1993,2.4912500521168113e-05,0.2288203239440918,58.95014190673828,46.718994140625,75.8732681274414,60.130859375,7.904482841491699,0.004398763179779053,7.2012939453125
1994,2.492500061634928e-05,0.2595379650592804,49.24565124511719,39.028018951416016,75.8732681274414,60.130859375,6.049351692199707,0.005299001932144165,7.4473876953125
1995,2.4937500711530447e-05,0.2374139130115509,45.827178955078125,36.318824768066406,75.8732681274414,60.130859375,8.119415283203125,0.005878269672393799,6.9534912109375
1996,2.4950000806711614e-05,0.2837904691696167,10.680238723754883,8.464271545410156,75.8732681274414,60.130859375,7.730804920196533,0.0056275129318237305,7.0433349609375
1997,2.496250090189278e-05,0.23614908754825592,45.7120361328125,36.227569580078125,75.8732681274414,60.130859375,7.233447074890137,0.0054739415645599365,6.6905517578125
1998,2.4974999178084545e-05,0.4426318407058716,10.097065925598145,8.002097129821777,75.8732681274414,60.130859375,6.011076927185059,0.0059646666049957275,6.4561767578125
1999,2.4987499273265712e-05,0.2270994931459427,42.06444549560547,33.3367919921875,75.8732681274414,60.130859375,6.977125644683838,0.0069653987884521484,7.03173828125
2000,2.499999936844688e-05,0.3185799717903137,56.43712615966797,44.727386474609375,75.8732681274414,60.130859375,8.509040832519531,0.004637479782104492,6.76611328125
2001,2.5012499463628046e-05,0.21705801784992218,60.60240173339844,48.028438568115234,75.8732681274414,60.130859375,8.146389961242676,0.0054032206535339355,6.90380859375
2002,2.5024999558809213e-05,0.353415310382843,47.106842041015625,37.332977294921875,75.8732681274414,60.130859375,9.592166900634766,0.0069501399993896484,6.4766845703125
2003,2.503749965399038e-05,0.26958081126213074,51.605445861816406,40.898197174072266,75.8732681274414,60.130859375,5.916871070861816,0.00505828857421875,7.2554931640625
2004,2.5049999749171548e-05,0.28902873396873474,46.09907531738281,36.534305572509766,75.8732681274414,60.130859375,5.853939533233643,0.0037367939949035645,6.962158203125
2005,2.5062499844352715e-05,0.34866267442703247,53.759029388427734,42.604949951171875,75.8732681274414,60.130859375,5.815958023071289,0.005872368812561035,7.092529296875
2006,2.5074999939533882e-05,0.2419082522392273,11.723641395568848,9.29118537902832,75.8732681274414,60.130859375,5.70598030090332,0.004657268524169922,6.8619384765625
2007,2.508750003471505e-05,0.25311145186424255,43.84785842895508,34.75017547607422,75.8732681274414,60.130859375,6.008256912231445,0.004938721656799316,6.8548583984375
2008,2.5100000129896216e-05,0.24039413034915924,46.08512496948242,36.523250579833984,75.8732681274414,60.130859375,6.197807312011719,0.005847930908203125,7.24267578125
2009,2.5112500225077383e-05,0.20253759622573853,38.46677017211914,30.48557472229004,75.8732681274414,60.130859375,7.753241539001465,0.005599379539489746,6.380615234375
2010,2.512500032025855e-05,0.21710540354251862,9.908818244934082,7.852907657623291,75.8732681274414,60.130859375,5.338084697723389,0.004832327365875244,6.853515625
2011,2.5137500415439717e-05,0.2380957305431366,52.1629524230957,41.34003448486328,75.8732681274414,60.130859375,7.2215166091918945,0.004534780979156494,6.806640625
2012,2.5150000510620885e-05,0.18787051737308502,48.890384674072266,38.746463775634766,75.8732681274414,60.130859375,8.162986755371094,0.006618797779083252,6.48046875
2013,2.5162500605802052e-05,0.21496263146400452,60.65291213989258,48.0684700012207,75.8732681274414,60.130859375,6.527185440063477,0.0036336779594421387,7.3914794921875
2014,2.517500070098322e-05,0.22650671005249023,11.193221092224121,8.870819091796875,75.8732681274414,60.130859375,6.631575584411621,0.007922232151031494,6.9559326171875
2015,2.5187500796164386e-05,0.28955188393592834,0.9127032160758972,0.7233328819274902,75.8732681274414,60.130859375,4.677565097808838,0.0045604705810546875,7.2655029296875
2016,2.5200000891345553e-05,0.2733253836631775,60.69432067871094,48.10128402709961,75.8732681274414,60.130859375,5.621185779571533,0.005722522735595703,6.6907958984375
2017,2.5212499167537317e-05,0.21707949042320251,54.800804138183594,43.430572509765625,75.8732681274414,60.130859375,8.340964317321777,0.004440605640411377,6.983642578125
2018,2.5224999262718484e-05,0.26430967450141907,11.302315711975098,8.957279205322266,75.8732681274414,60.130859375,7.912194728851318,0.004194438457489014,7.073486328125
2019,2.523749935789965e-05,0.2795189321041107,35.97201156616211,28.508434295654297,75.8732681274414,60.130859375,6.606311798095703,0.005811035633087158,6.775390625
2020,2.5249999453080818e-05,0.21911244094371796,1.0092827081680298,0.7998738288879395,75.8732681274414,60.130859375,6.83745002746582,0.005243957042694092,6.6309814453125
2021,2.5262499548261985e-05,0.2603370249271393,49.20164489746094,38.99314498901367,75.8732681274414,60.130859375,6.937974452972412,0.004546701908111572,7.02001953125
2022,2.5274999643443152e-05,0.2443695366382599,44.218143463134766,35.04363250732422,75.8732681274414,60.130859375,6.469419002532959,0.005434155464172363,6.9215087890625
2023,2.528749973862432e-05,0.21071726083755493,10.473535537719727,8.300455093383789,75.8732681274414,60.130859375,6.815615653991699,0.007367074489593506,6.900146484375
2024,2.5299999833805487e-05,0.30464211106300354,46.161842346191406,36.584049224853516,75.8732681274414,60.130859375,7.4383625984191895,0.004517555236816406,6.699462890625
2025,2.5312499928986654e-05,0.29706093668937683,8.596389770507812,6.812786102294922,75.8732681274414,60.130859375,7.825839042663574,0.005671322345733643,6.6572265625
2026,2.532500002416782e-05,0.24382854998111725,32.82536315917969,26.014659881591797,75.8732681274414,60.130859375,5.849178791046143,0.003638148307800293,7.1475830078125
2027,2.5337500119348988e-05,0.24631768465042114,39.46194076538086,31.274261474609375,75.8732681274414,60.130859375,6.129470348358154,0.005823791027069092,7.1962890625
2028,2.5350000214530155e-05,0.20633924007415771,33.377681732177734,26.452383041381836,75.8732681274414,60.130859375,8.423375129699707,0.005809307098388672,6.2818603515625
2029,2.5362500309711322e-05,0.25374287366867065,56.20001220703125,44.53947067260742,75.8732681274414,60.130859375,8.032886505126953,0.004821360111236572,6.9459228515625
2030,2.537500040489249e-05,0.2245660275220871,45.79561996459961,36.2938117980957,75.8732681274414,60.130859375,6.828390598297119,0.0038494467735290527,7.1905517578125
2031,2.5387500500073656e-05,0.2527773976325989,19.19654655456543,15.213591575622559,75.8732681274414,60.130859375,7.115375518798828,0.005054831504821777,6.6536865234375
2032,2.5400000595254824e-05,0.22818678617477417,52.17982482910156,41.3534049987793,75.8732681274414,60.130859375,8.146644592285156,0.004837930202484131,6.933837890625
2033,2.541250069043599e-05,0.19233645498752594,44.771724700927734,35.482357025146484,75.8732681274414,60.130859375,6.842957496643066,0.006086766719818115,6.5638427734375
2034,2.5425000785617158e-05,0.27731919288635254,11.39310359954834,9.029230117797852,75.8732681274414,60.130859375,6.107482433319092,0.005760312080383301,6.366943359375
2035,2.5437500880798325e-05,0.21798363327980042,31.391950607299805,24.878658294677734,75.8732681274414,60.130859375,8.460256576538086,0.005019783973693848,7.13525390625
2036,2.544999915699009e-05,0.2788795530796051,3.9038631916046143,3.0938782691955566,75.8732681274414,60.130859375,5.658120155334473,0.0064542293548583984,6.8338623046875
2037,2.5462499252171256e-05,0.2564089000225067,59.25260543823242,46.958702087402344,75.8732681274414,60.130859375,8.671887397766113,0.004524588584899902,6.7305908203125
2038,2.5474999347352423e-05,0.23397859930992126,20.955371856689453,16.60749053955078,75.8732681274414,60.130859375,7.145887851715088,0.005997180938720703,6.479248046875
2039,2.548749944253359e-05,0.24978697299957275,59.31144332885742,47.005332946777344,75.8732681274414,60.130859375,6.877496242523193,0.0045746564865112305,6.6170654296875
2040,2.5499999537714757e-05,0.19421519339084625,53.181617736816406,42.1473388671875,75.8732681274414,60.130859375,7.265078067779541,0.004604458808898926,6.885009765625
2041,2.5512499632895924e-05,0.33517539501190186,0.9447706341743469,0.7487468719482422,75.8732681274414,60.130859375,11.517074584960938,0.006516396999359131,6.80029296875
2042,2.552499972807709e-05,0.2190784513950348,0.9561723470687866,0.7577829360961914,75.8732681274414,60.130859375,5.422670841217041,0.005129784345626831,6.7763671875
2043,2.553749982325826e-05,0.3228704035282135,11.404522895812988,9.038278579711914,75.8732681274414,60.130859375,6.935121059417725,0.004375159740447998,6.96240234375
2044,2.5549999918439426e-05,0.2550569474697113,3.722618341445923,2.9502387046813965,75.8732681274414,60.130859375,6.09347677230835,0.00383073091506958,7.4197998046875
2045,2.5562500013620593e-05,0.2129461169242859,46.184722900390625,36.60218048095703,75.8732681274414,60.130859375,7.6081929206848145,0.005512535572052002,6.92138671875
2046,2.557500010880176e-05,0.23098589479923248,54.7153205871582,43.36282730102539,75.8732681274414,60.130859375,7.6587042808532715,0.005410909652709961,6.61572265625
2047,2.5587500203982927e-05,0.23592762649059296,45.543827056884766,36.094261169433594,75.8732681274414,60.130859375,6.777493953704834,0.004127621650695801,7.254150390625
2048,2.5600000299164094e-05,0.26151350140571594,40.76814270019531,32.3094482421875,75.8732681274414,60.130859375,6.51838493347168,0.0061920881271362305,6.7559814453125
2049,2.561250039434526e-05,0.3122069537639618,3.932642936706543,3.1166868209838867,75.8732681274414,60.130859375,6.834383487701416,0.005187869071960449,6.5218505859375
2050,2.5625000489526428e-05,0.25949814915657043,61.6632080078125,48.869144439697266,75.8732681274414,60.130859375,6.895866394042969,0.004633188247680664,6.8953857421875
2051,2.5637500584707595e-05,0.25444942712783813,4.5541887283325195,3.6092724800109863,75.8732681274414,60.130859375,5.76321268081665,0.005666017532348633,6.4036865234375
2052,2.5650000679888763e-05,0.2267284244298935,47.28287124633789,37.47248458862305,75.8732681274414,60.130859375,6.775043487548828,0.004834532737731934,7.087646484375
2053,2.566250077506993e-05,0.2059134542942047,46.44287109375,36.80677032470703,75.8732681274414,60.130859375,8.146862983703613,0.0045272111892700195,7.2454833984375
2054,2.5675000870251097e-05,0.2142256647348404,50.6221923828125,40.11894989013672,75.8732681274414,60.130859375,6.699671745300293,0.006896793842315674,7.4605712890625
2055,2.568749914644286e-05,0.2455008178949356,37.691898345947266,29.87147331237793,75.8732681274414,60.130859375,6.012922286987305,0.005433142185211182,6.877197265625
2056,2.5699999241624027e-05,0.19780485332012177,37.45623016357422,29.684703826904297,75.8732681274414,60.130859375,5.21077823638916,0.005327820777893066,7.0528564453125
2057,2.5712499336805195e-05,0.22624364495277405,56.05625915527344,44.42554473876953,75.8732681274414,60.130859375,7.5798773765563965,0.004740655422210693,6.708984375
2058,2.5724999431986362e-05,0.23054200410842896,45.649925231933594,36.1783447265625,75.8732681274414,60.130859375,5.867555618286133,0.004430115222930908,6.5589599609375
2059,2.573749952716753e-05,0.21572387218475342,10.735795974731445,8.508301734924316,75.8732681274414,60.130859375,5.884931564331055,0.003954172134399414,7.0198974609375
2060,2.5749999622348696e-05,0.19430652260780334,1.0069993734359741,0.7980642318725586,75.8732681274414,60.130859375,6.449688911437988,0.0038642287254333496,6.7342529296875
2061,2.5762499717529863e-05,0.20620757341384888,11.462586402893066,9.084295272827148,75.8732681274414,60.130859375,7.456630229949951,0.005388081073760986,6.89404296875
2062,2.577499981271103e-05,0.21141205728054047,10.553117752075195,8.363526344299316,75.8732681274414,60.130859375,6.038045883178711,0.007815897464752197,6.4600830078125
2063,2.5787499907892197e-05,0.2518206834793091,53.764427185058594,42.609230041503906,75.8732681274414,60.130859375,7.204476833343506,0.006607711315155029,7.1385498046875
2064,2.5800000003073364e-05,0.22343964874744415,3.8887839317321777,3.08192777633667,75.8732681274414,60.130859375,5.969612121582031,0.004749774932861328,6.8651123046875
2065,2.581250009825453e-05,0.21696069836616516,0.9277059435844421,0.7352228164672852,75.8732681274414,60.130859375,6.2980451583862305,0.004461228847503662,7.1077880859375
2066,2.58250001934357e-05,0.18364079296588898,0.9993533492088318,0.7920045852661133,75.8732681274414,60.130859375,5.564383506774902,0.005440086126327515,6.8338623046875
2067,2.5837500288616866e-05,0.19635272026062012,53.3303337097168,42.265201568603516,75.8732681274414,60.130859375,5.570191383361816,0.003458082675933838,6.8349609375
2068,2.5850000383798033e-05,0.21543186902999878,60.12492752075195,47.65003204345703,75.8732681274414,60.130859375,6.312089920043945,0.004472494125366211,7.1739501953125
2069,2.58625004789792e-05,0.22222012281417847,4.364583969116211,3.4590072631835938,75.8732681274414,60.130859375,7.245717525482178,0.006465911865234375,6.342529296875
2070,2.5875000574160367e-05,0.262019544839859,34.065673828125,26.997629165649414,75.8732681274414,60.130859375,9.425193786621094,0.005095124244689941,6.8486328125
2071,2.5887500669341534e-05,0.1932341307401657,48.20951461791992,38.20686340332031,75.8732681274414,60.130859375,8.355649948120117,0.005446285009384155,6.789306640625
2072,2.59000007645227e-05,0.24227949976921082,44.96715545654297,35.63724136352539,75.8732681274414,60.130859375,6.8101019859313965,0.003506958484649658,6.4786376953125
2073,2.591250085970387e-05,0.18928313255310059,58.8024787902832,46.60197067260742,75.8732681274414,60.130859375,6.322126388549805,0.0030744075775146484,7.251220703125
2074,2.5924999135895632e-05,0.24550890922546387,32.330650329589844,25.62259292602539,75.8732681274414,60.130859375,6.809108734130859,0.004106342792510986,6.9085693359375
2075,2.59374992310768e-05,0.21057839691638947,49.49461364746094,39.22532653808594,75.8732681274414,60.130859375,6.773495197296143,0.0038945674896240234,7.2841796875
2076,2.5949999326257966e-05,0.27150315046310425,52.367591857910156,41.50221252441406,75.8732681274414,60.130859375,6.4906158447265625,0.005147993564605713,6.6571044921875
2077,2.5962499421439134e-05,0.25294065475463867,27.59462547302246,21.869213104248047,75.8732681274414,60.130859375,5.713344573974609,0.005505383014678955,6.898193359375
2078,2.59749995166203e-05,0.24535317718982697,55.56905746459961,44.0394287109375,75.8732681274414,60.130859375,6.607640743255615,0.004248321056365967,7.10498046875
2079,2.5987499611801468e-05,0.29347947239875793,4.01755952835083,3.1839847564697266,75.8732681274414,60.130859375,5.522363185882568,0.004965364933013916,6.6517333984375
2080,2.5999999706982635e-05,0.301087349653244,46.6332893371582,36.957679748535156,75.8732681274414,60.130859375,6.991088390350342,0.00467914342880249,6.6456298828125
2081,2.6012499802163802e-05,0.2048240751028061,52.4150505065918,41.53982162475586,75.8732681274414,60.130859375,8.559821128845215,0.004234135150909424,7.06005859375
2082,2.602499989734497e-05,0.25501227378845215,0.9344543218612671,0.7405710220336914,75.8732681274414,60.130859375,6.810233116149902,0.004544258117675781,6.9254150390625
2083,2.6037499992526136e-05,0.18989580869674683,46.50659942626953,36.857276916503906,75.8732681274414,60.130859375,5.287868022918701,0.005859851837158203,6.9439697265625
2084,2.6050000087707303e-05,0.21486197412014008,10.663965225219727,8.451374053955078,75.8732681274414,60.130859375,6.0390214920043945,0.006590068340301514,6.694580078125
2085,2.606250018288847e-05,0.22852559387683868,0.96062171459198,0.7613091468811035,75.8732681274414,60.130859375,7.44576358795166,0.00536385178565979,6.7164306640625
2086,2.6075000278069638e-05,0.26866909861564636,54.66061782836914,43.31947326660156,75.8732681274414,60.130859375,4.986298561096191,0.004033267498016357,7.1190185546875
2087,2.6087500373250805e-05,0.18011441826820374,59.37870407104492,47.05863952636719,75.8732681274414,60.130859375,8.253798484802246,0.004992306232452393,7.21240234375
2088,2.6100000468431972e-05,0.26548048853874207,45.329627990722656,35.924503326416016,75.8732681274414,60.130859375,7.393889904022217,0.004977166652679443,6.278076171875
2089,2.611250056361314e-05,0.25879228115081787,51.02105712890625,40.43505859375,75.8732681274414,60.130859375,7.934464931488037,0.005209863185882568,6.9189453125
2090,2.6125000658794306e-05,0.2847698926925659,44.40707015991211,35.193359375,75.8732681274414,60.130859375,7.369226932525635,0.004805445671081543,7.173828125
2091,2.6137500753975473e-05,0.3212946653366089,38.73175811767578,30.695581436157227,75.8732681274414,60.130859375,7.633899211883545,0.004115283489227295,6.6466064453125
2092,2.615000084915664e-05,0.20130541920661926,42.65913009643555,33.80809020996094,75.8732681274414,60.130859375,6.937344551086426,0.0043277740478515625,6.908447265625
2093,2.6162499125348404e-05,0.40579044818878174,11.237929344177246,8.906251907348633,75.8732681274414,60.130859375,7.292832374572754,0.006218671798706055,6.5687255859375
2094,2.617499922052957e-05,0.21728546917438507,47.75012969970703,37.84279251098633,75.8732681274414,60.130859375,5.937076568603516,0.004994451999664307,6.4058837890625
2095,2.6187499315710738e-05,0.4060784578323364,37.385780334472656,29.628870010375977,75.8732681274414,60.130859375,6.241437911987305,0.0040961503982543945,7.049072265625
2096,2.6199999410891905e-05,0.3867638409137726,47.91217041015625,37.971214294433594,75.8732681274414,60.130859375,5.663328170776367,0.005137026309967041,6.8375244140625
2097,2.6212499506073073e-05,0.2879674732685089,55.496337890625,43.98179626464844,75.8732681274414,60.130859375,5.784567356109619,0.005550861358642578,6.7113037109375
2098,2.622499960125424e-05,0.4082086682319641,3.588038921356201,2.8435821533203125,75.8732681274414,60.130859375,6.970788955688477,0.0054724812507629395,6.5047607421875
2099,2.6237499696435407e-05,0.2543608546257019,0.9825473427772522,0.7786855697631836,75.8732681274414,60.130859375,6.351222991943359,0.005161285400390625,6.6180419921875
2100,2.6249999791616574e-05,0.4449390172958374,46.90327835083008,37.17164993286133,75.8732681274414,60.130859375,4.9700517654418945,0.004550814628601074,6.838134765625
2101,2.626249988679774e-05,0.23932141065597534,1.0618895292282104,0.8415656089782715,75.8732681274414,60.130859375,13.889986038208008,0.006051063537597656,6.9132080078125
2102,2.6274999981978908e-05,0.3861326277256012,45.962493896484375,36.42605972290039,75.8732681274414,60.130859375,6.383979797363281,0.0058536529541015625,6.8555908203125
2103,2.6287500077160075e-05,0.2691730558872223,45.20961380004883,35.82939147949219,75.8732681274414,60.130859375,6.5953803062438965,0.0049034953117370605,7.0029296875
2104,2.6300000172341242e-05,0.3059859573841095,52.60090255737305,41.68711471557617,75.8732681274414,60.130859375,7.627635955810547,0.004027903079986572,7.4874267578125
2105,2.631250026752241e-05,0.18284250795841217,38.841182708740234,30.78230094909668,75.8732681274414,60.130859375,8.270108222961426,0.006660521030426025,6.90283203125
2106,2.6325000362703577e-05,0.33761343359947205,43.1241569519043,34.176631927490234,75.8732681274414,60.130859375,7.8548903465271,0.004993259906768799,6.5111083984375
2107,2.6337500457884744e-05,0.1956927627325058,22.808698654174805,18.076282501220703,75.8732681274414,60.130859375,8.023480415344238,0.006069928407669067,7.2672119140625
2108,2.635000055306591e-05,0.29392918944358826,53.371543884277344,42.29785919189453,75.8732681274414,60.130859375,7.099695205688477,0.00452035665512085,6.7763671875
2109,2.6362500648247078e-05,0.24716493487358093,46.547523498535156,36.88970947265625,75.8732681274414,60.130859375,7.45737886428833,0.00366818904876709,6.59423828125
2110,2.6375000743428245e-05,0.2927247881889343,8.62393856048584,6.83461856842041,75.8732681274414,60.130859375,6.99177360534668,0.0048652589321136475,6.8985595703125
2111,2.6387500838609412e-05,0.24848273396492004,3.9705700874328613,3.146744728088379,75.8732681274414,60.130859375,5.867615222930908,0.005386292934417725,6.4024658203125
2112,2.6399999114801176e-05,0.3162331283092499,60.015350341796875,47.56319046020508,75.8732681274414,60.130859375,6.6901068687438965,0.0036135315895080566,7.0718994140625
2113,2.6412499209982343e-05,0.22038985788822174,43.66132736206055,34.60234832763672,75.8732681274414,60.130859375,5.489514350891113,0.006363034248352051,7.150146484375
2114,2.642499930516351e-05,0.2593594491481781,35.72513198852539,28.31277847290039,75.8732681274414,60.130859375,7.800368309020996,0.005656898021697998,7.3431396484375
2115,2.6437499400344677e-05,0.2305079698562622,45.34376525878906,35.93571090698242,75.8732681274414,60.130859375,7.866044998168945,0.005548596382141113,6.7579345703125
2116,2.6449999495525844e-05,0.24311064183712006,4.259631156921387,3.37583065032959,75.8732681274414,60.130859375,6.831481456756592,0.005313456058502197,6.8629150390625
2117,2.646249959070701e-05,0.23532938957214355,11.366426467895508,9.008087158203125,75.8732681274414,60.130859375,6.442572593688965,0.007161915302276611,6.647705078125
2118,2.647499968588818e-05,0.22107362747192383,54.42616271972656,43.133663177490234,75.8732681274414,60.130859375,7.103708267211914,0.0055550336837768555,6.556884765625
2119,2.6487499781069346e-05,0.27884578704833984,65.1279525756836,51.61501693725586,75.8732681274414,60.130859375,6.007981300354004,0.006322264671325684,7.001220703125
2120,2.6499999876250513e-05,0.20652766525745392,52.10515594482422,41.294227600097656,75.8732681274414,60.130859375,7.197073459625244,0.0060405731201171875,6.7977294921875
2121,2.651249997143168e-05,0.2529277503490448,45.00516128540039,35.6673583984375,75.8732681274414,60.130859375,6.201857089996338,0.004231095314025879,6.9215087890625
2122,2.6525000066612847e-05,0.21461325883865356,47.868099212646484,37.93628692626953,75.8732681274414,60.130859375,8.834885597229004,0.005898177623748779,6.4871826171875
2123,2.6537500161794014e-05,0.2251254916191101,39.12548828125,31.007617950439453,75.8732681274414,60.130859375,8.413354873657227,0.004226207733154297,7.0445556640625
2124,2.655000025697518e-05,0.22024475038051605,52.099082946777344,41.28941345214844,75.8732681274414,60.130859375,7.236474514007568,0.004391849040985107,6.873291015625
2125,2.656250035215635e-05,0.22562941908836365,22.348962783813477,17.71193504333496,75.8732681274414,60.130859375,7.636043548583984,0.0042569637298583984,7.229736328125
2126,2.6575000447337516e-05,0.2132682502269745,52.2153205871582,41.381534576416016,75.8732681274414,60.130859375,6.589085102081299,0.006500840187072754,6.9642333984375
2127,2.6587500542518683e-05,0.20928041636943817,20.49700164794922,16.244224548339844,75.8732681274414,60.130859375,6.929060935974121,0.0052335262298583984,6.8153076171875
2128,2.660000063769985e-05,0.22254619002342224,31.534141540527344,24.991344451904297,75.8732681274414,60.130859375,8.75805377960205,0.004720419645309448,7.1666259765625
2129,2.6612500732881017e-05,0.23071934282779694,48.093814849853516,38.115169525146484,75.8732681274414,60.130859375,5.935970783233643,0.004548192024230957,6.4039306640625
2130,2.6625000828062184e-05,0.26798275113105774,47.320987701416016,37.502689361572266,75.8732681274414,60.130859375,8.459156036376953,0.004917025566101074,6.800048828125
2131,2.6637499104253948e-05,0.2673244774341583,0.9633094072341919,0.7634391784667969,75.8732681274414,60.130859375,6.350381851196289,0.0034093260765075684,6.7783203125
2132,2.6649999199435115e-05,0.26722148060798645,50.50645446777344,40.02722930908203,75.8732681274414,60.130859375,6.708141326904297,0.008253157138824463,6.4871826171875
2133,2.6662499294616282e-05,0.19181430339813232,10.273183822631836,8.141674041748047,75.8732681274414,60.130859375,6.155372142791748,0.005317389965057373,7.17333984375
2134,2.667499938979745e-05,0.28256669640541077,50.586177825927734,40.09041213989258,75.8732681274414,60.130859375,10.110595703125,0.0037608742713928223,6.869384765625
2135,2.6687499484978616e-05,0.23693573474884033,52.606056213378906,41.69119644165039,75.8732681274414,60.130859375,6.734554290771484,0.0060593485832214355,7.19580078125
2136,2.6699999580159783e-05,0.30513113737106323,52.766441345214844,41.81830596923828,75.8732681274414,60.130859375,5.649240016937256,0.004527181386947632,6.5985107421875
2137,2.671249967534095e-05,0.22805647552013397,48.343929290771484,38.313392639160156,75.8732681274414,60.130859375,7.890810012817383,0.004791915416717529,6.826171875
2138,2.6724999770522118e-05,0.28885459899902344,65.6157455444336,52.00160217285156,75.8732681274414,60.130859375,9.067131042480469,0.0045795440673828125,7.0966796875
2139,2.6737499865703285e-05,0.2247057408094406,0.9693340063095093,0.7682137489318848,75.8732681274414,60.130859375,6.949402809143066,0.004920482635498047,6.717529296875
2140,2.6749999960884452e-05,0.2426099330186844,24.165569305419922,19.151626586914062,75.8732681274414,60.130859375,6.827077388763428,0.005962073802947998,6.6719970703125
2141,2.676250005606562e-05,0.25184178352355957,10.460700035095215,8.290283203125,75.8732681274414,60.130859375,5.75464391708374,0.003135204315185547,7.0791015625
2142,2.6775000151246786e-05,0.18228618800640106,4.582727909088135,3.631890296936035,75.8732681274414,60.130859375,5.640010356903076,0.005140483379364014,6.9788818359375
2143,2.6787500246427953e-05,0.23867709934711456,55.30853271484375,43.83295440673828,75.8732681274414,60.130859375,8.328825950622559,0.004575252532958984,6.9508056640625
2144,2.680000034160912e-05,0.19772566854953766,10.820244789123535,8.575228691101074,75.8732681274414,60.130859375,5.29528284072876,0.005510389804840088,6.7569580078125
2145,2.6812500436790287e-05,0.26154205203056335,34.04572296142578,26.981815338134766,75.8732681274414,60.130859375,8.62856674194336,0.005445420742034912,6.75439453125
2146,2.6825000531971455e-05,0.210128515958786,40.475189208984375,32.07727813720703,75.8732681274414,60.130859375,6.797087669372559,0.003971993923187256,7.1021728515625
2147,2.6837500627152622e-05,0.2145487368106842,23.982330322265625,19.006406784057617,75.8732681274414,60.130859375,7.216722011566162,0.0040506720542907715,7.1834716796875
2148,2.685000072233379e-05,0.1962323635816574,10.55985164642334,8.36886215209961,75.8732681274414,60.130859375,5.458451747894287,0.006589829921722412,6.14501953125
2149,2.6862500817514956e-05,0.17961372435092926,52.684513092041016,41.753379821777344,75.8732681274414,60.130859375,5.566014766693115,0.005378603935241699,6.8282470703125
2150,2.687499909370672e-05,0.2373032569885254,52.902034759521484,41.92576599121094,75.8732681274414,60.130859375,5.8699188232421875,0.003978252410888672,7.099365234375
2151,2.6887499188887887e-05,0.23994044959545135,47.742706298828125,37.8369140625,75.8732681274414,60.130859375,6.906447410583496,0.007139980792999268,6.6527099609375
2152,2.6899999284069054e-05,0.1923685371875763,52.07709503173828,41.27198791503906,75.8732681274414,60.130859375,7.982255935668945,0.007029354572296143,6.92724609375
2153,2.691249937925022e-05,0.19639445841312408,43.70240783691406,34.63490676879883,75.8732681274414,60.130859375,7.921271324157715,0.005585849285125732,6.56884765625
2154,2.6924999474431388e-05,0.19984884560108185,1.0194768905639648,0.807952880859375,75.8732681274414,60.130859375,6.125770092010498,0.0056705474853515625,6.397216796875
2155,2.6937499569612555e-05,0.21175087988376617,51.73662185668945,41.002159118652344,75.8732681274414,60.130859375,5.3685431480407715,0.003146827220916748,7.0401611328125
2156,2.6949999664793722e-05,0.21692617237567902,44.02450180053711,34.89017105102539,75.8732681274414,60.130859375,8.422927856445312,0.007695794105529785,6.7196044921875
2157,2.696249975997489e-05,0.1903533935546875,1.0442496538162231,0.8275856971740723,75.8732681274414,60.130859375,6.748723030090332,0.004979848861694336,6.6688232421875
2158,2.6974999855156057e-05,0.24142983555793762,38.50517654418945,30.516010284423828,75.8732681274414,60.130859375,8.375997543334961,0.006359517574310303,6.4501953125
2159,2.6987499950337224e-05,0.2006295919418335,32.51182174682617,25.76617431640625,75.8732681274414,60.130859375,6.341839790344238,0.004520833492279053,6.712158203125
2160,2.700000004551839e-05,0.23446980118751526,44.043697357177734,34.90538024902344,75.8732681274414,60.130859375,6.458253860473633,0.00502389669418335,6.818359375
2161,2.7012500140699558e-05,0.1678084284067154,52.90422821044922,41.92750549316406,75.8732681274414,60.130859375,12.64796257019043,0.00511932373046875,7.018798828125
2162,2.7025000235880725e-05,0.2413090616464615,54.465511322021484,43.16484832763672,75.8732681274414,60.130859375,6.808055877685547,0.0052909255027771,6.804931640625
2163,2.7037500331061892e-05,0.20067191123962402,48.0289421081543,38.063758850097656,75.8732681274414,60.130859375,6.804568290710449,0.006862223148345947,7.02294921875
2164,2.705000042624306e-05,0.2272653877735138,42.59928512573242,33.76066207885742,75.8732681274414,60.130859375,6.332498550415039,0.004139542579650879,7.4864501953125
2165,2.7062500521424226e-05,0.17486146092414856,47.389320373535156,37.556846618652344,75.8732681274414,60.130859375,6.01999568939209,0.0053331851959228516,6.84228515625
2166,2.7075000616605394e-05,0.26924100518226624,46.33768081665039,36.72340393066406,75.8732681274414,60.130859375,9.539094924926758,0.005295217037200928,6.4962158203125
2167,2.708750071178656e-05,0.21192122995853424,51.320770263671875,40.672584533691406,75.8732681274414,60.130859375,6.634305953979492,0.003945529460906982,7.2896728515625
2168,2.7100000806967728e-05,0.3453262746334076,59.19454574584961,46.912689208984375,75.8732681274414,60.130859375,6.318592071533203,0.004725277423858643,6.7916259765625
2169,2.7112500902148895e-05,0.25447794795036316,46.093780517578125,36.53010940551758,75.8732681274414,60.130859375,7.749444961547852,0.005858123302459717,6.5916748046875
2170,2.712499917834066e-05,0.2546026110649109,53.10224914550781,42.08443832397461,75.8732681274414,60.130859375,5.679692268371582,0.006796419620513916,6.91845703125
2171,2.7137499273521826e-05,0.2939545214176178,53.193233489990234,42.15654754638672,75.8732681274414,60.130859375,8.451553344726562,0.004557132720947266,6.4603271484375
2172,2.7149999368702993e-05,0.19668738543987274,1.0271867513656616,0.8140630722045898,75.8732681274414,60.130859375,6.475831031799316,0.002995133399963379,7.068603515625
2173,2.716249946388416e-05,0.25453731417655945,51.389617919921875,40.727149963378906,75.8732681274414,60.130859375,5.76363468170166,0.004669874906539917,7.0806884765625
2174,2.7174999559065327e-05,0.21153602004051208,57.52200698852539,45.58717346191406,75.8732681274414,60.130859375,7.4875264167785645,0.00397181510925293,7.341064453125
2175,2.7187499654246494e-05,0.27134019136428833,45.93647003173828,36.40543746948242,75.8732681274414,60.130859375,6.786327838897705,0.004810988903045654,6.7462158203125
2176,2.719999974942766e-05,0.242216557264328,38.413978576660156,30.44373321533203,75.8732681274414,60.130859375,8.668478012084961,0.004910647869110107,6.98779296875
2177,2.721249984460883e-05,0.21502448618412018,61.08906936645508,48.41413116455078,75.8732681274414,60.130859375,7.524617671966553,0.004960894584655762,6.6524658203125
2178,2.7224999939789996e-05,0.2760925590991974,44.198734283447266,35.02825164794922,75.8732681274414,60.130859375,8.271453857421875,0.004591464996337891,6.5272216796875
2179,2.7237500034971163e-05,0.2392604649066925,58.10785675048828,46.05147171020508,75.8732681274414,60.130859375,7.005631923675537,0.005283772945404053,6.998046875
2180,2.725000013015233e-05,0.19973373413085938,37.127784729003906,29.42440414428711,75.8732681274414,60.130859375,5.8925652503967285,0.005057096481323242,6.779296875
2181,2.7262500225333497e-05,0.2500591576099396,54.64487838745117,43.30699920654297,75.8732681274414,60.130859375,6.87332820892334,0.005706369876861572,6.9241943359375
2182,2.7275000320514664e-05,0.25826939940452576,0.9706065058708191,0.7692222595214844,75.8732681274414,60.130859375,6.296861171722412,0.004303038120269775,6.451171875
2183,2.728750041569583e-05,0.26886892318725586,48.37141418457031,38.33517074584961,75.8732681274414,60.130859375,5.413979530334473,0.005026519298553467,6.95166015625
2184,2.7300000510876998e-05,0.2534680664539337,1.0499516725540161,0.8321046829223633,75.8732681274414,60.130859375,6.5946807861328125,0.004305124282836914,6.892333984375
2185,2.7312500606058165e-05,0.22482234239578247,23.55681800842285,18.669179916381836,75.8732681274414,60.130859375,5.570863246917725,0.0058349668979644775,7.1998291015625
2186,2.7325000701239333e-05,0.24375300109386444,52.72232437133789,41.78334045410156,75.8732681274414,60.130859375,7.225347995758057,0.004421979188919067,6.9609375
2187,2.73375007964205e-05,0.2760070562362671,4.311363697052002,3.4168295860290527,75.8732681274414,60.130859375,6.280248165130615,0.004466235637664795,6.768310546875
2188,2.7350000891601667e-05,0.22094182670116425,29.41465187072754,23.311614990234375,75.8732681274414,60.130859375,5.950251579284668,0.0035333633422851562,7.1466064453125
2189,2.736249916779343e-05,0.2321929633617401,9.336784362792969,7.399560928344727,75.8732681274414,60.130859375,6.13393497467041,0.004956603050231934,6.4083251953125
2190,2.7374999262974598e-05,0.3078851103782654,39.820377349853516,31.55832862854004,75.8732681274414,60.130859375,6.457974433898926,0.0032401084899902344,6.769775390625
2191,2.7387499358155765e-05,0.3120679259300232,10.730929374694824,8.50444507598877,75.8732681274414,60.130859375,5.396358966827393,0.004121661186218262,6.8935546875
2192,2.7399999453336932e-05,0.26921290159225464,24.284648895263672,19.246000289916992,75.8732681274414,60.130859375,7.833794593811035,0.004596531391143799,6.45361328125
2193,2.74124995485181e-05,0.33269500732421875,50.51658248901367,40.035255432128906,75.8732681274414,60.130859375,7.6876912117004395,0.004400968551635742,7.179931640625
2194,2.7424999643699266e-05,0.24640540778636932,0.9736040830612183,0.7715978622436523,75.8732681274414,60.130859375,5.0136213302612305,0.0051915645599365234,6.8330078125
2195,2.7437499738880433e-05,0.26245415210723877,49.54127883911133,39.26231002807617,75.8732681274414,60.130859375,7.058298587799072,0.003098130226135254,7.102783203125
2196,2.74499998340616e-05,0.2570159435272217,51.20729446411133,40.58265686035156,75.8732681274414,60.130859375,8.345032691955566,0.005056649446487427,6.5767822265625
2197,2.7462499929242767e-05,0.23241828382015228,1.0365771055221558,0.821505069732666,75.8732681274414,60.130859375,6.166409969329834,0.003690659999847412,6.777099609375
2198,2.7475000024423935e-05,0.3053823411464691,59.90705490112305,47.47736358642578,75.8732681274414,60.130859375,6.020177364349365,0.002990037202835083,7.07666015625
2199,2.74875001196051e-05,0.2393854558467865,45.19348907470703,35.816612243652344,75.8732681274414,60.130859375,6.994982719421387,0.005499422550201416,6.69921875
2200,2.750000021478627e-05,0.2620270848274231,23.965370178222656,18.992965698242188,75.8732681274414,60.130859375,6.7397847175598145,0.00455242395401001,6.609375
2201,2.7512500309967436e-05,0.21513712406158447,55.90206527709961,44.303340911865234,75.8732681274414,60.130859375,7.805998802185059,0.004121184349060059,7.1217041015625
2202,2.7525000405148603e-05,0.24176128208637238,56.94519805908203,45.130043029785156,75.8732681274414,60.130859375,6.9607744216918945,0.004568427801132202,6.9959716796875
2203,2.753750050032977e-05,0.24322426319122314,22.839157104492188,18.100421905517578,75.8732681274414,60.130859375,6.980570316314697,0.0059119462966918945,6.80078125
2204,2.7550000595510937e-05,0.20786984264850616,10.390281677246094,8.234476089477539,75.8732681274414,60.130859375,5.87777042388916,0.003972232341766357,6.787353515625
2205,2.7562500690692104e-05,0.23977769911289215,57.40531539916992,45.494693756103516,75.8732681274414,60.130859375,6.390967845916748,0.005077958106994629,6.7449951171875
2206,2.757500078587327e-05,0.22448496520519257,44.649723052978516,35.38566589355469,75.8732681274414,60.130859375,6.529205322265625,0.0037356019020080566,7.0533447265625
2207,2.758750088105444e-05,0.2529304027557373,43.64649963378906,34.59059524536133,75.8732681274414,60.130859375,7.748385906219482,0.00395473837852478,7.1185302734375
2208,2.7599999157246202e-05,0.2104736715555191,1.0167958736419678,0.8058280944824219,75.8732681274414,60.130859375,5.887555122375488,0.005537509918212891,6.1099853515625
2209,2.761249925242737e-05,0.24188989400863647,31.32244873046875,24.823575973510742,75.8732681274414,60.130859375,6.052623271942139,0.004040122032165527,6.797119140625
2210,2.7624999347608536e-05,0.24956388771533966,4.468794345855713,3.541595935821533,75.8732681274414,60.130859375,5.371212482452393,0.004950225353240967,7.0830078125
2211,2.7637499442789704e-05,0.24601176381111145,60.392127990722656,47.861793518066406,75.8732681274414,60.130859375,5.2544941902160645,0.005721926689147949,6.655029296875
2212,2.764999953797087e-05,0.2178402543067932,60.35741424560547,47.83428192138672,75.8732681274414,60.130859375,7.375685691833496,0.00430452823638916,6.9215087890625
2213,2.7662499633152038e-05,0.22424891591072083,21.98802375793457,17.425884246826172,75.8732681274414,60.130859375,6.996565818786621,0.005729019641876221,6.562744140625
2214,2.7674999728333205e-05,0.2925627827644348,55.37354278564453,43.88447952270508,75.8732681274414,60.130859375,6.680222511291504,0.004075527191162109,6.5184326171875
2215,2.7687499823514372e-05,0.20889534056186676,54.84355545043945,43.464454650878906,75.8732681274414,60.130859375,7.576778411865234,0.005226194858551025,7.0400390625
2216,2.769999991869554e-05,0.33019497990608215,46.77006149291992,37.06607437133789,75.8732681274414,60.130859375,6.982378959655762,0.005544841289520264,6.7005615234375
2217,2.7712500013876706e-05,0.21028047800064087,46.484561920166016,36.83980941772461,75.8732681274414,60.130859375,6.072464942932129,0.004436373710632324,6.7623291015625
2218,2.7725000109057873e-05,0.2723148763179779,61.99613571166992,49.13299560546875,75.8732681274414,60.130859375,6.653127193450928,0.006627559661865234,6.42626953125
2219,2.773750020423904e-05,0.22960752248764038,10.737459182739258,8.509620666503906,75.8732681274414,60.130859375,7.029282093048096,0.004942715167999268,6.673828125
2220,2.7750000299420208e-05,0.23911835253238678,51.09527587890625,40.49388122558594,75.8732681274414,60.130859375,8.561727523803711,0.0069525837898254395,6.81201171875
2221,2.7762500394601375e-05,0.24275635182857513,54.654541015625,43.314659118652344,75.8732681274414,60.130859375,13.700801849365234,0.005780458450317383,6.9844970703125
2222,2.7775000489782542e-05,0.20972098410129547,0.9466556906700134,0.7502408027648926,75.8732681274414,60.130859375,7.105155944824219,0.005063474178314209,6.793212890625
2223,2.778750058496371e-05,0.26336508989334106,50.097904205322266,39.70344543457031,75.8732681274414,60.130859375,7.191683292388916,0.008673012256622314,6.98388671875
2224,2.7800000680144876e-05,0.20729541778564453,47.944725036621094,37.997013092041016,75.8732681274414,60.130859375,6.489191055297852,0.004306674003601074,7.4744873046875
2225,2.7812500775326043e-05,0.2643491327762604,36.27058029174805,28.745054244995117,75.8732681274414,60.130859375,5.099477291107178,0.005060046911239624,6.8465576171875
2226,2.782500087050721e-05,0.21965758502483368,60.506385803222656,47.95234298706055,75.8732681274414,60.130859375,5.867149353027344,0.0047539472579956055,6.495849609375
2227,2.7837499146698974e-05,0.2186494767665863,51.212257385253906,40.58658981323242,75.8732681274414,60.130859375,7.944056034088135,0.003996014595031738,7.2464599609375
2228,2.784999924188014e-05,0.2495889663696289,40.280372619628906,31.922883987426758,75.8732681274414,60.130859375,5.594204425811768,0.005156069993972778,6.7550048828125
2229,2.786249933706131e-05,0.19456346333026886,23.343185424804688,18.499874114990234,75.8732681274414,60.130859375,6.51052188873291,0.004155218601226807,6.590087890625
2230,2.7874999432242475e-05,0.17425011098384857,26.10375213623047,20.68766975402832,75.8732681274414,60.130859375,4.435146808624268,0.004759788513183594,6.879150390625
2231,2.7887499527423643e-05,0.22748211026191711,11.477904319763184,9.096435546875,75.8732681274414,60.130859375,5.971902370452881,0.00676041841506958,6.3717041015625
2232,2.789999962260481e-05,0.18412667512893677,39.758392333984375,31.509206771850586,75.8732681274414,60.130859375,7.455448627471924,0.0038980841636657715,7.1605224609375
2233,2.7912499717785977e-05,0.18990492820739746,46.67891311645508,36.99383544921875,75.8732681274414,60.130859375,6.354198455810547,0.005008220672607422,6.9683837890625
2234,2.7924999812967144e-05,0.1903451532125473,39.99878692626953,31.699722290039062,75.8732681274414,60.130859375,6.660375118255615,0.006856679916381836,7.2559814453125
2235,2.793749990814831e-05,0.2372777909040451,45.12874221801758,35.76530075073242,75.8732681274414,60.130859375,8.05296802520752,0.00583803653717041,6.7205810546875
2236,2.7950000003329478e-05,0.17415930330753326,49.0108642578125,38.841949462890625,75.8732681274414,60.130859375,6.703466892242432,0.005220651626586914,6.861083984375
2237,2.7962500098510645e-05,0.25310730934143066,38.0849609375,30.1829833984375,75.8732681274414,60.130859375,7.451918125152588,0.004944145679473877,6.6156005859375
2238,2.7975000193691812e-05,0.20503060519695282,59.36573028564453,47.04835510253906,75.8732681274414,60.130859375,6.0312819480896,0.005933523178100586,6.5076904296875
2239,2.798750028887298e-05,0.20931430160999298,41.63297653198242,32.99484634399414,75.8732681274414,60.130859375,5.691367149353027,0.003315269947052002,6.9857177734375
2240,2.8000000384054147e-05,0.1967345029115677,48.02002716064453,38.05669021606445,75.8732681274414,60.130859375,6.332705020904541,0.005499005317687988,6.8214111328125
2241,2.8012500479235314e-05,0.1956683099269867,49.303672790527344,39.07400131225586,75.8732681274414,60.130859375,6.1048502922058105,0.0038336515426635742,6.8724365234375
2242,2.802500057441648e-05,0.20561806857585907,0.895340085029602,0.7095723152160645,75.8732681274414,60.130859375,7.498917579650879,0.004107058048248291,6.49365234375
2243,2.8037500669597648e-05,0.21109893918037415,9.266216278076172,7.343634605407715,75.8732681274414,60.130859375,7.5850749015808105,0.005968153476715088,6.9290771484375
2244,2.8050000764778815e-05,0.21743176877498627,41.17143249511719,32.629066467285156,75.8732681274414,60.130859375,6.4010396003723145,0.0039348602294921875,6.9747314453125
2245,2.8062500859959982e-05,0.1933114379644394,50.94243621826172,40.37275314331055,75.8732681274414,60.130859375,7.804879665374756,0.004398345947265625,7.2059326171875
2246,2.8074999136151746e-05,0.20160281658172607,54.5748176574707,43.25147247314453,75.8732681274414,60.130859375,5.911659240722656,0.005046665668487549,6.9296875
2247,2.8087499231332913e-05,0.17843347787857056,46.78382873535156,37.07698440551758,75.8732681274414,60.130859375,6.307426452636719,0.003961503505706787,6.8343505859375
2248,2.809999932651408e-05,0.180425226688385,26.026599884033203,20.62652587890625,75.8732681274414,60.130859375,5.854535102844238,0.004490017890930176,7.0731201171875
2249,2.8112499421695247e-05,0.22411447763442993,44.84713363647461,35.54212188720703,75.8732681274414,60.130859375,5.153473854064941,0.004673361778259277,6.425537109375
2250,2.8124999516876414e-05,0.20250758528709412,0.9811984300613403,0.7776165008544922,75.8732681274414,60.130859375,6.420356273651123,0.005160510540008545,6.752197265625
2251,2.813749961205758e-05,0.2162393033504486,4.028481960296631,3.192640781402588,75.8732681274414,60.130859375,5.989694595336914,0.004165291786193848,6.9024658203125
2252,2.814999970723875e-05,0.18959903717041016,3.7792775630950928,2.9951419830322266,75.8732681274414,60.130859375,6.538608074188232,0.005606651306152344,6.4542236328125
2253,2.8162499802419916e-05,0.1929423213005066,11.954814910888672,9.474394798278809,75.8732681274414,60.130859375,6.5325846672058105,0.004967451095581055,7.1541748046875
2254,2.8174999897601083e-05,0.15633903443813324,58.61491775512695,46.45332336425781,75.8732681274414,60.130859375,6.1327290534973145,0.003800511360168457,6.9442138671875
2255,2.818749999278225e-05,0.23119021952152252,51.91211700439453,41.141239166259766,75.8732681274414,60.130859375,7.584341526031494,0.00476604700088501,7.10791015625
2256,2.8200000087963417e-05,0.20142178237438202,0.9931879639625549,0.7871184349060059,75.8732681274414,60.130859375,7.5196943283081055,0.005233824253082275,6.5550537109375
2257,2.8212500183144584e-05,0.20229937136173248,25.793418884277344,20.441726684570312,75.8732681274414,60.130859375,7.296403884887695,0.004476785659790039,6.897216796875
2258,2.822500027832575e-05,0.21310016512870789,37.099727630615234,29.40216827392578,75.8732681274414,60.130859375,6.269041538238525,0.005629062652587891,7.0877685546875
2259,2.823750037350692e-05,0.23298384249210358,37.83456802368164,29.984540939331055,75.8732681274414,60.130859375,5.239483833312988,0.005468130111694336,6.6900634765625
2260,2.8250000468688086e-05,0.2451767772436142,40.950836181640625,32.4542350769043,75.8732681274414,60.130859375,6.883115768432617,0.004833221435546875,6.637939453125
2261,2.8262500563869253e-05,0.21478880941867828,55.25222396850586,43.788330078125,75.8732681274414,60.130859375,5.882976055145264,0.0032387375831604004,7.1136474609375
2262,2.827500065905042e-05,0.18027187883853912,11.949779510498047,9.470404624938965,75.8732681274414,60.130859375,5.64669942855835,0.0032753944396972656,6.9346923828125
2263,2.8287500754231587e-05,0.2125021517276764,47.86474609375,37.933631896972656,75.8732681274414,60.130859375,6.3742899894714355,0.0043898820877075195,6.7354736328125
2264,2.8300000849412754e-05,0.19721341133117676,53.11211395263672,42.09225845336914,75.8732681274414,60.130859375,5.474215030670166,0.004882335662841797,6.8465576171875
2265,2.8312499125604518e-05,0.18229974806308746,50.10454559326172,39.708709716796875,75.8732681274414,60.130859375,8.330482482910156,0.004340618848800659,6.661865234375
2266,2.8324999220785685e-05,0.17642229795455933,62.95643997192383,49.8940544128418,75.8732681274414,60.130859375,6.683934688568115,0.004486203193664551,7.0609130859375
2267,2.8337499315966852e-05,0.16655945777893066,61.53138732910156,48.76467514038086,75.8732681274414,60.130859375,7.384231090545654,0.003092825412750244,7.06982421875
2268,2.834999941114802e-05,0.15784701704978943,41.69987106323242,33.04785919189453,75.8732681274414,60.130859375,8.202089309692383,0.00404888391494751,6.1947021484375
2269,2.8362499506329186e-05,0.20375268161296844,36.13051223754883,28.634050369262695,75.8732681274414,60.130859375,6.858320236206055,0.004141867160797119,6.75927734375
2270,2.8374999601510353e-05,0.22667445242404938,57.37006759643555,45.466758728027344,75.8732681274414,60.130859375,8.817777633666992,0.005247592926025391,7.075439453125
2271,2.838749969669152e-05,0.22129717469215393,47.460044860839844,37.61289596557617,75.8732681274414,60.130859375,6.150432109832764,0.005355894565582275,6.589599609375
2272,2.8399999791872688e-05,0.19233106076717377,57.168853759765625,45.30729293823242,75.8732681274414,60.130859375,7.517612934112549,0.003836303949356079,6.9273681640625
2273,2.8412499887053855e-05,0.2236938178539276,43.858333587646484,34.758480072021484,75.8732681274414,60.130859375,7.151761054992676,0.005167901515960693,6.571533203125
2274,2.8424999982235022e-05,0.18820026516914368,38.61086654663086,30.599769592285156,75.8732681274414,60.130859375,7.6828837394714355,0.00523000955581665,6.48046875
2275,2.843750007741619e-05,0.2811533510684967,3.885693311691284,3.0794782638549805,75.8732681274414,60.130859375,6.268080234527588,0.004021644592285156,7.0130615234375
2276,2.8450000172597356e-05,0.26644349098205566,33.130428314208984,26.25642967224121,75.8732681274414,60.130859375,5.956533908843994,0.004396289587020874,6.7047119140625
2277,2.8462500267778523e-05,0.28142794966697693,21.034099578857422,16.669883728027344,75.8732681274414,60.130859375,8.046121597290039,0.0035132765769958496,6.624267578125
2278,2.847500036295969e-05,0.2940894365310669,38.90743637084961,30.834808349609375,75.8732681274414,60.130859375,5.464907646179199,0.006876468658447266,6.393310546875
2279,2.8487500458140858e-05,0.2464863508939743,46.27154541015625,36.670989990234375,75.8732681274414,60.130859375,6.965086460113525,0.0051078200340271,6.643310546875
2280,2.8500000553322025e-05,0.30449622869491577,0.9558522701263428,0.7575292587280273,75.8732681274414,60.130859375,6.751769542694092,0.005073726177215576,6.8424072265625
2281,2.8512500648503192e-05,0.2658531069755554,45.290794372558594,35.89372634887695,75.8732681274414,60.130859375,13.603960037231445,0.004181087017059326,6.966064453125
2282,2.852500074368436e-05,0.2925930917263031,55.103668212890625,43.670597076416016,75.8732681274414,60.130859375,6.157345771789551,0.004711657762527466,6.9024658203125
2283,2.8537500838865526e-05,0.24243038892745972,52.81602096557617,41.857601165771484,75.8732681274414,60.130859375,9.038411140441895,0.005770206451416016,6.881591796875
2284,2.854999911505729e-05,0.28902748227119446,1.0471930503845215,0.829918384552002,75.8732681274414,60.130859375,6.309843063354492,0.003382861614227295,7.4459228515625
2285,2.8562499210238457e-05,0.22579450905323029,56.719486236572266,44.95116424560547,75.8732681274414,60.130859375,5.470297813415527,0.007763087749481201,6.8304443359375
2286,2.8574999305419624e-05,0.29993772506713867,24.936920166015625,19.762935638427734,75.8732681274414,60.130859375,6.966663360595703,0.005164742469787598,6.4915771484375
2287,2.858749940060079e-05,0.2362963855266571,45.79222869873047,36.29112243652344,75.8732681274414,60.130859375,7.017551422119141,0.0036914944648742676,7.2396240234375
2288,2.8599999495781958e-05,0.3447681963443756,42.17766571044922,33.42652130126953,75.8732681274414,60.130859375,7.513078689575195,0.005391240119934082,6.6790771484375
2289,2.8612499590963125e-05,0.22046691179275513,42.00980758666992,33.29349136352539,75.8732681274414,60.130859375,8.580268859863281,0.005862295627593994,6.6480712890625
2290,2.8624999686144292e-05,0.23645566403865814,33.58375930786133,26.615703582763672,75.8732681274414,60.130859375,6.325355529785156,0.007062077522277832,6.87548828125
2291,2.863749978132546e-05,0.3181450068950653,4.49433708190918,3.5618391036987305,75.8732681274414,60.130859375,6.735550880432129,0.006255924701690674,6.405517578125
2292,2.8649999876506627e-05,0.1978558599948883,0.9252511262893677,0.7332773208618164,75.8732681274414,60.130859375,6.0517144203186035,0.004034936428070068,7.1480712890625
2293,2.8662499971687794e-05,0.27017882466316223,19.660799026489258,15.581518173217773,75.8732681274414,60.130859375,6.518348217010498,0.0046805739402771,6.955078125
2294,2.867500006686896e-05,0.2602689266204834,44.32457733154297,35.12798309326172,75.8732681274414,60.130859375,6.943019390106201,0.005696475505828857,7.247314453125
2295,2.8687500162050128e-05,0.20944304764270782,36.69894027709961,29.084535598754883,75.8732681274414,60.130859375,6.26671028137207,0.004735231399536133,6.7689208984375
2296,2.8700000257231295e-05,0.2537303864955902,44.9910888671875,35.65620422363281,75.8732681274414,60.130859375,7.308653354644775,0.0052672624588012695,6.8526611328125
2297,2.8712500352412462e-05,0.18932968378067017,10.774232864379883,8.538763046264648,75.8732681274414,60.130859375,6.538678169250488,0.004049777984619141,6.5655517578125
2298,2.872500044759363e-05,0.2762458026409149,49.41884994506836,39.165283203125,75.8732681274414,60.130859375,7.002102851867676,0.0053476691246032715,6.51123046875
2299,2.8737500542774796e-05,0.20846900343894958,40.61634826660156,32.18914794921875,75.8732681274414,60.130859375,7.13560676574707,0.004982888698577881,6.950439453125
2300,2.8750000637955964e-05,0.22224052250385284,68.12741088867188,53.99214172363281,75.8732681274414,60.130859375,7.917752265930176,0.003398030996322632,6.7493896484375
2301,2.876250073313713e-05,0.2329576164484024,11.226082801818848,8.896862030029297,75.8732681274414,60.130859375,8.026888847351074,0.004302322864532471,6.8575439453125
2302,2.8775000828318298e-05,0.2156621813774109,0.9635127782821655,0.7636003494262695,75.8732681274414,60.130859375,5.472235202789307,0.004626810550689697,6.5654296875
2303,2.878749910451006e-05,0.2705221176147461,38.02295684814453,30.13384246826172,75.8732681274414,60.130859375,7.620439529418945,0.003957599401473999,6.96728515625
2304,2.879999919969123e-05,0.19724471867084503,37.42951202392578,29.663528442382812,75.8732681274414,60.130859375,7.159130573272705,0.004288077354431152,6.953857421875
2305,2.8812499294872396e-05,0.2948227822780609,44.32828140258789,35.13092041015625,75.8732681274414,60.130859375,5.798877239227295,0.0038840770721435547,7.18310546875
2306,2.8824999390053563e-05,0.24630922079086304,37.57612228393555,29.77971839904785,75.8732681274414,60.130859375,7.226515293121338,0.004538774490356445,6.9132080078125
2307,2.883749948523473e-05,0.1970430463552475,59.2054557800293,46.92133712768555,75.8732681274414,60.130859375,5.548970699310303,0.004041850566864014,6.8067626953125
2308,2.8849999580415897e-05,0.2347055971622467,44.094608306884766,34.94573211669922,75.8732681274414,60.130859375,7.379897117614746,0.007130444049835205,7.09912109375
2309,2.8862499675597064e-05,0.23750047385692596,44.207210540771484,35.034969329833984,75.8732681274414,60.130859375,6.151121616363525,0.005884766578674316,6.40869140625
2310,2.887499977077823e-05,0.2498738169670105,58.467288970947266,46.336326599121094,75.8732681274414,60.130859375,8.06981086730957,0.004347354173660278,6.8726806640625
2311,2.88874998659594e-05,0.21159625053405762,10.491071701049805,8.314353942871094,75.8732681274414,60.130859375,6.170621395111084,0.004268229007720947,6.971435546875
2312,2.8899999961140566e-05,0.21578550338745117,1.0325320959091187,0.8182992935180664,75.8732681274414,60.130859375,6.1930670738220215,0.004244625568389893,6.4774169921875
2313,2.8912500056321733e-05,0.227056086063385,0.9962763786315918,0.7895660400390625,75.8732681274414,60.130859375,7.972118377685547,0.006106972694396973,7.1724853515625
2314,2.89250001515029e-05,0.20464515686035156,47.91443634033203,37.9730110168457,75.8732681274414,60.130859375,6.393500328063965,0.0053032636642456055,6.9508056640625
2315,2.8937500246684067e-05,0.2797059714794159,51.99685287475586,41.208396911621094,75.8732681274414,60.130859375,8.633734703063965,0.006067752838134766,7.0794677734375
2316,2.8950000341865234e-05,0.2099704146385193,57.23421096801758,45.35908889770508,75.8732681274414,60.130859375,7.208732604980469,0.005296111106872559,6.6456298828125
2317,2.89625004370464e-05,0.27149489521980286,38.62059783935547,30.60748291015625,75.8732681274414,60.130859375,6.868458271026611,0.0038265585899353027,6.953369140625
2318,2.897500053222757e-05,0.20542936027050018,55.20013427734375,43.747047424316406,75.8732681274414,60.130859375,7.118292331695557,0.005887746810913086,7.0634765625
2319,2.8987500627408735e-05,0.2893424928188324,57.97312545776367,45.94469451904297,75.8732681274414,60.130859375,7.675125598907471,0.0041893720626831055,6.6986083984375
2320,2.9000000722589903e-05,0.24856264889240265,52.21048355102539,41.37770080566406,75.8732681274414,60.130859375,8.11408519744873,0.003906965255737305,6.6278076171875
2321,2.901250081777107e-05,0.2334587126970291,4.431206226348877,3.5118064880371094,75.8732681274414,60.130859375,6.110803127288818,0.004601001739501953,7.156494140625
2322,2.9024999093962833e-05,0.304509699344635,45.95288848876953,36.41844940185547,75.8732681274414,60.130859375,5.833536624908447,0.003079235553741455,7.009521484375
2323,2.9037499189144e-05,0.23873628675937653,47.42629623413086,37.586151123046875,75.8732681274414,60.130859375,8.473705291748047,0.004298657178878784,6.6025390625
2324,2.9049999284325168e-05,0.18896573781967163,48.835166931152344,38.70270538330078,75.8732681274414,60.130859375,8.831244468688965,0.004452705383300781,6.848388671875
2325,2.9062499379506335e-05,0.19228747487068176,44.71751022338867,35.43939208984375,75.8732681274414,60.130859375,7.4119672775268555,0.0037797391414642334,6.599853515625
2326,2.9074999474687502e-05,0.22087426483631134,4.140726566314697,3.2815966606140137,75.8732681274414,60.130859375,6.798209190368652,0.004538893699645996,7.0582275390625
2327,2.908749956986867e-05,0.27976691722869873,23.552597045898438,18.665836334228516,75.8732681274414,60.130859375,6.638325214385986,0.003895878791809082,7.052734375
2328,2.9099999665049836e-05,0.21324071288108826,42.979618072509766,34.06208038330078,75.8732681274414,60.130859375,7.485789775848389,0.005225121974945068,6.1531982421875
2329,2.9112499760231003e-05,0.2583285868167877,48.68376922607422,38.58271789550781,75.8732681274414,60.130859375,5.735509395599365,0.005905270576477051,6.75439453125
2330,2.912499985541217e-05,0.2841787338256836,58.365081787109375,46.25532531738281,75.8732681274414,60.130859375,7.018624305725098,0.0034298598766326904,7.029296875
2331,2.9137499950593337e-05,0.21591831743717194,19.1922607421875,15.210193634033203,75.8732681274414,60.130859375,5.800410270690918,0.004005610942840576,6.529296875
2332,2.9150000045774505e-05,0.24783706665039062,42.439613342285156,33.634117126464844,75.8732681274414,60.130859375,6.260732173919678,0.0056511759757995605,6.8841552734375
2333,2.916250014095567e-05,0.2175215631723404,53.263851165771484,42.2125129699707,75.8732681274414,60.130859375,8.811890602111816,0.004857361316680908,6.5902099609375
2334,2.917500023613684e-05,0.23222830891609192,4.224085807800293,3.3476600646972656,75.8732681274414,60.130859375,6.4538493156433105,0.004152029752731323,6.4857177734375
2335,2.9187500331318006e-05,0.21648645401000977,4.377499580383301,3.469243049621582,75.8732681274414,60.130859375,9.027732849121094,0.003794550895690918,7.0093994140625
2336,2.9200000426499173e-05,0.25118857622146606,53.130435943603516,42.106781005859375,75.8732681274414,60.130859375,6.438807964324951,0.0051422119140625,6.6478271484375
2337,2.921250052168034e-05,0.24512836337089539,43.882511138916016,34.77764129638672,75.8732681274414,60.130859375,7.594674587249756,0.004749417304992676,6.6700439453125
2338,2.9225000616861507e-05,0.28197842836380005,3.9950125217437744,3.1661157608032227,75.8732681274414,60.130859375,6.2006635665893555,0.007636606693267822,6.422119140625
2339,2.9237500712042674e-05,0.20803099870681763,53.730384826660156,42.58224868774414,75.8732681274414,60.130859375,7.569126605987549,0.00407564640045166,6.58203125
2340,2.925000080722384e-05,0.24309325218200684,41.15425109863281,32.615447998046875,75.8732681274414,60.130859375,7.163498401641846,0.007203966379165649,6.8902587890625
2341,2.926250090240501e-05,0.1960085779428482,58.354618072509766,46.247032165527344,75.8732681274414,60.130859375,13.666629791259766,0.004742085933685303,6.8994140625
2342,2.9274999178596772e-05,0.20767103135585785,55.997318267822266,44.37882995605469,75.8732681274414,60.130859375,6.178184986114502,0.006216287612915039,6.8697509765625
2343,2.928749927377794e-05,0.23525367677211761,45.331626892089844,35.926090240478516,75.8732681274414,60.130859375,7.12291955947876,0.004932880401611328,6.8402099609375
2344,2.9299999368959107e-05,0.2397979199886322,20.9481201171875,16.601743698120117,75.8732681274414,60.130859375,8.10611629486084,0.005117356777191162,7.5006103515625
2345,2.9312499464140274e-05,0.2327638566493988,32.66583251953125,25.88823127746582,75.8732681274414,60.130859375,7.635258674621582,0.00692903995513916,6.7105712890625
2346,2.932499955932144e-05,0.2004024237394333,25.228452682495117,19.993980407714844,75.8732681274414,60.130859375,7.685453414916992,0.0053299665451049805,6.5484619140625
2347,2.9337499654502608e-05,0.26691997051239014,36.362937927246094,28.81825065612793,75.8732681274414,60.130859375,5.685365676879883,0.007073581218719482,7.26171875
2348,2.9349999749683775e-05,0.19939526915550232,0.946735680103302,0.7503042221069336,75.8732681274414,60.130859375,5.5808329582214355,0.006398677825927734,6.6253662109375
2349,2.9362499844864942e-05,0.2647017538547516,57.8250732421875,45.82735824584961,75.8732681274414,60.130859375,5.402624607086182,0.004241585731506348,6.62646484375
2350,2.937499994004611e-05,0.20731677114963531,0.901942253112793,0.7148046493530273,75.8732681274414,60.130859375,6.322397232055664,0.0051381587982177734,6.82177734375
2351,2.9387500035227276e-05,0.23220287263393402,49.11417770385742,38.923824310302734,75.8732681274414,60.130859375,7.596054553985596,0.003930866718292236,6.486083984375
2352,2.9400000130408444e-05,0.23188522458076477,19.60614585876465,15.538206100463867,75.8732681274414,60.130859375,5.96525239944458,0.003337860107421875,7.20166015625
2353,2.941250022558961e-05,0.2359653115272522,47.770748138427734,37.859134674072266,75.8732681274414,60.130859375,5.487064361572266,0.005166828632354736,6.97216796875
2354,2.9425000320770778e-05,0.228448286652565,38.81941223144531,30.76504898071289,75.8732681274414,60.130859375,5.1013054847717285,0.004914820194244385,7.254638671875
2355,2.9437500415951945e-05,0.2336743175983429,3.759005308151245,2.9790759086608887,75.8732681274414,60.130859375,7.694150447845459,0.004523634910583496,6.747314453125
2356,2.9450000511133112e-05,0.2567611634731293,50.53850555419922,40.05263137817383,75.8732681274414,60.130859375,7.080404758453369,0.005193114280700684,6.736328125
2357,2.946250060631428e-05,0.1978326290845871,50.38312530517578,39.92948532104492,75.8732681274414,60.130859375,7.941766262054443,0.00520932674407959,6.6319580078125
2358,2.9475000701495446e-05,0.29424044489860535,1.004451870918274,0.7960453033447266,75.8732681274414,60.130859375,5.789257049560547,0.002922654151916504,6.4429931640625
2359,2.9487500796676613e-05,0.18908031284809113,53.39704132080078,42.31806564331055,75.8732681274414,60.130859375,6.987257480621338,0.004396319389343262,6.9527587890625
2360,2.950000089185778e-05,0.2847720682621002,45.692806243896484,36.21232986450195,75.8732681274414,60.130859375,6.403593063354492,0.0031735897064208984,6.78515625
2361,2.9512499168049544e-05,0.2183331996202469,11.937082290649414,9.460342407226562,75.8732681274414,60.130859375,6.95167875289917,0.0035275816917419434,6.9111328125
2362,2.952499926323071e-05,0.25822189450263977,46.280517578125,36.6781005859375,75.8732681274414,60.130859375,6.503075122833252,0.003612995147705078,6.638427734375
2363,2.953749935841188e-05,0.2938426733016968,46.81407928466797,37.100955963134766,75.8732681274414,60.130859375,9.149128913879395,0.005004763603210449,6.9609375
2364,2.9549999453593045e-05,0.20101884007453918,46.62216567993164,36.9488639831543,75.8732681274414,60.130859375,9.749412536621094,0.004189193248748779,6.9146728515625
2365,2.9562499548774213e-05,0.3191104531288147,39.89111328125,31.61438751220703,75.8732681274414,60.130859375,6.295229434967041,0.005778610706329346,7.134521484375
2366,2.957499964395538e-05,0.2171567678451538,58.43479919433594,46.310577392578125,75.8732681274414,60.130859375,7.565695285797119,0.0029453039169311523,6.8857421875
2367,2.9587499739136547e-05,0.24568083882331848,11.33060359954834,8.979697227478027,75.8732681274414,60.130859375,6.677273273468018,0.00385892391204834,6.781982421875
2368,2.9599999834317714e-05,0.24030186235904694,47.730892181396484,37.827545166015625,75.8732681274414,60.130859375,7.075762748718262,0.004661738872528076,7.1123046875
2369,2.961249992949888e-05,0.28696930408477783,22.930986404418945,18.173198699951172,75.8732681274414,60.130859375,6.094135761260986,0.00564923882484436,6.34033203125
2370,2.9625000024680048e-05,0.2625894546508789,56.731788635253906,44.96091079711914,75.8732681274414,60.130859375,7.90629768371582,0.00440669059753418,6.7977294921875
2371,2.9637500119861215e-05,0.20355157554149628,23.33281898498535,18.491657257080078,75.8732681274414,60.130859375,4.787493705749512,0.003472447395324707,7.010986328125
2372,2.9650000215042382e-05,0.2349672168493271,50.292362213134766,39.8575553894043,75.8732681274414,60.130859375,7.413010120391846,0.003570735454559326,6.557373046875
2373,2.966250031022355e-05,0.24237893521785736,3.893129348754883,3.085371494293213,75.8732681274414,60.130859375,6.662817478179932,0.004612147808074951,7.1441650390625
2374,2.9675000405404717e-05,0.18399102985858917,29.615795135498047,23.471023559570312,75.8732681274414,60.130859375,6.558648586273193,0.006597667932510376,6.9471435546875
2375,2.9687500500585884e-05,0.19216729700565338,48.977657318115234,38.81562805175781,75.8732681274414,60.130859375,8.665923118591309,0.003811657428741455,6.9520263671875
2376,2.970000059576705e-05,0.2105182558298111,43.208518981933594,34.24348831176758,75.8732681274414,60.130859375,6.748399257659912,0.004880666732788086,6.6048583984375
2377,2.9712500690948218e-05,0.19998136162757874,44.52592849731445,35.287559509277344,75.8732681274414,60.130859375,6.103120803833008,0.005693793296813965,6.9622802734375
2378,2.9725000786129385e-05,0.1917407363653183,4.111492156982422,3.258427619934082,75.8732681274414,60.130859375,7.09472131729126,0.005380988121032715,7.1033935546875
2379,2.9737500881310552e-05,0.19579032063484192,46.6752815246582,36.99095916748047,75.8732681274414,60.130859375,7.467721939086914,0.004475653171539307,6.6949462890625
2380,2.9749999157502316e-05,0.2200460284948349,48.13499450683594,38.14780807495117,75.8732681274414,60.130859375,6.672270774841309,0.003420412540435791,6.5926513671875
2381,2.9762499252683483e-05,0.21075256168842316,39.238861083984375,31.09746742248535,75.8732681274414,60.130859375,8.48165225982666,0.004179954528808594,7.2177734375
2382,2.977499934786465e-05,0.28687554597854614,4.112929821014404,3.2595672607421875,75.8732681274414,60.130859375,5.911541938781738,0.005464494228363037,6.955810546875
2383,2.9787499443045817e-05,0.22963093221187592,4.314001083374023,3.418919563293457,75.8732681274414,60.130859375,6.1844305992126465,0.005128145217895508,6.6192626953125
2384,2.9799999538226984e-05,0.24791644513607025,42.79993438720703,33.919681549072266,75.8732681274414,60.130859375,6.690694808959961,0.003891468048095703,6.824951171875
2385,2.981249963340815e-05,0.2120564728975296,44.04151916503906,34.903656005859375,75.8732681274414,60.130859375,6.88460111618042,0.0036850571632385254,6.5963134765625
2386,2.982499972858932e-05,0.2908015847206116,50.46952819824219,39.997962951660156,75.8732681274414,60.130859375,8.531025886535645,0.0037421584129333496,7.04931640625
2387,2.9837499823770486e-05,0.2752637565135956,51.958274841308594,41.17782211303711,75.8732681274414,60.130859375,6.881941795349121,0.004817306995391846,6.95458984375
2388,2.9849999918951653e-05,0.20802928507328033,29.223543167114258,23.160158157348633,75.8732681274414,60.130859375,6.2315521240234375,0.006391704082489014,5.9979248046875
2389,2.986250001413282e-05,0.24953103065490723,0.9870659112930298,0.7822666168212891,75.8732681274414,60.130859375,6.54383659362793,0.00378572940826416,6.71826171875
2390,2.9875000109313987e-05,0.2331870049238205,44.7064094543457,35.43059158325195,75.8732681274414,60.130859375,6.6877055168151855,0.004918336868286133,7.0372314453125
2391,2.9887500204495154e-05,0.28445011377334595,56.465362548828125,44.74976348876953,75.8732681274414,60.130859375,7.532525539398193,0.004225492477416992,6.576171875
2392,2.990000029967632e-05,0.1984691619873047,3.50197172164917,2.7753725051879883,75.8732681274414,60.130859375,6.244807243347168,0.005612015724182129,6.8636474609375
2393,2.991250039485749e-05,0.2230168879032135,62.420265197753906,49.4691276550293,75.8732681274414,60.130859375,8.298789024353027,0.003801673650741577,6.59765625
2394,2.9925000490038656e-05,0.2022193968296051,62.119625091552734,49.230865478515625,75.8732681274414,60.130859375,7.697502613067627,0.006601691246032715,6.47314453125
2395,2.9937500585219823e-05,0.2702184021472931,35.32449722290039,27.99526596069336,75.8732681274414,60.130859375,5.26800537109375,0.004137575626373291,7.014892578125
2396,2.995000068040099e-05,0.18846264481544495,58.603824615478516,46.44453430175781,75.8732681274414,60.130859375,8.002951622009277,0.004085123538970947,6.5721435546875
2397,2.9962500775582157e-05,0.2189868986606598,22.98101234436035,18.212844848632812,75.8732681274414,60.130859375,7.879697799682617,0.005259275436401367,6.6568603515625
2398,2.9975000870763324e-05,0.19214783608913422,3.802489995956421,3.013538360595703,75.8732681274414,60.130859375,7.115391254425049,0.00688248872756958,6.34326171875
2399,2.9987499146955088e-05,0.20675799250602722,48.72736740112305,38.617271423339844,75.8732681274414,60.130859375,5.916652679443359,0.0041779279708862305,6.5703125
2400,2.9999999242136255e-05,0.20384512841701508,45.14985656738281,35.78203201293945,75.8732681274414,60.130859375,6.79304313659668,0.0053781867027282715,6.9091796875
2401,3.0012499337317422e-05,0.19823990762233734,35.035888671875,27.76654052734375,75.8732681274414,60.130859375,13.26424789428711,0.005367159843444824,6.893798828125
2402,3.002499943249859e-05,0.23749496042728424,59.53642654418945,47.18363571166992,75.8732681274414,60.130859375,5.44156551361084,0.006478220224380493,6.8511962890625
2403,3.0037499527679756e-05,0.2180808186531067,45.757877349853516,36.26390075683594,75.8732681274414,60.130859375,6.7243146896362305,0.003985941410064697,6.8604736328125
2404,3.0049999622860923e-05,0.22223196923732758,10.761350631713867,8.528554916381836,75.8732681274414,60.130859375,6.29332971572876,0.0030548572540283203,7.4566650390625
2405,3.006249971804209e-05,0.23269884288311005,49.49541091918945,39.22595977783203,75.8732681274414,60.130859375,5.79675817489624,0.0045778751373291016,6.6959228515625
2406,3.0074999813223258e-05,0.19262845814228058,34.127174377441406,27.046369552612305,75.8732681274414,60.130859375,4.784182548522949,0.0045726001262664795,6.6072998046875
2407,3.0087499908404425e-05,0.1875927597284317,38.43279266357422,30.45864486694336,75.8732681274414,60.130859375,6.799814224243164,0.0035952329635620117,7.222900390625
2408,3.0100000003585592e-05,0.18707266449928284,54.81229019165039,43.43967819213867,75.8732681274414,60.130859375,5.417891979217529,0.0050743818283081055,6.728271484375
2409,3.011250009876676e-05,0.22472535073757172,3.859164237976074,3.0584535598754883,75.8732681274414,60.130859375,5.000550270080566,0.005482733249664307,6.6060791015625
2410,3.0125000193947926e-05,0.19459393620491028,9.522245407104492,7.546542167663574,75.8732681274414,60.130859375,5.303531646728516,0.004964351654052734,6.909423828125
2411,3.0137500289129093e-05,0.19314853847026825,10.231473922729492,8.108617782592773,75.8732681274414,60.130859375,5.8791022300720215,0.004788488149642944,6.5191650390625
2412,3.015000038431026e-05,0.21140530705451965,57.268253326416016,45.386070251464844,75.8732681274414,60.130859375,7.4446916580200195,0.003185093402862549,7.23046875
2413,3.0162500479491428e-05,0.17749860882759094,46.56490707397461,36.90348434448242,75.8732681274414,60.130859375,7.053616523742676,0.004081249237060547,6.9605712890625
2414,3.0175000574672595e-05,0.20437224209308624,42.34332275390625,33.55780792236328,75.8732681274414,60.130859375,7.4643025398254395,0.0035501718521118164,7.1795654296875
2415,3.0187500669853762e-05,0.16804207861423492,4.131473064422607,3.2742629051208496,75.8732681274414,60.130859375,6.855401039123535,0.0042722225189208984,6.7708740234375
2416,3.020000076503493e-05,0.20847326517105103,11.097743034362793,8.795150756835938,75.8732681274414,60.130859375,7.036652088165283,0.004316151142120361,6.709716796875
2417,3.0212500860216096e-05,0.1831040382385254,46.73099899291992,37.035118103027344,75.8732681274414,60.130859375,5.797979354858398,0.0028709769248962402,6.492919921875
2418,3.022499913640786e-05,0.2578739523887634,44.9734992980957,35.64226531982422,75.8732681274414,60.130859375,6.539062976837158,0.0027205348014831543,6.46875
2419,3.0237499231589027e-05,0.27767670154571533,53.7401008605957,42.58994674682617,75.8732681274414,60.130859375,5.470022201538086,0.005687415599822998,6.9871826171875
2420,3.0249999326770194e-05,0.2219994217157364,40.544734954833984,32.13239669799805,75.8732681274414,60.130859375,6.548772811889648,0.0037543177604675293,6.751708984375
2421,3.026249942195136e-05,0.20926624536514282,49.56660079956055,39.282379150390625,75.8732681274414,60.130859375,6.960931777954102,0.005321800708770752,6.9835205078125
2422,3.0274999517132528e-05,0.2967573404312134,35.54472351074219,28.169801712036133,75.8732681274414,60.130859375,7.1354079246521,0.00453108549118042,6.6102294921875
2423,3.0287499612313695e-05,0.18955403566360474,40.26496505737305,31.910673141479492,75.8732681274414,60.130859375,7.273725986480713,0.003489464521408081,6.9981689453125
2424,3.0299999707494862e-05,0.2929082214832306,20.463823318481445,16.21792984008789,75.8732681274414,60.130859375,7.15891170501709,0.005283325910568237,6.891357421875
2425,3.031249980267603e-05,0.20195706188678741,50.32938766479492,39.88690185546875,75.8732681274414,60.130859375,7.839694499969482,0.004511207342147827,7.0501708984375
2426,3.0324999897857197e-05,0.3011970818042755,47.858924865722656,37.92901611328125,75.8732681274414,60.130859375,5.919401168823242,0.004160284996032715,6.8851318359375
2427,3.0337499993038364e-05,0.18238565325737,20.224485397338867,16.028249740600586,75.8732681274414,60.130859375,6.341088771820068,0.004311084747314453,6.8431396484375
2428,3.035000008821953e-05,0.2713850438594818,53.722007751464844,42.57560729980469,75.8732681274414,60.130859375,7.248482704162598,0.003887772560119629,7.0206298828125
2429,3.0362500183400698e-05,0.1813315749168396,46.00013732910156,36.455894470214844,75.8732681274414,60.130859375,6.63663911819458,0.004021555185317993,6.243896484375
2430,3.0375000278581865e-05,0.23044726252555847,20.71683120727539,16.41844367980957,75.8732681274414,60.130859375,7.133444309234619,0.004955291748046875,6.881103515625
2431,3.0387500373763032e-05,0.18464192748069763,52.87314224243164,41.902870178222656,75.8732681274414,60.130859375,7.9941020011901855,0.0045320987701416016,7.0445556640625
2432,3.04000004689442e-05,0.2246885746717453,54.76350402832031,43.4010124206543,75.8732681274414,60.130859375,6.8181281089782715,0.004257380962371826,6.5313720703125
2433,3.0412500564125367e-05,0.17802794277668,4.361790180206299,3.4567933082580566,75.8732681274414,60.130859375,7.654733657836914,0.005028724670410156,7.13916015625
2434,3.0425000659306534e-05,0.21090081334114075,36.30218505859375,28.770099639892578,75.8732681274414,60.130859375,5.573317050933838,0.007320761680603027,6.9501953125
2435,3.04375007544877e-05,0.21446433663368225,57.39790725708008,45.48882293701172,75.8732681274414,60.130859375,6.180349826812744,0.0040898919105529785,6.882568359375
2436,3.0450000849668868e-05,0.21414874494075775,10.726634979248047,8.501041412353516,75.8732681274414,60.130859375,6.2578935623168945,0.004042267799377441,6.5638427734375
2437,3.046249912586063e-05,0.19988715648651123,43.38088607788086,34.38009262084961,75.8732681274414,60.130859375,6.945197582244873,0.00400930643081665,6.974365234375
2438,3.04749992210418e-05,0.1958409547805786,53.127986907958984,42.10483932495117,75.8732681274414,60.130859375,8.380812644958496,0.004477739334106445,7.1595458984375
2439,3.0487499316222966e-05,0.19879311323165894,42.873130798339844,33.977691650390625,75.8732681274414,60.130859375,6.416266441345215,0.003622114658355713,6.5484619140625
2440,3.0499999411404133e-05,0.1929609775543213,44.23497772216797,35.056976318359375,75.8732681274414,60.130859375,6.116405487060547,0.004990696907043457,6.650634765625
2441,3.05124995065853e-05,0.2011861354112625,4.397318363189697,3.484950065612793,75.8732681274414,60.130859375,7.376819610595703,0.004230886697769165,7.149169921875
2442,3.052499960176647e-05,0.19704876840114594,35.1528434753418,27.859230041503906,75.8732681274414,60.130859375,6.775185585021973,0.0048285722732543945,7.0057373046875
2443,3.0537499696947634e-05,0.2288893759250641,43.75287628173828,34.67490005493164,75.8732681274414,60.130859375,7.230971336364746,0.005438506603240967,6.6715087890625
2444,3.05499997921288e-05,0.21381203830242157,56.646263122558594,44.893131256103516,75.8732681274414,60.130859375,6.764135837554932,0.005502462387084961,6.787353515625
2445,3.056249988730997e-05,0.21856075525283813,4.3818206787109375,3.472667694091797,75.8732681274414,60.130859375,7.5174055099487305,0.004365503787994385,6.56982421875
2446,3.0574999982491136e-05,0.20242753624916077,40.242835998535156,31.89313507080078,75.8732681274414,60.130859375,6.933674335479736,0.00440824031829834,7.0557861328125
2447,3.05875000776723e-05,0.21985863149166107,46.96123123168945,37.21757888793945,75.8732681274414,60.130859375,6.575735569000244,0.005914151668548584,6.9268798828125
2448,3.060000017285347e-05,0.2002321034669876,1.0348093509674072,0.8201041221618652,75.8732681274414,60.130859375,5.574019908905029,0.004906684160232544,6.0311279296875
2449,3.061250026803464e-05,0.21271033585071564,22.809307098388672,18.076766967773438,75.8732681274414,60.130859375,5.930915832519531,0.004220396280288696,6.7169189453125
2450,3.0625000363215804e-05,0.22098547220230103,49.22784423828125,39.01390838623047,75.8732681274414,60.130859375,6.337406158447266,0.0035193562507629395,7.0533447265625
2451,3.063750045839697e-05,0.20928336679935455,40.254920959472656,31.902713775634766,75.8732681274414,60.130859375,5.437469959259033,0.003963053226470947,6.5467529296875
2452,3.065000055357814e-05,0.2126380056142807,47.812015533447266,37.89183807373047,75.8732681274414,60.130859375,9.603185653686523,0.006686657667160034,6.9127197265625
2453,3.0662500648759305e-05,0.21887004375457764,0.9715957045555115,0.7700061798095703,75.8732681274414,60.130859375,6.893822193145752,0.004123270511627197,6.5928955078125
2454,3.067500074394047e-05,0.20209328830242157,52.32709503173828,41.470115661621094,75.8732681274414,60.130859375,9.104652404785156,0.004425048828125,6.35400390625
2455,3.068750083912164e-05,0.21981574594974518,11.294695854187012,8.951239585876465,75.8732681274414,60.130859375,5.994263172149658,0.0037010610103607178,6.98486328125
2456,3.070000093430281e-05,0.2062879204750061,49.06036376953125,38.88117599487305,75.8732681274414,60.130859375,4.665714740753174,0.004783421754837036,6.570068359375
2457,3.0712501029483974e-05,0.20062308013439178,51.10031509399414,40.49787521362305,75.8732681274414,60.130859375,8.224534034729004,0.003985375165939331,6.6512451171875
2458,3.072500112466514e-05,0.2431347519159317,39.48673629760742,31.293912887573242,75.8732681274414,60.130859375,7.6905837059021,0.005155444145202637,6.4130859375
2459,3.073750121984631e-05,0.21644607186317444,52.192474365234375,41.363426208496094,75.8732681274414,60.130859375,7.985772609710693,0.0042632222175598145,6.496826171875
2460,3.0750001315027475e-05,0.2806151807308197,4.399659633636475,3.4868054389953613,75.8732681274414,60.130859375,5.9239420890808105,0.004504084587097168,6.84814453125
2461,3.076250141020864e-05,0.17571578919887543,45.02914810180664,35.68636703491211,75.8732681274414,60.130859375,13.955029487609863,0.003217041492462158,6.888427734375
2462,3.077500150538981e-05,0.23077252507209778,11.706501960754395,9.277603149414062,75.8732681274414,60.130859375,7.136498928070068,0.003568589687347412,6.871826171875
2463,3.078750160057098e-05,0.26712509989738464,4.182746410369873,3.3148980140686035,75.8732681274414,60.130859375,6.200221538543701,0.003814876079559326,6.883056640625
2464,3.0800001695752144e-05,0.27414819598197937,40.08867263793945,31.770959854125977,75.8732681274414,60.130859375,8.46375846862793,0.003340989351272583,7.4031982421875
2465,3.081250179093331e-05,0.24057264626026154,0.9323400259017944,0.7388954162597656,75.8732681274414,60.130859375,5.988831520080566,0.005235493183135986,6.662109375
2466,3.082499824813567e-05,0.21305915713310242,47.38908386230469,37.55665969848633,75.8732681274414,60.130859375,7.028048038482666,0.005036592483520508,6.537841796875
2467,3.083749834331684e-05,0.25938647985458374,48.57120132446289,38.493507385253906,75.8732681274414,60.130859375,7.68577766418457,0.0051918625831604,7.1624755859375
2468,3.0849998438498005e-05,0.19583582878112793,40.3680534362793,31.99237060546875,75.8732681274414,60.130859375,5.154629707336426,0.005011022090911865,6.6944580078125
2469,3.086249853367917e-05,0.23651722073554993,50.11909103393555,39.720237731933594,75.8732681274414,60.130859375,7.224255561828613,0.003251016139984131,6.6441650390625
2470,3.087499862886034e-05,0.19454549252986908,10.268088340759277,8.137635231018066,75.8732681274414,60.130859375,5.703397274017334,0.0065920352935791016,6.944091796875
2471,3.088749872404151e-05,0.22349202632904053,55.51681137084961,43.998023986816406,75.8732681274414,60.130859375,6.397873401641846,0.004660606384277344,6.5552978515625
2472,3.0899998819222674e-05,0.28500428795814514,63.176551818847656,50.06849670410156,75.8732681274414,60.130859375,7.1059651374816895,0.0029150843620300293,7.209716796875
2473,3.091249891440384e-05,0.22521322965621948,34.3869743347168,27.25226402282715,75.8732681274414,60.130859375,5.659781455993652,0.004016071557998657,6.8612060546875
2474,3.092499900958501e-05,0.2167394757270813,30.732643127441406,24.356143951416016,75.8732681274414,60.130859375,6.140824794769287,0.0030262768268585205,7.1903076171875
2475,3.0937499104766175e-05,0.19362317025661469,38.15852355957031,30.241283416748047,75.8732681274414,60.130859375,7.5559186935424805,0.003445446491241455,6.854248046875
2476,3.094999919994734e-05,0.21814651787281036,3.7922592163085938,3.005430221557617,75.8732681274414,60.130859375,6.238741874694824,0.004124671220779419,6.7718505859375
2477,3.096249929512851e-05,0.2033839076757431,45.33721923828125,35.93052291870117,75.8732681274414,60.130859375,5.214466571807861,0.0049002766609191895,6.3955078125
2478,3.0974999390309677e-05,0.2338474839925766,33.43010711669922,26.49393081665039,75.8732681274414,60.130859375,9.01582145690918,0.004238814115524292,6.4710693359375
2479,3.0987499485490844e-05,0.21559284627437592,0.9167283773422241,0.7265229225158691,75.8732681274414,60.130859375,6.472876071929932,0.00452113151550293,6.9820556640625
2480,3.099999958067201e-05,0.2231571227312088,40.23576736450195,31.88753318786621,75.8732681274414,60.130859375,8.458030700683594,0.0037347078323364258,6.7298583984375
2481,3.101249967585318e-05,0.20176202058792114,47.385719299316406,37.553993225097656,75.8732681274414,60.130859375,7.857914924621582,0.003253936767578125,6.9329833984375
2482,3.1024999771034345e-05,0.22868835926055908,50.0126953125,39.63591384887695,75.8732681274414,60.130859375,6.368547439575195,0.005072355270385742,6.581787109375
2483,3.103749986621551e-05,0.22778724133968353,49.65768051147461,39.35456085205078,75.8732681274414,60.130859375,6.824884414672852,0.0038323700428009033,6.9102783203125
2484,3.104999996139668e-05,0.23929032683372498,1.0006529092788696,0.793034553527832,75.8732681274414,60.130859375,5.529629707336426,0.0036573410034179688,6.896728515625
2485,3.1062500056577846e-05,0.2001417726278305,0.973670244216919,0.7716503143310547,75.8732681274414,60.130859375,6.127782344818115,0.0050394535064697266,7.0426025390625
2486,3.1075000151759014e-05,0.26071035861968994,38.21051025390625,30.28248405456543,75.8732681274414,60.130859375,5.664578914642334,0.006598055362701416,6.7958984375
2487,3.108750024694018e-05,0.23022063076496124,1.0350145101547241,0.8202667236328125,75.8732681274414,60.130859375,6.407116413116455,0.00421828031539917,6.7357177734375
2488,3.110000034212135e-05,0.21755699813365936,52.283721923828125,41.43574142456055,75.8732681274414,60.130859375,7.053694248199463,0.003677189350128174,7.0274658203125
2489,3.1112500437302515e-05,0.21517880260944366,55.263397216796875,43.79718780517578,75.8732681274414,60.130859375,7.6899213790893555,0.006943464279174805,6.253173828125
2490,3.112500053248368e-05,0.22132088243961334,33.601707458496094,26.629926681518555,75.8732681274414,60.130859375,7.379504680633545,0.004274547100067139,6.8543701171875
2491,3.113750062766485e-05,0.21020163595676422,41.558265686035156,32.93563461303711,75.8732681274414,60.130859375,6.34369421005249,0.004521667957305908,7.0089111328125
2492,3.1150000722846016e-05,0.20153580605983734,35.93723678588867,28.480873107910156,75.8732681274414,60.130859375,7.953368186950684,0.003171086311340332,6.4676513671875
2493,3.1162500818027183e-05,0.2120000571012497,58.6091194152832,46.44873046875,75.8732681274414,60.130859375,7.65174674987793,0.0027981996536254883,7.139404296875
2494,3.117500091320835e-05,0.21748949587345123,11.106876373291016,8.802389144897461,75.8732681274414,60.130859375,6.425055503845215,0.005048930644989014,6.9351806640625
2495,3.118750100838952e-05,0.223471000790596,33.312747955322266,26.400920867919922,75.8732681274414,60.130859375,6.248754978179932,0.0037885308265686035,6.7589111328125
2496,3.1200001103570685e-05,0.24026374518871307,0.9557138681411743,0.7574195861816406,75.8732681274414,60.130859375,7.284216403961182,0.005314260721206665,6.59130859375
2497,3.121250119875185e-05,0.1892865002155304,37.86376190185547,30.007678985595703,75.8732681274414,60.130859375,6.857593536376953,0.004697680473327637,6.9827880859375
2498,3.122500129393302e-05,0.22792485356330872,0.9310819506645203,0.7378983497619629,75.8732681274414,60.130859375,5.691612243652344,0.003490924835205078,7.163330078125
2499,3.1237501389114186e-05,0.2136543244123459,45.914947509765625,36.38838195800781,75.8732681274414,60.130859375,6.774646282196045,0.003610968589782715,6.5421142578125
2500,3.125000148429535e-05,0.19469031691551208,11.336557388305664,8.984415054321289,75.8732681274414,60.130859375,7.059589385986328,0.004407286643981934,6.5592041015625
2501,3.126250157947652e-05,0.2118537425994873,44.380043029785156,35.17194366455078,75.8732681274414,60.130859375,9.119736671447754,0.0030587315559387207,7.230712890625
2502,3.127500167465769e-05,0.22050367295742035,56.57096862792969,44.83346176147461,75.8732681274414,60.130859375,6.338008403778076,0.0058792829513549805,6.990966796875
2503,3.1287501769838855e-05,0.20207546651363373,47.132362365722656,37.35320281982422,75.8732681274414,60.130859375,6.28511905670166,0.003846466541290283,6.6082763671875
2504,3.1299998227041215e-05,0.19947563111782074,56.08236312866211,44.44622802734375,75.8732681274414,60.130859375,6.89810848236084,0.005349159240722656,6.822021484375
2505,3.131249832222238e-05,0.24744360148906708,56.18674850463867,44.528961181640625,75.8732681274414,60.130859375,7.10563850402832,0.0039588212966918945,6.563232421875
2506,3.132499841740355e-05,0.20661169290542603,10.167109489440918,8.057607650756836,75.8732681274414,60.130859375,6.611423969268799,0.0036388933658599854,7.075927734375
2507,3.1337498512584716e-05,0.2137124091386795,50.30036544799805,39.86389923095703,75.8732681274414,60.130859375,7.351138591766357,0.0038022398948669434,6.9454345703125
2508,3.134999860776588e-05,0.21774782240390778,50.596187591552734,40.09834289550781,75.8732681274414,60.130859375,6.433459281921387,0.004782438278198242,6.0301513671875
2509,3.136249870294705e-05,0.18908849358558655,49.75677490234375,39.4330940246582,75.8732681274414,60.130859375,7.65411901473999,0.0053136348724365234,6.7679443359375
2510,3.137499879812822e-05,0.2255857288837433,48.51860427856445,38.45182418823242,75.8732681274414,60.130859375,6.203492641448975,0.0028601884841918945,6.969970703125
2511,3.1387498893309385e-05,0.22269587218761444,39.12712860107422,31.0089168548584,75.8732681274414,60.130859375,6.574026107788086,0.004629373550415039,6.5264892578125
2512,3.139999898849055e-05,0.2036741077899933,45.29068374633789,35.89364242553711,75.8732681274414,60.130859375,7.350637435913086,0.004466444253921509,6.9571533203125
2513,3.141249908367172e-05,0.21679455041885376,50.965396881103516,40.39094924926758,75.8732681274414,60.130859375,5.145229339599609,0.0038201212882995605,6.710693359375
2514,3.1424999178852886e-05,0.2102019488811493,10.619965553283691,8.41650390625,75.8732681274414,60.130859375,5.491360664367676,0.00440824031829834,6.3907470703125
2515,3.143749927403405e-05,0.2145863175392151,57.53779983520508,45.59968948364258,75.8732681274414,60.130859375,4.62514066696167,0.0045239925384521484,6.9893798828125
2516,3.144999936921522e-05,0.18252570927143097,1.060907006263733,0.8407869338989258,75.8732681274414,60.130859375,5.558454513549805,0.00458565354347229,6.57861328125
2517,3.146249946439639e-05,0.21235351264476776,47.1065559387207,37.3327522277832,75.8732681274414,60.130859375,6.259527683258057,0.004799932241439819,6.660888671875
2518,3.1474999559577554e-05,0.20135323703289032,10.787981033325195,8.549659729003906,75.8732681274414,60.130859375,6.81498384475708,0.004697263240814209,6.443603515625
2519,3.148749965475872e-05,0.19441606104373932,53.75127410888672,42.59880447387695,75.8732681274414,60.130859375,7.7552714347839355,0.0065416693687438965,6.4595947265625
2520,3.149999974993989e-05,0.18621572852134705,59.9483757019043,47.51011276245117,75.8732681274414,60.130859375,5.87245512008667,0.004393935203552246,6.820556640625
2521,3.1512499845121056e-05,0.1841060221195221,56.82375717163086,45.03379821777344,75.8732681274414,60.130859375,14.568230628967285,0.0033897757530212402,6.7921142578125
2522,3.152499994030222e-05,0.22860097885131836,61.63847732543945,48.849544525146484,75.8732681274414,60.130859375,8.125575065612793,0.003881096839904785,6.836669921875
2523,3.153750003548339e-05,0.17614378035068512,43.13911819458008,34.1884880065918,75.8732681274414,60.130859375,5.263930797576904,0.004053890705108643,6.908203125
2524,3.155000013066456e-05,0.22483645379543304,4.143444061279297,3.283750057220459,75.8732681274414,60.130859375,6.909088611602783,0.002777576446533203,7.4112548828125
2525,3.1562500225845724e-05,0.19210322201251984,46.64961242675781,36.97061538696289,75.8732681274414,60.130859375,5.865800857543945,0.004650115966796875,6.734375
2526,3.157500032102689e-05,0.20951899886131287,63.02908706665039,49.951629638671875,75.8732681274414,60.130859375,7.297327518463135,0.006151556968688965,6.510498046875
2527,3.158750041620806e-05,0.1916954666376114,10.423346519470215,8.260680198669434,75.8732681274414,60.130859375,6.566341876983643,0.003962993621826172,7.20703125
2528,3.1600000511389226e-05,0.20897959172725677,49.31378936767578,39.0820198059082,75.8732681274414,60.130859375,8.044355392456055,0.004454314708709717,6.6978759765625
2529,3.161250060657039e-05,0.1844031661748886,0.9988021850585938,0.7915678024291992,75.8732681274414,60.130859375,7.058866500854492,0.00435560941696167,6.6419677734375
2530,3.162500070175156e-05,0.21257384121418,1.1112593412399292,0.8806920051574707,75.8732681274414,60.130859375,6.839030742645264,0.005255579948425293,6.986328125
2531,3.163750079693273e-05,0.215926393866539,1.0683767795562744,0.8467068672180176,75.8732681274414,60.130859375,7.797054767608643,0.004626810550689697,6.55322265625
2532,3.1650000892113894e-05,0.1982240527868271,59.519920349121094,47.170555114746094,75.8732681274414,60.130859375,8.849173545837402,0.0032790303230285645,7.2403564453125
2533,3.166250098729506e-05,0.22819103300571442,35.9887809753418,28.521724700927734,75.8732681274414,60.130859375,6.061398983001709,0.006579458713531494,6.7734375
2534,3.167500108247623e-05,0.20865967869758606,49.685394287109375,39.37652587890625,75.8732681274414,60.130859375,6.385638236999512,0.004676163196563721,7.2056884765625
2535,3.1687501177657396e-05,0.20423798263072968,44.44818115234375,35.22594451904297,75.8732681274414,60.130859375,7.63596248626709,0.005454123020172119,6.8880615234375
2536,3.170000127283856e-05,0.19149260222911835,48.44629669189453,38.39451599121094,75.8732681274414,60.130859375,4.914365768432617,0.0048941969871521,6.8125
2537,3.171250136801973e-05,0.20023435354232788,1.0564805269241333,0.8372788429260254,75.8732681274414,60.130859375,5.430712699890137,0.0046859681606292725,6.43310546875
2538,3.17250014632009e-05,0.19820380210876465,38.039432525634766,30.146900177001953,75.8732681274414,60.130859375,8.840166091918945,0.0036894381046295166,6.47900390625
2539,3.1737501558382064e-05,0.22376111149787903,42.526405334472656,33.702903747558594,75.8732681274414,60.130859375,8.368326187133789,0.005639761686325073,7.0474853515625
2540,3.175000165356323e-05,0.2450868785381317,50.71552276611328,40.19291687011719,75.8732681274414,60.130859375,6.49354362487793,0.004093170166015625,6.7333984375
2541,3.17625017487444e-05,0.2321166843175888,38.40026092529297,30.432861328125,75.8732681274414,60.130859375,6.66398286819458,0.0038008689880371094,6.892578125
2542,3.177499820594676e-05,0.20128707587718964,9.924969673156738,7.865707874298096,75.8732681274414,60.130859375,5.1040754318237305,0.005284905433654785,6.613525390625
2543,3.1787498301127926e-05,0.23542368412017822,11.087952613830566,8.787391662597656,75.8732681274414,60.130859375,6.2872114181518555,0.0053588151931762695,6.802734375
2544,3.179999839630909e-05,0.2287663221359253,43.19842529296875,34.23549270629883,75.8732681274414,60.130859375,7.021862030029297,0.005293607711791992,6.897216796875
2545,3.181249849149026e-05,0.1890382468700409,11.431180000305176,9.059406280517578,75.8732681274414,60.130859375,5.624185562133789,0.0037311315536499023,7.142333984375
2546,3.182499858667143e-05,0.18353891372680664,11.425902366638184,9.05522346496582,75.8732681274414,60.130859375,5.407303810119629,0.005408823490142822,6.7957763671875
2547,3.1837498681852594e-05,0.22193317115306854,58.17900085449219,46.107852935791016,75.8732681274414,60.130859375,7.044294834136963,0.0033844709396362305,6.8623046875
2548,3.184999877703376e-05,0.2516217529773712,44.67173385620117,35.403114318847656,75.8732681274414,60.130859375,6.18411111831665,0.004240483045578003,7.07275390625
2549,3.186249887221493e-05,0.20140062272548676,0.9627179503440857,0.7629704475402832,75.8732681274414,60.130859375,5.180974960327148,0.006160616874694824,6.195556640625
2550,3.1874998967396095e-05,0.24532119929790497,36.71379852294922,29.096311569213867,75.8732681274414,60.130859375,8.537363052368164,0.003939390182495117,6.820068359375
2551,3.188749906257726e-05,0.23461735248565674,24.699180603027344,19.57452392578125,75.8732681274414,60.130859375,5.802576541900635,0.004021704196929932,7.035888671875
2552,3.189999915775843e-05,0.20474115014076233,9.540260314941406,7.560819625854492,75.8732681274414,60.130859375,7.474644184112549,0.003869354724884033,6.46044921875
2553,3.19124992529396e-05,0.2288139909505844,43.86524200439453,34.763954162597656,75.8732681274414,60.130859375,6.725734710693359,0.00484466552734375,7.1048583984375
2554,3.1924999348120764e-05,0.22928905487060547,3.998769521713257,3.169093132019043,75.8732681274414,60.130859375,6.62126350402832,0.004469692707061768,6.993896484375
2555,3.193749944330193e-05,0.23916780948638916,49.321598052978516,39.08820724487305,75.8732681274414,60.130859375,7.952467918395996,0.0035386979579925537,6.7786865234375
2556,3.19499995384831e-05,0.2779678404331207,0.9036389589309692,0.7161493301391602,75.8732681274414,60.130859375,5.472152233123779,0.003917783498764038,6.7105712890625
2557,3.1962499633664265e-05,0.1915692836046219,38.37765121459961,30.414945602416992,75.8732681274414,60.130859375,7.934001445770264,0.004307448863983154,6.9400634765625
2558,3.197499972884543e-05,0.21725934743881226,49.37664794921875,39.1318359375,75.8732681274414,60.130859375,6.6956963539123535,0.004265546798706055,7.2703857421875
2559,3.19874998240266e-05,0.22770367562770844,41.84709548950195,33.1645393371582,75.8732681274414,60.130859375,6.132802486419678,0.00434345006942749,6.470703125
2560,3.199999991920777e-05,0.1971617490053177,46.616546630859375,36.94440841674805,75.8732681274414,60.130859375,8.104843139648438,0.006073683500289917,6.509765625
2561,3.2012500014388934e-05,0.19559594988822937,42.37277603149414,33.58115005493164,75.8732681274414,60.130859375,7.4911370277404785,0.00369948148727417,7.1785888671875
2562,3.20250001095701e-05,0.2545521855354309,50.379798889160156,39.926849365234375,75.8732681274414,60.130859375,8.211762428283691,0.0035001635551452637,7.018798828125
2563,3.203750020475127e-05,0.2144675999879837,0.9732556939125061,0.7713217735290527,75.8732681274414,60.130859375,5.528103351593018,0.005292356014251709,6.6033935546875
2564,3.2050000299932435e-05,0.24706833064556122,1.0541176795959473,0.8354063034057617,75.8732681274414,60.130859375,5.133766174316406,0.004369914531707764,6.8116455078125
2565,3.20625003951136e-05,0.23109836876392365,42.579063415527344,33.74463653564453,75.8732681274414,60.130859375,5.803091526031494,0.007721066474914551,6.552490234375
2566,3.207500049029477e-05,0.22610297799110413,31.167518615722656,24.70079231262207,75.8732681274414,60.130859375,7.779987335205078,0.004326045513153076,7.126953125
2567,3.2087500585475937e-05,0.23245979845523834,0.9588401913642883,0.7598972320556641,75.8732681274414,60.130859375,5.74492073059082,0.0033975541591644287,6.9476318359375
2568,3.2100000680657104e-05,0.16991786658763885,59.125877380371094,46.85826873779297,75.8732681274414,60.130859375,6.083070278167725,0.005236208438873291,6.0526123046875
2569,3.211250077583827e-05,0.20557801425457,33.17991638183594,26.295650482177734,75.8732681274414,60.130859375,6.780235767364502,0.004258632659912109,6.7586669921875
2570,3.212500087101944e-05,0.24982132017612457,11.096616744995117,8.794258117675781,75.8732681274414,60.130859375,6.318172931671143,0.005137383937835693,6.93994140625
2571,3.2137500966200605e-05,0.18350164592266083,4.434502601623535,3.5144190788269043,75.8732681274414,60.130859375,6.433487892150879,0.0036017894744873047,6.5181884765625
2572,3.215000106138177e-05,0.2300947606563568,0.9713802933692932,0.7698354721069336,75.8732681274414,60.130859375,6.388050556182861,0.004732787609100342,6.851318359375
2573,3.216250115656294e-05,0.21567754447460175,3.9209554195404053,3.107424259185791,75.8732681274414,60.130859375,8.20607852935791,0.005070865154266357,6.6676025390625
2574,3.2175001251744106e-05,0.25331708788871765,60.837974548339844,48.21513366699219,75.8732681274414,60.130859375,8.130258560180664,0.004708468914031982,6.424072265625
2575,3.2187501346925274e-05,0.22934332489967346,53.50938415527344,42.407100677490234,75.8732681274414,60.130859375,6.589104652404785,0.00482940673828125,6.9659423828125
2576,3.220000144210644e-05,0.24589011073112488,10.556435585021973,8.366155624389648,75.8732681274414,60.130859375,7.913308143615723,0.005433857440948486,6.6201171875
2577,3.221250153728761e-05,0.24118420481681824,18.47472381591797,14.641534805297852,75.8732681274414,60.130859375,5.487974643707275,0.004170149564743042,6.6864013671875
2578,3.2225001632468775e-05,0.25112369656562805,4.067759037017822,3.223768711090088,75.8732681274414,60.130859375,5.818584442138672,0.004624068737030029,6.5126953125
2579,3.223750172764994e-05,0.2399575263261795,3.8158044815063477,3.02409029006958,75.8732681274414,60.130859375,7.611504554748535,0.003910362720489502,6.4542236328125
2580,3.22499981848523e-05,0.21888010203838348,39.189720153808594,31.058523178100586,75.8732681274414,60.130859375,6.7419562339782715,0.003786623477935791,6.8045654296875
2581,3.226249828003347e-05,0.20622992515563965,39.44041061401367,31.257198333740234,75.8732681274414,60.130859375,15.017319679260254,0.0031365156173706055,6.8134765625
2582,3.2274998375214636e-05,0.2310153990983963,0.9434710144996643,0.7477169036865234,75.8732681274414,60.130859375,6.440829277038574,0.004517972469329834,6.8621826171875
2583,3.2287498470395803e-05,0.23673392832279205,36.184112548828125,28.67652702331543,75.8732681274414,60.130859375,4.757681846618652,0.003256499767303467,6.9468994140625
2584,3.229999856557697e-05,0.2008817344903946,46.065147399902344,36.507415771484375,75.8732681274414,60.130859375,5.973780155181885,0.0032584667205810547,7.4945068359375
2585,3.231249866075814e-05,0.21729281544685364,37.096920013427734,29.39994239807129,75.8732681274414,60.130859375,4.994080543518066,0.0049207210540771484,6.74951171875
2586,3.2324998755939305e-05,0.1705983728170395,1.0258564949035645,0.8130087852478027,75.8732681274414,60.130859375,6.562520980834961,0.004390031099319458,6.538818359375
2587,3.233749885112047e-05,0.20796646177768707,36.703182220458984,29.087900161743164,75.8732681274414,60.130859375,7.651753902435303,0.004151970148086548,7.2313232421875
2588,3.234999894630164e-05,0.18851743638515472,50.169254302978516,39.75999069213867,75.8732681274414,60.130859375,6.276451587677002,0.004231929779052734,6.772705078125
2589,3.2362499041482806e-05,0.19340673089027405,24.055233001708984,19.06418228149414,75.8732681274414,60.130859375,7.922107219696045,0.0040770769119262695,6.708740234375
2590,3.237499913666397e-05,0.21464276313781738,45.84452438354492,36.33256912231445,75.8732681274414,60.130859375,6.374565601348877,0.0036188364028930664,6.978759765625
2591,3.238749923184514e-05,0.17602236568927765,64.32122802734375,50.975669860839844,75.8732681274414,60.130859375,7.775238037109375,0.00431370735168457,6.5953369140625
2592,3.239999932702631e-05,0.22853045165538788,3.9092986583709717,3.0981860160827637,75.8732681274414,60.130859375,7.010867595672607,0.0031386613845825195,7.2171630859375
2593,3.2412499422207475e-05,0.2031830996274948,1.0250868797302246,0.8123989105224609,75.8732681274414,60.130859375,7.011455059051514,0.0036177337169647217,6.7286376953125
2594,3.242499951738864e-05,0.24842897057533264,47.13665008544922,37.356597900390625,75.8732681274414,60.130859375,6.576539039611816,0.0036266446113586426,7.189453125
2595,3.243749961256981e-05,0.19030553102493286,41.81300354003906,33.13751983642578,75.8732681274414,60.130859375,6.604068279266357,0.0032205581665039062,6.851318359375
2596,3.2449999707750976e-05,0.23484542965888977,50.65644073486328,40.146095275878906,75.8732681274414,60.130859375,5.7694993019104,0.00457155704498291,6.8367919921875
2597,3.246249980293214e-05,0.1953950971364975,45.726402282714844,36.23895263671875,75.8732681274414,60.130859375,8.02511215209961,0.004679590463638306,6.501220703125
2598,3.247499989811331e-05,0.16529487073421478,46.88169479370117,37.154544830322266,75.8732681274414,60.130859375,7.681051731109619,0.0034414827823638916,6.4617919921875
2599,3.248749999329448e-05,0.24616466462612152,53.40401077270508,42.32358932495117,75.8732681274414,60.130859375,8.459346771240234,0.00417405366897583,6.95654296875
2600,3.2500000088475645e-05,0.17983609437942505,24.853185653686523,19.69657325744629,75.8732681274414,60.130859375,6.567015171051025,0.004069089889526367,6.610107421875
2601,3.251250018365681e-05,0.21494130790233612,10.82393741607666,8.578155517578125,75.8732681274414,60.130859375,6.857748031616211,0.0038175880908966064,6.9241943359375
2602,3.252500027883798e-05,0.18241289258003235,62.66664505004883,49.66438674926758,75.8732681274414,60.130859375,6.895715236663818,0.0037061870098114014,6.669677734375
2603,3.2537500374019146e-05,0.21638557314872742,52.14670944213867,41.32715606689453,75.8732681274414,60.130859375,7.2890424728393555,0.005324721336364746,6.7738037109375
2604,3.255000046920031e-05,0.20571556687355042,4.315746307373047,3.4203028678894043,75.8732681274414,60.130859375,8.632949829101562,0.005737960338592529,6.8548583984375
2605,3.256250056438148e-05,0.17098264396190643,35.74256134033203,28.32659149169922,75.8732681274414,60.130859375,6.215517997741699,0.005887836217880249,7.186279296875
2606,3.257500065956265e-05,0.1962224394083023,56.404266357421875,44.70134353637695,75.8732681274414,60.130859375,8.131903648376465,0.0038463473320007324,6.79052734375
2607,3.2587500754743814e-05,0.17463526129722595,44.27499771118164,35.08869171142578,75.8732681274414,60.130859375,9.88717269897461,0.0034295320510864258,6.881103515625
2608,3.260000084992498e-05,0.19451774656772614,4.036882400512695,3.19929838180542,75.8732681274414,60.130859375,5.842588424682617,0.006353437900543213,7.064697265625
2609,3.261250094510615e-05,0.20040813088417053,59.753597259521484,47.35574722290039,75.8732681274414,60.130859375,6.655278205871582,0.004279971122741699,6.3240966796875
2610,3.2625001040287316e-05,0.17166225612163544,3.622028112411499,2.8705191612243652,75.8732681274414,60.130859375,5.151073932647705,0.0032347142696380615,6.7996826171875
2611,3.263750113546848e-05,0.21556538343429565,1.0390452146530151,0.8234610557556152,75.8732681274414,60.130859375,7.036798477172852,0.004493206739425659,7.0615234375
2612,3.265000123064965e-05,0.193578839302063,23.77792739868164,18.84441375732422,75.8732681274414,60.130859375,7.4317169189453125,0.005948007106781006,6.5543212890625
2613,3.266250132583082e-05,0.18023106455802917,39.11445236206055,30.998872756958008,75.8732681274414,60.130859375,6.669178009033203,0.003164529800415039,7.0333251953125
2614,3.2675001421011984e-05,0.2195315808057785,52.252872467041016,41.411293029785156,75.8732681274414,60.130859375,6.4240922927856445,0.004887223243713379,7.096435546875
2615,3.268750151619315e-05,0.2010873556137085,44.116939544677734,34.96342849731445,75.8732681274414,60.130859375,4.9014363288879395,0.0044553279876708984,6.7564697265625
2616,3.270000161137432e-05,0.23878414928913116,50.53139877319336,40.0469970703125,75.8732681274414,60.130859375,6.642326831817627,0.005787193775177002,6.7130126953125
2617,3.2712501706555486e-05,0.2059529721736908,21.184776306152344,16.789297103881836,75.8732681274414,60.130859375,7.751034736633301,0.004485368728637695,6.9871826171875
2618,3.272500180173665e-05,0.21531227231025696,49.40768051147461,39.15643310546875,75.8732681274414,60.130859375,6.945289611816406,0.003658771514892578,7.244873046875
2619,3.273749825893901e-05,0.3254532516002655,56.017555236816406,44.39487075805664,75.8732681274414,60.130859375,8.377556800842285,0.004495024681091309,6.4813232421875
2620,3.274999835412018e-05,0.187872976064682,10.033660888671875,7.951848030090332,75.8732681274414,60.130859375,6.8981099128723145,0.00383836030960083,6.4825439453125
2621,3.276249844930135e-05,0.2906531095504761,4.1312456130981445,3.274082660675049,75.8732681274414,60.130859375,6.548797130584717,0.0030355453491210938,7.170166015625
2622,3.2774998544482514e-05,0.2689135670661926,4.6585917472839355,3.692013740539551,75.8732681274414,60.130859375,7.531286716461182,0.004177361726760864,7.0284423828125
2623,3.278749863966368e-05,0.2529042661190033,3.733431100845337,2.958807945251465,75.8732681274414,60.130859375,6.003940582275391,0.004282116889953613,6.605224609375
2624,3.279999873484485e-05,0.2009979635477066,41.31571578979492,32.743412017822266,75.8732681274414,60.130859375,8.2208890914917,0.0038542747497558594,6.9271240234375
2625,3.2812498830026016e-05,0.2597835958003998,41.942108154296875,33.239837646484375,75.8732681274414,60.130859375,7.092272758483887,0.004928290843963623,6.5556640625
2626,3.282499892520718e-05,0.23792016506195068,46.22268295288086,36.632266998291016,75.8732681274414,60.130859375,6.057196617126465,0.0029101967811584473,7.1142578125
2627,3.283749902038835e-05,0.282001256942749,50.100074768066406,39.70516586303711,75.8732681274414,60.130859375,5.285740375518799,0.0034798383712768555,6.96533203125
2628,3.284999911556952e-05,0.29477864503860474,56.94950866699219,45.133460998535156,75.8732681274414,60.130859375,7.6061177253723145,0.005457103252410889,6.0361328125
2629,3.2862499210750684e-05,0.21865910291671753,0.940218985080719,0.7451395988464355,75.8732681274414,60.130859375,6.649737358093262,0.003999114036560059,6.7578125
2630,3.287499930593185e-05,0.2747000753879547,11.660056114196777,9.240793228149414,75.8732681274414,60.130859375,6.704889297485352,0.0030835866928100586,6.9609375
2631,3.288749940111302e-05,0.23186902701854706,53.9230842590332,42.73496627807617,75.8732681274414,60.130859375,6.259083271026611,0.004413247108459473,6.5654296875
2632,3.2899999496294186e-05,0.2069396823644638,4.066848278045654,3.2230467796325684,75.8732681274414,60.130859375,7.888639450073242,0.003915458917617798,6.902099609375
2633,3.291249959147535e-05,0.19237536191940308,47.62150955200195,37.74085998535156,75.8732681274414,60.130859375,6.9656219482421875,0.0033325552940368652,6.7503662109375
2634,3.292499968665652e-05,0.2042015641927719,0.9782465696334839,0.7752771377563477,75.8732681274414,60.130859375,5.452816009521484,0.003965973854064941,6.35498046875
2635,3.293749978183769e-05,0.23037664592266083,43.72056198120117,34.6492919921875,75.8732681274414,60.130859375,6.328235626220703,0.0032888948917388916,6.8465576171875
2636,3.2949999877018854e-05,0.19692301750183105,40.45467758178711,32.0610237121582,75.8732681274414,60.130859375,7.661443710327148,0.005135893821716309,6.702392578125
2637,3.296249997220002e-05,0.23999552428722382,10.396045684814453,8.239044189453125,75.8732681274414,60.130859375,7.2425537109375,0.006640732288360596,6.7294921875
2638,3.297500006738119e-05,0.24605971574783325,45.0335693359375,35.68987274169922,75.8732681274414,60.130859375,6.6273884773254395,0.005065500736236572,6.5460205078125
2639,3.2987500162562355e-05,0.26502716541290283,42.74345016479492,33.874916076660156,75.8732681274414,60.130859375,7.4899210929870605,0.0042591094970703125,6.5059814453125
2640,3.300000025774352e-05,0.18431788682937622,48.39466094970703,38.35359573364258,75.8732681274414,60.130859375,7.834107398986816,0.0037415027618408203,6.79736328125
2641,3.301250035292469e-05,0.23540759086608887,22.93012046813965,18.17251205444336,75.8732681274414,60.130859375,14.020831108093262,0.0032440125942230225,6.8167724609375
2642,3.302500044810586e-05,0.23315423727035522,37.023006439208984,29.341365814208984,75.8732681274414,60.130859375,6.087490558624268,0.0035909414291381836,6.965087890625
2643,3.3037500543287024e-05,0.21942108869552612,54.443702697753906,43.14756393432617,75.8732681274414,60.130859375,7.391080379486084,0.004319608211517334,6.942138671875
2644,3.305000063846819e-05,0.22949713468551636,41.31706237792969,32.74448013305664,75.8732681274414,60.130859375,6.119288444519043,0.0032079219818115234,7.3714599609375
2645,3.306250073364936e-05,0.25205692648887634,51.480201721191406,40.7989387512207,75.8732681274414,60.130859375,8.197689056396484,0.005144238471984863,6.7156982421875
2646,3.3075000828830525e-05,0.23398467898368835,59.99933624267578,47.550498962402344,75.8732681274414,60.130859375,7.30038595199585,0.00757211446762085,6.6317138671875
2647,3.308750092401169e-05,0.3026230037212372,43.70991897583008,34.6408576965332,75.8732681274414,60.130859375,5.903110504150391,0.005019038915634155,7.2413330078125
2648,3.310000101919286e-05,0.21668080985546112,46.01476287841797,36.46748733520508,75.8732681274414,60.130859375,7.804251194000244,0.004935711622238159,6.72705078125
2649,3.311250111437403e-05,0.26313507556915283,49.38648223876953,39.13962936401367,75.8732681274414,60.130859375,6.336869239807129,0.004342764616012573,6.7152099609375
2650,3.3125001209555194e-05,0.2452787309885025,38.68819808959961,30.66105842590332,75.8732681274414,60.130859375,5.570418357849121,0.0035269856452941895,6.9737548828125
2651,3.313750130473636e-05,0.20671609044075012,21.013324737548828,16.653419494628906,75.8732681274414,60.130859375,5.651128768920898,0.004990994930267334,6.5965576171875
2652,3.315000139991753e-05,0.2333643138408661,51.69896697998047,40.972312927246094,75.8732681274414,60.130859375,8.21995735168457,0.003243088722229004,7.2098388671875
2653,3.3162501495098695e-05,0.21773482859134674,0.9870797395706177,0.7822775840759277,75.8732681274414,60.130859375,7.228137016296387,0.005208075046539307,6.7763671875
2654,3.317500159027986e-05,0.2006770521402359,42.78741455078125,33.90975570678711,75.8732681274414,60.130859375,7.456648826599121,0.0034114718437194824,7.100830078125
2655,3.318750168546103e-05,0.30139338970184326,0.9197759032249451,0.728938102722168,75.8732681274414,60.130859375,6.664294719696045,0.005841374397277832,6.8050537109375
2656,3.3200001780642197e-05,0.18661215901374817,46.691585540771484,37.00387954711914,75.8732681274414,60.130859375,6.780029296875,0.005219697952270508,6.7449951171875
2657,3.3212498237844557e-05,0.22704505920410156,0.987801194190979,0.7828493118286133,75.8732681274414,60.130859375,5.458611488342285,0.0037082135677337646,6.457763671875
2658,3.3224998333025724e-05,0.21335940062999725,4.153692245483398,3.291872024536133,75.8732681274414,60.130859375,8.079461097717285,0.002880573272705078,6.444091796875
2659,3.323749842820689e-05,0.23775725066661835,44.39636993408203,35.18488311767578,75.8732681274414,60.130859375,7.484567642211914,0.005961239337921143,6.9642333984375
2660,3.324999852338806e-05,0.20263558626174927,44.8251953125,35.52473449707031,75.8732681274414,60.130859375,8.398341178894043,0.0057134926319122314,6.656005859375
2661,3.3262498618569225e-05,0.22809192538261414,21.770931243896484,17.253835678100586,75.8732681274414,60.130859375,7.213779926300049,0.0036695003509521484,6.85400390625
2662,3.327499871375039e-05,0.23744118213653564,4.338541030883789,3.4383678436279297,75.8732681274414,60.130859375,6.226551055908203,0.004975259304046631,6.6820068359375
2663,3.328749880893156e-05,0.2229219526052475,22.58815574645996,17.901498794555664,75.8732681274414,60.130859375,6.162107944488525,0.006339430809020996,6.7476806640625
2664,3.3299998904112726e-05,0.23649796843528748,49.25670623779297,39.036781311035156,75.8732681274414,60.130859375,7.204174995422363,0.003792017698287964,6.9376220703125
2665,3.3312498999293894e-05,0.21932052075862885,4.064283847808838,3.2210144996643066,75.8732681274414,60.130859375,5.245580196380615,0.004164963960647583,7.1741943359375
2666,3.332499909447506e-05,0.20787176489830017,43.24209213256836,34.27009582519531,75.8732681274414,60.130859375,6.547859191894531,0.0035489797592163086,6.6959228515625
2667,3.333749918965623e-05,0.19969533383846283,53.09828567504883,42.081298828125,75.8732681274414,60.130859375,7.161491394042969,0.0038860738277435303,6.9244384765625
2668,3.3349999284837395e-05,0.20898878574371338,42.2291374206543,33.46731185913086,75.8732681274414,60.130859375,7.0438642501831055,0.0057288408279418945,7.1781005859375
2669,3.336249938001856e-05,0.18871930241584778,52.90730285644531,41.92993927001953,75.8732681274414,60.130859375,5.121326923370361,0.005068838596343994,6.180908203125
2670,3.337499947519973e-05,0.2387571930885315,40.178443908691406,31.842105865478516,75.8732681274414,60.130859375,7.679806709289551,0.0036339759826660156,6.8443603515625
2671,3.3387499570380896e-05,0.1692814975976944,51.135955810546875,40.526119232177734,75.8732681274414,60.130859375,7.121860980987549,0.004228472709655762,7.1402587890625
2672,3.3399999665562063e-05,0.22097347676753998,10.501128196716309,8.322322845458984,75.8732681274414,60.130859375,5.7085280418396,0.003916800022125244,6.54248046875
2673,3.341249976074323e-05,0.21165914833545685,38.869686126708984,30.804889678955078,75.8732681274414,60.130859375,7.0836005210876465,0.004095941781997681,7.004150390625
2674,3.34249998559244e-05,0.1794676035642624,49.00900650024414,38.840476989746094,75.8732681274414,60.130859375,6.905661582946777,0.003667593002319336,6.9974365234375
2675,3.3437499951105565e-05,0.22972211241722107,22.755523681640625,18.034141540527344,75.8732681274414,60.130859375,7.940990924835205,0.004866480827331543,6.75830078125
2676,3.345000004628673e-05,0.21260598301887512,40.94472122192383,32.44939041137695,75.8732681274414,60.130859375,7.121487140655518,0.005056619644165039,6.71533203125
2677,3.34625001414679e-05,0.21239708364009857,57.99505615234375,45.96207046508789,75.8732681274414,60.130859375,7.467686653137207,0.0037489235401153564,7.001708984375
2678,3.3475000236649066e-05,0.21455274522304535,0.9663111567497253,0.7658181190490723,75.8732681274414,60.130859375,5.732231616973877,0.0036359429359436035,7.187744140625
2679,3.348750033183023e-05,0.20234456658363342,4.076905727386475,3.231017589569092,75.8732681274414,60.130859375,6.676072597503662,0.004823267459869385,6.46875
2680,3.35000004270114e-05,0.21653695404529572,41.52741622924805,32.91118621826172,75.8732681274414,60.130859375,6.2059526443481445,0.0037766098976135254,6.4901123046875
2681,3.351250052219257e-05,0.19462047517299652,68.27464294433594,54.108821868896484,81.55137634277344,64.630859375,6.740224838256836,0.003336489200592041,7.2379150390625
2682,3.3525000617373735e-05,0.21405652165412903,40.55629348754883,32.14155578613281,81.55137634277344,64.630859375,7.538144111633301,0.003146648406982422,6.9906005859375
2683,3.35375007125549e-05,0.2156710922718048,55.780330657958984,44.20686721801758,81.55137634277344,64.630859375,5.676833629608154,0.00298309326171875,6.6395263671875
2684,3.355000080773607e-05,0.18477576971054077,54.489097595214844,43.18354034423828,81.55137634277344,64.630859375,8.832884788513184,0.004604935646057129,6.9425048828125
2685,3.3562500902917236e-05,0.27265310287475586,1.0541303157806396,0.835416316986084,81.55137634277344,64.630859375,7.8932294845581055,0.0037193894386291504,6.551025390625
2686,3.35750009980984e-05,0.20281508564949036,50.793846130371094,40.25498962402344,81.55137634277344,64.630859375,6.8656392097473145,0.004330158233642578,7.040283203125
2687,3.358750109327957e-05,0.2088162899017334,10.472600936889648,8.299715042114258,81.55137634277344,64.630859375,7.939093112945557,0.0031284689903259277,6.9390869140625
2688,3.360000118846074e-05,0.22716660797595978,4.1125383377075195,3.2592568397521973,81.55137634277344,64.630859375,6.891547203063965,0.004251301288604736,6.0140380859375
2689,3.3612501283641905e-05,0.228099063038826,67.07429504394531,53.15752410888672,81.55137634277344,64.630859375,6.616588592529297,0.003652334213256836,6.77734375
2690,3.362500137882307e-05,0.21284416317939758,0.872972846031189,0.6918458938598633,81.55137634277344,64.630859375,7.582932472229004,0.004132777452468872,6.952392578125
2691,3.363750147400424e-05,0.2727825939655304,48.285888671875,38.267391204833984,81.55137634277344,64.630859375,6.946840763092041,0.0043596625328063965,6.5374755859375
2692,3.3650001569185406e-05,0.23794054985046387,0.8812801837921143,0.6984295845031738,81.55137634277344,64.630859375,7.3910112380981445,0.005654036998748779,6.8885498046875
2693,3.366250166436657e-05,0.21804700791835785,61.71135330200195,48.90730285644531,81.55137634277344,64.630859375,7.082968235015869,0.0032355785369873047,6.7252197265625
2694,3.367500175954774e-05,0.2823839485645294,11.693681716918945,9.26744270324707,81.55137634277344,64.630859375,6.14487886428833,0.0043534040451049805,6.4031982421875
2695,3.36874982167501e-05,0.20977242290973663,42.40443420410156,33.606239318847656,81.55137634277344,64.630859375,6.885442733764648,0.0031406283378601074,6.888671875
2696,3.369999831193127e-05,0.22754144668579102,38.44468307495117,30.468069076538086,81.55137634277344,64.630859375,7.044272422790527,0.004483461380004883,6.5885009765625
2697,3.3712498407112435e-05,0.18416620790958405,4.2664995193481445,3.3812737464904785,81.55137634277344,64.630859375,7.2099199295043945,0.0037168562412261963,6.7821044921875
2698,3.37249985022936e-05,0.1864357739686966,32.971824645996094,26.130733489990234,81.55137634277344,64.630859375,7.597052097320557,0.0045254528522491455,6.4910888671875
2699,3.373749859747477e-05,0.1903371661901474,56.92558288574219,45.114498138427734,81.55137634277344,64.630859375,7.875163555145264,0.004949390888214111,6.477294921875
2700,3.3749998692655936e-05,0.21445398032665253,0.9709747433662415,0.7695140838623047,81.55137634277344,64.630859375,5.380638122558594,0.003118276596069336,6.7886962890625
2701,3.37624987878371e-05,0.22443442046642303,4.13176155090332,3.274491786956787,81.55137634277344,64.630859375,13.119336128234863,0.003162384033203125,6.8233642578125
2702,3.377499888301827e-05,0.19967058300971985,38.84091567993164,30.782089233398438,81.55137634277344,64.630859375,6.375014781951904,0.00692439079284668,6.85498046875
2703,3.378749897819944e-05,0.201385959982872,33.36416244506836,26.441669464111328,81.55137634277344,64.630859375,7.679224967956543,0.004891514778137207,6.9423828125
2704,3.3799999073380604e-05,0.21982741355895996,50.92927169799805,40.36231994628906,81.55137634277344,64.630859375,8.719718933105469,0.0028617382049560547,7.3165283203125
2705,3.381249916856177e-05,0.18781030178070068,35.807865142822266,28.378345489501953,81.55137634277344,64.630859375,7.467737674713135,0.004143476486206055,6.6123046875
2706,3.382499926374294e-05,0.22590066492557526,57.611289978027344,45.65793228149414,81.55137634277344,64.630859375,7.540008068084717,0.004744797945022583,6.5826416015625
2707,3.3837499358924106e-05,0.19731497764587402,54.467796325683594,43.166656494140625,81.55137634277344,64.630859375,10.504887580871582,0.0027608871459960938,7.16064453125
2708,3.384999945410527e-05,0.19060949981212616,11.831500053405762,9.376666069030762,81.55137634277344,64.630859375,5.144629001617432,0.004339814186096191,6.68017578125
2709,3.386249954928644e-05,0.2175329327583313,48.95576858520508,38.798282623291016,81.55137634277344,64.630859375,6.012688159942627,0.002825915813446045,6.70556640625
2710,3.387499964446761e-05,0.18214717507362366,40.218910217285156,31.874174118041992,81.55137634277344,64.630859375,7.222764492034912,0.0033279061317443848,6.963134765625
2711,3.3887499739648774e-05,0.19572807848453522,47.60117721557617,37.72474670410156,81.55137634277344,64.630859375,8.7046537399292,0.005094647407531738,6.5948486328125
2712,3.389999983482994e-05,0.21954002976417542,10.788129806518555,8.549777030944824,81.55137634277344,64.630859375,6.930670738220215,0.0026566386222839355,7.0848388671875
2713,3.391249993001111e-05,0.2521507441997528,41.61105728149414,32.977474212646484,81.55137634277344,64.630859375,5.727448463439941,0.003503859043121338,6.7874755859375
2714,3.3925000025192276e-05,0.205908864736557,58.88936996459961,46.67082977294922,81.55137634277344,64.630859375,6.857253074645996,0.00447458028793335,6.9822998046875
2715,3.393750012037344e-05,0.29176804423332214,35.52119064331055,28.151151657104492,81.55137634277344,64.630859375,6.7050461769104,0.003224194049835205,6.8870849609375
2716,3.395000021555461e-05,0.20645979046821594,41.892818450927734,33.200775146484375,81.55137634277344,64.630859375,5.802553653717041,0.004692971706390381,6.685302734375
2717,3.396250031073578e-05,0.2768875062465668,11.231866836547852,8.901446342468262,81.55137634277344,64.630859375,7.422333717346191,0.006183445453643799,6.5294189453125
2718,3.3975000405916944e-05,0.17161531746387482,41.13798141479492,32.60255432128906,81.55137634277344,64.630859375,7.545719623565674,0.0031469762325286865,6.525390625
2719,3.398750050109811e-05,0.23326881229877472,55.03135681152344,43.61328887939453,81.55137634277344,64.630859375,7.647812843322754,0.0038684308528900146,6.9241943359375
2720,3.400000059627928e-05,0.19856387376785278,3.8640365600585938,3.062314987182617,81.55137634277344,64.630859375,6.54555606842041,0.005330801010131836,6.525390625
2721,3.4012500691460446e-05,0.22705049812793732,46.12145233154297,36.552040100097656,81.55137634277344,64.630859375,5.428873062133789,0.004462540149688721,6.864501953125
2722,3.402500078664161e-05,0.19846291840076447,56.773799896240234,44.994205474853516,81.55137634277344,64.630859375,6.426620006561279,0.002839386463165283,6.6219482421875
2723,3.403750088182278e-05,0.2800741195678711,4.269345283508301,3.3835291862487793,81.55137634277344,64.630859375,8.486425399780273,0.0045549869537353516,6.7686767578125
2724,3.405000097700395e-05,0.2262531816959381,9.5338716506958,7.555756568908691,81.55137634277344,64.630859375,4.320651531219482,0.0034487247467041016,6.9281005859375
2725,3.4062501072185114e-05,0.2776685357093811,48.21049880981445,38.207645416259766,81.55137634277344,64.630859375,6.5668182373046875,0.003411918878555298,7.1922607421875
2726,3.407500116736628e-05,0.21082012355327606,3.5833446979522705,2.8398618698120117,81.55137634277344,64.630859375,6.269745349884033,0.004808604717254639,6.6519775390625
2727,3.408750126254745e-05,0.21785594522953033,10.840958595275879,8.591644287109375,81.55137634277344,64.630859375,9.009779930114746,0.0051367878913879395,6.8546142578125
2728,3.4100001357728615e-05,0.19126170873641968,45.74590301513672,36.25440979003906,81.55137634277344,64.630859375,6.855767250061035,0.0031401515007019043,7.1483154296875
2729,3.411250145290978e-05,0.20667783915996552,41.36705780029297,32.78410339355469,81.55137634277344,64.630859375,9.028346061706543,0.004922211170196533,6.2081298828125
2730,3.412500154809095e-05,0.22505171597003937,51.331180572509766,40.68083953857422,81.55137634277344,64.630859375,7.997079372406006,0.0038809776306152344,6.825439453125
2731,3.413750164327212e-05,0.24312739074230194,34.520782470703125,27.35831069946289,81.55137634277344,64.630859375,8.39890193939209,0.0028280317783355713,7.1002197265625
2732,3.4150001738453284e-05,0.21195705235004425,9.671820640563965,7.665083408355713,81.55137634277344,64.630859375,5.654753684997559,0.004301309585571289,6.5804443359375
2733,3.4162498195655644e-05,0.21039676666259766,61.95579147338867,49.10102462768555,81.55137634277344,64.630859375,9.542730331420898,0.003204345703125,7.0263671875
2734,3.417499829083681e-05,0.2340782880783081,57.25991439819336,45.37946319580078,81.55137634277344,64.630859375,9.265765190124512,0.003071308135986328,6.9632568359375
2735,3.418749838601798e-05,0.2528342008590698,49.8336296081543,39.49400329589844,81.55137634277344,64.630859375,8.884010314941406,0.005417734384536743,6.8004150390625
2736,3.4199998481199145e-05,0.21017231047153473,45.485355377197266,36.04792022705078,81.55137634277344,64.630859375,8.128837585449219,0.00487065315246582,6.7239990234375
2737,3.421249857638031e-05,0.2903459668159485,36.22764205932617,28.71102523803711,81.55137634277344,64.630859375,8.507596969604492,0.0029657483100891113,7.0191650390625
2738,3.422499867156148e-05,0.22270464897155762,53.295677185058594,42.237735748291016,81.55137634277344,64.630859375,8.281354904174805,0.003951966762542725,7.2275390625
2739,3.423749876674265e-05,0.2443602979183197,37.496822357177734,29.71687126159668,81.55137634277344,64.630859375,7.104640483856201,0.0033587217330932617,6.5084228515625
2740,3.4249998861923814e-05,0.19114111363887787,11.134856224060059,8.824563980102539,81.55137634277344,64.630859375,7.00300407409668,0.005376338958740234,6.447265625
2741,3.426249895710498e-05,0.21928970515727997,10.234328269958496,8.110879898071289,81.55137634277344,64.630859375,4.737415790557861,0.003521949052810669,7.2713623046875
2742,3.427499905228615e-05,0.2071884572505951,43.56996154785156,34.52994155883789,81.55137634277344,64.630859375,8.784083366394043,0.0033500492572784424,6.9365234375
2743,3.4287499147467315e-05,0.20870792865753174,9.755974769592285,7.731776714324951,81.55137634277344,64.630859375,7.34008264541626,0.00486302375793457,6.6427001953125
2744,3.429999924264848e-05,0.2017221450805664,10.100663185119629,8.004947662353516,81.55137634277344,64.630859375,6.046957969665527,0.003173232078552246,6.8143310546875
2745,3.431249933782965e-05,0.28215575218200684,11.515176773071289,9.125974655151367,81.55137634277344,64.630859375,5.954250812530518,0.005662441253662109,6.6778564453125
2746,3.4324999433010817e-05,0.20415998995304108,51.91960906982422,41.147178649902344,81.55137634277344,64.630859375,6.642636775970459,0.004109740257263184,7.0123291015625
2747,3.4337499528191984e-05,0.2015775591135025,24.299253463745117,19.2575740814209,81.55137634277344,64.630859375,6.0275750160217285,0.0033270716667175293,6.953857421875
2748,3.434999962337315e-05,0.22511905431747437,4.090342044830322,3.241665840148926,81.55137634277344,64.630859375,6.701087474822998,0.004836559295654297,6.06396484375
2749,3.436249971855432e-05,0.188968688249588,4.202816963195801,3.3308043479919434,81.55137634277344,64.630859375,7.011780738830566,0.0038917064666748047,6.7728271484375
2750,3.4374999813735485e-05,0.2247525304555893,31.85630226135254,25.24666404724121,81.55137634277344,64.630859375,6.649237155914307,0.003128945827484131,7.0408935546875
2751,3.438749990891665e-05,0.24433469772338867,45.29172897338867,35.89447021484375,81.55137634277344,64.630859375,8.033726692199707,0.0037221908569335938,6.57763671875
2752,3.440000000409782e-05,0.195273756980896,55.696903228759766,44.1407470703125,81.55137634277344,64.630859375,6.262884616851807,0.005401313304901123,6.9774169921875
2753,3.4412500099278986e-05,0.2597386837005615,51.18487548828125,40.56488800048828,81.55137634277344,64.630859375,6.377297401428223,0.003459453582763672,6.7548828125
2754,3.4425000194460154e-05,0.1962234079837799,0.8788770437240601,0.6965250968933105,81.55137634277344,64.630859375,6.463330268859863,0.005142301321029663,6.467529296875
2755,3.443750028964132e-05,0.2325116991996765,38.13800811767578,30.225021362304688,81.55137634277344,64.630859375,5.230384826660156,0.003808438777923584,6.894775390625
2756,3.445000038482249e-05,0.21623140573501587,10.500736236572266,8.322012901306152,81.55137634277344,64.630859375,6.12192964553833,0.0047293901443481445,6.6177978515625
2757,3.4462500480003655e-05,0.25811970233917236,46.158145904541016,36.581119537353516,81.55137634277344,64.630859375,7.8250603675842285,0.003943264484405518,6.8369140625
2758,3.447500057518482e-05,0.20433686673641205,1.0282312631607056,0.8148908615112305,81.55137634277344,64.630859375,6.1336588859558105,0.00487285852432251,6.401611328125
2759,3.448750067036599e-05,0.2973010838031769,10.433819770812988,8.268980026245117,81.55137634277344,64.630859375,7.309362411499023,0.006737798452377319,6.4801025390625
2760,3.4500000765547156e-05,0.20176854729652405,4.358225345611572,3.453968048095703,81.55137634277344,64.630859375,6.829159736633301,0.004266947507858276,6.9044189453125
2761,3.4512500860728323e-05,0.2697067856788635,41.439456939697266,32.84147644042969,81.55137634277344,64.630859375,13.68785285949707,0.0041959285736083984,6.9248046875
2762,3.452500095590949e-05,0.24858567118644714,25.135854721069336,19.92059326171875,81.55137634277344,64.630859375,7.198373794555664,0.00406116247177124,6.777099609375
2763,3.453750105109066e-05,0.3132854700088501,39.197940826416016,31.06503677368164,81.55137634277344,64.630859375,6.796557426452637,0.004025638103485107,6.9241943359375
2764,3.4550001146271825e-05,0.2351895570755005,45.28569030761719,35.88968276977539,81.55137634277344,64.630859375,6.06265926361084,0.003729522228240967,7.3123779296875
2765,3.456250124145299e-05,0.2530563771724701,22.32151222229004,17.6901798248291,81.55137634277344,64.630859375,7.368890285491943,0.005748450756072998,6.6737060546875
2766,3.457500133663416e-05,0.2785290777683258,50.468482971191406,39.997135162353516,81.55137634277344,64.630859375,7.939154148101807,0.004300296306610107,6.58203125
2767,3.4587501431815326e-05,0.18383394181728363,8.631980895996094,6.840992450714111,81.55137634277344,64.630859375,5.438028335571289,0.005135595798492432,7.1182861328125
2768,3.460000152699649e-05,0.24897733330726624,41.930965423583984,33.23100662231445,81.55137634277344,64.630859375,7.625399112701416,0.004432380199432373,6.7574462890625
2769,3.461250162217766e-05,0.2151004821062088,4.151458263397217,3.2901015281677246,81.55137634277344,64.630859375,6.754908561706543,0.005472242832183838,6.6500244140625
2770,3.462500171735883e-05,0.25703468918800354,63.571929931640625,50.381839752197266,81.55137634277344,64.630859375,5.656253814697266,0.0038182735443115234,6.914306640625
2771,3.4637501812539995e-05,0.193296417593956,23.716386795043945,18.79564094543457,81.55137634277344,64.630859375,7.489377021789551,0.0054315924644470215,6.5401611328125
2772,3.4649998269742355e-05,0.22954367101192474,64.19937133789062,50.87909698486328,81.55137634277344,64.630859375,7.912934303283691,0.003615260124206543,7.0863037109375
2773,3.466249836492352e-05,0.20565320551395416,47.038692474365234,37.27896499633789,81.55137634277344,64.630859375,7.885689735412598,0.005303055047988892,6.8258056640625
2774,3.467499846010469e-05,0.20771043002605438,9.783458709716797,7.753558158874512,81.55137634277344,64.630859375,6.777128219604492,0.004387497901916504,6.9735107421875
2775,3.4687498555285856e-05,0.2189774364233017,35.341983795166016,28.009124755859375,81.55137634277344,64.630859375,5.954169750213623,0.004534661769866943,6.8997802734375
2776,3.469999865046702e-05,0.21496404707431793,23.618480682373047,18.718048095703125,81.55137634277344,64.630859375,6.583498001098633,0.004372298717498779,6.682373046875
2777,3.471249874564819e-05,0.19968768954277039,58.871246337890625,46.65646743774414,81.55137634277344,64.630859375,6.963476181030273,0.0054781436920166016,6.4925537109375
2778,3.472499884082936e-05,0.25001731514930725,31.241214752197266,24.759197235107422,81.55137634277344,64.630859375,6.567687034606934,0.002468109130859375,6.525390625
2779,3.4737498936010525e-05,0.22070570290088654,38.9417610168457,30.862010955810547,81.55137634277344,64.630859375,7.779016971588135,0.004692435264587402,6.8387451171875
2780,3.474999903119169e-05,0.23282252252101898,4.181504726409912,3.3139138221740723,81.55137634277344,64.630859375,6.700662136077881,0.0035283565521240234,6.5059814453125
2781,3.476249912637286e-05,0.1939508020877838,63.331199645996094,50.19105529785156,81.55137634277344,64.630859375,8.341622352600098,0.004101097583770752,6.798583984375
2782,3.4774999221554026e-05,0.2502916753292084,40.318363189697266,31.952991485595703,81.55137634277344,64.630859375,7.1483564376831055,0.002666950225830078,6.6151123046875
2783,3.478749931673519e-05,0.25794753432273865,35.631534576416016,28.238601684570312,81.55137634277344,64.630859375,7.979745864868164,0.005314350128173828,6.7734375
2784,3.479999941191636e-05,0.27564895153045654,50.18215560913086,39.77021789550781,81.55137634277344,64.630859375,8.125288009643555,0.004941105842590332,6.968017578125
2785,3.481249950709753e-05,0.24360571801662445,46.805477142333984,37.09414291381836,81.55137634277344,64.630859375,5.706173896789551,0.0034905970096588135,7.21875
2786,3.4824999602278695e-05,0.23099510371685028,43.35768508911133,34.3617057800293,81.55137634277344,64.630859375,7.821550369262695,0.00448492169380188,6.647705078125
2787,3.483749969745986e-05,0.22119268774986267,49.91252517700195,39.5565299987793,81.55137634277344,64.630859375,7.323140621185303,0.003052264451980591,6.9022216796875
2788,3.484999979264103e-05,0.2265547513961792,0.9514263272285461,0.7540216445922852,81.55137634277344,64.630859375,7.605900764465332,0.004140496253967285,7.0517578125
2789,3.4862499887822196e-05,0.26476091146469116,54.38377380371094,43.10007095336914,81.55137634277344,64.630859375,6.431612014770508,0.005422532558441162,6.179931640625
2790,3.487499998300336e-05,0.23219650983810425,45.688255310058594,36.20872497558594,81.55137634277344,64.630859375,9.940916061401367,0.0035950541496276855,6.86572265625
2791,3.488750007818453e-05,0.2531457245349884,46.27767562866211,36.67584991455078,81.55137634277344,64.630859375,7.044926643371582,0.004023909568786621,7.06494140625
2792,3.49000001733657e-05,0.20757797360420227,43.900726318359375,34.792076110839844,81.55137634277344,64.630859375,5.581271171569824,0.004163503646850586,6.544189453125
2793,3.4912500268546864e-05,0.2472638487815857,22.695465087890625,17.986543655395508,81.55137634277344,64.630859375,6.110386371612549,0.003773510456085205,7.026123046875
2794,3.492500036372803e-05,0.18321196734905243,0.9713411927223206,0.7698044776916504,81.55137634277344,64.630859375,7.000369548797607,0.0038856565952301025,7.0010986328125
2795,3.49375004589092e-05,0.22434139251708984,24.02212905883789,19.037948608398438,81.55137634277344,64.630859375,6.069091796875,0.0027468502521514893,6.8203125
2796,3.4950000554090366e-05,0.1818162053823471,4.101570129394531,3.2505645751953125,81.55137634277344,64.630859375,7.565420150756836,0.003148674964904785,6.6925048828125
2797,3.496250064927153e-05,0.22480089962482452,4.1638994216918945,3.299961566925049,81.55137634277344,64.630859375,6.647487640380859,0.0026459097862243652,6.9451904296875
2798,3.49750007444527e-05,0.18513566255569458,42.8134880065918,33.930419921875,81.55137634277344,64.630859375,8.218090057373047,0.002524137496948242,7.2298583984375
2799,3.498750083963387e-05,0.20385049283504486,49.71892166137695,39.40309524536133,81.55137634277344,64.630859375,6.770483493804932,0.003663957118988037,6.4927978515625
2800,3.5000000934815034e-05,0.1800551414489746,45.81171798706055,36.30656814575195,81.55137634277344,64.630859375,6.841826438903809,0.0034163594245910645,6.5054931640625
2801,3.50125010299962e-05,0.23255608975887299,4.113467216491699,3.259993076324463,81.55137634277344,64.630859375,5.871201992034912,0.0034151077270507812,7.32958984375
2802,3.502500112517737e-05,0.21229583024978638,44.46261215209961,35.23738098144531,81.55137634277344,64.630859375,6.292733192443848,0.0032436251640319824,6.9339599609375
2803,3.5037501220358536e-05,0.23476168513298035,0.9239623546600342,0.7322559356689453,81.55137634277344,64.630859375,7.351431846618652,0.00471574068069458,6.6973876953125
2804,3.50500013155397e-05,0.1775142103433609,0.9881206750869751,0.7831025123596191,81.55137634277344,64.630859375,5.96310567855835,0.0038616061210632324,6.83349609375
2805,3.506250141072087e-05,0.23859897255897522,56.754207611083984,44.97867965698242,81.55137634277344,64.630859375,8.481988906860352,0.002869844436645508,6.6842041015625
2806,3.507500150590204e-05,0.2094082236289978,45.567161560058594,36.112754821777344,81.55137634277344,64.630859375,8.241780281066895,0.004524707794189453,6.8831787109375
2807,3.5087501601083204e-05,0.19397713243961334,0.8781015276908875,0.6959104537963867,81.55137634277344,64.630859375,5.002209663391113,0.0034166574478149414,7.0018310546875
2808,3.510000169626437e-05,0.22577054798603058,45.30447769165039,35.904571533203125,81.55137634277344,64.630859375,7.345648288726807,0.00503191351890564,6.116455078125
2809,3.511250179144554e-05,0.2288532853126526,56.22068405151367,44.555850982666016,81.55137634277344,64.630859375,8.414291381835938,0.005245566368103027,6.81103515625
2810,3.51249982486479e-05,0.21947748959064484,36.51557540893555,28.939218521118164,81.55137634277344,64.630859375,6.910120487213135,0.0035489797592163086,7.0252685546875
2811,3.5137498343829066e-05,0.21273371577262878,10.793129920959473,8.553739547729492,81.55137634277344,64.630859375,7.208066940307617,0.004672706127166748,6.556396484375
2812,3.514999843901023e-05,0.254689484834671,61.97942352294922,49.1197509765625,81.55137634277344,64.630859375,7.116359710693359,0.004263192415237427,6.8802490234375
2813,3.51624985341914e-05,0.21213418245315552,56.64449691772461,44.89173126220703,81.55137634277344,64.630859375,7.015627861022949,0.005223125219345093,6.662109375
2814,3.517499862937257e-05,0.20061339437961578,48.0078125,38.04701232910156,81.55137634277344,64.630859375,6.823272228240967,0.006282329559326172,6.60546875
2815,3.5187498724553734e-05,0.22303232550621033,52.0743293762207,41.269798278808594,81.55137634277344,64.630859375,7.669086933135986,0.004571318626403809,6.8994140625
2816,3.51999988197349e-05,0.1999157816171646,38.683135986328125,30.657045364379883,81.55137634277344,64.630859375,8.001326560974121,0.004925668239593506,6.5740966796875
2817,3.521249891491607e-05,0.20259374380111694,3.8086259365081787,3.0184011459350586,81.55137634277344,64.630859375,7.187858581542969,0.004024684429168701,6.8385009765625
2818,3.5224999010097235e-05,0.1698639988899231,42.138153076171875,33.395206451416016,81.55137634277344,64.630859375,5.384792804718018,0.0038783252239227295,6.5159912109375
2819,3.52374991052784e-05,0.20119710266590118,4.059005260467529,3.2168312072753906,81.55137634277344,64.630859375,6.919095993041992,0.0038246214389801025,6.5302734375
2820,3.524999920045957e-05,0.17237608134746552,49.365413665771484,39.12293243408203,81.55137634277344,64.630859375,8.19275188446045,0.0039612650871276855,6.9542236328125
2821,3.526249929564074e-05,0.19525499641895294,11.235150337219238,8.904048919677734,81.55137634277344,64.630859375,14.392451286315918,0.004759639501571655,6.8145751953125
2822,3.5274999390821904e-05,0.19314275681972504,55.084083557128906,43.65507888793945,81.55137634277344,64.630859375,8.034013748168945,0.0038174986839294434,6.8212890625
2823,3.528749948600307e-05,0.19261060655117035,23.14459800720215,18.34248924255371,81.55137634277344,64.630859375,6.256703853607178,0.003391444683074951,6.9505615234375
2824,3.529999958118424e-05,0.2078571617603302,50.359649658203125,39.910884857177734,81.55137634277344,64.630859375,6.454439640045166,0.004000544548034668,7.3114013671875
2825,3.5312499676365405e-05,0.2128785252571106,56.43019485473633,44.721893310546875,81.55137634277344,64.630859375,9.062749862670898,0.004870891571044922,6.672119140625
2826,3.532499977154657e-05,0.20628614723682404,23.159162521362305,18.354032516479492,81.55137634277344,64.630859375,9.206944465637207,0.004351198673248291,6.552734375
2827,3.533749986672774e-05,0.22715845704078674,33.9806022644043,26.930206298828125,81.55137634277344,64.630859375,7.1987385749816895,0.004448592662811279,7.1292724609375
2828,3.534999996190891e-05,0.1810292899608612,0.9568414092063904,0.7583131790161133,81.55137634277344,64.630859375,6.12423038482666,0.004925251007080078,6.756591796875
2829,3.5362500057090074e-05,0.21002106368541718,52.17123031616211,41.34659194946289,81.55137634277344,64.630859375,8.119872093200684,0.003980159759521484,6.683837890625
2830,3.537500015227124e-05,0.17961011826992035,36.37315368652344,28.826345443725586,81.55137634277344,64.630859375,6.71474552154541,0.004867851734161377,6.8154296875
2831,3.538750024745241e-05,0.2159271538257599,46.50665283203125,36.85731887817383,81.55137634277344,64.630859375,7.746049880981445,0.005206644535064697,6.516845703125
2832,3.5400000342633575e-05,0.18928773701190948,48.71995544433594,38.61139678955078,81.55137634277344,64.630859375,6.104187488555908,0.0027711987495422363,7.1085205078125
2833,3.541250043781474e-05,0.1908050775527954,0.9907782673835754,0.7852087020874023,81.55137634277344,64.630859375,5.287110805511475,0.0034608840942382812,6.8590087890625
2834,3.542500053299591e-05,0.1928473860025406,41.629974365234375,32.99246597290039,81.55137634277344,64.630859375,8.706096649169922,0.0037408173084259033,6.96875
2835,3.5437500628177077e-05,0.19344648718833923,47.20344161987305,37.4095344543457,81.55137634277344,64.630859375,6.651299953460693,0.0033129453659057617,6.883056640625
2836,3.5450000723358244e-05,0.1778741180896759,59.410343170166016,47.08371353149414,81.55137634277344,64.630859375,9.267094612121582,0.004838854074478149,6.7042236328125
2837,3.546250081853941e-05,0.18833985924720764,41.86212158203125,33.176448822021484,81.55137634277344,64.630859375,5.603219032287598,0.004147648811340332,6.4761962890625
2838,3.547500091372058e-05,0.19793300330638885,49.39582061767578,39.147029876708984,81.55137634277344,64.630859375,6.653593063354492,0.0030028223991394043,6.500244140625
2839,3.5487501008901745e-05,0.2188635766506195,41.53248977661133,32.91520690917969,81.55137634277344,64.630859375,8.330610275268555,0.0039247870445251465,6.7408447265625
2840,3.550000110408291e-05,0.2301246076822281,51.907020568847656,41.13719940185547,81.55137634277344,64.630859375,6.545357704162598,0.003324151039123535,6.53662109375
2841,3.551250119926408e-05,0.19944286346435547,22.4663028717041,17.804927825927734,81.55137634277344,64.630859375,7.717312335968018,0.004257708787918091,6.7825927734375
2842,3.5525001294445246e-05,0.22083115577697754,38.74561309814453,30.706560134887695,81.55137634277344,64.630859375,8.559264183044434,0.004591405391693115,6.6602783203125
2843,3.5537501389626414e-05,0.21252915263175964,23.70264434814453,18.784751892089844,81.55137634277344,64.630859375,5.585110187530518,0.004415571689605713,6.7730712890625
2844,3.555000148480758e-05,0.21704496443271637,24.174802780151367,19.15894317626953,81.55137634277344,64.630859375,8.030402183532715,0.004034757614135742,6.989013671875
2845,3.556250157998875e-05,0.20366662740707397,53.70762252807617,42.564208984375,81.55137634277344,64.630859375,8.16685676574707,0.004357814788818359,7.2298583984375
2846,3.5575001675169915e-05,0.1912892609834671,0.9781749844551086,0.7752203941345215,81.55137634277344,64.630859375,8.550326347351074,0.00560346245765686,6.5535888671875
2847,3.558750177035108e-05,0.20491620898246765,64.85047149658203,51.39510726928711,81.55137634277344,64.630859375,4.764781475067139,0.004306614398956299,6.908447265625
2848,3.559999822755344e-05,0.19442959129810333,4.271962642669678,3.385603427886963,81.55137634277344,64.630859375,8.019797325134277,0.005387783050537109,7.1544189453125
2849,3.561249832273461e-05,0.21274077892303467,51.56805419921875,40.86856460571289,81.55137634277344,64.630859375,7.173517227172852,0.005065321922302246,6.095947265625
2850,3.5624998417915776e-05,0.22048386931419373,57.457122802734375,45.53575134277344,81.55137634277344,64.630859375,8.508814811706543,0.005240201950073242,6.7840576171875
2851,3.5637498513096943e-05,0.1926472783088684,58.53928756713867,46.39338302612305,81.55137634277344,64.630859375,5.718165874481201,0.0048476457595825195,7.03857421875
2852,3.564999860827811e-05,0.22373366355895996,10.112257957458496,8.014137268066406,81.55137634277344,64.630859375,7.420732021331787,0.004286050796508789,6.526611328125
2853,3.566249870345928e-05,0.18851715326309204,54.69122314453125,43.34373092651367,81.55137634277344,64.630859375,6.900961875915527,0.00415956974029541,7.0487060546875
2854,3.5674998798640445e-05,0.20108218491077423,44.48396682739258,35.254302978515625,81.55137634277344,64.630859375,6.0003767013549805,0.0037642717361450195,7.14111328125
2855,3.568749889382161e-05,0.17692351341247559,60.00941848754883,47.55849075317383,81.55137634277344,64.630859375,6.235375881195068,0.00451970100402832,6.8348388671875
2856,3.569999898900278e-05,0.21004259586334229,0.9900580644607544,0.7846379280090332,81.55137634277344,64.630859375,6.2357611656188965,0.0037653744220733643,6.8021240234375
2857,3.5712499084183946e-05,0.22932370007038116,45.19344711303711,35.81657791137695,81.55137634277344,64.630859375,8.562609672546387,0.004255175590515137,7.038330078125
2858,3.572499917936511e-05,0.23137760162353516,4.378811836242676,3.470283031463623,81.55137634277344,64.630859375,6.181963920593262,0.0037639737129211426,7.0931396484375
2859,3.573749927454628e-05,0.21869432926177979,50.25076675415039,39.82459259033203,81.55137634277344,64.630859375,7.358433246612549,0.004196226596832275,6.484375
2860,3.574999936972745e-05,0.21511726081371307,24.87807273864746,19.716297149658203,81.55137634277344,64.630859375,7.10639762878418,0.0030017495155334473,6.5108642578125
2861,3.5762499464908615e-05,0.2303614765405655,1.025305986404419,0.8125724792480469,81.55137634277344,64.630859375,6.826496601104736,0.0029726028442382812,7.3856201171875
2862,3.577499956008978e-05,0.23903311789035797,53.53675842285156,42.428794860839844,81.55137634277344,64.630859375,7.638925075531006,0.0048983097076416016,6.93408203125
2863,3.578749965527095e-05,0.21960046887397766,57.83972930908203,45.83897399902344,81.55137634277344,64.630859375,5.288132667541504,0.0036714673042297363,6.810302734375
2864,3.5799999750452116e-05,0.19354085624217987,49.961181640625,39.595088958740234,81.55137634277344,64.630859375,7.716978549957275,0.004525482654571533,6.950927734375
2865,3.581249984563328e-05,0.25707319378852844,1.0231940746307373,0.8108987808227539,81.55137634277344,64.630859375,6.027008533477783,0.004136234521865845,6.6580810546875
2866,3.582499994081445e-05,0.20838859677314758,61.63084411621094,48.84349822998047,81.55137634277344,64.630859375,5.641750335693359,0.003941446542739868,6.886962890625
2867,3.583750003599562e-05,0.17499442398548126,47.47171401977539,37.62214279174805,81.55137634277344,64.630859375,6.1554741859436035,0.004314839839935303,7.0538330078125
2868,3.5850000131176785e-05,0.22352997958660126,0.9525611400604248,0.7549209594726562,81.55137634277344,64.630859375,4.668746471405029,0.003939390182495117,6.1575927734375
2869,3.586250022635795e-05,0.22461886703968048,57.608856201171875,45.656002044677734,81.55137634277344,64.630859375,7.311839580535889,0.003603816032409668,6.8275146484375
2870,3.587500032153912e-05,0.21824108064174652,0.958145260810852,0.7593464851379395,81.55137634277344,64.630859375,7.301668167114258,0.003650963306427002,7.0225830078125
2871,3.5887500416720286e-05,0.23783107101917267,54.127750396728516,42.89716720581055,81.55137634277344,64.630859375,7.67702579498291,0.003694593906402588,6.65185546875
2872,3.590000051190145e-05,0.19914062321186066,34.113739013671875,27.035722732543945,81.55137634277344,64.630859375,7.14094352722168,0.004038125276565552,6.912841796875
2873,3.591250060708262e-05,0.2960527539253235,3.7257730960845947,2.9527387619018555,81.55137634277344,64.630859375,7.28328800201416,0.006650328636169434,6.67919921875
2874,3.592500070226379e-05,0.205141082406044,61.20040512084961,48.50236511230469,81.55137634277344,64.630859375,7.891595363616943,0.004860401153564453,6.559326171875
2875,3.5937500797444955e-05,0.3451560139656067,24.106178283691406,19.10455894470215,81.55137634277344,64.630859375,6.633255958557129,0.0026609301567077637,6.894775390625
2876,3.595000089262612e-05,0.21876436471939087,58.90583038330078,46.683876037597656,81.55137634277344,64.630859375,6.168970584869385,0.004478871822357178,6.544677734375
2877,3.596250098780729e-05,0.27176347374916077,24.271759033203125,19.23578453063965,81.55137634277344,64.630859375,8.623814582824707,0.0035550594329833984,6.7919921875
2878,3.5975001082988456e-05,0.23115691542625427,3.9366838932037354,3.119889259338379,81.55137634277344,64.630859375,7.376404762268066,0.004693388938903809,6.551025390625
2879,3.598750117816962e-05,0.2244241088628769,3.6317667961120605,2.878237247467041,81.55137634277344,64.630859375,5.552091598510742,0.005798816680908203,6.5899658203125
2880,3.600000127335079e-05,0.22472254931926727,43.89799880981445,34.789913177490234,81.55137634277344,64.630859375,6.410398483276367,0.0031676292419433594,6.8818359375
2881,3.601250136853196e-05,0.22745977342128754,41.211669921875,32.660953521728516,81.55137634277344,64.630859375,12.769513130187988,0.0029800832271575928,6.8525390625
2882,3.6025001463713124e-05,0.2090551257133484,3.656113624572754,2.8975324630737305,81.55137634277344,64.630859375,7.4088521003723145,0.003328561782836914,6.80029296875
2883,3.603750155889429e-05,0.20358766615390778,60.07394027709961,47.609622955322266,81.55137634277344,64.630859375,7.507767677307129,0.0033452212810516357,6.86572265625
2884,3.605000165407546e-05,0.19866059720516205,57.75965881347656,45.775516510009766,81.55137634277344,64.630859375,6.778779983520508,0.003310173749923706,7.203125
2885,3.6062501749256626e-05,0.18596866726875305,1.0058670043945312,0.7971668243408203,81.55137634277344,64.630859375,6.208861351013184,0.005514919757843018,6.6854248046875
2886,3.6074998206458986e-05,0.22911284863948822,29.69801902770996,23.53618812561035,81.55137634277344,64.630859375,7.311273574829102,0.004992961883544922,6.485107421875
2887,3.608749830164015e-05,0.1974378377199173,33.27054977416992,26.36747932434082,81.55137634277344,64.630859375,6.765198230743408,0.003968477249145508,7.0916748046875
2888,3.609999839682132e-05,0.18923744559288025,10.431197166442871,8.266901969909668,81.55137634277344,64.630859375,8.045151710510254,0.0045015811920166016,6.8409423828125
2889,3.611249849200249e-05,0.18512406945228577,49.47785186767578,39.21204376220703,81.55137634277344,64.630859375,8.581439971923828,0.003288090229034424,6.6724853515625
2890,3.6124998587183654e-05,0.23315629363059998,23.44767189025879,18.582679748535156,81.55137634277344,64.630859375,8.534998893737793,0.005316734313964844,6.812255859375
2891,3.613749868236482e-05,0.18589933216571808,3.6395187377929688,2.88438081741333,81.55137634277344,64.630859375,5.708506107330322,0.0033655762672424316,6.512451171875
2892,3.614999877754599e-05,0.21343514323234558,4.180832386016846,3.3133811950683594,81.55137634277344,64.630859375,5.309725761413574,0.0024647414684295654,7.0611572265625
2893,3.6162498872727156e-05,0.1933005452156067,41.50223922729492,32.8912353515625,81.55137634277344,64.630859375,8.24804973602295,0.00393521785736084,6.8328857421875
2894,3.617499896790832e-05,0.18312007188796997,4.161940574645996,3.2984089851379395,81.55137634277344,64.630859375,6.615342140197754,0.003920018672943115,7.0115966796875
2895,3.618749906308949e-05,0.23015360534191132,45.74298095703125,36.25209426879883,81.55137634277344,64.630859375,6.328544616699219,0.0038581490516662598,6.875732421875
2896,3.619999915827066e-05,0.18959537148475647,43.54262161254883,34.508270263671875,81.55137634277344,64.630859375,5.156686305999756,0.004278898239135742,6.7060546875
2897,3.6212499253451824e-05,0.22032810747623444,54.37084197998047,43.089820861816406,81.55137634277344,64.630859375,5.968016624450684,0.00446319580078125,6.4716796875
2898,3.622499934863299e-05,0.1823710948228836,4.325860023498535,3.4283180236816406,81.55137634277344,64.630859375,7.509659290313721,0.0032012760639190674,6.545654296875
2899,3.623749944381416e-05,0.2537359893321991,51.88934326171875,41.123191833496094,81.55137634277344,64.630859375,6.375278949737549,0.00508233904838562,6.7703857421875
2900,3.6249999538995326e-05,0.20656037330627441,23.326854705810547,18.48693084716797,81.55137634277344,64.630859375,4.844518184661865,0.0038770437240600586,6.5111083984375
2901,3.626249963417649e-05,0.23085449635982513,11.350621223449707,8.995561599731445,81.55137634277344,64.630859375,7.450244426727295,0.003959953784942627,6.7518310546875
2902,3.627499972935766e-05,0.22203801572322845,47.17729187011719,37.38880920410156,81.55137634277344,64.630859375,5.618758678436279,0.0033562779426574707,6.60498046875
2903,3.628749982453883e-05,0.26305872201919556,47.65263748168945,37.76552963256836,81.55137634277344,64.630859375,7.472434043884277,0.004244744777679443,6.75390625
2904,3.6299999919719994e-05,0.22856876254081726,10.127596855163574,8.026293754577637,81.55137634277344,64.630859375,6.178420543670654,0.002636849880218506,6.991455078125
2905,3.631250001490116e-05,0.2224118560552597,48.627742767333984,38.5383186340332,81.55137634277344,64.630859375,8.00180721282959,0.003455817699432373,7.1712646484375
2906,3.632500011008233e-05,0.20368239283561707,4.013504505157471,3.1807708740234375,81.55137634277344,64.630859375,7.369732856750488,0.004487484693527222,6.5953369140625
2907,3.6337500205263495e-05,0.20132410526275635,61.31407165527344,48.59244918823242,81.55137634277344,64.630859375,7.306989669799805,0.003141939640045166,6.8865966796875
2908,3.635000030044466e-05,0.1812114417552948,60.6959114074707,48.10254669189453,81.55137634277344,64.630859375,7.386387348175049,0.0035438835620880127,7.2159423828125
2909,3.636250039562583e-05,0.20492134988307953,10.224676132202148,8.103230476379395,81.55137634277344,64.630859375,7.666788101196289,0.004988133907318115,6.093505859375
2910,3.6375000490807e-05,0.27443066239356995,4.216617107391357,3.3417410850524902,81.55137634277344,64.630859375,8.508755683898926,0.004710018634796143,6.714111328125
2911,3.6387500585988164e-05,0.1926722228527069,20.67668342590332,16.386625289916992,81.55137634277344,64.630859375,6.743203163146973,0.004384398460388184,7.055419921875
2912,3.640000068116933e-05,0.21274860203266144,53.544647216796875,42.4350471496582,81.55137634277344,64.630859375,7.064510345458984,0.005514472723007202,6.4744873046875
2913,3.64125007763505e-05,0.1955709308385849,33.87955093383789,26.85012435913086,81.55137634277344,64.630859375,8.094366073608398,0.0033353567123413086,7.0072021484375
2914,3.6425000871531665e-05,0.1941787153482437,44.6539192199707,35.38899230957031,81.55137634277344,64.630859375,6.9774603843688965,0.00455746054649353,7.081298828125
2915,3.643750096671283e-05,0.17031548917293549,45.044525146484375,35.69855499267578,81.55137634277344,64.630859375,6.8925018310546875,0.003086864948272705,6.81787109375
2916,3.6450001061894e-05,0.20258033275604248,47.788673400878906,37.87334060668945,81.55137634277344,64.630859375,7.939178943634033,0.003235757350921631,6.8338623046875
2917,3.646250115707517e-05,0.19840914011001587,49.9995002746582,39.625457763671875,81.55137634277344,64.630859375,8.825835227966309,0.003879070281982422,6.9931640625
2918,3.6475001252256334e-05,0.19303107261657715,34.86637878417969,27.632200241088867,81.55137634277344,64.630859375,6.269758224487305,0.004486829042434692,7.1826171875
2919,3.64875013474375e-05,0.22729961574077606,0.9928113222122192,0.7868199348449707,81.55137634277344,64.630859375,6.449094295501709,0.004980802536010742,6.46337890625
2920,3.650000144261867e-05,0.1583193987607956,4.262660980224609,3.3782315254211426,81.55137634277344,64.630859375,6.726095199584961,0.00365602970123291,6.534423828125
2921,3.6512501537799835e-05,0.21664687991142273,10.652742385864258,8.442480087280273,81.55137634277344,64.630859375,6.80449914932251,0.003118842840194702,7.42724609375
2922,3.6525001632981e-05,0.20429450273513794,0.970165491104126,0.7688727378845215,81.55137634277344,64.630859375,6.7471113204956055,0.0037470459938049316,6.7872314453125
2923,3.653750172816217e-05,0.2566203474998474,11.363261222839355,9.005578994750977,81.55137634277344,64.630859375,6.2429304122924805,0.004003405570983887,6.6920166015625
2924,3.654999818536453e-05,0.21899108588695526,42.75640869140625,33.88518524169922,81.55137634277344,64.630859375,6.306687831878662,0.0045337677001953125,6.9034423828125
2925,3.65624982805457e-05,0.23159734904766083,0.9929159879684448,0.786902904510498,81.55137634277344,64.630859375,7.498781204223633,0.005251884460449219,6.7672119140625
2926,3.6574998375726864e-05,0.1704072803258896,44.174068450927734,35.008705139160156,81.55137634277344,64.630859375,8.902152061462402,0.004490971565246582,6.895263671875
2927,3.658749847090803e-05,0.21797119081020355,53.37812805175781,42.303077697753906,81.55137634277344,64.630859375,7.024744987487793,0.0027347207069396973,7.0078125
2928,3.65999985660892e-05,0.21306635439395905,44.49916458129883,35.26634979248047,81.55137634277344,64.630859375,8.499399185180664,0.004255115985870361,6.215087890625
2929,3.6612498661270365e-05,0.1817697286605835,49.06590270996094,38.88556671142578,81.55137634277344,64.630859375,7.63175106048584,0.004327297210693359,6.8094482421875
2930,3.662499875645153e-05,0.23141217231750488,43.56409454345703,34.525291442871094,81.55137634277344,64.630859375,6.308755874633789,0.0025104880332946777,7.1083984375
2931,3.66374988516327e-05,0.20273341238498688,23.441448211669922,18.577749252319336,81.55137634277344,64.630859375,7.4005022048950195,0.004352927207946777,6.540283203125
2932,3.6649998946813866e-05,0.21820680797100067,10.928619384765625,8.661117553710938,81.55137634277344,64.630859375,9.530940055847168,0.0030669569969177246,6.8907470703125
2933,3.6662499041995034e-05,0.19246777892112732,43.76646423339844,34.685672760009766,81.55137634277344,64.630859375,6.0686750411987305,0.0031030774116516113,6.6258544921875
2934,3.66749991371762e-05,0.2142026722431183,45.14314651489258,35.77671432495117,81.55137634277344,64.630859375,6.840522289276123,0.006450265645980835,6.496826171875
2935,3.668749923235737e-05,0.21376541256904602,10.767197608947754,8.533187866210938,81.55137634277344,64.630859375,7.699644565582275,0.002853602170944214,6.9013671875
2936,3.6699999327538535e-05,0.24515682458877563,30.54793930053711,24.20976448059082,81.55137634277344,64.630859375,6.758057594299316,0.0041130781173706055,6.5213623046875
2937,3.67124994227197e-05,0.20731115341186523,46.17367935180664,36.59342956542969,81.55137634277344,64.630859375,6.07370138168335,0.005539208650588989,6.833251953125
2938,3.672499951790087e-05,0.19696056842803955,58.801204681396484,46.60095977783203,81.55137634277344,64.630859375,7.600075721740723,0.005223184823989868,6.6558837890625
2939,3.6737499613082036e-05,0.19354180991649628,0.9937511086463928,0.787564754486084,81.55137634277344,64.630859375,7.2422966957092285,0.0035586953163146973,6.656005859375
2940,3.6749999708263204e-05,0.18635956943035126,52.96977996826172,41.979454040527344,81.55137634277344,64.630859375,8.957011222839355,0.0055564045906066895,6.90478515625
2941,3.676249980344437e-05,0.2470511943101883,48.107337951660156,38.12588882446289,81.55137634277344,64.630859375,16.819934844970703,0.006327211856842041,6.8590087890625
2942,3.677499989862554e-05,0.23278874158859253,44.78884506225586,35.49592590332031,81.55137634277344,64.630859375,5.218121528625488,0.0026496052742004395,6.821044921875
2943,3.6787499993806705e-05,0.2230844348669052,48.4999885559082,38.437068939208984,81.55137634277344,64.630859375,6.782149314880371,0.004424154758453369,6.9122314453125
2944,3.680000008898787e-05,0.1891227662563324,57.363128662109375,45.46125793457031,81.55137634277344,64.630859375,7.617666244506836,0.0031608939170837402,7.2066650390625
2945,3.681250018416904e-05,0.196190744638443,51.468536376953125,40.789695739746094,81.55137634277344,64.630859375,6.545577526092529,0.0040885210037231445,6.729248046875
2946,3.6825000279350206e-05,0.16768568754196167,47.7756233215332,37.86299514770508,81.55137634277344,64.630859375,7.907044410705566,0.0037940144538879395,6.4639892578125
2947,3.683750037453137e-05,0.19345104694366455,43.45484161376953,34.43870544433594,81.55137634277344,64.630859375,5.9965596199035645,0.004067063331604004,7.1136474609375
2948,3.685000046971254e-05,0.17812834680080414,50.69084548950195,40.173362731933594,81.55137634277344,64.630859375,5.337759971618652,0.005076587200164795,6.884033203125
2949,3.686250056489371e-05,0.19136513769626617,56.917781829833984,45.108314514160156,81.55137634277344,64.630859375,7.523163318634033,0.004832744598388672,6.6746826171875
2950,3.6875000660074875e-05,0.1778130978345871,58.16476058959961,46.0965690612793,81.55137634277344,64.630859375,8.194550514221191,0.0028865933418273926,6.843994140625
2951,3.688750075525604e-05,0.1800743192434311,37.73067855834961,29.90220832824707,81.55137634277344,64.630859375,7.165736675262451,0.004063725471496582,6.583251953125
2952,3.690000085043721e-05,0.1734723597764969,50.84278869628906,40.29377746582031,81.55137634277344,64.630859375,6.99135160446167,0.004079043865203857,7.1273193359375
2953,3.6912500945618376e-05,0.17445233464241028,53.64181900024414,42.51205825805664,81.55137634277344,64.630859375,7.512277603149414,0.005647152662277222,6.8187255859375
2954,3.692500104079954e-05,0.19281558692455292,45.98405456542969,36.44314956665039,81.55137634277344,64.630859375,7.201678276062012,0.0034543275833129883,7.064453125
2955,3.693750113598071e-05,0.1745898723602295,0.8994061946868896,0.7127947807312012,81.55137634277344,64.630859375,7.0711236000061035,0.002944469451904297,6.830810546875
2956,3.695000123116188e-05,0.2076217532157898,53.791709899902344,42.6308479309082,81.55137634277344,64.630859375,7.71670389175415,0.004250824451446533,6.6668701171875
2957,3.6962501326343045e-05,0.1827836036682129,53.36176681518555,42.29011154174805,81.55137634277344,64.630859375,6.559146881103516,0.0038694143295288086,6.4219970703125
2958,3.697500142152421e-05,0.2370658963918686,59.830631256103516,47.41679763793945,81.55137634277344,64.630859375,7.964706897735596,0.0037330687046051025,6.582275390625
2959,3.698750151670538e-05,0.21158577501773834,52.65217208862305,41.72774887084961,81.55137634277344,64.630859375,7.939925670623779,0.003649473190307617,6.7354736328125
2960,3.7000001611886546e-05,0.17474384605884552,46.7072639465332,37.01630783081055,81.55137634277344,64.630859375,6.092154502868652,0.0025061368942260742,6.414306640625
2961,3.701250170706771e-05,0.2066861093044281,37.199893951416016,29.481552124023438,81.55137634277344,64.630859375,5.960805892944336,0.004770815372467041,6.80029296875
2962,3.702500180224888e-05,0.19147734344005585,38.234039306640625,30.301130294799805,81.55137634277344,64.630859375,7.992061138153076,0.004971146583557129,6.6103515625
2963,3.703749825945124e-05,0.17946793138980865,52.117950439453125,41.30436706542969,81.55137634277344,64.630859375,7.087076187133789,0.0036308765411376953,6.760986328125
2964,3.704999835463241e-05,0.19155025482177734,40.89360427856445,32.40888214111328,81.55137634277344,64.630859375,6.797787189483643,0.004597663879394531,7.0555419921875
2965,3.7062498449813575e-05,0.22968021035194397,49.829185485839844,39.490478515625,81.55137634277344,64.630859375,6.435126304626465,0.005280137062072754,7.0712890625
2966,3.707499854499474e-05,0.2029079645872116,47.49991226196289,37.644493103027344,81.55137634277344,64.630859375,8.072354316711426,0.004090249538421631,6.728271484375
2967,3.708749864017591e-05,0.19035974144935608,48.820594787597656,38.69115447998047,81.55137634277344,64.630859375,6.3717427253723145,0.003186255693435669,6.9019775390625
2968,3.7099998735357076e-05,0.2274922877550125,0.9850051999092102,0.7806334495544434,81.55137634277344,64.630859375,4.5825886726379395,0.004544973373413086,7.1512451171875
2969,3.711249883053824e-05,0.20759828388690948,53.35346984863281,42.283538818359375,81.55137634277344,64.630859375,6.349473476409912,0.005383312702178955,6.0828857421875
2970,3.712499892571941e-05,0.2093987762928009,42.38738250732422,33.59272766113281,81.55137634277344,64.630859375,7.896069049835205,0.003616511821746826,6.7506103515625
2971,3.713749902090058e-05,0.20384372770786285,52.93824768066406,41.954463958740234,81.55137634277344,64.630859375,6.752978324890137,0.003100275993347168,7.0704345703125
2972,3.7149999116081744e-05,0.17646965384483337,42.775020599365234,33.89993667602539,81.55137634277344,64.630859375,7.6003336906433105,0.0033291876316070557,6.4849853515625
2973,3.716249921126291e-05,0.21450640261173248,45.1525764465332,35.78418731689453,81.55137634277344,64.630859375,8.91043472290039,0.003663480281829834,6.912109375
2974,3.717499930644408e-05,0.22304575145244598,4.272161960601807,3.385761260986328,81.55137634277344,64.630859375,9.541145324707031,0.0036289095878601074,6.9635009765625
2975,3.7187499401625246e-05,0.19589295983314514,3.5976946353912354,2.8512344360351562,81.55137634277344,64.630859375,6.586207389831543,0.003896653652191162,6.832275390625
2976,3.719999949680641e-05,0.1963386982679367,36.95724868774414,29.28925132751465,81.55137634277344,64.630859375,7.3573503494262695,0.0034235715866088867,6.771484375
2977,3.721249959198758e-05,0.22326770424842834,22.127819061279297,17.53667449951172,81.55137634277344,64.630859375,8.970479011535645,0.003937363624572754,7.001953125
2978,3.722499968716875e-05,0.1816883087158203,49.31349182128906,39.081787109375,81.55137634277344,64.630859375,8.437773704528809,0.0034357309341430664,7.1759033203125
2979,3.7237499782349914e-05,0.2550593614578247,42.9629020690918,34.04883575439453,81.55137634277344,64.630859375,8.815399169921875,0.0037855207920074463,6.5528564453125
2980,3.724999987753108e-05,0.2118140161037445,4.317493915557861,3.421687602996826,81.55137634277344,64.630859375,7.144729137420654,0.003881096839904785,6.6085205078125
2981,3.726249997271225e-05,0.17398786544799805,40.52424621582031,32.11615753173828,81.55137634277344,64.630859375,6.900356292724609,0.00265386700630188,7.4600830078125
2982,3.7275000067893416e-05,0.22799183428287506,49.489768981933594,39.22148895263672,81.55137634277344,64.630859375,6.98068904876709,0.005459606647491455,6.9061279296875
2983,3.728750016307458e-05,0.2118433713912964,54.8690071105957,43.48462677001953,81.55137634277344,64.630859375,8.028579711914062,0.0037164688110351562,6.6695556640625
2984,3.730000025825575e-05,0.1789960116147995,52.4648551940918,41.57929229736328,81.55137634277344,64.630859375,6.952276706695557,0.0035116076469421387,6.8812255859375
2985,3.731250035343692e-05,0.24234777688980103,65.80035400390625,52.14790344238281,81.55137634277344,64.630859375,6.785398960113525,0.00283658504486084,6.867919921875
2986,3.7325000448618084e-05,0.21071110665798187,42.12129592895508,33.3818473815918,81.55137634277344,64.630859375,5.434150695800781,0.004854559898376465,6.8575439453125
2987,3.733750054379925e-05,0.19149847328662872,46.70426940917969,37.01393127441406,81.55137634277344,64.630859375,5.943371295928955,0.00370943546295166,6.969482421875
2988,3.735000063898042e-05,0.17679153382778168,10.950748443603516,8.678655624389648,81.55137634277344,64.630859375,7.560692310333252,0.007311910390853882,6.154052734375
2989,3.7362500734161586e-05,0.2283596396446228,4.366029739379883,3.460153102874756,81.55137634277344,64.630859375,7.139983177185059,0.003798842430114746,6.83740234375
2990,3.737500082934275e-05,0.19910387694835663,41.23212432861328,32.677162170410156,81.55137634277344,64.630859375,8.276965141296387,0.0027984976768493652,7.111083984375
2991,3.738750092452392e-05,0.18892239034175873,55.980857849121094,44.365787506103516,81.55137634277344,64.630859375,7.671767234802246,0.004749715328216553,6.5260009765625
2992,3.740000101970509e-05,0.19411398470401764,10.430465698242188,8.26632308959961,81.55137634277344,64.630859375,6.975589275360107,0.0044554173946380615,6.9078369140625
2993,3.7412501114886254e-05,0.1842913180589676,44.28950881958008,35.10019302368164,81.55137634277344,64.630859375,6.784453868865967,0.0038772225379943848,6.671142578125
2994,3.742500121006742e-05,0.19841906428337097,17.949289321899414,14.225118637084961,81.55137634277344,64.630859375,7.9585771560668945,0.004381507635116577,6.5107421875
2995,3.743750130524859e-05,0.20837385952472687,36.20716857910156,28.694799423217773,81.55137634277344,64.630859375,4.997061729431152,0.0029779374599456787,6.9727783203125
2996,3.7450001400429755e-05,0.2178228199481964,56.87320327758789,45.07298278808594,81.55137634277344,64.630859375,7.196127414703369,0.003688991069793701,6.458740234375
2997,3.746250149561092e-05,0.22085396945476532,44.82658767700195,35.52583694458008,81.55137634277344,64.630859375,8.821547508239746,0.00410047173500061,6.8431396484375
2998,3.747500159079209e-05,0.19241966307163239,48.90769577026367,38.76018524169922,81.55137634277344,64.630859375,7.920202255249023,0.006434023380279541,6.62548828125
2999,3.748750168597326e-05,0.26323404908180237,56.42292785644531,44.71613311767578,81.55137634277344,64.630859375,7.518304824829102,0.003022819757461548,6.7593994140625
3000,3.7500001781154424e-05,0.1866312026977539,55.0196647644043,43.60402297973633,81.55137634277344,64.630859375,6.863921642303467,0.004076540470123291,6.9366455078125
3001,3.7512498238356784e-05,0.22465477883815765,24.91202163696289,19.743202209472656,81.55137634277344,64.630859375,13.530318260192871,0.004199564456939697,6.8311767578125
3002,3.752499833353795e-05,0.1886206567287445,47.37271499633789,37.54368591308594,81.55137634277344,64.630859375,7.374775409698486,0.003964096307754517,6.7958984375
3003,3.753749842871912e-05,0.15134741365909576,46.392616271972656,36.76694107055664,81.55137634277344,64.630859375,6.210951328277588,0.003690481185913086,6.89306640625
3004,3.7549998523900285e-05,0.17911462485790253,38.258296966552734,30.32035255432129,81.55137634277344,64.630859375,7.300854206085205,0.0038216114044189453,7.15380859375
3005,3.756249861908145e-05,0.19689945876598358,0.9146917462348938,0.7249088287353516,81.55137634277344,64.630859375,6.6884307861328125,0.003598511219024658,6.716796875
3006,3.757499871426262e-05,0.18572480976581573,40.04903030395508,31.739540100097656,81.55137634277344,64.630859375,6.7678680419921875,0.004508793354034424,6.45458984375
3007,3.758749880944379e-05,0.21272331476211548,59.590904235839844,47.226810455322266,81.55137634277344,64.630859375,6.825895309448242,0.003567516803741455,7.095458984375
3008,3.7599998904624954e-05,0.18709439039230347,41.5082893371582,32.896026611328125,81.55137634277344,64.630859375,6.631207466125488,0.0048334598541259766,6.882080078125
3009,3.761249899980612e-05,0.21124251186847687,11.106241226196289,8.801885604858398,81.55137634277344,64.630859375,6.9325385093688965,0.0041522979736328125,6.6689453125
3010,3.762499909498729e-05,0.22657547891139984,64.25821685791016,50.92573547363281,81.55137634277344,64.630859375,6.7873759269714355,0.0048026442527771,6.8504638671875
3011,3.7637499190168455e-05,0.20389209687709808,52.23265838623047,41.3952751159668,81.55137634277344,64.630859375,5.931339740753174,0.0033721327781677246,6.5947265625
3012,3.764999928534962e-05,0.23156768083572388,37.23988342285156,29.51324462890625,81.55137634277344,64.630859375,9.416339874267578,0.004919946193695068,7.205078125
3013,3.766249938053079e-05,0.20598556101322174,35.871158599853516,28.42850685119629,81.55137634277344,64.630859375,8.304556846618652,0.004038333892822266,6.8173828125
3014,3.767499947571196e-05,0.17421673238277435,58.86167526245117,46.64888381958008,81.55137634277344,64.630859375,6.347484111785889,0.003674924373626709,7.0635986328125
3015,3.7687499570893124e-05,0.21237684786319733,9.562211036682129,7.578215599060059,81.55137634277344,64.630859375,6.361928462982178,0.0027982592582702637,6.90234375
3016,3.769999966607429e-05,0.1959817260503769,0.9846122860908508,0.7803220748901367,81.55137634277344,64.630859375,6.299245357513428,0.004124969244003296,6.6826171875
3017,3.771249976125546e-05,0.2029375433921814,0.9822049736976624,0.778414249420166,81.55137634277344,64.630859375,6.678089618682861,0.00598260760307312,6.419189453125
3018,3.7724999856436625e-05,0.20090451836585999,52.16062545776367,41.33818817138672,81.55137634277344,64.630859375,6.724039554595947,0.003485739231109619,6.5941162109375
3019,3.773749995161779e-05,0.19470901787281036,1.026015281677246,0.8131346702575684,81.55137634277344,64.630859375,6.331202507019043,0.003937661647796631,6.67822265625
3020,3.775000004679896e-05,0.2168690264225006,31.04747200012207,24.60565185546875,81.55137634277344,64.630859375,6.736496448516846,0.0036470890045166016,6.3759765625
3021,3.7762500141980127e-05,0.223876491189003,59.97587585449219,47.53190612792969,81.55137634277344,64.630859375,8.292352676391602,0.0034569501876831055,6.7967529296875
3022,3.7775000237161294e-05,0.2369011789560318,48.72209930419922,38.613094329833984,81.55137634277344,64.630859375,7.102086067199707,0.004419207572937012,6.6119384765625
3023,3.778750033234246e-05,0.1835358440876007,10.431838035583496,8.267410278320312,81.55137634277344,64.630859375,5.902547836303711,0.006008952856063843,6.7125244140625
3024,3.780000042752363e-05,0.24920615553855896,41.258880615234375,32.698368072509766,81.55137634277344,64.630859375,6.6877312660217285,0.0030919313430786133,6.9871826171875
3025,3.7812500522704795e-05,0.1881805658340454,50.18369674682617,39.77143859863281,81.55137634277344,64.630859375,6.971672058105469,0.005455434322357178,7.0045166015625
3026,3.782500061788596e-05,0.23487627506256104,43.16489791870117,34.208919525146484,81.55137634277344,64.630859375,6.217439651489258,0.004373311996459961,6.71630859375
3027,3.783750071306713e-05,0.21411901712417603,50.4043083190918,39.94627380371094,81.55137634277344,64.630859375,6.869839191436768,0.0029459595680236816,6.825927734375
3028,3.7850000808248296e-05,0.1960386335849762,40.21333312988281,31.869752883911133,81.55137634277344,64.630859375,5.262144088745117,0.004058361053466797,7.278564453125
3029,3.7862500903429464e-05,0.20416884124279022,32.26713180541992,25.57225227355957,81.55137634277344,64.630859375,6.3329691886901855,0.006614327430725098,6.0899658203125
3030,3.787500099861063e-05,0.19397462904453278,44.16875457763672,35.00448989868164,81.55137634277344,64.630859375,7.56779146194458,0.0037798285484313965,6.73583984375
3031,3.78875010937918e-05,0.19893929362297058,62.80937576293945,49.777503967285156,81.55137634277344,64.630859375,6.875636100769043,0.003544420003890991,7.049072265625
3032,3.7900001188972965e-05,0.19920694828033447,52.7037353515625,41.768611907958984,81.55137634277344,64.630859375,8.635879516601562,0.004524916410446167,6.5115966796875
3033,3.791250128415413e-05,0.21131865680217743,40.7647590637207,32.30677032470703,81.55137634277344,64.630859375,6.174523830413818,0.0033109188079833984,6.96533203125
3034,3.79250013793353e-05,0.18153560161590576,60.18210220336914,47.695343017578125,81.55137634277344,64.630859375,10.35948371887207,0.0038080215454101562,7.0943603515625
3035,3.7937501474516466e-05,0.2092871218919754,0.9953582286834717,0.7888383865356445,81.55137634277344,64.630859375,6.543511867523193,0.0031629204750061035,6.899658203125
3036,3.795000156969763e-05,0.20150302350521088,4.446805000305176,3.5241689682006836,81.55137634277344,64.630859375,7.331808567047119,0.0033545494079589844,6.76025390625
3037,3.79625016648788e-05,0.19698362052440643,43.403114318847656,34.397708892822266,81.55137634277344,64.630859375,7.728499889373779,0.0031431913375854492,7.002685546875
3038,3.797500176005997e-05,0.23932021856307983,52.728790283203125,41.78846740722656,81.55137634277344,64.630859375,5.339669704437256,0.0041831135749816895,7.1961669921875
3039,3.798749821726233e-05,0.21802158653736115,4.180718898773193,3.313291072845459,81.55137634277344,64.630859375,5.4839348793029785,0.003696054220199585,6.5137939453125
3040,3.7999998312443495e-05,0.23613788187503815,4.364443778991699,3.4588961601257324,81.55137634277344,64.630859375,8.593157768249512,0.005205392837524414,6.7027587890625
3041,3.801249840762466e-05,0.16965770721435547,45.82634353637695,36.31816101074219,81.55137634277344,64.630859375,7.025335788726807,0.004563450813293457,7.422119140625
3042,3.802499850280583e-05,0.27259883284568787,3.9376609325408936,3.120663642883301,81.55137634277344,64.630859375,6.930243968963623,0.002479076385498047,6.883056640625
3043,3.8037498597986996e-05,0.18158937990665436,41.28556823730469,32.71951675415039,81.55137634277344,64.630859375,6.391979217529297,0.0037238001823425293,6.6551513671875
3044,3.804999869316816e-05,0.21374955773353577,53.13885498046875,42.11344909667969,81.55137634277344,64.630859375,7.283237934112549,0.0037595629692077637,6.885986328125
3045,3.806249878834933e-05,0.23538406193256378,55.92327117919922,44.32014846801758,81.55137634277344,64.630859375,7.729020118713379,0.002569347620010376,6.9044189453125
3046,3.80749988835305e-05,0.1827310174703598,42.22799301147461,33.466407775878906,81.55137634277344,64.630859375,6.29782772064209,0.005252271890640259,6.816162109375
3047,3.8087498978711665e-05,0.1771118938922882,47.16221237182617,37.37685775756836,81.55137634277344,64.630859375,8.42525577545166,0.003956973552703857,6.9659423828125
3048,3.809999907389283e-05,0.21013417840003967,1.0185948610305786,0.8072538375854492,81.55137634277344,64.630859375,6.448226451873779,0.00534588098526001,6.2493896484375
3049,3.8112499169074e-05,0.23221315443515778,64.11078643798828,50.80889129638672,81.55137634277344,64.630859375,8.413459777832031,0.004609107971191406,6.8419189453125
3050,3.8124999264255166e-05,0.21418707072734833,33.68254470825195,26.693992614746094,81.55137634277344,64.630859375,7.315690040588379,0.0031189918518066406,7.101806640625
3051,3.813749935943633e-05,0.20318719744682312,11.012489318847656,8.727585792541504,81.55137634277344,64.630859375,6.691622257232666,0.00507807731628418,6.55615234375
3052,3.81499994546175e-05,0.20759475231170654,35.38078308105469,28.039875030517578,81.55137634277344,64.630859375,7.328527450561523,0.005118221044540405,6.9482421875
3053,3.816249954979867e-05,0.19788993895053864,4.451154708862305,3.527616024017334,81.55137634277344,64.630859375,6.111196994781494,0.003297150135040283,6.666748046875
3054,3.8174999644979835e-05,0.23164835572242737,4.589191436767578,3.637012481689453,81.55137634277344,64.630859375,6.325230121612549,0.004344046115875244,6.48046875
3055,3.8187499740161e-05,0.20014289021492004,44.79292678833008,35.49916076660156,81.55137634277344,64.630859375,6.210183143615723,0.005581527948379517,6.9588623046875
3056,3.819999983534217e-05,0.23947644233703613,3.7866082191467285,3.0009517669677734,81.55137634277344,64.630859375,7.025717735290527,0.004110544919967651,6.4713134765625
3057,3.8212499930523336e-05,0.3380811810493469,44.203433990478516,35.03197479248047,81.55137634277344,64.630859375,6.943856716156006,0.0037041902542114258,6.8236083984375
3058,3.82250000257045e-05,0.19076630473136902,37.41859436035156,29.654876708984375,81.55137634277344,64.630859375,8.36513614654541,0.004040956497192383,6.587890625
3059,3.823750012088567e-05,0.2816196382045746,58.60218811035156,46.4432373046875,81.55137634277344,64.630859375,9.271459579467773,0.0031340718269348145,6.7418212890625
3060,3.825000021606684e-05,0.2542556822299957,23.04578971862793,18.26418113708496,81.55137634277344,64.630859375,6.993566036224365,0.0037218332290649414,6.910400390625
3061,3.8262500311248004e-05,0.2423364520072937,0.8973105549812317,0.7111339569091797,81.6548843383789,64.712890625,13.724227905273438,0.00286102294921875,6.873291015625
3062,3.827500040642917e-05,0.1984972506761551,43.701026916503906,34.633811950683594,81.6548843383789,64.712890625,6.6894001960754395,0.00409090518951416,6.765625
3063,3.828750050161034e-05,0.2480640709400177,46.321720123291016,36.71075439453125,81.6548843383789,64.712890625,6.78475284576416,0.0034013688564300537,6.902099609375
3064,3.8300000596791506e-05,0.24649401009082794,32.381683349609375,25.66303825378418,81.6548843383789,64.712890625,6.668055534362793,0.0032084286212921143,7.1390380859375
3065,3.831250069197267e-05,0.2213776856660843,33.94860076904297,26.90484619140625,81.6548843383789,64.712890625,5.322851657867432,0.0038330554962158203,6.740966796875
3066,3.832500078715384e-05,0.19879579544067383,0.9675313830375671,0.7667851448059082,81.6548843383789,64.712890625,6.1051025390625,0.002826303243637085,6.4554443359375
3067,3.833750088233501e-05,0.21319623291492462,52.35836410522461,41.49489974975586,81.6548843383789,64.712890625,8.798733711242676,0.0037470459938049316,7.097412109375
3068,3.8350000977516174e-05,0.21155214309692383,47.78150939941406,37.86766052246094,81.6548843383789,64.712890625,4.949569225311279,0.004128873348236084,6.88818359375
3069,3.836250107269734e-05,0.20610785484313965,9.316741943359375,7.383677005767822,81.6548843383789,64.712890625,6.331814289093018,0.0037679672241210938,6.7572021484375
3070,3.837500116787851e-05,0.21628689765930176,40.91252517700195,32.42387390136719,81.6548843383789,64.712890625,6.01092529296875,0.00475388765335083,6.85302734375
3071,3.8387501263059676e-05,0.19094735383987427,1.0092984437942505,0.7998862266540527,81.6548843383789,64.712890625,6.389892101287842,0.00462186336517334,6.5970458984375
3072,3.840000135824084e-05,0.20790044963359833,4.132450580596924,3.2750377655029297,81.6548843383789,64.712890625,7.281190395355225,0.0032347440719604492,7.1759033203125
3073,3.841250145342201e-05,0.1849420666694641,47.591705322265625,37.71723937988281,81.6548843383789,64.712890625,6.361578464508057,0.004454314708709717,6.7890625
3074,3.842500154860318e-05,0.18407435715198517,30.35166358947754,24.05421257019043,81.6548843383789,64.712890625,6.984631061553955,0.003271639347076416,7.003173828125
3075,3.8437501643784344e-05,0.17027536034584045,10.749996185302734,8.519556045532227,81.6548843383789,64.712890625,6.54805326461792,0.0065604448318481445,6.96435546875
3076,3.845000173896551e-05,0.17955775558948517,4.156432628631592,3.294044017791748,81.6548843383789,64.712890625,8.557182312011719,0.003946423530578613,6.6617431640625
3077,3.846249819616787e-05,0.18340761959552765,43.35004806518555,34.35565185546875,81.6548843383789,64.712890625,8.758246421813965,0.003603816032409668,6.48876953125
3078,3.847499829134904e-05,0.19965380430221558,24.305234909057617,19.262313842773438,81.6548843383789,64.712890625,6.5817108154296875,0.00313645601272583,6.5250244140625
3079,3.8487498386530206e-05,0.18642620742321014,41.71070098876953,33.05644226074219,81.6548843383789,64.712890625,7.5110297203063965,0.004964649677276611,6.7901611328125
3080,3.849999848171137e-05,0.19265824556350708,56.092872619628906,44.454559326171875,81.6548843383789,64.712890625,7.0540876388549805,0.0032493174076080322,6.331787109375
3081,3.851249857689254e-05,0.16794511675834656,34.917354583740234,27.67259979248047,81.6548843383789,64.712890625,8.544809341430664,0.002765089273452759,6.7579345703125
3082,3.852499867207371e-05,0.18882706761360168,20.42090606689453,16.183917999267578,81.6548843383789,64.712890625,6.216414928436279,0.003346472978591919,6.6087646484375
3083,3.8537498767254874e-05,0.20569530129432678,40.761817932128906,32.30443572998047,81.6548843383789,64.712890625,8.539299011230469,0.004881143569946289,6.7359619140625
3084,3.854999886243604e-05,0.18015766143798828,58.8809700012207,46.66417694091797,81.6548843383789,64.712890625,7.886146545410156,0.002443969249725342,6.9873046875
3085,3.856249895761721e-05,0.2138122171163559,46.20635986328125,36.619327545166016,81.6548843383789,64.712890625,6.068871974945068,0.0038208365440368652,6.9581298828125
3086,3.8574999052798375e-05,0.18766872584819794,46.99467468261719,37.244083404541016,81.6548843383789,64.712890625,5.947910308837891,0.0035938620567321777,6.7401123046875
3087,3.858749914797954e-05,0.2674333155155182,47.74052429199219,37.835182189941406,81.6548843383789,64.712890625,8.838798522949219,0.004863142967224121,6.8104248046875
3088,3.859999924316071e-05,0.2000303566455841,44.08625411987305,34.939109802246094,81.6548843383789,64.712890625,7.211371898651123,0.004030883312225342,7.2498779296875
3089,3.861249933834188e-05,0.24328000843524933,23.93012046813965,18.965028762817383,81.6548843383789,64.712890625,6.935150623321533,0.005753040313720703,6.086669921875
3090,3.8624999433523044e-05,0.2988978922367096,55.027915954589844,43.61056137084961,81.6548843383789,64.712890625,7.65683650970459,0.0038487911224365234,6.732666015625
3091,3.863749952870421e-05,0.24321718513965607,49.62265396118164,39.32680130004883,81.6548843383789,64.712890625,7.875176429748535,0.004547834396362305,6.9862060546875
3092,3.864999962388538e-05,0.18362639844417572,1.0232981443405151,0.810981273651123,81.6548843383789,64.712890625,6.110909938812256,0.003864109516143799,6.458251953125
3093,3.8662499719066545e-05,0.2628498375415802,50.314727783203125,39.875282287597656,81.6548843383789,64.712890625,8.854681968688965,0.0037755966186523438,6.8116455078125
3094,3.867499981424771e-05,0.16512346267700195,50.08125305175781,39.690250396728516,81.6548843383789,64.712890625,8.73487663269043,0.004185140132904053,6.98291015625
3095,3.868749990942888e-05,0.24072661995887756,22.80345916748047,18.072132110595703,81.6548843383789,64.712890625,7.539185047149658,0.003083944320678711,7.0267333984375
3096,3.870000000461005e-05,0.1970916986465454,20.785846710205078,16.4731388092041,81.6548843383789,64.712890625,7.284411907196045,0.0045761168003082275,6.8369140625
3097,3.8712500099791214e-05,0.20103080570697784,24.474510192871094,19.396467208862305,81.6548843383789,64.712890625,5.77372407913208,0.0034575462341308594,7.029296875
3098,3.872500019497238e-05,0.2154896855354309,52.87981033325195,41.90815353393555,81.6548843383789,64.712890625,5.384323596954346,0.004323303699493408,7.1983642578125
3099,3.873750029015355e-05,0.2453165203332901,21.617483139038086,17.132225036621094,81.6548843383789,64.712890625,6.283859729766846,0.0020299553871154785,6.6136474609375
3100,3.8750000385334715e-05,0.213076651096344,40.13957977294922,31.811304092407227,81.6548843383789,64.712890625,6.996596336364746,0.004441678524017334,6.813720703125
3101,3.876250048051588e-05,0.23152804374694824,59.82975769042969,47.41610336303711,81.6548843383789,64.712890625,7.15575647354126,0.002772778272628784,7.35107421875
3102,3.877500057569705e-05,0.22247780859470367,42.59456253051758,33.756919860839844,81.6548843383789,64.712890625,6.04129695892334,0.004115164279937744,6.962646484375
3103,3.878750067087822e-05,0.24021074175834656,49.6109619140625,39.317535400390625,81.6548843383789,64.712890625,8.682966232299805,0.004692554473876953,6.6380615234375
3104,3.8800000766059384e-05,0.19318313896656036,4.238032341003418,3.358713150024414,81.6548843383789,64.712890625,6.164865970611572,0.0030583441257476807,6.90283203125
3105,3.881250086124055e-05,0.19490844011306763,11.116212844848633,8.809788703918457,81.6548843383789,64.712890625,6.350769996643066,0.0038898587226867676,6.90283203125
3106,3.882500095642172e-05,0.2003909796476364,47.11261749267578,37.337554931640625,81.6548843383789,64.712890625,6.943119049072266,0.003653973340988159,6.81689453125
3107,3.8837501051602885e-05,0.211378276348114,51.80215835571289,41.05409622192383,81.6548843383789,64.712890625,8.637909889221191,0.0028058886528015137,6.895263671875
3108,3.885000114678405e-05,0.2083905190229416,47.648704528808594,37.762413024902344,81.6548843383789,64.712890625,6.881843090057373,0.003910183906555176,6.23681640625
3109,3.886250124196522e-05,0.19920574128627777,23.579355239868164,18.687042236328125,81.6548843383789,64.712890625,6.669196128845215,0.0032686591148376465,6.730224609375
3110,3.8875001337146387e-05,0.20234964787960052,55.86846923828125,44.27671813964844,81.6548843383789,64.712890625,9.210108757019043,0.002281010150909424,7.095947265625
3111,3.8887501432327554e-05,0.20460857450962067,24.73757553100586,19.604949951171875,81.6548843383789,64.712890625,9.426473617553711,0.003578692674636841,6.5799560546875
3112,3.890000152750872e-05,0.18916669487953186,1.0198619365692139,0.808258056640625,81.6548843383789,64.712890625,8.24380874633789,0.0035293102264404297,6.9444580078125
3113,3.891250162268989e-05,0.2120349109172821,37.81166458129883,29.966388702392578,81.6548843383789,64.712890625,7.59423303604126,0.004347622394561768,6.691162109375
3114,3.8925001717871055e-05,0.19745562970638275,40.441654205322266,32.05070114135742,81.6548843383789,64.712890625,6.8616108894348145,0.003995716571807861,6.5272216796875
3115,3.893750181305222e-05,0.18941229581832886,10.627399444580078,8.422395706176758,81.6548843383789,64.712890625,8.535813331604004,0.0035069286823272705,6.9111328125
3116,3.894999827025458e-05,0.23019587993621826,0.9833084940910339,0.7792887687683105,81.6548843383789,64.712890625,7.803457260131836,0.003572791814804077,6.5517578125
3117,3.896249836543575e-05,0.22641709446907043,3.781069755554199,2.9965624809265137,81.6548843383789,64.712890625,7.486584663391113,0.003634154796600342,6.78662109375
3118,3.8974998460616916e-05,0.18778997659683228,38.97587585449219,30.889049530029297,81.6548843383789,64.712890625,7.250861644744873,0.004567146301269531,6.4854736328125
3119,3.8987498555798084e-05,0.18681803345680237,45.271629333496094,35.8785400390625,81.6548843383789,64.712890625,6.666787624359131,0.0034133195877075195,6.716552734375
3120,3.899999865097925e-05,0.18349197506904602,52.621646881103516,41.703556060791016,81.6548843383789,64.712890625,6.891947269439697,0.0033120810985565186,6.9154052734375
3121,3.901249874616042e-05,0.17578619718551636,44.24033737182617,35.061222076416016,81.6548843383789,64.712890625,14.33695125579834,0.003217548131942749,6.93310546875
3122,3.9024998841341585e-05,0.19363676011562347,54.55294418334961,43.2341423034668,81.6548843383789,64.712890625,9.097043991088867,0.0033205747604370117,6.7919921875
3123,3.903749893652275e-05,0.2666032314300537,54.4422607421875,43.14642333984375,81.6548843383789,64.712890625,7.0629658699035645,0.004853308200836182,6.8543701171875
3124,3.904999903170392e-05,0.2235035002231598,43.0347900390625,34.105804443359375,81.6548843383789,64.712890625,5.895071506500244,0.003644198179244995,7.029052734375
3125,3.9062499126885086e-05,0.268724262714386,39.33219528198242,31.171436309814453,81.6548843383789,64.712890625,8.801521301269531,0.006321251392364502,6.658935546875
3126,3.9074999222066253e-05,0.19400238990783691,4.314039707183838,3.418950080871582,81.6548843383789,64.712890625,6.098824501037598,0.005121350288391113,6.536865234375
3127,3.908749931724742e-05,0.1814313381910324,58.99507141113281,46.754600524902344,81.6548843383789,64.712890625,7.795949935913086,0.003878653049468994,7.119140625
3128,3.909999941242859e-05,0.2272471785545349,0.9613479375839233,0.7618846893310547,81.6548843383789,64.712890625,6.916301727294922,0.003478318452835083,6.7672119140625
3129,3.9112499507609755e-05,0.2468755692243576,49.59867858886719,39.30780029296875,81.6548843383789,64.712890625,7.17363977432251,0.0031960606575012207,6.76513671875
3130,3.912499960279092e-05,0.1847689300775528,46.57351303100586,36.91030502319336,81.6548843383789,64.712890625,7.553252696990967,0.00431409478187561,6.8115234375
3131,3.913749969797209e-05,0.19176146388053894,3.971076726913452,3.147146224975586,81.6548843383789,64.712890625,7.892964839935303,0.002937495708465576,6.70947265625
3132,3.9149999793153256e-05,0.218973308801651,53.34872055053711,42.27976989746094,81.6548843383789,64.712890625,9.388907432556152,0.003983020782470703,7.259765625
3133,3.916249988833442e-05,0.2000918835401535,40.8265266418457,32.35572052001953,81.6548843383789,64.712890625,7.015583038330078,0.003959745168685913,6.7352294921875
3134,3.917499998351559e-05,0.1959642618894577,47.742191314697266,37.83650207519531,81.6548843383789,64.712890625,5.137663841247559,0.0039640069007873535,7.0260009765625
3135,3.918750007869676e-05,0.18620260059833527,49.45344924926758,39.19270324707031,81.6548843383789,64.712890625,7.73831033706665,0.005127072334289551,7.0003662109375
3136,3.9200000173877925e-05,0.20122921466827393,0.9671721458435059,0.7665004730224609,81.6548843383789,64.712890625,7.077331066131592,0.0034005939960479736,6.7701416015625
3137,3.921250026905909e-05,0.20201097428798676,1.0374994277954102,0.8222360610961914,81.6548843383789,64.712890625,6.401477336883545,0.00906836986541748,6.48876953125
3138,3.922500036424026e-05,0.22962817549705505,55.93079376220703,44.32611083984375,81.6548843383789,64.712890625,8.32693862915039,0.0034383535385131836,6.44482421875
3139,3.9237500459421426e-05,0.15896295011043549,57.475826263427734,45.550575256347656,81.6548843383789,64.712890625,10.604080200195312,0.003934264183044434,6.77294921875
3140,3.925000055460259e-05,0.21652331948280334,23.047574996948242,18.265596389770508,81.6548843383789,64.712890625,6.943528175354004,0.002756357192993164,6.3167724609375
3141,3.926250064978376e-05,0.17642536759376526,4.335958480834961,3.436321258544922,81.6548843383789,64.712890625,6.570589542388916,0.005318999290466309,6.755859375
3142,3.927500074496493e-05,0.20268292725086212,42.532325744628906,33.70759582519531,81.6548843383789,64.712890625,7.733055114746094,0.004074275493621826,6.6722412109375
3143,3.9287500840146095e-05,0.20174577832221985,1.0453561544418335,0.8284626007080078,81.6548843383789,64.712890625,6.138866424560547,0.004797637462615967,6.7325439453125
3144,3.930000093532726e-05,0.21904683113098145,1.009783387184143,0.8002705574035645,81.6548843383789,64.712890625,7.830165863037109,0.003973037004470825,6.873046875
3145,3.931250103050843e-05,0.2100154608488083,54.062156677246094,42.845184326171875,81.6548843383789,64.712890625,5.983680725097656,0.004165530204772949,6.982177734375
3146,3.9325001125689596e-05,0.22712098062038422,41.613582611083984,32.97947692871094,81.6548843383789,64.712890625,8.22059154510498,0.0045509934425354,6.716064453125
3147,3.933750122087076e-05,0.18251079320907593,57.4747314453125,45.549705505371094,81.6548843383789,64.712890625,9.291754722595215,0.003977775573730469,6.7952880859375
3148,3.935000131605193e-05,0.2390970140695572,45.68936538696289,36.20960235595703,81.6548843383789,64.712890625,8.74975299835205,0.004688620567321777,7.1807861328125
3149,3.93625014112331e-05,0.21284188330173492,47.771366119384766,37.85962677001953,81.6548843383789,64.712890625,5.123297214508057,0.006073355674743652,6.1339111328125
3150,3.9375001506414264e-05,0.18759185075759888,44.35097122192383,35.148902893066406,81.6548843383789,64.712890625,8.355515480041504,0.00345689058303833,6.6944580078125
3151,3.938750160159543e-05,0.23068378865718842,50.44758605957031,39.98057556152344,81.6548843383789,64.712890625,8.203651428222656,0.004626214504241943,6.8865966796875
3152,3.94000016967766e-05,0.1831180453300476,1.0068868398666382,0.7979750633239746,81.6548843383789,64.712890625,8.447072982788086,0.004343152046203613,6.5421142578125
3153,3.9412501791957766e-05,0.20740994811058044,0.978522777557373,0.7754960060119629,81.6548843383789,64.712890625,5.960371017456055,0.004087865352630615,6.8326416015625
3154,3.9424998249160126e-05,0.1836913824081421,52.9123420715332,41.933937072753906,81.6548843383789,64.712890625,6.059774875640869,0.0038832426071166992,6.9547119140625
3155,3.943749834434129e-05,0.17546789348125458,3.8793256282806396,3.074431896209717,81.6548843383789,64.712890625,7.857961654663086,0.0031399130821228027,7.0496826171875
3156,3.944999843952246e-05,0.20570023357868195,4.514153480529785,3.5775437355041504,81.6548843383789,64.712890625,7.809989929199219,0.0051116943359375,6.870361328125
3157,3.946249853470363e-05,0.22221489250659943,48.34700393676758,38.315826416015625,81.6548843383789,64.712890625,6.026218891143799,0.004359304904937744,7.1192626953125
3158,3.9474998629884794e-05,0.1761472523212433,59.928497314453125,47.49435806274414,81.6548843383789,64.712890625,6.330163478851318,0.0030115842819213867,7.19677734375
3159,3.948749872506596e-05,0.1794976145029068,43.466190338134766,34.44770050048828,81.6548843383789,64.712890625,7.707082748413086,0.004102557897567749,6.68896484375
3160,3.949999882024713e-05,0.199612557888031,47.327178955078125,37.507598876953125,81.6548843383789,64.712890625,6.192470073699951,0.0032206177711486816,6.7548828125
3161,3.9512498915428296e-05,0.2326221764087677,49.678565979003906,39.37111282348633,81.6548843383789,64.712890625,5.072443962097168,0.003587096929550171,7.35205078125
3162,3.952499901060946e-05,0.19417686760425568,50.34464645385742,39.89899444580078,81.6548843383789,64.712890625,9.813222885131836,0.003108501434326172,6.98193359375
3163,3.953749910579063e-05,0.26256728172302246,56.43616485595703,44.72662353515625,81.6548843383789,64.712890625,9.060866355895996,0.004561305046081543,6.6417236328125
3164,3.95499992009718e-05,0.1905677318572998,56.607669830322266,44.862545013427734,81.6548843383789,64.712890625,7.054940700531006,0.004571855068206787,6.9493408203125
3165,3.9562499296152964e-05,0.19170717895030975,49.011085510253906,38.842124938964844,81.6548843383789,64.712890625,8.0630464553833,0.0022090673446655273,6.96435546875
3166,3.957499939133413e-05,0.1679997444152832,9.576912879943848,7.589867115020752,81.6548843383789,64.712890625,5.68732213973999,0.004951000213623047,6.803955078125
3167,3.95874994865153e-05,0.1825794130563736,44.80685043334961,35.510196685791016,81.6548843383789,64.712890625,7.628849029541016,0.0037830770015716553,6.8187255859375
3168,3.9599999581696466e-05,0.18737632036209106,50.146297454833984,39.741798400878906,81.6548843383789,64.712890625,6.437447547912598,0.004806339740753174,6.22314453125
3169,3.961249967687763e-05,0.1741635948419571,45.669490814208984,36.19385528564453,81.6548843383789,64.712890625,6.104485511779785,0.0053862035274505615,6.754150390625
3170,3.96249997720588e-05,0.20033608376979828,47.69567108154297,37.79963684082031,81.6548843383789,64.712890625,6.618539810180664,0.003946959972381592,7.0908203125
3171,3.963749986723997e-05,0.187881201505661,52.501285552978516,41.6081657409668,81.6548843383789,64.712890625,7.670101165771484,0.004949718713760376,6.5833740234375
3172,3.9649999962421134e-05,0.17722831666469574,4.256582260131836,3.3734140396118164,81.6548843383789,64.712890625,7.152010440826416,0.003008246421813965,7.0216064453125
3173,3.96625000576023e-05,0.17014095187187195,49.288387298583984,39.0618896484375,81.6548843383789,64.712890625,5.970602512359619,0.004259586334228516,6.6507568359375
3174,3.967500015278347e-05,0.19165892899036407,0.9097363352775574,0.7209815979003906,81.6548843383789,64.712890625,5.842623710632324,0.004313915967941284,6.5350341796875
3175,3.9687500247964635e-05,0.1801721751689911,19.38737678527832,15.364828109741211,81.6548843383789,64.712890625,7.025715351104736,0.0031383633613586426,6.9652099609375
3176,3.97000003431458e-05,0.18439169228076935,4.244937419891357,3.364185333251953,81.6548843383789,64.712890625,6.358401298522949,0.0034670233726501465,6.6474609375
3177,3.971250043832697e-05,0.18855853378772736,26.067941665649414,20.659290313720703,81.6548843383789,64.712890625,6.511389255523682,0.0027088820934295654,6.834716796875
3178,3.972500053350814e-05,0.1858641505241394,52.84280776977539,41.87882614135742,81.6548843383789,64.712890625,8.202279090881348,0.005162149667739868,6.434326171875
3179,3.9737500628689304e-05,0.1763465851545334,1.0294779539108276,0.8158788681030273,81.6548843383789,64.712890625,6.677614688873291,0.006060153245925903,6.72412109375
3180,3.975000072387047e-05,0.1782408505678177,34.51268005371094,27.351890563964844,81.6548843383789,64.712890625,7.740467548370361,0.003171563148498535,6.9261474609375
3181,3.976250081905164e-05,0.2254675179719925,70.13552856445312,55.58360290527344,84.1735610961914,66.708984375,14.319585800170898,0.0038393139839172363,6.88427734375
3182,3.9775000914232805e-05,0.16137754917144775,43.77066421508789,34.68899917602539,84.1735610961914,66.708984375,8.532431602478027,0.0035789012908935547,6.744384765625
3183,3.978750100941397e-05,0.21254894137382507,39.93989181518555,31.653045654296875,84.1735610961914,66.708984375,8.714214324951172,0.0037360787391662598,6.8134765625
3184,3.980000110459514e-05,0.20347195863723755,42.595245361328125,33.75746154785156,84.1735610961914,66.708984375,5.102637767791748,0.006061553955078125,6.9669189453125
3185,3.981250119977631e-05,0.1900629699230194,35.09310531616211,27.8118839263916,84.1735610961914,66.708984375,6.694821834564209,0.0038967132568359375,6.6285400390625
3186,3.9825001294957474e-05,0.1832413673400879,3.9483659267425537,3.129147529602051,84.1735610961914,66.708984375,6.7902607917785645,0.0037328004837036133,6.6025390625
3187,3.983750139013864e-05,0.1651100367307663,57.791160583496094,45.80048370361328,84.1735610961914,66.708984375,6.909178256988525,0.003983616828918457,7.1016845703125
3188,3.985000148531981e-05,0.20288579165935516,53.43632888793945,42.349205017089844,84.1735610961914,66.708984375,7.249417304992676,0.0036484599113464355,6.8887939453125
3189,3.9862501580500975e-05,0.17591936886310577,43.79496383666992,34.708255767822266,84.1735610961914,66.708984375,7.239776134490967,0.004100680351257324,6.7684326171875
3190,3.987500167568214e-05,0.19975943863391876,1.0754109621047974,0.8522815704345703,84.1735610961914,66.708984375,5.49156379699707,0.004442572593688965,6.766357421875
3191,3.988750177086331e-05,0.2043454498052597,50.09122085571289,39.698150634765625,84.1735610961914,66.708984375,7.645346164703369,0.004653573036193848,6.75927734375
3192,3.989999822806567e-05,0.20322519540786743,57.747859954833984,45.76616668701172,84.1735610961914,66.708984375,7.89987325668335,0.0027202963829040527,7.22412109375
3193,3.991249832324684e-05,0.20203687250614166,48.37848663330078,38.34077835083008,84.1735610961914,66.708984375,8.199419975280762,0.004660964012145996,6.6654052734375
3194,3.9924998418428004e-05,0.23573347926139832,52.59398651123047,41.68163299560547,84.1735610961914,66.708984375,7.484658718109131,0.0033957362174987793,6.9957275390625
3195,3.993749851360917e-05,0.1680336743593216,55.943695068359375,44.336334228515625,84.1735610961914,66.708984375,6.8203935623168945,0.004982203245162964,7.0093994140625
3196,3.994999860879034e-05,0.17487315833568573,30.59178924560547,24.244516372680664,84.1735610961914,66.708984375,6.40814208984375,0.004561781883239746,6.839111328125
3197,3.9962498703971505e-05,0.2065911591053009,61.075286865234375,48.40320587158203,84.1735610961914,66.708984375,7.542323112487793,0.00425487756729126,6.566162109375
3198,3.997499879915267e-05,0.19217684864997864,4.340019226074219,3.4395394325256348,84.1735610961914,66.708984375,5.62120246887207,0.004101365804672241,6.4696044921875
3199,3.998749889433384e-05,0.17673958837985992,46.398128509521484,36.77130889892578,84.1735610961914,66.708984375,8.176604270935059,0.0025825798511505127,6.787841796875
3200,3.9999998989515007e-05,0.1923063099384308,4.646714687347412,3.682600975036621,84.1735610961914,66.708984375,5.822137355804443,0.0034505724906921387,6.32373046875
3201,4.0012499084696174e-05,0.20659774541854858,47.55453872680664,37.687782287597656,84.1735610961914,66.708984375,7.817348957061768,0.004755169153213501,6.781494140625
3202,4.002499917987734e-05,0.21065253019332886,37.95833206176758,30.08262825012207,84.1735610961914,66.708984375,8.93847942352295,0.0031069517135620117,6.6978759765625
3203,4.003749927505851e-05,0.17649492621421814,50.70061111450195,40.18109893798828,84.1735610961914,66.708984375,6.174229621887207,0.0029755234718322754,6.833251953125
3204,4.0049999370239675e-05,0.21625366806983948,44.62797927856445,35.36843490600586,84.1735610961914,66.708984375,6.081077575683594,0.0035199522972106934,7.014892578125
3205,4.006249946542084e-05,0.19167110323905945,3.8968753814697266,3.0883402824401855,84.1735610961914,66.708984375,6.735245704650879,0.0034653544425964355,6.9761962890625
3206,4.007499956060201e-05,0.19951845705509186,24.799543380737305,19.654062271118164,84.1735610961914,66.708984375,7.140896320343018,0.005312681198120117,6.6429443359375
3207,4.0087499655783176e-05,0.18139562010765076,3.9880242347717285,3.1605772972106934,84.1735610961914,66.708984375,6.668422698974609,0.004832923412322998,6.833984375
3208,4.0099999750964344e-05,0.20351025462150574,46.43464279174805,36.80024719238281,84.1735610961914,66.708984375,6.497312545776367,0.0037372708320617676,7.1981201171875
3209,4.011249984614551e-05,0.2014366090297699,10.048985481262207,7.963992595672607,84.1735610961914,66.708984375,7.107818603515625,0.0056597888469696045,6.061279296875
3210,4.012499994132668e-05,0.19997568428516388,46.28229904174805,36.67951202392578,84.1735610961914,66.708984375,7.802096366882324,0.0054222047328948975,6.61572265625
3211,4.0137500036507845e-05,0.20263847708702087,41.76075744628906,33.09611511230469,84.1735610961914,66.708984375,8.720243453979492,0.003745943307876587,6.8203125
3212,4.015000013168901e-05,0.1773117035627365,62.25831604003906,49.34077835083008,84.1735610961914,66.708984375,8.22573184967041,0.0023010671138763428,6.613037109375
3213,4.016250022687018e-05,0.216830313205719,4.157382011413574,3.2947964668273926,84.1735610961914,66.708984375,6.201716423034668,0.005458563566207886,6.896728515625
3214,4.0175000322051346e-05,0.16831181943416595,43.96284103393555,34.84130096435547,84.1735610961914,66.708984375,8.33820629119873,0.0030225515365600586,6.9324951171875
3215,4.0187500417232513e-05,0.19173434376716614,31.509363174438477,24.971710205078125,84.1735610961914,66.708984375,7.1020283699035645,0.003875434398651123,7.0867919921875
3216,4.020000051241368e-05,0.1818445324897766,21.386505126953125,16.94917106628418,84.1735610961914,66.708984375,6.84794807434082,0.0036052465438842773,6.89013671875
3217,4.021250060759485e-05,0.19306088984012604,48.759620666503906,38.64282989501953,84.1735610961914,66.708984375,7.046662330627441,0.003121674060821533,7.1007080078125
3218,4.0225000702776015e-05,0.17241595685482025,43.17394256591797,34.216087341308594,84.1735610961914,66.708984375,8.912166595458984,0.0031372904777526855,7.1519775390625
3219,4.023750079795718e-05,0.17072391510009766,45.50850296020508,36.06626892089844,84.1735610961914,66.708984375,8.532796859741211,0.003535032272338867,6.61767578125
3220,4.025000089313835e-05,0.18154101073741913,42.38983154296875,33.59466552734375,84.1735610961914,66.708984375,5.18982458114624,0.003489553928375244,6.7803955078125
3221,4.0262500988319516e-05,0.1688155084848404,21.148103713989258,16.76023292541504,84.1735610961914,66.708984375,8.549215316772461,0.0026299357414245605,7.3292236328125
3222,4.027500108350068e-05,0.21737609803676605,10.981063842773438,8.702680587768555,84.1735610961914,66.708984375,6.941519737243652,0.0036911368370056152,6.9857177734375
3223,4.028750117868185e-05,0.18504799902439117,54.94849395751953,43.5476188659668,84.1735610961914,66.708984375,7.283083915710449,0.00500604510307312,6.6746826171875
3224,4.030000127386302e-05,0.2479902058839798,61.9986572265625,49.13499450683594,84.1735610961914,66.708984375,7.955967903137207,0.0026981234550476074,6.8863525390625
3225,4.0312501369044185e-05,0.21812298893928528,46.54845428466797,36.890445709228516,84.1735610961914,66.708984375,5.902263641357422,0.0036199092864990234,6.9000244140625
3226,4.032500146422535e-05,0.1892061084508896,45.83546829223633,36.32538986206055,84.1735610961914,66.708984375,7.4868268966674805,0.0034029781818389893,6.881591796875
3227,4.033750155940652e-05,0.20490582287311554,39.18484878540039,31.054662704467773,84.1735610961914,66.708984375,7.878277778625488,0.0037255287170410156,6.78857421875
3228,4.0350001654587686e-05,0.2235386222600937,0.9317919015884399,0.7384610176086426,84.1735610961914,66.708984375,8.621475219726562,0.006399780511856079,6.1268310546875
3229,4.036250174976885e-05,0.20521727204322815,36.558265686035156,28.973051071166992,84.1735610961914,66.708984375,6.391866683959961,0.004433572292327881,6.7149658203125
3230,4.037499820697121e-05,0.2658270299434662,57.25779724121094,45.377784729003906,84.1735610961914,66.708984375,8.825292587280273,0.0023896098136901855,7.0751953125
3231,4.038749830215238e-05,0.26826968789100647,35.181949615478516,27.88229751586914,84.1735610961914,66.708984375,6.7492146492004395,0.0035034120082855225,6.6046142578125
3232,4.039999839733355e-05,0.18288087844848633,10.870306968688965,8.614904403686523,84.1735610961914,66.708984375,7.382411003112793,0.003012925386428833,7.011962890625
3233,4.0412498492514715e-05,0.23984701931476593,45.866912841796875,36.350311279296875,84.1735610961914,66.708984375,7.046170711517334,0.004950523376464844,6.60986328125
3234,4.042499858769588e-05,0.21900339424610138,39.11565017700195,30.999820709228516,84.1735610961914,66.708984375,8.230810165405273,0.0039942264556884766,6.5579833984375
3235,4.043749868287705e-05,0.20184583961963654,45.35205078125,35.94227600097656,84.1735610961914,66.708984375,6.973978042602539,0.003768444061279297,6.904541015625
3236,4.0449998778058216e-05,0.1896243393421173,23.075769424438477,18.287940979003906,84.1735610961914,66.708984375,5.600651741027832,0.003296971321105957,6.69384765625
3237,4.046249887323938e-05,0.19254431128501892,51.165157318115234,40.54926300048828,84.1735610961914,66.708984375,8.164101600646973,0.0028412342071533203,6.7901611328125
3238,4.047499896842055e-05,0.1945418417453766,49.08577346801758,38.90131378173828,84.1735610961914,66.708984375,6.06309700012207,0.005894303321838379,6.45703125
3239,4.048749906360172e-05,0.2029639035463333,50.204383850097656,39.7878303527832,84.1735610961914,66.708984375,7.883021831512451,0.002881765365600586,6.820068359375
3240,4.0499999158782884e-05,0.17543257772922516,10.478826522827148,8.304649353027344,84.1735610961914,66.708984375,6.664642333984375,0.003722071647644043,6.93896484375
3241,4.051249925396405e-05,0.18256908655166626,53.882389068603516,42.70271301269531,84.1735610961914,66.708984375,14.903191566467285,0.0029882192611694336,6.898193359375
3242,4.052499934914522e-05,0.19040197134017944,47.53620910644531,37.673255920410156,84.1735610961914,66.708984375,7.595692157745361,0.0038137435913085938,6.637939453125
3243,4.0537499444326386e-05,0.19916504621505737,54.25262451171875,42.996131896972656,84.1735610961914,66.708984375,5.282980918884277,0.0034640729427337646,6.86279296875
3244,4.054999953950755e-05,0.18882793188095093,27.801612854003906,22.033252716064453,84.1735610961914,66.708984375,5.343686103820801,0.0027782022953033447,6.9044189453125
3245,4.056249963468872e-05,0.22939500212669373,38.4031982421875,30.435190200805664,84.1735610961914,66.708984375,5.091998100280762,0.004119277000427246,6.6029052734375
3246,4.057499972986989e-05,0.208669513463974,40.15923309326172,31.82687759399414,84.1735610961914,66.708984375,6.283932209014893,0.0030631422996520996,6.6392822265625
3247,4.0587499825051054e-05,0.18159471452236176,56.213218688964844,44.54993438720703,84.1735610961914,66.708984375,5.557621479034424,0.005614727735519409,7.1221923828125
3248,4.059999992023222e-05,0.22030064463615417,53.05897521972656,42.05014419555664,84.1735610961914,66.708984375,10.58037281036377,0.004042923450469971,6.88232421875
3249,4.061250001541339e-05,0.18491683900356293,32.60017013549805,25.836193084716797,84.1735610961914,66.708984375,5.0345683097839355,0.0051427483558654785,6.7344970703125
3250,4.0625000110594556e-05,0.19979248940944672,1.0211628675460815,0.8092889785766602,84.1735610961914,66.708984375,6.056262016296387,0.0036871135234832764,6.845703125
3251,4.063750020577572e-05,0.18267671763896942,62.495094299316406,49.5284309387207,84.1735610961914,66.708984375,5.014865875244141,0.00388258695602417,6.771240234375
3252,4.065000030095689e-05,0.2113879770040512,61.32859420776367,48.60395812988281,84.1735610961914,66.708984375,7.8871259689331055,0.00268670916557312,7.22216796875
3253,4.066250039613806e-05,0.1695370376110077,55.29751968383789,43.8242301940918,84.1735610961914,66.708984375,7.4045515060424805,0.0033350884914398193,6.623779296875
3254,4.0675000491319224e-05,0.1928427815437317,59.64183044433594,47.26716995239258,84.1735610961914,66.708984375,5.751351356506348,0.0029160380363464355,6.929931640625
3255,4.068750058650039e-05,0.16008512675762177,41.062660217285156,32.54286193847656,84.1735610961914,66.708984375,6.728650093078613,0.004100024700164795,6.9000244140625
3256,4.070000068168156e-05,0.18539871275424957,10.657842636108398,8.446521759033203,84.1735610961914,66.708984375,4.607851028442383,0.0037088990211486816,6.8218994140625
3257,4.0712500776862726e-05,0.18800495564937592,3.6614203453063965,2.901738166809082,84.1735610961914,66.708984375,7.049816131591797,0.005762159824371338,6.58056640625
3258,4.072500087204389e-05,0.2562829852104187,11.023773193359375,8.736528396606445,84.1735610961914,66.708984375,6.899030685424805,0.0030463337898254395,6.5350341796875
3259,4.073750096722506e-05,0.2055119276046753,11.617161750793457,9.206799507141113,84.1735610961914,66.708984375,6.913504600524902,0.0023005008697509766,6.7806396484375
3260,4.075000106240623e-05,0.2098715454339981,48.689476013183594,38.587242126464844,84.1735610961914,66.708984375,6.676868915557861,0.003907620906829834,6.4140625
3261,4.0762501157587394e-05,0.22209294140338898,49.21625518798828,39.004722595214844,84.1735610961914,66.708984375,7.531505584716797,0.0036692768335342407,6.658447265625
3262,4.077500125276856e-05,0.181767076253891,41.542545318603516,32.923179626464844,84.1735610961914,66.708984375,8.19752025604248,0.003397524356842041,6.7047119140625
3263,4.078750134794973e-05,0.2051997184753418,39.76420211791992,31.513811111450195,84.1735610961914,66.708984375,7.7611470222473145,0.0031200051307678223,6.7943115234375
3264,4.0800001443130895e-05,0.18714793026447296,53.03875732421875,42.034122467041016,84.1735610961914,66.708984375,7.444060802459717,0.004636704921722412,7.014404296875
3265,4.081250153831206e-05,0.2086295187473297,3.7286808490753174,2.955043315887451,84.1735610961914,66.708984375,6.118857383728027,0.004581332206726074,6.935302734375
3266,4.082500163349323e-05,0.21760855615139008,48.79061508178711,38.667396545410156,84.1735610961914,66.708984375,7.7649383544921875,0.0054513514041900635,6.692626953125
3267,4.08375017286744e-05,0.21425049006938934,51.079803466796875,40.48161697387695,84.1735610961914,66.708984375,6.748239994049072,0.0034200847148895264,6.7967529296875
3268,4.084999818587676e-05,0.20303930342197418,37.8833122253418,30.023174285888672,84.1735610961914,66.708984375,7.298716068267822,0.0033308863639831543,7.1461181640625
3269,4.0862498281057924e-05,0.19946907460689545,11.710314750671387,9.280624389648438,84.1735610961914,66.708984375,5.564883232116699,0.00559765100479126,6.0460205078125
3270,4.087499837623909e-05,0.1962381899356842,1.0583630800247192,0.838770866394043,84.1735610961914,66.708984375,4.770725250244141,0.005018562078475952,6.65380859375
3271,4.088749847142026e-05,0.18726254999637604,18.361391067504883,14.551715850830078,84.1735610961914,66.708984375,5.6620073318481445,0.004223227500915527,6.75830078125
3272,4.0899998566601425e-05,0.1964336484670639,40.54572296142578,32.1331787109375,84.1735610961914,66.708984375,6.171081066131592,0.003050476312637329,6.52978515625
3273,4.091249866178259e-05,0.18226461112499237,30.844661712646484,24.444921493530273,84.1735610961914,66.708984375,8.376855850219727,0.003499746322631836,6.883544921875
3274,4.092499875696376e-05,0.19779574871063232,56.11430358886719,44.4715461730957,84.1735610961914,66.708984375,8.018726348876953,0.003717184066772461,6.9410400390625
3275,4.093749885214493e-05,0.1727696806192398,3.6622097492218018,2.9023637771606445,84.1735610961914,66.708984375,7.869828224182129,0.003191828727722168,7.086669921875
3276,4.0949998947326094e-05,0.2021293342113495,39.87931823730469,31.60504150390625,84.1735610961914,66.708984375,6.861021995544434,0.004178464412689209,6.939453125
3277,4.096249904250726e-05,0.17850826680660248,59.67482376098633,47.29331588745117,84.1735610961914,66.708984375,6.445249557495117,0.002863556146621704,7.0859375
3278,4.097499913768843e-05,0.18570712208747864,42.500003814697266,33.68198013305664,84.1735610961914,66.708984375,5.607811450958252,0.0033940672874450684,7.167236328125
3279,4.0987499232869595e-05,0.1795043647289276,10.155078887939453,8.048073768615723,84.1735610961914,66.708984375,7.359568119049072,0.0034211277961730957,6.6065673828125
3280,4.099999932805076e-05,0.20873793959617615,48.018802642822266,38.05572509765625,84.1735610961914,66.708984375,8.484615325927734,0.00461086630821228,6.7618408203125
3281,4.101249942323193e-05,0.20251549780368805,44.257843017578125,35.075096130371094,84.1735610961914,66.708984375,9.531015396118164,0.003453195095062256,7.3145751953125
3282,4.10249995184131e-05,0.16163672506809235,9.876999855041504,7.827691555023193,84.1735610961914,66.708984375,7.578462600708008,0.004371315240859985,6.9678955078125
3283,4.1037499613594264e-05,0.2177194505929947,48.83046340942383,38.698974609375,84.1735610961914,66.708984375,7.030965328216553,0.004438489675521851,6.5970458984375
3284,4.104999970877543e-05,0.1770242154598236,46.650848388671875,36.971595764160156,84.1735610961914,66.708984375,5.538901329040527,0.003727734088897705,6.8563232421875
3285,4.10624998039566e-05,0.22348569333553314,40.858123779296875,32.38076400756836,84.1735610961914,66.708984375,8.375649452209473,0.0032436251640319824,6.8756103515625
3286,4.1074999899137765e-05,0.22907929122447968,49.8995475769043,39.546241760253906,84.1735610961914,66.708984375,6.824285984039307,0.0038637518882751465,6.8404541015625
3287,4.108749999431893e-05,0.20581534504890442,54.84474182128906,43.46539306640625,84.1735610961914,66.708984375,6.651223659515381,0.005528807640075684,6.7835693359375
3288,4.11000000895001e-05,0.26550552248954773,1.03892183303833,0.8233633041381836,84.1735610961914,66.708984375,6.687698841094971,0.0047147274017333984,6.2183837890625
3289,4.1112500184681267e-05,0.20959040522575378,11.343903541564941,8.99023723602295,84.1735610961914,66.708984375,7.045279502868652,0.003409355878829956,6.707275390625
3290,4.1125000279862434e-05,0.21940524876117706,4.318376064300537,3.422386646270752,84.1735610961914,66.708984375,6.947808265686035,0.0021576285362243652,7.0947265625
3291,4.11375003750436e-05,0.20203466713428497,23.622825622558594,18.721492767333984,84.1735610961914,66.708984375,5.9504289627075195,0.004213094711303711,6.551513671875
3292,4.115000047022477e-05,0.23027926683425903,56.612735748291016,44.86656188964844,84.1735610961914,66.708984375,7.548115253448486,0.0034440159797668457,7.0782470703125
3293,4.1162500565405935e-05,0.22357729077339172,11.2543306350708,8.919248580932617,84.1735610961914,66.708984375,7.436888217926025,0.004501760005950928,6.6116943359375
3294,4.11750006605871e-05,0.26764965057373047,1.0159462690353394,0.8051548004150391,84.1735610961914,66.708984375,6.42544412612915,0.004103302955627441,6.57763671875
3295,4.118750075576827e-05,0.22494231164455414,9.343788146972656,7.405111789703369,84.1735610961914,66.708984375,6.540195465087891,0.003243386745452881,6.9415283203125
3296,4.1200000850949436e-05,0.23309092223644257,44.83376693725586,35.531524658203125,84.1735610961914,66.708984375,5.858453750610352,0.003579854965209961,6.6507568359375
3297,4.1212500946130604e-05,0.26322969794273376,3.958960771560669,3.1375441551208496,84.1735610961914,66.708984375,6.354496955871582,0.002706766128540039,6.791015625
3298,4.122500104131177e-05,0.17697760462760925,46.30809783935547,36.69995880126953,84.1735610961914,66.708984375,10.606083869934082,0.004292964935302734,6.4852294921875
3299,4.123750113649294e-05,0.2172316461801529,0.9443476796150208,0.7484116554260254,84.1735610961914,66.708984375,7.929327964782715,0.00434267520904541,6.7796630859375
3300,4.1250001231674105e-05,0.2034628540277481,1.0182121992111206,0.806950569152832,84.1735610961914,66.708984375,5.093280792236328,0.0037820935249328613,6.9837646484375
3301,4.126250132685527e-05,0.1901286542415619,0.9611042737960815,0.7616915702819824,84.1735610961914,66.708984375,11.484123229980469,0.003935873508453369,6.8709716796875
3302,4.127500142203644e-05,0.20123907923698425,9.75040054321289,7.727358818054199,84.1735610961914,66.708984375,8.055442810058594,0.0033266544342041016,6.620361328125
3303,4.1287501517217606e-05,0.21911613643169403,47.19307327270508,37.40131759643555,84.1735610961914,66.708984375,6.324436187744141,0.002728104591369629,6.8099365234375
3304,4.1300001612398773e-05,0.18970030546188354,52.39743423461914,41.52585983276367,84.1735610961914,66.708984375,6.685334205627441,0.0038150548934936523,6.860107421875
3305,4.131250170757994e-05,0.1789436787366867,11.51535415649414,9.126115798950195,84.1735610961914,66.708984375,7.8939714431762695,0.003245234489440918,6.6043701171875
3306,4.132500180276111e-05,0.16239944100379944,4.318312168121338,3.4223361015319824,84.1735610961914,66.708984375,7.060441017150879,0.0035507678985595703,6.5428466796875
3307,4.133749825996347e-05,0.18840175867080688,55.63043975830078,44.08807373046875,84.1735610961914,66.708984375,6.9283294677734375,0.003799915313720703,7.1058349609375
3308,4.1349998355144635e-05,0.20776763558387756,11.021937370300293,8.73507308959961,84.1735610961914,66.708984375,6.925924777984619,0.005582928657531738,6.872314453125
3309,4.13624984503258e-05,0.238453209400177,53.202701568603516,42.1640510559082,84.1735610961914,66.708984375,9.583301544189453,0.0033389925956726074,6.736572265625
3310,4.137499854550697e-05,0.1832200437784195,11.723775863647461,9.291292190551758,84.1735610961914,66.708984375,7.339206218719482,0.003957927227020264,6.8583984375
3311,4.1387498640688136e-05,0.21268613636493683,31.552845001220703,25.006168365478516,84.1735610961914,66.708984375,5.744027137756348,0.00280606746673584,6.7613525390625
3312,4.13999987358693e-05,0.1853589117527008,36.61106491088867,29.014894485473633,84.1735610961914,66.708984375,6.883453845977783,0.0025644302368164062,7.2315673828125
3313,4.141249883105047e-05,0.22028058767318726,54.81803894042969,43.44423294067383,84.1735610961914,66.708984375,7.597928524017334,0.003377258777618408,6.6300048828125
3314,4.142499892623164e-05,0.17183427512645721,50.77350997924805,40.23887634277344,84.1735610961914,66.708984375,6.430397987365723,0.0035802125930786133,6.927978515625
3315,4.1437499021412805e-05,0.16455473005771637,3.904581069946289,3.094447135925293,84.1735610961914,66.708984375,5.420599937438965,0.0032186508178710938,6.902587890625
3316,4.144999911659397e-05,0.2122209221124649,19.081462860107422,15.12238597869873,84.1735610961914,66.708984375,6.030513763427734,0.003506869077682495,6.784423828125
3317,4.146249921177514e-05,0.18064656853675842,8.610912322998047,6.824295520782471,84.1735610961914,66.708984375,6.438514232635498,0.003931581974029541,6.6097412109375
3318,4.1474999306956306e-05,0.20913393795490265,1.0058454275131226,0.797149658203125,84.1735610961914,66.708984375,6.679037094116211,0.004186540842056274,6.5208740234375
3319,4.148749940213747e-05,0.2038595825433731,50.84095764160156,40.292327880859375,84.1735610961914,66.708984375,6.475874423980713,0.0027161836624145508,6.7664794921875
3320,4.149999949731864e-05,0.20557361841201782,44.51764678955078,35.2809944152832,84.1735610961914,66.708984375,6.681976318359375,0.004253566265106201,6.4072265625
3321,4.151249959249981e-05,0.18538086116313934,50.92512130737305,40.35902786254883,84.1735610961914,66.708984375,5.50294828414917,0.00369107723236084,6.603759765625
3322,4.1524999687680975e-05,0.19284549355506897,53.37120056152344,42.29758834838867,84.1735610961914,66.708984375,6.91304874420166,0.003611534833908081,6.6929931640625
3323,4.153749978286214e-05,0.17906999588012695,62.21990203857422,49.31033706665039,84.1735610961914,66.708984375,7.423922061920166,0.0040261149406433105,6.8118896484375
3324,4.154999987804331e-05,0.17857970297336578,46.405025482177734,36.77677536010742,84.1735610961914,66.708984375,8.39149284362793,0.004693567752838135,6.99462890625
3325,4.1562499973224476e-05,0.18582871556282043,37.553565979003906,29.7618408203125,84.1735610961914,66.708984375,8.984329223632812,0.0036680102348327637,7.062744140625
3326,4.157500006840564e-05,0.1725335270166397,41.72650909423828,33.068973541259766,84.1735610961914,66.708984375,4.676270484924316,0.0036812424659729004,6.64697265625
3327,4.158750016358681e-05,0.1796804964542389,61.37760925292969,48.64280319213867,84.1735610961914,66.708984375,6.222487926483154,0.003547579050064087,6.80908203125
3328,4.160000025876798e-05,0.192071795463562,51.08154296875,40.482994079589844,84.1735610961914,66.708984375,6.236310005187988,0.002488076686859131,7.1510009765625
3329,4.1612500353949144e-05,0.16586185991764069,44.38692855834961,35.177398681640625,84.1735610961914,66.708984375,6.489506721496582,0.004065960645675659,5.9771728515625
3330,4.162500044913031e-05,0.22267277538776398,56.385467529296875,44.68644714355469,84.1735610961914,66.708984375,6.038625240325928,0.005214035511016846,6.7197265625
3331,4.163750054431148e-05,0.18493926525115967,49.090694427490234,38.90521240234375,84.1735610961914,66.708984375,8.256134986877441,0.004056572914123535,6.7586669921875
3332,4.1650000639492646e-05,0.19259272515773773,43.84309005737305,34.74639892578125,84.1735610961914,66.708984375,6.102621078491211,0.0029440224170684814,6.53564453125
3333,4.166250073467381e-05,0.21984337270259857,45.86041259765625,36.34516143798828,84.1735610961914,66.708984375,7.144462585449219,0.004056036472320557,6.8314208984375
3334,4.167500082985498e-05,0.1813075840473175,4.212066173553467,3.338134288787842,84.1735610961914,66.708984375,8.576313018798828,0.0036604106426239014,6.8892822265625
3335,4.168750092503615e-05,0.17696502804756165,10.290956497192383,8.15575885772705,84.1735610961914,66.708984375,6.4878621101379395,0.003875046968460083,7.0682373046875
3336,4.1700001020217314e-05,0.18442632257938385,57.88848876953125,45.87761688232422,84.1735610961914,66.708984375,6.084408760070801,0.004620999097824097,6.9232177734375
3337,4.171250111539848e-05,0.1950245499610901,9.63053035736084,7.632359981536865,84.1735610961914,66.708984375,6.483611106872559,0.0030857324600219727,7.0894775390625
3338,4.172500121057965e-05,0.18667510151863098,22.829626083374023,18.09286880493164,84.1735610961914,66.708984375,6.471408367156982,0.002522706985473633,7.111083984375
3339,4.1737501305760816e-05,0.17882892489433289,29.754915237426758,23.58127784729004,84.1735610961914,66.708984375,5.572255611419678,0.002156198024749756,6.6435546875
3340,4.175000140094198e-05,0.23849591612815857,45.72859191894531,36.240692138671875,84.1735610961914,66.708984375,9.413022994995117,0.004778146743774414,6.7767333984375
3341,4.176250149612315e-05,0.18561197817325592,25.385536193847656,20.118471145629883,84.1735610961914,66.708984375,6.514011859893799,0.004036933183670044,7.25
3342,4.177500159130432e-05,0.17958879470825195,33.94758605957031,26.904043197631836,84.1735610961914,66.708984375,7.341742515563965,0.0023704469203948975,7.032470703125
3343,4.1787501686485484e-05,0.19582302868366241,57.475738525390625,45.55050277709961,84.1735610961914,66.708984375,7.613944053649902,0.0036394596099853516,6.5595703125
3344,4.180000178166665e-05,0.18739941716194153,45.9489860534668,36.41535568237305,84.1735610961914,66.708984375,8.406018257141113,0.00432431697845459,6.7698974609375
3345,4.181249823886901e-05,0.20054654777050018,0.9435721039772034,0.7477970123291016,84.1735610961914,66.708984375,7.411137104034424,0.0033145546913146973,6.8878173828125
3346,4.182499833405018e-05,0.18096300959587097,9.954900741577148,7.889428615570068,84.1735610961914,66.708984375,5.467898845672607,0.0031436383724212646,6.876953125
3347,4.1837498429231346e-05,0.20887021720409393,3.9607911109924316,3.1389946937561035,84.1735610961914,66.708984375,8.261077880859375,0.004156231880187988,6.718505859375
3348,4.184999852441251e-05,0.18341737985610962,0.9025469422340393,0.7152838706970215,84.1735610961914,66.708984375,6.18576717376709,0.0032939016819000244,6.317626953125
3349,4.186249861959368e-05,0.1916734278202057,22.607282638549805,17.916658401489258,84.1735610961914,66.708984375,7.303277492523193,0.0034558773040771484,6.730224609375
3350,4.187499871477485e-05,0.2120215743780136,61.194644927978516,48.497802734375,84.1735610961914,66.708984375,5.751790523529053,0.0031064748764038086,7.138916015625
3351,4.1887498809956014e-05,0.17116548120975494,57.45426559448242,45.533485412597656,84.1735610961914,66.708984375,8.261063575744629,0.004717230796813965,6.5654296875
3352,4.189999890513718e-05,0.19209860265254974,56.163448333740234,44.510494232177734,84.1735610961914,66.708984375,7.105679988861084,0.0033273398876190186,6.974853515625
3353,4.191249900031835e-05,0.15726913511753082,51.250160217285156,40.61662673950195,84.1735610961914,66.708984375,7.717593193054199,0.004001021385192871,6.6231689453125
3354,4.1924999095499516e-05,0.18615590035915375,20.669710159301758,16.381099700927734,84.1735610961914,66.708984375,6.057677745819092,0.0031080245971679688,6.6260986328125
3355,4.193749919068068e-05,0.21414174139499664,21.596675872802734,17.115734100341797,84.1735610961914,66.708984375,6.596882343292236,0.003683030605316162,6.9765625
3356,4.194999928586185e-05,0.164972722530365,50.39374923706055,39.93790817260742,84.1735610961914,66.708984375,6.011437892913818,0.0030578970909118652,6.6031494140625
3357,4.196249938104302e-05,0.20446771383285522,49.67368698120117,39.367244720458984,84.1735610961914,66.708984375,8.893424034118652,0.0031767189502716064,6.8441162109375
3358,4.1974999476224184e-05,0.16889943182468414,42.60856628417969,33.76801681518555,84.1735610961914,66.708984375,7.273366451263428,0.006203711032867432,6.4459228515625
3359,4.198749957140535e-05,0.19717112183570862,54.25851058959961,43.000797271728516,84.1735610961914,66.708984375,6.256230354309082,0.004060268402099609,6.814208984375
3360,4.199999966658652e-05,0.1632782518863678,46.94175338745117,37.20214080810547,84.1735610961914,66.708984375,7.089712142944336,0.003800511360168457,7.078125
3361,4.2012499761767685e-05,0.1993030458688736,0.9838584065437317,0.7797245979309082,84.1735610961914,66.708984375,15.02814769744873,0.002893805503845215,6.97412109375
3362,4.202499985694885e-05,0.2019674926996231,54.3385009765625,43.06418991088867,84.1735610961914,66.708984375,6.01367712020874,0.004208922386169434,6.6771240234375
3363,4.203749995213002e-05,0.2061164677143097,70.92921447753906,56.212615966796875,85.46739959716797,67.734375,6.91611909866333,0.003159075975418091,6.712646484375
3364,4.205000004731119e-05,0.18525542318820953,10.213848114013672,8.094649314880371,85.46739959716797,67.734375,5.497865200042725,0.003419637680053711,6.8179931640625
3365,4.2062500142492354e-05,0.20788702368736267,20.784488677978516,16.472061157226562,85.46739959716797,67.734375,7.614972114562988,0.00419086217880249,6.6328125
3366,4.207500023767352e-05,0.17303654551506042,50.99399185180664,40.41360855102539,85.46739959716797,67.734375,6.693870544433594,0.0036395788192749023,6.4912109375
3367,4.208750033285469e-05,0.2097998857498169,54.93975830078125,43.54069519042969,85.46739959716797,67.734375,8.198494911193848,0.004079461097717285,7.024658203125
3368,4.2100000428035855e-05,0.17726878821849823,22.587135314941406,17.900691986083984,85.46739959716797,67.734375,6.600400924682617,0.004125684499740601,6.90478515625
3369,4.211250052321702e-05,0.2292780727148056,47.723209381103516,37.82146072387695,85.46739959716797,67.734375,5.6434221267700195,0.0028534233570098877,6.7239990234375
3370,4.212500061839819e-05,0.2002856433391571,55.82075500488281,44.2389030456543,85.46739959716797,67.734375,8.733261108398438,0.003100186586380005,6.924072265625
3371,4.213750071357936e-05,0.22468812763690948,40.52084732055664,32.11346435546875,85.46739959716797,67.734375,7.499294281005859,0.005245387554168701,6.7314453125
3372,4.2150000808760524e-05,0.2544706165790558,39.64060592651367,31.415857315063477,85.46739959716797,67.734375,7.209990501403809,0.0028737783432006836,7.2435302734375
3373,4.216250090394169e-05,0.19324567914009094,51.48201370239258,40.80037307739258,85.46739959716797,67.734375,5.815121650695801,0.003971457481384277,6.6339111328125
3374,4.217500099912286e-05,0.22975634038448334,49.744903564453125,39.42368698120117,85.46739959716797,67.734375,7.5447187423706055,0.003207564353942871,6.9039306640625
3375,4.2187501094304025e-05,0.19364069402217865,51.1242561340332,40.516845703125,85.46739959716797,67.734375,8.039689064025879,0.004195958375930786,6.96484375
3376,4.220000118948519e-05,0.18800967931747437,60.91023635864258,48.272403717041016,85.46739959716797,67.734375,7.498475074768066,0.0027136802673339844,6.8409423828125
3377,4.221250128466636e-05,0.18655507266521454,36.9109001159668,29.252519607543945,85.46739959716797,67.734375,6.940157890319824,0.004211723804473877,6.6365966796875
3378,4.2225001379847527e-05,0.20443026721477509,3.8225252628326416,3.029416561126709,85.46739959716797,67.734375,7.213143825531006,0.003313422203063965,6.5860595703125
3379,4.2237501475028694e-05,0.21445757150650024,43.312461853027344,34.32586669921875,85.46739959716797,67.734375,7.490631103515625,0.003567516803741455,6.7403564453125
3380,4.225000157020986e-05,0.19476978480815887,56.452266693115234,44.73938751220703,85.46739959716797,67.734375,8.703633308410645,0.004197925329208374,6.4351806640625
3381,4.226250166539103e-05,0.1960003823041916,11.188751220703125,8.867276191711426,85.46739959716797,67.734375,7.537948131561279,0.004225432872772217,6.5670166015625
3382,4.2275001760572195e-05,0.20558679103851318,0.9444373250007629,0.7484827041625977,85.46739959716797,67.734375,5.154757022857666,0.0031250715255737305,6.7088623046875
3383,4.2287498217774555e-05,0.2241339534521103,35.897403717041016,28.44930648803711,85.46739959716797,67.734375,6.206618309020996,0.0034872889518737793,6.807373046875
3384,4.229999831295572e-05,0.2011738121509552,0.9821743369102478,0.7783899307250977,85.46739959716797,67.734375,6.921185493469238,0.0038484930992126465,6.9415283203125
3385,4.231249840813689e-05,0.18732407689094543,36.42045211791992,28.86383056640625,85.46739959716797,67.734375,6.8892316818237305,0.005119919776916504,6.9774169921875
3386,4.2324998503318056e-05,0.18458068370819092,34.86000061035156,27.62714385986328,85.46739959716797,67.734375,5.503052711486816,0.0039983391761779785,6.6754150390625
3387,4.2337498598499224e-05,0.1952802687883377,42.72969436645508,33.864013671875,85.46739959716797,67.734375,6.072933673858643,0.0031761527061462402,6.669921875
3388,4.234999869368039e-05,0.18726633489131927,52.476139068603516,41.588233947753906,85.46739959716797,67.734375,6.374378681182861,0.004271477460861206,7.1309814453125
3389,4.236249878886156e-05,0.17815683782100677,4.087589263916016,3.2394843101501465,85.46739959716797,67.734375,5.512706279754639,0.005073666572570801,5.9359130859375
3390,4.2374998884042725e-05,0.2108948677778244,9.738853454589844,7.718207836151123,85.46739959716797,67.734375,5.949812889099121,0.003554999828338623,6.726806640625
3391,4.238749897922389e-05,0.1838541030883789,57.09443283081055,45.248313903808594,85.46739959716797,67.734375,8.972807884216309,0.0039008259773254395,6.7679443359375
3392,4.239999907440506e-05,0.1962287276983261,21.937570571899414,17.385900497436523,85.46739959716797,67.734375,6.5538787841796875,0.004864156246185303,6.512939453125
3393,4.2412499169586226e-05,0.20234540104866028,21.837295532226562,17.306428909301758,85.46739959716797,67.734375,5.9293131828308105,0.0035592317581176758,6.808349609375
3394,4.2424999264767393e-05,0.20655223727226257,47.11446762084961,37.339019775390625,85.46739959716797,67.734375,8.37597942352295,0.0040223002433776855,6.9075927734375
3395,4.243749935994856e-05,0.19648759067058563,42.557804107666016,33.727787017822266,85.46739959716797,67.734375,5.594849586486816,0.002643883228302002,7.1416015625
3396,4.244999945512973e-05,0.18223845958709717,11.367546081542969,9.008974075317383,85.46739959716797,67.734375,5.354199409484863,0.003920018672943115,6.9058837890625
3397,4.2462499550310895e-05,0.20558986067771912,30.424823760986328,24.112192153930664,85.46739959716797,67.734375,7.160132884979248,0.002595871686935425,7.163818359375
3398,4.247499964549206e-05,0.20886214077472687,35.44845962524414,28.093509674072266,85.46739959716797,67.734375,7.23691987991333,0.0037322044372558594,7.1519775390625
3399,4.248749974067323e-05,0.18537761270999908,48.427650451660156,38.37974166870117,85.46739959716797,67.734375,6.137447834014893,0.004054725170135498,6.6522216796875
3400,4.2499999835854396e-05,0.19951362907886505,1.0532429218292236,0.8347129821777344,85.46739959716797,67.734375,6.427561283111572,0.004973798990249634,6.658447265625
3401,4.251249993103556e-05,0.18484896421432495,0.905620276927948,0.717719554901123,85.46739959716797,67.734375,5.581401348114014,0.004943519830703735,7.31591796875
3402,4.252500002621673e-05,0.19214323163032532,24.621726989746094,19.513139724731445,85.46739959716797,67.734375,8.029692649841309,0.0024885833263397217,6.94091796875
3403,4.25375001213979e-05,0.21792717278003693,41.45861053466797,32.856658935546875,85.46739959716797,67.734375,7.320053577423096,0.003980875015258789,6.6025390625
3404,4.2550000216579065e-05,0.17324361205101013,11.001710891723633,8.719043731689453,85.46739959716797,67.734375,6.4636759757995605,0.0036450624465942383,6.752197265625
3405,4.256250031176023e-05,0.21822142601013184,10.945829391479492,8.67475700378418,85.46739959716797,67.734375,7.9428181648254395,0.0038254857063293457,6.973876953125
3406,4.25750004069414e-05,0.22625689208507538,50.9353141784668,40.36710739135742,85.46739959716797,67.734375,6.569201469421387,0.004985332489013672,6.784423828125
3407,4.2587500502122566e-05,0.18055656552314758,56.11782455444336,44.474334716796875,85.46739959716797,67.734375,5.804731845855713,0.003199160099029541,6.7896728515625
3408,4.260000059730373e-05,0.20039157569408417,51.10637664794922,40.50267791748047,85.46739959716797,67.734375,8.639880180358887,0.005783826112747192,6.419921875
3409,4.26125006924849e-05,0.18261902034282684,65.38922119140625,51.82207489013672,85.46739959716797,67.734375,6.27156400680542,0.0046482086181640625,6.7584228515625
3410,4.262500078766607e-05,0.23363693058490753,11.153860092163086,8.839624404907227,85.46739959716797,67.734375,7.5877861976623535,0.0021611452102661133,7.082275390625
3411,4.2637500882847235e-05,0.15675508975982666,41.34281539916992,32.76488494873047,85.46739959716797,67.734375,7.224382400512695,0.004347354173660278,6.5841064453125
3412,4.26500009780284e-05,0.23686249554157257,49.51575469970703,39.24208068847656,85.46739959716797,67.734375,6.551332473754883,0.003167271614074707,6.9715576171875
3413,4.266250107320957e-05,0.1839253455400467,53.8752555847168,42.697059631347656,85.46739959716797,67.734375,4.648050785064697,0.00278395414352417,6.5830078125
3414,4.2675001168390736e-05,0.22274793684482574,4.304404258728027,3.411314010620117,85.46739959716797,67.734375,6.121826648712158,0.003388017416000366,6.5640869140625
3415,4.26875012635719e-05,0.18583078682422638,60.910316467285156,48.27246856689453,85.46739959716797,67.734375,5.687865257263184,0.004793107509613037,6.9246826171875
3416,4.270000135875307e-05,0.2144135981798172,54.81430435180664,43.4412727355957,85.46739959716797,67.734375,9.9324312210083,0.00248032808303833,6.5770263671875
3417,4.271250145393424e-05,0.21776901185512543,48.6539421081543,38.559078216552734,85.46739959716797,67.734375,7.163083076477051,0.0029474198818206787,6.8553466796875
3418,4.2725001549115404e-05,0.23596327006816864,58.17039108276367,46.10102844238281,85.46739959716797,67.734375,5.389764308929443,0.0038915276527404785,6.380859375
3419,4.273750164429657e-05,0.24738776683807373,48.34109115600586,38.31114196777344,85.46739959716797,67.734375,7.680047512054443,0.004025161266326904,6.788818359375
3420,4.275000173947774e-05,0.21194922924041748,46.226829528808594,36.63555145263672,85.46739959716797,67.734375,7.113557815551758,0.0031704306602478027,6.9991455078125
3421,4.27624981966801e-05,0.23751933872699738,49.302608489990234,39.07316207885742,85.46739959716797,67.734375,12.571747779846191,0.00286865234375,6.9920654296875
3422,4.2774998291861266e-05,0.23905359208583832,54.679012298583984,43.334049224853516,85.46739959716797,67.734375,6.050655841827393,0.0030124783515930176,6.6934814453125
3423,4.278749838704243e-05,0.18474075198173523,1.0256849527359009,0.8128728866577148,85.46739959716797,67.734375,9.046483993530273,0.004166960716247559,6.745361328125
3424,4.27999984822236e-05,0.25519266724586487,52.83785629272461,41.87490463256836,85.46739959716797,67.734375,8.348044395446777,0.0036927461624145508,6.781982421875
3425,4.281249857740477e-05,0.19488340616226196,9.46921443939209,7.504514217376709,85.46739959716797,67.734375,7.005782604217529,0.004021316766738892,6.66796875
3426,4.2824998672585934e-05,0.25857603549957275,16.877704620361328,13.375868797302246,85.46739959716797,67.734375,6.333734512329102,0.002858966588973999,6.442138671875
3427,4.28374987677671e-05,0.225383922457695,0.981982409954071,0.7782378196716309,85.46739959716797,67.734375,6.581442356109619,0.006033569574356079,7.0538330078125
3428,4.284999886294827e-05,0.22563768923282623,36.069610595703125,28.58578109741211,85.46739959716797,67.734375,6.772861957550049,0.002998828887939453,6.900146484375
3429,4.2862498958129436e-05,0.22236929833889008,4.070592403411865,3.2260141372680664,85.46739959716797,67.734375,5.500359058380127,0.003697603940963745,6.7451171875
3430,4.28749990533106e-05,0.21658167243003845,43.35627746582031,34.36058807373047,85.46739959716797,67.734375,6.8659515380859375,0.0032607614994049072,6.9228515625
3431,4.288749914849177e-05,0.21035929024219513,46.390045166015625,36.7649040222168,85.46739959716797,67.734375,6.9494948387146,0.0027614831924438477,6.6324462890625
3432,4.289999924367294e-05,0.19066831469535828,47.12749099731445,37.349342346191406,85.46739959716797,67.734375,5.742218494415283,0.0039017200469970703,7.1212158203125
3433,4.2912499338854104e-05,0.28083470463752747,50.0866813659668,39.694549560546875,85.46739959716797,67.734375,7.397197246551514,0.003261089324951172,6.5853271484375
3434,4.292499943403527e-05,0.2139124870300293,52.91392517089844,41.93518829345703,85.46739959716797,67.734375,9.48344898223877,0.0038725733757019043,6.875244140625
3435,4.293749952921644e-05,0.1814105361700058,0.9158421158790588,0.7258205413818359,85.46739959716797,67.734375,6.316418647766113,0.0031363070011138916,6.9896240234375
3436,4.2949999624397606e-05,0.1990799903869629,10.464398384094238,8.293214797973633,85.46739959716797,67.734375,5.179981708526611,0.002833813428878784,6.8421630859375
3437,4.296249971957877e-05,0.1963370144367218,3.697234869003296,2.930121898651123,85.46739959716797,67.734375,7.0292510986328125,0.0027874410152435303,6.648681640625
3438,4.297499981475994e-05,0.1853983849287033,0.9892626404762268,0.7840075492858887,85.46739959716797,67.734375,5.919783115386963,0.0035012662410736084,6.7056884765625
3439,4.298749990994111e-05,0.1754906326532364,34.5598030090332,27.389232635498047,85.46739959716797,67.734375,6.022238731384277,0.003259599208831787,6.7322998046875
3440,4.3000000005122274e-05,0.21286877989768982,45.187259674072266,35.811676025390625,85.46739959716797,67.734375,5.033509254455566,0.003704845905303955,6.3919677734375
3441,4.301250010030344e-05,0.2104744017124176,1.024284839630127,0.8117632865905762,85.46739959716797,67.734375,6.2811126708984375,0.003726959228515625,6.6304931640625
3442,4.302500019548461e-05,0.21666505932807922,10.326416015625,8.183860778808594,85.46739959716797,67.734375,4.864643096923828,0.004070639610290527,6.846435546875
3443,4.3037500290665776e-05,0.1958976686000824,59.28170394897461,46.98176574707031,85.46739959716797,67.734375,7.432960510253906,0.0051427483558654785,6.75390625
3444,4.305000038584694e-05,0.2160196304321289,61.434017181396484,48.68750762939453,85.46739959716797,67.734375,7.740822792053223,0.002474188804626465,7.0455322265625
3445,4.306250048102811e-05,0.18829622864723206,40.428123474121094,32.03997802734375,85.46739959716797,67.734375,7.2340569496154785,0.004003942012786865,6.916748046875
3446,4.307500057620928e-05,0.2052060216665268,1.0326433181762695,0.818387508392334,85.46739959716797,67.734375,6.376583576202393,0.004402041435241699,6.6390380859375
3447,4.3087500671390444e-05,0.21069785952568054,1.004138469696045,0.7957968711853027,85.46739959716797,67.734375,7.968347072601318,0.0023603439331054688,6.652099609375
3448,4.310000076657161e-05,0.2087821215391159,55.33953094482422,43.85752487182617,85.46739959716797,67.734375,7.636015892028809,0.0026905834674835205,7.0965576171875
3449,4.311250086175278e-05,0.18313400447368622,0.9028525948524475,0.7155261039733887,85.46739959716797,67.734375,6.268162727355957,0.0043528079986572266,6.0103759765625
3450,4.3125000956933945e-05,0.19213232398033142,33.988677978515625,26.936607360839844,85.46739959716797,67.734375,6.25648307800293,0.0025540590286254883,6.7242431640625
3451,4.313750105211511e-05,0.18969140946865082,34.433143615722656,27.288856506347656,85.46739959716797,67.734375,6.685944080352783,0.003894984722137451,6.712890625
3452,4.315000114729628e-05,0.1670285016298294,21.577238082885742,17.100330352783203,85.46739959716797,67.734375,6.604104518890381,0.0034653842449188232,6.4803466796875
3453,4.316250124247745e-05,0.17913727462291718,40.925235748291016,32.4339485168457,85.46739959716797,67.734375,7.5414719581604,0.003319352865219116,6.852294921875
3454,4.3175001337658614e-05,0.22295184433460236,8.82317066192627,6.992513179779053,85.46739959716797,67.734375,5.909975051879883,0.0038139820098876953,6.936279296875
3455,4.318750143283978e-05,0.2164366990327835,43.774078369140625,34.691707611083984,85.46739959716797,67.734375,6.655589580535889,0.0027061104774475098,7.167236328125
3456,4.320000152802095e-05,0.21088385581970215,18.754568099975586,14.86331558227539,85.46739959716797,67.734375,5.687648296356201,0.0035458803176879883,6.9580078125
3457,4.3212501623202115e-05,0.21741828322410583,65.55882263183594,51.95648956298828,85.46739959716797,67.734375,7.221267223358154,0.0026324987411499023,7.1322021484375
3458,4.322500171838328e-05,0.24373090267181396,53.86946105957031,42.692466735839844,85.46739959716797,67.734375,7.371588706970215,0.003509700298309326,7.185302734375
3459,4.323750181356445e-05,0.24152188003063202,54.60417175292969,43.27473831176758,85.46739959716797,67.734375,8.615381240844727,0.0037087202072143555,6.6630859375
3460,4.324999827076681e-05,0.20004937052726746,9.6990966796875,7.686699867248535,85.46739959716797,67.734375,8.392733573913574,0.002790987491607666,6.7193603515625
3461,4.326249836594798e-05,0.2068224996328354,44.29092025756836,35.10131072998047,85.46739959716797,67.734375,5.609472751617432,0.0029771625995635986,7.3826904296875
3462,4.3274998461129144e-05,0.21426843106746674,56.32451629638672,44.63814163208008,85.46739959716797,67.734375,7.407999515533447,0.0035297274589538574,6.9593505859375
3463,4.328749855631031e-05,0.22306443750858307,24.65611457824707,19.54039192199707,85.46739959716797,67.734375,6.807176113128662,0.003651559352874756,6.6053466796875
3464,4.329999865149148e-05,0.1970430314540863,4.142293930053711,3.282838821411133,85.46739959716797,67.734375,8.361334800720215,0.0042372941970825195,6.7978515625
3465,4.3312498746672645e-05,0.22178716957569122,54.70048904418945,43.351070404052734,85.46739959716797,67.734375,8.158390045166016,0.0044931769371032715,7.0128173828125
3466,4.332499884185381e-05,0.21103669703006744,1.0322113037109375,0.8180451393127441,85.46739959716797,67.734375,8.767539024353027,0.0036736726760864258,6.70654296875
3467,4.333749893703498e-05,0.1631097048521042,52.749122619628906,41.80458068847656,85.46739959716797,67.734375,7.077106475830078,0.003258258104324341,6.7884521484375
3468,4.3349999032216147e-05,0.19145043194293976,48.85893249511719,38.72153854370117,85.46739959716797,67.734375,6.848350524902344,0.0035078823566436768,6.340087890625
3469,4.3362499127397314e-05,0.19890156388282776,45.44733810424805,36.017791748046875,85.46739959716797,67.734375,8.745481491088867,0.003968656063079834,6.75927734375
3470,4.337499922257848e-05,0.21191313862800598,55.029232025146484,43.61160659790039,85.46739959716797,67.734375,9.181326866149902,0.0030197501182556152,7.129150390625
3471,4.338749931775965e-05,0.24078090488910675,47.028289794921875,37.270721435546875,85.46739959716797,67.734375,5.207979679107666,0.003569960594177246,6.4539794921875
3472,4.3399999412940815e-05,0.2541500926017761,60.220184326171875,47.72552490234375,85.46739959716797,67.734375,6.6784162521362305,0.0031988918781280518,6.890380859375
3473,4.341249950812198e-05,0.21323905885219574,1.052938461303711,0.8344717025756836,85.46739959716797,67.734375,6.609914779663086,0.004118800163269043,6.6407470703125
3474,4.342499960330315e-05,0.23204435408115387,47.506160736083984,37.649444580078125,85.46739959716797,67.734375,7.61460018157959,0.003177851438522339,6.5745849609375
3475,4.3437499698484316e-05,0.21163798868656158,9.974090576171875,7.904637336730957,85.46739959716797,67.734375,5.128998279571533,0.002156287431716919,6.9114990234375
3476,4.3449999793665484e-05,0.216064915060997,0.9070215821266174,0.7188301086425781,85.46739959716797,67.734375,6.199963569641113,0.003370612859725952,6.496826171875
3477,4.346249988884665e-05,0.21411782503128052,42.91877365112305,34.01386260986328,85.46739959716797,67.734375,6.704631328582764,0.003342747688293457,6.873291015625
3478,4.347499998402782e-05,0.1951390504837036,0.982786238193512,0.7788748741149902,85.46739959716797,67.734375,7.865487098693848,0.0046849846839904785,6.318359375
3479,4.3487500079208985e-05,0.25699058175086975,24.2092227935791,19.186222076416016,85.46739959716797,67.734375,6.614346504211426,0.0023702681064605713,6.7965087890625
3480,4.350000017439015e-05,0.26011279225349426,43.76275634765625,34.68273162841797,85.46739959716797,67.734375,10.64071273803711,0.004562497138977051,7.05908203125
3481,4.351250026957132e-05,0.2079106867313385,23.420970916748047,18.561519622802734,85.46739959716797,67.734375,12.624494552612305,0.003479093313217163,7.0048828125
3482,4.3525000364752486e-05,0.22690950334072113,31.14379119873047,24.681987762451172,85.46739959716797,67.734375,6.548487663269043,0.0052890777587890625,6.65087890625
3483,4.3537500459933653e-05,0.24465855956077576,50.91563415527344,40.35151290893555,85.46739959716797,67.734375,7.362128734588623,0.0029351413249969482,6.8594970703125
3484,4.355000055511482e-05,0.18919691443443298,53.944358825683594,42.751827239990234,85.46739959716797,67.734375,6.8169074058532715,0.0031660795211791992,6.711669921875
3485,4.356250065029599e-05,0.20549245178699493,54.298458099365234,43.03245544433594,85.46739959716797,67.734375,8.59956169128418,0.003125905990600586,6.69775390625
3486,4.3575000745477155e-05,0.1983221173286438,35.9564208984375,28.496078491210938,85.46739959716797,67.734375,7.249914169311523,0.005282998085021973,6.4693603515625
3487,4.358750084065832e-05,0.2051459401845932,40.349342346191406,31.977542877197266,85.46739959716797,67.734375,7.763674736022949,0.005100041627883911,7.0450439453125
3488,4.360000093583949e-05,0.20383216440677643,49.00653076171875,38.8385124206543,85.46739959716797,67.734375,9.15173625946045,0.003986567258834839,6.85302734375
3489,4.3612501031020656e-05,0.1925889253616333,0.9967384338378906,0.7899322509765625,85.46739959716797,67.734375,6.893833637237549,0.003066837787628174,6.83056640625
3490,4.362500112620182e-05,0.20449595153331757,44.966793060302734,35.6369514465332,85.46739959716797,67.734375,8.257830619812012,0.0030681490898132324,6.9320068359375
3491,4.363750122138299e-05,0.1813776195049286,51.032806396484375,40.44437026977539,85.46739959716797,67.734375,8.364770889282227,0.003489196300506592,6.5958251953125
3492,4.365000131656416e-05,0.1819201409816742,32.30070877075195,25.598865509033203,85.46739959716797,67.734375,7.116887092590332,0.002592027187347412,7.0460205078125
3493,4.3662501411745325e-05,0.19052006304264069,44.05665588378906,34.9156494140625,85.46739959716797,67.734375,6.691805362701416,0.0030468106269836426,6.5565185546875
3494,4.367500150692649e-05,0.1821499466896057,27.441364288330078,21.74774932861328,85.46739959716797,67.734375,7.33355712890625,0.004752427339553833,6.84765625
3495,4.368750160210766e-05,0.2015608698129654,56.5274658203125,44.79898452758789,85.46739959716797,67.734375,5.355058193206787,0.0037550628185272217,7.0399169921875
3496,4.3700001697288826e-05,0.17557206749916077,45.51957702636719,36.075042724609375,85.46739959716797,67.734375,6.04447078704834,0.00359952449798584,6.869140625
3497,4.371250179246999e-05,0.1894005388021469,53.14757537841797,42.120361328125,85.46739959716797,67.734375,5.824460029602051,0.0037267208099365234,6.6754150390625
3498,4.372499824967235e-05,0.22152277827262878,4.175431728363037,3.309101104736328,85.46739959716797,67.734375,6.754955768585205,0.0035029947757720947,6.7037353515625
3499,4.373749834485352e-05,0.162050262093544,47.87562942504883,37.94225311279297,85.46739959716797,67.734375,7.760198593139648,0.004545152187347412,6.69775390625
3500,4.374999844003469e-05,0.23285606503486633,0.9439204931259155,0.7480731010437012,85.46739959716797,67.734375,6.887022495269775,0.0027157068252563477,6.3551025390625
3501,4.3762498535215855e-05,0.20544523000717163,54.97517013549805,43.56875991821289,85.46739959716797,67.734375,5.272137641906738,0.0028758347034454346,6.6551513671875
3502,4.377499863039702e-05,0.20498089492321014,48.283756256103516,38.26570129394531,85.46739959716797,67.734375,6.7197699546813965,0.002452552318572998,6.7413330078125
3503,4.378749872557819e-05,0.19251535832881927,46.90029525756836,37.16928482055664,85.46739959716797,67.734375,8.931490898132324,0.0035275816917419434,6.712158203125
3504,4.3799998820759356e-05,0.2817426919937134,9.163174629211426,7.261972427368164,85.46739959716797,67.734375,6.404648780822754,0.002199500799179077,7.08447265625
3505,4.381249891594052e-05,0.19131086766719818,58.94103240966797,46.71177673339844,85.46739959716797,67.734375,5.9638671875,0.006051450967788696,6.92138671875
3506,4.382499901112169e-05,0.20511038601398468,49.49981689453125,39.22945022583008,85.46739959716797,67.734375,7.623354911804199,0.0037409067153930664,6.7569580078125
3507,4.383749910630286e-05,0.24956481158733368,49.62435531616211,39.328147888183594,85.46739959716797,67.734375,6.036184787750244,0.00348624587059021,6.762939453125
3508,4.3849999201484025e-05,0.19715729355812073,1.017076849937439,0.8060507774353027,85.46739959716797,67.734375,4.785120487213135,0.005785942077636719,7.0906982421875
3509,4.386249929666519e-05,0.1887182891368866,1.0284912586212158,0.8150968551635742,85.46739959716797,67.734375,6.323363304138184,0.00701180100440979,6.1002197265625
3510,4.387499939184636e-05,0.22022385895252228,49.99848556518555,39.624656677246094,85.46739959716797,67.734375,4.756495952606201,0.0044397711753845215,6.758544921875
3511,4.3887499487027526e-05,0.24267639219760895,38.65079116821289,30.631412506103516,85.46739959716797,67.734375,6.95873498916626,0.003326594829559326,6.7115478515625
3512,4.389999958220869e-05,0.17736153304576874,4.268484592437744,3.3828468322753906,85.46739959716797,67.734375,6.617154598236084,0.0039827823638916016,6.4930419921875
3513,4.391249967738986e-05,0.18710145354270935,34.26967239379883,27.1593017578125,85.46739959716797,67.734375,4.943850994110107,0.0027346014976501465,6.8253173828125
3514,4.392499977257103e-05,0.2082829475402832,47.160762786865234,37.375709533691406,85.46739959716797,67.734375,9.188117980957031,0.003914594650268555,6.9765625
3515,4.3937499867752194e-05,0.19994381070137024,60.12617874145508,47.651023864746094,85.46739959716797,67.734375,5.957679271697998,0.0023843050003051758,7.096923828125
3516,4.394999996293336e-05,0.18456612527370453,39.38466262817383,31.21302032470703,85.46739959716797,67.734375,5.461559772491455,0.0024979114532470703,6.99658203125
3517,4.396250005811453e-05,0.19712473452091217,52.339900970458984,41.480262756347656,85.46739959716797,67.734375,7.631648063659668,0.002893507480621338,7.0460205078125
3518,4.3975000153295696e-05,0.2208118438720703,54.1269416809082,42.89652633666992,85.46739959716797,67.734375,7.505184650421143,0.0031772851943969727,7.07568359375
3519,4.398750024847686e-05,0.22205813229084015,3.984583854675293,3.157850742340088,85.46739959716797,67.734375,7.3553948402404785,0.0038796663284301758,6.6190185546875
3520,4.400000034365803e-05,0.18481047451496124,37.96526336669922,30.088119506835938,85.46739959716797,67.734375,6.733114719390869,0.0030501484870910645,6.7158203125
3521,4.40125004388392e-05,0.22003495693206787,54.30352783203125,43.03647232055664,85.46739959716797,67.734375,7.621574401855469,0.0029033124446868896,7.273681640625
3522,4.4025000534020364e-05,0.19685585796833038,52.82121658325195,41.861717224121094,85.46739959716797,67.734375,8.493496894836426,0.002965301275253296,6.8656005859375
3523,4.403750062920153e-05,0.16333332657814026,4.432474136352539,3.5128116607666016,85.46739959716797,67.734375,6.603408336639404,0.003014594316482544,6.660400390625
3524,4.40500007243827e-05,0.1673336625099182,10.846195220947266,8.595794677734375,85.46739959716797,67.734375,5.937558650970459,0.0032880306243896484,6.8997802734375
3525,4.4062500819563866e-05,0.18521010875701904,53.538414001464844,42.43010711669922,85.46739959716797,67.734375,5.416272163391113,0.0024400949478149414,6.9749755859375
3526,4.407500091474503e-05,0.1761564463376999,57.264434814453125,45.38304138183594,85.46739959716797,67.734375,5.893850803375244,0.004204005002975464,6.83251953125
3527,4.40875010099262e-05,0.17359136044979095,54.527828216552734,43.2142333984375,85.46739959716797,67.734375,6.240117073059082,0.004703938961029053,6.6993408203125
3528,4.410000110510737e-05,0.17496931552886963,42.91714859008789,34.0125732421875,85.46739959716797,67.734375,6.600471496582031,0.006375133991241455,6.303466796875
3529,4.4112501200288534e-05,0.1754564791917801,42.099281311035156,33.36439895629883,85.46739959716797,67.734375,6.9159417152404785,0.003291308879852295,6.783203125
3530,4.41250012954697e-05,0.19519037008285522,51.664737701416016,40.9451904296875,85.46739959716797,67.734375,6.299121856689453,0.0022736787796020508,7.167724609375
3531,4.413750139065087e-05,0.17422030866146088,9.398965835571289,7.448841094970703,85.46739959716797,67.734375,7.841909885406494,0.004810839891433716,6.4661865234375
3532,4.4150001485832036e-05,0.18026085197925568,42.282249450683594,33.50940704345703,85.46739959716797,67.734375,8.039894104003906,0.002644181251525879,6.9443359375
3533,4.41625015810132e-05,0.2065403014421463,39.53289794921875,31.33049774169922,85.46739959716797,67.734375,7.140742778778076,0.006061434745788574,6.78271484375
3534,4.417500167619437e-05,0.17621378600597382,45.78960418701172,36.28904342651367,85.46739959716797,67.734375,7.596042633056641,0.0035108327865600586,6.49951171875
3535,4.418750177137554e-05,0.18144896626472473,30.058887481689453,23.822181701660156,85.46739959716797,67.734375,8.207511901855469,0.0039781928062438965,6.9949951171875
3536,4.41999982285779e-05,0.1926642656326294,9.908772468566895,7.852871894836426,85.46739959716797,67.734375,7.346748352050781,0.002817898988723755,6.5318603515625
3537,4.4212498323759064e-05,0.1855272799730301,40.1672248840332,31.833213806152344,85.46739959716797,67.734375,6.851558208465576,0.0034782886505126953,6.837158203125
3538,4.422499841894023e-05,0.19320160150527954,52.38203048706055,41.51365661621094,85.46739959716797,67.734375,7.254598617553711,0.0047751665115356445,6.3677978515625
3539,4.42374985141214e-05,0.17400367558002472,53.39082717895508,42.313140869140625,85.46739959716797,67.734375,5.728837013244629,0.002822011709213257,6.8760986328125
3540,4.4249998609302565e-05,0.210967019200325,4.032989025115967,3.1962127685546875,85.46739959716797,67.734375,5.671327590942383,0.004163026809692383,7.0474853515625
3541,4.426249870448373e-05,0.1634693443775177,23.88324737548828,18.92788314819336,85.46739959716797,67.734375,13.838025093078613,0.004055678844451904,7.0098876953125
3542,4.42749987996649e-05,0.19777844846248627,42.11065673828125,33.3734130859375,85.46739959716797,67.734375,5.003039836883545,0.0033325552940368652,6.6064453125
3543,4.428749889484607e-05,0.17952391505241394,40.94649124145508,32.4507942199707,85.46739959716797,67.734375,7.3144121170043945,0.0036159753799438477,6.7320556640625
3544,4.4299998990027234e-05,0.1729181557893753,33.54278564453125,26.583229064941406,85.46739959716797,67.734375,6.802626609802246,0.0038161277770996094,6.6976318359375
3545,4.43124990852084e-05,0.1831544190645218,45.32556915283203,35.921287536621094,85.46739959716797,67.734375,4.741861343383789,0.0036575794219970703,6.69140625
3546,4.432499918038957e-05,0.17756138741970062,45.399173736572266,35.97962188720703,85.46739959716797,67.734375,7.390328407287598,0.003014504909515381,6.469970703125
3547,4.4337499275570735e-05,0.1874651312828064,33.42442321777344,26.48942756652832,85.46739959716797,67.734375,8.540820121765137,0.0029540061950683594,7.0338134765625
3548,4.43499993707519e-05,0.18801888823509216,40.18244552612305,31.845273971557617,85.46739959716797,67.734375,5.46642541885376,0.005047857761383057,6.8228759765625
3549,4.436249946593307e-05,0.1795882135629654,1.0028213262557983,0.7947530746459961,85.46739959716797,67.734375,7.6387553215026855,0.0027599036693573,6.898681640625
3550,4.437499956111424e-05,0.19836510717868805,48.60613250732422,38.52119064331055,85.46739959716797,67.734375,6.12647819519043,0.005808532238006592,6.836181640625
3551,4.4387499656295404e-05,0.18864183127880096,3.961625099182129,3.139655590057373,85.46739959716797,67.734375,7.321774005889893,0.0048160552978515625,6.6153564453125
3552,4.439999975147657e-05,0.17917104065418243,66.91275787353516,53.029502868652344,85.46739959716797,67.734375,5.520313262939453,0.002345263957977295,7.011474609375
3553,4.441249984665774e-05,0.2039308398962021,4.530882835388184,3.5908021926879883,85.46739959716797,67.734375,6.689786911010742,0.003982812166213989,6.53955078125
3554,4.4424999941838905e-05,0.16772334277629852,57.03003692626953,45.1972770690918,85.46739959716797,67.734375,7.330395698547363,0.0038489103317260742,6.8323974609375
3555,4.443750003702007e-05,0.18330055475234985,46.33115005493164,36.71822738647461,85.46739959716797,67.734375,6.025546550750732,0.003580629825592041,6.9923095703125
3556,4.445000013220124e-05,0.2099469006061554,37.547935485839844,29.75737953186035,85.46739959716797,67.734375,6.345987319946289,0.003138720989227295,6.7537841796875
3557,4.4462500227382407e-05,0.18694940209388733,43.89599609375,34.788326263427734,85.46739959716797,67.734375,8.189128875732422,0.0027055740356445312,6.688720703125
3558,4.4475000322563574e-05,0.20584142208099365,55.94509506225586,44.33744430541992,85.46739959716797,67.734375,7.021111965179443,0.0029718875885009766,6.772705078125
3559,4.448750041774474e-05,0.1971575915813446,54.04719161987305,42.83332061767578,85.46739959716797,67.734375,6.839865207672119,0.004070788621902466,6.6893310546875
3560,4.450000051292591e-05,0.17133492231369019,39.9986457824707,31.699609756469727,85.46739959716797,67.734375,6.247616291046143,0.00250244140625,6.4598388671875
3561,4.4512500608107075e-05,0.16317445039749146,46.95652770996094,37.21384811401367,85.46739959716797,67.734375,5.6502203941345215,0.003468632698059082,6.6287841796875
3562,4.452500070328824e-05,0.2107066959142685,53.9310188293457,42.74125289916992,85.46739959716797,67.734375,7.372831344604492,0.0030480623245239258,6.7816162109375
3563,4.453750079846941e-05,0.18731427192687988,54.08810043334961,42.86574172973633,85.46739959716797,67.734375,7.105964660644531,0.0030582547187805176,6.767822265625
3564,4.4550000893650576e-05,0.23581255972385406,48.97079086303711,38.81018829345703,85.46739959716797,67.734375,7.219909191131592,0.002949357032775879,7.02734375
3565,4.4562500988831744e-05,0.17171750962734222,58.20134735107422,46.12556076049805,85.46739959716797,67.734375,7.135602951049805,0.0030002593994140625,6.889404296875
3566,4.457500108401291e-05,0.1840498447418213,51.31731033325195,40.66984558105469,85.46739959716797,67.734375,7.841332912445068,0.004109501838684082,6.688232421875
3567,4.458750117919408e-05,0.1675274819135666,1.0704002380371094,0.8483104705810547,85.46739959716797,67.734375,8.536911964416504,0.004050135612487793,6.6966552734375
3568,4.4600001274375245e-05,0.158384770154953,10.00794792175293,7.931469917297363,85.46739959716797,67.734375,6.171695232391357,0.0035277605056762695,7.1881103515625
3569,4.461250136955641e-05,0.17675895988941193,36.41379165649414,28.858552932739258,85.46739959716797,67.734375,6.541977405548096,0.004290223121643066,6.1944580078125
3570,4.462500146473758e-05,0.1750580370426178,47.77656936645508,37.86375045776367,85.46739959716797,67.734375,9.801583290100098,0.004001051187515259,6.6590576171875
3571,4.4637501559918746e-05,0.18286556005477905,50.37799072265625,39.925418853759766,85.46739959716797,67.734375,6.710661888122559,0.003548741340637207,6.7113037109375
3572,4.4650001655099913e-05,0.17719008028507233,43.626949310302734,34.575103759765625,85.46739959716797,67.734375,6.964791774749756,0.0029821395874023438,6.6058349609375
3573,4.466250175028108e-05,0.19500431418418884,38.165321350097656,30.24666976928711,85.46739959716797,67.734375,5.849380970001221,0.005305200815200806,6.736328125
3574,4.467499820748344e-05,0.16914895176887512,25.29145622253418,20.04391098022461,85.46739959716797,67.734375,6.939845085144043,0.0029775798320770264,6.9615478515625
3575,4.468749830266461e-05,0.17822806537151337,41.68986511230469,33.03993225097656,85.46739959716797,67.734375,6.007308006286621,0.003933221101760864,7.1136474609375
3576,4.4699998397845775e-05,0.16579334437847137,10.526702880859375,8.342592239379883,85.46739959716797,67.734375,6.571580410003662,0.004592239856719971,6.9486083984375
3577,4.471249849302694e-05,0.17339152097702026,46.16737747192383,36.588436126708984,85.46739959716797,67.734375,8.85737133026123,0.003351539373397827,7.05517578125
3578,4.472499858820811e-05,0.19769282639026642,10.6956205368042,8.476462364196777,85.46739959716797,67.734375,8.359786033630371,0.0030219554901123047,7.102783203125
3579,4.4737498683389276e-05,0.18467594683170319,34.421661376953125,27.279754638671875,85.46739959716797,67.734375,7.593926906585693,0.0032405853271484375,6.6883544921875
3580,4.4749998778570443e-05,0.19528822600841522,42.91335678100586,34.00957107543945,85.46739959716797,67.734375,8.262283325195312,0.003283083438873291,6.7861328125
3581,4.476249887375161e-05,0.18240433931350708,39.025814056396484,30.92862319946289,85.46739959716797,67.734375,6.841770172119141,0.003079533576965332,7.24853515625
3582,4.477499896893278e-05,0.18813946843147278,40.012847900390625,31.710865020751953,85.46739959716797,67.734375,6.633682727813721,0.0036655664443969727,6.8338623046875
3583,4.4787499064113945e-05,0.1983589082956314,24.640827178955078,19.528276443481445,85.46739959716797,67.734375,7.28765869140625,0.0053465962409973145,6.7105712890625
3584,4.479999915929511e-05,0.17656685411930084,61.61692428588867,48.83246612548828,85.46739959716797,67.734375,8.908710479736328,0.003632783889770508,6.9007568359375
3585,4.481249925447628e-05,0.1656678020954132,58.411415100097656,46.29204559326172,85.46739959716797,67.734375,7.204637050628662,0.0036489367485046387,6.94677734375
3586,4.4824999349657446e-05,0.19272977113723755,43.062469482421875,34.127742767333984,85.46739959716797,67.734375,6.267009258270264,0.005246400833129883,6.80126953125
3587,4.483749944483861e-05,0.19940409064292908,46.76133728027344,37.05915832519531,85.46739959716797,67.734375,8.439253807067871,0.0026437044143676758,6.6033935546875
3588,4.484999954001978e-05,0.18178291618824005,1.087816834449768,0.8621134757995605,85.46739959716797,67.734375,6.352653980255127,0.0043097734451293945,6.307373046875
3589,4.486249963520095e-05,0.17235708236694336,30.275327682495117,23.99371337890625,85.46739959716797,67.734375,6.8058600425720215,0.003722071647644043,6.7691650390625
3590,4.4874999730382115e-05,0.20215146243572235,43.556827545166016,34.51953125,85.46739959716797,67.734375,7.944969177246094,0.002270340919494629,7.174560546875
3591,4.488749982556328e-05,0.24512048065662384,36.12665557861328,28.630992889404297,85.46739959716797,67.734375,8.041491508483887,0.004360795021057129,6.4984130859375
3592,4.489999992074445e-05,0.1791715919971466,46.00834274291992,36.462398529052734,85.46739959716797,67.734375,8.193214416503906,0.0038016140460968018,6.9376220703125
3593,4.4912500015925616e-05,0.1888931840658188,50.381229400634766,39.92798614501953,85.46739959716797,67.734375,10.068336486816406,0.0036080479621887207,6.7093505859375
3594,4.492500011110678e-05,0.1814296990633011,23.78580665588379,18.850658416748047,85.46739959716797,67.734375,7.272549152374268,0.0033714771270751953,6.440673828125
3595,4.493750020628795e-05,0.1947799026966095,57.32036209106445,45.4273681640625,85.46739959716797,67.734375,8.527485847473145,0.003091663122177124,6.8851318359375
3596,4.495000030146912e-05,0.20855359733104706,54.17845916748047,42.937355041503906,85.46739959716797,67.734375,7.0825300216674805,0.003644704818725586,6.5948486328125
3597,4.4962500396650285e-05,0.2002379447221756,53.82038497924805,42.6535758972168,85.46739959716797,67.734375,7.451534748077393,0.003368586301803589,6.7164306640625
3598,4.497500049183145e-05,0.2007921189069748,48.4487190246582,38.39643859863281,85.46739959716797,67.734375,6.999305248260498,0.0044381022453308105,6.325927734375
3599,4.498750058701262e-05,0.19725699722766876,4.243111610412598,3.362738609313965,85.46739959716797,67.734375,5.96016788482666,0.003031224012374878,6.7999267578125
3600,4.5000000682193786e-05,0.2143736183643341,4.259410381317139,3.3756556510925293,85.46739959716797,67.734375,6.924686431884766,0.003989458084106445,7.1116943359375
3601,4.501250077737495e-05,0.17200987040996552,49.94707489013672,39.58390808105469,85.46739959716797,67.734375,12.439519882202148,0.002432107925415039,7.0029296875
3602,4.502500087255612e-05,0.21068547666072845,38.679622650146484,30.65426254272461,85.46739959716797,67.734375,7.1162428855896,0.0028438568115234375,6.6102294921875
3603,4.503750096773729e-05,0.1959512084722519,61.750728607177734,48.938507080078125,85.46739959716797,67.734375,6.479712009429932,0.003183424472808838,6.7235107421875
3604,4.5050001062918454e-05,0.20440809428691864,46.94947814941406,37.2082633972168,85.46739959716797,67.734375,7.188079357147217,0.0034101009368896484,6.5933837890625
3605,4.506250115809962e-05,0.18933846056461334,55.046199798583984,43.62505340576172,85.46739959716797,67.734375,7.807848930358887,0.003086686134338379,6.726806640625
3606,4.507500125328079e-05,0.17204990983009338,38.469032287597656,30.48736572265625,85.46739959716797,67.734375,8.0186767578125,0.003333061933517456,6.4537353515625
3607,4.5087501348461956e-05,0.194733664393425,33.5882453918457,26.619258880615234,85.46739959716797,67.734375,6.8864336013793945,0.003447204828262329,7.0560302734375
3608,4.510000144364312e-05,0.1945757269859314,24.9786319732666,19.79599380493164,85.46739959716797,67.734375,7.360461235046387,0.004104495048522949,6.825927734375
3609,4.511250153882429e-05,0.18919935822486877,3.4573967456817627,2.7400460243225098,85.46739959716797,67.734375,5.6296210289001465,0.00306546688079834,7.047119140625
3610,4.512500163400546e-05,0.1823047548532486,49.844234466552734,39.50240707397461,85.46739959716797,67.734375,7.363348484039307,0.0037796497344970703,6.7786865234375
3611,4.5137501729186624e-05,0.1790429800748825,33.37582778930664,26.45091438293457,85.46739959716797,67.734375,5.873364448547363,0.0026836395263671875,6.66455078125
3612,4.5149998186388984e-05,0.19598627090454102,37.23366928100586,29.508317947387695,85.46739959716797,67.734375,6.428591251373291,0.003082454204559326,7.059326171875
3613,4.516249828157015e-05,0.19736675918102264,10.965921401977539,8.690679550170898,85.46739959716797,67.734375,6.536627769470215,0.003226339817047119,6.60791015625
3614,4.517499837675132e-05,0.18387843668460846,4.052822589874268,3.2119312286376953,85.46739959716797,67.734375,7.647705554962158,0.004948556423187256,6.854736328125
3615,4.5187498471932486e-05,0.19511543214321136,51.60112762451172,40.894775390625,85.46739959716797,67.734375,8.094008445739746,0.004048824310302734,6.987060546875
3616,4.519999856711365e-05,0.19563177227973938,33.56303787231445,26.599281311035156,85.46739959716797,67.734375,7.3280744552612305,0.0029025673866271973,6.7777099609375
3617,4.521249866229482e-05,0.18024715781211853,51.681556701660156,40.958518981933594,85.46739959716797,67.734375,8.966924667358398,0.00443798303604126,6.707763671875
3618,4.522499875747599e-05,0.17903761565685272,39.9083366394043,31.628040313720703,85.46739959716797,67.734375,8.221513748168945,0.003988802433013916,6.7777099609375
3619,4.5237498852657154e-05,0.16714054346084595,52.311767578125,41.457969665527344,85.46739959716797,67.734375,7.224562168121338,0.00392681360244751,6.607666015625
3620,4.524999894783832e-05,0.17044222354888916,48.81641387939453,38.687843322753906,85.46739959716797,67.734375,7.319234371185303,0.0025461912155151367,6.4537353515625
3621,4.526249904301949e-05,0.17355120182037354,44.75011444091797,35.465232849121094,85.46739959716797,67.734375,6.312247276306152,0.0036310553550720215,6.631591796875
3622,4.5274999138200656e-05,0.16359274089336395,3.9661707878112793,3.1432580947875977,85.46739959716797,67.734375,7.1500020027160645,0.003623068332672119,6.7093505859375
3623,4.528749923338182e-05,0.16851523518562317,42.22134017944336,33.46113586425781,85.46739959716797,67.734375,6.484663963317871,0.00448194146156311,6.69921875
3624,4.529999932856299e-05,0.17449308931827545,48.4073600769043,38.3636589050293,85.46739959716797,67.734375,6.404202938079834,0.0035486817359924316,7.0416259765625
3625,4.531249942374416e-05,0.17923912405967712,34.59502410888672,27.41714859008789,85.46739959716797,67.734375,7.031734466552734,0.002445697784423828,6.8818359375
3626,4.5324999518925324e-05,0.19805821776390076,52.78532028198242,41.83326721191406,85.46739959716797,67.734375,5.438774585723877,0.0029197335243225098,6.7412109375
3627,4.533749961410649e-05,0.18911972641944885,42.52156066894531,33.699066162109375,85.46739959716797,67.734375,6.334906101226807,0.006786465644836426,6.7945556640625
3628,4.534999970928766e-05,0.18798774480819702,4.538263320922852,3.596651077270508,85.46739959716797,67.734375,6.264129638671875,0.0026653409004211426,7.2354736328125
3629,4.5362499804468825e-05,0.194727823138237,0.9952577352523804,0.7887587547302246,85.46739959716797,67.734375,6.451879978179932,0.004912614822387695,6.1597900390625
3630,4.537499989964999e-05,0.2019568830728531,42.853641510009766,33.962242126464844,85.46739959716797,67.734375,5.587736129760742,0.002111881971359253,6.6402587890625
3631,4.538749999483116e-05,0.17940358817577362,47.87730026245117,37.94357681274414,85.46739959716797,67.734375,7.343015670776367,0.0028100907802581787,6.6932373046875
3632,4.540000009001233e-05,0.21330459415912628,10.823827743530273,8.578068733215332,85.46739959716797,67.734375,7.687801837921143,0.0034810304641723633,6.587890625
3633,4.5412500185193494e-05,0.18728391826152802,10.236274719238281,8.112422943115234,85.46739959716797,67.734375,6.850674629211426,0.0037009716033935547,6.5947265625
3634,4.542500028037466e-05,0.17578436434268951,10.552128791809082,8.36274242401123,85.46739959716797,67.734375,6.668105125427246,0.0032135844230651855,7.00439453125
3635,4.543750037555583e-05,0.18725243210792542,54.2166748046875,42.96764373779297,85.46739959716797,67.734375,6.611274242401123,0.004082322120666504,7.117919921875
3636,4.5450000470736995e-05,0.20398667454719543,4.143616676330566,3.2838869094848633,85.46739959716797,67.734375,6.46891975402832,0.0036605894565582275,6.913818359375
3637,4.546250056591816e-05,0.20123133063316345,48.70335388183594,38.59823989868164,85.46739959716797,67.734375,6.343540668487549,0.004648029804229736,6.966796875
3638,4.547500066109933e-05,0.19630634784698486,45.835105895996094,36.325103759765625,85.46739959716797,67.734375,6.3036065101623535,0.0031666159629821777,7.143310546875
3639,4.54875007562805e-05,0.22799052298069,60.739601135253906,48.13717269897461,85.46739959716797,67.734375,6.515582084655762,0.0037113428115844727,6.6905517578125
3640,4.5500000851461664e-05,0.20592035353183746,1.045102834701538,0.8282618522644043,85.46739959716797,67.734375,6.002147674560547,0.003790915012359619,6.694580078125
3641,4.551250094664283e-05,0.1937565952539444,56.85884094238281,45.06160354614258,85.46739959716797,67.734375,6.288899898529053,0.0026031136512756348,7.2525634765625
3642,4.5525001041824e-05,0.19288431107997894,22.842632293701172,18.10317611694336,85.46739959716797,67.734375,6.237613201141357,0.003129929304122925,6.734375
3643,4.5537501137005165e-05,0.19050586223602295,44.44435501098633,35.22290802001953,85.46739959716797,67.734375,7.987329483032227,0.003974854946136475,6.77978515625
3644,4.555000123218633e-05,0.19104251265525818,0.9219268560409546,0.7306427955627441,85.46739959716797,67.734375,6.304103374481201,0.0033510327339172363,6.8970947265625
3645,4.55625013273675e-05,0.22987104952335358,59.013023376464844,46.768829345703125,85.46739959716797,67.734375,7.860862731933594,0.0031144022941589355,6.9615478515625
3646,4.5575001422548667e-05,0.19157065451145172,0.9757670760154724,0.7733120918273926,85.46739959716797,67.734375,8.166549682617188,0.00433427095413208,6.823974609375
3647,4.5587501517729834e-05,0.2383492887020111,55.04551315307617,43.624507904052734,85.46739959716797,67.734375,8.792065620422363,0.002324402332305908,6.5732421875
3648,4.5600001612911e-05,0.19196197390556335,52.48875045776367,41.598228454589844,85.46739959716797,67.734375,8.12957763671875,0.003830134868621826,6.4072265625
3649,4.561250170809217e-05,0.18347783386707306,41.09407424926758,32.56775665283203,85.46739959716797,67.734375,5.106756687164307,0.0038365721702575684,6.7816162109375
3650,4.5625001803273335e-05,0.20721472799777985,46.5198974609375,36.86781311035156,85.46739959716797,67.734375,8.706279754638672,0.004120975732803345,7.10595703125
3651,4.5637498260475695e-05,0.18052352964878082,47.66919708251953,37.77865219116211,85.46739959716797,67.734375,8.405481338500977,0.003995805978775024,6.39892578125
3652,4.564999835565686e-05,0.22076742351055145,24.221900939941406,19.196269989013672,85.46739959716797,67.734375,6.68911075592041,0.003838956356048584,6.8685302734375
3653,4.566249845083803e-05,0.1843014508485794,40.753780364990234,32.29806900024414,85.46739959716797,67.734375,6.848127365112305,0.003965139389038086,6.7178955078125
3654,4.5674998546019197e-05,0.2021297812461853,22.988784790039062,18.219003677368164,85.46739959716797,67.734375,6.001665115356445,0.0037625133991241455,6.4847412109375
3655,4.5687498641200364e-05,0.20630356669425964,59.608070373535156,47.24041748046875,85.46739959716797,67.734375,5.633286476135254,0.003511190414428711,6.9000244140625
3656,4.569999873638153e-05,0.18265245854854584,49.80403137207031,39.47054672241211,85.46739959716797,67.734375,7.034024238586426,0.0030320584774017334,6.5640869140625
3657,4.57124988315627e-05,0.20336659252643585,43.200782775878906,34.23735809326172,85.46739959716797,67.734375,6.8486127853393555,0.003875434398651123,6.6876220703125
3658,4.5724998926743865e-05,0.21200910210609436,61.23622131347656,48.53075408935547,85.46739959716797,67.734375,8.110678672790527,0.0038640499114990234,6.266845703125
3659,4.573749902192503e-05,0.18814028799533844,45.30902099609375,35.908172607421875,85.46739959716797,67.734375,6.456051826477051,0.0031242966651916504,6.870849609375
3660,4.57499991171062e-05,0.17864453792572021,48.03719711303711,38.07029724121094,85.46739959716797,67.734375,6.409461498260498,0.0023661255836486816,7.1090087890625
3661,4.5762499212287366e-05,0.18348902463912964,41.58420944213867,32.95619583129883,85.46739959716797,67.734375,13.667179107666016,0.002704441547393799,6.968994140625
3662,4.5774999307468534e-05,0.19259542226791382,10.827888488769531,8.581287384033203,85.46739959716797,67.734375,8.129671096801758,0.003567248582839966,6.5850830078125
3663,4.57874994026497e-05,0.18940512835979462,11.44038200378418,9.06669807434082,85.46739959716797,67.734375,6.304896354675293,0.005039811134338379,6.673095703125
3664,4.579999949783087e-05,0.21929465234279633,1.0043874979019165,0.7959942817687988,85.46739959716797,67.734375,7.478659629821777,0.0034428834915161133,6.6005859375
3665,4.5812499593012035e-05,0.17528626322746277,51.23731231689453,40.6064453125,85.46739959716797,67.734375,6.81886625289917,0.0039056241512298584,6.7205810546875
3666,4.58249996881932e-05,0.19841310381889343,55.49637985229492,43.98182678222656,85.46739959716797,67.734375,9.233996391296387,0.004027307033538818,6.4595947265625
3667,4.583749978337437e-05,0.22775325179100037,45.9148063659668,36.38827133178711,85.46739959716797,67.734375,7.338768482208252,0.0031458139419555664,7.016845703125
3668,4.5849999878555536e-05,0.20927593111991882,35.602298736572266,28.215429306030273,85.46739959716797,67.734375,6.063016891479492,0.003923326730728149,6.848876953125
3669,4.5862499973736703e-05,0.23323090374469757,53.39207458496094,42.31413269042969,85.46739959716797,67.734375,7.866866588592529,0.004142105579376221,7.12646484375
3670,4.587500006891787e-05,0.21420253813266754,4.049280166625977,3.2091236114501953,85.46739959716797,67.734375,6.655721664428711,0.0026641488075256348,6.7393798828125
3671,4.588750016409904e-05,0.21664981544017792,48.20671463012695,38.204647064208984,85.46739959716797,67.734375,8.234850883483887,0.004263758659362793,6.576171875
3672,4.5900000259280205e-05,0.1973656713962555,47.17288589477539,37.385318756103516,85.46739959716797,67.734375,7.108238220214844,0.0026168227195739746,7.0133056640625
3673,4.591250035446137e-05,0.19648972153663635,4.250293254852295,3.3684301376342773,85.46739959716797,67.734375,4.77365255355835,0.004106283187866211,6.6705322265625
3674,4.592500044964254e-05,0.16890473663806915,40.07289123535156,31.758451461791992,85.46739959716797,67.734375,6.437177658081055,0.0031172335147857666,6.92822265625
3675,4.5937500544823706e-05,0.18750973045825958,41.84336471557617,33.161582946777344,85.46739959716797,67.734375,4.996232986450195,0.0031769275665283203,6.9058837890625
3676,4.595000064000487e-05,0.19849112629890442,0.9606921076774597,0.7613649368286133,85.46739959716797,67.734375,7.906029224395752,0.004070311784744263,6.712646484375
3677,4.596250073518604e-05,0.18500159680843353,4.081317901611328,3.2345142364501953,85.46739959716797,67.734375,6.309927463531494,0.003950387239456177,6.690185546875
3678,4.597500083036721e-05,0.23230664432048798,4.101130485534668,3.250216007232666,85.46739959716797,67.734375,5.168595790863037,0.0029689669609069824,6.8114013671875
3679,4.5987500925548375e-05,0.21038496494293213,1.019714593887329,0.8081412315368652,85.46739959716797,67.734375,6.963414669036865,0.0038085877895355225,6.5775146484375
3680,4.600000102072954e-05,0.18233062326908112,4.180552005767822,3.3131589889526367,85.46739959716797,67.734375,6.699170112609863,0.00417935848236084,6.435302734375
3681,4.601250111591071e-05,0.17165033519268036,41.30321502685547,32.73350524902344,85.46739959716797,67.734375,6.982178211212158,0.0037899911403656006,6.5538330078125
3682,4.6025001211091876e-05,0.17965643107891083,4.71007776260376,3.7328171730041504,85.46739959716797,67.734375,6.839306354522705,0.003933370113372803,6.7506103515625
3683,4.603750130627304e-05,0.1840694546699524,55.21316909790039,43.757381439208984,85.46739959716797,67.734375,5.937167167663574,0.002730250358581543,6.724365234375
3684,4.605000140145421e-05,0.18065601587295532,48.958744049072266,38.80064010620117,85.46739959716797,67.734375,7.937155246734619,0.00273209810256958,7.049072265625
3685,4.606250149663538e-05,0.18620631098747253,10.276527404785156,8.144323348999023,85.46739959716797,67.734375,7.4888482093811035,0.004472672939300537,6.8299560546875
3686,4.6075001591816545e-05,0.18538522720336914,25.98003387451172,20.58962059020996,85.46739959716797,67.734375,5.792684078216553,0.00330430269241333,6.6832275390625
3687,4.608750168699771e-05,0.25759831070899963,57.536502838134766,45.598663330078125,85.46739959716797,67.734375,6.0970988273620605,0.003589451313018799,6.683837890625
3688,4.610000178217888e-05,0.17732422053813934,41.290225982666016,32.723209381103516,85.46739959716797,67.734375,7.563462257385254,0.0028770267963409424,7.2786865234375
3689,4.611249823938124e-05,0.23096337914466858,3.6941423416137695,2.927670955657959,85.46739959716797,67.734375,7.921352863311768,0.0039615631103515625,6.2744140625
3690,4.6124998334562406e-05,0.21899643540382385,1.0433176755905151,0.8268470764160156,85.46739959716797,67.734375,5.6689839363098145,0.0037186741828918457,6.631103515625
3691,4.613749842974357e-05,0.1715059131383896,45.0571174621582,35.708534240722656,85.46739959716797,67.734375,5.943543434143066,0.003701627254486084,6.7000732421875
3692,4.614999852492474e-05,0.22498999536037445,49.34349822998047,39.105567932128906,85.46739959716797,67.734375,7.364138603210449,0.0027216076850891113,6.65380859375
3693,4.616249862010591e-05,0.20933227241039276,4.312031269073486,3.4173583984375,85.46739959716797,67.734375,6.735755920410156,0.003570467233657837,6.6385498046875
3694,4.6174998715287074e-05,0.21374863386154175,47.42790603637695,37.587425231933594,85.46739959716797,67.734375,8.28936767578125,0.004008203744888306,7.0316162109375
3695,4.618749881046824e-05,0.19729261100292206,39.99200439453125,31.694345474243164,85.46739959716797,67.734375,5.452150821685791,0.003586888313293457,7.0767822265625
3696,4.619999890564941e-05,0.1956533044576645,43.397216796875,34.393035888671875,85.46739959716797,67.734375,6.523117542266846,0.003201603889465332,6.9844970703125
3697,4.6212499000830576e-05,0.18738476932048798,4.4029459953308105,3.489409923553467,85.46739959716797,67.734375,6.746075630187988,0.0030367374420166016,6.962158203125
3698,4.622499909601174e-05,0.1901744157075882,24.586345672607422,19.48509979248047,85.46739959716797,67.734375,7.2470221519470215,0.0033528506755828857,7.1361083984375
3699,4.623749919119291e-05,0.1746295541524887,3.53019642829895,2.797740936279297,85.46739959716797,67.734375,7.529058933258057,0.002543240785598755,6.679931640625
3700,4.624999928637408e-05,0.18601973354816437,44.86190414428711,35.55382537841797,85.46739959716797,67.734375,6.729773998260498,0.002256035804748535,6.7755126953125
3701,4.6262499381555244e-05,0.24022291600704193,23.004301071166992,18.23130226135254,85.46739959716797,67.734375,8.35645866394043,0.0034202933311462402,7.124267578125
3702,4.627499947673641e-05,0.16214506328105927,57.23438262939453,45.35922622680664,85.46739959716797,67.734375,8.039385795593262,0.0025313496589660645,6.74609375
3703,4.628749957191758e-05,0.20800894498825073,46.42302703857422,36.79104232788086,85.46739959716797,67.734375,7.296306133270264,0.0025142431259155273,6.634033203125
3704,4.6299999667098746e-05,0.1757608950138092,0.9420847296714783,0.7466182708740234,85.46739959716797,67.734375,5.564884185791016,0.0031377971172332764,6.9305419921875
3705,4.631249976227991e-05,0.1810634732246399,53.11085891723633,42.09126281738281,85.46739959716797,67.734375,6.855158805847168,0.0025736987590789795,6.9454345703125
3706,4.632499985746108e-05,0.17505115270614624,10.052790641784668,7.967008590698242,85.46739959716797,67.734375,6.694990634918213,0.0037272870540618896,6.917724609375
3707,4.633749995264225e-05,0.19536902010440826,27.8217716217041,22.04922866821289,85.46739959716797,67.734375,5.356081962585449,0.004817843437194824,6.5467529296875
3708,4.6350000047823414e-05,0.1724974513053894,48.219722747802734,38.2149543762207,85.46739959716797,67.734375,6.179297924041748,0.004328250885009766,6.4090576171875
3709,4.636250014300458e-05,0.19372883439064026,20.878244400024414,16.54636573791504,85.46739959716797,67.734375,6.188079833984375,0.0042511820793151855,6.7950439453125
3710,4.637500023818575e-05,0.17895548045635223,22.51283836364746,17.841808319091797,85.46739959716797,67.734375,8.199386596679688,0.003869295120239258,7.052734375
3711,4.6387500333366916e-05,0.17476096749305725,55.9724235534668,44.359100341796875,85.46739959716797,67.734375,7.150795936584473,0.003955066204071045,6.414794921875
3712,4.640000042854808e-05,0.2038324624300003,38.826438903808594,30.77061653137207,85.46739959716797,67.734375,5.953140735626221,0.0030080974102020264,6.88818359375
3713,4.641250052372925e-05,0.19809392094612122,10.77144718170166,8.536556243896484,85.46739959716797,67.734375,8.699601173400879,0.0034804344177246094,6.6158447265625
3714,4.642500061891042e-05,0.1932440847158432,41.691741943359375,33.041419982910156,85.46739959716797,67.734375,7.048835277557373,0.0034547746181488037,6.5177001953125
3715,4.6437500714091584e-05,0.18935662508010864,25.478036880493164,20.19178009033203,85.46739959716797,67.734375,8.050386428833008,0.0028349459171295166,6.8875732421875
3716,4.645000080927275e-05,0.18514426052570343,55.05864715576172,43.634918212890625,85.46739959716797,67.734375,5.76447057723999,0.0033524036407470703,6.5760498046875
3717,4.646250090445392e-05,0.17408119142055511,22.681764602661133,17.975685119628906,85.46739959716797,67.734375,7.44155740737915,0.005156815052032471,6.6700439453125
3718,4.6475000999635085e-05,0.1752507984638214,43.91554641723633,34.8038215637207,85.46739959716797,67.734375,6.858214855194092,0.00447845458984375,6.2674560546875
3719,4.648750109481625e-05,0.18395599722862244,49.06196212768555,38.882442474365234,85.46739959716797,67.734375,7.0421247482299805,0.0028180480003356934,6.8636474609375
3720,4.650000118999742e-05,0.19900500774383545,1.005192518234253,0.7966322898864746,85.46739959716797,67.734375,5.934755802154541,0.0037105679512023926,7.096923828125
3721,4.651250128517859e-05,0.201161190867424,44.41282272338867,35.19792175292969,85.46739959716797,67.734375,14.534871101379395,0.0030651986598968506,6.985107421875
3722,4.6525001380359754e-05,0.17446351051330566,10.26513957977295,8.135297775268555,85.46739959716797,67.734375,7.05082368850708,0.0027765631675720215,6.664306640625
3723,4.653750147554092e-05,0.1838797926902771,50.09766387939453,39.70325469970703,85.46739959716797,67.734375,7.484600067138672,0.005222141742706299,6.7119140625
3724,4.655000157072209e-05,0.17655235528945923,12.12822151184082,9.611823081970215,85.46739959716797,67.734375,8.096712112426758,0.0033438801765441895,6.724365234375
3725,4.6562501665903255e-05,0.1864306926727295,0.9961066842079163,0.7894315719604492,85.46739959716797,67.734375,7.187490940093994,0.005844295024871826,6.700927734375
3726,4.657500176108442e-05,0.18078748881816864,47.10006332397461,37.327606201171875,85.46739959716797,67.734375,8.353781700134277,0.0038360953330993652,6.3470458984375
3727,4.658749821828678e-05,0.22360500693321228,49.86453628540039,39.518497467041016,85.46739959716797,67.734375,5.6766676902771,0.0032176971435546875,6.9996337890625
3728,4.659999831346795e-05,0.18159277737140656,48.87410354614258,38.73356246948242,85.46739959716797,67.734375,5.380549907684326,0.004031509160995483,6.8134765625
3729,4.661249840864912e-05,0.16528701782226562,4.221911430358887,3.3459367752075195,85.46739959716797,67.734375,7.561356067657471,0.0025398433208465576,7.0045166015625
3730,4.6624998503830284e-05,0.16961580514907837,4.32429313659668,3.4270763397216797,85.46739959716797,67.734375,5.588642120361328,0.003269672393798828,6.783935546875
3731,4.663749859901145e-05,0.2223854809999466,51.759830474853516,41.02054977416992,85.46739959716797,67.734375,6.410905838012695,0.003350198268890381,6.5980224609375
3732,4.664999869419262e-05,0.23152920603752136,10.397127151489258,8.239900588989258,85.46739959716797,67.734375,7.005300998687744,0.0017857253551483154,6.9345703125
3733,4.6662498789373785e-05,0.21829771995544434,40.515830993652344,32.10948944091797,85.46739959716797,67.734375,5.401997089385986,0.004240065813064575,6.7042236328125
3734,4.667499888455495e-05,0.29082435369491577,55.32611083984375,43.84688949584961,85.46739959716797,67.734375,6.800772666931152,0.004449993371963501,6.9171142578125
3735,4.668749897973612e-05,0.21591022610664368,0.9629628658294678,0.7631645202636719,85.46739959716797,67.734375,7.393416404724121,0.0031221210956573486,6.89453125
3736,4.669999907491729e-05,0.23525428771972656,60.730308532714844,48.12980651855469,85.46739959716797,67.734375,8.148225784301758,0.004901111125946045,6.689453125
3737,4.6712499170098454e-05,0.26927223801612854,54.40816116333008,43.11940002441406,85.46739959716797,67.734375,7.364847183227539,0.005735874176025391,6.7904052734375
3738,4.672499926527962e-05,0.2018708735704422,10.658658027648926,8.447168350219727,85.46739959716797,67.734375,8.37472152709961,0.003318697214126587,6.885986328125
3739,4.673749936046079e-05,0.19169266521930695,9.80638599395752,7.771728515625,85.46739959716797,67.734375,7.462334632873535,0.005747377872467041,6.7408447265625
3740,4.6749999455641955e-05,0.21639996767044067,22.25046730041504,17.63387680053711,85.46739959716797,67.734375,6.522386074066162,0.004591107368469238,6.524658203125
3741,4.676249955082312e-05,0.17126509547233582,0.9808692932128906,0.7773556709289551,85.46739959716797,67.734375,6.105149269104004,0.0028964877128601074,6.5367431640625
3742,4.677499964600429e-05,0.2292809784412384,60.64543914794922,48.06254577636719,85.46739959716797,67.734375,6.331456184387207,0.0038002729415893555,6.802490234375
3743,4.6787499741185457e-05,0.19166454672813416,52.3401985168457,41.48050308227539,85.46739959716797,67.734375,5.941971302032471,0.0044822096824646,6.722412109375
3744,4.6799999836366624e-05,0.21354608237743378,41.81431198120117,33.13855743408203,85.46739959716797,67.734375,5.765183925628662,0.002507030963897705,7.064208984375
3745,4.681249993154779e-05,0.16574053466320038,53.39765548706055,42.31855392456055,85.46739959716797,67.734375,5.007558345794678,0.002767503261566162,6.931884765625
3746,4.682500002672896e-05,0.20308497548103333,41.25441360473633,32.694828033447266,85.46739959716797,67.734375,5.627121448516846,0.0029540061950683594,6.7568359375
3747,4.6837500121910125e-05,0.1939333826303482,23.925708770751953,18.961532592773438,85.46739959716797,67.734375,6.606359958648682,0.004466116428375244,6.718994140625
3748,4.685000021709129e-05,0.1625789999961853,4.134871006011963,3.276956081390381,85.46739959716797,67.734375,5.449498176574707,0.003650367259979248,7.3009033203125
3749,4.686250031227246e-05,0.18422994017601013,42.678104400634766,33.82312774658203,85.46739959716797,67.734375,6.632932662963867,0.0031287074089050293,6.3072509765625
3750,4.6875000407453626e-05,0.18840810656547546,3.8929643630981445,3.0852408409118652,85.46739959716797,67.734375,5.219210147857666,0.003568887710571289,6.75146484375
3751,4.6887500502634794e-05,0.17383255064487457,47.3208122253418,37.5025520324707,85.46739959716797,67.734375,6.987705707550049,0.0034863948822021484,6.673583984375
3752,4.690000059781596e-05,0.1951417326927185,57.33576202392578,45.439571380615234,85.46739959716797,67.734375,7.845501899719238,0.0036280453205108643,6.6466064453125
3753,4.691250069299713e-05,0.1947217881679535,58.78424072265625,46.58751678466797,85.46739959716797,67.734375,5.4549055099487305,0.003322124481201172,6.675537109375
3754,4.6925000788178295e-05,0.19201461970806122,60.11210250854492,47.63986587524414,85.46739959716797,67.734375,6.411616325378418,0.00392305850982666,6.9288330078125
3755,4.693750088335946e-05,0.1867484450340271,23.6212215423584,18.7202205657959,85.46739959716797,67.734375,6.8994574546813965,0.0027690529823303223,7.0164794921875
3756,4.695000097854063e-05,0.19152820110321045,39.16441345214844,31.038467407226562,85.46739959716797,67.734375,6.409693717956543,0.0035992860794067383,6.962158203125
3757,4.6962501073721796e-05,0.19905853271484375,58.460391998291016,46.33086013793945,85.46739959716797,67.734375,9.037046432495117,0.00415647029876709,6.94970703125
3758,4.6975001168902963e-05,0.20264950394630432,32.846012115478516,26.03102684020996,85.46739959716797,67.734375,6.73607063293457,0.0031219124794006348,7.0921630859375
3759,4.698750126408413e-05,0.18124358355998993,34.057289123535156,26.990982055664062,85.46739959716797,67.734375,7.404026985168457,0.002263188362121582,6.7093505859375
3760,4.70000013592653e-05,0.18899504840373993,34.58517837524414,27.409345626831055,85.46739959716797,67.734375,9.125068664550781,0.0037658214569091797,6.6722412109375
3761,4.7012501454446465e-05,0.187844380736351,35.82393264770508,28.39107894897461,85.46739959716797,67.734375,4.970945835113525,0.002638876438140869,7.1173095703125
3762,4.702500154962763e-05,0.19959139823913574,23.78769302368164,18.852153778076172,85.46739959716797,67.734375,7.721911430358887,0.0026388168334960938,6.7528076171875
3763,4.70375016448088e-05,0.19101408123970032,42.012996673583984,33.2960205078125,85.46739959716797,67.734375,7.314230918884277,0.0038382112979888916,6.6441650390625
3764,4.7050001739989966e-05,0.19363537430763245,34.74607849121094,27.5368595123291,85.46739959716797,67.734375,5.7622294425964355,0.0049929022789001465,7.0477294921875
3765,4.7062498197192326e-05,0.194670632481575,49.56224060058594,39.27892303466797,85.46739959716797,67.734375,7.092735290527344,0.002956688404083252,6.963134765625
3766,4.707499829237349e-05,0.1956048309803009,50.92076873779297,40.3555793762207,85.46739959716797,67.734375,5.743323802947998,0.0029958784580230713,6.9161376953125
3767,4.708749838755466e-05,0.18541741371154785,48.83127212524414,38.69961929321289,85.46739959716797,67.734375,6.126007556915283,0.0034878551959991455,6.5240478515625
3768,4.709999848273583e-05,0.21197517216205597,50.28223419189453,39.84952926635742,85.46739959716797,67.734375,8.348886489868164,0.004622906446456909,6.3966064453125
3769,4.7112498577916995e-05,0.22590084373950958,43.35100173950195,34.35641098022461,85.46739959716797,67.734375,9.395952224731445,0.0033509433269500732,6.7353515625
3770,4.712499867309816e-05,0.1866338700056076,61.86560821533203,49.02954864501953,85.46739959716797,67.734375,6.674652576446533,0.003353714942932129,7.04150390625
3771,4.713749876827933e-05,0.18802891671657562,38.675498962402344,30.65099334716797,85.46739959716797,67.734375,7.335937023162842,0.00484699010848999,6.429931640625
3772,4.7149998863460496e-05,0.18509505689144135,55.409420013427734,43.91291046142578,85.46739959716797,67.734375,7.718523025512695,0.0034191012382507324,6.7686767578125
3773,4.716249895864166e-05,0.16994057595729828,60.12447738647461,47.64967346191406,85.46739959716797,67.734375,5.445222854614258,0.004090100526809692,6.585693359375
3774,4.717499905382283e-05,0.18873901665210724,10.572914123535156,8.379215240478516,85.46739959716797,67.734375,5.9281487464904785,0.004384100437164307,6.5357666015625
3775,4.7187499149004e-05,0.18848338723182678,48.61262512207031,38.526336669921875,85.46739959716797,67.734375,7.336869239807129,0.00270998477935791,6.9593505859375
3776,4.7199999244185165e-05,0.21305111050605774,58.21316146850586,46.134925842285156,85.46739959716797,67.734375,8.068138122558594,0.0038332343101501465,6.533203125
3777,4.721249933936633e-05,0.17125794291496277,22.880638122558594,18.133296966552734,85.46739959716797,67.734375,7.817391395568848,0.003757983446121216,6.751220703125
3778,4.72249994345475e-05,0.19779452681541443,46.53914260864258,36.88306427001953,85.46739959716797,67.734375,6.752015590667725,0.004304349422454834,6.278076171875
3779,4.7237499529728666e-05,0.1896485537290573,45.08127212524414,35.72767639160156,85.46739959716797,67.734375,7.9948554039001465,0.0032689571380615234,6.859375
3780,4.724999962490983e-05,0.18006418645381927,42.38120651245117,33.58782958984375,85.46739959716797,67.734375,7.397566795349121,0.004557013511657715,7.1842041015625
3781,4.7262499720091e-05,0.16551573574543,47.86563491821289,37.93433380126953,85.46739959716797,67.734375,13.964079856872559,0.0033117830753326416,6.98828125
3782,4.727499981527217e-05,0.2037540227174759,23.7857723236084,18.850631713867188,85.46739959716797,67.734375,8.077064514160156,0.003436446189880371,6.6912841796875
3783,4.7287499910453334e-05,0.1758139282464981,34.69161605834961,27.49370002746582,85.46739959716797,67.734375,7.498599052429199,0.003200232982635498,6.735595703125
3784,4.73000000056345e-05,0.19912254810333252,44.33965301513672,35.13993453979492,85.46739959716797,67.734375,9.108646392822266,0.0033486485481262207,6.76318359375
3785,4.731250010081567e-05,0.19097726047039032,44.54071044921875,35.29927444458008,85.46739959716797,67.734375,6.167423248291016,0.005248934030532837,6.751953125
3786,4.7325000195996836e-05,0.1842774748802185,0.9896525144577026,0.7843165397644043,85.46739959716797,67.734375,5.2993950843811035,0.003645986318588257,6.35400390625
3787,4.7337500291178e-05,0.19298915565013885,0.9729133248329163,0.7710504531860352,85.46739959716797,67.734375,6.607895851135254,0.003794729709625244,6.998779296875
3788,4.735000038635917e-05,0.1739814132452011,4.2461442947387695,3.3651418685913086,85.46739959716797,67.734375,7.514010906219482,0.0035759806632995605,6.73486328125
3789,4.736250048154034e-05,0.1699109673500061,30.839082717895508,24.440500259399414,85.46739959716797,67.734375,6.416515827178955,0.0032464563846588135,7.015869140625
3790,4.7375000576721504e-05,0.1923084557056427,32.37969970703125,25.661466598510742,85.46739959716797,67.734375,6.350419521331787,0.0023937225341796875,6.872802734375
3791,4.738750067190267e-05,0.16798341274261475,4.014527797698975,3.181581974029541,85.46739959716797,67.734375,7.492915630340576,0.002159595489501953,6.578857421875
3792,4.740000076708384e-05,0.17200778424739838,3.972656726837158,3.1483983993530273,85.46739959716797,67.734375,6.446698188781738,0.0032517313957214355,6.943115234375
3793,4.7412500862265006e-05,0.16191059350967407,41.22346115112305,32.67029571533203,85.46739959716797,67.734375,8.408439636230469,0.003377079963684082,6.6280517578125
3794,4.742500095744617e-05,0.1699017584323883,48.76728820800781,38.64891052246094,85.46739959716797,67.734375,6.88955545425415,0.0038598477840423584,6.8917236328125
3795,4.743750105262734e-05,0.1650501787662506,60.18147277832031,47.694847106933594,85.46739959716797,67.734375,8.203364372253418,0.004896730184555054,6.949951171875
3796,4.745000114780851e-05,0.17253123223781586,58.452762603759766,46.32481384277344,85.46739959716797,67.734375,6.153862476348877,0.003300219774246216,6.61328125
3797,4.7462501242989674e-05,0.1833955943584442,46.22509765625,36.63418197631836,85.46739959716797,67.734375,5.874776840209961,0.0033581554889678955,6.7598876953125
3798,4.747500133817084e-05,0.16997462511062622,44.72376251220703,35.44434356689453,85.46739959716797,67.734375,8.270194053649902,0.002973318099975586,6.9735107421875
3799,4.748750143335201e-05,0.18155404925346375,48.563899993896484,38.48772048950195,85.46739959716797,67.734375,7.2662153244018555,0.0039920806884765625,6.6497802734375
3800,4.7500001528533176e-05,0.19024094939231873,34.12693786621094,27.04618263244629,85.46739959716797,67.734375,7.4811692237854,0.0028281211853027344,6.5333251953125
3801,4.751250162371434e-05,0.16156163811683655,23.291942596435547,18.45926284790039,85.46739959716797,67.734375,6.894028186798096,0.003181278705596924,6.567138671875
3802,4.752500171889551e-05,0.1792522668838501,35.823673248291016,28.390872955322266,85.46739959716797,67.734375,8.488780975341797,0.002984285354614258,6.8001708984375
3803,4.753750181407668e-05,0.19967365264892578,22.045827865600586,17.471694946289062,85.46739959716797,67.734375,6.404062271118164,0.0034485459327697754,6.64208984375
3804,4.754999827127904e-05,0.1946704238653183,47.246009826660156,37.44327163696289,85.46739959716797,67.734375,8.65960693359375,0.00599294900894165,7.0335693359375
3805,4.7562498366460204e-05,0.18807609379291534,36.51195526123047,28.93634796142578,85.46739959716797,67.734375,8.176639556884766,0.0033371150493621826,6.7813720703125
3806,4.757499846164137e-05,0.1872795969247818,59.27047348022461,46.972862243652344,85.46739959716797,67.734375,8.047929763793945,0.004370957612991333,6.6954345703125
3807,4.758749855682254e-05,0.19785214960575104,40.87617492675781,32.39506530761719,85.46739959716797,67.734375,8.06887435913086,0.003505885601043701,6.725341796875
3808,4.7599998652003706e-05,0.19824588298797607,20.651548385620117,16.3667049407959,85.46739959716797,67.734375,7.04066276550293,0.0030847787857055664,7.308837890625
3809,4.761249874718487e-05,0.19218051433563232,54.16724395751953,42.928466796875,85.46739959716797,67.734375,8.500154495239258,0.0037112832069396973,6.3359375
3810,4.762499884236604e-05,0.23875178396701813,55.73600769042969,44.17173767089844,85.46739959716797,67.734375,7.960226535797119,0.0046849846839904785,6.74462890625
3811,4.763749893754721e-05,0.21196043491363525,47.66659164428711,37.776588439941406,85.46739959716797,67.734375,8.116790771484375,0.0035803914070129395,6.691650390625
3812,4.7649999032728374e-05,0.17939408123493195,40.717037200927734,32.26894760131836,85.46739959716797,67.734375,6.187626361846924,0.0038967132568359375,6.6417236328125
3813,4.766249912790954e-05,0.19823898375034332,48.58838653564453,38.50712585449219,85.46739959716797,67.734375,5.6370038986206055,0.002917647361755371,6.611572265625
3814,4.767499922309071e-05,0.18433214724063873,51.60874557495117,40.900814056396484,85.46739959716797,67.734375,7.59624719619751,0.0031468570232391357,6.9080810546875
3815,4.7687499318271875e-05,0.1978890299797058,35.21049499511719,27.90492057800293,85.46739959716797,67.734375,8.068975448608398,0.003949373960494995,7.0284423828125
3816,4.769999941345304e-05,0.21406885981559753,40.16799545288086,31.83382225036621,85.46739959716797,67.734375,6.429871082305908,0.003443986177444458,6.9228515625
3817,4.771249950863421e-05,0.16793197393417358,59.469444274902344,47.130550384521484,85.46739959716797,67.734375,8.910198211669922,0.0030716657638549805,6.9927978515625
3818,4.772499960381538e-05,0.1669939011335373,52.26765823364258,41.423011779785156,85.46739959716797,67.734375,9.945137977600098,0.0031641721725463867,7.1085205078125
3819,4.7737499698996544e-05,0.2182498425245285,57.90224838256836,45.888519287109375,85.46739959716797,67.734375,6.155178546905518,0.005138278007507324,6.690185546875
3820,4.774999979417771e-05,0.17565090954303741,38.18694305419922,30.263805389404297,85.46739959716797,67.734375,6.802397727966309,0.005307704210281372,6.659423828125
3821,4.776249988935888e-05,0.19266924262046814,42.22493362426758,33.46398162841797,85.46739959716797,67.734375,8.01892375946045,0.0034524202346801758,7.0845947265625
3822,4.7774999984540045e-05,0.18426604568958282,42.844139099121094,33.9547119140625,85.46739959716797,67.734375,6.184350490570068,0.003925919532775879,6.7420654296875
3823,4.778750007972121e-05,0.16844989359378815,46.197452545166016,36.61227035522461,85.46739959716797,67.734375,6.9264140129089355,0.004460692405700684,6.6138916015625
3824,4.780000017490238e-05,0.17564097046852112,0.8946878910064697,0.7090554237365723,85.46739959716797,67.734375,5.7493367195129395,0.002583146095275879,7.0113525390625
3825,4.781250027008355e-05,0.1892804652452469,19.630104064941406,15.5571928024292,85.46739959716797,67.734375,7.146120548248291,0.002957850694656372,6.9482421875
3826,4.7825000365264714e-05,0.17812730371952057,1.0507771968841553,0.832758903503418,85.46739959716797,67.734375,6.507022380828857,0.004748404026031494,6.8424072265625
3827,4.783750046044588e-05,0.19124801456928253,45.1278076171875,35.764556884765625,85.46739959716797,67.734375,6.59250020980835,0.003269881010055542,6.4239501953125
3828,4.785000055562705e-05,0.17963868379592896,41.602630615234375,32.970794677734375,85.46739959716797,67.734375,7.7762627601623535,0.004282891750335693,6.41943359375
3829,4.7862500650808215e-05,0.2014104723930359,42.57715606689453,33.74312210083008,85.46739959716797,67.734375,8.601581573486328,0.0038629770278930664,6.6827392578125
3830,4.787500074598938e-05,0.2440941333770752,58.83531951904297,46.627994537353516,85.46739959716797,67.734375,8.547858238220215,0.0028378069400787354,7.035400390625
3831,4.788750084117055e-05,0.17502658069133759,45.64214324951172,36.17218017578125,85.46739959716797,67.734375,6.020218849182129,0.003269702196121216,6.3580322265625
3832,4.7900000936351717e-05,0.2110111266374588,44.65908432006836,35.393089294433594,85.46739959716797,67.734375,8.357033729553223,0.0040912628173828125,6.779541015625
3833,4.7912501031532884e-05,0.17090684175491333,1.0053964853286743,0.7967939376831055,85.46739959716797,67.734375,8.077838897705078,0.0038602054119110107,6.4764404296875
3834,4.792500112671405e-05,0.1703723967075348,47.617801666259766,37.737918853759766,85.46739959716797,67.734375,5.979923248291016,0.0036849677562713623,6.574951171875
3835,4.793750122189522e-05,0.17821092903614044,45.17139434814453,35.799102783203125,85.46739959716797,67.734375,5.9023542404174805,0.0027171075344085693,6.7874755859375
3836,4.7950001317076385e-05,0.17709381878376007,22.157485961914062,17.5601863861084,85.46739959716797,67.734375,6.509433269500732,0.0033642053604125977,6.4710693359375
3837,4.796250141225755e-05,0.17695298790931702,60.47870635986328,47.9304084777832,85.46739959716797,67.734375,5.8133697509765625,0.0037755370140075684,6.75830078125
3838,4.797500150743872e-05,0.1930241882801056,41.237342834472656,32.681297302246094,85.46739959716797,67.734375,8.247659683227539,0.004285752773284912,6.2073974609375
3839,4.7987501602619886e-05,0.18523858487606049,49.09496307373047,38.908599853515625,85.46739959716797,67.734375,7.115983963012695,0.0024413764476776123,6.7843017578125
3840,4.8000001697801054e-05,0.18917308747768402,32.87449264526367,26.05359649658203,85.46739959716797,67.734375,7.00780725479126,0.003000617027282715,7.11279296875
3841,4.801250179298222e-05,0.18056876957416534,43.53550720214844,34.50263214111328,85.46739959716797,67.734375,14.43262004852295,0.0025606155395507812,6.8760986328125
3842,4.802499825018458e-05,0.1751095950603485,37.36872482299805,29.615354537963867,85.46739959716797,67.734375,8.567654609680176,0.004721164703369141,6.6959228515625
3843,4.803749834536575e-05,0.2123696357011795,24.813310623168945,19.664974212646484,85.46739959716797,67.734375,6.954237461090088,0.003627181053161621,6.720458984375
3844,4.8049998440546915e-05,0.1827860176563263,10.222286224365234,8.101336479187012,85.46739959716797,67.734375,4.786739826202393,0.0028238296508789062,6.7548828125
3845,4.806249853572808e-05,0.18477508425712585,54.085330963134766,42.863548278808594,85.46739959716797,67.734375,6.220019340515137,0.0026198923587799072,6.66796875
3846,4.807499863090925e-05,0.19129762053489685,55.3264274597168,43.84714126586914,85.46739959716797,67.734375,8.129646301269531,0.003167390823364258,6.4224853515625
3847,4.8087498726090416e-05,0.17953476309776306,0.9480966925621033,0.7513828277587891,85.46739959716797,67.734375,8.449198722839355,0.0027844607830047607,7.044189453125
3848,4.8099998821271583e-05,0.17026318609714508,43.80657196044922,34.71745681762695,85.46739959716797,67.734375,6.522459983825684,0.0035777688026428223,6.6685791015625
3849,4.811249891645275e-05,0.17377319931983948,0.9186326861381531,0.728032112121582,85.46739959716797,67.734375,7.89845085144043,0.0034057796001434326,7.001953125
3850,4.812499901163392e-05,0.1631166785955429,47.390071868896484,37.55744171142578,85.46739959716797,67.734375,6.292659282684326,0.0027750730514526367,6.797119140625
3851,4.8137499106815085e-05,0.17880041897296906,9.650628089904785,7.648287773132324,85.46739959716797,67.734375,8.019256591796875,0.003795325756072998,6.6614990234375
3852,4.814999920199625e-05,0.19666406512260437,59.00381088256836,46.76152801513672,85.46739959716797,67.734375,6.2093071937561035,0.0048525333404541016,7.030517578125
3853,4.816249929717742e-05,0.17441397905349731,49.708412170410156,39.39476776123047,85.46739959716797,67.734375,6.288086891174316,0.0029584765434265137,6.5439453125
3854,4.8174999392358586e-05,0.16452212631702423,46.486610412597656,36.8414306640625,85.46739959716797,67.734375,6.8413896560668945,0.002899259328842163,6.875732421875
3855,4.818749948753975e-05,0.16434651613235474,25.74018669128418,20.399538040161133,85.46739959716797,67.734375,7.866403579711914,0.0031835734844207764,6.8414306640625
3856,4.819999958272092e-05,0.17382457852363586,10.91335391998291,8.649019241333008,85.46739959716797,67.734375,6.665352821350098,0.003439396619796753,6.578369140625
3857,4.821249967790209e-05,0.1509261429309845,51.25265121459961,40.61860275268555,85.46739959716797,67.734375,7.186587333679199,0.0029505491256713867,6.7733154296875
3858,4.8224999773083255e-05,0.17542575299739838,37.11207580566406,29.411954879760742,85.46739959716797,67.734375,6.385527610778809,0.0022999942302703857,6.9566650390625
3859,4.823749986826442e-05,0.1843213587999344,0.8966625332832336,0.7106204032897949,85.46739959716797,67.734375,6.550022125244141,0.003218352794647217,6.6197509765625
3860,4.824999996344559e-05,0.15451282262802124,51.613887786865234,40.90488815307617,85.46739959716797,67.734375,5.916844844818115,0.0034412145614624023,6.5135498046875
3861,4.8262500058626756e-05,0.17958535254001617,11.760139465332031,9.320112228393555,85.46739959716797,67.734375,8.194122314453125,0.003800034523010254,6.6190185546875
3862,4.827500015380792e-05,0.16791638731956482,1.0050283670425415,0.7965021133422852,85.46739959716797,67.734375,5.685212135314941,0.003301382064819336,6.83447265625
3863,4.828750024898909e-05,0.18556340038776398,1.0173090696334839,0.8062348365783691,85.46739959716797,67.734375,7.983739376068115,0.004969269037246704,6.556396484375
3864,4.830000034417026e-05,0.1844170242547989,23.427412033081055,18.566625595092773,85.46739959716797,67.734375,6.250239849090576,0.0027118921279907227,7.0164794921875
3865,4.8312500439351425e-05,0.15682420134544373,62.19263458251953,49.288726806640625,85.46739959716797,67.734375,7.131086349487305,0.004559457302093506,6.7220458984375
3866,4.832500053453259e-05,0.17618446052074432,23.18929672241211,18.377914428710938,85.46739959716797,67.734375,7.445883274078369,0.0040413737297058105,6.637451171875
3867,4.833750062971376e-05,0.16673675179481506,3.887237787246704,3.080702304840088,85.46739959716797,67.734375,7.5384321212768555,0.005222797393798828,6.7149658203125
3868,4.8350000724894926e-05,0.18058274686336517,35.77099609375,28.3491268157959,85.46739959716797,67.734375,6.0879364013671875,0.0024480819702148438,7.3328857421875
3869,4.836250082007609e-05,0.1662125438451767,0.9491291642189026,0.7522010803222656,85.46739959716797,67.734375,6.956818103790283,0.004367709159851074,6.35693359375
3870,4.837500091525726e-05,0.1599908471107483,43.60095977783203,34.554508209228516,85.46739959716797,67.734375,7.191689968109131,0.0036720633506774902,6.7528076171875
3871,4.838750101043843e-05,0.1741112917661667,0.9711408019065857,0.7696456909179688,85.46739959716797,67.734375,5.280586242675781,0.0032389163970947266,6.604248046875
3872,4.8400001105619594e-05,0.17902874946594238,11.339839935302734,8.987016677856445,85.46739959716797,67.734375,6.172879695892334,0.0032035112380981445,6.614990234375
3873,4.841250120080076e-05,0.21975286304950714,49.434139251708984,39.177398681640625,85.46739959716797,67.734375,7.867428302764893,0.002522289752960205,6.6761474609375
3874,4.842500129598193e-05,0.17966023087501526,1.0344507694244385,0.8198199272155762,85.46739959716797,67.734375,6.910089015960693,0.0034785866737365723,6.939697265625
3875,4.8437501391163096e-05,0.17748421430587769,41.628814697265625,32.991546630859375,85.46739959716797,67.734375,7.688608169555664,0.002990812063217163,7.03759765625
3876,4.845000148634426e-05,0.18340575695037842,23.446035385131836,18.581382751464844,85.46739959716797,67.734375,6.665477275848389,0.004827439785003662,6.9149169921875
3877,4.846250158152543e-05,0.17347072064876556,1.0251519680023193,0.8124504089355469,85.46739959716797,67.734375,7.121679306030273,0.001991868019104004,7.0172119140625
3878,4.84750016767066e-05,0.15553167462348938,1.0370187759399414,0.8218550682067871,85.46739959716797,67.734375,7.1047797203063965,0.003898918628692627,7.02197265625
3879,4.8487501771887764e-05,0.17954042553901672,49.64506149291992,39.34455871582031,85.46739959716797,67.734375,7.514782905578613,0.0030792951583862305,6.6942138671875
3880,4.8499998229090124e-05,0.21828940510749817,31.62224578857422,25.06117057800293,85.46739959716797,67.734375,7.777498245239258,0.0030336976051330566,6.5352783203125
3881,4.851249832427129e-05,0.17629185318946838,34.0405387878418,26.97770881652832,85.46739959716797,67.734375,7.929107189178467,0.0024039149284362793,7.050048828125
3882,4.852499841945246e-05,0.20478971302509308,19.047473907470703,15.095447540283203,85.46739959716797,67.734375,5.380063056945801,0.0047917962074279785,6.7197265625
3883,4.8537498514633626e-05,0.19644182920455933,47.12788009643555,37.34965133666992,85.46739959716797,67.734375,5.522963523864746,0.004938483238220215,6.5159912109375
3884,4.854999860981479e-05,0.1555892527103424,32.992576599121094,26.14718246459961,85.46739959716797,67.734375,8.587815284729004,0.0034123361110687256,6.9969482421875
3885,4.856249870499596e-05,0.1818552315235138,1.051259160041809,0.8331408500671387,85.46739959716797,67.734375,5.58488130569458,0.002671360969543457,6.95947265625
3886,4.857499880017713e-05,0.1600767970085144,52.95703125,41.96935272216797,85.46739959716797,67.734375,8.119967460632324,0.003215014934539795,6.8509521484375
3887,4.8587498895358294e-05,0.17502768337726593,44.44374084472656,35.2224235534668,85.46739959716797,67.734375,5.6589765548706055,0.003036797046661377,6.4261474609375
3888,4.859999899053946e-05,0.1907014548778534,51.410587310791016,40.74376678466797,85.46739959716797,67.734375,6.482618808746338,0.0037897229194641113,6.376708984375
3889,4.861249908572063e-05,0.19758321344852448,43.4810791015625,34.45949935913086,85.46739959716797,67.734375,6.981422424316406,0.0036059021949768066,6.6783447265625
3890,4.8624999180901796e-05,0.21887412667274475,53.58854675292969,42.4698371887207,85.46739959716797,67.734375,7.009864330291748,0.0019933581352233887,6.933837890625
3891,4.863749927608296e-05,0.1820562481880188,0.9571091532707214,0.7585253715515137,85.46739959716797,67.734375,7.336452484130859,0.0038615167140960693,6.317138671875
3892,4.864999937126413e-05,0.18986564874649048,47.035377502441406,37.27634048461914,85.46739959716797,67.734375,7.3073506355285645,0.0027001798152923584,6.7633056640625
3893,4.86624994664453e-05,0.18393820524215698,54.80865478515625,43.43679428100586,85.46739959716797,67.734375,9.664421081542969,0.0039024949073791504,6.5457763671875
3894,4.8674999561626464e-05,0.18399456143379211,44.72587203979492,35.44601821899414,85.46739959716797,67.734375,6.6456098556518555,0.0024757683277130127,6.47607421875
3895,4.868749965680763e-05,0.18397970497608185,53.13772201538086,42.112552642822266,85.46739959716797,67.734375,7.129011631011963,0.003963470458984375,6.6968994140625
3896,4.86999997519888e-05,0.21036314964294434,55.30033493041992,43.82646179199219,85.46739959716797,67.734375,7.828713417053223,0.0028938353061676025,6.53515625
3897,4.8712499847169966e-05,0.22700761258602142,28.80523109436035,22.828638076782227,85.46739959716797,67.734375,5.2020697593688965,0.0020879805088043213,6.7503662109375
3898,4.872499994235113e-05,0.17159412801265717,3.685272455215454,2.9206414222717285,85.46739959716797,67.734375,7.08486795425415,0.003609567880630493,6.1822509765625
3899,4.87375000375323e-05,0.1856352686882019,51.91971206665039,41.14725875854492,85.46739959716797,67.734375,5.241098403930664,0.004750460386276245,6.791748046875
3900,4.875000013271347e-05,0.1941409409046173,57.10482406616211,45.25654983520508,85.46739959716797,67.734375,6.407171726226807,0.003100275993347168,7.072998046875
3901,4.8762500227894634e-05,0.1741774082183838,38.7376823425293,30.700275421142578,85.46739959716797,67.734375,14.165292739868164,0.002557605504989624,6.8931884765625
3902,4.87750003230758e-05,0.18349076807498932,44.79780197143555,35.50302505493164,85.46739959716797,67.734375,5.738198757171631,0.006148934364318848,6.6865234375
3903,4.878750041825697e-05,0.19416750967502594,4.415623188018799,3.4994568824768066,85.46739959716797,67.734375,5.9679975509643555,0.002764075994491577,6.729736328125
3904,4.8800000513438135e-05,0.22354237735271454,57.96549987792969,45.93865203857422,85.46739959716797,67.734375,5.079625129699707,0.0030369460582733154,6.7965087890625
3905,4.88125006086193e-05,0.18106631934642792,21.743011474609375,17.231708526611328,85.46739959716797,67.734375,7.068050384521484,0.002276599407196045,6.658447265625
3906,4.882500070380047e-05,0.17185477912425995,50.64860916137695,40.139888763427734,85.46739959716797,67.734375,6.675809860229492,0.006261289119720459,6.4481201171875
3907,4.883750079898164e-05,0.20550449192523956,21.564716339111328,17.09040641784668,85.46739959716797,67.734375,7.275132656097412,0.0029540061950683594,7.115478515625
3908,4.8850000894162804e-05,0.1905268281698227,50.60593032836914,40.10606384277344,85.46739959716797,67.734375,7.3330817222595215,0.0042961835861206055,6.7010498046875
3909,4.886250098934397e-05,0.18811450898647308,50.02414321899414,39.644989013671875,85.46739959716797,67.734375,7.475411415100098,0.002755582332611084,7.05126953125
3910,4.887500108452514e-05,0.15541158616542816,35.338951110839844,28.00672149658203,85.46739959716797,67.734375,7.526764869689941,0.0037191808223724365,6.7337646484375
3911,4.8887501179706305e-05,0.18354564905166626,41.76073455810547,33.09609603881836,85.46739959716797,67.734375,7.126020431518555,0.002877175807952881,6.597412109375
3912,4.890000127488747e-05,0.16306816041469574,20.241960525512695,16.042098999023438,85.46739959716797,67.734375,5.46998405456543,0.0026651322841644287,6.991455078125
3913,4.891250137006864e-05,0.16973160207271576,4.492562294006348,3.5604324340820312,85.46739959716797,67.734375,6.165854454040527,0.0033472180366516113,6.5399169921875
3914,4.892500146524981e-05,0.1512518972158432,1.01707923412323,0.8060526847839355,85.46739959716797,67.734375,6.852163314819336,0.00449216365814209,6.802490234375
3915,4.8937501560430974e-05,0.1822047382593155,34.950618743896484,27.69896125793457,85.46739959716797,67.734375,6.680589199066162,0.003009498119354248,6.8826904296875
3916,4.895000165561214e-05,0.17551055550575256,21.48769760131836,17.029367446899414,85.46739959716797,67.734375,6.236749649047852,0.0033057332038879395,6.5545654296875
3917,4.896250175079331e-05,0.18866655230522156,50.426143646240234,39.96357727050781,85.46739959716797,67.734375,7.99907922744751,0.0034175515174865723,6.7369384765625
3918,4.897499820799567e-05,0.16219991445541382,48.834293365478516,38.70201110839844,85.46739959716797,67.734375,7.62684965133667,0.0025955140590667725,6.970458984375
3919,4.8987498303176835e-05,0.21484969556331635,49.2355842590332,39.020042419433594,85.46739959716797,67.734375,6.473217010498047,0.005354166030883789,6.739013671875
3920,4.8999998398358e-05,0.1705554723739624,56.19713592529297,44.53718948364258,85.46739959716797,67.734375,7.880973815917969,0.002779662609100342,6.4669189453125
3921,4.901249849353917e-05,0.17093944549560547,23.439123153686523,18.57590675354004,85.46739959716797,67.734375,9.017419815063477,0.003169804811477661,6.66162109375
3922,4.9024998588720337e-05,0.20157460868358612,53.41749572753906,42.33427810668945,85.46739959716797,67.734375,6.84469747543335,0.0042243897914886475,6.9154052734375
3923,4.9037498683901504e-05,0.18848875164985657,4.429640293121338,3.510565757751465,85.46739959716797,67.734375,7.167325019836426,0.002735316753387451,6.6942138671875
3924,4.904999877908267e-05,0.19081752002239227,43.17142868041992,34.21409606933594,85.46739959716797,67.734375,6.825185775756836,0.0024893581867218018,6.9720458984375
3925,4.906249887426384e-05,0.2154732644557953,3.993258237838745,3.1647253036499023,85.46739959716797,67.734375,6.027011394500732,0.0029236674308776855,6.6983642578125
3926,4.9074998969445005e-05,0.2089519202709198,22.640262603759766,17.942794799804688,85.46739959716797,67.734375,6.481921672821045,0.003619849681854248,6.6268310546875
3927,4.908749906462617e-05,0.1916695386171341,56.54340362548828,44.811614990234375,85.46739959716797,67.734375,6.329410552978516,0.0028918683528900146,6.788818359375
3928,4.909999915980734e-05,0.17905816435813904,1.02475905418396,0.8121390342712402,85.46739959716797,67.734375,6.6261091232299805,0.0030919909477233887,7.3472900390625
3929,4.9112499254988506e-05,0.20382943749427795,1.037321925163269,0.8220953941345215,85.46739959716797,67.734375,6.008103370666504,0.004327595233917236,6.385009765625
3930,4.9124999350169674e-05,0.17592565715312958,20.201807022094727,16.010276794433594,85.46739959716797,67.734375,5.178949356079102,0.0029776692390441895,6.7431640625
3931,4.913749944535084e-05,0.17875757813453674,42.93511199951172,34.02680969238281,85.46739959716797,67.734375,10.329318046569824,0.003427177667617798,6.69482421875
3932,4.914999954053201e-05,0.20183564722537994,9.297114372253418,7.368122100830078,85.46739959716797,67.734375,8.258142471313477,0.0032306313514709473,6.6533203125
3933,4.9162499635713175e-05,0.18578483164310455,57.386383056640625,45.47968673706055,85.46739959716797,67.734375,10.26981258392334,0.0037081241607666016,6.656982421875
3934,4.917499973089434e-05,0.18439604341983795,8.97271728515625,7.111031532287598,85.46739959716797,67.734375,7.465917587280273,0.003069370985031128,7.0264892578125
3935,4.918749982607551e-05,0.23025697469711304,44.032894134521484,34.896820068359375,85.46739959716797,67.734375,5.739427089691162,0.0024574100971221924,7.0228271484375
3936,4.9199999921256676e-05,0.28302112221717834,42.41134262084961,33.61171340942383,85.46739959716797,67.734375,6.266288757324219,0.003258645534515381,6.955810546875
3937,4.9212500016437843e-05,0.18337631225585938,48.86846160888672,38.729087829589844,85.46739959716797,67.734375,9.095207214355469,0.0021839141845703125,7.03369140625
3938,4.922500011161901e-05,0.20896373689174652,49.240203857421875,39.023704528808594,85.46739959716797,67.734375,7.695611476898193,0.005032002925872803,7.0577392578125
3939,4.923750020680018e-05,0.18482176959514618,25.649402618408203,20.327590942382812,85.46739959716797,67.734375,7.15779447555542,0.003955870866775513,6.626220703125
3940,4.9250000301981345e-05,0.23206228017807007,56.68777847290039,44.92603302001953,85.46739959716797,67.734375,7.81434440612793,0.0033068954944610596,6.57177734375
3941,4.926250039716251e-05,0.22836095094680786,49.66392135620117,39.35950469970703,85.46739959716797,67.734375,7.267670631408691,0.00397038459777832,6.9407958984375
3942,4.927500049234368e-05,0.1807430535554886,11.103849411010742,8.7999906539917,85.46739959716797,67.734375,7.946014881134033,0.003506213426589966,6.7100830078125
3943,4.9287500587524846e-05,0.1650562584400177,0.962487518787384,0.7627878189086914,85.46739959716797,67.734375,6.664696216583252,0.0036977827548980713,6.53955078125
3944,4.930000068270601e-05,0.17940281331539154,59.35614013671875,47.04075622558594,85.46739959716797,67.734375,6.0845489501953125,0.0032827556133270264,6.94921875
3945,4.931250077788718e-05,0.2125248908996582,40.91741180419922,32.42774963378906,85.46739959716797,67.734375,5.8530755043029785,0.0030541718006134033,7.0799560546875
3946,4.932500087306835e-05,0.16817203164100647,59.2884407043457,46.98710250854492,85.46739959716797,67.734375,6.712369918823242,0.003414541482925415,6.78466796875
3947,4.9337500968249515e-05,0.18877147138118744,4.149916172027588,3.28887939453125,85.46739959716797,67.734375,6.376583099365234,0.0024397075176239014,6.4210205078125
3948,4.935000106343068e-05,0.1928907185792923,46.03209686279297,36.481224060058594,85.46739959716797,67.734375,7.3639655113220215,0.0036379098892211914,6.325927734375
3949,4.936250115861185e-05,0.21047113835811615,10.667326927185059,8.454038619995117,85.46739959716797,67.734375,7.142621040344238,0.00314977765083313,6.665283203125
3950,4.9375001253793016e-05,0.203749880194664,37.31186294555664,29.570287704467773,85.46739959716797,67.734375,6.716057300567627,0.002657592296600342,6.89208984375
3951,4.938750134897418e-05,0.1953401416540146,0.8851350545883179,0.7014846801757812,85.46739959716797,67.734375,6.905989646911621,0.002766430377960205,6.4246826171875
3952,4.940000144415535e-05,0.1961817592382431,42.783504486083984,33.90665817260742,85.46739959716797,67.734375,6.149020195007324,0.003850579261779785,6.6973876953125
3953,4.941250153933652e-05,0.21195191144943237,1.0701313018798828,0.8480973243713379,85.46739959716797,67.734375,6.4382171630859375,0.003755509853363037,6.5343017578125
3954,4.9425001634517685e-05,0.22298504412174225,48.892173767089844,38.74788284301758,85.46739959716797,67.734375,5.196315765380859,0.0034393668174743652,6.487548828125
3955,4.943750172969885e-05,0.19666939973831177,49.199092864990234,38.99112319946289,85.46739959716797,67.734375,6.276902198791504,0.0034205615520477295,6.595458984375
3956,4.944999818690121e-05,0.23738165199756622,42.12596893310547,33.38555145263672,85.46739959716797,67.734375,6.332237243652344,0.0030514001846313477,6.51806640625
3957,4.946249828208238e-05,0.18774038553237915,10.738137245178223,8.510156631469727,85.46739959716797,67.734375,6.246835708618164,0.003119736909866333,6.7244873046875
3958,4.9474998377263546e-05,0.17107610404491425,47.31593322753906,37.498687744140625,85.46739959716797,67.734375,5.465620994567871,0.004232525825500488,6.2197265625
3959,4.948749847244471e-05,0.22971799969673157,9.818857192993164,7.781611919403076,85.46739959716797,67.734375,6.355874061584473,0.0031203925609588623,6.7513427734375
3960,4.949999856762588e-05,0.2013264149427414,39.16981506347656,31.042747497558594,85.46739959716797,67.734375,7.04287576675415,0.002973496913909912,7.0654296875
3961,4.951249866280705e-05,0.18950888514518738,8.842306137084961,7.007678508758545,85.46739959716797,67.734375,13.30881404876709,0.0027494728565216064,6.9229736328125
3962,4.9524998757988214e-05,0.1813206523656845,10.725337982177734,8.50001335144043,85.46739959716797,67.734375,5.54114294052124,0.00298464298248291,6.70166015625
3963,4.953749885316938e-05,0.1699707806110382,4.268455982208252,3.382824420928955,85.46739959716797,67.734375,5.872053146362305,0.0039359331130981445,6.7333984375
3964,4.954999894835055e-05,0.20356237888336182,10.510770797729492,8.329965591430664,85.46739959716797,67.734375,5.421622276306152,0.003213346004486084,6.7779541015625
3965,4.9562499043531716e-05,0.19037151336669922,20.295085906982422,16.08420181274414,85.46739959716797,67.734375,7.0127949714660645,0.0034403204917907715,6.6995849609375
3966,4.957499913871288e-05,0.19064220786094666,45.95426940917969,36.4195442199707,85.46739959716797,67.734375,7.402172565460205,0.00410306453704834,6.4234619140625
3967,4.958749923389405e-05,0.1952684223651886,43.81655502319336,34.72536849975586,85.46739959716797,67.734375,7.898752212524414,0.0035437345504760742,7.10302734375
3968,4.959999932907522e-05,0.1857953816652298,1.0167332887649536,0.8057785034179688,85.46739959716797,67.734375,6.619044780731201,0.004891097545623779,6.679931640625
3969,4.9612499424256384e-05,0.17318585515022278,4.14361572265625,3.283886432647705,85.46739959716797,67.734375,6.812041759490967,0.0035028457641601562,7.0274658203125
3970,4.962499951943755e-05,0.1799893081188202,47.942928314208984,37.99559020996094,85.46739959716797,67.734375,5.287714958190918,0.004403978586196899,6.655517578125
3971,4.963749961461872e-05,0.18477724492549896,53.00648498535156,42.008544921875,85.46739959716797,67.734375,10.444271087646484,0.0034393370151519775,6.556884765625
3972,4.9649999709799886e-05,0.17732875049114227,40.35631561279297,31.983068466186523,85.46739959716797,67.734375,5.4854350090026855,0.0029221177101135254,7.070068359375
3973,4.966249980498105e-05,0.22444067895412445,41.770938873291016,33.104183197021484,85.46739959716797,67.734375,7.366464614868164,0.0036833584308624268,6.5926513671875
3974,4.967499990016222e-05,0.16582868993282318,24.66350746154785,19.54625129699707,85.46739959716797,67.734375,6.736464500427246,0.0037851035594940186,6.8953857421875
3975,4.968749999534339e-05,0.20845438539981842,57.314327239990234,45.422584533691406,85.46739959716797,67.734375,6.695492744445801,0.004834473133087158,6.8651123046875
3976,4.9700000090524554e-05,0.22312398254871368,42.73588562011719,33.868919372558594,85.46739959716797,67.734375,6.524750232696533,0.004363536834716797,6.5938720703125
3977,4.971250018570572e-05,0.15011455118656158,50.768768310546875,40.23511505126953,85.46739959716797,67.734375,6.103998184204102,0.0029836297035217285,6.6466064453125
3978,4.972500028088689e-05,0.21765169501304626,55.04789733886719,43.626399993896484,85.46739959716797,67.734375,6.439528942108154,0.003353595733642578,6.9664306640625
3979,4.9737500376068056e-05,0.1947191059589386,11.016250610351562,8.73056697845459,85.46739959716797,67.734375,5.93488073348999,0.0038849711418151855,6.595458984375
3980,4.975000047124922e-05,0.1685515195131302,4.134922504425049,3.276996612548828,85.46739959716797,67.734375,6.762709140777588,0.0034068822860717773,6.441162109375
3981,4.976250056643039e-05,0.17205442488193512,11.02373218536377,8.736495971679688,85.46739959716797,67.734375,4.332387924194336,0.0029384493827819824,6.741943359375
3982,4.977500066161156e-05,0.19766712188720703,10.670943260192871,8.456905364990234,85.46739959716797,67.734375,6.735833168029785,0.002986997365951538,6.916748046875
3983,4.9787500756792724e-05,0.19596931338310242,44.16732406616211,35.003360748291016,85.46739959716797,67.734375,7.109014987945557,0.0035548806190490723,6.817626953125
3984,4.980000085197389e-05,0.15934893488883972,36.36006164550781,28.815969467163086,85.46739959716797,67.734375,6.274824142456055,0.0024053752422332764,6.9451904296875
3985,4.981250094715506e-05,0.16653965413570404,23.71599006652832,18.79532814025879,85.46739959716797,67.734375,6.686775207519531,0.0033368468284606934,6.7725830078125
3986,4.9825001042336226e-05,0.19750726222991943,47.313934326171875,37.497100830078125,85.46739959716797,67.734375,6.295539855957031,0.0032369494438171387,6.695556640625
3987,4.983750113751739e-05,0.16650089621543884,34.99931716918945,27.73755645751953,85.46739959716797,67.734375,5.200405120849609,0.0030913352966308594,6.762939453125
3988,4.985000123269856e-05,0.1892557442188263,21.429931640625,16.98358726501465,85.46739959716797,67.734375,6.297351360321045,0.002817511558532715,7.451416015625
3989,4.986250132787973e-05,0.19131088256835938,9.906328201293945,7.850934028625488,85.46739959716797,67.734375,5.522920608520508,0.0035656094551086426,6.41943359375
3961,4.951249866280705e-05,0.19908998906612396,13.191421508789062,10.478653907775879,13.744468688964844,10.91796875,11.073917388916016,0.00311279296875,6.911376953125
3962,4.9524998757988214e-05,0.21805448830127716,9.43209171295166,7.4924163818359375,13.744468688964844,10.91796875,10.948074340820312,0.003739684820175171,6.6807861328125
3963,4.953749885316938e-05,0.194807231426239,4.111184120178223,3.2657341957092285,13.744468688964844,10.91796875,12.191337585449219,0.004942357540130615,6.7254638671875
3964,4.954999894835055e-05,0.22325265407562256,10.796126365661621,8.575942039489746,13.744468688964844,10.91796875,12.181792259216309,0.003787219524383545,6.773193359375
3965,4.9562499043531716e-05,0.18134963512420654,17.577728271484375,13.962932586669922,18.961957931518555,15.0625,11.444150924682617,0.002614259719848633,6.69091796875
3966,4.957499913871288e-05,0.2057684063911438,47.61746597290039,37.82510757446289,51.54052734375,40.94140625,12.384737014770508,0.004730165004730225,6.4195556640625
3967,4.958749923389405e-05,0.23078228533267975,50.8448371887207,40.3887825012207,64.22281646728516,51.015625,13.650540351867676,0.002724945545196533,7.08203125
3968,4.959999932907522e-05,0.20903851091861725,1.0391472578048706,0.8254504203796387,64.22281646728516,51.015625,12.579278945922852,0.004050791263580322,6.709716796875
3969,4.9612499424256384e-05,0.18589544296264648,3.801029920578003,3.019361972808838,64.22281646728516,51.015625,12.683719635009766,0.00572165846824646,6.993408203125
3970,4.962499951943755e-05,0.22615700960159302,55.65532684326172,44.21001052856445,76.34449768066406,60.64453125,11.751508712768555,0.002894878387451172,6.662353515625
3971,4.963749961461872e-05,0.22789838910102844,53.21173095703125,42.2689323425293,80.34735870361328,63.82421875,14.197737693786621,0.00461655855178833,6.5457763671875
3972,4.9649999709799886e-05,0.1850389689207077,37.461116790771484,29.757375717163086,80.34735870361328,63.82421875,12.717595100402832,0.0034918785095214844,7.0382080078125
3973,4.966249980498105e-05,0.2269703894853592,56.82960891723633,45.14280700683594,92.78376770019531,73.703125,13.837870597839355,0.0028761625289916992,6.617431640625
3974,4.967499990016222e-05,0.19297848641872406,24.64574432373047,19.577436447143555,92.78376770019531,73.703125,12.725933074951172,0.00460439920425415,6.883056640625
3975,4.968749999534339e-05,0.20691843330860138,38.30488586425781,30.42762565612793,92.78376770019531,73.703125,12.805305480957031,0.002823948860168457,6.8525390625
3976,4.9700000090524554e-05,0.20983116328716278,46.61369323730469,37.02775573730469,92.79114532470703,73.708984375,12.531672477722168,0.003255218267440796,6.5797119140625
3977,4.971250018570572e-05,0.17466005682945251,51.31074523925781,40.75887680053711,92.79114532470703,73.708984375,11.392167091369629,0.0040400028228759766,6.5833740234375
3978,4.972500028088689e-05,0.22210897505283356,55.058773040771484,43.73613739013672,98.13894653320312,77.95703125,11.83974552154541,0.003563523292541504,6.9703369140625
3979,4.9737500376068056e-05,0.17946523427963257,10.865180015563965,8.630794525146484,57.37516784667969,45.576171875,11.66592025756836,0.002882719039916992,6.590576171875
3980,4.975000047124922e-05,0.1909152716398239,3.8732008934020996,3.076691150665283,57.37516784667969,45.576171875,11.924489974975586,0.0032364726066589355,6.4327392578125
3981,4.976250056643039e-05,0.18194761872291565,12.029618263244629,9.555770874023438,57.37516784667969,45.576171875,11.3506498336792,0.0027074217796325684,6.741943359375
3982,4.977500066161156e-05,0.17594124376773834,10.27607250213623,8.162836074829102,57.37516784667969,45.576171875,11.165699005126953,0.002793043851852417,6.929931640625
3983,4.9787500756792724e-05,0.21419231593608856,42.88737869262695,34.067745208740234,57.37516784667969,45.576171875,13.633016586303711,0.0023016929626464844,6.7890625
3984,4.980000085197389e-05,0.18685980141162872,38.81694412231445,30.834381103515625,57.37516784667969,45.576171875,12.709351539611816,0.0026033222675323486,6.9580078125
3985,4.981250094715506e-05,0.18274101614952087,23.272050857543945,18.486238479614258,57.37516784667969,45.576171875,12.78513240814209,0.004021197557449341,6.751708984375
3986,4.9825001042336226e-05,0.19031162559986115,44.5565071105957,35.39362335205078,57.37516784667969,45.576171875,13.843717575073242,0.003005683422088623,6.646484375
3987,4.983750113751739e-05,0.17445406317710876,34.25014114379883,27.20672607421875,57.37516784667969,45.576171875,12.703742027282715,0.003711998462677002,6.7327880859375
3988,4.985000123269856e-05,0.1870206594467163,19.62994956970215,15.593121528625488,57.37516784667969,45.576171875,11.828548431396484,0.002356022596359253,7.42138671875
3989,4.986250132787973e-05,0.19364076852798462,11.292734146118164,8.97042465209961,57.37516784667969,45.576171875,13.079853057861328,0.0034093260765075684,6.4200439453125
3961,4.951249866280705e-05,0.211971253156662,13.192017555236816,10.479126930236816,13.724798202514648,10.90234375,10.877155303955078,0.0031096339225769043,6.917724609375
3962,4.9524998757988214e-05,0.20044492185115814,9.433370590209961,7.493432521820068,13.724798202514648,10.90234375,10.2136812210083,0.003319472074508667,6.6865234375
3963,4.953749885316938e-05,0.1917729526758194,4.110493183135986,3.2651853561401367,13.724798202514648,10.90234375,8.952771186828613,0.007324099540710449,6.7442626953125
3964,4.954999894835055e-05,0.21030232310295105,10.79041576385498,8.571406364440918,13.724798202514648,10.90234375,10.901386260986328,0.0029320716857910156,6.7774658203125
3965,4.9562499043531716e-05,0.18008027970790863,17.58018684387207,13.964885711669922,18.94228744506836,15.046875,10.497897148132324,0.005600333213806152,6.7147216796875
3966,4.957499913871288e-05,0.19720034301280975,47.62583923339844,37.83176040649414,51.52085876464844,40.92578125,10.670915603637695,0.004059135913848877,6.4444580078125
3967,4.958749923389405e-05,0.2217017114162445,50.84391403198242,40.38804626464844,64.20314025878906,51.0,11.750231742858887,0.0022003650665283203,7.102294921875
3968,4.959999932907522e-05,0.1996821016073227,1.0381778478622437,0.8246803283691406,64.20314025878906,51.0,8.906875610351562,0.0038216710090637207,6.7099609375
3969,4.9612499424256384e-05,0.17211568355560303,3.796675443649292,3.0159029960632324,64.20314025878906,51.0,10.142791748046875,0.002446770668029785,7.014404296875
3970,4.962499951943755e-05,0.21973998844623566,55.66499328613281,44.217689514160156,76.3248291015625,60.62890625,10.887982368469238,0.0032734274864196777,6.66552734375
3971,4.963749961461872e-05,0.21481557190418243,53.21769332885742,42.27366638183594,80.32769012451172,63.80859375,12.519227981567383,0.003456413745880127,6.5596923828125
3972,4.9649999709799886e-05,0.17717409133911133,37.4658088684082,29.76110076904297,80.32769012451172,63.80859375,10.152700424194336,0.0029636621475219727,7.045654296875
3973,4.966249980498105e-05,0.2188626378774643,56.83182907104492,45.144569396972656,92.76409912109375,73.6875,10.1045560836792,0.0033406615257263184,6.63671875
3974,4.967499990016222e-05,0.1891355663537979,24.645570755004883,19.57729721069336,92.76409912109375,73.6875,10.951451301574707,0.0030227303504943848,6.8885498046875
3975,4.968749999534339e-05,0.196740984916687,38.31282424926758,30.433931350708008,92.76409912109375,73.6875,10.69351577758789,0.002446770668029785,6.8580322265625
3976,4.9700000090524554e-05,0.2070470154285431,46.61735153198242,37.030662536621094,92.7690200805664,73.69140625,10.33639144897461,0.005102932453155518,6.584716796875
3977,4.971250018570572e-05,0.17132459580898285,51.31390380859375,40.76138687133789,92.7690200805664,73.69140625,10.364017486572266,0.00353318452835083,6.5987548828125
3978,4.972500028088689e-05,0.2066836953163147,55.06803512573242,43.74349594116211,98.1168212890625,77.939453125,10.624977111816406,0.002728700637817383,6.987548828125
3979,4.9737500376068056e-05,0.17839139699935913,10.864110946655273,8.629945755004883,57.441551208496094,45.62890625,10.741081237792969,0.002378404140472412,6.6041259765625
3980,4.975000047124922e-05,0.1879294067621231,3.881924629211426,3.083621025085449,57.441551208496094,45.62890625,10.79623794555664,0.002942383289337158,6.4447021484375
3981,4.976250056643039e-05,0.18539856374263763,12.022940635681152,9.550466537475586,57.441551208496094,45.62890625,10.114923477172852,0.002830684185028076,6.748779296875
3982,4.977500066161156e-05,0.16454702615737915,10.272643089294434,8.160111427307129,57.441551208496094,45.62890625,10.519696235656738,0.003436952829360962,6.929443359375
3983,4.9787500756792724e-05,0.20764091610908508,42.89461135864258,34.073490142822266,57.441551208496094,45.62890625,10.865263938903809,0.002495288848876953,6.801513671875
3984,4.980000085197389e-05,0.18487675487995148,38.82232666015625,30.83865737915039,57.441551208496094,45.62890625,10.456219673156738,0.002492576837539673,6.9635009765625
3985,4.981250094715506e-05,0.17253223061561584,23.2728271484375,18.486854553222656,57.441551208496094,45.62890625,10.039373397827148,0.0033146142959594727,6.764404296875
3986,4.9825001042336226e-05,0.185324028134346,44.565765380859375,35.400978088378906,57.441551208496094,45.62890625,11.582228660583496,0.003186643123626709,6.6634521484375
3987,4.983750113751739e-05,0.18135970830917358,34.24468231201172,27.2023868560791,57.441551208496094,45.62890625,10.494129180908203,0.004745662212371826,6.75048828125
3988,4.985000123269856e-05,0.17523732781410217,19.627145767211914,15.59089469909668,57.441551208496094,45.62890625,9.81026554107666,0.002123028039932251,7.4259033203125
3989,4.986250132787973e-05,0.18823300302028656,11.292386054992676,8.970148086547852,57.441551208496094,45.62890625,11.156970977783203,0.004335999488830566,6.440185546875
3961,4.951249866280705e-05,0.197513148188591,13.195140838623047,10.481608390808105,13.739551544189453,10.9140625,10.09070873260498,0.002694070339202881,6.9000244140625
3962,4.9524998757988214e-05,0.1966482400894165,9.433709144592285,7.493700981140137,13.739551544189453,10.9140625,9.503461837768555,0.0033042430877685547,6.681884765625
3963,4.953749885316938e-05,0.1844196766614914,4.11264705657959,3.2668962478637695,13.739551544189453,10.9140625,11.10208511352539,0.0031455159187316895,6.733154296875
3964,4.954999894835055e-05,0.20877203345298767,10.794482231140137,8.574636459350586,13.739551544189453,10.9140625,10.496743202209473,0.004354536533355713,6.7830810546875
3965,4.9562499043531716e-05,0.17662063241004944,17.58292579650879,13.967061996459961,18.957040786743164,15.05859375,10.9633207321167,0.0027725696563720703,6.703857421875
3966,4.957499913871288e-05,0.20589257776737213,47.62040328979492,37.82743835449219,51.191383361816406,40.6640625,11.908350944519043,0.0035338997840881348,6.4144287109375
3967,4.958749923389405e-05,0.22028328478336334,50.84265899658203,40.38705062866211,63.8736686706543,50.73828125,12.235427856445312,0.0023407936096191406,7.08544921875
3968,4.959999932907522e-05,0.20947705209255219,1.0401498079299927,0.8262467384338379,63.8736686706543,50.73828125,10.18613338470459,0.00348547101020813,6.699951171875
3969,4.9612499424256384e-05,0.17922653257846832,3.8049204349517822,3.0224523544311523,63.8736686706543,50.73828125,9.892611503601074,0.002533823251724243,6.9969482421875
3970,4.962499951943755e-05,0.22454535961151123,55.65679931640625,44.211181640625,75.99535369873047,60.3671875,11.25516414642334,0.004137992858886719,6.660888671875
3971,4.963749961461872e-05,0.2282857745885849,53.21112060546875,42.26844787597656,79.99821472167969,63.546875,11.47776985168457,0.0034227073192596436,6.533447265625
3972,4.9649999709799886e-05,0.17596402764320374,37.45943069458008,29.75603485107422,79.99821472167969,63.546875,9.854471206665039,0.005549013614654541,7.0411376953125
3973,4.966249980498105e-05,0.22300396859645844,56.831783294677734,45.144535064697266,92.43462371826172,73.42578125,11.04037094116211,0.00279158353805542,6.6163330078125
3974,4.967499990016222e-05,0.2026672214269638,24.640823364257812,19.573528289794922,92.43462371826172,73.42578125,10.898077011108398,0.0034201741218566895,6.86865234375
3975,4.968749999534339e-05,0.1900932341814041,38.304229736328125,30.427104949951172,92.43462371826172,73.42578125,10.426495552062988,0.002942383289337158,6.8380126953125
3976,4.9700000090524554e-05,0.2149069458246231,46.61069869995117,37.02537536621094,92.44200134277344,73.431640625,9.838433265686035,0.0031656622886657715,6.569580078125
3977,4.971250018570572e-05,0.15995006263256073,51.31111526489258,40.75917053222656,92.44200134277344,73.431640625,9.4396390914917,0.003278672695159912,6.585693359375
3978,4.972500028088689e-05,0.20774438977241516,55.05888366699219,43.73622512817383,98.90362548828125,78.564453125,8.904571533203125,0.002751946449279785,6.97314453125
3979,4.9737500376068056e-05,0.17670659720897675,10.868385314941406,8.633340835571289,57.64071273803711,45.787109375,10.613335609436035,0.002409130334854126,6.589599609375
3980,4.975000047124922e-05,0.18463928997516632,3.8736486434936523,3.0770468711853027,57.64071273803711,45.787109375,10.5355224609375,0.003604024648666382,6.435302734375
3981,4.976250056643039e-05,0.1800922006368637,12.023508071899414,9.550917625427246,57.64071273803711,45.787109375,10.620616912841797,0.0031731724739074707,6.7442626953125
3982,4.977500066161156e-05,0.16622501611709595,10.271366119384766,8.159097671508789,57.64071273803711,45.787109375,10.412412643432617,0.0022693872451782227,6.9256591796875
3983,4.9787500756792724e-05,0.20570795238018036,42.8931999206543,34.07236862182617,57.64071273803711,45.787109375,10.283019065856934,0.0021742582321166992,6.7738037109375
3984,4.980000085197389e-05,0.1781628429889679,38.816444396972656,30.833984375,57.64071273803711,45.787109375,10.64067554473877,0.0021696090698242188,6.9619140625
3985,4.981250094715506e-05,0.16745100915431976,23.27313804626465,18.487102508544922,57.64071273803711,45.787109375,10.417098045349121,0.0032615959644317627,6.7486572265625
3986,4.9825001042336226e-05,0.1946154683828354,44.55906295776367,35.395652770996094,57.64071273803711,45.787109375,11.440827369689941,0.0029001832008361816,6.6583251953125
3987,4.983750113751739e-05,0.169342041015625,34.24413299560547,27.201950073242188,57.64071273803711,45.787109375,10.906835556030273,0.0029285550117492676,6.746826171875
3988,4.985000123269856e-05,0.17817379534244537,19.626251220703125,15.59018325805664,57.64071273803711,45.787109375,11.426365852355957,0.0021719038486480713,7.4180908203125
3989,4.986250132787973e-05,0.1891975998878479,11.297708511352539,8.97437572479248,57.64071273803711,45.787109375,10.872824668884277,0.003260195255279541,6.43115234375
3961,4.951249866280705e-05,0.19760273396968842,13.225090980529785,10.481110572814941,13.768926620483398,10.912109375,9.878194808959961,0.002421945333480835,6.9027099609375
3962,4.9524998757988214e-05,0.19579851627349854,9.456245422363281,7.494236469268799,13.768926620483398,10.912109375,9.466898918151855,0.003292649984359741,6.689208984375
3963,4.953749885316938e-05,0.18510989844799042,4.125601768493652,3.2696099281311035,13.768926620483398,10.912109375,9.396474838256836,0.003155350685119629,6.7315673828125
3964,4.954999894835055e-05,0.20590634644031525,10.819403648376465,8.574562072753906,13.768926620483398,10.912109375,10.026751518249512,0.002751290798187256,6.77392578125
3965,4.9562499043531716e-05,0.1682533323764801,17.622976303100586,13.966510772705078,18.998506546020508,15.056640625,10.467720985412598,0.002416670322418213,6.70361328125
3966,4.957499913871288e-05,0.20114031434059143,47.73012161254883,37.826934814453125,51.637786865234375,40.923828125,10.912408828735352,0.0031975507736206055,6.43408203125
3967,4.958749923389405e-05,0.2204063981771469,50.9575080871582,40.38469314575195,64.34945678710938,50.998046875,11.393198013305664,0.0022072792053222656,7.082275390625
3968,4.959999932907522e-05,0.1972464770078659,1.0403345823287964,0.8244829177856445,64.34945678710938,50.998046875,10.079804420471191,0.0034858882427215576,6.7105712890625
3969,4.9612499424256384e-05,0.17117273807525635,3.808638572692871,3.018411159515381,64.34945678710938,50.998046875,10.244430541992188,0.00218084454536438,7.007568359375
3970,4.962499951943755e-05,0.21920505166053772,55.78630447387695,44.21159744262695,76.49923706054688,60.626953125,13.489542007446289,0.0027396082878112793,6.6712646484375
3971,4.963749961461872e-05,0.20994582772254944,53.33760070800781,42.27096176147461,80.5113754272461,63.806640625,12.858786582946777,0.0036142468452453613,6.53662109375
3972,4.9649999709799886e-05,0.17614366114139557,37.54643630981445,29.75619125366211,80.5113754272461,63.806640625,12.039164543151855,0.002519071102142334,7.048583984375
3973,4.966249980498105e-05,0.21941883862018585,56.96066665649414,45.142303466796875,92.97660064697266,73.685546875,13.671067237854004,0.002721428871154785,6.6085205078125
3974,4.967499990016222e-05,0.17875882983207703,24.70311737060547,19.57764434814453,92.97660064697266,73.685546875,11.461810111999512,0.002699226140975952,6.8853759765625
3975,4.968749999534339e-05,0.19762471318244934,38.39883804321289,30.43173599243164,92.97660064697266,73.685546875,13.987069129943848,0.0030429959297180176,6.865478515625
3976,4.9700000090524554e-05,0.20470444858074188,46.7235107421875,37.02918243408203,92.98399353027344,73.69140625,11.842418670654297,0.002956867218017578,6.5726318359375
3977,4.971250018570572e-05,0.16975440084934235,51.42741012573242,40.757102966308594,92.98399353027344,73.69140625,12.456632614135742,0.0032239556312561035,6.5965576171875
3978,4.972500028088689e-05,0.2197604477405548,55.18947982788086,43.73860549926758,98.34419250488281,77.939453125,9.999960899353027,0.0027390718460083008,6.9810791015625
3979,4.9737500376068056e-05,0.17699900269508362,10.894639015197754,8.634187698364258,57.552486419677734,45.611328125,10.020180702209473,0.0023448169231414795,6.5985107421875
3980,4.975000047124922e-05,0.20082321763038635,3.8818869590759277,3.0764617919921875,57.552486419677734,45.611328125,10.388886451721191,0.0028956830501556396,6.4393310546875
3981,4.976250056643039e-05,0.18000777065753937,12.050776481628418,9.550445556640625,57.552486419677734,45.611328125,10.757381439208984,0.002609461545944214,6.7569580078125
3982,4.977500066161156e-05,0.1637733280658722,10.297932624816895,8.161287307739258,57.552486419677734,45.611328125,10.254555702209473,0.0021794140338897705,6.9329833984375
3983,4.9787500756792724e-05,0.2240734100341797,42.98882293701172,34.069374084472656,57.552486419677734,45.611328125,10.755191802978516,0.002114802598953247,6.7974853515625
3984,4.980000085197389e-05,0.18558871746063232,38.906314849853516,30.83391761779785,57.552486419677734,45.611328125,10.257833480834961,0.002164989709854126,6.9700927734375
3985,4.981250094715506e-05,0.17668427526950836,23.327768325805664,18.487655639648438,57.552486419677734,45.611328125,11.59900951385498,0.0032772719860076904,6.756103515625
3986,4.9825001042336226e-05,0.18737655878067017,44.66034698486328,35.39408874511719,57.552486419677734,45.611328125,13.059709548950195,0.0029026567935943604,6.667236328125
3987,4.983750113751739e-05,0.17294615507125854,34.319854736328125,27.19906997680664,57.552486419677734,45.611328125,11.653685569763184,0.0029738545417785645,6.7481689453125
3988,4.985000123269856e-05,0.17679408192634583,19.668798446655273,15.587859153747559,57.552486419677734,45.611328125,13.363367080688477,0.002138286828994751,7.4342041015625
3989,4.986250132787973e-05,0.18639978766441345,11.323198318481445,8.973828315734863,57.552486419677734,45.611328125,11.655089378356934,0.0033103227615356445,6.433349609375
3990,4.9875001423060894e-05,0.17849189043045044,37.29370880126953,29.5559024810791,57.552486419677734,45.611328125,10.236751556396484,0.0023533105850219727,6.749267578125
3991,4.988750151824206e-05,0.17972464859485626,11.674442291259766,9.252195358276367,57.552486419677734,45.611328125,12.805428504943848,0.003056824207305908,6.6094970703125
3992,4.990000161342323e-05,0.18368667364120483,52.85111618041992,41.885414123535156,62.83135223388672,49.794921875,12.263870239257812,0.0032547414302825928,6.675537109375
3993,4.9912501708604395e-05,0.17399901151657104,55.5928840637207,44.058311462402344,63.82206726074219,50.580078125,12.0391263961792,0.002820611000061035,6.64599609375
3994,4.992500180378556e-05,0.19744563102722168,47.222862243652344,37.4249267578125,63.82206726074219,50.580078125,12.146368980407715,0.002574622631072998,6.9891357421875
3995,4.993749826098792e-05,0.18274299800395966,48.265777587890625,38.2514533996582,63.82206726074219,50.580078125,11.652606964111328,0.00203859806060791,6.94189453125
3996,4.994999835616909e-05,0.2808425724506378,52.80369567871094,41.84783172607422,63.82206726074219,50.580078125,11.002632141113281,0.0022478103637695312,6.9193115234375
3997,4.996249845135026e-05,0.19152501225471497,1.0115209817886353,0.8016476631164551,63.82206726074219,50.580078125,11.984018325805664,0.0016862154006958008,7.0001220703125
3998,4.9974998546531424e-05,0.21118147671222687,51.56370544433594,40.86511993408203,63.82206726074219,50.580078125,11.483657836914062,0.0017648935317993164,7.0498046875
3999,4.998749864171259e-05,0.17712078988552094,22.688196182250977,17.980783462524414,63.82206726074219,50.580078125,11.056646347045898,0.0018901824951171875,6.6708984375
4000,4.999999873689376e-05,0.2229323834180832,23.388219833374023,18.535564422607422,63.82206726074219,50.580078125,11.193572998046875,0.0032428503036499023,6.5321044921875
4001,5.0012498832074925e-05,0.174112930893898,58.952518463134766,46.72087860107422,68.78055572509766,54.509765625,13.732766151428223,0.0019280612468719482,6.9071044921875
4002,5.002499892725609e-05,0.18693628907203674,21.507898330688477,17.045377731323242,68.78055572509766,54.509765625,11.033884048461914,0.0023888051509857178,6.697998046875
4003,5.003749902243726e-05,0.18649357557296753,41.93936538696289,33.23766326904297,68.78055572509766,54.509765625,13.775879859924316,0.002943873405456543,6.593017578125
4004,5.004999911761843e-05,0.1746053844690323,41.204002380371094,32.654876708984375,68.78055572509766,54.509765625,14.810532569885254,0.002601146697998047,6.9603271484375
4005,5.0062499212799594e-05,0.22428348660469055,45.24842071533203,35.86014938354492,68.78055572509766,54.509765625,12.386472702026367,0.002282261848449707,7.045654296875
4006,5.007499930798076e-05,0.1613471657037735,36.79933547973633,29.164100646972656,68.78055572509766,54.509765625,10.698634147644043,0.0025579333305358887,6.8388671875
4007,5.008749940316193e-05,0.20653818547725677,48.56277847290039,38.48683166503906,68.78055572509766,54.509765625,11.503270149230957,0.0024674534797668457,6.4947509765625
4008,5.0099999498343095e-05,0.17575593292713165,48.681766510009766,38.58113098144531,68.78055572509766,54.509765625,13.476226806640625,0.003513813018798828,6.3231201171875
4009,5.011249959352426e-05,0.19612644612789154,4.153623104095459,3.2918171882629395,68.78055572509766,54.509765625,12.249772071838379,0.003127455711364746,6.72265625
4010,5.012499968870543e-05,0.18041351437568665,37.670135498046875,29.85422706604004,68.78055572509766,54.509765625,12.864842414855957,0.001988619565963745,6.831787109375
4011,5.0137499783886597e-05,0.18446899950504303,4.014939308166504,3.181908130645752,68.78055572509766,54.509765625,11.288657188415527,0.0027819275856018066,6.4791259765625
4012,5.0149999879067764e-05,0.19813530147075653,41.8897819519043,33.198368072509766,68.78055572509766,54.509765625,10.525941848754883,0.0030095279216766357,6.65185546875
4013,5.016249997424893e-05,0.1853911131620407,35.09720230102539,27.81513214111328,68.78055572509766,54.509765625,11.854822158813477,0.002733469009399414,6.5494384765625
4014,5.01750000694301e-05,0.18086156249046326,4.057369709014893,3.2155346870422363,68.78055572509766,54.509765625,11.669673919677734,0.00233420729637146,6.45458984375
4015,5.0187500164611265e-05,0.25222283601760864,24.77728271484375,19.63642120361328,68.78055572509766,54.509765625,10.257683753967285,0.0029758214950561523,6.554931640625
4016,5.020000025979243e-05,0.17717532813549042,48.240169525146484,38.23115921020508,68.78055572509766,54.509765625,12.003667831420898,0.0026787221431732178,6.4296875
4017,5.02125003549736e-05,0.20989768207073212,46.96245574951172,37.21854782104492,68.78055572509766,54.509765625,11.979920387268066,0.0035836994647979736,6.8001708984375
4018,5.0225000450154766e-05,0.18079528212547302,52.66666793823242,41.739234924316406,68.78055572509766,54.509765625,12.791160583496094,0.003751814365386963,6.18896484375
4019,5.0237500545335934e-05,0.198655366897583,41.470069885253906,32.86573791503906,68.78055572509766,54.509765625,12.63353157043457,0.0024242401123046875,6.7633056640625
4020,5.02500006405171e-05,0.1929013431072235,39.59765625,31.381816864013672,68.78055572509766,54.509765625,11.612418174743652,0.002224534749984741,7.0040283203125
4021,5.026250073569827e-05,0.19277605414390564,58.25840377807617,46.170780181884766,88.1043701171875,69.82421875,16.79109764099121,0.0021969974040985107,6.95703125
4022,5.0275000830879435e-05,0.23313404619693756,37.5333251953125,29.74580192565918,88.1043701171875,69.82421875,12.31801986694336,0.002460479736328125,6.654541015625
4023,5.02875009260606e-05,0.20680885016918182,41.82905960083008,33.150245666503906,88.1043701171875,69.82421875,10.777852058410645,0.002919614315032959,6.827880859375
4024,5.030000102124177e-05,0.19635814428329468,56.882816314697266,45.080604553222656,88.1043701171875,69.82421875,10.657502174377441,0.0026555657386779785,6.833251953125
4025,5.0312501116422936e-05,0.17230919003486633,19.0725040435791,15.11528491973877,88.1043701171875,69.82421875,12.492377281188965,0.0027590394020080566,6.6209716796875
4026,5.0325001211604103e-05,0.18103528022766113,3.852454900741577,3.0531363487243652,88.1043701171875,69.82421875,9.645256996154785,0.0035791993141174316,6.322509765625
4027,5.033750130678527e-05,0.18031641840934753,4.442824363708496,3.5210142135620117,88.1043701171875,69.82421875,9.960705757141113,0.002362579107284546,7.0426025390625
4028,5.035000140196644e-05,0.18175262212753296,60.28678894042969,47.77831268310547,92.89527893066406,73.62109375,10.563592910766602,0.0028085708618164062,6.7847900390625
4029,5.0362501497147605e-05,0.22274862229824066,42.692420959472656,33.83447265625,92.89527893066406,73.62109375,10.872075080871582,0.00204506516456604,7.0567626953125
4030,5.037500159232877e-05,0.17813940346240997,51.425113677978516,40.755279541015625,92.89527893066406,73.62109375,10.965210914611816,0.002280592918395996,6.6297607421875
4031,5.038750168750994e-05,0.18839651346206665,4.0274763107299805,3.1918439865112305,92.89527893066406,73.62109375,7.879057884216309,0.002534806728363037,6.564453125
4032,5.0400001782691106e-05,0.20789651572704315,47.87895202636719,37.944889068603516,92.89527893066406,73.62109375,10.18852424621582,0.0016759037971496582,6.9970703125
4033,5.0412498239893466e-05,0.17552366852760315,47.95052719116211,38.001609802246094,92.89527893066406,73.62109375,10.249634742736816,0.0028225183486938477,6.6239013671875
4034,5.042499833507463e-05,0.1905195116996765,23.769489288330078,18.837726593017578,92.89527893066406,73.62109375,8.918791770935059,0.002818554639816284,6.83154296875
4035,5.04374984302558e-05,0.19934998452663422,51.09316635131836,40.492210388183594,92.89527893066406,73.62109375,10.289444923400879,0.002443283796310425,6.8455810546875
4036,5.044999852543697e-05,0.19188043475151062,50.376461029052734,39.9242057800293,92.89527893066406,73.62109375,9.476009368896484,0.0025708377361297607,6.57373046875
4037,5.0462498620618135e-05,0.1771058440208435,44.62350082397461,35.36488723754883,92.89527893066406,73.62109375,11.154473304748535,0.0028082430362701416,6.6033935546875
4038,5.04749987157993e-05,0.1967778205871582,22.10488510131836,17.51849937438965,92.89527893066406,73.62109375,10.339620590209961,0.0035073161125183105,6.9508056640625
4039,5.048749881098047e-05,0.19540716707706451,0.9600423574447632,0.7608499526977539,92.96674346923828,73.677734375,9.640457153320312,0.002945154905319214,6.6387939453125
4040,5.0499998906161636e-05,0.1902812421321869,50.116703033447266,39.718345642089844,92.96674346923828,73.677734375,11.723040580749512,0.002626180648803711,6.50341796875
4041,5.05124990013428e-05,0.1797679364681244,48.525169372558594,38.457027435302734,92.96674346923828,73.677734375,10.701398849487305,0.002483665943145752,6.7664794921875
4042,5.052499909652397e-05,0.1991923302412033,0.86899334192276,0.6886920928955078,93.11461639404297,73.794921875,9.354729652404785,0.0016943514347076416,6.8897705078125
4043,5.053749919170514e-05,0.16054821014404297,4.403405666351318,3.489774227142334,93.11461639404297,73.794921875,10.261388778686523,0.0020376741886138916,6.783447265625
4044,5.0549999286886305e-05,0.2148970514535904,53.543277740478516,42.433963775634766,93.11461639404297,73.794921875,11.221451759338379,0.002208411693572998,6.856201171875
4045,5.056249938206747e-05,0.16577965021133423,43.41506576538086,34.40718078613281,93.11461639404297,73.794921875,10.104165077209473,0.003479897975921631,6.768798828125
4046,5.057499947724864e-05,0.2039279341697693,19.660640716552734,15.581393241882324,93.11461639404297,73.794921875,10.736461639404297,0.0023346543312072754,6.6507568359375
4047,5.0587499572429806e-05,0.19928202033042908,21.898086547851562,17.35460662841797,93.11461639404297,73.794921875,10.057720184326172,0.002840280532836914,6.6910400390625
4048,5.059999966761097e-05,0.1912841647863388,4.1965765953063965,3.3258585929870605,93.11461639404297,73.794921875,9.80528450012207,0.002195596694946289,7.44580078125
4049,5.061249976279214e-05,0.20654787123203278,22.776424407958984,18.050704956054688,93.11461639404297,73.794921875,10.08057689666748,0.0031064748764038086,6.5074462890625
4050,5.062499985797331e-05,0.23886001110076904,46.64073181152344,36.96357727050781,93.11461639404297,73.794921875,10.915458679199219,0.003244638442993164,6.788818359375
4051,5.0637499953154474e-05,0.21949510276317596,4.423553943634033,3.505742073059082,93.11461639404297,73.794921875,11.269462585449219,0.003295212984085083,6.58544921875
4052,5.065000004833564e-05,0.22031338512897491,4.077958106994629,3.231851577758789,93.11461639404297,73.794921875,11.686750411987305,0.0023863017559051514,6.677734375
4053,5.066250014351681e-05,0.1844562143087387,36.49801254272461,28.92530059814453,93.11461639404297,73.794921875,13.641332626342773,0.0024154186248779297,6.614501953125
4054,5.0675000238697976e-05,0.1939660906791687,4.1773223876953125,3.3105993270874023,93.11461639404297,73.794921875,10.621980667114258,0.0026461780071258545,6.965576171875
4055,5.068750033387914e-05,0.1891922503709793,51.747802734375,41.011016845703125,93.11461639404297,73.794921875,10.288875579833984,0.002316892147064209,6.97021484375
4056,5.070000042906031e-05,0.18564939498901367,50.80909729003906,40.2670783996582,93.11461639404297,73.794921875,13.013946533203125,0.002148151397705078,6.935791015625
4057,5.071250052424148e-05,0.19046573340892792,46.05664825439453,36.50067901611328,93.11461639404297,73.794921875,10.272432327270508,0.002677351236343384,7.0816650390625
4058,5.0725000619422644e-05,0.21015852689743042,11.810894966125488,9.360336303710938,93.11461639404297,73.794921875,10.959797859191895,0.00275421142578125,7.087158203125
4059,5.073750071460381e-05,0.18618500232696533,49.2033805847168,38.9945182800293,93.11461639404297,73.794921875,10.236287117004395,0.002134978771209717,6.724365234375
4060,5.075000080978498e-05,0.18446215987205505,24.092092514038086,19.093395233154297,93.11461639404297,73.794921875,9.894365310668945,0.003736436367034912,6.5908203125
4061,5.0762500904966146e-05,0.19366304576396942,1.018801212310791,0.8074173927307129,93.11461639404297,73.794921875,8.462936401367188,0.002481013536453247,6.81787109375
4062,5.077500100014731e-05,0.2384263575077057,49.958526611328125,39.592987060546875,93.11461639404297,73.794921875,12.53408145904541,0.002000361680984497,6.70849609375
4063,5.078750109532848e-05,0.18001730740070343,51.849754333496094,41.09181594848633,93.11461639404297,73.794921875,11.46263599395752,0.004075586795806885,6.6241455078125
4064,5.080000119050965e-05,0.18311581015586853,17.48591423034668,13.857885360717773,93.11461639404297,73.794921875,9.83264446258545,0.002869546413421631,6.9102783203125
4065,5.0812501285690814e-05,0.18608638644218445,21.62309455871582,17.136672973632812,93.11461639404297,73.794921875,8.819952964782715,0.002139538526535034,6.942138671875
4066,5.082500138087198e-05,0.19626137614250183,44.20795822143555,35.035560607910156,93.11461639404297,73.794921875,11.735854148864746,0.0025728940963745117,6.7808837890625
4067,5.083750147605315e-05,0.17441487312316895,21.133567810058594,16.748714447021484,93.11461639404297,73.794921875,8.952266693115234,0.00240403413772583,6.512451171875
4068,5.0850001571234316e-05,0.23854780197143555,40.538368225097656,32.127349853515625,93.11461639404297,73.794921875,9.161955833435059,0.0033592283725738525,6.3243408203125
4069,5.086250166641548e-05,0.16030962765216827,40.20513916015625,31.86326026916504,93.11461639404297,73.794921875,11.27017593383789,0.0034672021865844727,6.794189453125
4070,5.087500176159665e-05,0.1964661031961441,42.53455352783203,33.70935821533203,93.11461639404297,73.794921875,12.748122215270996,0.0021517276763916016,6.8453369140625
4071,5.088749821879901e-05,0.17712248861789703,24.281503677368164,19.243507385253906,93.11461639404297,73.794921875,12.911673545837402,0.003174036741256714,6.443603515625
4072,5.089999831398018e-05,0.16667386889457703,55.516971588134766,43.99814987182617,93.11461639404297,73.794921875,11.337331771850586,0.0028392672538757324,6.6749267578125
4073,5.0912498409161344e-05,0.18104033172130585,10.861549377441406,8.607963562011719,93.11461639404297,73.794921875,11.136008262634277,0.0024746060371398926,6.4920654296875
4074,5.092499850434251e-05,0.20913134515285492,53.242332458496094,42.195457458496094,93.11461639404297,73.794921875,12.266535758972168,0.003169417381286621,6.5164794921875
4075,5.093749859952368e-05,0.17843034863471985,10.933671951293945,8.665121078491211,93.11461639404297,73.794921875,9.837871551513672,0.004152238368988037,6.5615234375
4076,5.0949998694704846e-05,0.1897825002670288,46.41563034057617,36.785179138183594,93.11461639404297,73.794921875,11.190768241882324,0.0030837953090667725,6.3515625
4077,5.096249878988601e-05,0.17035788297653198,11.403546333312988,9.037505149841309,93.11461639404297,73.794921875,11.51208782196045,0.0026783645153045654,6.821533203125
4078,5.097499888506718e-05,0.16395890712738037,45.698028564453125,36.216468811035156,93.11461639404297,73.794921875,10.861268043518066,0.0032781362533569336,6.153564453125
4079,5.098749898024835e-05,0.20915120840072632,58.16482925415039,46.09661865234375,93.11461639404297,73.794921875,11.693249702453613,0.003240734338760376,6.7259521484375
4080,5.0999999075429514e-05,0.18280643224716187,51.17470169067383,40.556827545166016,93.11461639404297,73.794921875,9.067954063415527,0.002744436264038086,7.082763671875
4081,5.101249917061068e-05,0.1756119728088379,45.42203140258789,35.997737884521484,93.11461639404297,73.794921875,15.598154067993164,0.0024703145027160645,6.9727783203125
4082,5.102499926579185e-05,0.21537120640277863,41.52935791015625,32.91272735595703,93.11461639404297,73.794921875,9.527390480041504,0.003000885248184204,6.632080078125
4083,5.1037499360973015e-05,0.17035862803459167,43.00453567504883,34.08182907104492,93.11461639404297,73.794921875,9.06865119934082,0.0027263760566711426,6.717041015625
4084,5.104999945615418e-05,0.17122496664524078,55.68761444091797,44.133384704589844,93.11461639404297,73.794921875,11.88858413696289,0.003012150526046753,6.73046875
4085,5.106249955133535e-05,0.1901702582836151,1.0444048643112183,0.8277087211608887,93.11461639404297,73.794921875,9.689807891845703,0.003009021282196045,6.608154296875
4086,5.107499964651652e-05,0.19971983134746552,3.9841644763946533,3.1575183868408203,93.11461639404297,73.794921875,10.859532356262207,0.002973616123199463,6.3773193359375
4087,5.1087499741697684e-05,0.2331082820892334,11.450902938842773,9.075037002563477,93.11461639404297,73.794921875,10.974238395690918,0.0022214651107788086,7.0855712890625
4088,5.109999983687885e-05,0.20116643607616425,42.75398254394531,33.883262634277344,93.11461639404297,73.794921875,11.09747314453125,0.0029133260250091553,6.708984375
4089,5.111249993206002e-05,0.1834089457988739,47.44219207763672,37.59874725341797,93.11461639404297,73.794921875,13.693909645080566,0.0023407340049743652,7.048583984375
4090,5.1125000027241185e-05,0.16846510767936707,24.057668685913086,19.066112518310547,93.11461639404297,73.794921875,9.663402557373047,0.0028764009475708008,6.6429443359375
4091,5.113750012242235e-05,0.20435744524002075,45.5815315246582,36.124141693115234,93.11461639404297,73.794921875,9.079305648803711,0.0028429925441741943,6.5643310546875
4092,5.115000021760352e-05,0.19466854631900787,43.73099899291992,34.65756607055664,93.11461639404297,73.794921875,9.798446655273438,0.0028651058673858643,6.9327392578125
4093,5.116250031278469e-05,0.17744694650173187,55.817527770996094,44.23634719848633,93.11461639404297,73.794921875,10.684005737304688,0.0031565427780151367,6.5606689453125
4094,5.1175000407965854e-05,0.19700537621974945,47.45222854614258,37.6067008972168,93.11461639404297,73.794921875,9.811420440673828,0.0025947988033294678,6.8511962890625
4095,5.118750050314702e-05,0.17526932060718536,23.014867782592773,18.23967742919922,93.11461639404297,73.794921875,9.362793922424316,0.002272188663482666,6.8677978515625
4096,5.120000059832819e-05,0.1752219945192337,61.34360885620117,48.61585998535156,99.053955078125,78.501953125,11.933771133422852,0.003021717071533203,6.542724609375
4097,5.1212500693509355e-05,0.21110698580741882,32.19768142700195,25.5172119140625,63.27742004394531,50.1484375,11.612197875976562,0.002880185842514038,6.6055908203125
4098,5.122500078869052e-05,0.18125824630260468,4.000243663787842,3.1702613830566406,63.27742004394531,50.1484375,9.839444160461426,0.002321988344192505,7.006103515625
4099,5.123750088387169e-05,0.17926113307476044,47.08463668823242,37.31538009643555,63.27742004394531,50.1484375,8.934436798095703,0.002536773681640625,6.706787109375
4100,5.1250000979052857e-05,0.17787843942642212,0.8553997278213501,0.6779189109802246,63.501686096191406,50.326171875,8.822920799255371,0.002407759428024292,6.5020751953125
4101,5.1262501074234024e-05,0.16482272744178772,51.86646270751953,41.10505676269531,63.501686096191406,50.326171875,9.31696605682373,0.0025633573532104492,6.7581787109375
4102,5.127500116941519e-05,0.18728847801685333,4.266570568084717,3.3813300132751465,63.501686096191406,50.326171875,9.065610885620117,0.003243088722229004,7.0062255859375
4103,5.128750126459636e-05,0.17934143543243408,58.86202621459961,46.64916229248047,63.501686096191406,50.326171875,9.860904693603516,0.003081798553466797,6.8740234375
4104,5.1300001359777525e-05,0.19260716438293457,47.27283477783203,37.46452713012695,63.501686096191406,50.326171875,7.153257846832275,0.0019973814487457275,6.879150390625
4105,5.131250145495869e-05,0.17581601440906525,55.55937576293945,44.03175354003906,63.501686096191406,50.326171875,11.23045539855957,0.002960801124572754,6.747314453125
4106,5.132500155013986e-05,0.17871643602848053,10.917222023010254,8.652085304260254,63.501686096191406,50.326171875,10.341365814208984,0.0032105445861816406,6.654541015625
4107,5.1337501645321026e-05,0.19059795141220093,23.332334518432617,18.491273880004883,63.501686096191406,50.326171875,12.338808059692383,0.0023358166217803955,6.7099609375
4108,5.1350001740502194e-05,0.19761769473552704,45.7514762878418,36.258827209472656,63.501686096191406,50.326171875,10.810284614562988,0.0029286742210388184,7.4332275390625
4109,5.1362498197704554e-05,0.17192800343036652,51.80474853515625,41.056148529052734,63.501686096191406,50.326171875,10.476274490356445,0.002232789993286133,6.4664306640625
4110,5.137499829288572e-05,0.16947005689144135,23.815065383911133,18.87384605407715,63.501686096191406,50.326171875,14.091743469238281,0.002187013626098633,6.7705078125
4111,5.138749838806689e-05,0.1907409131526947,56.82452392578125,45.03440856933594,63.501686096191406,50.326171875,9.991076469421387,0.00257110595703125,6.6817626953125
4112,5.1399998483248055e-05,0.17156989872455597,58.490142822265625,46.354434967041016,66.65866088867188,52.828125,9.65214729309082,0.00292283296585083,6.671630859375
4113,5.141249857842922e-05,0.16757600009441376,49.95744705200195,39.592132568359375,66.65866088867188,52.828125,10.491423606872559,0.00260770320892334,6.61669921875
4114,5.142499867361039e-05,0.22798672318458557,52.91291427612305,41.934391021728516,66.65866088867188,52.828125,9.922085762023926,0.002727508544921875,7.0113525390625
4115,5.1437498768791556e-05,0.17098860442638397,49.82462692260742,39.48686981201172,66.65866088867188,52.828125,11.126462936401367,0.0021045804023742676,6.9189453125
4116,5.1449998863972723e-05,0.18510080873966217,44.19581985473633,35.025943756103516,66.65866088867188,52.828125,12.170866966247559,0.002820342779159546,6.921630859375
4117,5.146249895915389e-05,0.17936508357524872,48.472900390625,38.41559982299805,66.65866088867188,52.828125,10.053627967834473,0.0021256208419799805,6.973388671875
4118,5.147499905433506e-05,0.1849384903907776,40.590816497802734,32.168914794921875,66.65866088867188,52.828125,9.944822311401367,0.002697557210922241,7.0789794921875
4119,5.1487499149516225e-05,0.17628373205661774,3.8721656799316406,3.0687575340270996,66.65866088867188,52.828125,10.214553833007812,0.0022093653678894043,6.6234130859375
4120,5.149999924469739e-05,0.1677100658416748,54.9587287902832,43.555728912353516,66.65866088867188,52.828125,9.422187805175781,0.0032753348350524902,6.608642578125
4121,5.151249933987856e-05,0.18478481471538544,37.95435333251953,30.07947540283203,66.65866088867188,52.828125,9.510207176208496,0.002303987741470337,6.802001953125
4122,5.1524999435059726e-05,0.20564772188663483,46.86887741088867,37.144386291503906,66.65866088867188,52.828125,11.78952407836914,0.0032321810722351074,6.662841796875
4123,5.153749953024089e-05,0.19921007752418518,53.69170379638672,42.55159378051758,66.65866088867188,52.828125,10.30489444732666,0.0029550790786743164,6.57421875
4124,5.154999962542206e-05,0.16838105022907257,49.50247573852539,39.23155975341797,66.65866088867188,52.828125,10.939212799072266,0.0030006766319274902,6.83935546875
4125,5.156249972060323e-05,0.23478920757770538,21.176057815551758,16.782386779785156,66.65866088867188,52.828125,12.030664443969727,0.003273576498031616,6.93896484375
4126,5.1574999815784395e-05,0.18555495142936707,50.80131912231445,40.26091384887695,66.65866088867188,52.828125,10.611444473266602,0.002940356731414795,6.774658203125
4127,5.158749991096556e-05,0.18503381311893463,45.58356857299805,36.125755310058594,66.65866088867188,52.828125,10.576986312866211,0.0035310685634613037,6.5103759765625
4128,5.160000000614673e-05,0.18417687714099884,4.404343605041504,3.4905176162719727,66.65866088867188,52.828125,8.986676216125488,0.00308951735496521,6.3438720703125
4129,5.1612500101327896e-05,0.17846576869487762,40.35059356689453,31.978534698486328,66.65866088867188,52.828125,8.24958324432373,0.0027586817741394043,6.7574462890625
4130,5.162500019650906e-05,0.18555936217308044,55.89870834350586,44.300682067871094,86.18209075927734,68.30078125,9.342829704284668,0.002934694290161133,6.826171875
4131,5.163750029169023e-05,0.18417377769947052,1.0581363439559937,0.8385910987854004,86.18209075927734,68.30078125,9.673473358154297,0.002781808376312256,6.494873046875
4132,5.16500003868714e-05,0.17058852314949036,22.595745086669922,17.907514572143555,86.18209075927734,68.30078125,10.280540466308594,0.003163278102874756,6.6495361328125
4133,5.1662500482052565e-05,0.17123045027256012,44.37371826171875,35.16693115234375,86.18209075927734,68.30078125,10.332682609558105,0.003549516201019287,6.5093994140625
4134,5.167500057723373e-05,0.1871853470802307,41.16157913208008,32.62125778198242,86.18209075927734,68.30078125,9.318365097045898,0.002740144729614258,6.4072265625
4135,5.16875006724149e-05,0.1835455596446991,49.010902404785156,38.84197998046875,86.18209075927734,68.30078125,12.494192123413086,0.00202217698097229,6.6031494140625
4136,5.1700000767596066e-05,0.1822843700647354,10.270922660827637,8.139881134033203,86.18209075927734,68.30078125,8.5322904586792,0.0030483007431030273,6.230224609375
4137,5.171250086277723e-05,0.1756821721792221,4.0815253257751465,3.2346787452697754,86.18209075927734,68.30078125,11.674992561340332,0.0023795366287231445,6.8001708984375
4138,5.17250009579584e-05,0.16330185532569885,49.085323333740234,38.90095520019531,86.18209075927734,68.30078125,11.76123332977295,0.003518521785736084,6.1500244140625
4139,5.173750105313957e-05,0.20208857953548431,4.142964839935303,3.2833704948425293,86.18209075927734,68.30078125,10.2767915725708,0.002518683671951294,6.7440185546875
4140,5.1750001148320735e-05,0.1719541847705841,32.41228485107422,25.68729019165039,86.18209075927734,68.30078125,9.251435279846191,0.0024666190147399902,7.045654296875
4141,5.17625012435019e-05,0.16502180695533752,51.97038650512695,41.18741989135742,86.18209075927734,68.30078125,15.69601058959961,0.00203859806060791,6.99267578125
4142,5.177500133868307e-05,0.19299501180648804,4.3430657386779785,3.441953659057617,86.18209075927734,68.30078125,12.800989151000977,0.0024338066577911377,6.629150390625
4143,5.1787501433864236e-05,0.1784246563911438,41.69900894165039,33.047176361083984,86.18209075927734,68.30078125,9.229789733886719,0.003619968891143799,6.589599609375
4144,5.18000015290454e-05,0.16360440850257874,24.77479362487793,19.634449005126953,86.18209075927734,68.30078125,9.850046157836914,0.0037356019020080566,6.634521484375
4145,5.181250162422657e-05,0.17137785255908966,38.908447265625,30.835609436035156,86.18209075927734,68.30078125,10.11578369140625,0.0027152597904205322,6.70166015625
4146,5.182500171940774e-05,0.18420982360839844,45.94476318359375,36.412010192871094,86.18209075927734,68.30078125,12.03242301940918,0.003340810537338257,6.426025390625
4147,5.1837501814588904e-05,0.19078199565410614,3.9386146068573,3.1214194297790527,86.18209075927734,68.30078125,10.61834716796875,0.0025095343589782715,7.0625
4148,5.1849998271791264e-05,0.16848324239253998,3.913236141204834,3.101306438446045,86.18209075927734,68.30078125,12.374114036560059,0.0029029250144958496,6.6943359375
4149,5.186249836697243e-05,0.17959322035312653,23.192237854003906,18.380245208740234,86.18209075927734,68.30078125,10.51546859741211,0.002054542303085327,6.983154296875
4150,5.18749984621536e-05,0.18259620666503906,24.619508743286133,19.511381149291992,86.18209075927734,68.30078125,9.41464900970459,0.0028543174266815186,6.66650390625
4151,5.1887498557334766e-05,0.1770600974559784,9.758264541625977,7.733591079711914,86.18209075927734,68.30078125,8.884349822998047,0.0024155378341674805,6.5355224609375
4152,5.189999865251593e-05,0.16826938092708588,44.252933502197266,35.071205139160156,86.18209075927734,68.30078125,7.800532817840576,0.0025513172149658203,6.9278564453125
4153,5.19124987476971e-05,0.177301824092865,28.855459213256836,22.868444442749023,86.18209075927734,68.30078125,10.578939437866211,0.0035118460655212402,6.5660400390625
4154,5.192499884287827e-05,0.17650240659713745,10.43342113494873,8.268665313720703,86.18209075927734,68.30078125,9.897830963134766,0.002556443214416504,6.8289794921875
4155,5.1937498938059434e-05,0.15759849548339844,46.55860137939453,36.89848709106445,86.18209075927734,68.30078125,10.605846405029297,0.0026458799839019775,6.912841796875
4156,5.19499990332406e-05,0.21478812396526337,50.317569732666016,39.87753677368164,86.18209075927734,68.30078125,9.613164901733398,0.002432584762573242,6.550537109375
4157,5.196249912842177e-05,0.17765110731124878,31.728069305419922,25.145036697387695,86.18209075927734,68.30078125,9.167342185974121,0.0025965869426727295,6.492431640625
4158,5.1974999223602936e-05,0.17464978992938995,9.931496620178223,7.870880603790283,86.18209075927734,68.30078125,8.634599685668945,0.002804487943649292,7.0341796875
4159,5.19874993187841e-05,0.19451235234737396,4.264891147613525,3.3799991607666016,86.18209075927734,68.30078125,9.207098007202148,0.0028842389583587646,6.6549072265625
