step,optim/LR (group 0),optim/total grad norm,system/GPU active mem (%),system/GPU active mem (GiB),system/GPU reserved mem (%),system/GPU reserved mem (GiB),throughput/device/data loading (s),train/InfoNCE,train/ModalityPatchDisc,train/ema_decay
1,1.2500000146076218e-08,6.318488121032715,13.923131942749023,11.034319877624512,14.542765617370605,11.525390625,10.453121185302734,0.2423858642578125,7.728515625,0.9900009036064148
2,2.5000000292152436e-08,6.449885368347168,46.43047332763672,36.79694366455078,48.58432388305664,38.50390625,10.747801780700684,0.2413787841796875,8.152099609375,0.9900009632110596
3,3.750000132640707e-08,6.576471328735352,52.73241424560547,41.79133987426758,78.13809967041016,61.92578125,11.15253734588623,0.2263031005859375,8.9296875,0.9900014400482178
4,5.000000058430487e-08,6.185732364654541,40.15095520019531,31.82032012939453,78.13809967041016,61.92578125,9.37756061553955,0.2211456298828125,8.14990234375,0.9900016188621521
5,6.249999984220267e-08,6.087987899780273,49.98847961425781,39.61672592163086,85.4526138305664,67.72265625,11.005316734313965,0.2398681640625,7.75048828125,0.9900016784667969
6,7.500000265281415e-08,6.6212615966796875,44.50210189819336,35.2686767578125,89.35631561279297,70.81640625,10.35925006866455,0.24334716796875,7.9013671875,0.9900017380714417
7,8.749999835799827e-08,5.921470642089844,39.971065521240234,31.677751541137695,89.35631561279297,70.81640625,10.455148696899414,0.243865966796875,8.3798828125,0.990001916885376
8,1.0000000116860974e-07,6.134002685546875,0.9651216864585876,0.7648754119873047,89.35631561279297,70.81640625,11.181597709655762,0.2453460693359375,7.9345703125,0.9900023937225342
9,1.1249999687379386e-07,6.058808326721191,1.0548030138015747,0.8359494209289551,89.35631561279297,70.81640625,9.41153621673584,0.23345947265625,7.6875,0.990002453327179
10,1.2499999968440534e-07,6.425945281982422,48.57736587524414,38.498390197753906,98.02873992919922,77.689453125,10.201478004455566,0.239166259765625,8.176513671875,0.9900026321411133
11,1.3749999538958946e-07,5.790126323699951,38.88721466064453,30.818782806396484,50.509063720703125,40.029296875,11.236536979675293,0.2241973876953125,7.684814453125,0.9900045394897461
12,1.500000053056283e-07,5.951547145843506,50.15545654296875,39.749053955078125,57.875328063964844,45.8671875,10.497220039367676,0.232940673828125,7.825927734375,0.9900045990943909
13,1.625000010108124e-07,6.428730487823486,20.046485900878906,15.887182235717773,57.875328063964844,45.8671875,9.835943222045898,0.240234375,8.2587890625,0.9900047779083252
14,1.7499999671599653e-07,6.593077659606934,11.31200122833252,8.964954376220703,57.875328063964844,45.8671875,11.16081428527832,0.238616943359375,8.43798828125,0.9900052547454834
15,1.8750000663203537e-07,6.1383137702941895,23.535757064819336,18.652488708496094,57.875328063964844,45.8671875,11.264372825622559,0.24688720703125,8.031982421875,0.9900054335594177
16,2.0000000233721948e-07,6.289977550506592,46.98002243041992,37.23247146606445,57.91476058959961,45.8984375,12.029166221618652,0.2427520751953125,8.189208984375,0.9900054335594177
17,2.124999980424036e-07,5.667631149291992,42.92523193359375,34.01898193359375,57.91476058959961,45.8984375,10.501361846923828,0.229034423828125,7.899658203125,0.9900055527687073
18,2.2499999374758772e-07,5.670846939086914,4.492611885070801,3.560471534729004,57.91476058959961,45.8984375,10.031630516052246,0.2327728271484375,7.765869140625,0.9900056719779968
19,2.3750000366362656e-07,5.799965858459473,64.3257064819336,50.979217529296875,96.59935760498047,76.556640625,9.174093246459961,0.252227783203125,8.553955078125,0.9900057315826416
20,2.499999993688107e-07,5.451340198516846,44.116790771484375,34.96331024169922,96.59935760498047,76.556640625,9.575175285339355,0.2429046630859375,8.06640625,0.9900062084197998
21,2.625000092848495e-07,5.6436309814453125,55.88688659667969,44.29131317138672,98.86666107177734,78.353515625,12.216545104980469,0.237762451171875,8.335205078125,0.9900063872337341
22,2.749999907791789e-07,5.8313727378845215,37.253875732421875,29.524333953857422,58.77485656738281,46.580078125,11.175135612487793,0.2277374267578125,8.156494140625,0.9900064468383789
23,2.8750000069521775e-07,5.984005451202393,54.76556396484375,43.402645111083984,71.39534759521484,56.58203125,10.72702693939209,0.2306060791015625,8.6083984375,0.9900083541870117
24,3.000000106112566e-07,5.061656475067139,25.270524978637695,20.02732276916504,71.39534759521484,56.58203125,10.421110153198242,0.2366790771484375,7.766845703125,0.990008533000946
25,3.12499992105586e-07,4.990201473236084,51.223567962646484,40.59555435180664,71.39534759521484,56.58203125,9.966157913208008,0.2314300537109375,8.09375,0.990009069442749
26,3.250000020216248e-07,4.8656511306762695,3.9302875995635986,3.1148200035095215,71.39534759521484,56.58203125,8.699946403503418,0.2287139892578125,7.91845703125,0.990009069442749
27,3.3750001193766366e-07,5.197154521942139,44.06496047973633,34.92223358154297,71.39534759521484,56.58203125,11.055845260620117,0.24212646484375,8.121826171875,0.9900092482566833
28,3.4999999343199306e-07,4.989022731781006,9.903228759765625,7.848477840423584,71.39534759521484,56.58203125,9.787110328674316,0.2347259521484375,8.32177734375,0.9900093078613281
29,3.625000033480319e-07,4.7359466552734375,35.032073974609375,27.76351547241211,71.39534759521484,56.58203125,11.143661499023438,0.236968994140625,7.521484375,0.9900093674659729
30,3.7500001326407073e-07,4.454757213592529,39.597251892089844,31.38149642944336,71.39534759521484,56.58203125,9.1943941116333,0.2288665771484375,8.088134765625,0.9900095462799072
31,3.8749999475840013e-07,4.7610859870910645,49.104454040527344,38.91611862182617,71.39534759521484,56.58203125,10.211942672729492,0.2265625,8.144287109375,0.9900100231170654
32,4.0000000467443897e-07,4.5734543800354,4.392550468444824,3.481171131134033,71.39534759521484,56.58203125,8.940125465393066,0.2211761474609375,7.63134765625,0.9900100827217102
33,4.1249998616876837e-07,4.179973125457764,45.48897171020508,36.05078887939453,71.39534759521484,56.58203125,10.487396240234375,0.2293701171875,8.14111328125,0.9900102615356445
34,4.249999960848072e-07,4.1054182052612305,10.018528938293457,7.939855575561523,71.39534759521484,56.58203125,9.793874740600586,0.217620849609375,7.896728515625,0.9900121688842773
35,4.3750000600084604e-07,4.126535892486572,54.54325485229492,43.22645950317383,71.39534759521484,56.58203125,9.845043182373047,0.2415924072265625,8.15625,0.9900122284889221
36,4.4999998749517545e-07,3.5427908897399902,1.056541919708252,0.8373274803161621,71.39534759521484,56.58203125,9.70997428894043,0.2320709228515625,7.637451171875,0.9900124073028564
37,4.624999974112143e-07,3.5224318504333496,51.301116943359375,40.657012939453125,71.39534759521484,56.58203125,10.809818267822266,0.232330322265625,8.1328125,0.9900128841400146
38,4.750000073272531e-07,3.662320137023926,41.993534088134766,33.28059387207031,71.39534759521484,56.58203125,12.110883712768555,0.2187957763671875,8.19140625,0.990013062953949
39,4.87500017243292e-07,3.81797456741333,55.74077224731445,44.175514221191406,79.98644256591797,63.390625,11.030313491821289,0.2216339111328125,8.391357421875,0.990013062953949
40,4.999999987376214e-07,3.1768362522125244,60.56645965576172,47.99995422363281,92.53546142578125,73.3359375,12.24527359008789,0.2342376708984375,8.0703125,0.9900131821632385
41,5.124999802319508e-07,3.234138250350952,59.84115982055664,47.425140380859375,92.53546142578125,73.3359375,10.684699058532715,0.2261810302734375,7.801025390625,0.9900133013725281
42,5.25000018569699e-07,2.984100341796875,32.42445373535156,25.69693374633789,92.53546142578125,73.3359375,9.704628944396973,0.231964111328125,7.8798828125,0.9900133609771729
43,5.375000000640284e-07,2.8372490406036377,3.8086163997650146,3.0183935165405273,92.53546142578125,73.3359375,8.968606948852539,0.2264404296875,7.66748046875,0.990013837814331
44,5.499999815583578e-07,2.772205352783203,4.251742362976074,3.3695783615112305,92.53546142578125,73.3359375,10.251925468444824,0.2244873046875,7.6842041015625,0.9900140166282654
45,5.625000198961061e-07,2.622640371322632,36.34714126586914,28.80573272705078,92.53546142578125,73.3359375,10.221944808959961,0.2265625,7.7646484375,0.9900140762329102
46,5.750000013904355e-07,2.5370726585388184,58.0806999206543,46.029945373535156,92.53546142578125,73.3359375,9.429993629455566,0.2245330810546875,7.997314453125,0.9900160431861877
47,5.874999828847649e-07,2.3309314250946045,44.63605499267578,35.37483596801758,92.53546142578125,73.3359375,8.368892669677734,0.2316741943359375,7.660400390625,0.9900161623954773
48,6.000000212225132e-07,2.486576795578003,47.1769905090332,37.388572692871094,92.53546142578125,73.3359375,9.286275863647461,0.235992431640625,7.3876953125,0.9900166988372803
49,6.125000027168426e-07,2.14119291305542,35.90135192871094,28.452434539794922,92.53546142578125,73.3359375,9.205425262451172,0.2158355712890625,8.341552734375,0.990016758441925
50,6.24999984211172e-07,1.98678719997406,0.9652479887008667,0.7649755477905273,92.53546142578125,73.3359375,9.575357437133789,0.19842529296875,7.783447265625,0.9900168776512146
51,6.375000225489202e-07,2.0171215534210205,47.822364807128906,37.90003967285156,92.53546142578125,73.3359375,11.995615005493164,0.2186737060546875,8.474853515625,0.9900169968605042
52,6.500000040432496e-07,1.7890863418579102,52.61125946044922,41.6953239440918,92.53546142578125,73.3359375,10.462265014648438,0.2232208251953125,7.9049072265625,0.9900169968605042
53,6.62499985537579e-07,1.7304835319519043,56.668190002441406,44.91050720214844,92.53546142578125,73.3359375,10.66059398651123,0.20708465576171875,8.02490234375,0.9900171756744385
54,6.750000238753273e-07,1.6751818656921387,53.08053207397461,42.067230224609375,92.53793334960938,73.337890625,10.277938842773438,0.2209930419921875,7.72216796875,0.9900176525115967
55,6.875000053696567e-07,1.5550172328948975,55.2756233215332,43.80687713623047,92.53793334960938,73.337890625,11.609858512878418,0.2049407958984375,8.2412109375,0.9900177121162415
56,6.999999868639861e-07,1.4391448497772217,45.90635681152344,36.38157272338867,92.53793334960938,73.337890625,9.204977035522461,0.200653076171875,7.69677734375,0.9900178909301758
57,7.125000252017344e-07,1.4048043489456177,45.31767654418945,35.91503143310547,92.53793334960938,73.337890625,9.240419387817383,0.2162628173828125,7.6435546875,0.9900197982788086
58,7.250000066960638e-07,1.3878272771835327,39.096065521240234,30.98430061340332,92.53793334960938,73.337890625,10.416016578674316,0.213958740234375,7.94775390625,0.9900198578834534
59,7.374999881903932e-07,1.3673579692840576,23.699426651000977,18.78219985961914,92.53793334960938,73.337890625,10.302778244018555,0.1815032958984375,7.4871826171875,0.9900200366973877
60,7.500000265281415e-07,1.2304521799087524,54.999977111816406,43.58842086791992,92.53793334960938,73.337890625,10.347028732299805,0.18132781982421875,7.537109375,0.9900205135345459
61,7.625000080224709e-07,1.1557360887527466,29.284465789794922,23.208438873291016,92.53793334960938,73.337890625,16.3094539642334,0.20263671875,7.5787353515625,0.9900206923484802
62,7.749999895168003e-07,1.10079026222229,24.664993286132812,19.547428131103516,92.53793334960938,73.337890625,8.585328102111816,0.1919403076171875,7.8741455078125,0.9900206923484802
63,7.875000278545485e-07,1.1282551288604736,9.81466007232666,7.778285503387451,92.53793334960938,73.337890625,10.029725074768066,0.1978607177734375,8.633544921875,0.9900208115577698
64,8.000000093488779e-07,1.0665327310562134,12.294601440429688,9.743680953979492,92.53793334960938,73.337890625,10.215935707092285,0.188934326171875,7.89111328125,0.9900209307670593
65,8.124999908432073e-07,1.062583088874817,37.95494079589844,30.079938888549805,92.53793334960938,73.337890625,9.40494441986084,0.1890411376953125,7.4927978515625,0.9900209903717041
66,8.249999723375367e-07,0.9973306059837341,54.58095932006836,43.256343841552734,92.53793334960938,73.337890625,10.471122741699219,0.1849822998046875,7.602294921875,0.9900215268135071
67,8.37500010675285e-07,0.9359573125839233,36.35848617553711,28.814720153808594,92.53793334960938,73.337890625,10.141082763671875,0.1877899169921875,7.9979248046875,0.9900216460227966
68,8.499999921696144e-07,0.8979584574699402,35.92578125,28.4717960357666,92.53793334960938,73.337890625,8.168397903442383,0.1868133544921875,7.7548828125,0.9900217056274414
69,8.624999736639438e-07,0.8754266500473022,23.160598754882812,18.35517120361328,92.53793334960938,73.337890625,9.306818962097168,0.17681884765625,7.42236328125,0.990023672580719
70,8.750000120016921e-07,0.8248433470726013,47.83701705932617,37.91165542602539,92.53793334960938,73.337890625,9.637080192565918,0.163421630859375,7.841796875,0.9900237917900085
71,8.874999934960215e-07,0.8385438323020935,10.452197074890137,8.283544540405273,92.53793334960938,73.337890625,8.55825424194336,0.17365264892578125,7.3602294921875,0.9900243282318115
72,8.999999749903509e-07,0.7877541780471802,45.85398864746094,36.34006881713867,92.53793334960938,73.337890625,9.125770568847656,0.16454315185546875,7.5496826171875,0.9900243878364563
73,9.125000133280992e-07,0.7839962840080261,41.0793571472168,32.556095123291016,92.53793334960938,73.337890625,8.802138328552246,0.1788177490234375,7.998046875,0.9900245070457458
74,9.249999948224286e-07,0.7627602815628052,44.20048904418945,35.02964401245117,92.55271911621094,73.349609375,8.269386291503906,0.16644287109375,8.20703125,0.9900246262550354
75,9.37499976316758e-07,0.7199906706809998,0.9305031299591064,0.7374396324157715,92.63650512695312,73.416015625,9.126910209655762,0.158050537109375,7.7259521484375,0.9900246262550354
76,9.500000146545062e-07,0.7219796180725098,41.05703353881836,32.53839874267578,92.63650512695312,73.416015625,8.704113960266113,0.15114593505859375,7.845947265625,0.9900248050689697
77,9.625000529922545e-07,0.6731976866722107,24.43948745727539,19.368711471557617,92.63650512695312,73.416015625,9.299944877624512,0.149932861328125,7.597412109375,0.9900252819061279
78,9.75000034486584e-07,0.6962175965309143,23.589704513549805,18.69524383544922,92.63650512695312,73.416015625,8.75400447845459,0.16008758544921875,7.5572509765625,0.9900254607200623
79,9.875000159809133e-07,0.6686909198760986,46.36997985839844,36.749000549316406,92.63650512695312,73.416015625,10.337831497192383,0.13722991943359375,8.1224365234375,0.990025520324707
80,9.999999974752427e-07,0.6555078029632568,50.29913330078125,39.86292266845703,92.63650512695312,73.416015625,8.566351890563965,0.15023040771484375,7.7783203125,0.9900274276733398
81,1.0124999789695721e-06,0.6765131950378418,47.42097473144531,37.581932067871094,92.63650512695312,73.416015625,8.738932609558105,0.152801513671875,8.0103759765625,0.9900276064872742
82,1.0249999604639015e-06,0.6528980731964111,49.921592712402344,39.56371307373047,92.63650512695312,73.416015625,8.733885765075684,0.146148681640625,7.76611328125,0.990027666091919
83,1.0375000556450686e-06,0.62837153673172,41.80582809448242,33.131832122802734,92.63650512695312,73.416015625,10.615254402160645,0.13442230224609375,8.1900634765625,0.9900281429290771
84,1.050000037139398e-06,0.5768992304801941,56.79823303222656,45.01356887817383,92.63650512695312,73.416015625,9.58073616027832,0.12718963623046875,7.4716796875,0.9900283217430115
85,1.0625000186337274e-06,0.6095758080482483,52.816707611083984,41.8581428527832,92.63650512695312,73.416015625,10.192873001098633,0.13878631591796875,7.780517578125,0.9900283217430115
86,1.0750000001280569e-06,0.5689639449119568,0.9870346188545227,0.7822418212890625,92.63650512695312,73.416015625,8.768660545349121,0.1414337158203125,7.7291259765625,0.990028440952301
87,1.0874999816223863e-06,0.6125357747077942,1.0089861154556274,0.7996387481689453,92.63650512695312,73.416015625,8.721794128417969,0.15052032470703125,7.770263671875,0.9900285601615906
88,1.0999999631167157e-06,0.5723730325698853,46.5339241027832,36.878929138183594,92.63650512695312,73.416015625,8.369033813476562,0.13867950439453125,8.1444091796875,0.9900286197662354
89,1.112499944611045e-06,0.5190257430076599,48.0581169128418,38.08687973022461,92.63650512695312,73.416015625,9.302453994750977,0.13448333740234375,7.1383056640625,0.9900291562080383
90,1.1250000397922122e-06,0.5105243921279907,37.75288772583008,29.91980743408203,92.63650512695312,73.416015625,9.443894386291504,0.1427001953125,7.860107421875,0.9900292754173279
91,1.1375000212865416e-06,0.5033838748931885,42.428016662597656,33.62492752075195,92.63650512695312,73.416015625,11.021798133850098,0.14040756225585938,7.73095703125,0.9900312423706055
92,1.150000002780871e-06,0.4579314589500427,54.020835876464844,42.812435150146484,92.63650512695312,73.416015625,9.174384117126465,0.12717437744140625,7.4024658203125,0.9900313019752502
93,1.1624999842752004e-06,0.5072802901268005,44.254493713378906,35.072444915771484,92.63650512695312,73.416015625,8.490731239318848,0.1319732666015625,7.8594970703125,0.9900314807891846
94,1.1749999657695298e-06,0.49104130268096924,42.728240966796875,33.86286163330078,92.63650512695312,73.416015625,9.873422622680664,0.13471603393554688,7.626708984375,0.9900319576263428
95,1.1874999472638592e-06,0.4365988075733185,18.076738357543945,14.32612419128418,92.63650512695312,73.416015625,8.224821090698242,0.11440277099609375,7.842529296875,0.9900320172309875
96,1.2000000424450263e-06,0.4831964671611786,42.77138137817383,33.89704895019531,92.63650512695312,73.416015625,9.272318840026855,0.13619232177734375,7.4837646484375,0.9900321364402771
97,1.2125000239393557e-06,0.4754878878593445,45.099143981933594,35.74184036254883,92.63650512695312,73.416015625,9.598793983459473,0.1251068115234375,7.7823486328125,0.9900322556495667
98,1.2250000054336851e-06,0.41492998600006104,56.20989227294922,44.547298431396484,92.63650512695312,73.416015625,8.743204116821289,0.11473846435546875,7.8558349609375,0.9900322556495667
99,1.2374999869280146e-06,0.45607227087020874,0.9152206182479858,0.7253279685974121,92.63650512695312,73.416015625,9.38923168182373,0.12421417236328125,8.1964111328125,0.990032434463501
100,1.249999968422344e-06,0.517836332321167,42.637603759765625,33.79103088378906,92.63650512695312,73.416015625,8.956101417541504,0.14231109619140625,7.8603515625,0.9900329113006592
101,1.2624999499166734e-06,0.4209343194961548,48.771385192871094,38.65215301513672,92.63650512695312,73.416015625,11.085546493530273,0.123504638671875,7.611572265625,0.9900330901145935
102,1.2750000450978405e-06,0.4360087513923645,0.9768158197402954,0.7741432189941406,92.63650512695312,73.416015625,8.443483352661133,0.13130950927734375,7.65673828125,0.9900331497192383
103,1.2875000265921699e-06,0.4194662570953369,11.168875694274902,8.851524353027344,92.63650512695312,73.416015625,8.968017578125,0.130096435546875,7.5286865234375,0.9900350570678711
104,1.3000000080864993e-06,0.3982434868812561,30.600173950195312,24.25115966796875,92.63650512695312,73.416015625,9.873008728027344,0.1183929443359375,7.556640625,0.9900352358818054
105,1.3124999895808287e-06,0.422167032957077,10.44445514678955,8.277408599853516,92.63650512695312,73.416015625,8.976930618286133,0.1249237060546875,7.4718017578125,0.9900352954864502
106,1.324999971075158e-06,0.3711535632610321,9.464486122131348,7.500767230987549,92.63650512695312,73.416015625,8.41440200805664,0.11617279052734375,7.765625,0.9900357723236084
107,1.3374999525694875e-06,0.3752014636993408,4.355191230773926,3.4515633583068848,92.63650512695312,73.416015625,10.12308120727539,0.10758209228515625,7.4288330078125,0.9900359511375427
108,1.3500000477506546e-06,0.3562486171722412,36.896728515625,29.241287231445312,92.63650512695312,73.416015625,9.805379867553711,0.11446380615234375,7.1522216796875,0.9900360107421875
109,1.362500029244984e-06,0.3535371720790863,57.03981399536133,45.20502853393555,92.63650512695312,73.416015625,8.629622459411621,0.11348342895507812,8.1527099609375,0.9900360703468323
110,1.3750000107393134e-06,0.3827756643295288,49.7081298828125,39.3945426940918,92.63650512695312,73.416015625,9.534099578857422,0.11900711059570312,7.750244140625,0.9900362491607666
111,1.3874999922336428e-06,0.35059499740600586,49.254695892333984,39.035186767578125,92.63650512695312,73.416015625,8.226394653320312,0.10060882568359375,8.1402587890625,0.9900367259979248
112,1.3999999737279722e-06,0.3676582872867584,43.50275802612305,34.47667694091797,92.63650512695312,73.416015625,9.550297737121582,0.11819839477539062,7.7315673828125,0.9900367856025696
113,1.4124999552223017e-06,0.3609788715839386,32.23530960083008,25.54703140258789,92.63650512695312,73.416015625,9.59477710723877,0.117462158203125,7.89697265625,0.9900369644165039
114,1.4250000504034688e-06,0.40210503339767456,54.71755599975586,43.36459732055664,98.46987915039062,78.0390625,10.077960014343262,0.12471389770507812,7.5533447265625,0.9900388717651367
115,1.4375000318977982e-06,0.3489704430103302,50.86903381347656,40.314579010009766,64.23362731933594,50.90625,9.121365547180176,0.11165618896484375,8.1085205078125,0.9900389313697815
116,1.4500000133921276e-06,0.3570874333381653,0.9702858328819275,0.7689681053161621,64.31002807617188,50.966796875,8.144271850585938,0.11849212646484375,7.5435791015625,0.9900391101837158
117,1.462499994886457e-06,0.31912991404533386,4.145834922790527,3.285645008087158,64.31002807617188,50.966796875,8.038753509521484,0.10546112060546875,7.4656982421875,0.990039587020874
118,1.4749999763807864e-06,0.36114686727523804,50.30951690673828,39.871150970458984,64.31002807617188,50.966796875,7.930691242218018,0.11422348022460938,7.7100830078125,0.9900397658348083
119,1.4874999578751158e-06,0.3569481372833252,16.596757888793945,13.153215408325195,64.31002807617188,50.966796875,9.25832462310791,0.1082916259765625,7.39990234375,0.9900397658348083
120,1.500000053056283e-06,0.344789981842041,50.2174072265625,39.798152923583984,64.31002807617188,50.966796875,8.45345687866211,0.10206222534179688,7.4317626953125,0.9900398850440979
121,1.5125000345506123e-06,0.3641536235809326,46.45339584350586,36.81510925292969,64.31002807617188,50.966796875,14.956838607788086,0.11611557006835938,7.442138671875,0.9900400042533875
122,1.5250000160449417e-06,0.34420502185821533,21.707250595092773,17.203367233276367,64.31002807617188,50.966796875,6.974185943603516,0.109619140625,7.8341064453125,0.9900400638580322
123,1.5374999975392711e-06,0.3765273988246918,43.28754806518555,34.306121826171875,64.31002807617188,50.966796875,9.483360290527344,0.12258720397949219,8.5146484375,0.9900405406951904
124,1.5499999790336005e-06,0.3263871669769287,46.43290710449219,36.79887390136719,64.31002807617188,50.966796875,9.320524215698242,0.0987548828125,7.78662109375,0.9900407195091248
125,1.56249996052793e-06,0.34590429067611694,42.91730499267578,34.0126953125,64.31002807617188,50.966796875,8.378291130065918,0.11582565307617188,7.31640625,0.9900407791137695
126,1.575000055709097e-06,0.3279275894165039,54.1413459777832,42.90793991088867,67.27477264404297,53.31640625,10.481148719787598,0.11237716674804688,7.553466796875,0.9900426864624023
127,1.5875000372034265e-06,0.36700204014778137,0.8054041862487793,0.6382966041564941,67.40538787841797,53.419921875,7.836577415466309,0.11281967163085938,7.866943359375,0.9900428652763367
128,1.6000000186977559e-06,0.31906846165657043,0.9939569234848022,0.7877278327941895,67.40538787841797,53.419921875,8.163999557495117,0.11410903930664062,7.6409912109375,0.9900434017181396
129,1.6125000001920853e-06,0.2929481863975525,11.08343505859375,8.783811569213867,67.40538787841797,53.419921875,7.423096656799316,0.10031509399414062,7.356689453125,0.9900434017181396
130,1.6249999816864147e-06,0.33833175897598267,46.81830596923828,37.10430908203125,67.40538787841797,53.419921875,8.56307601928711,0.10645294189453125,7.781005859375,0.990043580532074
131,1.637499963180744e-06,0.2965475916862488,47.169620513916016,37.38273239135742,67.40538787841797,53.419921875,8.567313194274902,0.10143280029296875,7.3433837890625,0.9900436401367188
132,1.6499999446750735e-06,0.3148857653141022,56.77239990234375,44.99309539794922,68.5045394897461,54.291015625,9.101272583007812,0.10599899291992188,7.421142578125,0.9900436997413635
133,1.6625000398562406e-06,0.3057810366153717,0.941988468170166,0.7465419769287109,68.5045394897461,54.291015625,8.00781536102295,0.10749053955078125,7.8087158203125,0.9900438785552979
134,1.67500002135057e-06,0.2856804132461548,11.247697830200195,8.913992881774902,68.5045394897461,54.291015625,8.840508460998535,0.09619903564453125,7.9898681640625,0.990044355392456
135,1.6875000028448994e-06,0.30257368087768555,20.556852340698242,16.291656494140625,68.5045394897461,54.291015625,7.93563175201416,0.10322952270507812,7.7989501953125,0.9900444149971008
136,1.6999999843392288e-06,0.34304168820381165,57.22300720214844,45.35021209716797,68.5045394897461,54.291015625,9.209931373596191,0.11821365356445312,7.698486328125,0.9900445938110352
137,1.7124999658335582e-06,0.30132800340652466,49.68785858154297,39.378475189208984,68.5045394897461,54.291015625,8.29527759552002,0.09812545776367188,7.57373046875,0.990046501159668
138,1.7249999473278876e-06,0.30529144406318665,22.48580551147461,17.820384979248047,68.5045394897461,54.291015625,7.574364185333252,0.09786033630371094,7.5111083984375,0.9900465607643127
139,1.7375000425090548e-06,0.3126540184020996,61.2254524230957,48.522216796875,83.88275146484375,66.478515625,7.73990535736084,0.10080337524414062,8.0694580078125,0.9900467395782471
140,1.7500000240033842e-06,0.29737016558647156,51.536521911621094,40.84357452392578,83.88275146484375,66.478515625,9.722352027893066,0.09195327758789062,7.67626953125,0.9900472164154053
141,1.7625000054977136e-06,0.28952300548553467,44.76477813720703,35.47685241699219,83.88275146484375,66.478515625,7.824214458465576,0.10072517395019531,7.905029296875,0.9900473952293396
142,1.774999986992043e-06,0.27834388613700867,39.131568908691406,31.01243782043457,83.88275146484375,66.478515625,9.143091201782227,0.1016693115234375,7.6689453125,0.9900473952293396
143,1.7874999684863724e-06,0.32127049565315247,24.012603759765625,19.030399322509766,83.88275146484375,66.478515625,6.770272254943848,0.10415267944335938,8.072509765625,0.9900475144386292
144,1.7999999499807018e-06,0.280438631772995,12.08505630493164,9.577613830566406,83.88275146484375,66.478515625,7.784627914428711,0.09569168090820312,7.4228515625,0.9900476336479187
145,1.812500045161869e-06,0.28665006160736084,3.7780838012695312,2.9941959381103516,83.88275146484375,66.478515625,8.388599395751953,0.10914993286132812,7.6812744140625,0.9900476932525635
146,1.8250000266561983e-06,0.2576391398906708,1.0640507936477661,0.8432784080505371,83.88275146484375,66.478515625,7.3021697998046875,0.09271240234375,7.732666015625,0.9900481700897217
147,1.8375000081505277e-06,0.289047509431839,37.24626541137695,29.51830291748047,83.88275146484375,66.478515625,8.248233795166016,0.09822463989257812,7.813720703125,0.990048348903656
148,1.8499999896448571e-06,0.2881903350353241,3.9104232788085938,3.0990772247314453,83.88275146484375,66.478515625,11.076878547668457,0.09437942504882812,7.9461669921875,0.9900503158569336
149,1.8624999711391865e-06,0.27632442116737366,23.278968811035156,18.4489803314209,83.88275146484375,66.478515625,10.267855644226074,0.1028289794921875,6.9625244140625,0.9900503754615784
150,1.874999952633516e-06,0.2618160843849182,46.25998306274414,36.661827087402344,83.88275146484375,66.478515625,10.331975936889648,0.09922409057617188,7.805419921875,0.9900504946708679
151,1.887500047814683e-06,0.28903281688690186,11.108702659606934,8.803836822509766,83.88275146484375,66.478515625,9.278712272644043,0.11120986938476562,7.7030029296875,0.9900510311126709
152,1.9000000293090125e-06,0.2800440192222595,11.361288070678711,9.00401496887207,83.88275146484375,66.478515625,8.83752155303955,0.1116790771484375,7.3260498046875,0.9900510907173157
153,1.912500010803342e-06,0.3134365677833557,58.62515640258789,46.46144104003906,83.88275146484375,66.478515625,8.16446590423584,0.110626220703125,7.8616943359375,0.9900512099266052
154,1.925000105984509e-06,0.26332396268844604,45.55322265625,36.101707458496094,83.88275146484375,66.478515625,8.277663230895996,0.09946060180664062,7.5316162109375,0.9900513291358948
155,1.9374999737920007e-06,0.25128066539764404,55.390769958496094,43.89813232421875,83.88275146484375,66.478515625,11.0258207321167,0.08936691284179688,7.8570556640625,0.9900513291358948
156,1.950000068973168e-06,0.24882972240447998,36.6025390625,29.008136749267578,83.88275146484375,66.478515625,10.610799789428711,0.09130859375,7.442626953125,0.9900515079498291
157,1.9624999367806595e-06,0.26240432262420654,20.136457443237305,15.958486557006836,83.88275146484375,66.478515625,8.382506370544434,0.09946823120117188,7.726318359375,0.9900519847869873
158,1.9750000319618266e-06,0.2697678506374359,10.523174285888672,8.339795112609863,83.88275146484375,66.478515625,7.664524555206299,0.10068893432617188,7.8272705078125,0.9900520443916321
159,1.9874998997693183e-06,0.2695460319519043,46.503299713134766,36.85466003417969,83.88275146484375,66.478515625,9.635189056396484,0.08188629150390625,8.2015380859375,0.9900522232055664
160,1.9999999949504854e-06,0.2568224370479584,38.31435775756836,30.364784240722656,83.88275146484375,66.478515625,7.2167487144470215,0.09697532653808594,7.8409423828125,0.9900541305541992
161,2.0125000901316525e-06,0.27352064847946167,0.9786310791969299,0.7755818367004395,83.88275146484375,66.478515625,6.957337379455566,0.09505462646484375,7.554443359375,0.990054190158844
162,2.0249999579391442e-06,0.24432805180549622,41.34880065917969,32.769630432128906,83.88275146484375,66.478515625,8.646912574768066,0.09026145935058594,7.6453857421875,0.9900543689727783
163,2.0375000531203113e-06,0.24761781096458435,9.65070915222168,7.648352146148682,83.88275146484375,66.478515625,8.815410614013672,0.09354209899902344,7.4234619140625,0.9900548458099365
164,2.049999920927803e-06,0.24548116326332092,53.668975830078125,42.5335807800293,83.88275146484375,66.478515625,7.366458892822266,0.08385276794433594,7.473876953125,0.9900550246238708
165,2.06250001610897e-06,0.2908381223678589,46.680450439453125,36.99505615234375,83.88275146484375,66.478515625,8.715679168701172,0.09728240966796875,7.4503173828125,0.9900550246238708
166,2.0750001112901373e-06,0.2447431981563568,49.597686767578125,39.30701446533203,83.88275146484375,66.478515625,10.163990020751953,0.09200668334960938,7.7630615234375,0.9900551438331604
167,2.087499979097629e-06,0.24763810634613037,0.959282398223877,0.7602477073669434,83.88275146484375,66.478515625,8.763775825500488,0.09013748168945312,7.3944091796875,0.99005526304245
168,2.100000074278796e-06,0.251644104719162,10.204025268554688,8.086864471435547,83.88275146484375,66.478515625,8.848037719726562,0.09479904174804688,7.0968017578125,0.9900553226470947
169,2.1124999420862878e-06,0.2289303094148636,1.0118513107299805,0.8019094467163086,83.88275146484375,66.478515625,8.543706893920898,0.08044815063476562,8.0245361328125,0.9900558590888977
170,2.125000037267455e-06,0.2886025607585907,43.28969192504883,34.307823181152344,83.88275146484375,66.478515625,9.568863868713379,0.09368896484375,7.6834716796875,0.9900559782981873
171,2.1374999050749466e-06,0.25176575779914856,42.51271438598633,33.69205093383789,83.88275146484375,66.478515625,8.830327987670898,0.089385986328125,8.0074462890625,0.9900579452514648
172,2.1500000002561137e-06,0.25553908944129944,34.169761657714844,27.080121994018555,83.88275146484375,66.478515625,9.816622734069824,0.085601806640625,7.6800537109375,0.9900580048561096
173,2.162500095437281e-06,0.25318869948387146,53.81840133666992,42.65200424194336,83.88275146484375,66.478515625,10.428882598876953,0.08809852600097656,7.7314453125,0.9900581240653992
174,2.1749999632447725e-06,0.25342458486557007,47.2733154296875,37.46491241455078,83.88275146484375,66.478515625,9.573485374450684,0.0854949951171875,7.5006103515625,0.9900586605072021
175,2.1875000584259396e-06,0.23801738023757935,49.6182975769043,39.32334899902344,83.88275146484375,66.478515625,10.618453979492188,0.07885932922363281,8.0533447265625,0.9900587201118469
176,2.1999999262334313e-06,0.24536751210689545,40.68809509277344,32.246009826660156,83.88275146484375,66.478515625,8.4396333694458,0.09157180786132812,7.6180419921875,0.9900588393211365
177,2.2125000214145985e-06,0.25522804260253906,44.62223434448242,35.36388397216797,83.88275146484375,66.478515625,10.601980209350586,0.09639739990234375,7.4891357421875,0.990058958530426
178,2.22499988922209e-06,0.23662196099758148,48.879615783691406,38.73793029785156,83.88275146484375,66.478515625,10.517515182495117,0.08891487121582031,7.657470703125,0.990058958530426
179,2.2374999844032573e-06,0.23687970638275146,54.258384704589844,43.00069808959961,83.88275146484375,66.478515625,8.774833679199219,0.08743667602539062,7.337158203125,0.9900591373443604
180,2.2500000795844244e-06,0.2214147448539734,44.145904541015625,34.98638153076172,83.88275146484375,66.478515625,9.347460746765137,0.08901405334472656,7.3935546875,0.9900596141815186
181,2.262499947391916e-06,0.25449538230895996,4.249551296234131,3.367842197418213,83.88275146484375,66.478515625,14.275691032409668,0.09255409240722656,7.335205078125,0.9900597929954529
182,2.275000042573083e-06,0.2497323751449585,20.70954704284668,16.412670135498047,83.88275146484375,66.478515625,7.912975311279297,0.08458709716796875,7.7711181640625,0.9900598526000977
183,2.287499910380575e-06,0.2421979159116745,49.4529914855957,39.19234085083008,83.88275146484375,66.478515625,8.814964294433594,0.08368492126464844,8.3897705078125,0.9900617599487305
184,2.300000005561742e-06,0.24372988939285278,35.03833770751953,27.768482208251953,83.88275146484375,66.478515625,9.938307762145996,0.07956695556640625,7.7138671875,0.9900619387626648
185,2.312500100742909e-06,0.255342960357666,44.34777069091797,35.146366119384766,83.88275146484375,66.478515625,8.87276554107666,0.08622169494628906,7.2657470703125,0.9900619983673096
186,2.324999968550401e-06,0.24695561826229095,21.57462501525879,17.09825897216797,83.88275146484375,66.478515625,8.688404083251953,0.09274101257324219,7.4993896484375,0.9900624752044678
187,2.337500063731568e-06,0.3019385039806366,1.0407075881958008,0.8247785568237305,83.88275146484375,66.478515625,8.247147560119629,0.0821380615234375,7.926513671875,0.9900626540184021
188,2.3499999315390596e-06,0.23438936471939087,42.62014389038086,33.77719497680664,83.88275146484375,66.478515625,9.168074607849121,0.08073043823242188,7.5797119140625,0.9900626540184021
189,2.3625000267202267e-06,0.23879431188106537,36.634464263916016,29.03343963623047,83.88275146484375,66.478515625,8.804193496704102,0.07886695861816406,7.2801513671875,0.9900627732276917
190,2.3749998945277184e-06,0.22084879875183105,49.70198059082031,39.389671325683594,83.88275146484375,66.478515625,7.439033508300781,0.07575035095214844,7.6929931640625,0.9900628924369812
191,2.3874999897088856e-06,0.22674530744552612,23.856342315673828,18.906558990478516,83.88275146484375,66.478515625,9.51088809967041,0.08221817016601562,7.2818603515625,0.990062952041626
192,2.4000000848900527e-06,0.2329237312078476,4.02935791015625,3.1933350563049316,83.88275146484375,66.478515625,8.364311218261719,0.07941436767578125,7.3953857421875,0.990063488483429
193,2.4124999526975444e-06,0.2527332305908203,3.957711696624756,3.13655424118042,83.88275146484375,66.478515625,9.401352882385254,0.08132362365722656,7.8616943359375,0.9900636076927185
194,2.4250000478787115e-06,0.2551621198654175,0.9112730026245117,0.7221994400024414,83.88275146484375,66.478515625,7.405217170715332,0.07899856567382812,7.970458984375,0.9900655746459961
195,2.437499915686203e-06,0.26648688316345215,4.1007184982299805,3.249889373779297,83.88275146484375,66.478515625,8.126216888427734,0.08872604370117188,7.7777099609375,0.9900656342506409
196,2.4500000108673703e-06,0.248357355594635,25.272537231445312,20.02891731262207,83.88275146484375,66.478515625,8.53823471069336,0.0868988037109375,7.6866455078125,0.9900658130645752
197,2.4625001060485374e-06,0.22510266304016113,46.70188903808594,37.01204299926758,83.88275146484375,66.478515625,8.016900062561035,0.07531356811523438,7.5140380859375,0.9900662899017334
198,2.474999973856029e-06,0.24609747529029846,4.292301177978516,3.401721954345703,83.88275146484375,66.478515625,7.786068439483643,0.07643318176269531,7.520751953125,0.9900663495063782
199,2.4875000690371962e-06,0.23200294375419617,26.11626434326172,20.697586059570312,83.88275146484375,66.478515625,7.443095684051514,0.06978702545166016,7.9429931640625,0.9900664687156677
200,2.499999936844688e-06,0.23362614214420319,4.493660926818848,3.56130313873291,83.88275146484375,66.478515625,8.517694473266602,0.07781696319580078,7.59814453125,0.9900665879249573
201,2.512500032025855e-06,0.25761139392852783,36.042789459228516,28.564525604248047,83.88275146484375,66.478515625,7.54943323135376,0.08687019348144531,7.802734375,0.9900665879249573
202,2.5249998998333467e-06,0.24562297761440277,0.9564575552940369,0.7580089569091797,83.88275146484375,66.478515625,6.653075218200684,0.086029052734375,7.5909423828125,0.9900667667388916
203,2.537499995014514e-06,0.2358662486076355,50.47432327270508,40.00176239013672,83.88275146484375,66.478515625,7.898486137390137,0.07687568664550781,8.06201171875,0.9900672435760498
204,2.550000090195681e-06,0.2319469153881073,57.236873626708984,45.361202239990234,83.88275146484375,66.478515625,9.8214693069458,0.07623481750488281,7.423095703125,0.9900674223899841
205,2.5624999580031727e-06,0.2325415462255478,42.64108657836914,33.793792724609375,83.88275146484375,66.478515625,8.523359298706055,0.07658576965332031,7.6800537109375,0.9900674819946289
206,2.5750000531843398e-06,0.23169909417629242,4.2899370193481445,3.399848461151123,83.88275146484375,66.478515625,7.1718645095825195,0.07257843017578125,7.7808837890625,0.9900693893432617
207,2.5874999209918315e-06,0.23638325929641724,46.31666946411133,36.70675277709961,83.88275146484375,66.478515625,8.870017051696777,0.07612419128417969,7.774169921875,0.990069568157196
208,2.6000000161729986e-06,0.24021881818771362,49.63829803466797,39.33919906616211,83.88275146484375,66.478515625,7.369531631469727,0.07307243347167969,7.919189453125,0.9900696277618408
209,2.6125001113541657e-06,0.25130707025527954,46.29484558105469,36.689456939697266,83.88275146484375,66.478515625,8.269393920898438,0.08656692504882812,6.904296875,0.990070104598999
210,2.6249999791616574e-06,0.2584048807621002,53.137699127197266,42.1125373840332,83.88275146484375,66.478515625,10.566092491149902,0.08155632019042969,7.7176513671875,0.9900702834129333
211,2.6375000743428245e-06,0.2325916886329651,38.480770111083984,30.496667861938477,83.88275146484375,66.478515625,7.598618030548096,0.07984733581542969,7.655029296875,0.9900703430175781
212,2.649999942150316e-06,0.24340222775936127,48.85821533203125,38.720970153808594,83.88275146484375,66.478515625,9.802672386169434,0.08098602294921875,7.3319091796875,0.9900704026222229
213,2.6625000373314833e-06,0.24541957676410675,10.097367286682129,8.002336502075195,83.88275146484375,66.478515625,7.973876953125,0.07975387573242188,7.783447265625,0.9900705814361572
214,2.674999905138975e-06,0.24227498471736908,41.803592681884766,33.130062103271484,83.88275146484375,66.478515625,7.3624186515808105,0.07939910888671875,7.4696044921875,0.9900710582733154
215,2.687500000320142e-06,0.24342744052410126,4.100687026977539,3.2498645782470703,83.88275146484375,66.478515625,7.8025221824646,0.07031822204589844,7.8009033203125,0.9900711178779602
216,2.7000000955013093e-06,0.25246018171310425,4.093698024749756,3.244325637817383,83.88275146484375,66.478515625,7.8132500648498535,0.07985877990722656,7.4212646484375,0.9900712966918945
217,2.712499963308801e-06,0.23420748114585876,58.67886734008789,46.504005432128906,83.88275146484375,66.478515625,7.583250522613525,0.07420921325683594,7.6024169921875,0.9900732040405273
218,2.725000058489968e-06,0.22494842112064362,51.540924072265625,40.84706497192383,83.88275146484375,66.478515625,9.583337783813477,0.06619453430175781,7.84033203125,0.9900732636451721
219,2.7374999262974598e-06,0.2383238524198532,47.121158599853516,37.344322204589844,83.88275146484375,66.478515625,9.976226806640625,0.06313610076904297,8.133544921875,0.9900734424591064
220,2.750000021478627e-06,0.24800409376621246,4.067719459533691,3.2237372398376465,83.88275146484375,66.478515625,7.521388530731201,0.07245731353759766,7.7581787109375,0.9900739192962646
221,2.7624998892861186e-06,0.24410109221935272,40.871803283691406,32.3916015625,83.88275146484375,66.478515625,8.125021934509277,0.07708168029785156,7.6383056640625,0.990074098110199
222,2.7749999844672857e-06,0.25956276059150696,45.18194580078125,35.807464599609375,83.88275146484375,66.478515625,9.84669017791748,0.07650184631347656,7.6005859375,0.990074098110199
223,2.787500079648453e-06,0.22563670575618744,0.9498505592346191,0.7527728080749512,83.88275146484375,66.478515625,8.735139846801758,0.06433868408203125,7.398681640625,0.9900742173194885
224,2.7999999474559445e-06,0.24271541833877563,32.193870544433594,25.514190673828125,83.88275146484375,66.478515625,9.627840995788574,0.06737136840820312,7.426513671875,0.9900743365287781
225,2.8125000426371116e-06,0.2332727462053299,38.14206314086914,30.22823715209961,83.88275146484375,66.478515625,8.72205638885498,0.06713104248046875,7.4102783203125,0.9900743961334229
226,2.8249999104446033e-06,0.24737630784511566,63.23976516723633,50.118595123291016,96.30361938476562,76.322265625,7.3705902099609375,0.07355499267578125,7.778564453125,0.990074872970581
227,2.8375000056257704e-06,0.23566751182079315,0.9952222108840942,0.7887306213378906,96.30361938476562,76.322265625,6.366876602172852,0.06609344482421875,7.46044921875,0.9900750517845154
228,2.8500001008069376e-06,0.23181532323360443,55.017242431640625,43.60210418701172,96.30361938476562,76.322265625,9.39460277557373,0.07423591613769531,7.0849609375,0.9900751113891602
229,2.8624999686144292e-06,0.2545434832572937,40.46847152709961,32.07195281982422,96.30361938476562,76.322265625,10.960748672485352,0.06962966918945312,8.0579833984375,0.9900770783424377
230,2.8750000637955964e-06,0.22999709844589233,55.829532623291016,44.24585723876953,96.30361938476562,76.322265625,8.467402458190918,0.06772804260253906,7.6422119140625,0.9900771975517273
231,2.887499931603088e-06,0.23124173283576965,53.34959030151367,42.280460357666016,96.30361938476562,76.322265625,9.621291160583496,0.061219215393066406,7.8814697265625,0.9900777339935303
232,2.900000026784255e-06,0.23977142572402954,53.72526931762695,42.57819366455078,96.30361938476562,76.322265625,9.202310562133789,0.06702041625976562,7.6505126953125,0.9900777339935303
233,2.912499894591747e-06,0.22236186265945435,49.45418167114258,39.19328308105469,96.30361938476562,76.322265625,8.509215354919434,0.06512641906738281,7.713623046875,0.9900779128074646
234,2.924999989772914e-06,0.23712770640850067,50.68562316894531,40.16922378540039,96.30361938476562,76.322265625,8.191326141357422,0.06504631042480469,7.40234375,0.9900779724121094
235,2.937500084954081e-06,0.248544842004776,57.495758056640625,45.56637191772461,96.30361938476562,76.322265625,7.456190586090088,0.06386947631835938,7.9793701171875,0.9900780320167542
236,2.9499999527615728e-06,0.23789837956428528,0.9398916363716125,0.744880199432373,96.30361938476562,76.322265625,7.60028600692749,0.06630325317382812,7.6187744140625,0.9900782108306885
237,2.96250004794274e-06,0.2409575879573822,1.0476744174957275,0.8302998542785645,96.30361938476562,76.322265625,8.531494140625,0.06832695007324219,7.397216796875,0.9900786876678467
238,2.9749999157502316e-06,0.23205052316188812,66.69429016113281,52.85636520385742,98.7508316040039,78.26171875,9.676456451416016,0.06331825256347656,7.6337890625,0.9900787472724915
239,2.9875000109313987e-06,0.24014370143413544,39.154823303222656,31.030864715576172,69.79098510742188,55.310546875,7.973662853240967,0.06744384765625,7.3035888671875,0.9900789260864258
240,3.000000106112566e-06,0.2682982087135315,50.97769546508789,40.40069580078125,69.79098510742188,55.310546875,7.091676235198975,0.06223487854003906,7.358154296875,0.9900808334350586
241,3.0124999739200575e-06,0.2559061348438263,47.92964172363281,37.98506164550781,69.79098510742188,55.310546875,15.831734657287598,0.0763702392578125,7.3724365234375,0.9900808930397034
242,3.0250000691012247e-06,0.22737164795398712,42.0858268737793,33.353736877441406,69.80084228515625,55.318359375,9.994122505187988,0.061222076416015625,7.7332763671875,0.9900810718536377
243,3.0374999369087163e-06,0.23429210484027863,51.53489303588867,40.84228515625,69.80084228515625,55.318359375,8.49752140045166,0.06135845184326172,8.3463134765625,0.9900815486907959
244,3.0500000320898835e-06,0.24781213700771332,3.812790632247925,3.0217018127441406,69.80084228515625,55.318359375,7.627681255340576,0.06558895111083984,7.6693115234375,0.9900817275047302
245,3.062499899897375e-06,0.24515385925769806,54.814998626708984,43.44182205200195,69.80084228515625,55.318359375,7.721989154815674,0.07151031494140625,7.18603515625,0.9900817275047302
246,3.0749999950785423e-06,0.24204988777637482,45.590171813964844,36.13098907470703,69.80084228515625,55.318359375,8.28372859954834,0.059658050537109375,7.382080078125,0.9900818467140198
247,3.0875000902597094e-06,0.23279023170471191,48.847572326660156,38.7125358581543,69.80084228515625,55.318359375,8.294940948486328,0.059166908264160156,7.9302978515625,0.9900819659233093
248,3.099999958067201e-06,0.34017160534858704,47.71604537963867,37.81578063964844,69.80084228515625,55.318359375,8.178688049316406,0.07561874389648438,7.5560302734375,0.9900820255279541
249,3.112500053248368e-06,0.24991551041603088,0.945970356464386,0.7496976852416992,69.87723541259766,55.37890625,7.854029655456543,0.07073307037353516,7.27783203125,0.9900825023651123
250,3.12499992105586e-06,0.252798467874527,38.40901565551758,30.439802169799805,69.87723541259766,55.37890625,7.272586345672607,0.06620979309082031,7.7142333984375,0.9900826811790466
251,3.137500016237027e-06,0.27984723448753357,4.372297763824463,3.465120792388916,69.87723541259766,55.37890625,7.456916332244873,0.06930255889892578,7.213134765625,0.9900827407836914
252,3.150000111418194e-06,0.28858482837677,17.54543685913086,13.905057907104492,69.87723541259766,55.37890625,6.71134090423584,0.07456779479980469,7.4305419921875,0.990084707736969
253,3.162499979225686e-06,0.25037187337875366,64.83866119384766,51.38574981689453,69.87723541259766,55.37890625,8.394159317016602,0.06553840637207031,7.93994140625,0.9900848269462585
254,3.175000074406853e-06,0.231821671128273,42.69960021972656,33.84016418457031,69.87723541259766,55.37890625,7.197872638702393,0.05947399139404297,8.0213623046875,0.9900853633880615
255,3.1874999422143446e-06,0.24288758635520935,4.306765556335449,3.4131851196289062,69.87723541259766,55.37890625,6.914352893829346,0.055466651916503906,7.782958984375,0.9900854229927063
256,3.2000000373955118e-06,0.2539457678794861,23.591480255126953,18.696651458740234,69.87723541259766,55.37890625,7.671719551086426,0.06204986572265625,7.675537109375,0.9900855422019958
257,3.2124999052030034e-06,0.23660480976104736,61.893577575683594,49.051719665527344,69.87723541259766,55.37890625,8.784342765808105,0.056522369384765625,7.46142578125,0.9900856614112854
258,3.2250000003841706e-06,0.2533935010433197,49.144203186035156,38.9476203918457,69.87723541259766,55.37890625,9.165589332580566,0.05625629425048828,7.491943359375,0.9900856614112854
259,3.2375000955653377e-06,0.23873655498027802,48.90159606933594,38.75535202026367,69.87723541259766,55.37890625,9.004508972167969,0.05179119110107422,7.854248046875,0.9900858402252197
260,3.2499999633728294e-06,0.23801381886005402,45.70763397216797,36.22407913208008,69.87723541259766,55.37890625,7.216370105743408,0.04971122741699219,7.6002197265625,0.9900863170623779
261,3.2625000585539965e-06,0.2587805986404419,18.237852096557617,14.45380973815918,69.87723541259766,55.37890625,8.158476829528809,0.05984973907470703,7.7337646484375,0.9900863766670227
262,3.274999926361488e-06,0.2548815608024597,51.03470230102539,40.44587707519531,69.87723541259766,55.37890625,6.659784317016602,0.062465667724609375,7.5335693359375,0.990086555480957
263,3.2875000215426553e-06,0.25603485107421875,10.492937088012695,8.315832138061523,69.87723541259766,55.37890625,8.487101554870605,0.059597015380859375,7.8919677734375,0.9900884628295898
264,3.299999889350147e-06,0.26951196789741516,40.206581115722656,31.86440086364746,69.87723541259766,55.37890625,8.719250679016113,0.059403419494628906,7.397216796875,0.9900885224342346
265,3.312499984531314e-06,0.25020167231559753,52.04114532470703,41.243499755859375,69.87723541259766,55.37890625,8.551809310913086,0.05461311340332031,7.6259765625,0.990088701248169
266,3.3250000797124812e-06,0.26936906576156616,43.8220100402832,34.72969055175781,69.87723541259766,55.37890625,7.2391204833984375,0.060389041900634766,7.7874755859375,0.9900891780853271
267,3.337499947519973e-06,0.2734610438346863,10.501564979553223,8.322669982910156,69.87723541259766,55.37890625,8.492569923400879,0.055721282958984375,7.7120361328125,0.9900893568992615
268,3.35000004270114e-06,0.27758702635765076,29.371692657470703,23.277568817138672,69.87723541259766,55.37890625,6.047273635864258,0.05161094665527344,7.8199462890625,0.9900893568992615
269,3.3624999105086317e-06,0.277241051197052,36.33488845825195,28.7960205078125,69.87723541259766,55.37890625,7.2043137550354,0.05632591247558594,6.8299560546875,0.990089476108551
270,3.375000005689799e-06,0.2734198272228241,0.9621042609214783,0.762484073638916,69.87723541259766,55.37890625,5.5778093338012695,0.05840587615966797,7.6734619140625,0.9900895953178406
271,3.387500100870966e-06,0.274898499250412,22.075098037719727,17.494892120361328,69.87723541259766,55.37890625,7.104269504547119,0.06007194519042969,7.518310546875,0.9900896549224854
272,3.3999999686784577e-06,0.2957886755466461,1.0363857746124268,0.8213534355163574,69.87723541259766,55.37890625,7.524747371673584,0.05656623840332031,7.175048828125,0.9900901913642883
273,3.4125000638596248e-06,0.2941209673881531,45.60974884033203,36.146507263183594,69.87723541259766,55.37890625,7.286559581756592,0.05774974822998047,7.7978515625,0.9900903105735779
274,3.4249999316671165e-06,0.2979757487773895,10.816448211669922,8.572219848632812,69.87723541259766,55.37890625,7.029453754425049,0.057422637939453125,7.3419189453125,0.9900903701782227
275,3.4375000268482836e-06,0.28423556685447693,53.764793395996094,42.60951614379883,69.87723541259766,55.37890625,7.663580894470215,0.05211639404296875,7.8572998046875,0.9900923371315002
276,3.4499998946557753e-06,0.3062085807323456,57.30811309814453,45.417659759521484,69.87723541259766,55.37890625,6.774056434631348,0.057132720947265625,7.4825439453125,0.9900924563407898
277,3.4624999898369424e-06,0.2889518141746521,58.03546142578125,45.99409484863281,69.87723541259766,55.37890625,6.670520782470703,0.056405067443847656,7.581787109375,0.9900929927825928
278,3.4750000850181095e-06,0.2959195673465729,42.13578414916992,33.39332962036133,69.87723541259766,55.37890625,9.7653226852417,0.05472564697265625,7.748779296875,0.9900930523872375
279,3.4874999528256012e-06,0.3105790913105011,4.27491569519043,3.387943744659424,69.87723541259766,55.37890625,6.886929988861084,0.059081077575683594,8.0987548828125,0.9900931715965271
280,3.5000000480067683e-06,0.32527196407318115,40.99165344238281,32.48658752441406,69.87723541259766,55.37890625,7.3054022789001465,0.0632638931274414,7.767822265625,0.9900932908058167
281,3.51249991581426e-06,0.3169078826904297,44.019248962402344,34.886009216308594,69.87723541259766,55.37890625,8.0245361328125,0.05667877197265625,7.462890625,0.9900932908058167
282,3.525000010995427e-06,0.31915420293807983,10.761918067932129,8.529003143310547,69.87723541259766,55.37890625,8.735319137573242,0.05430030822753906,7.5384521484375,0.990093469619751
283,3.5375001061765943e-06,0.3089991807937622,40.333675384521484,31.965126037597656,69.87723541259766,55.37890625,7.774820804595947,0.04797935485839844,7.4613037109375,0.9900939464569092
284,3.549999973984086e-06,0.32040882110595703,43.17189407348633,34.2144660949707,69.87723541259766,55.37890625,6.208639144897461,0.050240516662597656,7.3336181640625,0.9900941252708435
285,3.562500069165253e-06,0.3186134696006775,49.21565246582031,39.00424575805664,69.87723541259766,55.37890625,7.630749702453613,0.051301002502441406,7.34130859375,0.9900941848754883
286,3.5749999369727448e-06,0.31913742423057556,55.33195114135742,43.85151672363281,69.87723541259766,55.37890625,9.674846649169922,0.05003070831298828,7.7044677734375,0.9900960922241211
287,3.587500032153912e-06,0.32622888684272766,22.896425247192383,18.14580726623535,69.87723541259766,55.37890625,8.600323677062988,0.056720733642578125,7.5230712890625,0.9900962710380554
288,3.5999998999614036e-06,0.3279581665992737,43.053768157958984,34.120845794677734,69.87723541259766,55.37890625,7.679403305053711,0.055581092834472656,7.0430908203125,0.9900963306427002
289,3.6124999951425707e-06,0.3458383083343506,47.857967376708984,37.92825698852539,69.87723541259766,55.37890625,8.475397109985352,0.057518959045410156,8.0230712890625,0.9900968074798584
290,3.625000090323738e-06,0.34311774373054504,4.181926250457764,3.3142480850219727,69.87723541259766,55.37890625,8.916242599487305,0.051570892333984375,7.60546875,0.9900969862937927
291,3.6374999581312295e-06,0.3353557288646698,50.19770431518555,39.78253936767578,69.87723541259766,55.37890625,8.409906387329102,0.04848194122314453,7.8350830078125,0.9900969862937927
292,3.6500000533123966e-06,0.3581840991973877,42.194759368896484,33.440067291259766,69.87723541259766,55.37890625,7.335011959075928,0.052425384521484375,7.5999755859375,0.9900971055030823
293,3.6624999211198883e-06,0.3621475398540497,50.50807571411133,40.02851104736328,69.87723541259766,55.37890625,7.431328773498535,0.050093650817871094,7.610595703125,0.9900972247123718
294,3.6750000163010554e-06,0.3689174950122833,53.22357177734375,42.18059158325195,69.87723541259766,55.37890625,10.646718978881836,0.04969310760498047,7.3310546875,0.9900972843170166
295,3.6875001114822226e-06,0.3912608027458191,52.30633544921875,41.45366287231445,69.87723541259766,55.37890625,10.263731002807617,0.04852104187011719,7.88720703125,0.9900978207588196
296,3.6999999792897142e-06,0.38268598914146423,52.490745544433594,41.59981155395508,69.87723541259766,55.37890625,8.795491218566895,0.04702949523925781,7.66259765625,0.9900979399681091
297,3.7125000744708814e-06,0.39808815717697144,0.8482933640480042,0.6722869873046875,70.05714416503906,55.521484375,7.759800434112549,0.046479225158691406,7.4161376953125,0.9900999069213867
298,3.724999942278373e-06,0.3920946717262268,54.96109390258789,43.5576057434082,70.05714416503906,55.521484375,7.633747100830078,0.047313690185546875,7.57470703125,0.9900999665260315
299,3.73750003745954e-06,0.39624926447868347,1.0146310329437256,0.804112434387207,70.05714416503906,55.521484375,6.816801071166992,0.05355262756347656,7.27880859375,0.9901001453399658
300,3.749999905267032e-06,0.4506491720676422,36.54795837402344,28.964881896972656,70.05714416503906,55.521484375,7.596665859222412,0.051552772521972656,7.3150634765625,0.990100622177124
301,3.762500000448199e-06,0.4094337522983551,0.9922577738761902,0.7863812446594238,70.05714416503906,55.521484375,14.799161911010742,0.05011248588562012,7.3426513671875,0.9901006817817688
302,3.775000095629366e-06,0.44965142011642456,45.84019088745117,36.32913589477539,70.05714416503906,55.521484375,7.24490213394165,0.04784584045410156,7.722412109375,0.9901008009910583
303,3.787499963436858e-06,0.4340933859348297,10.507723808288574,8.327550888061523,70.05714416503906,55.521484375,5.600404262542725,0.04765033721923828,8.2955322265625,0.9901009202003479
304,3.800000058618025e-06,0.4634275436401367,45.15021514892578,35.782318115234375,70.05714416503906,55.521484375,8.24846076965332,0.062480926513671875,7.7257080078125,0.9901009202003479
305,3.8124999264255166e-06,0.46868810057640076,48.3628044128418,38.32835006713867,70.05714416503906,55.521484375,10.059412956237793,0.057465553283691406,7.0372314453125,0.9901010990142822
306,3.825000021606684e-06,0.44820719957351685,42.52916717529297,33.70509338378906,70.05714416503906,55.521484375,7.019933223724365,0.05099773406982422,7.2242431640625,0.9901015758514404
307,3.837500116787851e-06,0.4624998867511749,52.788490295410156,41.83578109741211,70.05714416503906,55.521484375,8.08809757232666,0.04859161376953125,7.8271484375,0.9901017546653748
308,3.850000211969018e-06,0.4565683603286743,4.080418586730957,3.2338013648986816,70.05714416503906,55.521484375,7.103696346282959,0.04724597930908203,7.498291015625,0.9901018142700195
309,3.862499852402834e-06,0.49968698620796204,49.971256256103516,39.60307312011719,70.05714416503906,55.521484375,6.417917728424072,0.04953956604003906,7.3072509765625,0.9901037216186523
310,3.874999947584001e-06,0.5176316499710083,48.716922760009766,38.60899353027344,70.05714416503906,55.521484375,6.505819797515869,0.04552173614501953,7.60595703125,0.9901039004325867
311,3.8875000427651685e-06,0.5102975368499756,3.841585636138916,3.044522285461426,70.05714416503906,55.521484375,7.138638973236084,0.04817771911621094,7.243408203125,0.9901039600372314
312,3.900000137946336e-06,0.5102148056030273,47.29511642456055,37.48218536376953,70.05714416503906,55.521484375,7.807363033294678,0.048686981201171875,7.39013671875,0.9901044368743896
313,3.912499778380152e-06,0.6083129048347473,54.03517150878906,42.82379913330078,70.05714416503906,55.521484375,8.801240921020508,0.04174518585205078,7.870361328125,0.990104615688324
314,3.924999873561319e-06,0.7447686791419983,56.84366226196289,45.04957580566406,70.05714416503906,55.521484375,8.908491134643555,0.042110443115234375,7.9456787109375,0.9901046752929688
315,3.937499968742486e-06,0.5988081693649292,55.00748062133789,43.59436798095703,70.05714416503906,55.521484375,6.400253772735596,0.045022010803222656,7.81005859375,0.9901047348976135
316,3.950000063923653e-06,0.5215626955032349,44.363258361816406,35.15863800048828,70.05714416503906,55.521484375,9.034141540527344,0.04163932800292969,7.6239013671875,0.9901049137115479
317,3.96250015910482e-06,0.5422971248626709,37.03355407714844,29.34972381591797,70.05714416503906,55.521484375,6.4935197830200195,0.04650735855102539,7.4403076171875,0.990105390548706
318,3.974999799538637e-06,0.613871693611145,52.6397705078125,41.717918395996094,70.05714416503906,55.521484375,6.763263702392578,0.04445934295654297,7.38134765625,0.9901054501533508
319,3.987499894719804e-06,0.5635305047035217,39.23196029663086,31.091999053955078,70.05714416503906,55.521484375,8.343314170837402,0.04232215881347656,7.8021240234375,0.9901056289672852
320,3.999999989900971e-06,0.6550960540771484,1.0114933252334595,0.8016257286071777,70.05714416503906,55.521484375,7.10983419418335,0.04629039764404297,7.481201171875,0.990107536315918
321,4.012500085082138e-06,0.6506075263023376,38.57011413574219,30.567474365234375,70.05714416503906,55.521484375,7.204111099243164,0.04747772216796875,7.7451171875,0.9901075959205627
322,4.025000180263305e-06,0.6690114140510559,42.28303146362305,33.51002502441406,70.05714416503906,55.521484375,7.143689155578613,0.044365882873535156,7.3828125,0.9901077747344971
323,4.037499820697121e-06,0.9125123620033264,10.894744873046875,8.634271621704102,70.05714416503906,55.521484375,6.432929039001465,0.044521331787109375,7.8909912109375,0.9901082515716553
324,4.0499999158782884e-06,1.0752681493759155,31.476755142211914,24.945865631103516,70.05714416503906,55.521484375,7.585578441619873,0.04690742492675781,7.3837890625,0.9901084303855896
325,4.0625000110594556e-06,0.8344679474830627,53.2248649597168,42.18161392211914,70.05714416503906,55.521484375,8.562627792358398,0.054363250732421875,7.59326171875,0.9901084303855896
326,4.075000106240623e-06,0.7359843850135803,52.268402099609375,41.42360305786133,70.05714416503906,55.521484375,7.4401984214782715,0.052117347717285156,7.669677734375,0.9901085495948792
327,4.08750020142179e-06,1.2543699741363525,11.128215789794922,8.81930160522461,70.05714416503906,55.521484375,7.686960697174072,0.04805755615234375,7.7149658203125,0.9901086688041687
328,4.099999841855606e-06,0.9561869502067566,23.47607421875,18.60519027709961,70.05714416503906,55.521484375,7.752074241638184,0.047089576721191406,7.790771484375,0.9901087284088135
329,4.112499937036773e-06,0.8567715883255005,4.7075018882751465,3.730775833129883,70.05714416503906,55.521484375,6.77964448928833,0.05577230453491211,6.781494140625,0.9901092052459717
330,4.12500003221794e-06,0.8270823359489441,48.55080795288086,38.47734451293945,70.05714416503906,55.521484375,6.477640628814697,0.04122018814086914,7.7276611328125,0.990109384059906
331,4.1375001273991074e-06,0.7528694272041321,44.54655075073242,35.30390167236328,70.05714416503906,55.521484375,7.273728847503662,0.047316551208496094,7.541259765625,0.9901094436645508
332,4.1500002225802746e-06,0.8962748050689697,1.0203620195388794,0.8086543083190918,70.05714416503906,55.521484375,5.277506351470947,0.046443939208984375,7.2518310546875,0.9901114106178284
333,4.162499863014091e-06,0.9117516279220581,39.76034927368164,31.51075553894043,70.05714416503906,55.521484375,7.936573028564453,0.0404205322265625,7.7178955078125,0.9901115298271179
334,4.174999958195258e-06,0.7872207164764404,43.35654830932617,34.36080551147461,70.05714416503906,55.521484375,7.604434967041016,0.041563987731933594,7.3604736328125,0.9901120662689209
335,4.187500053376425e-06,0.9025206565856934,4.097540378570557,3.247370719909668,70.05714416503906,55.521484375,6.063784122467041,0.037853240966796875,7.8118896484375,0.9901120662689209
336,4.200000148557592e-06,1.9146583080291748,48.369415283203125,38.333587646484375,70.05714416503906,55.521484375,9.557709693908691,0.048277854919433594,7.4227294921875,0.9901122450828552
337,4.212499788991408e-06,1.0803096294403076,21.376266479492188,16.941057205200195,70.05714416503906,55.521484375,8.680816650390625,0.050301551818847656,7.5445556640625,0.9901123046875
338,4.2249998841725755e-06,0.841938853263855,44.79570770263672,35.501365661621094,70.05714416503906,55.521484375,7.695411205291748,0.03790092468261719,7.7333984375,0.9901123642921448
339,4.237499979353743e-06,0.8726738691329956,39.9298095703125,31.645055770874023,70.05714416503906,55.521484375,8.343624114990234,0.03790092468261719,8.0201416015625,0.9901125431060791
340,4.25000007453491e-06,1.5080273151397705,58.627864837646484,46.463584899902344,70.05714416503906,55.521484375,8.07968807220459,0.039994239807128906,7.671630859375,0.9901130199432373
341,4.262500169716077e-06,1.8771229982376099,34.22835159301758,27.12655258178711,70.05714416503906,55.521484375,7.408979892730713,0.04524040222167969,7.4259033203125,0.9901130795478821
342,4.274999810149893e-06,0.9206754565238953,22.58869171142578,17.90192413330078,70.05714416503906,55.521484375,7.093102931976318,0.04632091522216797,7.523681640625,0.9901132583618164
343,4.28749990533106e-06,1.7327778339385986,23.468080520629883,18.598854064941406,70.05714416503906,55.521484375,6.851538181304932,0.055016517639160156,7.436767578125,0.9901151657104492
344,4.300000000512227e-06,1.2884329557418823,10.563220977783203,8.371532440185547,70.05714416503906,55.521484375,5.959293842315674,0.04271125793457031,7.31396484375,0.990115225315094
345,4.3125000956933945e-06,1.0206557512283325,49.228851318359375,39.014705657958984,70.05714416503906,55.521484375,6.037365913391113,0.04375457763671875,7.2708740234375,0.9901154041290283
346,4.325000190874562e-06,1.1047369241714478,10.73984432220459,8.511510848999023,70.05714416503906,55.521484375,8.445135116577148,0.04056072235107422,7.678955078125,0.9901158809661865
347,4.337499831308378e-06,1.854543685913086,43.29787063598633,34.31430435180664,70.05714416503906,55.521484375,7.671685695648193,0.04655265808105469,7.4989013671875,0.9901160597801208
348,4.349999926489545e-06,2.284670829772949,38.296714782714844,30.350799560546875,70.05714416503906,55.521484375,6.183305263519287,0.039549827575683594,6.87744140625,0.9901160597801208
349,4.362500021670712e-06,1.2050409317016602,51.1805305480957,40.56144332885742,70.05714416503906,55.521484375,7.997092247009277,0.042527198791503906,7.9564208984375,0.9901161789894104
350,4.375000116851879e-06,1.6753747463226318,57.4824104309082,45.555789947509766,70.05714416503906,55.521484375,8.366118431091309,0.03832054138183594,7.6104736328125,0.9901162981987
351,4.387500212033046e-06,3.9829390048980713,1.0395355224609375,0.8238496780395508,70.05714416503906,55.521484375,7.422342300415039,0.03485441207885742,7.6229248046875,0.9901163578033447
352,4.399999852466863e-06,1.478506326675415,46.59761428833008,36.929405212402344,70.05714416503906,55.521484375,6.375666618347168,0.04232454299926758,7.505126953125,0.9901168346405029
353,4.41249994764803e-06,4.465301990509033,11.596842765808105,9.190696716308594,70.05714416503906,55.521484375,7.2169013023376465,0.042858123779296875,7.580322265625,0.9901170134544373
354,4.425000042829197e-06,4.801544189453125,56.261905670166016,44.58852005004883,70.05714416503906,55.521484375,6.352114200592041,0.037301063537597656,7.251708984375,0.9901189804077148
355,4.437500138010364e-06,2.307284355163574,9.853026390075684,7.808691501617432,70.05714416503906,55.521484375,7.305636882781982,0.03273487091064453,7.79443359375,0.9901190400123596
356,4.44999977844418e-06,3.091352939605713,20.85670280456543,16.529293060302734,70.05714416503906,55.521484375,6.184241771697998,0.035173892974853516,7.5562744140625,0.9901191592216492
357,4.462499873625347e-06,2.8157365322113037,38.71757507324219,30.684341430664062,70.05714416503906,55.521484375,7.318979740142822,0.038483619689941406,7.3726806640625,0.9901196956634521
358,4.4749999688065145e-06,1.8529248237609863,3.7383437156677246,2.9627013206481934,70.05714416503906,55.521484375,7.144617557525635,0.033583879470825195,7.525390625,0.9901197552680969
359,4.487500063987682e-06,4.358242988586426,36.44060134887695,28.879798889160156,70.05714416503906,55.521484375,8.361482620239258,0.038105010986328125,7.220947265625,0.9901198744773865
360,4.500000159168849e-06,3.4620819091796875,50.42753219604492,39.964683532714844,70.05714416503906,55.521484375,7.871601104736328,0.038781166076660156,7.295166015625,0.990119993686676
361,4.512499799602665e-06,4.016340732574463,45.88526153564453,36.36485290527344,70.05714416503906,55.521484375,13.384259223937988,0.042877197265625,7.3958740234375,0.990119993686676
362,4.524999894783832e-06,4.969369888305664,11.103283882141113,8.799542427062988,70.05714416503906,55.521484375,7.092487812042236,0.03759765625,7.572509765625,0.9901201725006104
363,4.537499989964999e-06,3.3906826972961426,51.828346252441406,41.074851989746094,70.05714416503906,55.521484375,6.375988006591797,0.04134798049926758,8.2713623046875,0.9901206493377686
364,4.550000085146166e-06,3.0812430381774902,49.30607604980469,39.07590866088867,70.05714416503906,55.521484375,7.360027313232422,0.04093027114868164,7.6170654296875,0.9901207089424133
365,4.5625001803273335e-06,5.283755302429199,39.71591567993164,31.475542068481445,70.05714416503906,55.521484375,7.143404960632324,0.045828819274902344,7.013916015625,0.9901208877563477
366,4.57499982076115e-06,4.725098609924316,49.571956634521484,39.28662109375,70.05714416503906,55.521484375,6.3482890129089355,0.0433497428894043,7.2259521484375,0.9901227951049805
367,4.587499915942317e-06,3.334399938583374,55.16790008544922,43.72150421142578,70.05714416503906,55.521484375,8.522811889648438,0.04356956481933594,7.684814453125,0.9901228547096252
368,4.600000011123484e-06,4.107334136962891,53.74828338623047,42.596435546875,70.05714416503906,55.521484375,7.460249423980713,0.03685951232910156,7.43359375,0.9901230335235596
369,4.612500106304651e-06,3.138126850128174,51.55145263671875,40.85540771484375,70.05714416503906,55.521484375,6.953281402587891,0.04255199432373047,7.224365234375,0.9901235103607178
370,4.625000201485818e-06,2.9991214275360107,23.532638549804688,18.65001678466797,70.05714416503906,55.521484375,9.058477401733398,0.04426002502441406,7.5472412109375,0.9901236891746521
371,4.6374998419196345e-06,5.137820243835449,54.00426483154297,42.7993049621582,70.05714416503906,55.521484375,7.40552282333374,0.0352177619934082,7.2020263671875,0.9901236891746521
372,4.649999937100802e-06,4.269620418548584,46.06528091430664,36.50752258300781,70.05714416503906,55.521484375,7.497610092163086,0.028608322143554688,7.3001708984375,0.9901238083839417
373,4.662500032281969e-06,4.142668724060059,47.0388298034668,37.27907943725586,70.05714416503906,55.521484375,7.4448957443237305,0.035736083984375,7.822509765625,0.9901239275932312
374,4.675000127463136e-06,3.862002372741699,4.3312907218933105,3.432621955871582,70.05714416503906,55.521484375,6.737227439880371,0.03158378601074219,7.8302001953125,0.990123987197876
375,4.687500222644303e-06,4.252527713775635,64.78617858886719,51.34415054321289,70.05714416503906,55.521484375,6.995976448059082,0.03540325164794922,7.750732421875,0.990124523639679
376,4.699999863078119e-06,3.495983362197876,39.59532928466797,31.379974365234375,70.05714416503906,55.521484375,5.86390495300293,0.033596038818359375,7.55029296875,0.9901246428489685
377,4.712499958259286e-06,4.513315677642822,33.3792724609375,26.453643798828125,70.05714416503906,55.521484375,6.733592987060547,0.03498697280883789,7.3857421875,0.9901266098022461
378,4.7250000534404535e-06,3.93106746673584,51.12535858154297,40.51771926879883,70.05714416503906,55.521484375,8.48353385925293,0.03471660614013672,7.2559814453125,0.9901266694068909
379,4.737500148621621e-06,4.1291913986206055,54.45496368408203,43.156490325927734,70.05714416503906,55.521484375,7.423491954803467,0.03114795684814453,7.651611328125,0.9901267886161804
380,4.749999789055437e-06,3.00178599357605,47.15154266357422,37.368404388427734,70.05714416503906,55.521484375,8.820615768432617,0.03622722625732422,7.499267578125,0.9901273250579834
381,4.762499884236604e-06,5.771851539611816,1.0029194355010986,0.7948307991027832,70.05714416503906,55.521484375,7.675597190856934,0.04201555252075195,7.6358642578125,0.9901273846626282
382,4.774999979417771e-06,3.570166826248169,51.15492248535156,40.5411491394043,70.05714416503906,55.521484375,9.700250625610352,0.04452085494995117,7.3367919921875,0.9901275038719177
383,4.787500074598938e-06,4.502116680145264,9.21497917175293,7.303028106689453,70.05714416503906,55.521484375,7.169078350067139,0.035300254821777344,7.7828369140625,0.9901276230812073
384,4.800000169780105e-06,4.206751823425293,36.310997009277344,28.77708625793457,70.05714416503906,55.521484375,6.8792924880981445,0.04024219512939453,7.299072265625,0.9901276230812073
385,4.812499810213922e-06,4.274061679840088,42.592613220214844,33.755374908447266,70.05714416503906,55.521484375,9.493758201599121,0.04303264617919922,7.3992919921875,0.9901278018951416
386,4.824999905395089e-06,3.809461832046509,57.92619705200195,45.907501220703125,70.05714416503906,55.521484375,7.107148170471191,0.04075765609741211,7.6309814453125,0.9901282787322998
387,4.837500000576256e-06,5.222729682922363,3.6981542110443115,2.9308505058288574,70.05714416503906,55.521484375,7.482778072357178,0.034703731536865234,7.678466796875,0.9901284575462341
388,4.850000095757423e-06,4.445899963378906,52.23765563964844,41.399234771728516,70.05714416503906,55.521484375,7.820311546325684,0.032779693603515625,7.748046875,0.9901285171508789
389,4.86250019093859e-06,4.918031692504883,1.091008186340332,0.8646426200866699,70.05714416503906,55.521484375,7.15877628326416,0.038407325744628906,6.8173828125,0.9901304244995117
390,4.874999831372406e-06,4.790244102478027,4.110213279724121,3.2574143409729004,70.05714416503906,55.521484375,6.900456428527832,0.03876543045043945,7.5966796875,0.990130603313446
391,4.8874999265535735e-06,4.817413330078125,4.3569207191467285,3.4529342651367188,70.05714416503906,55.521484375,6.132033348083496,0.0424036979675293,7.4827880859375,0.9901306629180908
392,4.900000021734741e-06,3.820167303085327,46.56486892700195,36.9034538269043,70.05714416503906,55.521484375,6.529489994049072,0.037354469299316406,7.2860107421875,0.990131139755249
393,4.912500116915908e-06,4.058889865875244,32.90070343017578,26.074369430541992,70.05714416503906,55.521484375,7.596502304077148,0.036108970642089844,7.691650390625,0.9901313185691833
394,4.925000212097075e-06,3.7659788131713867,47.30733871459961,37.49187469482422,70.05714416503906,55.521484375,6.998126983642578,0.04169940948486328,7.2791748046875,0.9901313185691833
395,4.937499852530891e-06,4.751141548156738,46.88345718383789,37.155941009521484,70.05714416503906,55.521484375,6.308638572692871,0.034902095794677734,7.744873046875,0.9901314377784729
396,4.949999947712058e-06,3.9110043048858643,10.378769874572754,8.225353240966797,70.05714416503906,55.521484375,7.598531246185303,0.036871910095214844,7.302490234375,0.9901315569877625
397,4.962500042893225e-06,4.624731540679932,43.28488540649414,34.304012298583984,70.05714416503906,55.521484375,7.557023048400879,0.03955078125,7.5333251953125,0.9901316165924072
398,4.9750001380743925e-06,4.221379280090332,37.37432098388672,29.619789123535156,70.05714416503906,55.521484375,7.099634170532227,0.04143238067626953,7.6610107421875,0.9901321530342102
399,4.987499778508209e-06,4.866086959838867,52.80870819091797,41.851802825927734,70.05714416503906,55.521484375,6.062710285186768,0.03351783752441406,7.930419921875,0.9901322722434998
400,4.999999873689376e-06,3.4559288024902344,54.87452697753906,43.4890022277832,70.05714416503906,55.521484375,7.11605167388916,0.03955984115600586,7.650634765625,0.9901342391967773
401,5.012499968870543e-06,5.470710754394531,4.390257358551025,3.479353904724121,70.05714416503906,55.521484375,8.91345500946045,0.03593254089355469,7.365234375,0.9901342988014221
402,5.02500006405171e-06,5.756943225860596,23.632787704467773,18.729387283325195,70.05714416503906,55.521484375,7.684142112731934,0.035419464111328125,7.5416259765625,0.9901344776153564
403,5.037500159232877e-06,4.644655704498291,9.920703887939453,7.862327575683594,70.05714416503906,55.521484375,6.964785575866699,0.04050922393798828,7.3343505859375,0.9901349544525146
404,5.0499997996666934e-06,3.6475882530212402,38.2838249206543,30.340585708618164,70.05714416503906,55.521484375,7.669482231140137,0.039031028747558594,7.30859375,0.9901350140571594
405,5.0624998948478606e-06,4.612673759460449,33.760738372802734,26.755962371826172,70.05714416503906,55.521484375,7.427460193634033,0.041708946228027344,7.1632080078125,0.990135133266449
406,5.074999990029028e-06,4.863021373748779,51.313072204589844,40.66648483276367,70.05714416503906,55.521484375,8.379678726196289,0.03391838073730469,7.680908203125,0.9901352524757385
407,5.087500085210195e-06,5.3390398025512695,39.75109100341797,31.50341796875,70.05714416503906,55.521484375,8.252220153808594,0.035597801208496094,7.4586181640625,0.9901352524757385
408,5.100000180391362e-06,4.765804290771484,49.445587158203125,39.18647384643555,70.05714416503906,55.521484375,8.09753131866455,0.03344106674194336,6.7823486328125,0.9901354312896729
409,5.112499820825178e-06,3.956390380859375,47.3123664855957,37.4958610534668,70.05714416503906,55.521484375,7.8851318359375,0.03339719772338867,7.818115234375,0.990135908126831
410,5.124999916006345e-06,3.4968113899230957,0.9713538289070129,0.7698144912719727,70.05714416503906,55.521484375,7.7017645835876465,0.03467845916748047,7.57763671875,0.9901360869407654
411,5.1375000111875124e-06,5.95371150970459,44.42681884765625,35.20901107788086,70.05714416503906,55.521484375,10.068278312683105,0.03422260284423828,7.66845703125,0.9901361465454102
412,5.1500001063686796e-06,5.171448707580566,39.72715377807617,31.484447479248047,70.05714416503906,55.521484375,7.436881065368652,0.03803825378417969,7.466064453125,0.990138053894043
413,5.162500201549847e-06,4.840795040130615,43.75137710571289,34.67371368408203,70.05714416503906,55.521484375,6.787296772003174,0.037568092346191406,7.4544677734375,0.9901382327079773
414,5.174999841983663e-06,5.425509452819824,36.668697357177734,29.060569763183594,70.05714416503906,55.521484375,8.048772811889648,0.0378727912902832,7.20849609375,0.9901382923126221
415,5.18749993716483e-06,5.2190961837768555,39.581764221191406,31.369224548339844,70.05714416503906,55.521484375,7.449419021606445,0.032547950744628906,7.82470703125,0.9901387691497803
416,5.200000032345997e-06,4.222697734832764,22.372453689575195,17.73055076599121,70.05714416503906,55.521484375,8.380916595458984,0.03501605987548828,7.542236328125,0.9901389479637146
417,5.212500127527164e-06,6.148635387420654,23.545909881591797,18.66053581237793,70.05714416503906,55.521484375,6.561162948608398,0.04643130302429199,7.3858642578125,0.9901390075683594
418,5.225000222708331e-06,6.482321739196777,47.47043991088867,37.62113571166992,70.05714416503906,55.521484375,7.190566062927246,0.037523746490478516,7.5008544921875,0.9901390671730042
419,5.237499863142148e-06,5.132011413574219,50.57780456542969,40.08377456665039,70.05714416503906,55.521484375,8.37770938873291,0.04253029823303223,7.1912841796875,0.9901392459869385
420,5.249999958323315e-06,3.756039619445801,1.0327847003936768,0.8184995651245117,70.05714416503906,55.521484375,7.082875728607178,0.04681110382080078,7.2564697265625,0.9901397228240967
421,5.262500053504482e-06,5.894631862640381,58.5247802734375,46.38188934326172,70.05714416503906,55.521484375,14.534692764282227,0.04682779312133789,7.399169921875,0.9901397824287415
422,5.275000148685649e-06,5.325252532958984,39.89692687988281,31.618995666503906,70.05714416503906,55.521484375,6.389195919036865,0.03656721115112305,7.5556640625,0.9901399612426758
423,5.287499789119465e-06,5.257391452789307,50.76150131225586,40.2293586730957,70.05714416503906,55.521484375,6.868706226348877,0.03583383560180664,8.1551513671875,0.9901418685913086
424,5.299999884300632e-06,5.7874345779418945,22.47759246826172,17.81387710571289,70.05714416503906,55.521484375,6.755410194396973,0.039124488830566406,7.5867919921875,0.9901419281959534
425,5.3124999794817995e-06,4.022675514221191,52.27823257446289,41.431392669677734,70.05714416503906,55.521484375,10.070274353027344,0.04437541961669922,6.962158203125,0.9901421070098877
426,5.325000074662967e-06,3.60595703125,46.145565032958984,36.57114791870117,70.05714416503906,55.521484375,7.9588212966918945,0.03584766387939453,7.1405029296875,0.9901425838470459
427,5.337500169844134e-06,5.411526203155518,22.782114028930664,18.055213928222656,70.05714416503906,55.521484375,6.366304874420166,0.034210205078125,7.630859375,0.9901427626609802
428,5.34999981027795e-06,4.488662242889404,9.23099136352539,7.315718173980713,70.05714416503906,55.521484375,7.97825813293457,0.0315704345703125,7.2635498046875,0.9901427626609802
429,5.362499905459117e-06,5.6929850578308105,53.6844482421875,42.545841217041016,70.05714416503906,55.521484375,7.169643878936768,0.035121917724609375,7.210693359375,0.9901428818702698
430,5.375000000640284e-06,5.3970160484313965,38.66312789916992,30.641189575195312,70.05714416503906,55.521484375,5.995317459106445,0.03261852264404297,7.49560546875,0.9901430010795593
431,5.387500095821451e-06,4.686559677124023,4.363081455230713,3.4578166007995605,70.05714416503906,55.521484375,7.546247482299805,0.03441572189331055,7.1943359375,0.9901430606842041
432,5.4000001910026185e-06,4.337155818939209,3.3445558547973633,2.6506175994873047,70.05714416503906,55.521484375,6.550687789916992,0.03642129898071289,7.253173828125,0.9901435375213623
433,5.412499831436435e-06,5.695311069488525,3.845658302307129,3.0477499961853027,70.05714416503906,55.521484375,6.746625900268555,0.036482810974121094,7.8134765625,0.9901437163352966
434,5.424999926617602e-06,5.038651466369629,38.26552200317383,30.326078414916992,70.05714416503906,55.521484375,6.105522155761719,0.04530143737792969,7.9443359375,0.9901437759399414
435,5.437500021798769e-06,5.092616081237793,53.12461471557617,42.10216522216797,70.05714416503906,55.521484375,7.503840923309326,0.04211139678955078,7.7586669921875,0.990145742893219
436,5.450000116979936e-06,4.028670787811279,46.375831604003906,36.753639221191406,70.05714416503906,55.521484375,6.691793918609619,0.041756629943847656,7.5657958984375,0.9901458621025085
437,5.462500212161103e-06,4.601812362670898,45.461673736572266,36.02915573120117,70.05714416503906,55.521484375,8.082185745239258,0.0365145206451416,7.334228515625,0.9901463985443115
438,5.4749998525949195e-06,4.343274116516113,18.828821182250977,14.922163009643555,70.05714416503906,55.521484375,6.241266250610352,0.030852317810058594,7.2193603515625,0.9901463985443115
439,5.487499947776087e-06,4.915114402770996,1.0674935579299927,0.8460068702697754,70.05714416503906,55.521484375,6.1195068359375,0.03446006774902344,7.5775146484375,0.9901465773582458
440,5.500000042957254e-06,4.899657726287842,50.59537887573242,40.09770202636719,70.05714416503906,55.521484375,6.608246326446533,0.03227949142456055,7.505615234375,0.9901466369628906
441,5.512500138138421e-06,5.639957904815674,44.373287200927734,35.166587829589844,70.05714416503906,55.521484375,7.422906398773193,0.0316619873046875,7.7080078125,0.9901466965675354
442,5.524999778572237e-06,4.178760528564453,34.31388473510742,27.194339752197266,70.05714416503906,55.521484375,6.313240051269531,0.03804206848144531,7.285400390625,0.9901468753814697
443,5.537499873753404e-06,4.50421142578125,9.375228881835938,7.430029392242432,70.05714416503906,55.521484375,7.155601978302002,0.037322044372558594,7.87548828125,0.9901473522186279
444,5.549999968934571e-06,4.951333522796631,44.313934326171875,35.11955261230469,70.05714416503906,55.521484375,5.853896617889404,0.03789854049682617,7.2620849609375,0.9901474118232727
445,5.5625000641157385e-06,5.419559955596924,45.970726013183594,36.432586669921875,70.05714416503906,55.521484375,7.204289436340332,0.03271198272705078,7.364990234375,0.990147590637207
446,5.575000159296906e-06,4.611162185668945,24.228343963623047,19.20137596130371,70.05714416503906,55.521484375,6.144947052001953,0.036101341247558594,7.5521240234375,0.9901494979858398
447,5.587499799730722e-06,6.323863983154297,47.84822082519531,37.9205322265625,70.05714416503906,55.521484375,7.811151027679443,0.037445068359375,7.67724609375,0.9901495575904846
448,5.599999894911889e-06,5.263009071350098,35.00572204589844,27.742633819580078,70.05714416503906,55.521484375,7.012852191925049,0.030766963958740234,7.7066650390625,0.990149736404419
449,5.612499990093056e-06,5.209799289703369,58.15517044067383,46.088966369628906,70.05714416503906,55.521484375,6.500725746154785,0.04020118713378906,6.763671875,0.9901502132415771
450,5.625000085274223e-06,4.288875579833984,10.546122550964355,8.357982635498047,70.05714416503906,55.521484375,8.281538009643555,0.040561676025390625,7.6551513671875,0.9901503920555115
451,5.63750018045539e-06,4.997305870056152,48.16934585571289,38.17502975463867,70.05714416503906,55.521484375,6.580357551574707,0.03581666946411133,7.4931640625,0.9901503920555115
452,5.649999820889207e-06,3.952392578125,51.2675895690918,40.63043975830078,70.05714416503906,55.521484375,6.4930572509765625,0.03651237487792969,7.3377685546875,0.990150511264801
453,5.662499916070374e-06,4.456122875213623,24.190120697021484,19.171083450317383,70.05714416503906,55.521484375,7.1042962074279785,0.040297508239746094,7.63427734375,0.9901506304740906
454,5.675000011251541e-06,4.71842098236084,11.46384048461914,9.085289001464844,70.05714416503906,55.521484375,5.959864139556885,0.03723478317260742,7.2889404296875,0.9901506900787354
455,5.687500106432708e-06,4.938249111175537,0.907720148563385,0.719383716583252,70.05714416503906,55.521484375,6.450916767120361,0.03754901885986328,7.71533203125,0.9901511669158936
456,5.700000201613875e-06,3.913851022720337,56.49730682373047,44.775081634521484,70.05714416503906,55.521484375,6.646230697631836,0.03802204132080078,7.2545166015625,0.9901513457298279
457,5.712499842047691e-06,4.6848907470703125,24.504636764526367,19.42034339904785,70.05714416503906,55.521484375,5.898330211639404,0.04035472869873047,7.544677734375,0.9901514053344727
458,5.7249999372288585e-06,4.685924530029297,38.764713287353516,30.721698760986328,70.05714416503906,55.521484375,7.085001468658447,0.03554487228393555,7.51708984375,0.9901533722877502
459,5.737500032410026e-06,5.998111248016357,3.8596112728118896,3.058807849884033,70.05714416503906,55.521484375,5.570522308349609,0.03554487228393555,7.908935546875,0.9901534914970398
460,5.750000127591193e-06,4.577592849731445,29.405725479125977,23.304540634155273,70.05714416503906,55.521484375,8.035873413085938,0.03825235366821289,7.5914306640625,0.9901540279388428
461,5.76250022277236e-06,5.001358985900879,39.30769348144531,31.152019500732422,70.05714416503906,55.521484375,7.715493202209473,0.032347679138183594,7.434814453125,0.9901540875434875
462,5.774999863206176e-06,4.4649481773376465,48.81289291381836,38.68505096435547,70.05714416503906,55.521484375,6.1601715087890625,0.03608131408691406,7.5794677734375,0.9901542067527771
463,5.787499958387343e-06,5.1973490715026855,52.57398986816406,41.66578674316406,70.05714416503906,55.521484375,5.838043212890625,0.03854942321777344,7.280517578125,0.9901543259620667
464,5.80000005356851e-06,3.7398765087127686,36.6613883972168,29.05477523803711,70.05714416503906,55.521484375,8.461400032043457,0.04192638397216797,7.18212890625,0.9901543259620667
465,5.8125001487496775e-06,5.306660175323486,4.5562424659729,3.6108999252319336,70.05714416503906,55.521484375,7.080474376678467,0.043888092041015625,7.1109619140625,0.990154504776001
466,5.824999789183494e-06,4.467184066772461,41.202701568603516,32.653846740722656,70.05714416503906,55.521484375,6.798676490783691,0.03510284423828125,7.6416015625,0.9901549816131592
467,5.837499884364661e-06,5.307182788848877,41.09839630126953,32.57118225097656,70.05714416503906,55.521484375,7.219319820404053,0.041504859924316406,7.4339599609375,0.990155041217804
468,5.849999979545828e-06,4.408261299133301,54.494964599609375,43.18819046020508,70.05714416503906,55.521484375,8.027729988098145,0.044066429138183594,6.6474609375,0.9901552200317383
469,5.862500074726995e-06,4.991576671600342,46.01639175415039,36.46877670288086,70.05714416503906,55.521484375,5.884701251983643,0.035454750061035156,7.8460693359375,0.9901571273803711
470,5.875000169908162e-06,4.027070045471191,42.01749038696289,33.29957580566406,70.05714416503906,55.521484375,7.8358235359191895,0.03460264205932617,7.6617431640625,0.9901571869850159
471,5.8874998103419784e-06,5.65662956237793,4.520671367645264,3.582709312438965,70.05714416503906,55.521484375,7.296521186828613,0.04086875915527344,7.6240234375,0.9901573657989502
472,5.8999999055231456e-06,4.271037578582764,41.015113830566406,32.50518035888672,70.05714416503906,55.521484375,7.555875301361084,0.03810405731201172,7.4388427734375,0.9901578426361084
473,5.912500000704313e-06,4.2484283447265625,43.59857177734375,34.5526123046875,70.05714416503906,55.521484375,8.389833450317383,0.033971309661865234,7.424560546875,0.9901580214500427
474,5.92500009588548e-06,3.8775157928466797,42.7313232421875,33.86530303955078,70.05714416503906,55.521484375,7.189666748046875,0.03377580642700195,7.074951171875,0.9901580214500427
475,5.937500191066647e-06,4.469804763793945,3.9706430435180664,3.1468024253845215,70.05714416503906,55.521484375,6.295732021331787,0.0276641845703125,7.79931640625,0.9901581406593323
476,5.949999831500463e-06,4.653824329376221,35.51285934448242,28.144546508789062,70.05714416503906,55.521484375,7.837737560272217,0.033562660217285156,7.4642333984375,0.9901582598686218
477,5.96249992668163e-06,4.690664291381836,3.756511926651001,2.977099895477295,70.05714416503906,55.521484375,5.6326799392700195,0.03492116928100586,7.4013671875,0.9901583194732666
478,5.9750000218627974e-06,4.492384910583496,37.989933013916016,30.1076717376709,70.05714416503906,55.521484375,6.437426567077637,0.03147172927856445,7.4678955078125,0.9901588559150696
479,5.9875001170439646e-06,4.368563652038574,37.712100982666016,29.88748550415039,70.05714416503906,55.521484375,6.599066734313965,0.03264331817626953,7.11376953125,0.9901589751243591
480,6.000000212225132e-06,3.969926357269287,1.0213433504104614,0.8094320297241211,70.05714416503906,55.521484375,7.995818614959717,0.036067962646484375,7.3089599609375,0.9901590347290039
481,6.012499852658948e-06,5.706486225128174,46.85660934448242,37.134666442871094,70.05714416503906,55.521484375,13.31944751739502,0.04203224182128906,7.3770751953125,0.9901610016822815
482,6.024999947840115e-06,4.746216773986816,1.0427930355072021,0.8264312744140625,70.05714416503906,55.521484375,5.6833882331848145,0.038141727447509766,7.4212646484375,0.990161120891571
483,6.037500043021282e-06,4.678225517272949,45.3984489440918,35.97904586791992,70.05714416503906,55.521484375,7.537205696105957,0.030297279357910156,8.141357421875,0.990161657333374
484,6.050000138202449e-06,3.1463820934295654,1.0284442901611328,0.8150596618652344,70.05714416503906,55.521484375,5.950484275817871,0.029092073440551758,7.5794677734375,0.9901617169380188
485,6.0624997786362655e-06,5.2907819747924805,40.58283615112305,32.16259002685547,70.05714416503906,55.521484375,7.908166408538818,0.03706026077270508,6.898681640625,0.9901618361473083
486,6.074999873817433e-06,3.967785358428955,4.522612571716309,3.584247589111328,70.05714416503906,55.521484375,7.557133674621582,0.04133176803588867,7.0377197265625,0.9901619553565979
487,6.0874999689986e-06,3.3400938510894775,36.108524322509766,28.616622924804688,70.05714416503906,55.521484375,7.260563373565674,0.0326237678527832,7.6510009765625,0.9901619553565979
488,6.100000064179767e-06,3.5706915855407715,39.37728500366211,31.207172393798828,70.05714416503906,55.521484375,7.306553840637207,0.03712749481201172,7.305908203125,0.9901621341705322
489,6.112500159360934e-06,4.375849723815918,10.931456565856934,8.663366317749023,70.05714416503906,55.521484375,6.481757640838623,0.03636646270751953,7.20166015625,0.9901626110076904
490,6.12499979979475e-06,3.3121368885040283,55.2340202331543,43.773902893066406,70.05714416503906,55.521484375,8.665980339050293,0.03369569778442383,7.5233154296875,0.9901627898216248
491,6.137499894975917e-06,5.706549167633057,48.03104782104492,38.065425872802734,70.05714416503906,55.521484375,8.063586235046387,0.037629127502441406,7.216064453125,0.9901628494262695
492,6.1499999901570845e-06,5.036218166351318,10.493589401245117,8.316349029541016,70.05714416503906,55.521484375,7.457866668701172,0.039000511169433594,7.3236083984375,0.9901647567749023
493,6.162500085338252e-06,3.470014810562134,55.07530975341797,43.64812469482422,70.05714416503906,55.521484375,6.901292324066162,0.03651142120361328,7.826171875,0.9901649355888367
494,6.175000180519419e-06,2.7131330966949463,57.8101806640625,45.815555572509766,70.05714416503906,55.521484375,7.485948085784912,0.03304767608642578,7.892822265625,0.9901649951934814
495,6.187499820953235e-06,5.331441879272461,53.80733871459961,42.64323806762695,70.05714416503906,55.521484375,8.406160354614258,0.03582906723022461,7.7264404296875,0.9901654720306396
496,6.199999916134402e-06,4.728070259094238,43.742496490478516,34.66667556762695,70.05714416503906,55.521484375,6.397544860839844,0.03416776657104492,7.492919921875,0.990165650844574
497,6.212500011315569e-06,4.06702184677124,53.45263671875,42.36212921142578,70.05714416503906,55.521484375,7.294704437255859,0.035312652587890625,7.286865234375,0.990165650844574
498,6.225000106496736e-06,3.3070895671844482,3.8543496131896973,3.054637908935547,70.05714416503906,55.521484375,5.447042465209961,0.033225059509277344,7.1983642578125,0.9901657700538635
499,6.2375002016779035e-06,4.590223789215088,52.41553497314453,41.54020690917969,70.05714416503906,55.521484375,8.38612174987793,0.033484458923339844,7.70263671875,0.9901658892631531
500,6.24999984211172e-06,3.9445745944976807,44.831573486328125,35.529788970947266,70.05714416503906,55.521484375,8.732132911682129,0.035008907318115234,7.49951171875,0.9901659488677979
501,6.262499937292887e-06,4.186820030212402,39.41766357421875,31.23917007446289,70.05714416503906,55.521484375,8.664414405822754,0.0340428352355957,7.6612548828125,0.9901664853096008
502,6.275000032474054e-06,3.6106226444244385,35.97541809082031,28.511133193969727,70.05714416503906,55.521484375,8.15003776550293,0.036281585693359375,7.2537841796875,0.9901666045188904
503,6.287500127655221e-06,3.207490921020508,10.721709251403809,8.497137069702148,70.05714416503906,55.521484375,7.642986297607422,0.035400390625,7.8043212890625,0.990168571472168
504,6.300000222836388e-06,2.915085792541504,4.15384578704834,3.2919936180114746,70.05714416503906,55.521484375,6.167510986328125,0.040444374084472656,7.2401123046875,0.9901686310768127
505,6.3124998632702045e-06,4.522572040557861,4.293275356292725,3.402493953704834,70.05714416503906,55.521484375,5.824339389801025,0.034271240234375,7.3800048828125,0.9901688098907471
506,6.324999958451372e-06,3.500767469406128,47.44068908691406,37.597557067871094,70.05714416503906,55.521484375,6.580482006072998,0.03453350067138672,7.598876953125,0.9901692867279053
507,6.337500053632539e-06,3.4868998527526855,0.9443061351776123,0.7483787536621094,70.05714416503906,55.521484375,5.109962463378906,0.029501914978027344,7.62255859375,0.99016934633255
508,6.350000148813706e-06,3.0212810039520264,38.05855941772461,30.162059783935547,70.05714416503906,55.521484375,5.665838718414307,0.03406119346618652,7.716552734375,0.9901694655418396
509,6.362499789247522e-06,4.251202583312988,51.31697463989258,40.669578552246094,70.05714416503906,55.521484375,6.3578009605407715,0.03898191452026367,6.7730712890625,0.9901695847511292
510,6.374999884428689e-06,3.147892713546753,50.4735107421875,40.00111770629883,70.05714416503906,55.521484375,9.08799934387207,0.036675453186035156,7.6844482421875,0.9901695847511292
511,6.387499979609856e-06,3.6684839725494385,35.552791595458984,28.17619514465332,70.05714416503906,55.521484375,6.840185165405273,0.030219078063964844,7.43408203125,0.9901697635650635
512,6.4000000747910235e-06,2.7252495288848877,46.304908752441406,36.69742965698242,70.05714416503906,55.521484375,6.4586687088012695,0.03561067581176758,7.274658203125,0.9901702404022217
513,6.412500169972191e-06,3.3320565223693848,46.38444519042969,36.760467529296875,70.05714416503906,55.521484375,6.220917701721191,0.03189516067504883,7.634765625,0.990170419216156
514,6.424999810406007e-06,3.0820696353912354,40.61564636230469,32.18859100341797,70.05714416503906,55.521484375,7.040582180023193,0.03563642501831055,7.31884765625,0.9901704788208008
515,6.437499905587174e-06,3.9739296436309814,62.87443542480469,49.829063415527344,70.05714416503906,55.521484375,8.189946174621582,0.03580760955810547,7.7845458984375,0.9901723861694336
516,6.450000000768341e-06,3.1307389736175537,46.40950393676758,36.78032302856445,70.05714416503906,55.521484375,8.884485244750977,0.03228878974914551,7.097412109375,0.9901725649833679
517,6.462500095949508e-06,2.9132192134857178,60.322471618652344,47.80658721923828,70.05714416503906,55.521484375,7.241253852844238,0.03604316711425781,7.429443359375,0.9901726245880127
518,6.475000191130675e-06,3.0551798343658447,49.49937057495117,39.229095458984375,70.05714416503906,55.521484375,8.24414348602295,0.03762340545654297,7.5098876953125,0.9901731014251709
519,6.487499831564492e-06,3.9194419384002686,23.31746482849121,18.479488372802734,70.05714416503906,55.521484375,7.031616687774658,0.03704643249511719,7.9718017578125,0.9901732802391052
520,6.499999926745659e-06,3.5302817821502686,27.36903953552246,21.690431594848633,70.05714416503906,55.521484375,7.524350643157959,0.03391695022583008,7.479736328125,0.99017333984375
521,6.512500021926826e-06,3.4482123851776123,0.9512759447097778,0.7539024353027344,70.05714416503906,55.521484375,5.418934345245361,0.03292989730834961,7.390869140625,0.9901733994483948
522,6.525000117107993e-06,2.9379303455352783,40.60931396484375,32.18357467651367,70.05714416503906,55.521484375,6.242276668548584,0.031404972076416016,7.555419921875,0.9901735782623291
523,6.53750021228916e-06,3.4982786178588867,45.613525390625,36.149497985839844,70.05714416503906,55.521484375,7.154028415679932,0.037270545959472656,7.1875,0.9901740550994873
524,6.549999852722976e-06,2.9888904094696045,4.319183826446533,3.4230270385742188,70.05714416503906,55.521484375,8.315876007080078,0.046161651611328125,7.0853271484375,0.9901741147041321
525,6.5624999479041435e-06,3.74041485786438,45.580322265625,36.12318420410156,70.05714416503906,55.521484375,7.951788425445557,0.038822174072265625,7.14013671875,0.9901742935180664
526,6.575000043085311e-06,3.0834357738494873,47.169734954833984,37.3828239440918,70.05714416503906,55.521484375,6.325542449951172,0.034543514251708984,7.606201171875,0.9901762008666992
527,6.587500138266478e-06,3.0247833728790283,38.837867736816406,30.779672622680664,70.05714416503906,55.521484375,8.241515159606934,0.03100872039794922,7.35009765625,0.990176260471344
528,6.599999778700294e-06,2.6580753326416016,11.304752349853516,8.959209442138672,70.05714416503906,55.521484375,6.382651329040527,0.03763580322265625,6.62646484375,0.9901764392852783
529,6.612499873881461e-06,4.2478766441345215,54.9313850402832,43.534061431884766,70.05714416503906,55.521484375,7.01685094833374,0.03309154510498047,7.81982421875,0.9901769161224365
530,6.624999969062628e-06,3.276592254638672,40.785560607910156,32.3232536315918,70.05714416503906,55.521484375,7.604163646697998,0.03322792053222656,7.640869140625,0.9901770949363708
531,6.637500064243795e-06,3.675123691558838,22.26352310180664,17.644222259521484,70.05714416503906,55.521484375,6.43638801574707,0.03195762634277344,7.6552734375,0.9901770949363708
532,6.6500001594249625e-06,3.0614333152770996,37.37775802612305,29.62251091003418,70.05714416503906,55.521484375,7.354827404022217,0.035574913024902344,7.44921875,0.9901772141456604
533,6.662499799858779e-06,3.2943315505981445,1.0174245834350586,0.8063263893127441,70.05714416503906,55.521484375,6.345091819763184,0.03277897834777832,7.4129638671875,0.99017733335495
534,6.674999895039946e-06,2.759260654449463,10.765416145324707,8.531776428222656,70.05714416503906,55.521484375,7.218621253967285,0.03199625015258789,6.9932861328125,0.9901773929595947
535,6.687499990221113e-06,3.092236280441284,1.0524932146072388,0.8341188430786133,70.05714416503906,55.521484375,7.064340591430664,0.0328679084777832,7.7998046875,0.9901778697967529
536,6.70000008540228e-06,3.6030261516571045,43.23019790649414,34.26066970825195,70.05714416503906,55.521484375,5.5168375968933105,0.033472537994384766,7.4007568359375,0.9901780486106873
537,6.712500180583447e-06,3.1790642738342285,43.70815658569336,34.639461517333984,70.05714416503906,55.521484375,7.928857803344727,0.03740692138671875,7.3302001953125,0.990178108215332
538,6.7249998210172635e-06,2.9301083087921143,3.9931836128234863,3.164666175842285,70.05714416503906,55.521484375,8.048742294311523,0.03549814224243164,7.44970703125,0.9901800751686096
539,6.737499916198431e-06,3.246926784515381,56.63762283325195,44.88628387451172,70.05714416503906,55.521484375,8.171388626098633,0.030065536499023438,7.0924072265625,0.9901801943778992
540,6.750000011379598e-06,2.9147379398345947,55.76377868652344,44.193748474121094,70.05714416503906,55.521484375,6.2946858406066895,0.03545808792114258,7.3040771484375,0.9901807308197021
541,6.762500106560765e-06,2.881866931915283,55.591468811035156,44.05718994140625,70.05714416503906,55.521484375,14.051947593688965,0.03615379333496094,7.318359375,0.9901807308197021
542,6.775000201741932e-06,2.7429616451263428,51.81239318847656,41.06220626831055,70.05714416503906,55.521484375,6.495889663696289,0.0419309139251709,7.516845703125,0.9901809096336365
543,6.787499842175748e-06,3.607816696166992,56.514766693115234,44.788917541503906,70.05714416503906,55.521484375,8.844958305358887,0.03197669982910156,8.13671875,0.990181028842926
544,6.799999937356915e-06,2.6742420196533203,41.91389846801758,33.21747970581055,70.05714416503906,55.521484375,7.695131778717041,0.03125286102294922,7.6805419921875,0.990181028842926
545,6.8125000325380825e-06,2.77738356590271,63.97001266479492,50.69732666015625,70.05714416503906,55.521484375,5.509012222290039,0.038706302642822266,6.8656005859375,0.9901812076568604
546,6.8250001277192496e-06,2.3533103466033936,47.67394256591797,37.782413482666016,70.05714416503906,55.521484375,7.787638187408447,0.034671783447265625,7.10546875,0.9901816844940186
547,6.837500222900417e-06,2.978632688522339,45.840293884277344,36.32921600341797,70.05714416503906,55.521484375,6.282871246337891,0.033962249755859375,7.613037109375,0.9901817440986633
548,6.849999863334233e-06,3.2487096786499023,22.398496627807617,17.751190185546875,70.05714416503906,55.521484375,5.317038536071777,0.035076141357421875,7.2857666015625,0.9901819229125977
549,6.8624999585154e-06,2.8587536811828613,37.596824645996094,29.796125411987305,70.05714416503906,55.521484375,6.270968914031982,0.036058902740478516,7.1990966796875,0.9901838302612305
550,6.875000053696567e-06,2.468353271484375,54.37465286254883,43.09284210205078,70.05714416503906,55.521484375,6.634047031402588,0.03254890441894531,7.4788818359375,0.9901838898658752
551,6.887500148877734e-06,3.190246820449829,50.602027893066406,40.10297393798828,70.05714416503906,55.521484375,6.718541622161865,0.038890838623046875,7.2308349609375,0.9901840686798096
552,6.8999997893115506e-06,3.0285074710845947,41.71857452392578,33.06268310546875,70.05714416503906,55.521484375,8.22540283203125,0.034638404846191406,7.3023681640625,0.9901845455169678
553,6.912499884492718e-06,2.8710362911224365,50.29328918457031,39.85829162597656,70.05714416503906,55.521484375,7.364613056182861,0.026720046997070312,7.806640625,0.9901847243309021
554,6.924999979673885e-06,2.3804616928100586,0.985744059085846,0.7812190055847168,70.05714416503906,55.521484375,7.433591365814209,0.03538227081298828,7.84814453125,0.9901847243309021
555,6.937500074855052e-06,2.8849618434906006,20.423980712890625,16.18635368347168,70.05714416503906,55.521484375,6.825689792633057,0.03294229507446289,7.722412109375,0.9901848435401917
556,6.950000170036219e-06,1.9715133905410767,48.756629943847656,38.640464782714844,70.05714416503906,55.521484375,7.21840238571167,0.034821271896362305,7.5404052734375,0.9901849627494812
557,6.962499810470035e-06,3.0885958671569824,45.35453414916992,35.94424057006836,70.05714416503906,55.521484375,6.103522777557373,0.036644935607910156,7.315185546875,0.990185022354126
558,6.9749999056512024e-06,2.769850969314575,49.06523895263672,38.885040283203125,70.05714416503906,55.521484375,7.30244779586792,0.03850364685058594,7.2357177734375,0.9901854991912842
559,6.9875000008323696e-06,2.2649190425872803,12.065949440002441,9.562471389770508,70.05714416503906,55.521484375,6.528820514678955,0.03215169906616211,7.6510009765625,0.9901856780052185
560,7.000000096013537e-06,1.7274569272994995,3.8733298778533936,3.0696802139282227,70.05714416503906,55.521484375,7.989899635314941,0.031052589416503906,7.3876953125,0.9901876449584961
561,7.012500191194704e-06,2.556356430053711,47.350730895996094,37.52626419067383,70.05714416503906,55.521484375,7.7409515380859375,0.038542747497558594,7.66748046875,0.9901877045631409
562,7.02499983162852e-06,2.3633978366851807,49.504425048828125,39.23310470581055,70.05714416503906,55.521484375,6.416749954223633,0.03385305404663086,7.2493896484375,0.9901878237724304
563,7.037499926809687e-06,2.7780368328094482,33.98355484008789,26.93254852294922,70.05714416503906,55.521484375,6.33679723739624,0.03176140785217285,7.8531494140625,0.9901883602142334
564,7.050000021990854e-06,2.6447031497955322,32.93843078613281,26.10426902770996,70.05714416503906,55.521484375,7.207700252532959,0.03828716278076172,7.159912109375,0.9901884198188782
565,7.062500117172021e-06,2.046433925628662,45.82553482055664,36.31752014160156,70.05714416503906,55.521484375,7.064262866973877,0.031696319580078125,7.3961181640625,0.9901885390281677
566,7.0750002123531885e-06,1.533400297164917,1.0120540857315063,0.802070140838623,70.05714416503906,55.521484375,7.247740745544434,0.02883434295654297,7.54443359375,0.9901886582374573
567,7.087499852787005e-06,2.576090097427368,48.945350646972656,38.7900276184082,70.05714416503906,55.521484375,5.959283351898193,0.028575897216796875,7.7269287109375,0.9901886582374573
568,7.099999947968172e-06,2.489253520965576,53.73749923706055,42.587886810302734,70.05714416503906,55.521484375,6.774237155914307,0.030832290649414062,7.6409912109375,0.9901888370513916
569,7.112500043149339e-06,1.9763675928115845,4.460141181945801,3.534738063812256,70.05714416503906,55.521484375,7.311979293823242,0.03389406204223633,6.687744140625,0.9901893138885498
570,7.125000138330506e-06,1.8753583431243896,55.47520446777344,43.96504592895508,70.05714416503906,55.521484375,6.430259704589844,0.030617713928222656,7.6666259765625,0.9901894927024841
571,7.137499778764322e-06,2.53421688079834,40.883453369140625,32.40083312988281,70.05714416503906,55.521484375,6.720165252685547,0.033957481384277344,7.45849609375,0.9901895523071289
572,7.1499998739454895e-06,1.696425437927246,43.46531295776367,34.44700241088867,70.05714416503906,55.521484375,8.126602172851562,0.03435087203979492,7.1571044921875,0.9901914596557617
573,7.162499969126657e-06,2.620354413986206,50.0335693359375,39.65245819091797,70.05714416503906,55.521484375,6.773830413818359,0.03639364242553711,7.6015625,0.9901915192604065
574,7.175000064307824e-06,2.446157693862915,55.58875274658203,44.05503845214844,70.05714416503906,55.521484375,7.683420181274414,0.03327035903930664,7.32421875,0.9901916980743408
575,7.187500159488991e-06,2.509565830230713,51.70896911621094,40.98023986816406,70.05714416503906,55.521484375,7.448713779449463,0.029062271118164062,7.7276611328125,0.990192174911499
576,7.199999799922807e-06,1.7552709579467773,1.000996470451355,0.793306827545166,70.05714416503906,55.521484375,6.677587509155273,0.03632164001464844,7.1043701171875,0.9901923537254333
577,7.212499895103974e-06,1.9227865934371948,47.849239349365234,37.92134094238281,70.05714416503906,55.521484375,8.10647964477539,0.03425121307373047,7.4072265625,0.9901923537254333
578,7.224999990285141e-06,2.316645860671997,4.004176616668701,3.1733784675598145,70.05714416503906,55.521484375,6.971990585327148,0.02861928939819336,7.45166015625,0.9901924729347229
579,7.2375000854663085e-06,2.2820847034454346,37.94328308105469,30.070701599121094,70.05714416503906,55.521484375,7.479501724243164,0.03151130676269531,8.0068359375,0.9901925921440125
580,7.250000180647476e-06,2.1424708366394043,51.72850799560547,40.9957275390625,70.05714416503906,55.521484375,5.761675834655762,0.03038191795349121,7.4007568359375,0.9901926517486572
581,7.262499821081292e-06,2.004384756088257,51.83738327026367,41.08201217651367,70.05714416503906,55.521484375,6.709708213806152,0.03013134002685547,7.41943359375,0.9901931881904602
582,7.274999916262459e-06,1.3010239601135254,63.67866134643555,50.466426849365234,70.05714416503906,55.521484375,8.35788631439209,0.036450862884521484,7.5328369140625,0.9901933073997498
583,7.287500011443626e-06,2.4049057960510254,38.363243103027344,30.40352439880371,70.05714416503906,55.521484375,7.8514404296875,0.033394813537597656,7.0950927734375,0.9901952743530273
584,7.300000106624793e-06,1.835257649421692,49.6309700012207,39.33339309692383,70.05714416503906,55.521484375,8.679946899414062,0.03313446044921875,7.1221923828125,0.9901953339576721
585,7.31250020180596e-06,2.1487433910369873,22.076025009155273,17.495628356933594,70.05714416503906,55.521484375,7.380742073059082,0.030841827392578125,6.9815673828125,0.9901954531669617
586,7.324999842239777e-06,1.906126618385315,44.11927795410156,34.96528244018555,70.05714416503906,55.521484375,6.3040547370910645,0.02857828140258789,7.6153564453125,0.9901959896087646
587,7.337499937420944e-06,2.3751111030578613,52.173458099365234,41.348358154296875,70.05714416503906,55.521484375,7.311495304107666,0.03404569625854492,7.250244140625,0.9901960492134094
588,7.350000032602111e-06,1.9028804302215576,40.22600555419922,31.879796981811523,70.05714416503906,55.521484375,7.4077348709106445,0.03324270248413086,6.6776123046875,0.990196168422699
589,7.362500127783278e-06,2.125781297683716,55.374019622802734,43.884857177734375,70.05714416503906,55.521484375,6.072000503540039,0.027996540069580078,7.7725830078125,0.9901962876319885
590,7.375000222964445e-06,1.9807801246643066,41.702823638916016,33.050201416015625,70.05714416503906,55.521484375,6.583985805511475,0.02841663360595703,7.564453125,0.9901962876319885
591,7.387499863398261e-06,1.373522400856018,38.39486312866211,30.428585052490234,70.05714416503906,55.521484375,6.675647258758545,0.029389619827270508,7.583984375,0.9901964664459229
592,7.3999999585794285e-06,1.2475050687789917,10.817597389221191,8.57313060760498,70.05714416503906,55.521484375,6.671346664428711,0.026607990264892578,7.3900146484375,0.990196943283081
593,7.412500053760596e-06,1.9546105861663818,41.846717834472656,33.16423797607422,70.05714416503906,55.521484375,7.645401477813721,0.03447771072387695,7.506591796875,0.9901971220970154
594,7.425000148941763e-06,1.8763803243637085,59.31674575805664,47.00953674316406,70.05714416503906,55.521484375,7.777862548828125,0.029496431350708008,7.03564453125,0.9901971817016602
595,7.437499789375579e-06,2.1332075595855713,43.9578742980957,34.837364196777344,70.05714416503906,55.521484375,6.220029830932617,0.03249168395996094,7.855712890625,0.990199089050293
596,7.449999884556746e-06,2.181398630142212,3.816880941390991,3.0249433517456055,70.05714416503906,55.521484375,5.594095230102539,0.028683185577392578,7.3599853515625,0.9901992678642273
597,7.462499979737913e-06,1.3578771352767944,53.886756896972656,42.7061767578125,70.05714416503906,55.521484375,7.474070072174072,0.027331829071044922,7.3385009765625,0.9901993274688721
598,7.47500007491908e-06,1.1778991222381592,21.6513671875,17.15907859802246,70.05714416503906,55.521484375,6.223672866821289,0.024353981018066406,7.3441162109375,0.9901998043060303
599,7.4875001701002475e-06,2.222954750061035,52.44395065307617,41.56272888183594,70.05714416503906,55.521484375,9.414190292358398,0.030254840850830078,7.0360107421875,0.9901999831199646
600,7.499999810534064e-06,1.6039608716964722,11.58199691772461,9.178930282592773,70.05714416503906,55.521484375,7.347043991088867,0.03227853775024414,7.24755859375,0.9901999831199646
601,7.512499905715231e-06,2.214515447616577,63.233280181884766,50.11345291137695,70.05714416503906,55.521484375,12.947368621826172,0.03481864929199219,7.284912109375,0.9902001023292542
602,7.525000000896398e-06,1.6390420198440552,43.58827209472656,34.54445266723633,70.05714416503906,55.521484375,7.125000953674316,0.03328132629394531,7.50537109375,0.9902002215385437
603,7.537500096077565e-06,1.677448034286499,55.28279495239258,43.81256103515625,70.05714416503906,55.521484375,7.559284210205078,0.028168678283691406,8.096923828125,0.9902002811431885
604,7.550000191258732e-06,1.251772165298462,0.9860334396362305,0.7814483642578125,70.05714416503906,55.521484375,6.33945894241333,0.026253819465637207,7.6220703125,0.9902008175849915
605,7.5624998316925485e-06,1.9672805070877075,56.67464065551758,44.915618896484375,70.05714416503906,55.521484375,6.402348041534424,0.030109167098999023,6.8599853515625,0.990200936794281
606,7.574999926873716e-06,1.8026825189590454,19.965831756591797,15.823262214660645,70.05714416503906,55.521484375,6.82932186126709,0.02763843536376953,7.0009765625,0.9902029037475586
607,7.587500022054883e-06,1.6860920190811157,20.699928283691406,16.405046463012695,70.05714416503906,55.521484375,7.178938865661621,0.02657341957092285,7.542724609375,0.9902029633522034
608,7.60000011723605e-06,1.7949029207229614,40.85529708862305,32.37852096557617,70.05714416503906,55.521484375,6.16154670715332,0.03179788589477539,7.295654296875,0.9902031421661377
609,7.612500212417217e-06,1.5425468683242798,1.0305742025375366,0.8167476654052734,70.05714416503906,55.521484375,7.36676025390625,0.030290603637695312,7.094970703125,0.9902036190032959
610,7.624999852851033e-06,1.178120732307434,48.43266296386719,38.38371276855469,70.05714416503906,55.521484375,6.5680623054504395,0.0320587158203125,7.3626708984375,0.9902036786079407
611,7.6374999480322e-06,2.146657943725586,42.22596740722656,33.46480178833008,70.05714416503906,55.521484375,6.47817850112915,0.030617952346801758,7.197998046875,0.9902037978172302
612,7.650000043213367e-06,2.1960694789886475,62.73628616333008,49.71957778930664,70.05714416503906,55.521484375,6.759222030639648,0.028919219970703125,7.316162109375,0.9902039170265198
613,7.662500138394535e-06,1.3423305749893188,9.390275001525879,7.441953659057617,70.05714416503906,55.521484375,6.829482078552246,0.03378176689147949,7.8038330078125,0.9902039170265198
614,7.675000233575702e-06,0.9261565804481506,58.860103607177734,46.64763641357422,70.05714416503906,55.521484375,7.541118144989014,0.028725624084472656,7.9176025390625,0.9902040958404541
615,7.687500328756869e-06,1.8565726280212402,46.87725830078125,37.15102767944336,70.05714416503906,55.521484375,8.200369834899902,0.030428171157836914,7.6676025390625,0.9902045726776123
616,7.700000423938036e-06,0.9460494518280029,0.9811911582946777,0.7776107788085938,70.05714416503906,55.521484375,6.040857791900635,0.02487921714782715,7.3765869140625,0.9902047514915466
617,7.712499609624501e-06,1.484214425086975,49.038856506347656,38.864131927490234,70.05714416503906,55.521484375,8.671453475952148,0.029931306838989258,7.179443359375,0.9902048110961914
618,7.724999704805668e-06,1.6005594730377197,48.44144058227539,38.39067077636719,70.05714416503906,55.521484375,6.517972946166992,0.031044960021972656,7.1932373046875,0.9902067184448242
619,7.737499799986836e-06,1.0914124250411987,56.015010833740234,44.392852783203125,70.05714416503906,55.521484375,6.353360652923584,0.03266429901123047,7.6627197265625,0.9902068972587585
620,7.749999895168003e-06,1.082372784614563,45.49881362915039,36.05858612060547,70.05714416503906,55.521484375,6.34580135345459,0.02788257598876953,7.4317626953125,0.9902069568634033
621,7.76249999034917e-06,1.366051435470581,20.03014373779297,15.874231338500977,70.05714416503906,55.521484375,5.1298418045043945,0.03195953369140625,7.616455078125,0.9902074337005615
622,7.775000085530337e-06,1.2990766763687134,51.76071548461914,41.0212516784668,70.05714416503906,55.521484375,9.200820922851562,0.034699440002441406,7.2427978515625,0.9902076125144958
623,7.787500180711504e-06,1.743281364440918,20.748350143432617,16.443422317504883,70.05714416503906,55.521484375,5.913820266723633,0.028423309326171875,7.7158203125,0.9902076721191406
624,7.800000275892671e-06,1.512133002281189,37.07465744018555,29.382301330566406,70.05714416503906,55.521484375,8.406734466552734,0.030536890029907227,7.17236328125,0.9902077317237854
625,7.812500371073838e-06,1.1297948360443115,9.679891586303711,7.67147970199585,70.05714416503906,55.521484375,7.086180686950684,0.028162002563476562,7.30029296875,0.9902079105377197
626,7.824999556760304e-06,0.9881773591041565,52.18265151977539,41.35564422607422,70.05714416503906,55.521484375,7.283884525299072,0.025483369827270508,7.570068359375,0.9902083873748779
627,7.83749965194147e-06,1.8272662162780762,53.66978073120117,42.534217834472656,70.05714416503906,55.521484375,6.926486015319824,0.02619457244873047,7.6776123046875,0.9902084469795227
628,7.849999747122638e-06,1.568984031677246,40.14949417114258,31.81915855407715,70.05714416503906,55.521484375,7.4544758796691895,0.030788421630859375,7.6492919921875,0.990208625793457
629,7.862499842303805e-06,1.2212989330291748,4.361142635345459,3.45628023147583,70.05714416503906,55.521484375,6.1802978515625,0.03386068344116211,6.744140625,0.9902105331420898
630,7.874999937484972e-06,1.1942640542984009,43.349185943603516,34.3549690246582,70.05714416503906,55.521484375,6.343001365661621,0.025045156478881836,7.6455078125,0.9902105927467346
631,7.88750003266614e-06,1.687548279762268,44.625953674316406,35.36682891845703,70.05714416503906,55.521484375,7.376415252685547,0.029765844345092773,7.3328857421875,0.990210771560669
632,7.900000127847306e-06,1.1938834190368652,38.981319427490234,30.893362045288086,70.05714416503906,55.521484375,7.437787055969238,0.024508953094482422,7.1610107421875,0.9902112483978271
633,7.912500223028474e-06,1.4717738628387451,3.853956699371338,3.0543265342712402,70.05714416503906,55.521484375,6.953588485717773,0.030338048934936523,7.598876953125,0.9902114272117615
634,7.92500031820964e-06,1.1803158521652222,1.073777437210083,0.8509869575500488,70.05714416503906,55.521484375,6.1682353019714355,0.028578758239746094,7.2789306640625,0.9902114272117615
635,7.937500413390808e-06,1.1924543380737305,39.04607391357422,30.944679260253906,70.05714416503906,55.521484375,6.383164882659912,0.02504873275756836,7.69091796875,0.990211546421051
636,7.949999599077273e-06,1.0146502256393433,3.837738037109375,3.041472911834717,70.05714416503906,55.521484375,6.75010347366333,0.034592628479003906,7.209228515625,0.9902116656303406
637,7.96249969425844e-06,1.7937835454940796,0.9766708016395569,0.7740283012390137,70.05714416503906,55.521484375,7.233089923858643,0.03253507614135742,7.2646484375,0.9902117252349854
638,7.974999789439607e-06,1.4834249019622803,37.06571960449219,29.375215530395508,70.05714416503906,55.521484375,8.324544906616211,0.026462078094482422,7.50048828125,0.9902122020721436
639,7.987499884620775e-06,1.0857006311416626,48.35927200317383,38.3255500793457,70.05714416503906,55.521484375,9.92195987701416,0.024097204208374023,7.96044921875,0.9902123808860779
640,7.999999979801942e-06,1.1181532144546509,49.28363037109375,39.05812072753906,70.05714416503906,55.521484375,8.383066177368164,0.02591228485107422,7.2166748046875,0.9902124404907227
641,8.012500074983109e-06,1.2784258127212524,9.96906852722168,7.9006571769714355,70.05714416503906,55.521484375,6.845052719116211,0.03079843521118164,7.347412109375,0.9902144074440002
642,8.025000170164276e-06,1.0665855407714844,50.0213508605957,39.64277267456055,70.05714416503906,55.521484375,7.717785358428955,0.025717973709106445,7.5260009765625,0.9902145266532898
643,8.037500265345443e-06,1.5185208320617676,37.700130462646484,29.87799644470215,70.05714416503906,55.521484375,7.209379196166992,0.027872323989868164,7.0728759765625,0.9902150630950928
644,8.05000036052661e-06,1.928472638130188,42.64936065673828,33.80034637451172,70.05714416503906,55.521484375,7.710045337677002,0.027387380599975586,7.066162109375,0.9902150630950928
645,8.062499546213076e-06,0.916105329990387,1.0341107845306396,0.8195505142211914,70.05714416503906,55.521484375,6.587295055389404,0.028187274932861328,6.9825439453125,0.9902152419090271
646,8.074999641394243e-06,1.0167666673660278,33.038063049316406,26.183231353759766,70.05714416503906,55.521484375,6.850687026977539,0.028739452362060547,7.5679931640625,0.9902153611183167
647,8.08749973657541e-06,1.2694867849349976,0.9976415634155273,0.7906479835510254,70.05714416503906,55.521484375,7.236437797546387,0.026492834091186523,7.159423828125,0.9902153611183167
648,8.099999831756577e-06,0.5771649479866028,4.215089321136475,3.3405303955078125,70.05714416503906,55.521484375,6.716064929962158,0.02941584587097168,6.58740234375,0.990215539932251
649,8.112499926937744e-06,1.028416395187378,35.115257263183594,27.82944107055664,70.05714416503906,55.521484375,6.494363784790039,0.030630111694335938,7.780517578125,0.9902160167694092
650,8.125000022118911e-06,0.24258165061473846,4.1744065284729,3.30828857421875,70.05714416503906,55.521484375,6.269420146942139,0.02446770668029785,7.510986328125,0.990216076374054
651,8.137500117300078e-06,1.2203420400619507,32.23018264770508,25.542970657348633,70.05714416503906,55.521484375,6.49354362487793,0.02514171600341797,7.5391845703125,0.9902162551879883
652,8.150000212481245e-06,0.5643467903137207,44.47003173828125,35.24325942993164,70.05714416503906,55.521484375,7.13137149810791,0.028398513793945312,7.4136962890625,0.9902181625366211
653,8.162500307662413e-06,0.5609743595123291,4.373260498046875,3.465883731842041,70.05714416503906,55.521484375,6.95696496963501,0.024941682815551758,7.42431640625,0.9902182221412659
654,8.17500040284358e-06,0.7869399785995483,47.38175964355469,37.55085372924805,70.05714416503906,55.521484375,9.256318092346191,0.028864383697509766,7.0047607421875,0.9902184009552002
655,8.187499588530045e-06,0.23750437796115875,54.461585998535156,43.161739349365234,70.05714416503906,55.521484375,7.620517253875732,0.0233309268951416,7.819091796875,0.9902188777923584
656,8.199999683711212e-06,0.5447887778282166,24.5421142578125,19.450044631958008,70.05714416503906,55.521484375,8.121622085571289,0.02449941635131836,7.407958984375,0.9902190566062927
657,8.21249977889238e-06,0.31069231033325195,4.415980815887451,3.4997401237487793,70.05714416503906,55.521484375,6.257998466491699,0.024738788604736328,7.33056640625,0.9902190566062927
658,8.224999874073546e-06,0.21690434217453003,23.806488037109375,18.867048263549805,70.05714416503906,55.521484375,7.349758148193359,0.027810096740722656,7.374755859375,0.9902191758155823
659,8.237499969254714e-06,0.2581638991832733,1.0031354427337646,0.7950019836425781,70.05714416503906,55.521484375,5.780160427093506,0.025372028350830078,7.0050048828125,0.9902192950248718
660,8.25000006443588e-06,0.37646499276161194,39.23058319091797,31.09090805053711,70.05714416503906,55.521484375,6.85543155670166,0.02993154525756836,7.2740478515625,0.9902193546295166
661,8.262500159617048e-06,0.3063315451145172,53.51710510253906,42.4132194519043,70.05714416503906,55.521484375,12.39982795715332,0.03008270263671875,7.206787109375,0.9902198314666748
662,8.275000254798215e-06,0.28929558396339417,52.18352127075195,41.35633087158203,70.05714416503906,55.521484375,9.57244873046875,0.024327754974365234,7.4508056640625,0.9902200102806091
663,8.287500349979382e-06,0.2814326584339142,51.19137954711914,40.57004165649414,70.05714416503906,55.521484375,6.077727794647217,0.0218658447265625,7.99853515625,0.9902200698852539
664,8.300000445160549e-06,0.264786958694458,11.018656730651855,8.732473373413086,70.05714416503906,55.521484375,6.272270202636719,0.019575834274291992,7.701904296875,0.9902220368385315
665,8.312499630847014e-06,0.7176136374473572,57.11722946166992,45.266380310058594,70.05714416503906,55.521484375,6.624112129211426,0.02787327766418457,6.858154296875,0.990222156047821
666,8.324999726028182e-06,0.8112059831619263,11.539836883544922,9.14551830291748,70.05714416503906,55.521484375,6.634854316711426,0.02728557586669922,7.0203857421875,0.990222692489624
667,8.337499821209349e-06,0.239213228225708,60.9727668762207,48.32196044921875,70.05714416503906,55.521484375,9.056292533874512,0.025185108184814453,7.4178466796875,0.9902227520942688
668,8.349999916390516e-06,0.9235043525695801,33.536781311035156,26.578472137451172,70.05714416503906,55.521484375,7.845097064971924,0.02503180503845215,7.2626953125,0.9902228713035583
669,8.362500011571683e-06,0.7437624931335449,47.8486442565918,37.920867919921875,70.05714416503906,55.521484375,5.95004940032959,0.02351665496826172,7.1295166015625,0.9902229905128479
670,8.37500010675285e-06,0.5373181700706482,52.17597198486328,41.35034942626953,70.05714416503906,55.521484375,7.718872547149658,0.0236055850982666,7.2469482421875,0.9902229905128479
671,8.387500201934017e-06,0.9037310481071472,39.26611328125,31.119064331054688,70.05714416503906,55.521484375,6.142391204833984,0.022121429443359375,7.15234375,0.9902231693267822
672,8.400000297115184e-06,0.21101327240467072,3.6897530555725098,2.924192428588867,70.05714416503906,55.521484375,5.727316856384277,0.022505760192871094,7.2481689453125,0.9902236461639404
673,8.412500392296351e-06,0.4558546245098114,45.1154899597168,35.754798889160156,70.05714416503906,55.521484375,7.161202907562256,0.025092124938964844,7.77001953125,0.9902238249778748
674,8.424999577982817e-06,0.42961758375167847,23.610342025756836,18.711599349975586,70.05714416503906,55.521484375,6.781209468841553,0.03159952163696289,7.932373046875,0.9902238845825195
675,8.437499673163984e-06,0.7718978524208069,53.820255279541016,42.653472900390625,70.05714416503906,55.521484375,7.907736778259277,0.027323246002197266,7.623046875,0.9902257919311523
676,8.449999768345151e-06,0.21842287480831146,22.33616828918457,17.70179557800293,70.05714416503906,55.521484375,6.212079048156738,0.02457141876220703,7.47021484375,0.9902258515357971
677,8.462499863526318e-06,0.6277591586112976,50.502197265625,40.02385711669922,70.05714416503906,55.521484375,7.261497974395752,0.023274898529052734,7.1751708984375,0.9902260303497314
678,8.474999958707485e-06,0.2511753439903259,19.684717178344727,15.60047435760498,70.05714416503906,55.521484375,7.3831682205200195,0.02930927276611328,7.074462890625,0.9902265071868896
679,8.487500053888652e-06,0.44189947843551636,3.8517539501190186,3.0525808334350586,70.05714416503906,55.521484375,6.742454528808594,0.022627830505371094,7.663330078125,0.990226686000824
680,8.50000014906982e-06,0.22718948125839233,0.9732629060745239,0.7713274955749512,70.05714416503906,55.521484375,6.801042079925537,0.024249792098999023,7.318115234375,0.990226686000824
681,8.512500244250987e-06,0.26853880286216736,4.070210933685303,3.2257118225097656,70.05714416503906,55.521484375,6.320988178253174,0.018966197967529297,7.583740234375,0.9902268052101135
682,8.525000339432154e-06,0.21975015103816986,57.773216247558594,45.78626251220703,70.05714416503906,55.521484375,6.707383155822754,0.022182464599609375,7.1302490234375,0.9902269244194031
683,8.537500434613321e-06,0.22182638943195343,22.439146041870117,17.78340721130371,70.05714416503906,55.521484375,5.872446060180664,0.017745614051818848,7.637939453125,0.9902269840240479
684,8.549999620299786e-06,0.3249122202396393,4.015143871307373,3.182070255279541,70.05714416503906,55.521484375,6.67913293838501,0.020427346229553223,7.124755859375,0.9902275204658508
685,8.562499715480953e-06,0.7719050049781799,43.33424377441406,34.3431282043457,70.05714416503906,55.521484375,7.299867153167725,0.022652149200439453,7.3209228515625,0.9902276396751404
686,8.57499981066212e-06,0.7209141254425049,48.176612854003906,38.180789947509766,70.05714416503906,55.521484375,6.8346638679504395,0.02116703987121582,7.5550537109375,0.9902276992797852
687,8.587499905843288e-06,0.2879016101360321,44.55034255981445,35.306907653808594,70.05714416503906,55.521484375,6.694528102874756,0.02367687225341797,7.6768798828125,0.9902296662330627
688,8.600000001024455e-06,0.8392031788825989,44.31648254394531,35.12156677246094,70.05714416503906,55.521484375,9.087566375732422,0.023644208908081055,7.6263427734375,0.9902297854423523
689,8.612500096205622e-06,0.3808637261390686,52.388668060302734,41.51891326904297,70.05714416503906,55.521484375,6.884949684143066,0.02705836296081543,6.7918701171875,0.9902303218841553
690,8.625000191386789e-06,0.5723846554756165,23.465574264526367,18.59686851501465,70.05714416503906,55.521484375,7.2332024574279785,0.02382659912109375,7.5751953125,0.9902303814888
691,8.637500286567956e-06,0.5178652405738831,10.254262924194336,8.126678466796875,70.05714416503906,55.521484375,7.093478202819824,0.019977331161499023,7.3021240234375,0.9902305006980896
692,8.650000381749123e-06,0.38312575221061707,52.85870361328125,41.89142608642578,70.05714416503906,55.521484375,9.047176361083984,0.02347707748413086,7.1107177734375,0.9902306199073792
693,8.662499567435589e-06,0.47761186957359314,50.99563980102539,40.4149169921875,70.05714416503906,55.521484375,7.071671485900879,0.0224606990814209,7.6732177734375,0.9902306199073792
694,8.674999662616756e-06,0.2753349840641022,23.36922836303711,18.5205135345459,70.05714416503906,55.521484375,5.844519138336182,0.02265024185180664,7.36474609375,0.9902307987213135
695,8.687499757797923e-06,0.659785807132721,53.036659240722656,42.0324592590332,70.05714416503906,55.521484375,6.835961818695068,0.02079474925994873,7.642822265625,0.9902312755584717
696,8.69999985297909e-06,0.2478903830051422,44.834232330322266,35.53189468383789,70.05714416503906,55.521484375,5.607498645782471,0.02415609359741211,7.2276611328125,0.990231454372406
697,8.712499948160257e-06,0.4605165123939514,4.278138160705566,3.3904976844787598,70.05714416503906,55.521484375,6.14592170715332,0.02232193946838379,7.3125,0.9902315139770508
698,8.725000043341424e-06,0.20970942080020905,48.40516662597656,38.36192321777344,70.05714416503906,55.521484375,5.129443168640137,0.02190113067626953,7.4444580078125,0.9902334213256836
699,8.737500138522591e-06,0.7746496796607971,47.27118682861328,37.46322250366211,70.05714416503906,55.521484375,6.797079086303711,0.019726276397705078,7.9381103515625,0.9902336001396179
700,8.750000233703759e-06,0.5897936224937439,38.57994842529297,30.57526969909668,70.05714416503906,55.521484375,6.536165237426758,0.0227053165435791,7.113525390625,0.9902336597442627
701,8.762500328884926e-06,0.539623498916626,44.105934143066406,34.95470428466797,70.05714416503906,55.521484375,8.843483924865723,0.0191650390625,7.3372802734375,0.9902341365814209
702,8.775000424066093e-06,0.8383278846740723,46.62970733642578,36.954837799072266,70.05714416503906,55.521484375,6.6320414543151855,0.023481130599975586,7.458984375,0.9902343153953552
703,8.787499609752558e-06,0.31214722990989685,40.45014953613281,32.05743408203125,70.05714416503906,55.521484375,7.111633777618408,0.019483327865600586,6.9970703125,0.9902343153953552
704,8.799999704933725e-06,0.7088727355003357,45.83183670043945,36.322513580322266,70.05714416503906,55.521484375,6.1837286949157715,0.020743131637573242,7.0155029296875,0.9902344346046448
705,8.812499800114892e-06,0.25758790969848633,19.782215118408203,15.677743911743164,70.05714416503906,55.521484375,6.188716888427734,0.022785425186157227,7.080810546875,0.9902345538139343
706,8.82499989529606e-06,1.136523723602295,4.376590728759766,3.4685230255126953,70.05714416503906,55.521484375,6.059062480926514,0.025869369506835938,7.4991455078125,0.9902346134185791
707,8.837499990477227e-06,0.43085241317749023,0.9601596593856812,0.7609429359436035,70.05714416503906,55.521484375,5.740257263183594,0.02349686622619629,7.195068359375,0.9902351498603821
708,8.850000085658394e-06,0.6522861123085022,4.371781826019287,3.4647116661071777,70.05714416503906,55.521484375,5.560239315032959,0.02308070659637451,6.510986328125,0.9902352690696716
709,8.862500180839561e-06,0.378826767206192,51.68292236328125,40.959598541259766,70.05714416503906,55.521484375,6.547866344451904,0.025702238082885742,7.6544189453125,0.9902372360229492
710,8.875000276020728e-06,0.45267048478126526,3.9522876739501953,3.1322555541992188,70.05714416503906,55.521484375,6.35890007019043,0.02468562126159668,7.5538330078125,0.990237295627594
711,8.887500371201895e-06,0.4002559781074524,44.76152420043945,35.474273681640625,70.05714416503906,55.521484375,8.204187393188477,0.021224021911621094,7.459228515625,0.9902374744415283
712,8.89999955688836e-06,0.339370995759964,57.087127685546875,45.242523193359375,70.05714416503906,55.521484375,7.6245269775390625,0.026203155517578125,7.3170166015625,0.9902379512786865
713,8.912499652069528e-06,0.34297242760658264,48.505523681640625,38.44145965576172,70.05714416503906,55.521484375,9.029793739318848,0.02065443992614746,7.41357421875,0.9902380108833313
714,8.924999747250695e-06,0.5036884546279907,0.9363123178482056,0.7420434951782227,70.05714416503906,55.521484375,5.8131513595581055,0.024085402488708496,6.9661865234375,0.9902381300926208
715,8.937499842431862e-06,0.846186637878418,47.511512756347656,37.6536865234375,70.05714416503906,55.521484375,6.3550124168396,0.022716760635375977,7.7696533203125,0.9902382493019104
716,8.949999937613029e-06,0.3194643557071686,65.38846588134766,51.821475982666016,70.05714416503906,55.521484375,8.344978332519531,0.022782087326049805,7.4290771484375,0.9902382493019104
717,8.962500032794196e-06,0.4986034631729126,55.91666793823242,44.31491470336914,70.05714416503906,55.521484375,7.235116481781006,0.024797916412353516,7.3671875,0.9902384281158447
718,8.975000127975363e-06,0.3409210443496704,51.42148971557617,40.752410888671875,70.05714416503906,55.521484375,5.89096736907959,0.019939899444580078,7.3314208984375,0.9902389049530029
719,8.98750022315653e-06,0.3231353163719177,42.50395584106445,33.68511199951172,70.05714416503906,55.521484375,7.056574821472168,0.020359516143798828,7.0819091796875,0.9902390837669373
720,9.000000318337698e-06,0.2460455596446991,21.604955673217773,17.122297286987305,70.05714416503906,55.521484375,7.595132350921631,0.021190404891967773,7.2015380859375,0.990239143371582
721,9.012500413518865e-06,0.349381685256958,21.652448654174805,17.159934997558594,70.05714416503906,55.521484375,13.554641723632812,0.02367234230041504,7.16845703125,0.9902410507202148
722,9.02499959920533e-06,0.39723438024520874,57.60390090942383,45.652076721191406,70.05714416503906,55.521484375,6.303245544433594,0.02078080177307129,7.40087890625,0.9902412295341492
723,9.037499694386497e-06,0.19656942784786224,43.06000900268555,34.12579345703125,70.05714416503906,55.521484375,8.555728912353516,0.012961149215698242,7.9434814453125,0.990241289138794
724,9.049999789567664e-06,0.2414960414171219,46.898345947265625,37.16773986816406,70.05714416503906,55.521484375,7.371267795562744,0.017825007438659668,7.6890869140625,0.9902417659759521
725,9.062499884748831e-06,0.21377509832382202,40.3820686340332,32.00347900390625,70.05714416503906,55.521484375,6.0335845947265625,0.021628379821777344,6.76318359375,0.9902419447898865
726,9.074999979929999e-06,0.26710501313209534,41.74527359008789,33.08384323120117,70.05714416503906,55.521484375,7.051464080810547,0.02259206771850586,7.0107421875,0.9902420043945312
727,9.087500075111166e-06,0.31038305163383484,47.071163177490234,37.3046989440918,70.05714416503906,55.521484375,7.321091651916504,0.018411874771118164,7.365478515625,0.990242063999176
728,9.100000170292333e-06,0.23926591873168945,49.99319076538086,39.620460510253906,70.05714416503906,55.521484375,8.146114349365234,0.026324748992919922,7.2113037109375,0.9902422428131104
729,9.1125002654735e-06,0.24062038958072662,39.3646240234375,31.1971378326416,70.05714416503906,55.521484375,7.960633277893066,0.022589921951293945,7.002685546875,0.9902427196502686
730,9.125000360654667e-06,0.2038724273443222,51.59389114379883,40.889041900634766,70.05714416503906,55.521484375,7.9506330490112305,0.016914844512939453,7.224853515625,0.9902427792549133
731,9.137499546341132e-06,0.27601346373558044,4.462595462799072,3.5366830825805664,70.05714416503906,55.521484375,7.285687446594238,0.02012467384338379,7.069580078125,0.9902429580688477
732,9.1499996415223e-06,0.33336588740348816,9.842507362365723,7.800354957580566,70.05714416503906,55.521484375,5.308897018432617,0.01885199546813965,7.18359375,0.9902448654174805
733,9.162499736703467e-06,0.20568573474884033,55.7299919128418,44.166969299316406,70.05714416503906,55.521484375,5.32999324798584,0.019898414611816406,7.7664794921875,0.9902449250221252
734,9.174999831884634e-06,0.19593891501426697,35.18242645263672,27.882673263549805,70.05714416503906,55.521484375,6.64341926574707,0.019336938858032227,7.9097900390625,0.9902451038360596
735,9.187499927065801e-06,0.255221426486969,43.64601135253906,34.5902099609375,70.05714416503906,55.521484375,5.690354347229004,0.01654839515686035,7.48681640625,0.9902455806732178
736,9.200000022246968e-06,0.29733163118362427,49.92648696899414,39.567596435546875,70.05714416503906,55.521484375,9.662666320800781,0.019952774047851562,7.4862060546875,0.9902457594871521
737,9.212500117428135e-06,0.20031538605690002,3.9492907524108887,3.129880428314209,70.05714416503906,55.521484375,6.451197147369385,0.02261948585510254,7.115234375,0.9902457594871521
738,9.225000212609302e-06,0.20101284980773926,49.3603401184082,39.11891174316406,70.05714416503906,55.521484375,6.707409381866455,0.018622279167175293,7.012939453125,0.9902458786964417
739,9.23750030779047e-06,0.20912973582744598,49.00212478637695,38.83502197265625,70.05714416503906,55.521484375,7.486351013183594,0.017905235290527344,7.6492919921875,0.9902459979057312
740,9.250000402971637e-06,0.25471773743629456,50.17801284790039,39.76693344116211,70.05714416503906,55.521484375,6.138339519500732,0.021465301513671875,7.33544921875,0.990246057510376
741,9.262499588658102e-06,0.21026243269443512,35.88216781616211,28.437231063842773,70.05714416503906,55.521484375,6.881887435913086,0.020277738571166992,7.634033203125,0.9902465343475342
742,9.274999683839269e-06,0.23072944581508636,17.82472801208496,14.1264009475708,70.05714416503906,55.521484375,6.515111446380615,0.023760318756103516,7.103515625,0.9902467131614685
743,9.287499779020436e-06,0.20130586624145508,49.97566223144531,39.6065673828125,70.05714416503906,55.521484375,6.834141254425049,0.019884347915649414,7.6295166015625,0.9902467727661133
744,9.299999874201603e-06,0.2823304831981659,4.013847351074219,3.1810426712036133,70.05714416503906,55.521484375,7.852844715118408,0.022935152053833008,7.149169921875,0.9902487397193909
745,9.31249996938277e-06,0.2766735851764679,63.607444763183594,50.40998840332031,70.05714416503906,55.521484375,8.207676887512207,0.022389531135559082,7.2799072265625,0.9902488589286804
746,9.325000064563937e-06,0.45278164744377136,1.077401876449585,0.8538594245910645,70.05714416503906,55.521484375,7.011287689208984,0.02011275291442871,7.4071044921875,0.9902493953704834
747,9.337500159745105e-06,0.3040271997451782,59.555381774902344,47.19865798950195,70.05714416503906,55.521484375,5.8506011962890625,0.018293142318725586,7.630859375,0.9902493953704834
748,9.350000254926272e-06,0.3664702773094177,50.813148498535156,40.27029037475586,70.05714416503906,55.521484375,8.225968360900879,0.01656317710876465,7.5748291015625,0.9902495741844177
749,9.362500350107439e-06,0.42866018414497375,1.032992959022522,0.81866455078125,70.05714416503906,55.521484375,6.612967491149902,0.018320322036743164,6.6319580078125,0.9902496933937073
750,9.375000445288606e-06,0.19780831038951874,52.534889221191406,41.63479995727539,70.05714416503906,55.521484375,6.534214019775391,0.01908731460571289,7.475830078125,0.9902496933937073
751,9.387499630975071e-06,0.3923756778240204,50.96263885498047,40.388763427734375,70.05714416503906,55.521484375,7.631789684295654,0.019237756729125977,7.24072265625,0.9902498722076416
752,9.399999726156238e-06,0.2748240828514099,3.998436689376831,3.1688294410705566,70.05714416503906,55.521484375,7.820193767547607,0.019267559051513672,7.087646484375,0.9902503490447998
753,9.412499821337406e-06,0.3095862865447998,54.07769775390625,42.85750198364258,70.05714416503906,55.521484375,6.968007564544678,0.019571661949157715,7.627685546875,0.9902504086494446
754,9.424999916518573e-06,0.3509845733642578,0.9694296717643738,0.7682895660400391,70.05714416503906,55.521484375,6.442069053649902,0.02087712287902832,7.369873046875,0.9902505874633789
755,9.43750001169974e-06,0.2736838161945343,45.882511138916016,36.362674713134766,70.05714416503906,55.521484375,7.537479877471924,0.020357131958007812,7.6094970703125,0.9902524948120117
756,9.450000106880907e-06,0.4096046984195709,43.00974655151367,34.085960388183594,70.05714416503906,55.521484375,8.273626327514648,0.025960683822631836,7.1796875,0.9902525544166565
757,9.462500202062074e-06,0.2287438064813614,42.54765319824219,33.71974182128906,70.05714416503906,55.521484375,6.232199668884277,0.018661975860595703,7.3807373046875,0.9902527332305908
758,9.475000297243241e-06,0.1964278519153595,46.52733612060547,36.87370681762695,70.05714416503906,55.521484375,7.053258419036865,0.021677017211914062,7.302734375,0.990253210067749
759,9.487500392424408e-06,0.17089883983135223,38.82804870605469,30.771892547607422,70.05714416503906,55.521484375,5.687207221984863,0.017631053924560547,7.749755859375,0.9902533888816833
760,9.499999578110874e-06,0.20667405426502228,59.969078063964844,47.526519775390625,70.05714416503906,55.521484375,5.589910507202148,0.02160954475402832,7.0760498046875,0.9902533888816833
761,9.51249967329204e-06,0.2266538441181183,52.56484603881836,41.658538818359375,70.05714416503906,55.521484375,7.805515289306641,0.021939754486083984,7.3214111328125,0.9902535080909729
762,9.524999768473208e-06,0.1767367571592331,1.0310338735580444,0.8171119689941406,70.05714416503906,55.521484375,7.603912830352783,0.01967906951904297,7.405517578125,0.9902536273002625
763,9.537499863654375e-06,0.21520666778087616,0.9935237169265747,0.7873845100402832,70.05714416503906,55.521484375,6.442051410675049,0.018958568572998047,6.9488525390625,0.9902536869049072
764,9.549999958835542e-06,0.19153858721256256,45.713802337646484,36.22896957397461,70.05714416503906,55.521484375,7.028882026672363,0.014599323272705078,6.8568115234375,0.9902541637420654
765,9.56250005401671e-06,0.25390109419822693,39.624053955078125,31.402740478515625,70.05714416503906,55.521484375,7.05915641784668,0.020414113998413086,7.086181640625,0.9902543425559998
766,9.575000149197876e-06,0.2950769364833832,21.865468978881836,17.328758239746094,70.05714416503906,55.521484375,7.265319347381592,0.017748475074768066,7.4991455078125,0.9902563095092773
767,9.587500244379044e-06,0.19289793074131012,1.0833157300949097,0.858546257019043,70.05714416503906,55.521484375,5.8035173416137695,0.018088340759277344,7.2562255859375,0.9902563691139221
768,9.60000033956021e-06,0.325996458530426,37.5776252746582,29.78091049194336,70.05714416503906,55.521484375,7.06082010269165,0.02290487289428711,6.5892333984375,0.9902564883232117
769,9.612500434741378e-06,0.20403733849525452,46.30547332763672,36.6978759765625,70.05714416503906,55.521484375,7.200498580932617,0.021501898765563965,7.662353515625,0.9902570247650146
770,9.624999620427843e-06,0.3106961250305176,35.6550178527832,28.257211685180664,70.05714416503906,55.521484375,6.807853698730469,0.020357131958007812,7.5535888671875,0.9902570843696594
771,9.63749971560901e-06,0.3494572639465332,54.171749114990234,42.932037353515625,70.05714416503906,55.521484375,8.066545486450195,0.018630266189575195,7.39013671875,0.990257203578949
772,9.649999810790177e-06,0.2211340218782425,44.62696075439453,35.36763000488281,70.05714416503906,55.521484375,6.8165106773376465,0.019784927368164062,7.3199462890625,0.9902573227882385
773,9.662499905971345e-06,0.27790433168411255,23.24823760986328,18.424625396728516,70.05714416503906,55.521484375,7.878931045532227,0.019459247589111328,7.39794921875,0.9902573227882385
774,9.675000001152512e-06,0.23530785739421844,48.8222541809082,38.69247055053711,70.05714416503906,55.521484375,6.508249282836914,0.019514799118041992,6.9990234375,0.9902575016021729
775,9.687500096333679e-06,0.2504584491252899,59.279014587402344,46.97962951660156,70.05714416503906,55.521484375,9.566634178161621,0.01685023307800293,7.590087890625,0.990257978439331
776,9.700000191514846e-06,0.3789813816547394,41.90068435668945,33.207008361816406,70.05714416503906,55.521484375,6.204756259918213,0.0171051025390625,7.417724609375,0.9902581572532654
777,9.712500286696013e-06,0.46359124779701233,49.60341262817383,39.311553955078125,70.05714416503906,55.521484375,7.008074760437012,0.016350150108337402,7.3133544921875,0.9902582168579102
778,9.72500038187718e-06,0.4299178123474121,38.460960388183594,30.480968475341797,70.05714416503906,55.521484375,6.186868190765381,0.020010948181152344,7.3074951171875,0.990260124206543
779,9.737499567563646e-06,0.28381291031837463,42.185848236083984,33.433006286621094,70.05714416503906,55.521484375,6.644498825073242,0.01834690570831299,7.078125,0.9902601838111877
780,9.749999662744813e-06,0.21813949942588806,59.3057861328125,47.00084686279297,70.05714416503906,55.521484375,8.15390682220459,0.021918296813964844,7.1143798828125,0.9902603626251221
781,9.76249975792598e-06,0.42786654829978943,11.355644226074219,8.999542236328125,70.05714416503906,55.521484375,13.591565132141113,0.018541812896728516,7.1075439453125,0.9902608394622803
782,9.774999853107147e-06,0.4108259677886963,4.292041301727295,3.4015159606933594,70.05714416503906,55.521484375,7.706273555755615,0.01857900619506836,7.352294921875,0.9902610182762146
783,9.787499948288314e-06,0.28024786710739136,32.87968063354492,26.057708740234375,70.05714416503906,55.521484375,6.278805255889893,0.018316149711608887,7.8131103515625,0.9902610182762146
784,9.800000043469481e-06,0.7281909584999084,50.125240325927734,39.7251091003418,70.05714416503906,55.521484375,6.992307186126709,0.016573667526245117,7.62109375,0.9902611374855042
785,9.812500138650648e-06,0.415763258934021,56.1167106628418,44.47344970703125,70.05714416503906,55.521484375,7.192976951599121,0.021342754364013672,6.7398681640625,0.9902612566947937
786,9.825000233831815e-06,0.6142666935920715,60.85323715209961,48.227230072021484,70.05714416503906,55.521484375,7.480340957641602,0.019653797149658203,6.886962890625,0.9902613162994385
787,9.837500329012983e-06,0.8853579759597778,0.9764890670776367,0.7738842964172363,70.05714416503906,55.521484375,5.894336223602295,0.014679193496704102,7.3455810546875,0.9902618527412415
788,9.85000042419415e-06,0.18833686411380768,39.048240661621094,30.946395874023438,70.05714416503906,55.521484375,7.430980682373047,0.014768362045288086,7.034423828125,0.990261971950531
789,9.862499609880615e-06,0.9919687509536743,42.548561096191406,33.720462799072266,70.05714416503906,55.521484375,5.390340328216553,0.016505956649780273,6.9747314453125,0.9902639389038086
790,9.874999705061782e-06,0.6900851130485535,20.929458618164062,16.586952209472656,70.05714416503906,55.521484375,5.962972640991211,0.02031564712524414,7.214599609375,0.9902639985084534
791,9.88749980024295e-06,0.5428450107574463,42.35519027709961,33.56721115112305,70.05714416503906,55.521484375,6.60602331161499,0.017872929573059082,7.0574951171875,0.9902641177177429
792,9.899999895424116e-06,1.1805130243301392,52.7305908203125,41.789894104003906,70.05714416503906,55.521484375,5.925509929656982,0.01652836799621582,7.235107421875,0.9902646541595459
793,9.912499990605284e-06,0.3815695643424988,11.02078914642334,8.734163284301758,70.05714416503906,55.521484375,5.455134868621826,0.01535654067993164,7.7127685546875,0.9902647137641907
794,9.92500008578645e-06,0.6878911256790161,35.416786193847656,28.06840705871582,70.05714416503906,55.521484375,6.690092086791992,0.01717519760131836,7.8612060546875,0.9902648329734802
795,9.937500180967618e-06,0.9672579765319824,57.29704284667969,45.40888595581055,70.05714416503906,55.521484375,7.725329875946045,0.018421173095703125,7.3828125,0.9902649521827698
796,9.950000276148785e-06,0.48245203495025635,53.14663314819336,42.1196174621582,70.05714416503906,55.521484375,7.752932548522949,0.015216827392578125,7.421875,0.9902649521827698
797,9.962500371329952e-06,0.31157997250556946,24.280126571655273,19.242416381835938,70.05714416503906,55.521484375,7.04716682434082,0.020787715911865234,7.1287841796875,0.9902651309967041
798,9.974999557016417e-06,0.4326159358024597,23.109586715698242,18.314743041992188,70.05714416503906,55.521484375,7.723012924194336,0.01784205436706543,6.9796142578125,0.9902656078338623
799,9.987499652197585e-06,0.18133509159088135,43.35680389404297,34.36100769042969,70.05714416503906,55.521484375,8.436347007751465,0.016358137130737305,7.597412109375,0.9902657866477966
800,9.999999747378752e-06,0.4842928349971771,51.437618255615234,40.76519012451172,70.05714416503906,55.521484375,7.706096649169922,0.01508951187133789,7.285888671875,0.9902658462524414
801,1.0012499842559919e-05,0.2650125324726105,40.3596305847168,31.98569679260254,70.05714416503906,55.521484375,6.796422004699707,0.019207000732421875,7.59130859375,0.9902677536010742
802,1.0024999937741086e-05,0.6353397369384766,50.15951919555664,39.75227737426758,70.05714416503906,55.521484375,6.681131362915039,0.018839359283447266,7.0692138671875,0.9902679324150085
803,1.0037500032922253e-05,0.8263588547706604,61.52010726928711,48.7557373046875,70.05714416503906,55.521484375,7.775052070617676,0.013726949691772461,7.6072998046875,0.9902679920196533
804,1.005000012810342e-05,0.19110345840454102,10.089099884033203,7.995783805847168,70.05714416503906,55.521484375,6.552877902984619,0.01804828643798828,7.2073974609375,0.9902684688568115
805,1.0062500223284587e-05,0.9453084468841553,20.632963180541992,16.35197639465332,70.05714416503906,55.521484375,6.686413764953613,0.015924692153930664,7.2459716796875,0.9902686476707458
806,1.0075000318465754e-05,0.9080607891082764,23.931663513183594,18.966251373291016,70.05714416503906,55.521484375,8.273656845092773,0.02224111557006836,7.4569091796875,0.9902686476707458
807,1.0087500413646922e-05,0.22332178056240082,33.88699722290039,26.85602378845215,70.05714416503906,55.521484375,6.6214494705200195,0.017816543579101562,7.6102294921875,0.9902687668800354
808,1.0099999599333387e-05,0.9551975131034851,50.40471649169922,39.946598052978516,70.05714416503906,55.521484375,6.127414226531982,0.016727209091186523,7.5361328125,0.9902689456939697
809,1.0112499694514554e-05,0.7393221855163574,43.32242202758789,34.33375930786133,70.05714416503906,55.521484375,6.505059242248535,0.028219938278198242,6.6248779296875,0.9902689456939697
810,1.0124999789695721e-05,0.48623836040496826,56.38589096069336,44.68678283691406,70.05714416503906,55.521484375,8.465229988098145,0.01655888557434082,7.4561767578125,0.9902694821357727
811,1.0137499884876888e-05,1.5785322189331055,22.31490135192871,17.684940338134766,70.05714416503906,55.521484375,7.2310709953308105,0.020987868309020996,7.1943359375,0.9902696013450623
812,1.0149999980058055e-05,0.19106632471084595,3.8779003620147705,3.0733022689819336,70.05714416503906,55.521484375,6.482726097106934,0.01977396011352539,7.1473388671875,0.9902715682983398
813,1.0162500075239222e-05,1.078398585319519,10.761975288391113,8.529048919677734,70.05714416503906,55.521484375,6.795469760894775,0.017755508422851562,7.57470703125,0.9902716279029846
814,1.017500017042039e-05,0.779865562915802,35.30772399902344,27.98197364807129,70.05714416503906,55.521484375,6.226293563842773,0.018313050270080566,7.438720703125,0.990271806716919
815,1.0187500265601557e-05,0.207820326089859,52.5935173034668,41.68125915527344,70.05714416503906,55.521484375,7.979486465454102,0.018256187438964844,7.56884765625,0.9902722835540771
816,1.0200000360782724e-05,0.5455850958824158,20.752174377441406,16.446453094482422,70.05714416503906,55.521484375,7.194516658782959,0.01891636848449707,7.0638427734375,0.9902723431587219
817,1.021249954646919e-05,0.36858153343200684,55.50891876220703,43.99176788330078,70.05714416503906,55.521484375,5.999638080596924,0.015979766845703125,7.27587890625,0.9902724623680115
818,1.0224999641650356e-05,0.1715531200170517,40.92741012573242,32.435672760009766,70.05714416503906,55.521484375,6.523252964019775,0.016034603118896484,7.1790771484375,0.990272581577301
819,1.0237499736831523e-05,0.2265215516090393,41.468807220458984,32.86473846435547,70.05714416503906,55.521484375,6.841276168823242,0.015746593475341797,7.635498046875,0.990272581577301
820,1.024999983201269e-05,0.20033815503120422,1.032745599746704,0.8184685707092285,70.05714416503906,55.521484375,4.951975345611572,0.015227079391479492,7.02685546875,0.9902727603912354
821,1.0262499927193858e-05,0.23134562373161316,21.227022171020508,16.822778701782227,70.05714416503906,55.521484375,7.126699447631836,0.01730513572692871,7.2799072265625,0.9902732372283936
822,1.0275000022375025e-05,0.34809234738349915,54.904579162597656,43.5128173828125,70.05714416503906,55.521484375,6.571879863739014,0.013922452926635742,7.4715576171875,0.9902734160423279
823,1.0287500117556192e-05,0.17257332801818848,50.599884033203125,40.10127258300781,70.05714416503906,55.521484375,7.003309726715088,0.01489400863647461,7.0406494140625,0.9902734756469727
824,1.0300000212737359e-05,0.36973893642425537,4.406576633453369,3.4922871589660645,70.05714416503906,55.521484375,7.381814002990723,0.01839148998260498,6.8607177734375,0.9902753829956055
825,1.0312500307918526e-05,0.19781599938869476,42.67036056518555,33.81698989868164,70.05714416503906,55.521484375,7.846414089202881,0.018860936164855957,7.00390625,0.9902755618095398
826,1.0325000403099693e-05,0.5022873282432556,4.4291181564331055,3.5101518630981445,70.05714416503906,55.521484375,7.086214065551758,0.01267540454864502,7.46728515625,0.9902756214141846
827,1.0337499588786159e-05,0.4099940061569214,0.9929550886154175,0.7869338989257812,70.05714416503906,55.521484375,6.212530612945557,0.019121408462524414,7.3463134765625,0.9902760982513428
828,1.0349999683967326e-05,0.25240209698677063,0.9844047427177429,0.7801575660705566,70.05714416503906,55.521484375,6.309635639190674,0.017588496208190918,6.513427734375,0.9902762770652771
829,1.0362499779148493e-05,0.5577397346496582,54.374549865722656,43.0927619934082,70.05714416503906,55.521484375,8.654345512390137,0.013603448867797852,7.56591796875,0.9902763366699219
830,1.037499987432966e-05,0.5301684737205505,46.62874984741211,36.954078674316406,70.05714416503906,55.521484375,8.489279747009277,0.017462730407714844,7.426513671875,0.9902763962745667
831,1.0387499969510827e-05,0.3276236057281494,48.16181182861328,38.16905975341797,70.05714416503906,55.521484375,8.059271812438965,0.013737082481384277,7.3375244140625,0.990276575088501
832,1.0400000064691994e-05,0.1936293989419937,61.71381759643555,48.90925598144531,70.05714416503906,55.521484375,5.572391033172607,0.018329620361328125,7.2476806640625,0.9902770519256592
833,1.0412500159873161e-05,0.24562259018421173,70.37646484375,55.77455139160156,98.4772720336914,78.044921875,5.544377326965332,0.013447165489196777,7.308837890625,0.990277111530304
834,1.0425000255054329e-05,0.4570235013961792,52.61175537109375,41.695716857910156,72.11250305175781,57.150390625,6.982028007507324,0.016882896423339844,6.9410400390625,0.9902772903442383
835,1.0437500350235496e-05,0.3491428792476654,10.834718704223633,8.586699485778809,72.11250305175781,57.150390625,6.088261127471924,0.016485095024108887,7.56640625,0.9902791976928711
836,1.0450000445416663e-05,0.31730979681015015,37.658103942871094,29.84469223022461,72.11250305175781,57.150390625,7.736175537109375,0.017084598541259766,7.3980712890625,0.9902792572975159
837,1.0462499631103128e-05,0.6159548759460449,30.322954177856445,24.03145980834961,72.11250305175781,57.150390625,6.913077354431152,0.01754140853881836,7.1871337890625,0.9902794361114502
838,1.0474999726284295e-05,0.4041139483451843,1.0619051456451416,0.8415780067443848,72.11250305175781,57.150390625,7.278968811035156,0.01790320873260498,7.1956787109375,0.9902799129486084
839,1.0487499821465462e-05,0.26000621914863586,53.55241394042969,42.441200256347656,72.11250305175781,57.150390625,7.7349934577941895,0.015547037124633789,6.9793701171875,0.9902800917625427
840,1.049999991664663e-05,0.5617124438285828,46.35594177246094,36.737876892089844,72.117431640625,57.154296875,6.623240947723389,0.019894838333129883,7.0267333984375,0.9902800917625427
841,1.0512500011827797e-05,0.40592122077941895,34.83005142211914,27.603410720825195,72.117431640625,57.154296875,12.264649391174316,0.01646733283996582,7.1697998046875,0.9902802109718323
842,1.0525000107008964e-05,0.25153303146362305,36.1015625,28.61110496520996,72.117431640625,57.154296875,5.700129985809326,0.017433881759643555,7.3958740234375,0.9902803301811218
843,1.0537500202190131e-05,0.4307728707790375,44.23572540283203,35.05756759643555,72.117431640625,57.154296875,8.189896583557129,0.011998891830444336,7.752197265625,0.9902803897857666
844,1.0550000297371298e-05,0.1898207813501358,4.070173263549805,3.225681781768799,72.117431640625,57.154296875,7.671821594238281,0.013080954551696777,7.5811767578125,0.9902808666229248
845,1.0562500392552465e-05,0.28740429878234863,1.0103940963745117,0.8007545471191406,72.117431640625,57.154296875,6.108511447906494,0.014510393142700195,6.7099609375,0.9902810454368591
846,1.057499957823893e-05,0.23692157864570618,39.93009567260742,31.645282745361328,72.117431640625,57.154296875,7.151379108428955,0.022040843963623047,6.7655029296875,0.9902811050415039
847,1.0587499673420098e-05,0.6117871999740601,43.16606903076172,34.20984649658203,72.117431640625,57.154296875,6.2701029777526855,0.014536380767822266,7.4195556640625,0.9902830719947815
848,1.0599999768601265e-05,0.6616587042808533,49.573524475097656,39.287864685058594,72.117431640625,57.154296875,8.10782241821289,0.014880895614624023,7.000732421875,0.990283191204071
849,1.0612499863782432e-05,0.2032928317785263,23.186397552490234,18.3756160736084,72.117431640625,57.154296875,5.700502872467041,0.015215158462524414,6.9471435546875,0.990283727645874
850,1.0624999958963599e-05,0.5316460132598877,45.50324630737305,36.06209945678711,72.117431640625,57.154296875,6.71788215637207,0.014809787273406982,7.1292724609375,0.990283727645874
851,1.0637500054144766e-05,0.32939761877059937,50.37534713745117,39.92332077026367,72.117431640625,57.154296875,7.576475143432617,0.018032431602478027,7.028076171875,0.9902839064598083
852,1.0650000149325933e-05,0.23468224704265594,1.0548770427703857,0.8360080718994141,72.117431640625,57.154296875,5.6477766036987305,0.015146255493164062,7.21533203125,0.9902840256690979
853,1.06625002445071e-05,0.29395708441734314,49.49439239501953,39.22515106201172,72.117431640625,57.154296875,6.761324882507324,0.014119863510131836,7.65625,0.9902840256690979
854,1.0675000339688268e-05,0.1905887871980667,49.5667839050293,39.28252410888672,72.117431640625,57.154296875,8.632744789123535,0.013606667518615723,7.77734375,0.9902842044830322
855,1.0687500434869435e-05,0.2189173400402069,11.13119125366211,8.821659088134766,72.117431640625,57.154296875,6.816758155822754,0.014165639877319336,7.345947265625,0.9902846813201904
856,1.06999996205559e-05,0.17563436925411224,37.13069534301758,29.426712036132812,72.117431640625,57.154296875,6.664045810699463,0.016488313674926758,7.4014892578125,0.9902847409248352
857,1.0712499715737067e-05,0.35031116008758545,10.680243492126465,8.464275360107422,72.117431640625,57.154296875,6.737154006958008,0.016308844089508057,7.0640869140625,0.9902849197387695
858,1.0724999810918234e-05,0.5446415543556213,23.783578872680664,18.848892211914062,72.117431640625,57.154296875,6.719616889953613,0.019730806350708008,6.91455078125,0.9902868270874023
859,1.0737499906099401e-05,0.3054181933403015,48.68372344970703,38.58268356323242,72.117431640625,57.154296875,7.735912322998047,0.011824369430541992,7.4615478515625,0.9902868866920471
860,1.0750000001280569e-05,0.44224974513053894,59.45817184448242,47.12161636352539,72.117431640625,57.154296875,7.872411251068115,0.01341855525970459,7.220947265625,0.9902870655059814
861,1.0762500096461736e-05,0.927643895149231,41.999027252197266,33.284950256347656,72.117431640625,57.154296875,6.277594566345215,0.010511994361877441,7.4583740234375,0.9902875423431396
862,1.0775000191642903e-05,0.5829838514328003,51.13240432739258,40.5233039855957,72.117431640625,57.154296875,6.146943092346191,0.017512202262878418,6.99658203125,0.990287721157074
863,1.078750028682407e-05,0.5961290597915649,46.49749755859375,36.850059509277344,72.117431640625,57.154296875,6.290716648101807,0.013961076736450195,7.6083984375,0.990287721157074
864,1.0800000382005237e-05,1.5571163892745972,61.089447021484375,48.414432525634766,72.117431640625,57.154296875,8.48859977722168,0.013611078262329102,7.2054443359375,0.9902878403663635
865,1.0812499567691702e-05,0.2096291035413742,4.249438762664795,3.367753028869629,72.117431640625,57.154296875,7.069972515106201,0.014725923538208008,7.1441650390625,0.9902879595756531
866,1.082499966287287e-05,0.9581947922706604,41.167903900146484,32.62626647949219,72.117431640625,57.154296875,6.037503242492676,0.014548778533935547,7.451171875,0.9902880191802979
867,1.0837499758054037e-05,0.5061203241348267,42.534385681152344,33.709228515625,72.117431640625,57.154296875,5.929542541503906,0.013446927070617676,7.479248046875,0.990288496017456
868,1.0849999853235204e-05,0.48833155632019043,65.14329528808594,51.62717819213867,72.117431640625,57.154296875,6.954583644866943,0.015200376510620117,7.4229736328125,0.9902886748313904
869,1.0862499948416371e-05,0.6991541981697083,49.763404846191406,39.43834686279297,72.117431640625,57.154296875,6.743469715118408,0.018342018127441406,6.531005859375,0.9902887344360352
870,1.0875000043597538e-05,0.2533872425556183,57.752498626708984,45.769840240478516,72.12482452392578,57.16015625,7.632784366607666,0.01520681381225586,7.4443359375,0.9902907013893127
871,1.0887500138778705e-05,0.5735263228416443,47.5539665222168,37.68733215332031,72.12482452392578,57.16015625,6.180276870727539,0.01487886905670166,7.2232666015625,0.9902908205986023
872,1.0900000233959872e-05,0.7607870101928711,39.296470642089844,31.143123626708984,72.12482452392578,57.16015625,6.73423957824707,0.01660442352294922,7.21240234375,0.9902913570404053
873,1.091250032914104e-05,0.2310808300971985,10.658549308776855,8.44708251953125,72.12482452392578,57.16015625,6.437722206115723,0.014632701873779297,7.587646484375,0.99029141664505
874,1.0925000424322207e-05,0.636691689491272,43.972679138183594,34.84910202026367,72.12482452392578,57.16015625,6.626477241516113,0.016076207160949707,7.39599609375,0.9902915358543396
875,1.0937499610008672e-05,0.7793900966644287,53.8265380859375,42.658451080322266,72.12482452392578,57.16015625,5.857372760772705,0.011227965354919434,7.537841796875,0.9902916550636292
876,1.0949999705189839e-05,0.3033522665500641,36.11407470703125,28.621021270751953,72.12482452392578,57.16015625,7.597557544708252,0.012658298015594482,7.05419921875,0.9902916550636292
877,1.0962499800371006e-05,0.4170272648334503,3.9559578895568848,3.135164260864258,72.12482452392578,57.16015625,4.994019031524658,0.016638755798339844,7.2420654296875,0.9902918338775635
878,1.0974999895552173e-05,0.5621217489242554,51.7602653503418,41.02089309692383,72.12482452392578,57.16015625,6.670302867889404,0.014852404594421387,7.1602783203125,0.9902923107147217
879,1.098749999073334e-05,0.20122362673282623,48.798973083496094,38.67401885986328,72.12482452392578,57.16015625,8.658052444458008,0.011245012283325195,7.613525390625,0.990292489528656
880,1.1000000085914508e-05,0.512229859828949,58.29365158081055,46.19871520996094,72.12482452392578,57.16015625,5.517850875854492,0.012518644332885742,7.08935546875,0.9902925491333008
881,1.1012500181095675e-05,0.4923775792121887,56.01530075073242,44.39308547973633,72.12482452392578,57.16015625,7.244550704956055,0.013370037078857422,7.2774658203125,0.9902944564819336
882,1.1025000276276842e-05,0.18143408000469208,58.48543930053711,46.3507080078125,72.12482452392578,57.16015625,9.125341415405273,0.015452742576599121,7.4349365234375,0.9902945160865784
883,1.1037500371458009e-05,0.4784758388996124,1.0427123308181763,0.8263673782348633,72.12482452392578,57.16015625,4.915299892425537,0.01429605484008789,7.052978515625,0.9902946949005127
884,1.1049999557144474e-05,0.33655059337615967,51.84886169433594,41.09110641479492,72.12482452392578,57.16015625,6.557147979736328,0.014452219009399414,6.9244384765625,0.9902951717376709
885,1.1062499652325641e-05,0.282359778881073,55.226253509521484,43.76774978637695,72.12482452392578,57.16015625,6.618253231048584,0.014223575592041016,6.95361328125,0.9902953505516052
886,1.1074999747506808e-05,0.5449044704437256,52.9394416809082,41.955413818359375,72.12482452392578,57.16015625,5.734827518463135,0.013256490230560303,7.501220703125,0.9902953505516052
887,1.1087499842687976e-05,0.4616039991378784,10.923684120178223,8.657206535339355,72.12482452392578,57.16015625,7.728819370269775,0.017322301864624023,7.40234375,0.9902954697608948
888,1.1099999937869143e-05,0.1729353368282318,60.443443298339844,47.902462005615234,72.12482452392578,57.16015625,8.520589828491211,0.017408370971679688,6.51123046875,0.9902955889701843
889,1.111250003305031e-05,0.40607041120529175,48.315853118896484,38.2911376953125,72.12482452392578,57.16015625,6.760889053344727,0.013137102127075195,7.451416015625,0.9902956485748291
890,1.1125000128231477e-05,0.46164828538894653,53.18117141723633,42.14698791503906,72.12482452392578,57.16015625,8.174983978271484,0.015074968338012695,7.3929443359375,0.9902961850166321
891,1.1137500223412644e-05,0.17254099249839783,0.9849053025245667,0.7805542945861816,72.12482452392578,57.16015625,6.533281326293945,0.014597177505493164,7.31005859375,0.9902963042259216
892,1.1150000318593811e-05,0.4719434082508087,43.67591857910156,34.613914489746094,72.12482452392578,57.16015625,7.52634859085083,0.012010574340820312,7.249267578125,0.9902963638305664
893,1.1162500413774978e-05,0.5370376110076904,33.70708084106445,26.71343994140625,72.12482452392578,57.16015625,7.53950834274292,0.01352238655090332,7.234375,0.990298330783844
894,1.1174999599461444e-05,0.1745179444551468,0.9861874580383301,0.7815704345703125,72.12482452392578,57.16015625,7.833820819854736,0.009763598442077637,6.911376953125,0.9902984499931335
895,1.1187499694642611e-05,0.7540867328643799,31.14657974243164,24.68419647216797,72.12482452392578,57.16015625,6.149183750152588,0.012340068817138672,7.5206298828125,0.9902989864349365
896,1.1199999789823778e-05,0.7280420660972595,42.68537139892578,33.828887939453125,72.12482452392578,57.16015625,5.9342570304870605,0.01544177532196045,7.3292236328125,0.9902990460395813
897,1.1212499885004945e-05,0.20325034856796265,37.20476150512695,29.485408782958984,72.12482452392578,57.16015625,7.17257022857666,0.012940645217895508,7.127685546875,0.9902991652488708
898,1.1224999980186112e-05,0.931434154510498,54.25624084472656,42.99899673461914,72.12482452392578,57.16015625,5.975016117095947,0.018374204635620117,7.275390625,0.9902992844581604
899,1.123750007536728e-05,0.9021430015563965,0.9812068343162537,0.777623176574707,72.2086181640625,57.2265625,5.856484413146973,0.014208376407623291,6.88916015625,0.9902992844581604
900,1.1250000170548446e-05,0.1948833465576172,44.00150680541992,34.8719482421875,72.2086181640625,57.2265625,4.80012845993042,0.014831066131591797,6.951416015625,0.9902994632720947
901,1.1262500265729614e-05,1.0607120990753174,49.135162353515625,38.94045639038086,72.2086181640625,57.2265625,14.83056354522705,0.016101360321044922,7.0272216796875,0.9902999401092529
902,1.127500036091078e-05,0.8175163269042969,51.1108512878418,40.506221771240234,72.2086181640625,57.2265625,7.317148685455322,0.013333797454833984,7.3739013671875,0.9903001189231873
903,1.1287499546597246e-05,0.36274293065071106,39.097049713134766,30.98508071899414,72.2086181640625,57.2265625,7.422525405883789,0.01160728931427002,7.6973876953125,0.990300178527832
904,1.1299999641778413e-05,1.3316676616668701,49.79892349243164,39.466495513916016,72.2086181640625,57.2265625,8.648324966430664,0.01035761833190918,7.60400390625,0.9903020858764648
905,1.131249973695958e-05,0.41300860047340393,22.9013671875,18.14972496032715,72.2086181640625,57.2265625,6.8387837409973145,0.02103400230407715,6.79296875,0.9903022646903992
906,1.1324999832140747e-05,0.7134184837341309,0.9079908728599548,0.7195982933044434,72.2086181640625,57.2265625,5.47159481048584,0.013832330703735352,6.7264404296875,0.990302324295044
907,1.1337499927321915e-05,1.177471399307251,40.6396598815918,32.20762252807617,72.2086181640625,57.2265625,6.541872501373291,0.013499259948730469,7.359619140625,0.9903028011322021
908,1.1350000022503082e-05,0.407797247171402,1.0959028005599976,0.8685216903686523,72.2086181640625,57.2265625,5.634203910827637,0.017186522483825684,6.94775390625,0.9903029799461365
909,1.1362500117684249e-05,0.5348770022392273,10.328810691833496,8.185758590698242,72.2086181640625,57.2265625,6.262213230133057,0.014740228652954102,6.978759765625,0.9903029799461365
910,1.1375000212865416e-05,0.776803195476532,0.9621361494064331,0.7625093460083008,72.21847534179688,57.234375,5.486291408538818,0.015519142150878906,7.1246337890625,0.990303099155426
911,1.1387500308046583e-05,0.3644193112850189,0.8830334544181824,0.6998190879821777,72.21847534179688,57.234375,5.47140645980835,0.01572895050048828,7.0086669921875,0.9903032779693604
912,1.140000040322775e-05,0.45319002866744995,56.178897857666016,44.522735595703125,72.21847534179688,57.234375,6.733352184295654,0.009574651718139648,7.2391357421875,0.9903032779693604
913,1.1412499588914216e-05,0.7477959990501404,43.60208511352539,34.555397033691406,72.21847534179688,57.234375,5.909804344177246,0.012344121932983398,7.639404296875,0.9903038144111633
914,1.1424999684095383e-05,0.4699709117412567,0.9600200653076172,0.7608323097229004,72.21847534179688,57.234375,6.169113636016846,0.010951995849609375,7.744873046875,0.9903039336204529
915,1.143749977927655e-05,0.26758596301078796,10.615199089050293,8.412727355957031,72.21847534179688,57.234375,6.291439056396484,0.01578688621520996,7.2685546875,0.9903059005737305
916,1.1449999874457717e-05,0.7924890518188477,39.891876220703125,31.614994049072266,72.21847534179688,57.234375,7.498819828033447,0.012953519821166992,7.3238525390625,0.9903059601783752
917,1.1462499969638884e-05,0.7566844820976257,19.634620666503906,15.560772895812988,72.21847534179688,57.234375,7.870321750640869,0.012553095817565918,7.07421875,0.9903061389923096
918,1.1475000064820051e-05,0.25357499718666077,49.928977966308594,39.5695686340332,72.21847534179688,57.234375,8.670350074768066,0.018340110778808594,6.940673828125,0.9903066158294678
919,1.1487500160001218e-05,0.8388268947601318,38.12393569946289,30.213871002197266,72.21847534179688,57.234375,6.65914249420166,0.01566004753112793,7.4161376953125,0.9903066754341125
920,1.1500000255182385e-05,0.7647023797035217,47.83985137939453,37.91389846801758,72.21847534179688,57.234375,7.685150146484375,0.0172959566116333,7.1937255859375,0.9903067946434021
921,1.1512500350363553e-05,0.175302192568779,58.005653381347656,45.97047424316406,72.21847534179688,57.234375,5.74179220199585,0.011494874954223633,7.4935302734375,0.9903069138526917
922,1.152500044554472e-05,0.9443040490150452,52.41478729248047,41.53961181640625,72.21847534179688,57.234375,5.68997859954834,0.016412854194641113,6.9998779296875,0.9903069138526917
923,1.1537499631231185e-05,1.2863986492156982,48.70731735229492,38.60137939453125,72.21847534179688,57.234375,6.514294624328613,0.013462662696838379,7.5411376953125,0.990307092666626
924,1.1549999726412352e-05,0.2964479923248291,48.83183288574219,38.7000617980957,72.21847534179688,57.234375,7.904561519622803,0.013837337493896484,7.191650390625,0.9903075695037842
925,1.156249982159352e-05,1.422512173652649,36.357635498046875,28.81404685974121,72.21847534179688,57.234375,5.7219767570495605,0.01662898063659668,7.2022705078125,0.9903077483177185
926,1.1574999916774686e-05,0.3157407343387604,54.87849044799805,43.49214172363281,72.21847534179688,57.234375,7.328789710998535,0.01823735237121582,7.40966796875,0.9903078079223633
927,1.1587500011955854e-05,0.9942131638526917,58.140411376953125,46.0772705078125,72.21847534179688,57.234375,7.9892354011535645,0.015088438987731934,7.39208984375,0.9903097152709961
928,1.160000010713702e-05,1.3819717168807983,55.92082977294922,44.318214416503906,72.21847534179688,57.234375,8.676530838012695,0.015042304992675781,7.323486328125,0.9903098940849304
929,1.1612500202318188e-05,0.4185754060745239,44.38274383544922,35.1740837097168,72.21847534179688,57.234375,6.219497203826904,0.013150215148925781,6.520751953125,0.9903099536895752
930,1.1625000297499355e-05,1.3625879287719727,52.717323303222656,41.779380798339844,72.21847534179688,57.234375,6.082117557525635,0.014302730560302734,7.2940673828125,0.9903104305267334
931,1.1637500392680522e-05,0.2571832835674286,56.183101654052734,44.52606964111328,72.21847534179688,57.234375,8.086568832397461,0.010419487953186035,7.1614990234375,0.9903106093406677
932,1.1649999578366987e-05,1.6676589250564575,37.74208068847656,29.911243438720703,72.21847534179688,57.234375,6.679419040679932,0.011143088340759277,7.1090087890625,0.9903106689453125
933,1.1662499673548155e-05,0.20889349281787872,46.09318161010742,36.529632568359375,72.21847534179688,57.234375,6.1067585945129395,0.013149857521057129,7.490966796875,0.9903107285499573
934,1.1674999768729322e-05,1.4016157388687134,54.47098922729492,43.169189453125,72.21847534179688,57.234375,6.7809906005859375,0.013749957084655762,7.333984375,0.9903109073638916
935,1.1687499863910489e-05,0.23645086586475372,42.173484802246094,33.4232063293457,72.21847534179688,57.234375,6.870153903961182,0.01161348819732666,7.51904296875,0.9903113842010498
936,1.1699999959091656e-05,1.1723296642303467,4.086947917938232,3.238976001739502,72.21847534179688,57.234375,5.729568004608154,0.013637185096740723,7.022216796875,0.9903114438056946
937,1.1712500054272823e-05,0.5450523495674133,46.47572708129883,36.83280944824219,72.21847534179688,57.234375,6.9643425941467285,0.0132293701171875,7.29443359375,0.9903116226196289
938,1.172500014945399e-05,0.5789045095443726,0.9584623575210571,0.7595977783203125,72.22586822509766,57.240234375,7.076961994171143,0.010181427001953125,7.0155029296875,0.9903135299682617
939,1.1737500244635157e-05,0.9106878638267517,61.73786544799805,48.928314208984375,72.22586822509766,57.240234375,7.393658638000488,0.008740901947021484,7.6025390625,0.9903135895729065
940,1.1750000339816324e-05,0.4232730269432068,21.011552810668945,16.652015686035156,72.22586822509766,57.240234375,5.124507904052734,0.009644269943237305,6.9765625,0.9903137683868408
941,1.1762500434997492e-05,0.4630393981933594,38.04143524169922,30.148487091064453,72.22586822509766,57.240234375,7.152013778686523,0.010892391204833984,7.2413330078125,0.990314245223999
942,1.1774999620683957e-05,0.7647050023078918,21.613422393798828,17.129005432128906,72.22586822509766,57.240234375,6.527018070220947,0.011197686195373535,7.424560546875,0.9903144240379333
943,1.1787499715865124e-05,0.28312575817108154,9.683368682861328,7.674234867095947,72.22586822509766,57.240234375,5.868971347808838,0.012604236602783203,7.07275390625,0.9903144240379333
944,1.1799999811046291e-05,0.6010823845863342,0.9717731475830078,0.7701468467712402,72.22586822509766,57.240234375,6.373156547546387,0.012053608894348145,6.894287109375,0.9903145432472229
945,1.1812499906227458e-05,0.7491845488548279,24.754169464111328,19.618101119995117,72.22586822509766,57.240234375,7.8805365562438965,0.014632821083068848,6.9080810546875,0.9903146624565125
946,1.1825000001408625e-05,0.2147577404975891,39.25925064086914,31.113628387451172,72.22586822509766,57.240234375,5.343623161315918,0.01136922836303711,7.475830078125,0.9903147220611572
947,1.1837500096589793e-05,0.6171502470970154,47.84025192260742,37.914215087890625,72.22586822509766,57.240234375,7.55457878112793,0.01127082109451294,7.4208984375,0.9903151988983154
948,1.185000019177096e-05,0.5471954941749573,4.44042444229126,3.5191121101379395,72.22586822509766,57.240234375,6.467825889587402,0.01590907573699951,6.384033203125,0.9903153777122498
949,1.1862500286952127e-05,0.34121957421302795,32.31075668334961,25.606826782226562,72.22586822509766,57.240234375,5.48188591003418,0.011228680610656738,7.3565673828125,0.9903154373168945
950,1.1875000382133294e-05,0.8235138654708862,51.78129577636719,41.03756332397461,72.22586822509766,57.240234375,6.716700077056885,0.014986515045166016,7.3936767578125,0.9903174042701721
951,1.188749956781976e-05,0.465982586145401,21.13532066345215,16.750102996826172,72.22586822509766,57.240234375,5.80652379989624,0.011163830757141113,7.40087890625,0.9903175234794617
952,1.1899999663000926e-05,0.35820701718330383,3.937209129333496,3.1203055381774902,72.22586822509766,57.240234375,6.625969409942627,0.013583064079284668,7.2236328125,0.9903180599212646
953,1.1912499758182094e-05,0.6571572422981262,4.109164237976074,3.256582736968994,72.22586822509766,57.240234375,6.197883605957031,0.01305532455444336,7.22119140625,0.9903180599212646
954,1.192499985336326e-05,0.41729050874710083,33.12554931640625,26.2525634765625,72.22586822509766,57.240234375,6.454854488372803,0.011371970176696777,6.940673828125,0.990318238735199
955,1.1937499948544428e-05,0.3215971291065216,38.18621063232422,30.26322364807129,72.22586822509766,57.240234375,6.645186901092529,0.014912962913513184,7.4300537109375,0.9903183579444885
956,1.1950000043725595e-05,0.5670294761657715,39.63455581665039,31.41106414794922,72.22586822509766,57.240234375,6.6488356590271,0.01101905107498169,7.29443359375,0.9903183579444885
957,1.1962500138906762e-05,0.20524701476097107,54.37892150878906,43.09622573852539,72.22586822509766,57.240234375,6.7907562255859375,0.012735843658447266,7.08642578125,0.9903185367584229
958,1.1975000234087929e-05,0.5226626992225647,0.9406701922416687,0.7454972267150879,72.22586822509766,57.240234375,6.450360298156738,0.012955904006958008,7.1368408203125,0.990319013595581
959,1.1987500329269096e-05,0.44359204173088074,50.531375885009766,40.04697799682617,72.22586822509766,57.240234375,6.268733024597168,0.012669026851654053,6.956298828125,0.9903190732002258
960,1.2000000424450263e-05,0.42141956090927124,49.93729019165039,39.57615661621094,72.22586822509766,57.240234375,6.976729869842529,0.012396812438964844,6.94189453125,0.9903192520141602
961,1.2012499610136729e-05,0.8734285831451416,4.257798671722412,3.374378204345703,72.22586822509766,57.240234375,12.15168571472168,0.01672077178955078,7.04541015625,0.990321159362793
962,1.2024999705317896e-05,0.40816277265548706,35.818939208984375,28.38711929321289,72.22586822509766,57.240234375,6.266391754150391,0.012116491794586182,7.2900390625,0.9903212189674377
963,1.2037499800499063e-05,0.6439242362976074,49.459136962890625,39.19721221923828,72.22586822509766,57.240234375,6.090386390686035,0.011296868324279785,7.5941162109375,0.9903213977813721
964,1.204999989568023e-05,0.9401772618293762,22.48311424255371,17.818252563476562,72.22586822509766,57.240234375,6.068398952484131,0.00939798355102539,7.6104736328125,0.9903218746185303
965,1.2062499990861397e-05,0.270002156496048,54.87255859375,43.48744201660156,72.22586822509766,57.240234375,7.141176223754883,0.014681577682495117,6.8048095703125,0.9903220534324646
966,1.2075000086042564e-05,0.63614821434021,45.94589614868164,36.412906646728516,72.22586822509766,57.240234375,6.358893394470215,0.013151049613952637,6.7230224609375,0.9903220534324646
967,1.2087500181223731e-05,0.7389413118362427,59.38319396972656,47.06219482421875,72.22586822509766,57.240234375,5.379383087158203,0.011742353439331055,7.357421875,0.9903221726417542
968,1.2100000276404899e-05,0.2658326029777527,41.540470123291016,32.921531677246094,72.22586822509766,57.240234375,7.971521377563477,0.011795759201049805,6.96435546875,0.9903222918510437
969,1.2112500371586066e-05,0.38393494486808777,45.361419677734375,35.94969940185547,72.22586822509766,57.240234375,5.987467288970947,0.009776949882507324,6.8951416015625,0.9903223514556885
970,1.2124999557272531e-05,0.44433775544166565,42.00785446166992,33.29194259643555,72.22586822509766,57.240234375,5.603378772735596,0.011954784393310547,7.12646484375,0.9903228282928467
971,1.2137499652453698e-05,0.25683414936065674,4.020137786865234,3.186028003692627,72.22586822509766,57.240234375,6.764774322509766,0.015475630760192871,7.0865478515625,0.990323007106781
972,1.2149999747634865e-05,0.24147412180900574,1.017478108406067,0.8063688278198242,72.22586822509766,57.240234375,4.777318954467773,0.010826587677001953,7.2041015625,0.9903249740600586
973,1.2162499842816032e-05,0.18575267493724823,47.15591812133789,37.37186813354492,72.22586822509766,57.240234375,5.772655963897705,0.013841629028320312,7.6185302734375,0.9903250336647034
974,1.21749999379972e-05,0.18400035798549652,41.65226745605469,33.0101318359375,72.22586822509766,57.240234375,5.640255451202393,0.01247560977935791,7.8494873046875,0.9903251528739929
975,1.2187500033178367e-05,0.21248427033424377,40.22345733642578,31.877779006958008,72.22586822509766,57.240234375,6.294118404388428,0.017795324325561523,7.293701171875,0.9903256893157959
976,1.2200000128359534e-05,0.19405530393123627,56.65670394897461,44.901405334472656,72.22586822509766,57.240234375,6.547255992889404,0.014038562774658203,7.30419921875,0.9903257489204407
977,1.2212500223540701e-05,0.1964881867170334,45.21316146850586,35.83220291137695,72.22586822509766,57.240234375,5.116561412811279,0.01417088508605957,7.0926513671875,0.9903258681297302
978,1.2225000318721868e-05,0.16700433194637299,50.66933059692383,40.15631103515625,72.22586822509766,57.240234375,6.818019390106201,0.014652729034423828,6.8505859375,0.9903259873390198
979,1.2237500413903035e-05,0.17703114449977875,42.7104377746582,33.848751068115234,72.22586822509766,57.240234375,6.332245826721191,0.011368095874786377,7.3282470703125,0.9903259873390198
980,1.22499995995895e-05,0.17856702208518982,56.69599914550781,44.93254852294922,72.22586822509766,57.240234375,6.501007080078125,0.01302039623260498,7.045166015625,0.9903261661529541
981,1.2262499694770668e-05,0.1642424315214157,40.893959045410156,32.40916061401367,72.22586822509766,57.240234375,5.892935276031494,0.009100794792175293,7.4713134765625,0.9903266429901123
982,1.2274999789951835e-05,0.16208039224147797,4.290577411651611,3.400355815887451,72.22586822509766,57.240234375,5.594858646392822,0.013932228088378906,6.9554443359375,0.9903268218040466
983,1.2287499885133002e-05,0.17588461935520172,43.02422332763672,34.097434997558594,72.22586822509766,57.240234375,6.646234035491943,0.01184535026550293,7.521484375,0.9903268814086914
984,1.2299999980314169e-05,0.16345521807670593,39.3018684387207,31.147403717041016,72.22586822509766,57.240234375,6.329005241394043,0.012848138809204102,7.1995849609375,0.9903287887573242
985,1.2312500075495336e-05,0.19961106777191162,52.18840789794922,41.360206604003906,72.22586822509766,57.240234375,8.484366416931152,0.010735273361206055,7.1448974609375,0.990328848361969
986,1.2325000170676503e-05,0.21539513766765594,38.19756317138672,30.2722225189209,72.22586822509766,57.240234375,6.470008850097656,0.013614177703857422,7.3770751953125,0.9903290271759033
987,1.233750026585767e-05,0.19332851469516754,58.85511016845703,46.643680572509766,72.22586822509766,57.240234375,7.410236835479736,0.012181401252746582,7.4180908203125,0.9903295040130615
988,1.2350000361038838e-05,0.24617654085159302,33.23320770263672,26.3378849029541,72.22586822509766,57.240234375,7.240389347076416,0.011879801750183105,7.290283203125,0.9903296828269958
989,1.2362499546725303e-05,0.18317490816116333,1.0077437162399292,0.7986540794372559,72.22586822509766,57.240234375,5.9203572273254395,0.011819601058959961,6.4971923828125,0.9903296828269958
990,1.237499964190647e-05,0.24615488946437836,42.41825485229492,33.617191314697266,72.22586822509766,57.240234375,5.586838722229004,0.013879776000976562,7.2021484375,0.9903298020362854
991,1.2387499737087637e-05,0.22660718858242035,41.83168029785156,33.152320861816406,72.22586822509766,57.240234375,6.837503433227539,0.013219118118286133,7.1944580078125,0.990329921245575
992,1.2399999832268804e-05,0.176899716258049,49.94246292114258,39.58025360107422,72.22586822509766,57.240234375,5.945809364318848,0.012551307678222656,7.08837890625,0.9903299808502197
993,1.2412499927449971e-05,0.22046904265880585,50.35205841064453,39.90486526489258,72.22586822509766,57.240234375,6.449216842651367,0.007946252822875977,7.4935302734375,0.9903305172920227
994,1.2425000022631139e-05,0.19281896948814392,46.033851623535156,36.48261260986328,72.22586822509766,57.240234375,6.651892185211182,0.011194109916687012,7.27392578125,0.9903306365013123
995,1.2437500117812306e-05,0.1790316253900528,4.018460273742676,3.1846985816955566,72.22586822509766,57.240234375,6.61832332611084,0.01022714376449585,7.5013427734375,0.9903326034545898
996,1.2450000212993473e-05,0.25594982504844666,48.30207824707031,38.28022003173828,72.22586822509766,57.240234375,6.429176330566406,0.016240715980529785,7.0772705078125,0.9903326630592346
997,1.246250030817464e-05,0.20789404213428497,0.9454336762428284,0.749272346496582,72.22586822509766,57.240234375,6.276026248931885,0.011190414428710938,7.2889404296875,0.9903327822685242
998,1.2475000403355807e-05,0.19986607134342194,50.03350830078125,39.652408599853516,72.22586822509766,57.240234375,6.525054931640625,0.011230230331420898,7.0406494140625,0.9903333187103271
999,1.2487499589042272e-05,0.17609022557735443,46.75873565673828,37.05709457397461,72.22586822509766,57.240234375,7.341026306152344,0.009505391120910645,7.5284423828125,0.9903333783149719
1000,1.249999968422344e-05,0.17868247628211975,51.09632110595703,40.49470901489258,72.22586822509766,57.240234375,7.161230087280273,0.011304736137390137,6.9715576171875,0.9903334975242615
1001,1.2512499779404607e-05,0.15866775810718536,44.83919143676758,35.53582763671875,72.22586822509766,57.240234375,7.063107967376709,0.012464404106140137,7.1297607421875,0.990333616733551
1002,1.2524999874585774e-05,0.15963463485240936,3.6350772380828857,2.8808608055114746,72.22586822509766,57.240234375,5.8552656173706055,0.010782480239868164,7.422119140625,0.990333616733551
1003,1.2537499969766941e-05,0.1911180168390274,39.96186065673828,31.67045783996582,72.22586822509766,57.240234375,5.920964241027832,0.012354254722595215,7.0777587890625,0.9903337955474854
1004,1.2550000064948108e-05,0.2659841477870941,10.213297843933105,8.094213485717773,72.22586822509766,57.240234375,6.893265724182129,0.011689424514770508,7.016357421875,0.9903342723846436
1005,1.2562500160129275e-05,0.309888631105423,49.80043029785156,39.46769332885742,72.22586822509766,57.240234375,7.816346645355225,0.010490894317626953,6.8416748046875,0.9903344511985779
1006,1.2575000255310442e-05,0.2062012404203415,47.04095458984375,37.28076171875,72.22586822509766,57.240234375,6.1354289054870605,0.012808561325073242,7.398681640625,0.9903345108032227
1007,1.258750035049161e-05,0.2673929035663605,9.510113716125488,7.536927700042725,72.22586822509766,57.240234375,6.5548176765441895,0.012428760528564453,7.3458251953125,0.9903364181518555
1008,1.2600000445672777e-05,0.26742637157440186,11.13178539276123,8.82213020324707,72.22586822509766,57.240234375,6.750494003295898,0.012152910232543945,6.41748046875,0.9903365969657898
1009,1.2612499631359242e-05,0.21667270362377167,35.6168212890625,28.226940155029297,72.22586822509766,57.240234375,7.3829803466796875,0.009269952774047852,7.3023681640625,0.9903366565704346
1010,1.2624999726540409e-05,0.4373112916946411,57.335384368896484,45.43927001953125,72.22586822509766,57.240234375,5.701388359069824,0.010118484497070312,7.34521484375,0.9903371334075928
1011,1.2637499821721576e-05,0.39063921570777893,51.30881881713867,40.663116455078125,72.22586822509766,57.240234375,7.9903483390808105,0.010623395442962646,7.4173583984375,0.9903373122215271
1012,1.2649999916902743e-05,0.2404104769229889,61.740840911865234,48.93067169189453,72.22586822509766,57.240234375,5.990826606750488,0.012287378311157227,7.3040771484375,0.9903373122215271
1013,1.266250001208391e-05,0.18744835257530212,3.833531141281128,3.0381388664245605,72.22586822509766,57.240234375,6.160994052886963,0.01113593578338623,7.25048828125,0.9903374314308167
1014,1.2675000107265078e-05,0.19577105343341827,45.59221267700195,36.132606506347656,72.22586822509766,57.240234375,6.663428783416748,0.011172890663146973,6.8936767578125,0.990337610244751
1015,1.2687500202446245e-05,0.16967134177684784,52.38652801513672,41.51721954345703,72.22586822509766,57.240234375,8.941812515258789,0.012484431266784668,7.3377685546875,0.990337610244751
1016,1.2700000297627412e-05,0.27773934602737427,35.807640075683594,28.3781681060791,72.22586822509766,57.240234375,7.155369281768799,0.012310147285461426,7.1605224609375,0.990338146686554
1017,1.2712500392808579e-05,0.4289739727973938,49.906917572021484,39.552085876464844,72.22586822509766,57.240234375,5.659717082977295,0.012360334396362305,7.005859375,0.9903382658958435
1018,1.2724999578495044e-05,0.2919710576534271,29.8673038482666,23.67034912109375,72.22586822509766,57.240234375,6.303154945373535,0.013673543930053711,7.2176513671875,0.9903402328491211
1019,1.2737499673676211e-05,0.29464074969291687,0.9849829077720642,0.7806158065795898,72.22586822509766,57.240234375,5.755284309387207,0.011395931243896484,6.940185546875,0.9903402924537659
1020,1.2749999768857379e-05,0.388552725315094,24.854446411132812,19.697574615478516,72.22586822509766,57.240234375,5.2671895027160645,0.01159656047821045,6.8687744140625,0.9903404712677002
1021,1.2762499864038546e-05,0.20105108618736267,38.87428283691406,30.80853271484375,72.22586822509766,57.240234375,12.064391136169434,0.010973989963531494,7.026611328125,0.9903409481048584
1022,1.2774999959219713e-05,0.27364081144332886,47.20005416870117,37.4068489074707,72.22586822509766,57.240234375,7.778019428253174,0.009617805480957031,7.2772216796875,0.9903410077095032
1023,1.278750005440088e-05,0.24843332171440125,50.89152526855469,40.33240509033203,72.22586822509766,57.240234375,6.951360702514648,0.008643746376037598,7.521728515625,0.9903411269187927
1024,1.2800000149582047e-05,0.1789509356021881,55.89583206176758,44.29840087890625,72.22586822509766,57.240234375,6.076009750366211,0.007747292518615723,7.5723876953125,0.9903412461280823
1025,1.2812500244763214e-05,0.24889102578163147,50.77128982543945,40.23711395263672,72.22586822509766,57.240234375,7.332292079925537,0.014472782611846924,6.6844482421875,0.9903412461280823
1026,1.2825000339944381e-05,0.3118561804294586,10.831839561462402,8.584418296813965,72.22586822509766,57.240234375,5.313206672668457,0.014013290405273438,6.6170654296875,0.9903414249420166
1027,1.2837500435125548e-05,0.17502281069755554,31.415719985961914,24.89749526977539,72.22586822509766,57.240234375,5.329123497009277,0.011617898941040039,7.380615234375,0.9903419017791748
1028,1.2849999620812014e-05,0.4759775698184967,11.448384284973145,9.073040008544922,72.22586822509766,57.240234375,5.002338886260986,0.01926589012145996,6.8499755859375,0.9903420805931091
1029,1.2862499715993181e-05,0.4460183382034302,0.9251193404197693,0.7331728935241699,72.22586822509766,57.240234375,7.158844470977783,0.014301300048828125,6.887451171875,0.9903421401977539
1030,1.2874999811174348e-05,0.24063679575920105,54.232391357421875,42.980098724365234,72.22586822509766,57.240234375,5.324542999267578,0.013649463653564453,7.0584716796875,0.9903440475463867
1031,1.2887499906355515e-05,0.27938446402549744,43.53089904785156,34.49898147583008,72.22586822509766,57.240234375,5.59458589553833,0.01256263256072998,7.0252685546875,0.990344226360321
1032,1.2900000001536682e-05,0.479850172996521,48.70557403564453,38.599998474121094,72.22586822509766,57.240234375,8.20113754272461,0.011965036392211914,7.2198486328125,0.9903442859649658
1033,1.291250009671785e-05,0.5054543018341064,54.650054931640625,43.31110382080078,72.22586822509766,57.240234375,6.765947341918945,0.012143373489379883,7.6539306640625,0.990344762802124
1034,1.2925000191899016e-05,0.31696516275405884,4.223562240600586,3.347245216369629,72.22586822509766,57.240234375,4.8415207862854,0.010203003883361816,7.8580322265625,0.9903449416160583
1035,1.2937500287080184e-05,0.21149682998657227,47.810768127441406,37.89085006713867,72.22586822509766,57.240234375,7.994186878204346,0.011345863342285156,7.2967529296875,0.9903450012207031
1036,1.295000038226135e-05,0.38663041591644287,57.00663375854492,45.178733825683594,72.22586822509766,57.240234375,7.558721542358398,0.011828064918518066,7.25927734375,0.9903450608253479
1037,1.2962499567947816e-05,0.3036666810512543,36.4559440612793,28.89196014404297,72.22586822509766,57.240234375,6.689254283905029,0.011773824691772461,6.94287109375,0.9903452396392822
1038,1.2974999663128983e-05,0.18638697266578674,38.51272964477539,30.521995544433594,72.22586822509766,57.240234375,6.42404842376709,0.008763313293457031,6.7288818359375,0.9903457164764404
1039,1.298749975831015e-05,0.4083244800567627,52.945072174072266,41.95987319946289,72.22586822509766,57.240234375,6.229036808013916,0.012299418449401855,7.3489990234375,0.9903457760810852
1040,1.2999999853491317e-05,0.4474744498729706,43.41743469238281,34.409061431884766,72.22586822509766,57.240234375,5.219182968139648,0.009081602096557617,7.0042724609375,0.9903459548950195
1041,1.3012499948672485e-05,0.21788915991783142,43.788692474365234,34.70328903198242,72.22586822509766,57.240234375,7.559159755706787,0.011769652366638184,7.4168701171875,0.9903478622436523
1042,1.3025000043853652e-05,0.3550029993057251,36.05170822143555,28.57159423828125,72.22586822509766,57.240234375,7.34895658493042,0.010263681411743164,6.9027099609375,0.9903479218482971
1043,1.3037500139034819e-05,0.4450244605541229,37.46372985839844,29.69064712524414,72.22586822509766,57.240234375,6.07694673538208,0.010709643363952637,7.4647216796875,0.9903481006622314
1044,1.3050000234215986e-05,0.24774432182312012,43.9017448425293,34.79288101196289,72.22586822509766,57.240234375,5.729086399078369,0.009204506874084473,7.157470703125,0.9903485774993896
1045,1.3062500329397153e-05,0.19195859134197235,47.42814254760742,37.587615966796875,72.22586822509766,57.240234375,6.615265846252441,0.012774825096130371,7.1512451171875,0.990348756313324
1046,1.307500042457832e-05,0.22606371343135834,46.210105895996094,36.62229919433594,72.22586822509766,57.240234375,6.573978424072266,0.01114046573638916,7.346923828125,0.990348756313324
1047,1.3087499610264786e-05,0.16978469491004944,33.20150375366211,26.312759399414062,72.22586822509766,57.240234375,6.323439598083496,0.00966113805770874,7.41015625,0.9903488755226135
1048,1.3099999705445953e-05,0.24226504564285278,47.52104568481445,37.66123962402344,72.22586822509766,57.240234375,5.968425273895264,0.009938240051269531,7.275634765625,0.9903489947319031
1049,1.311249980062712e-05,0.2838285565376282,56.90956115722656,45.10179901123047,72.22586822509766,57.240234375,7.5539231300354,0.013236284255981445,6.567138671875,0.9903490543365479
1050,1.3124999895808287e-05,0.27260541915893555,54.663516998291016,43.321773529052734,72.22586822509766,57.240234375,5.300809860229492,0.011827707290649414,7.171875,0.990349531173706
1051,1.3137499990989454e-05,0.15942354500293732,59.58095169067383,47.21892166137695,72.22586822509766,57.240234375,6.277149677276611,0.010469973087310791,7.145751953125,0.9903497099876404
1052,1.3150000086170621e-05,0.2561245262622833,10.92525863647461,8.658454895019531,72.22586822509766,57.240234375,6.147526264190674,0.012093544006347656,6.9686279296875,0.9903497695922852
1053,1.3162500181351788e-05,0.1857365518808365,48.03651809692383,38.06976318359375,72.22586822509766,57.240234375,6.21711540222168,0.009344696998596191,7.4639892578125,0.9903517365455627
1054,1.3175000276532955e-05,0.17491848766803741,44.77424240112305,35.484352111816406,72.22586822509766,57.240234375,5.472402572631836,0.013055205345153809,7.2574462890625,0.9903518557548523
1055,1.3187500371714123e-05,0.16702131927013397,19.669530868530273,15.58843994140625,72.22586822509766,57.240234375,5.526893138885498,0.009214401245117188,7.598876953125,0.9903523921966553
1056,1.3199999557400588e-05,0.2544941306114197,9.885135650634766,7.834138870239258,72.22586822509766,57.240234375,5.726942539215088,0.012717664241790771,7.087646484375,0.9903523921966553
1057,1.3212499652581755e-05,0.47696444392204285,56.30366516113281,44.62161636352539,72.22586822509766,57.240234375,8.248666763305664,0.011285901069641113,7.311279296875,0.9903525710105896
1058,1.3224999747762922e-05,0.43463370203971863,4.159182548522949,3.2962231636047363,72.22586822509766,57.240234375,6.578677654266357,0.00884389877319336,7.0323486328125,0.9903526902198792
1059,1.323749984294409e-05,0.166105255484581,48.08296585083008,38.106571197509766,72.22586822509766,57.240234375,6.042872905731201,0.010240316390991211,7.4425048828125,0.9903526902198792
1060,1.3249999938125256e-05,0.2967450022697449,46.15446090698242,36.57820129394531,72.22586822509766,57.240234375,5.999401092529297,0.007891297340393066,6.9500732421875,0.9903528690338135
1061,1.3262500033306424e-05,0.30887576937675476,1.004646897315979,0.7961997985839844,72.22586822509766,57.240234375,7.018555641174316,0.01007997989654541,7.1246337890625,0.9903533458709717
1062,1.327500012848759e-05,0.1777517944574356,4.4880523681640625,3.5568580627441406,72.22586822509766,57.240234375,7.798928260803223,0.00820016860961914,7.48974609375,0.9903534054756165
1063,1.3287500223668758e-05,0.22727569937705994,48.596954345703125,38.513916015625,72.22586822509766,57.240234375,5.2078166007995605,0.00915229320526123,7.01416015625,0.9903535842895508
1064,1.3300000318849925e-05,0.22460652887821198,47.46950149536133,37.620391845703125,72.22586822509766,57.240234375,7.687942981719971,0.010297119617462158,7.065185546875,0.9903554916381836
1065,1.3312500414031092e-05,0.18536333739757538,45.698875427246094,36.217140197753906,72.22586822509766,57.240234375,6.766266345977783,0.013594269752502441,6.8001708984375,0.9903555512428284
1066,1.3324999599717557e-05,0.18982216715812683,50.60087585449219,40.10205841064453,72.22586822509766,57.240234375,7.469784259796143,0.011874794960021973,7.302001953125,0.9903557300567627
1067,1.3337499694898725e-05,0.22143621742725372,41.238216400146484,32.68199157714844,72.22586822509766,57.240234375,8.076569557189941,0.010474443435668945,7.3497314453125,0.9903562068939209
1068,1.3349999790079892e-05,0.24769440293312073,24.85730743408203,19.699840545654297,72.22586822509766,57.240234375,6.9191203117370605,0.011927604675292969,6.4034423828125,0.9903563857078552
1069,1.3362499885261059e-05,0.26214295625686646,44.24131774902344,35.0620002746582,72.22586822509766,57.240234375,8.152487754821777,0.009961724281311035,7.2852783203125,0.9903563857078552
1070,1.3374999980442226e-05,0.18668705224990845,23.847623825073242,18.89965057373047,72.22586822509766,57.240234375,5.864226818084717,0.010062932968139648,7.2955322265625,0.9903565049171448
1071,1.3387500075623393e-05,0.2259964942932129,55.01668167114258,43.601661682128906,72.22586822509766,57.240234375,7.00647497177124,0.012614965438842773,7.4237060546875,0.9903566241264343
1072,1.340000017080456e-05,0.3805660605430603,53.05289077758789,42.04532241821289,72.22586822509766,57.240234375,6.418245315551758,0.013527512550354004,7.265380859375,0.9903566837310791
1073,1.3412500265985727e-05,0.3265308439731598,48.353721618652344,38.32115173339844,72.22586822509766,57.240234375,7.606828212738037,0.012344598770141602,7.2503662109375,0.9903571605682373
1074,1.3425000361166894e-05,0.183282271027565,22.803218841552734,18.071941375732422,72.22586822509766,57.240234375,6.704102516174316,0.01132500171661377,6.889892578125,0.9903573393821716
1075,1.343749954685336e-05,0.4545057713985443,1.0152796506881714,0.80462646484375,72.22586822509766,57.240234375,5.10099983215332,0.009180903434753418,7.3197021484375,0.9903573989868164
1076,1.3449999642034527e-05,0.3128390908241272,24.586692810058594,19.485374450683594,72.22586822509766,57.240234375,7.32565450668335,0.009100615978240967,7.0218505859375,0.990359365940094
1077,1.3462499737215694e-05,0.32460349798202515,43.554019927978516,34.51730728149414,72.22586822509766,57.240234375,7.864099979400635,0.010273218154907227,6.86083984375,0.9903594851493835
1078,1.3474999832396861e-05,0.7134500741958618,39.710689544677734,31.471399307250977,72.22586822509766,57.240234375,9.008193969726562,0.00940406322479248,7.1295166015625,0.9903600215911865
1079,1.3487499927578028e-05,0.5074464082717896,4.241359233856201,3.361349582672119,72.22586822509766,57.240234375,5.466540336608887,0.010808765888214111,6.911865234375,0.9903600811958313
1080,1.3500000022759195e-05,0.24390996992588043,63.98683547973633,50.71065902709961,72.22586822509766,57.240234375,7.284664154052734,0.013143718242645264,6.913818359375,0.9903602004051208
1081,1.3512500117940363e-05,0.6762461066246033,33.291786193847656,26.384309768676758,72.22586822509766,57.240234375,13.171635627746582,0.009909629821777344,6.97705078125,0.9903603196144104
1082,1.352500021312153e-05,0.6838154196739197,51.960533142089844,41.17961120605469,72.22586822509766,57.240234375,6.08484411239624,0.014547228813171387,7.1810302734375,0.9903603196144104
1083,1.3537500308302697e-05,0.18449923396110535,48.78435516357422,38.662437438964844,72.22586822509766,57.240234375,5.23123025894165,0.009138226509094238,7.5133056640625,0.9903604984283447
1084,1.3550000403483864e-05,0.5531842112541199,36.06892013549805,28.585235595703125,72.22586822509766,57.240234375,6.602121829986572,0.006962895393371582,7.595703125,0.9903609752655029
1085,1.356249958917033e-05,0.5576564073562622,11.087468147277832,8.787008285522461,72.22586822509766,57.240234375,5.832629203796387,0.014464020729064941,6.60986328125,0.9903611540794373
1086,1.3574999684351496e-05,0.17763139307498932,33.752384185791016,26.74934196472168,72.22586822509766,57.240234375,5.900164604187012,0.010021805763244629,6.5928955078125,0.990361213684082
1087,1.3587499779532664e-05,0.5513275861740112,51.57475662231445,40.87387466430664,72.22586822509766,57.240234375,7.194000720977783,0.01041114330291748,7.327392578125,0.9903631210327148
1088,1.359999987471383e-05,0.466513067483902,45.63917541503906,36.16982650756836,72.22586822509766,57.240234375,5.770028591156006,0.012377738952636719,6.88916015625,0.9903631806373596
1089,1.3612499969894998e-05,0.21957281231880188,0.9515798091888428,0.754143238067627,72.22586822509766,57.240234375,6.238495826721191,0.011921882629394531,6.9755859375,0.990363359451294
1090,1.3625000065076165e-05,0.520510196685791,41.22880935668945,32.67453384399414,72.22586822509766,57.240234375,7.015890598297119,0.01192784309387207,7.048583984375,0.9903638362884521
1091,1.3637500160257332e-05,0.35318368673324585,39.253692626953125,31.109222412109375,72.22586822509766,57.240234375,5.626235485076904,0.010071516036987305,7.0184326171875,0.9903640151023865
1092,1.3650000255438499e-05,0.31347277760505676,3.907327651977539,3.0966238975524902,72.22586822509766,57.240234375,6.055087089538574,0.009226679801940918,7.2030029296875,0.9903640151023865
1093,1.3662500350619666e-05,0.7033947706222534,47.4700813293457,37.620849609375,72.22586822509766,57.240234375,7.904460906982422,0.01336061954498291,7.533935546875,0.990364134311676
1094,1.3675000445800833e-05,0.6164395213127136,48.2917594909668,38.27204513549805,72.22586822509766,57.240234375,7.148234844207764,0.008645951747894287,7.893310546875,0.9903642535209656
1095,1.3687499631487299e-05,0.22538535296916962,21.298734664916992,16.879610061645508,72.22586822509766,57.240234375,7.986582279205322,0.01011037826538086,7.2520751953125,0.9903643131256104
1096,1.3699999726668466e-05,0.3263421058654785,1.0465185642242432,0.8293838500976562,72.22586822509766,57.240234375,5.831956386566162,0.01132345199584961,7.2469482421875,0.9903648495674133
1097,1.3712499821849633e-05,0.35098791122436523,56.65366744995117,44.89900207519531,72.22586822509766,57.240234375,6.123554229736328,0.012616753578186035,6.8275146484375,0.9903649687767029
1098,1.37249999170308e-05,0.21479514241218567,17.94392967224121,14.220870971679688,72.22586822509766,57.240234375,6.564972400665283,0.00976872444152832,6.700927734375,0.9903650283813477
1099,1.3737500012211967e-05,0.28273695707321167,39.654266357421875,31.42668342590332,72.22586822509766,57.240234375,5.582355976104736,0.01225823163986206,7.278076171875,0.9903669953346252
1100,1.3750000107393134e-05,0.40477877855300903,3.7286627292633057,2.955029010772705,72.22586822509766,57.240234375,5.680222511291504,0.010435938835144043,6.92333984375,0.9903671145439148
1101,1.3762500202574302e-05,0.27179625630378723,51.04052734375,40.45048904418945,72.22586822509766,57.240234375,6.807705879211426,0.0107269287109375,7.2274169921875,0.9903676509857178
1102,1.3775000297755469e-05,0.19389991462230682,61.439125061035156,48.69155502319336,72.22586822509766,57.240234375,9.17332649230957,0.008509635925292969,6.827880859375,0.9903677105903625
1103,1.3787500392936636e-05,0.3359571099281311,47.30867385864258,37.4929313659668,72.22586822509766,57.240234375,5.198854446411133,0.009797871112823486,7.4490966796875,0.9903678297996521
1104,1.3799999578623101e-05,0.19610971212387085,11.0835542678833,8.783905982971191,72.22586822509766,57.240234375,6.616060733795166,0.01075589656829834,7.1422119140625,0.9903679490089417
1105,1.3812499673804268e-05,0.2693978548049927,54.187320709228516,42.94437789916992,72.22586822509766,57.240234375,6.3899688720703125,0.009447693824768066,7.1259765625,0.9903679490089417
1106,1.3824999768985435e-05,0.33575746417045593,47.77416229248047,37.861839294433594,72.22586822509766,57.240234375,5.479465007781982,0.009191513061523438,7.2392578125,0.990368127822876
1107,1.3837499864166602e-05,0.17114730179309845,37.56029510498047,29.76717758178711,72.22586822509766,57.240234375,5.593484878540039,0.009032011032104492,7.2777099609375,0.9903686046600342
1108,1.384999995934777e-05,0.22576674818992615,36.48704147338867,28.916603088378906,72.22586822509766,57.240234375,5.978693962097168,0.009536802768707275,7.300048828125,0.9903687834739685
1109,1.3862500054528937e-05,0.15167386829853058,23.076194763183594,18.288278579711914,72.22586822509766,57.240234375,6.144615650177002,0.010469675064086914,6.5216064453125,0.9903688430786133
1110,1.3875000149710104e-05,0.19891461730003357,42.065025329589844,33.337249755859375,72.22586822509766,57.240234375,6.487829685211182,0.011484622955322266,7.148193359375,0.9903707504272461
1111,1.3887500244891271e-05,0.193159282207489,9.717029571533203,7.700911998748779,72.22586822509766,57.240234375,5.51806116104126,0.009720802307128906,7.0025634765625,0.9903709292411804
1112,1.3900000340072438e-05,0.2323353886604309,42.89436721801758,33.99452209472656,72.22586822509766,57.240234375,6.2688446044921875,0.009932756423950195,6.8697509765625,0.9903709888458252
1113,1.3912500435253605e-05,0.2005315124988556,3.8195347785949707,3.0270466804504395,72.22586822509766,57.240234375,7.365006446838379,0.010178923606872559,7.485595703125,0.9903714656829834
1114,1.392499962094007e-05,0.1885506510734558,11.277213096618652,8.937383651733398,72.22586822509766,57.240234375,6.1179094314575195,0.011041522026062012,7.2022705078125,0.9903716444969177
1115,1.3937499716121238e-05,0.1520787477493286,49.39539337158203,39.14669418334961,72.22586822509766,57.240234375,4.834150314331055,0.008418440818786621,7.580322265625,0.9903716444969177
1116,1.3949999811302405e-05,0.23271121084690094,45.74403381347656,36.252925872802734,72.22586822509766,57.240234375,5.987268447875977,0.007621049880981445,7.119873046875,0.9903717637062073
1117,1.3962499906483572e-05,0.386983186006546,17.385725021362305,13.778484344482422,72.22586822509766,57.240234375,7.0967817306518555,0.01004326343536377,7.2640380859375,0.9903719425201416
1118,1.3975000001664739e-05,0.3317168951034546,55.767086029052734,44.19636917114258,72.22586822509766,57.240234375,7.210428237915039,0.007937312126159668,7.069580078125,0.9903719425201416
1119,1.3987500096845906e-05,0.18248547613620758,21.66979217529297,17.173681259155273,72.22586822509766,57.240234375,6.891291618347168,0.012256145477294922,7.3538818359375,0.9903724789619446
1120,1.4000000192027073e-05,0.3191174268722534,48.03388214111328,38.06767272949219,72.22586822509766,57.240234375,6.485396385192871,0.00834190845489502,6.940185546875,0.9903725981712341
1121,1.401250028720824e-05,0.42271488904953003,46.110931396484375,36.543701171875,72.22586822509766,57.240234375,5.735354900360107,0.009861946105957031,7.23681640625,0.9903745651245117
1122,1.4025000382389408e-05,0.16830457746982574,57.64048385620117,45.681068420410156,72.22586822509766,57.240234375,5.598983287811279,0.006762862205505371,7.4569091796875,0.9903746247291565
1123,1.4037499568075873e-05,0.26467812061309814,33.23927307128906,26.34269142150879,72.22586822509766,57.240234375,6.034712791442871,0.01078784465789795,7.036865234375,0.9903748035430908
1124,1.404999966325704e-05,0.3290989398956299,50.69175720214844,40.1740837097168,72.22586822509766,57.240234375,5.342781066894531,0.01166832447052002,6.9066162109375,0.990375280380249
1125,1.4062499758438207e-05,0.23825247585773468,22.520273208618164,17.847702026367188,72.22586822509766,57.240234375,5.687833786010742,0.010857045650482178,6.7745361328125,0.9903753399848938
1126,1.4074999853619374e-05,0.2027590125799179,4.257267951965332,3.373957633972168,72.22586822509766,57.240234375,6.152109146118164,0.01000523567199707,7.3076171875,0.9903754591941833
1127,1.4087499948800541e-05,0.2515101432800293,42.36897659301758,33.5781364440918,72.22586822509766,57.240234375,5.839934349060059,0.008294105529785156,7.3253173828125,0.9903755784034729
1128,1.4100000043981709e-05,0.3017843961715698,51.89493179321289,41.127620697021484,72.22586822509766,57.240234375,7.405020713806152,0.011783063411712646,6.3900146484375,0.9903755784034729
1129,1.4112500139162876e-05,0.16424492001533508,4.127833843231201,3.271378993988037,72.22586822509766,57.240234375,6.660945892333984,0.010448813438415527,7.2850341796875,0.9903757572174072
1130,1.4125000234344043e-05,0.33515599370002747,11.858551025390625,9.398104667663574,72.22586822509766,57.240234375,4.398714065551758,0.011033475399017334,7.2796630859375,0.9903762340545654
1131,1.413750032952521e-05,0.4288615584373474,4.0339035987854,3.1969375610351562,72.22586822509766,57.240234375,5.419453144073486,0.00837564468383789,7.2724609375,0.9903764128684998
1132,1.4150000424706377e-05,0.3637028634548187,40.61473083496094,32.187870025634766,72.22586822509766,57.240234375,5.379976749420166,0.009778380393981934,7.2393798828125,0.9903764724731445
1133,1.4162499610392842e-05,0.17372176051139832,60.23991775512695,47.74116516113281,72.22586822509766,57.240234375,8.141266822814941,0.009821951389312744,7.1455078125,0.9903783798217773
1134,1.417499970557401e-05,0.24169984459877014,50.5925178527832,40.095436096191406,72.22586822509766,57.240234375,6.14797306060791,0.01038980484008789,6.912109375,0.9903785586357117
1135,1.4187499800755177e-05,0.23317623138427734,45.76327133178711,36.26817321777344,72.22586822509766,57.240234375,7.2897162437438965,0.012783676385879517,7.4305419921875,0.9903786182403564
1136,1.4199999895936344e-05,0.16344979405403137,35.174522399902344,27.87641143798828,72.22586822509766,57.240234375,5.08388090133667,0.009850382804870605,7.07421875,0.9903790950775146
1137,1.4212499991117511e-05,0.21103285253047943,46.28291320800781,36.68000030517578,72.22586822509766,57.240234375,6.477493762969971,0.013955116271972656,6.826904296875,0.990379273891449
1138,1.4225000086298678e-05,0.16994202136993408,45.560829162597656,36.10773468017578,72.22586822509766,57.240234375,6.751713275909424,0.00925588607788086,7.089599609375,0.9903793334960938
1139,1.4237500181479845e-05,0.17251479625701904,10.566899299621582,8.374448776245117,72.22586822509766,57.240234375,5.730856418609619,0.012378334999084473,6.9635009765625,0.9903793931007385
1140,1.4250000276661012e-05,0.2739208936691284,57.74661636352539,45.76517868041992,72.22586822509766,57.240234375,6.446065902709961,0.00996863842010498,6.886962890625,0.9903795719146729
1141,1.426250037184218e-05,0.2953375279903412,10.215675354003906,8.096096992492676,72.22586822509766,57.240234375,12.407017707824707,0.011822342872619629,6.93505859375,0.990380048751831
1142,1.4274999557528645e-05,0.19576121866703033,21.89080238342285,17.348834991455078,72.22586822509766,57.240234375,5.866397857666016,0.010698378086090088,7.1702880859375,0.9903801083564758
1143,1.4287499652709812e-05,0.21055474877357483,43.08808898925781,34.148048400878906,72.22586822509766,57.240234375,6.005495071411133,0.010772943496704102,7.4639892578125,0.9903802871704102
1144,1.4299999747890979e-05,0.35059937834739685,55.021446228027344,43.60543441772461,72.22586822509766,57.240234375,6.943090438842773,0.009817242622375488,7.5687255859375,0.990382194519043
1145,1.4312499843072146e-05,0.36331361532211304,0.9732767343521118,0.7713384628295898,72.22586822509766,57.240234375,4.877575874328613,0.011580944061279297,6.6190185546875,0.9903822541236877
1146,1.4324999938253313e-05,0.1755206286907196,1.0547945499420166,0.8359427452087402,72.22586822509766,57.240234375,5.066235542297363,0.00906360149383545,6.5985107421875,0.9903824329376221
1147,1.433750003343448e-05,0.26008665561676025,48.97454833984375,38.813167572021484,72.22586822509766,57.240234375,6.226053237915039,0.007973551750183105,7.2708740234375,0.9903829097747803
1148,1.4350000128615648e-05,0.20400384068489075,21.582796096801758,17.104734420776367,72.22586822509766,57.240234375,5.676974296569824,0.010363101959228516,6.8958740234375,0.9903830885887146
1149,1.4362500223796815e-05,0.26021328568458557,46.989295959472656,37.23982238769531,72.22586822509766,57.240234375,5.902604103088379,0.007362484931945801,7.095947265625,0.9903830885887146
1150,1.4375000318977982e-05,0.3498993217945099,22.246076583862305,17.630395889282227,72.22586822509766,57.240234375,5.396944522857666,0.008916258811950684,7.0303955078125,0.9903832077980042
1151,1.4387500414159149e-05,0.21507634222507477,1.0026084184646606,0.7945842742919922,72.22586822509766,57.240234375,6.229661464691162,0.012677311897277832,6.9124755859375,0.9903833270072937
1152,1.4399999599845614e-05,0.22043417394161224,44.70471954345703,35.42925262451172,72.22586822509766,57.240234375,7.2176079750061035,0.007894515991210938,7.2552490234375,0.9903833866119385
1153,1.4412499695026781e-05,0.2520686089992523,56.23491287231445,44.56713104248047,72.22586822509766,57.240234375,6.518780708312988,0.010149121284484863,7.510986328125,0.9903838634490967
1154,1.4424999790207949e-05,0.2068723738193512,49.481781005859375,39.21515655517578,72.22586822509766,57.240234375,7.114914417266846,0.008377671241760254,7.7762451171875,0.990384042263031
1155,1.4437499885389116e-05,0.4903222322463989,10.879834175109863,8.622454643249512,72.22586822509766,57.240234375,6.483622074127197,0.010901689529418945,7.267822265625,0.9903841018676758
1156,1.4449999980570283e-05,0.32269322872161865,40.56853485107422,32.1512565612793,72.22586822509766,57.240234375,5.960303783416748,0.006372928619384766,7.3348388671875,0.9903860688209534
1157,1.446250007575145e-05,0.2233392894268036,35.48773193359375,28.1246337890625,72.22586822509766,57.240234375,7.324358940124512,0.009906172752380371,6.781494140625,0.9903861880302429
1158,1.4475000170932617e-05,0.3394031524658203,52.75924301147461,41.812599182128906,72.22586822509766,57.240234375,7.197537899017334,0.0134812593460083,6.5904541015625,0.9903867244720459
1159,1.4487500266113784e-05,0.15976332128047943,1.0631579160690308,0.8425707817077637,72.22586822509766,57.240234375,6.2848405838012695,0.010648250579833984,7.2275390625,0.9903867244720459
1160,1.4500000361294951e-05,0.5052448511123657,1.02631676197052,0.8133735656738281,72.22586822509766,57.240234375,6.322564601898193,0.01069951057434082,6.8758544921875,0.9903869032859802
1161,1.4512499546981417e-05,0.6646952033042908,39.83214569091797,31.567657470703125,72.22586822509766,57.240234375,5.695616245269775,0.01095801591873169,7.2060546875,0.9903870224952698
1162,1.4524999642162584e-05,0.3552093803882599,45.452056884765625,36.02153396606445,72.22586822509766,57.240234375,5.805881500244141,0.008672475814819336,6.77197265625,0.9903870224952698
1163,1.4537499737343751e-05,0.3663862943649292,10.592002868652344,8.394343376159668,72.22586822509766,57.240234375,6.2645487785339355,0.009796977043151855,7.3919677734375,0.9903872013092041
1164,1.4549999832524918e-05,0.6340629458427429,10.330475807189941,8.187078475952148,72.22586822509766,57.240234375,6.389337062835693,0.011204838752746582,7.1153564453125,0.9903876781463623
1165,1.4562499927706085e-05,0.3043457567691803,40.681907653808594,32.24110794067383,72.22586822509766,57.240234375,6.823084354400635,0.008408784866333008,7.1302490234375,0.9903877377510071
1166,1.4575000022887252e-05,0.3105943500995636,47.543243408203125,37.6788330078125,72.22586822509766,57.240234375,6.975369453430176,0.01104968786239624,7.19580078125,0.9903879165649414
1167,1.458750011806842e-05,0.6024976372718811,48.287269592285156,38.26848602294922,72.22586822509766,57.240234375,8.078136444091797,0.007555842399597168,7.252197265625,0.9903898239135742
1168,1.4600000213249587e-05,0.4247533679008484,44.55361557006836,35.30950164794922,72.22586822509766,57.240234375,6.550515174865723,0.008997321128845215,7.3157958984375,0.990389883518219
1169,1.4612500308430754e-05,0.24423205852508545,39.690101623535156,31.45508575439453,72.22586822509766,57.240234375,6.435909748077393,0.011794567108154297,6.537109375,0.9903900623321533
1170,1.462500040361192e-05,0.6667110323905945,53.945228576660156,42.75251770019531,72.22586822509766,57.240234375,5.66868782043457,0.01172792911529541,7.1102294921875,0.9903905391693115
1171,1.4637499589298386e-05,0.5626668334007263,0.9163306951522827,0.7262077331542969,72.2455825805664,57.255859375,5.927250385284424,0.009202301502227783,6.9957275390625,0.9903907179832458
1172,1.4649999684479553e-05,0.1935269981622696,52.417510986328125,41.54177474975586,72.2455825805664,57.255859375,6.265793323516846,0.011247873306274414,6.83642578125,0.9903907179832458
1173,1.466249977966072e-05,0.8077825903892517,43.78782653808594,34.70260238647461,72.2455825805664,57.255859375,8.513463020324707,0.011898398399353027,7.5174560546875,0.9903908371925354
1174,1.4674999874841888e-05,0.9312991499900818,38.66815185546875,30.645172119140625,72.2455825805664,57.255859375,6.9017653465271,0.008942782878875732,7.2498779296875,0.990390956401825
1175,1.4687499970023055e-05,0.3875679075717926,57.16028594970703,45.300506591796875,72.2455825805664,57.255859375,6.91557502746582,0.007689476013183594,7.5511474609375,0.9903910160064697
1176,1.4700000065204222e-05,0.5470448136329651,48.550968170166016,38.47747039794922,72.2455825805664,57.255859375,6.671409606933594,0.008451223373413086,7.0467529296875,0.9903915524482727
1177,1.4712500160385389e-05,0.9794447422027588,57.72361373901367,45.7469482421875,72.2455825805664,57.255859375,6.447343826293945,0.009321808815002441,7.215576171875,0.9903916716575623
1178,1.4725000255566556e-05,0.6075668334960938,10.435564994812012,8.270363807678223,72.2455825805664,57.255859375,4.919386386871338,0.01075655221939087,7.05615234375,0.9903936386108398
1179,1.4737500350747723e-05,0.29783621430397034,24.286453247070312,19.24742889404297,72.2455825805664,57.255859375,5.13571310043335,0.007554531097412109,7.27880859375,0.9903936982154846
1180,1.475000044592889e-05,0.8300042748451233,45.70209503173828,36.219688415527344,72.2455825805664,57.255859375,7.173796653747559,0.0115278959274292,6.915771484375,0.9903938174247742
1181,1.4762499631615356e-05,0.692973792552948,55.39993667602539,43.905399322509766,72.2455825805664,57.255859375,6.90950870513916,0.007910728454589844,7.2393798828125,0.9903943538665771
1182,1.4774999726796523e-05,0.16636502742767334,48.49622344970703,38.434085845947266,72.2455825805664,57.255859375,7.892872333526611,0.008365094661712646,7.43017578125,0.9903944134712219
1183,1.478749982197769e-05,0.5124031901359558,54.628047943115234,43.293663024902344,72.2455825805664,57.255859375,7.532289981842041,0.007822394371032715,6.9984130859375,0.9903945326805115
1184,1.4799999917158857e-05,0.5452861785888672,41.48794174194336,32.87990188598633,72.2455825805664,57.255859375,8.142300605773926,0.011229515075683594,6.91259765625,0.990394651889801
1185,1.4812500012340024e-05,0.1739107370376587,4.064716339111328,3.2213573455810547,72.2455825805664,57.255859375,7.749777317047119,0.011142849922180176,6.785888671875,0.990394651889801
1186,1.4825000107521191e-05,0.459759384393692,36.51878356933594,28.941761016845703,72.2455825805664,57.255859375,6.072554111480713,0.006520748138427734,7.2847900390625,0.9903948307037354
1187,1.4837500202702358e-05,0.5380935668945312,41.824588775634766,33.14670181274414,72.2455825805664,57.255859375,6.273747444152832,0.007780313491821289,7.2515869140625,0.9903953075408936
1188,1.4850000297883525e-05,0.22327227890491486,0.9407767057418823,0.7455816268920898,72.2455825805664,57.255859375,5.98020076751709,0.012309551239013672,6.3541259765625,0.9903954863548279
1189,1.4862500393064693e-05,0.3230302035808563,59.59859848022461,47.232906341552734,72.2455825805664,57.255859375,6.606780529022217,0.006832480430603027,7.3427734375,0.9903955459594727
1190,1.4874999578751158e-05,0.40833383798599243,45.767452239990234,36.271488189697266,72.2455825805664,57.255859375,6.631292819976807,0.007794737815856934,7.3125,0.9903974533081055
1191,1.4887499673932325e-05,0.19364750385284424,4.138031959533691,3.279460906982422,72.2455825805664,57.255859375,6.377720832824707,0.008382678031921387,7.2850341796875,0.9903975129127502
1192,1.4899999769113492e-05,0.2998511791229248,4.55233097076416,3.607800006866455,72.2455825805664,57.255859375,6.18625020980835,0.008122026920318604,7.105712890625,0.9903976917266846
1193,1.491249986429466e-05,0.35486897826194763,45.457950592041016,36.02619934082031,72.2455825805664,57.255859375,6.250508785247803,0.008952498435974121,7.1751708984375,0.9903981685638428
1194,1.4924999959475826e-05,0.1602236032485962,56.50629806518555,44.78220748901367,72.2455825805664,57.255859375,9.607146263122559,0.0075629353523254395,6.89306640625,0.9903983473777771
1195,1.4937500054656994e-05,0.2974761724472046,43.2951774597168,34.31216812133789,72.2455825805664,57.255859375,6.853281497955322,0.006888151168823242,7.4171142578125,0.9903983473777771
1196,1.495000014983816e-05,0.24895930290222168,57.00395584106445,45.17660903930664,72.2455825805664,57.255859375,6.22092866897583,0.009654641151428223,7.0509033203125,0.9903984665870667
1197,1.4962500245019328e-05,0.16361647844314575,0.9507428407669067,0.7534799575805664,72.2455825805664,57.255859375,5.659147262573242,0.008457779884338379,6.7293701171875,0.9903985857963562
1198,1.4975000340200495e-05,0.207333043217659,50.45296859741211,39.984840393066406,72.2455825805664,57.255859375,5.344704627990723,0.011742889881134033,7.03271484375,0.990398645401001
1199,1.4987500435381662e-05,0.18729108572006226,49.24728775024414,39.02931594848633,72.2455825805664,57.255859375,6.368187427520752,0.008874773979187012,7.0272216796875,0.990399181842804
1200,1.4999999621068127e-05,0.17259737849235535,34.04018783569336,26.977428436279297,72.2455825805664,57.255859375,6.007015228271484,0.010677933692932129,6.8431396484375,0.9903993010520935
1201,1.5012499716249295e-05,0.1756262630224228,10.14635944366455,8.041163444519043,72.2455825805664,57.255859375,12.054549217224121,0.0077977776527404785,6.953125,0.9904012680053711
1202,1.5024999811430462e-05,0.1825045794248581,9.511695861816406,7.538181304931641,72.2455825805664,57.255859375,5.635964870452881,0.00830233097076416,7.04931640625,0.9904013276100159
1203,1.5037499906611629e-05,0.20721067488193512,19.72520637512207,15.632563591003418,72.2455825805664,57.255859375,4.793107032775879,0.009899616241455078,7.4029541015625,0.9904015064239502
1204,1.5050000001792796e-05,0.15478196740150452,34.57514572143555,27.40139389038086,72.2455825805664,57.255859375,6.851022720336914,0.00807267427444458,7.4840087890625,0.9904019832611084
1205,1.5062500096973963e-05,0.20335166156291962,1.0061479806900024,0.7973895072937012,72.2455825805664,57.255859375,6.18761682510376,0.009374618530273438,6.734619140625,0.9904020428657532
1206,1.507500019215513e-05,0.1839456409215927,44.446327209472656,35.2244758605957,72.2455825805664,57.255859375,6.168323516845703,0.007632136344909668,6.6925048828125,0.9904021620750427
1207,1.5087500287336297e-05,0.16953513026237488,3.981189727783203,3.155160903930664,72.2455825805664,57.255859375,7.769308090209961,0.007819592952728271,7.240478515625,0.9904022812843323
1208,1.5100000382517464e-05,0.1862620711326599,23.13021469116211,18.331090927124023,72.2455825805664,57.255859375,6.359110355377197,0.009382247924804688,6.7889404296875,0.9904022812843323
1209,1.511249956820393e-05,0.1766701191663742,38.68133544921875,30.655620574951172,72.2455825805664,57.255859375,8.039032936096191,0.007550716400146484,7.0421142578125,0.9904024600982666
1210,1.5124999663385097e-05,0.17756374180316925,39.39344024658203,31.2199764251709,72.2455825805664,57.255859375,5.326124668121338,0.008341610431671143,7.0523681640625,0.9904029369354248
1211,1.5137499758566264e-05,0.18530599772930145,47.519893646240234,37.66032791137695,72.2455825805664,57.255859375,7.86137056350708,0.008278071880340576,6.934814453125,0.9904031157493591
1212,1.5149999853747431e-05,0.17144367098808289,44.853240966796875,35.546958923339844,72.2455825805664,57.255859375,7.76707124710083,0.008334636688232422,7.2615966796875,0.9904031753540039
1213,1.5162499948928598e-05,0.1791674643754959,44.93443298339844,35.611305236816406,72.2455825805664,57.255859375,6.40827751159668,0.007798194885253906,7.5084228515625,0.9904050827026367
1214,1.5175000044109765e-05,0.1728460043668747,44.595882415771484,35.34299850463867,72.2455825805664,57.255859375,6.342005729675293,0.007745862007141113,7.743896484375,0.990405261516571
1215,1.5187500139290933e-05,0.18290568888187408,54.02130889892578,42.812808990478516,72.2455825805664,57.255859375,5.0511088371276855,0.013277053833007812,7.3021240234375,0.9904053211212158
1216,1.52000002344721e-05,0.18163630366325378,10.869324684143066,8.614126205444336,72.2455825805664,57.255859375,5.9428019523620605,0.007380843162536621,7.3023681640625,0.990405797958374
1217,1.5212500329653267e-05,0.2272174060344696,64.1872329711914,50.86948013305664,72.2455825805664,57.255859375,7.174980163574219,0.008541107177734375,6.7216796875,0.9904059767723083
1218,1.5225000424834434e-05,0.16771304607391357,22.148956298828125,17.55342674255371,72.2455825805664,57.255859375,6.089289665222168,0.008378446102142334,6.5830078125,0.9904059767723083
1219,1.52374996105209e-05,0.17741914093494415,23.898746490478516,18.940166473388672,72.2455825805664,57.255859375,6.142728328704834,0.008880257606506348,7.296875,0.9904060959815979
1220,1.5249999705702066e-05,0.33637914061546326,55.07416915893555,43.647220611572266,72.2455825805664,57.255859375,6.879724979400635,0.00874316692352295,6.9610595703125,0.9904062747955322
1221,1.5262499800883234e-05,0.27452370524406433,46.78803634643555,37.080318450927734,72.2455825805664,57.255859375,7.415706157684326,0.007973015308380127,7.2215576171875,0.9904062747955322
1222,1.52749998960644e-05,0.21068832278251648,48.458946228027344,38.404544830322266,72.2455825805664,57.255859375,7.722137451171875,0.00955808162689209,6.7496337890625,0.9904068112373352
1223,1.5287499991245568e-05,0.36923786997795105,52.43026351928711,41.5518798828125,72.2455825805664,57.255859375,5.689138412475586,0.007035017013549805,7.4136962890625,0.9904069304466248
1224,1.5300000086426735e-05,0.3722885847091675,10.233250617980957,8.110025405883789,72.2455825805664,57.255859375,6.721147537231445,0.009209752082824707,7.139892578125,0.9904088973999023
1225,1.5312500181607902e-05,0.19359244406223297,35.486602783203125,28.12373924255371,72.2455825805664,57.255859375,5.668737411499023,0.01005411148071289,7.0916748046875,0.9904089570045471
1226,1.532500027678907e-05,0.19366830587387085,9.11069107055664,7.220378398895264,72.2455825805664,57.255859375,4.976790428161621,0.00940638780593872,7.1934814453125,0.9904091358184814
1227,1.5337500371970236e-05,0.18787050247192383,48.149810791015625,38.1595458984375,72.2455825805664,57.255859375,6.485109806060791,0.006740093231201172,7.11083984375,0.9904096126556396
1228,1.5350000467151403e-05,0.16909369826316833,33.37580871582031,26.450899124145508,72.2455825805664,57.255859375,8.392403602600098,0.00837099552154541,7.2491455078125,0.9904096722602844
1229,1.536250056233257e-05,0.1696767508983612,32.503597259521484,25.759654998779297,72.2455825805664,57.255859375,5.669787883758545,0.01021355390548706,6.5306396484375,0.990409791469574
1230,1.5375000657513738e-05,0.1589108407497406,44.48487854003906,35.255027770996094,72.2455825805664,57.255859375,7.799647808074951,0.007529258728027344,7.10888671875,0.9904099106788635
1231,1.5387500752694905e-05,0.15466539561748505,10.380629539489746,8.226826667785645,72.2455825805664,57.255859375,6.148801803588867,0.009307861328125,7.0802001953125,0.9904099106788635
1232,1.5400000847876072e-05,0.15842784941196442,44.346946716308594,35.145713806152344,72.2455825805664,57.255859375,6.364645481109619,0.006692051887512207,6.693115234375,0.9904100894927979
1233,1.5412499124067836e-05,0.1638302206993103,52.61221694946289,41.696083068847656,72.2455825805664,57.255859375,6.68981409072876,0.007708191871643066,7.505615234375,0.990410566329956
1234,1.5424999219249003e-05,0.16750924289226532,0.9122272729873657,0.7229557037353516,72.2455825805664,57.255859375,6.804969310760498,0.01145780086517334,7.2686767578125,0.9904107451438904
1235,1.543749931443017e-05,0.1871730387210846,0.9259406328201294,0.7338237762451172,72.2455825805664,57.255859375,4.928399085998535,0.009207367897033691,7.494384765625,0.9904108047485352
1236,1.5449999409611337e-05,0.18614085018634796,50.726478576660156,40.201602935791016,72.2455825805664,57.255859375,6.940753936767578,0.008485019207000732,6.9207763671875,0.990412712097168
1237,1.5462499504792504e-05,0.1752912849187851,53.861595153808594,42.68623352050781,72.2455825805664,57.255859375,7.879756927490234,0.007779240608215332,7.1805419921875,0.9904128909111023
1238,1.547499959997367e-05,0.17832040786743164,47.66791534423828,37.77763748168945,72.2455825805664,57.255859375,6.402087211608887,0.00921100378036499,7.091552734375,0.9904129505157471
1239,1.5487499695154838e-05,0.19438567757606506,47.097713470458984,37.32574462890625,72.2455825805664,57.255859375,5.458460807800293,0.00910496711730957,7.2298583984375,0.9904134273529053
1240,1.5499999790336005e-05,0.2312953621149063,42.58145523071289,33.74653244018555,72.2455825805664,57.255859375,6.156848430633545,0.009460687637329102,6.8970947265625,0.9904136061668396
1241,1.5512499885517173e-05,0.16905535757541656,20.068206787109375,15.904396057128906,72.2455825805664,57.255859375,4.514963150024414,0.006375908851623535,7.17626953125,0.9904136657714844
1242,1.552499998069834e-05,0.2785941958427429,39.58169174194336,31.369165420532227,72.2455825805664,57.255859375,6.8522186279296875,0.00803232192993164,7.38916015625,0.9904137253761292
1243,1.5537500075879507e-05,0.4071979522705078,11.215896606445312,8.888790130615234,72.2455825805664,57.255859375,5.935947895050049,0.009564518928527832,6.989990234375,0.9904139041900635
1244,1.5550000171060674e-05,0.2950611412525177,0.9568594694137573,0.7583274841308594,72.2455825805664,57.255859375,6.492384910583496,0.010294675827026367,6.908447265625,0.9904143810272217
1245,1.556250026624184e-05,0.20781949162483215,10.319405555725098,8.178304672241211,72.2455825805664,57.255859375,5.691368579864502,0.008501887321472168,6.7548828125,0.9904144406318665
1246,1.5575000361423008e-05,0.4361228048801422,4.300047397613525,3.4078612327575684,72.2455825805664,57.255859375,6.2514424324035645,0.009510278701782227,7.2596435546875,0.9904146194458008
1247,1.5587500456604175e-05,0.36135339736938477,43.39394760131836,34.390445709228516,72.2455825805664,57.255859375,5.236370086669922,0.010425448417663574,7.2593994140625,0.9904165267944336
1248,1.5600000551785342e-05,0.2008330225944519,19.750743865966797,15.652801513671875,72.2455825805664,57.255859375,4.848412036895752,0.010228276252746582,6.4730224609375,0.9904165863990784
1249,1.561250064696651e-05,0.3144233524799347,44.6025390625,35.34827423095703,72.2455825805664,57.255859375,7.166874408721924,0.007192850112915039,7.23095703125,0.9904167652130127
1250,1.5625000742147677e-05,0.3761855661869049,11.342562675476074,8.989174842834473,72.2455825805664,57.255859375,6.276181697845459,0.010460376739501953,7.2613525390625,0.9904172420501709
1251,1.5637500837328844e-05,0.25496622920036316,42.74294662475586,33.874515533447266,72.2455825805664,57.255859375,5.950362682342529,0.0072969794273376465,7.3475341796875,0.9904174208641052
1252,1.5649999113520607e-05,0.2546485662460327,45.15599822998047,35.786903381347656,72.2455825805664,57.255859375,6.3868889808654785,0.008111715316772461,7.175048828125,0.9904174208641052
1253,1.5662499208701774e-05,0.29286661744117737,20.194217681884766,16.004262924194336,72.2455825805664,57.255859375,7.041615962982178,0.009633779525756836,7.0809326171875,0.9904175400733948
1254,1.567499930388294e-05,0.19069933891296387,40.70745086669922,32.261348724365234,72.2455825805664,57.255859375,7.127810001373291,0.010263442993164062,6.8734130859375,0.9904176592826843
1255,1.568749939906411e-05,0.305545449256897,33.88126754760742,26.851482391357422,72.2455825805664,57.255859375,6.8343729972839355,0.008946537971496582,7.4058837890625,0.9904177188873291
1256,1.5699999494245276e-05,0.41520994901657104,41.038970947265625,32.524085998535156,72.2455825805664,57.255859375,6.2343668937683105,0.008282601833343506,6.939208984375,0.9904181957244873
1257,1.5712499589426443e-05,0.35253411531448364,21.131786346435547,16.747303009033203,72.2455825805664,57.255859375,5.582396507263184,0.008616924285888672,6.8233642578125,0.9904183745384216
1258,1.572499968460761e-05,0.18520183861255646,41.20795440673828,32.65800857543945,72.2455825805664,57.255859375,6.629615306854248,0.00839221477508545,6.9686279296875,0.9904184341430664
1259,1.5737499779788777e-05,0.33612486720085144,24.196203231811523,19.175905227661133,72.2455825805664,57.255859375,5.247769832611084,0.008365154266357422,7.0438232421875,0.990420401096344
1260,1.5749999874969944e-05,0.3101057708263397,3.9922046661376953,3.1638903617858887,72.2455825805664,57.255859375,6.997278213500977,0.008725285530090332,6.850341796875,0.9904205203056335
1261,1.576249997015111e-05,0.2304152548313141,25.270719528198242,20.027477264404297,72.2455825805664,57.255859375,12.359382629394531,0.008452951908111572,6.997314453125,0.9904210567474365
1262,1.577500006533228e-05,0.33467036485671997,1.0196971893310547,0.8081274032592773,72.2455825805664,57.255859375,6.391820907592773,0.009195923805236816,7.0894775390625,0.9904210567474365
1263,1.5787500160513446e-05,0.21500791609287262,3.954257011413574,3.1338162422180176,72.2455825805664,57.255859375,6.696012496948242,0.008208036422729492,7.3974609375,0.9904212355613708
1264,1.5800000255694613e-05,0.351385235786438,4.387556552886963,3.4772133827209473,72.2455825805664,57.255859375,6.173220634460449,0.005665779113769531,7.4713134765625,0.9904213547706604
1265,1.581250035087578e-05,0.41892996430397034,4.242265701293945,3.3620681762695312,72.2455825805664,57.255859375,5.746168613433838,0.010891199111938477,6.7191162109375,0.9904213547706604
1266,1.5825000446056947e-05,0.223821222782135,11.796521186828613,9.348944664001465,72.2455825805664,57.255859375,6.650917053222656,0.00945901870727539,6.648193359375,0.9904215335845947
1267,1.5837500541238114e-05,0.5471078753471375,45.86914825439453,36.35208511352539,72.2455825805664,57.255859375,6.8996453285217285,0.007261753082275391,7.3037109375,0.9904220104217529
1268,1.585000063641928e-05,0.5782681107521057,10.475818634033203,8.302265167236328,72.2455825805664,57.255859375,5.623618125915527,0.009504079818725586,6.787841796875,0.9904220700263977
1269,1.586250073160045e-05,0.24801422655582428,46.4583625793457,36.81904602050781,72.2455825805664,57.255859375,5.225914478302002,0.007995784282684326,6.912841796875,0.990422248840332
1270,1.5875000826781616e-05,0.39144325256347656,55.36246109008789,43.87569808959961,72.2455825805664,57.255859375,7.302460193634033,0.006355643272399902,7.064453125,0.9904241561889648
1271,1.588749910297338e-05,0.39426466822624207,3.9201860427856445,3.106814384460449,72.2455825805664,57.255859375,6.112555027008057,0.008325278759002686,6.9525146484375,0.9904242157936096
1272,1.5899999198154546e-05,0.17356887459754944,4.0060834884643555,3.17488956451416,72.2455825805664,57.255859375,5.452895641326904,0.0066530704498291016,7.253173828125,0.990424394607544
1273,1.5912499293335713e-05,0.2463008165359497,62.33304214477539,49.400001525878906,72.2455825805664,57.255859375,5.433810234069824,0.0073487162590026855,7.5291748046875,0.9904248714447021
1274,1.592499938851688e-05,0.1684003323316574,49.12660598754883,38.933677673339844,72.2455825805664,57.255859375,5.657595634460449,0.006762862205505371,7.715576171875,0.9904250502586365
1275,1.5937499483698048e-05,0.3136475384235382,43.537540435791016,34.504241943359375,72.2455825805664,57.255859375,6.3642449378967285,0.012067735195159912,7.2489013671875,0.9904250502586365
1276,1.5949999578879215e-05,0.21532011032104492,43.0372428894043,34.107749938964844,72.2455825805664,57.255859375,5.616864204406738,0.007874369621276855,7.337646484375,0.990425169467926
1277,1.5962499674060382e-05,0.263232946395874,59.118228912353516,46.85220718383789,72.2455825805664,57.255859375,6.97794246673584,0.010727882385253906,6.654541015625,0.9904252886772156
1278,1.597499976924155e-05,0.3826587498188019,32.810726165771484,26.003061294555664,72.2455825805664,57.255859375,6.767159461975098,0.008547544479370117,6.5791015625,0.9904253482818604
1279,1.5987499864422716e-05,0.2949220538139343,63.773319244384766,50.541446685791016,72.2455825805664,57.255859375,7.635593891143799,0.0072252750396728516,7.332763671875,0.9904258847236633
1280,1.5999999959603883e-05,0.1977204978466034,52.641632080078125,41.71939468383789,72.2455825805664,57.255859375,6.442188739776611,0.010274648666381836,6.964111328125,0.9904260039329529
1281,1.601250005478505e-05,0.27241507172584534,39.59650802612305,31.380908966064453,72.2455825805664,57.255859375,5.557019233703613,0.008005499839782715,7.16845703125,0.9904260635375977
1282,1.6025000149966218e-05,0.2219732403755188,10.66513442993164,8.452301025390625,72.2455825805664,57.255859375,5.113893032073975,0.008174121379852295,6.7392578125,0.9904280304908752
1283,1.6037500245147385e-05,0.2677554786205292,49.55215835571289,39.270931243896484,72.2455825805664,57.255859375,4.961480617523193,0.0074013471603393555,7.3963623046875,0.9904281497001648
1284,1.6050000340328552e-05,0.38885408639907837,50.41154098510742,39.95200729370117,72.2455825805664,57.255859375,5.1618452072143555,0.00843280553817749,7.177978515625,0.9904286861419678
1285,1.606250043550972e-05,0.33172258734703064,38.96509552001953,30.880502700805664,72.2455825805664,57.255859375,6.6858954429626465,0.008398652076721191,7.0831298828125,0.9904287457466125
1286,1.6075000530690886e-05,0.2104116678237915,55.271827697753906,43.80386734008789,72.2455825805664,57.255859375,6.038053512573242,0.008370161056518555,7.2401123046875,0.9904288649559021
1287,1.6087500625872053e-05,0.3122346103191376,3.9940576553344727,3.1653590202331543,72.2455825805664,57.255859375,7.5225749015808105,0.006469368934631348,7.1551513671875,0.9904289841651917
1288,1.610000072105322e-05,0.4222441613674164,44.53996276855469,35.298683166503906,72.2455825805664,57.255859375,6.720436096191406,0.009887933731079102,7.1995849609375,0.9904289841651917
1289,1.6112500816234387e-05,0.2522304058074951,11.032051086425781,8.743088722229004,72.2455825805664,57.255859375,6.3311357498168945,0.008396387100219727,6.481201171875,0.990429162979126
1290,1.612499909242615e-05,0.2783908545970917,36.44731521606445,28.885120391845703,72.2455825805664,57.255859375,5.175840377807617,0.009611010551452637,7.0206298828125,0.9904296398162842
1291,1.6137499187607318e-05,0.35268986225128174,21.0660343170166,16.695192337036133,72.2455825805664,57.255859375,6.6755452156066895,0.008483409881591797,7.119384765625,0.9904298186302185
1292,1.6149999282788485e-05,0.2329888939857483,4.376614093780518,3.4685416221618652,72.2455825805664,57.255859375,4.96540641784668,0.011398375034332275,6.6793212890625,0.9904298782348633
1293,1.6162499377969652e-05,0.24811646342277527,8.675971031188965,6.875854969024658,72.2455825805664,57.255859375,6.195242881774902,0.0061182379722595215,7.478515625,0.9904317855834961
1294,1.617499947315082e-05,0.3190581202507019,48.05308532714844,38.082889556884766,72.2455825805664,57.255859375,5.904973983764648,0.00815582275390625,7.2891845703125,0.9904318451881409
1295,1.6187499568331987e-05,0.2210378348827362,42.119850158691406,33.380699157714844,72.2455825805664,57.255859375,5.766884803771973,0.00544208288192749,7.5947265625,0.9904320240020752
1296,1.6199999663513154e-05,0.3009842336177826,21.742280960083008,17.231128692626953,72.2455825805664,57.255859375,5.702115058898926,0.01072382926940918,6.87646484375,0.9904325008392334
1297,1.621249975869432e-05,0.39497697353363037,4.498501300811768,3.5651392936706543,72.2455825805664,57.255859375,6.413519859313965,0.011298775672912598,7.16259765625,0.9904326796531677
1298,1.6224999853875488e-05,0.24983160197734833,0.9846153259277344,0.7803244590759277,72.2455825805664,57.255859375,6.032124996185303,0.010235249996185303,7.0972900390625,0.9904326796531677
1299,1.6237499949056655e-05,0.23421716690063477,52.56487274169922,41.65856170654297,72.2455825805664,57.255859375,5.352431297302246,0.006746232509613037,7.2242431640625,0.9904327988624573
1300,1.6250000044237822e-05,0.3572280704975128,10.818525314331055,8.57386589050293,72.2455825805664,57.255859375,6.178098678588867,0.008446156978607178,6.877685546875,0.9904329180717468
1301,1.626250013941899e-05,0.25983068346977234,40.19857406616211,31.85805892944336,72.2455825805664,57.255859375,5.315976619720459,0.007635831832885742,7.2137451171875,0.9904329776763916
1302,1.6275000234600157e-05,0.2311135232448578,22.40536117553711,17.756629943847656,72.2455825805664,57.255859375,5.155605792999268,0.008494853973388672,7.33154296875,0.9904335141181946
1303,1.6287500329781324e-05,0.4252643883228302,55.3569221496582,43.871307373046875,72.2455825805664,57.255859375,5.6343793869018555,0.007454991340637207,7.03076171875,0.9904336333274841
1304,1.630000042496249e-05,0.504490077495575,1.0566807985305786,0.837437629699707,72.2455825805664,57.255859375,6.286659240722656,0.0075501203536987305,6.9334716796875,0.9904336929321289
1305,1.6312500520143658e-05,0.2968425452709198,60.993690490722656,48.33854293823242,72.2455825805664,57.255859375,7.678014278411865,0.0076446533203125,6.7298583984375,0.9904356598854065
1306,1.6325000615324825e-05,0.20823650062084198,42.86271286010742,33.96943283081055,72.2455825805664,57.255859375,6.741954803466797,0.007961273193359375,7.2801513671875,0.9904358386993408
1307,1.6337500710505992e-05,0.319269061088562,20.092287063598633,15.923480987548828,72.2455825805664,57.255859375,6.385255813598633,0.007225513458251953,7.22216796875,0.990436315536499
1308,1.635000080568716e-05,0.24569101631641388,1.0252619981765747,0.812537670135498,72.2455825805664,57.255859375,4.824933052062988,0.007614195346832275,6.4991455078125,0.9904363751411438
1309,1.6362500900868326e-05,0.25913187861442566,44.031227111816406,34.89550018310547,72.2455825805664,57.255859375,5.429704666137695,0.007013082504272461,7.2225341796875,0.9904364943504333
1310,1.637499917706009e-05,0.3845379054546356,8.804862022399902,6.978003978729248,72.2455825805664,57.255859375,5.410355091094971,0.0077571868896484375,7.2755126953125,0.9904366135597229
1311,1.6387499272241257e-05,0.25275272130966187,49.672489166259766,39.366294860839844,72.2455825805664,57.255859375,7.785323619842529,0.006486415863037109,7.3359375,0.9904366135597229
1312,1.6399999367422424e-05,0.23090803623199463,54.469154357910156,43.1677360534668,72.2455825805664,57.255859375,7.02018928527832,0.008150041103363037,7.1842041015625,0.9904367923736572
1313,1.641249946260359e-05,0.34300026297569275,51.49191665649414,40.808223724365234,72.2455825805664,57.255859375,6.18050479888916,0.007958292961120605,7.0965576171875,0.9904372692108154
1314,1.642499955778476e-05,0.25985342264175415,47.56700897216797,37.69766616821289,72.2455825805664,57.255859375,6.585109710693359,0.006841540336608887,6.8709716796875,0.9904374480247498
1315,1.6437499652965926e-05,0.2154138684272766,48.218624114990234,38.21408462524414,72.2455825805664,57.255859375,8.880338668823242,0.008596599102020264,7.406494140625,0.9904375076293945
1316,1.6449999748147093e-05,0.3857341408729553,4.4126811027526855,3.4971251487731934,72.2455825805664,57.255859375,6.145811557769775,0.008721530437469482,6.925048828125,0.9904394149780273
1317,1.646249984332826e-05,0.3590817153453827,62.70973587036133,49.69853591918945,74.5424575805664,59.076171875,5.890793800354004,0.008618831634521484,6.8245849609375,0.9904395937919617
1318,1.6474999938509427e-05,0.18059538304805756,56.126861572265625,44.48149871826172,74.5424575805664,59.076171875,6.832090377807617,0.0073403120040893555,6.9041748046875,0.9904396533966064
1319,1.6487500033690594e-05,0.3605411946773529,21.73309898376465,17.223852157592773,74.5424575805664,59.076171875,6.658001899719238,0.010102629661560059,6.9840087890625,0.9904401302337646
1320,1.650000012887176e-05,0.37172624468803406,55.06074905395508,43.63658142089844,74.5424575805664,59.076171875,7.446171760559082,0.007738947868347168,6.9466552734375,0.990440309047699
1321,1.651250022405293e-05,0.171085387468338,43.59982681274414,34.55360794067383,74.5424575805664,59.076171875,12.824413299560547,0.006827712059020996,6.9874267578125,0.990440309047699
1322,1.6525000319234096e-05,0.21464504301548004,56.67420196533203,44.91527557373047,74.5424575805664,59.076171875,5.281571388244629,0.007482767105102539,7.0726318359375,0.9904404282569885
1323,1.6537500414415263e-05,0.1756715178489685,46.08823013305664,36.52571105957031,74.5424575805664,59.076171875,8.252918243408203,0.00803232192993164,7.4752197265625,0.9904406070709229
1324,1.655000050959643e-05,0.2315370887517929,46.06634521484375,36.508365631103516,74.5424575805664,59.076171875,6.064269542694092,0.005577027797698975,7.5504150390625,0.9904406070709229
1325,1.6562500604777597e-05,0.3152632713317871,3.957939863204956,3.136734962463379,74.5424575805664,59.076171875,6.206874847412109,0.008885800838470459,6.671142578125,0.9904411435127258
1326,1.6575000699958764e-05,0.2386292666196823,10.676824569702148,8.461565971374512,74.5424575805664,59.076171875,6.199201583862305,0.008871197700500488,6.688232421875,0.9904412627220154
1327,1.658750079513993e-05,0.5443776845932007,42.64667892456055,33.798221588134766,74.5424575805664,59.076171875,5.7194132804870605,0.0070220232009887695,7.2940673828125,0.990443229675293
1328,1.6600000890321098e-05,0.5773290991783142,52.37664031982422,41.50938415527344,74.5424575805664,59.076171875,6.383101940155029,0.009096980094909668,6.8134765625,0.9904432892799377
1329,1.6612499166512862e-05,0.18960103392601013,36.17245864868164,28.66728973388672,74.5424575805664,59.076171875,5.615626335144043,0.00924670696258545,6.767333984375,0.9904434680938721
1330,1.662499926169403e-05,0.51982182264328,4.409572601318359,3.494661808013916,74.5424575805664,59.076171875,5.694262981414795,0.008286714553833008,7.041748046875,0.9904439449310303
1331,1.6637499356875196e-05,0.5493972301483154,55.20854187011719,43.75371170043945,74.5424575805664,59.076171875,6.519258499145508,0.007604122161865234,6.956787109375,0.990444004535675
1332,1.6649999452056363e-05,0.2650747299194336,53.01942825317383,42.018802642822266,74.5424575805664,59.076171875,6.275240421295166,0.008279502391815186,7.2926025390625,0.9904441237449646
1333,1.666249954723753e-05,0.3103615641593933,44.04032897949219,34.902713775634766,74.5424575805664,59.076171875,5.0555009841918945,0.006666421890258789,7.4613037109375,0.9904442429542542
1334,1.6674999642418697e-05,0.3583410084247589,4.205941677093506,3.333280563354492,74.5424575805664,59.076171875,4.882339954376221,0.007710516452789307,7.59619140625,0.9904442429542542
1335,1.6687499737599865e-05,0.23996353149414062,49.245765686035156,39.02811050415039,74.5424575805664,59.076171875,7.20723819732666,0.006345510482788086,7.236328125,0.9904444217681885
1336,1.6699999832781032e-05,0.3523685336112976,54.12128829956055,42.89204406738281,74.5424575805664,59.076171875,6.6586198806762695,0.006508588790893555,7.3162841796875,0.9904448986053467
1337,1.67124999279622e-05,0.35961318016052246,0.9293081760406494,0.7364926338195801,74.5424575805664,59.076171875,5.236279010772705,0.010683774948120117,6.6173095703125,0.990445077419281
1338,1.6725000023143366e-05,0.18567931652069092,36.250431060791016,28.729087829589844,74.5424575805664,59.076171875,6.289313793182373,0.006452739238739014,6.5318603515625,0.9904451370239258
1339,1.6737500118324533e-05,0.4566897749900818,51.88279724121094,41.118003845214844,74.5424575805664,59.076171875,7.150556564331055,0.006559252738952637,7.2781982421875,0.9904470443725586
1340,1.67500002135057e-05,0.34245145320892334,53.95009994506836,42.75637435913086,74.5424575805664,59.076171875,6.261443138122559,0.007672905921936035,6.96044921875,0.9904472231864929
1341,1.6762500308686867e-05,0.20447276532649994,63.34366226196289,50.20093536376953,74.5424575805664,59.076171875,5.5197625160217285,0.006969928741455078,7.156005859375,0.9904472827911377
1342,1.6775000403868034e-05,0.4475753605365753,62.93195343017578,49.87464904785156,74.5424575805664,59.076171875,5.2075934410095215,0.010566025972366333,6.7955322265625,0.9904477596282959
1343,1.67875004990492e-05,0.29513052105903625,10.840453147888184,8.5912446975708,74.5424575805664,59.076171875,5.575780391693115,0.006340682506561279,7.3079833984375,0.9904479384422302
1344,1.680000059423037e-05,0.32152482867240906,52.851524353027344,41.88573455810547,74.5424575805664,59.076171875,6.557863235473633,0.0060433149337768555,7.1190185546875,0.990447998046875
1345,1.6812500689411536e-05,0.5421400666236877,1.0385932922363281,0.8231029510498047,74.5424575805664,59.076171875,6.4734883308410645,0.008353948593139648,7.1121826171875,0.9904480576515198
1346,1.6825000784592703e-05,0.31738051772117615,25.505643844604492,20.21365737915039,74.5424575805664,59.076171875,6.475363731384277,0.007192432880401611,7.1177978515625,0.9904482364654541
1347,1.683750087977387e-05,0.3146485984325409,39.670040130615234,31.439186096191406,74.5424575805664,59.076171875,7.047165393829346,0.006707489490509033,7.2177734375,0.9904487133026123
1348,1.6849999155965634e-05,0.5610333681106567,50.93702697753906,40.368465423583984,74.5424575805664,59.076171875,5.225836753845215,0.007104754447937012,7.1966552734375,0.9904487729072571
1349,1.68624992511468e-05,0.30206915736198425,38.059574127197266,30.162860870361328,74.5424575805664,59.076171875,5.299916744232178,0.009724020957946777,6.4700927734375,0.9904489517211914
1350,1.6874999346327968e-05,0.35642239451408386,33.883609771728516,26.85333824157715,74.5424575805664,59.076171875,5.348423957824707,0.009863972663879395,7.0015869140625,0.9904508590698242
1351,1.6887499441509135e-05,0.5271326899528503,45.38914489746094,35.97167205810547,74.5424575805664,59.076171875,6.226150989532471,0.00875324010848999,7.131103515625,0.990450918674469
1352,1.6899999536690302e-05,0.2638026475906372,38.631492614746094,30.616117477416992,74.5424575805664,59.076171875,7.361395835876465,0.007215261459350586,6.743896484375,0.9904510974884033
1353,1.691249963187147e-05,0.4666185975074768,50.92270278930664,40.357112884521484,74.5424575805664,59.076171875,6.393476963043213,0.008286476135253906,7.487060546875,0.9904515743255615
1354,1.6924999727052636e-05,0.6213636994361877,50.914981842041016,40.35099411010742,74.5424575805664,59.076171875,6.650265216827393,0.007359445095062256,7.292724609375,0.9904517531394958
1355,1.6937499822233804e-05,0.36728623509407043,4.087723255157471,3.239590644836426,74.5424575805664,59.076171875,5.260012149810791,0.008708834648132324,7.5074462890625,0.9904517531394958
1356,1.694999991741497e-05,0.19764481484889984,56.949073791503906,45.133113861083984,74.5424575805664,59.076171875,6.209899425506592,0.008885622024536133,6.83251953125,0.9904518723487854
1357,1.6962500012596138e-05,0.33146902918815613,17.84617805480957,14.143401145935059,74.5424575805664,59.076171875,5.568966865539551,0.00924062728881836,7.260009765625,0.990451991558075
1358,1.6975000107777305e-05,0.16706998646259308,24.871967315673828,19.71146011352539,74.5424575805664,59.076171875,6.715369701385498,0.007999539375305176,7.199462890625,0.9904520511627197
1359,1.6987500202958472e-05,0.4127037227153778,4.21959114074707,3.3440980911254883,74.5424575805664,59.076171875,6.887872695922852,0.008249998092651367,7.1510009765625,0.9904525279998779
1360,1.700000029813964e-05,0.3533080518245697,56.104583740234375,44.46384048461914,74.5424575805664,59.076171875,5.394997596740723,0.009430289268493652,6.9378662109375,0.9904527068138123
1361,1.7012500393320806e-05,0.3026999831199646,9.566577911376953,7.581676483154297,74.5424575805664,59.076171875,5.198371887207031,0.00700068473815918,7.213134765625,0.990452766418457
1362,1.7025000488501973e-05,0.5502585768699646,44.88044738769531,35.56852340698242,74.5424575805664,59.076171875,5.7693939208984375,0.006608068943023682,7.2197265625,0.9904547333717346
1363,1.703750058368314e-05,0.40391823649406433,3.84732985496521,3.049074649810791,74.5424575805664,59.076171875,5.434379577636719,0.007124543190002441,7.0264892578125,0.9904548525810242
1364,1.7050000678864308e-05,0.2911045551300049,41.72100067138672,33.064605712890625,74.5424575805664,59.076171875,5.72408390045166,0.007542014122009277,7.0679931640625,0.9904553890228271
1365,1.7062500774045475e-05,0.41127946972846985,58.69872283935547,46.51974105834961,74.5424575805664,59.076171875,5.18582820892334,0.006818294525146484,6.7181396484375,0.9904553890228271
1366,1.7075000869226642e-05,0.4724116623401642,58.54069137573242,46.39449691772461,74.5424575805664,59.076171875,6.008974075317383,0.0058858394622802734,7.263427734375,0.9904555678367615
1367,1.7087499145418406e-05,0.2866193652153015,0.9476718902587891,0.7510461807250977,74.5424575805664,59.076171875,5.958634376525879,0.006711184978485107,7.2508544921875,0.990455687046051
1368,1.7099999240599573e-05,0.41917872428894043,43.57345962524414,34.532711029052734,74.5424575805664,59.076171875,5.250784873962402,0.009139835834503174,6.5751953125,0.990455687046051
1369,1.711249933578074e-05,0.2851313352584839,45.30193328857422,35.902557373046875,74.5424575805664,59.076171875,5.818234443664551,0.005737185478210449,7.088134765625,0.9904558658599854
1370,1.7124999430961907e-05,0.34459182620048523,10.572549819946289,8.378927230834961,74.5424575805664,59.076171875,5.093216419219971,0.008086740970611572,7.2874755859375,0.9904563426971436
1371,1.7137499526143074e-05,0.5795907974243164,44.0235595703125,34.88942337036133,74.5424575805664,59.076171875,5.530541896820068,0.00708925724029541,7.23388671875,0.9904564023017883
1372,1.714999962132424e-05,0.2834480404853821,0.9993990659713745,0.7920408248901367,74.5424575805664,59.076171875,5.334559440612793,0.007819771766662598,7.124267578125,0.9904565811157227
1373,1.7162499716505408e-05,0.4413633942604065,40.028831481933594,31.72353172302246,74.5424575805664,59.076171875,5.808127403259277,0.009909391403198242,7.0811767578125,0.9904584884643555
1374,1.7174999811686575e-05,0.5296098589897156,35.93377685546875,28.478132247924805,74.5424575805664,59.076171875,5.708245754241943,0.00665593147277832,6.8175048828125,0.9904585480690002
1375,1.7187499906867743e-05,0.2944510579109192,37.86531448364258,30.008909225463867,74.5424575805664,59.076171875,6.093609809875488,0.007501721382141113,7.3800048828125,0.9904587268829346
1376,1.720000000204891e-05,0.43838781118392944,59.512054443359375,47.16432189941406,74.5424575805664,59.076171875,5.446595668792725,0.008728265762329102,6.9989013671875,0.9904592037200928
1377,1.7212500097230077e-05,0.39001569151878357,22.923879623413086,18.167566299438477,74.5424575805664,59.076171875,5.845405578613281,0.008571386337280273,6.8048095703125,0.9904593825340271
1378,1.7225000192411244e-05,0.25022411346435547,48.5465202331543,38.47394561767578,74.5424575805664,59.076171875,5.544769763946533,0.007947921752929688,6.89794921875,0.9904593825340271
1379,1.723750028759241e-05,0.3840439021587372,50.391422271728516,39.936065673828125,74.5424575805664,59.076171875,6.935390472412109,0.008278608322143555,7.01318359375,0.9904595017433167
1380,1.7250000382773578e-05,0.4431402087211609,53.048614501953125,42.041934967041016,74.5424575805664,59.076171875,6.433338165283203,0.008226573467254639,6.86669921875,0.9904596209526062
1381,1.7262500477954745e-05,0.28272029757499695,10.694446563720703,8.475531578063965,74.5424575805664,59.076171875,11.895627975463867,0.008752524852752686,6.999755859375,0.990459680557251
1382,1.7275000573135912e-05,0.23908407986164093,36.68023681640625,29.06971549987793,74.5424575805664,59.076171875,5.7002973556518555,0.010635793209075928,7.028564453125,0.990460216999054
1383,1.728750066831708e-05,0.4835413694381714,46.26209259033203,36.66349792480469,74.5424575805664,59.076171875,6.458498477935791,0.005370795726776123,7.4781494140625,0.9904603362083435
1384,1.7300000763498247e-05,0.42549487948417664,4.042092323303223,3.203427314758301,74.5424575805664,59.076171875,5.437560081481934,0.005225777626037598,7.5037841796875,0.9904623031616211
1385,1.7312500858679414e-05,0.22568005323410034,1.0517849922180176,0.8335576057434082,74.5424575805664,59.076171875,6.174931049346924,0.009885072708129883,6.7220458984375,0.9904623627662659
1386,1.7324999134871177e-05,0.3893236815929413,47.39498519897461,37.561336517333984,74.5424575805664,59.076171875,5.312187194824219,0.006728410720825195,6.745849609375,0.9904624819755554
1387,1.7337499230052345e-05,0.20903153717517853,3.8541245460510254,3.054459571838379,74.5424575805664,59.076171875,6.34511661529541,0.006382405757904053,7.26025390625,0.9904630184173584
1388,1.734999932523351e-05,0.30787143111228943,49.977447509765625,39.60798263549805,74.5424575805664,59.076171875,5.477720260620117,0.00902324914932251,6.8160400390625,0.9904630780220032
1389,1.736249942041468e-05,0.28401052951812744,33.86174774169922,26.836013793945312,74.5424575805664,59.076171875,5.025445938110352,0.006860852241516113,6.741943359375,0.9904631972312927
1390,1.7374999515595846e-05,0.16524571180343628,56.926963806152344,45.11559295654297,74.5424575805664,59.076171875,7.64766788482666,0.005775630474090576,7.12158203125,0.9904633164405823
1391,1.7387499610777013e-05,0.2100576013326645,50.88540267944336,40.32754898071289,74.5424575805664,59.076171875,6.197089672088623,0.008535802364349365,6.93359375,0.9904633164405823
1392,1.739999970595818e-05,0.17932841181755066,52.76586151123047,41.817848205566406,74.5424575805664,59.076171875,6.4178876876831055,0.006342053413391113,7.2860107421875,0.9904634952545166
1393,1.7412499801139347e-05,0.23289793729782104,33.75707244873047,26.7530574798584,74.5424575805664,59.076171875,6.727880477905273,0.006102383136749268,7.4593505859375,0.9904639720916748
1394,1.7424999896320514e-05,0.19606831669807434,43.45817565917969,34.44134521484375,74.5424575805664,59.076171875,7.773270606994629,0.007190108299255371,7.659912109375,0.9904641509056091
1395,1.743749999150168e-05,0.2306089997291565,37.44117736816406,29.672773361206055,74.5424575805664,59.076171875,5.536092281341553,0.007670223712921143,7.171875,0.9904642105102539
1396,1.745000008668285e-05,0.33973681926727295,0.8485231995582581,0.6724691390991211,74.5424575805664,59.076171875,5.729978561401367,0.006977379322052002,7.3277587890625,0.9904661178588867
1397,1.7462500181864016e-05,0.25587180256843567,4.275885581970215,3.3887124061584473,74.5424575805664,59.076171875,6.664552688598633,0.006782114505767822,6.7042236328125,0.9904661774635315
1398,1.7475000277045183e-05,0.20776039361953735,47.6990852355957,37.80234146118164,74.5424575805664,59.076171875,6.63336181640625,0.005459725856781006,6.5130615234375,0.9904663562774658
1399,1.748750037222635e-05,0.3972197473049164,0.9319459199905396,0.7385830879211426,74.5424575805664,59.076171875,5.758481979370117,0.006473958492279053,7.2916259765625,0.990466833114624
1400,1.7500000467407517e-05,0.29130932688713074,61.86122131347656,49.02607727050781,74.5424575805664,59.076171875,5.7808403968811035,0.007546186447143555,6.8720703125,0.9904670119285583
1401,1.7512500562588684e-05,0.25022584199905396,29.430986404418945,23.324560165405273,74.5424575805664,59.076171875,6.66242790222168,0.006409645080566406,7.0943603515625,0.9904670119285583
1402,1.752500065776985e-05,0.3761458694934845,54.797119140625,43.42765426635742,74.5424575805664,59.076171875,6.492310047149658,0.006526172161102295,6.63134765625,0.9904671311378479
1403,1.753750075295102e-05,0.18923798203468323,9.619063377380371,7.623271942138672,74.5424575805664,59.076171875,6.83643102645874,0.005367457866668701,7.353515625,0.9904672503471375
1404,1.7550000848132186e-05,0.2789565622806549,10.323260307312012,8.181360244750977,74.5424575805664,59.076171875,5.536271095275879,0.005293935537338257,7.0968017578125,0.9904673099517822
1405,1.756249912432395e-05,0.3180372416973114,10.877091407775879,8.620281219482422,74.5424575805664,59.076171875,5.260585784912109,0.007689416408538818,7.215576171875,0.9904678463935852
1406,1.7574999219505116e-05,0.19553017616271973,35.85622787475586,28.41667366027832,74.5424575805664,59.076171875,5.2994208335876465,0.006600439548492432,7.0986328125,0.9904679656028748
1407,1.7587499314686283e-05,0.2075066715478897,43.60738754272461,34.559600830078125,74.5424575805664,59.076171875,5.928145885467529,0.005614280700683594,7.187255859375,0.9904699325561523
1408,1.759999940986745e-05,0.19405755400657654,50.15190505981445,39.74624252319336,74.5424575805664,59.076171875,5.613089561462402,0.007742524147033691,7.1802978515625,0.9904699921607971
1409,1.7612499505048618e-05,0.25676530599594116,0.9693466424942017,0.768223762512207,74.5424575805664,59.076171875,6.119955539703369,0.006721854209899902,6.390869140625,0.9904701709747314
1410,1.7624999600229785e-05,0.24822814762592316,54.989444732666016,43.580074310302734,74.5424575805664,59.076171875,6.370306015014648,0.010883033275604248,6.9833984375,0.9904706478118896
1411,1.7637499695410952e-05,0.22429265081882477,0.890964686870575,0.7061047554016113,74.5424575805664,59.076171875,5.8712077140808105,0.007854282855987549,7.1702880859375,0.9904707074165344
1412,1.764999979059212e-05,0.2710651159286499,45.70868682861328,36.22491455078125,74.5424575805664,59.076171875,6.585665702819824,0.00768047571182251,6.7371826171875,0.990470826625824
1413,1.7662499885773286e-05,0.16598638892173767,43.72385787963867,34.65190505981445,74.5424575805664,59.076171875,5.378983497619629,0.005440831184387207,7.4879150390625,0.9904709458351135
1414,1.7674999980954453e-05,0.2421754151582718,51.59579086303711,40.89054489135742,74.5424575805664,59.076171875,5.457657337188721,0.010489344596862793,7.1474609375,0.9904709458351135
1415,1.768750007613562e-05,0.2562621235847473,48.73032760620117,38.6196174621582,74.5424575805664,59.076171875,5.986307144165039,0.005761474370956421,7.568359375,0.9904711246490479
1416,1.7700000171316788e-05,0.34759894013404846,54.06692123413086,42.848960876464844,74.5424575805664,59.076171875,6.003190040588379,0.010407090187072754,6.8675537109375,0.990471601486206
1417,1.7712500266497955e-05,0.3308035731315613,50.30997085571289,39.87151336669922,74.5424575805664,59.076171875,7.386006832122803,0.007651984691619873,7.2618408203125,0.9904717803001404
1418,1.7725000361679122e-05,0.2654130458831787,52.329620361328125,41.47211837768555,74.5424575805664,59.076171875,5.399228572845459,0.009963154792785645,7.225341796875,0.9904718399047852
1419,1.773750045686029e-05,0.3924404978752136,41.73204803466797,33.073360443115234,74.5424575805664,59.076171875,8.302791595458984,0.0059545040130615234,7.23779296875,0.990473747253418
1420,1.7750000552041456e-05,0.31377720832824707,56.59003829956055,44.84857177734375,74.5424575805664,59.076171875,6.991625785827637,0.007616996765136719,6.8858642578125,0.9904739260673523
1421,1.7762500647222623e-05,0.3622482419013977,49.09463119506836,38.90833282470703,74.5424575805664,59.076171875,7.16657829284668,0.005602836608886719,7.212158203125,0.9904739856719971
1422,1.777500074240379e-05,0.24880126118659973,38.760528564453125,30.718379974365234,74.5424575805664,59.076171875,5.241181373596191,0.006270229816436768,7.185546875,0.9904744625091553
1423,1.7787500837584957e-05,0.24001793563365936,51.635963439941406,40.92238235473633,74.5424575805664,59.076171875,4.978290557861328,0.006886124610900879,7.0947265625,0.9904746413230896
1424,1.779999911377672e-05,0.3650516867637634,50.46649932861328,39.99556350708008,74.5424575805664,59.076171875,5.392043590545654,0.006259024143218994,7.0516357421875,0.9904746413230896
1425,1.7812499208957888e-05,0.16793705523014069,4.116214275360107,3.2621703147888184,74.5424575805664,59.076171875,5.197746276855469,0.007236003875732422,6.72509765625,0.9904747605323792
1426,1.7824999304139055e-05,0.44085055589675903,21.17566680908203,16.78207778930664,74.5424575805664,59.076171875,5.234683036804199,0.006086528301239014,7.270263671875,0.9904749393463135
1427,1.7837499399320222e-05,0.47429749369621277,48.16691970825195,38.1731071472168,74.5424575805664,59.076171875,5.4781880378723145,0.00575631856918335,7.2528076171875,0.9904749393463135
1428,1.784999949450139e-05,0.16638989746570587,44.402427673339844,35.18968200683594,74.5424575805664,59.076171875,6.914583206176758,0.00869673490524292,6.49951171875,0.9904754757881165
1429,1.7862499589682557e-05,0.478386253118515,50.6203727722168,40.11751174926758,74.5424575805664,59.076171875,7.767916679382324,0.007253527641296387,7.0679931640625,0.990475594997406
1430,1.7874999684863724e-05,0.31736573576927185,9.787275314331055,7.756582736968994,74.5424575805664,59.076171875,5.815500736236572,0.00537264347076416,7.301513671875,0.9904775619506836
1431,1.788749978004489e-05,0.2665289342403412,46.81462478637695,37.10139083862305,74.5424575805664,59.076171875,6.683730602264404,0.00776982307434082,7.143310546875,0.9904776215553284
1432,1.7899999875226058e-05,0.44966113567352295,52.619110107421875,41.70154571533203,74.5424575805664,59.076171875,5.219453811645508,0.005857884883880615,7.23486328125,0.9904778003692627
1433,1.7912499970407225e-05,0.4221717417240143,49.70383071899414,39.391136169433594,74.5424575805664,59.076171875,5.6084089279174805,0.008561909198760986,6.9749755859375,0.9904782772064209
1434,1.7925000065588392e-05,0.24263642728328705,38.3647346496582,30.404708862304688,74.5424575805664,59.076171875,5.901340484619141,0.00803154706954956,6.8206787109375,0.9904783368110657
1435,1.793750016076956e-05,0.3537915349006653,10.955881118774414,8.682723045349121,74.5424575805664,59.076171875,5.893354892730713,0.007346808910369873,7.3843994140625,0.9904784560203552
1436,1.7950000255950727e-05,0.3551248013973236,41.11753845214844,32.58635330200195,74.5424575805664,59.076171875,5.572591304779053,0.00836181640625,6.94580078125,0.9904785752296448
1437,1.7962500351131894e-05,0.18369171023368835,43.19361114501953,34.23167419433594,74.5424575805664,59.076171875,7.634768009185791,0.006564676761627197,6.8345947265625,0.9904785752296448
1438,1.797500044631306e-05,0.2264472097158432,54.33422088623047,43.06079864501953,74.5424575805664,59.076171875,8.238388061523438,0.006171822547912598,6.865234375,0.9904787540435791
1439,1.7987500541494228e-05,0.2294718623161316,44.690155029296875,35.4177131652832,74.5424575805664,59.076171875,6.518587112426758,0.009735584259033203,6.9217529296875,0.9904792308807373
1440,1.8000000636675395e-05,0.15809236466884613,56.860591888427734,45.06298828125,74.5424575805664,59.076171875,6.082871437072754,0.005186975002288818,6.764892578125,0.9904794096946716
1441,1.8012500731856562e-05,0.2630714774131775,3.956679344177246,3.1357359886169434,74.5424575805664,59.076171875,11.503507614135742,0.00691986083984375,7.032958984375,0.9904794692993164
1442,1.802500082703773e-05,0.3208092153072357,0.9879642128944397,0.7829785346984863,74.5424575805664,59.076171875,5.194942474365234,0.008130192756652832,6.994873046875,0.9904813766479492
1443,1.8037499103229493e-05,0.1650352030992508,45.618736267089844,36.153629302978516,74.5424575805664,59.076171875,6.497169017791748,0.005050182342529297,7.4832763671875,0.9904815554618835
1444,1.804999919841066e-05,0.2591512203216553,52.02762222290039,41.23278045654297,74.5424575805664,59.076171875,6.282209396362305,0.0058290958404541016,7.575439453125,0.9904816150665283
1445,1.8062499293591827e-05,0.3005221486091614,45.23796463012695,35.85186004638672,74.5424575805664,59.076171875,6.677049160003662,0.00849008560180664,6.865478515625,0.9904820919036865
1446,1.8074999388772994e-05,0.22457255423069,31.793977737426758,25.1972713470459,74.5424575805664,59.076171875,6.724017143249512,0.00972437858581543,6.599365234375,0.9904822707176208
1447,1.808749948395416e-05,0.29164639115333557,50.001068115234375,39.62670135498047,74.5424575805664,59.076171875,5.276021957397461,0.0064920783042907715,7.327880859375,0.9904823303222656
1448,1.809999957913533e-05,0.41641858220100403,21.017192840576172,16.656484603881836,74.5424575805664,59.076171875,4.986901760101318,0.008813738822937012,6.783203125,0.9904823899269104
1449,1.8112499674316496e-05,0.271141916513443,33.83086395263672,26.81153678894043,74.5424575805664,59.076171875,6.65797758102417,0.009845495223999023,6.7247314453125,0.9904825687408447
1450,1.8124999769497663e-05,0.2825230360031128,4.158105850219727,3.295370101928711,74.5424575805664,59.076171875,5.322649955749512,0.0049141645431518555,7.103515625,0.9904830455780029
1451,1.813749986467883e-05,0.426159143447876,4.24684476852417,3.365696907043457,74.5424575805664,59.076171875,5.8783040046691895,0.007485091686248779,6.9224853515625,0.9904831051826477
1452,1.8149999959859997e-05,0.1777871996164322,4.172220706939697,3.306556224822998,74.5424575805664,59.076171875,5.513749122619629,0.004766225814819336,7.2366943359375,0.990483283996582
1453,1.8162500055041164e-05,0.4675084948539734,42.561439514160156,33.73066711425781,74.5424575805664,59.076171875,5.3920488357543945,0.008765220642089844,7.4111328125,0.9904851913452148
1454,1.817500015022233e-05,0.40708959102630615,10.432178497314453,8.267679214477539,74.5424575805664,59.076171875,4.980410099029541,0.0056645870208740234,7.6307373046875,0.9904852509498596
1455,1.81875002454035e-05,0.19945940375328064,0.9160153865814209,0.7259578704833984,74.5424575805664,59.076171875,5.859740734100342,0.006949424743652344,7.14111328125,0.990485429763794
1456,1.8200000340584666e-05,0.25404006242752075,46.68355941772461,36.997520446777344,74.5424575805664,59.076171875,5.679296970367432,0.006727874279022217,7.372802734375,0.9904859066009521
1457,1.8212500435765833e-05,0.2708796262741089,44.09762191772461,34.9481201171875,74.5424575805664,59.076171875,5.718307971954346,0.007008492946624756,6.70556640625,0.9904860854148865
1458,1.8225000530947e-05,0.28418198227882385,20.512901306152344,16.256824493408203,74.5424575805664,59.076171875,5.639385223388672,0.006897389888763428,6.4892578125,0.9904860854148865
1459,1.8237500626128167e-05,0.30411630868911743,54.34615707397461,43.07025909423828,74.5424575805664,59.076171875,5.385105609893799,0.008084297180175781,7.3656005859375,0.990486204624176
1460,1.8250000721309334e-05,0.30195149779319763,10.222322463989258,8.10136604309082,74.5424575805664,59.076171875,5.900068283081055,0.006967306137084961,6.8212890625,0.9904863238334656
1461,1.82625008164905e-05,0.6523030400276184,10.149266242980957,8.043466567993164,74.5424575805664,59.076171875,5.747364044189453,0.005301773548126221,7.0804443359375,0.9904863834381104
1462,1.8274999092682265e-05,0.5647209882736206,50.297950744628906,39.86198425292969,74.5424575805664,59.076171875,6.4650678634643555,0.007618904113769531,6.656982421875,0.9904868602752686
1463,1.8287499187863432e-05,0.4802915155887604,56.6650276184082,44.90800476074219,74.5424575805664,59.076171875,6.640742301940918,0.007810831069946289,7.396728515625,0.9904870390892029
1464,1.82999992830446e-05,1.2700754404067993,52.05105972290039,41.2513542175293,74.5424575805664,59.076171875,6.624042510986328,0.006379187107086182,7.1531982421875,0.9904870986938477
1465,1.8312499378225766e-05,0.6461794376373291,19.803207397460938,15.694379806518555,74.5424575805664,59.076171875,5.3524909019470215,0.009918153285980225,7.2135009765625,0.9904890656471252
1466,1.8324999473406933e-05,0.5230392813682556,4.196066856384277,3.3254547119140625,74.5424575805664,59.076171875,5.939537525177002,0.008327186107635498,7.0789794921875,0.9904891848564148
1467,1.83374995685881e-05,0.5660659074783325,51.33250427246094,40.681888580322266,74.5424575805664,59.076171875,5.32401704788208,0.005832552909851074,7.0828857421875,0.9904897212982178
1468,1.8349999663769267e-05,0.5332403182983398,45.022850036621094,35.68137741088867,74.5424575805664,59.076171875,4.513341426849365,0.008684277534484863,7.1259765625,0.9904897212982178
1469,1.8362499758950435e-05,0.3670896887779236,11.525134086608887,9.133865356445312,74.5424575805664,59.076171875,5.964982986450195,0.009985744953155518,6.5113525390625,0.9904899001121521
1470,1.8374999854131602e-05,0.4843798577785492,51.570167541503906,40.8702392578125,74.5424575805664,59.076171875,5.405553817749023,0.009874045848846436,6.9842529296875,0.9904900193214417
1471,1.838749994931277e-05,0.4993293881416321,49.86475372314453,39.51866912841797,74.5424575805664,59.076171875,7.721222877502441,0.005738317966461182,7.151611328125,0.9904900193214417
1472,1.8400000044493936e-05,0.272899866104126,1.0138524770736694,0.8034954071044922,74.5424575805664,59.076171875,5.655032634735107,0.005605876445770264,6.6038818359375,0.990490198135376
1473,1.8412500139675103e-05,0.45382505655288696,23.83561134338379,18.89012908935547,74.5424575805664,59.076171875,5.750760555267334,0.006688892841339111,7.4625244140625,0.9904906749725342
1474,1.842500023485627e-05,0.23826760053634644,37.183834075927734,29.468822479248047,74.5424575805664,59.076171875,7.326395034790039,0.007099330425262451,7.027587890625,0.990490734577179
1475,1.8437500330037437e-05,0.36701899766921997,43.42756652832031,34.41708755493164,74.5424575805664,59.076171875,5.67459774017334,0.006984829902648926,7.4884033203125,0.9904909133911133
1476,1.8450000425218605e-05,0.3198988437652588,51.55231857299805,40.85609436035156,74.5424575805664,59.076171875,5.6199493408203125,0.011660456657409668,6.7440185546875,0.9904928207397461
1477,1.846250052039977e-05,0.24671639502048492,50.079368591308594,39.68875503540039,74.5424575805664,59.076171875,6.632498741149902,0.005560159683227539,7.1641845703125,0.9904928803443909
1478,1.847500061558094e-05,0.20990869402885437,34.656341552734375,27.465742111206055,74.5424575805664,59.076171875,5.965922832489014,0.006873667240142822,7.1905517578125,0.9904930591583252
1479,1.8487500710762106e-05,0.22990061342716217,52.11769485473633,41.304161071777344,74.5424575805664,59.076171875,5.584427833557129,0.007295727729797363,7.2042236328125,0.9904935359954834
1480,1.8500000805943273e-05,0.178038090467453,45.80784225463867,36.303497314453125,74.5424575805664,59.076171875,5.961014747619629,0.007261037826538086,6.8948974609375,0.9904937148094177
1481,1.851250090112444e-05,0.20789337158203125,44.8283805847168,35.527259826660156,74.5424575805664,59.076171875,5.409796237945557,0.0063599348068237305,7.1949462890625,0.9904937148094177
1482,1.8524999177316204e-05,0.15453378856182098,45.35544204711914,35.94496154785156,74.5424575805664,59.076171875,7.397058010101318,0.00645756721496582,7.1785888671875,0.9904938340187073
1483,1.853749927249737e-05,0.21776381134986877,4.098653793334961,3.248253345489502,74.5424575805664,59.076171875,5.644242763519287,0.006267368793487549,6.96728515625,0.9904939532279968
1484,1.8549999367678538e-05,0.1922340989112854,44.38478469848633,35.17570114135742,74.5424575805664,59.076171875,6.113184452056885,0.006399333477020264,7.021484375,0.9904940128326416
1485,1.8562499462859705e-05,0.18555480241775513,45.62271499633789,36.15678405761719,74.5424575805664,59.076171875,5.457768440246582,0.006562530994415283,6.741455078125,0.9904945492744446
1486,1.8574999558040872e-05,0.21593503654003143,53.756690979003906,42.60309600830078,74.5424575805664,59.076171875,6.988547325134277,0.007394909858703613,7.2882080078125,0.9904946684837341
1487,1.858749965322204e-05,0.2098502516746521,11.640377044677734,9.225197792053223,74.5424575805664,59.076171875,6.778097152709961,0.006953239440917969,7.2210693359375,0.9904947280883789
1488,1.8599999748403206e-05,0.2304607778787613,41.42107391357422,32.826908111572266,74.5424575805664,59.076171875,5.927468299865723,0.009431988000869751,6.3831787109375,0.9904966950416565
1489,1.8612499843584374e-05,0.2363094538450241,49.59161376953125,39.30220031738281,74.5424575805664,59.076171875,5.40159797668457,0.00699460506439209,7.007568359375,0.990496814250946
1490,1.862499993876554e-05,0.19730418920516968,29.363435745239258,23.271024703979492,74.5424575805664,59.076171875,6.176797866821289,0.008794844150543213,7.336669921875,0.990497350692749
1491,1.8637500033946708e-05,0.25215694308280945,49.88837814331055,39.537391662597656,74.5424575805664,59.076171875,5.679464340209961,0.005745232105255127,7.078369140625,0.9904974102973938
1492,1.8650000129127875e-05,0.21320360898971558,43.499053955078125,34.4737434387207,74.5424575805664,59.076171875,6.479957103729248,0.004706203937530518,7.2117919921875,0.9904975295066833
1493,1.8662500224309042e-05,0.3091561496257782,42.793846130371094,33.91485595703125,74.5424575805664,59.076171875,5.947012424468994,0.008429765701293945,6.9669189453125,0.9904976487159729
1494,1.867500031949021e-05,0.2702993154525757,9.911174774169922,7.854775428771973,74.5424575805664,59.076171875,5.392580986022949,0.006546735763549805,6.801025390625,0.9904976487159729
1495,1.8687500414671376e-05,0.2869577705860138,32.16456604003906,25.490968704223633,74.5424575805664,59.076171875,6.75496244430542,0.006025791168212891,7.3399658203125,0.9904978275299072
1496,1.8700000509852543e-05,0.39517709612846375,59.69820022583008,47.31184387207031,74.5424575805664,59.076171875,6.296932697296143,0.007769465446472168,6.9464111328125,0.9904983043670654
1497,1.871250060503371e-05,0.39190831780433655,0.9720355272293091,0.7703547477722168,74.5424575805664,59.076171875,5.988742828369141,0.006395578384399414,6.8111572265625,0.9904984831809998
1498,1.8725000700214878e-05,0.30351173877716064,60.321861267089844,47.80610656738281,74.5424575805664,59.076171875,6.674347400665283,0.009889602661132812,6.844970703125,0.9904985427856445
1499,1.8737500795396045e-05,0.25297996401786804,56.85816955566406,45.06106948852539,74.5424575805664,59.076171875,5.601146221160889,0.006799817085266113,6.8466796875,0.9905004501342773
1500,1.8750000890577212e-05,0.3954964578151703,38.91209030151367,30.838497161865234,74.5424575805664,59.076171875,7.391510009765625,0.007888436317443848,6.739501953125,0.9905005097389221
1501,1.8762499166768976e-05,0.2022317796945572,36.21855926513672,28.703826904296875,74.5424575805664,59.076171875,12.68630599975586,0.004486560821533203,7.0718994140625,0.9905006885528564
1502,1.8774999261950143e-05,0.30926191806793213,60.08580780029297,47.61902618408203,74.5424575805664,59.076171875,6.872791767120361,0.007689118385314941,7.1070556640625,0.9905011653900146
1503,1.878749935713131e-05,0.2985958755016327,50.728675842285156,40.20334243774414,74.5424575805664,59.076171875,6.982431411743164,0.006640493869781494,7.40283203125,0.990501344203949
1504,1.8799999452312477e-05,0.2682305574417114,36.32659912109375,28.789451599121094,74.5424575805664,59.076171875,8.974589347839355,0.006219029426574707,7.525390625,0.990501344203949
1505,1.8812499547493644e-05,0.26796871423721313,4.106895923614502,3.2547850608825684,74.5424575805664,59.076171875,5.416739463806152,0.008683562278747559,6.8294677734375,0.9905014634132385
1506,1.882499964267481e-05,0.26709920167922974,45.27416229248047,35.88054656982422,74.5424575805664,59.076171875,7.307948589324951,0.007769942283630371,6.611328125,0.9905015826225281
1507,1.883749973785598e-05,0.27298641204833984,48.04985427856445,38.08032989501953,74.5424575805664,59.076171875,7.685210227966309,0.007745504379272461,7.3504638671875,0.9905016422271729
1508,1.8849999833037145e-05,0.19604097306728363,4.315185546875,3.419858455657959,74.5424575805664,59.076171875,7.431300640106201,0.005833268165588379,6.746826171875,0.9905021786689758
1509,1.8862499928218313e-05,0.26285386085510254,45.9365348815918,36.405487060546875,74.5424575805664,59.076171875,6.987813472747803,0.004886984825134277,6.71240234375,0.9905022978782654
1510,1.887500002339948e-05,0.20074604451656342,42.937320709228516,34.028560638427734,74.5424575805664,59.076171875,6.684765338897705,0.005284368991851807,7.1712646484375,0.9905023574829102
1511,1.8887500118580647e-05,0.34743985533714294,34.64944076538086,27.46027374267578,74.5424575805664,59.076171875,6.01753044128418,0.007991135120391846,6.8843994140625,0.9905043244361877
1512,1.8900000213761814e-05,0.6004851460456848,55.82161331176758,44.23958206176758,74.5424575805664,59.076171875,6.478404521942139,0.006088376045227051,7.323486328125,0.9905045032501221
1513,1.891250030894298e-05,0.4157164692878723,54.260868072509766,43.00266647338867,74.5424575805664,59.076171875,6.068507671356201,0.005535006523132324,7.3609619140625,0.9905049800872803
1514,1.8925000404124148e-05,0.1872130185365677,9.226905822753906,7.312480926513672,74.5424575805664,59.076171875,5.246710300445557,0.006389617919921875,7.6656494140625,0.990505039691925
1515,1.8937500499305315e-05,0.2238815426826477,48.79972457885742,38.67461395263672,74.5424575805664,59.076171875,8.371810913085938,0.006511867046356201,7.17724609375,0.9905051589012146
1516,1.8950000594486482e-05,0.23669469356536865,42.290584564208984,33.51601028442383,74.5424575805664,59.076171875,6.652722358703613,0.006900906562805176,7.2830810546875,0.9905052781105042
1517,1.896250068966765e-05,0.3042563796043396,53.205265045166016,42.166080474853516,74.5424575805664,59.076171875,5.9740095138549805,0.0065721869468688965,6.748291015625,0.9905052781105042
1518,1.8975000784848817e-05,0.24495388567447662,46.62452697753906,36.95073318481445,74.5424575805664,59.076171875,6.205239295959473,0.004384636878967285,6.4554443359375,0.9905054569244385
1519,1.8987500880029984e-05,0.31748083233833313,44.07256317138672,34.928260803222656,74.5424575805664,59.076171875,6.10038948059082,0.007805049419403076,7.357666015625,0.9905059337615967
1520,1.8999999156221747e-05,0.23978452384471893,10.405718803405762,8.246709823608398,74.5424575805664,59.076171875,6.050833225250244,0.010197639465332031,6.850341796875,0.990506112575531
1521,1.9012499251402915e-05,0.364079087972641,9.834667205810547,7.79414176940918,74.5424575805664,59.076171875,5.537333011627197,0.007841825485229492,7.0501708984375,0.9905061721801758
1522,1.902499934658408e-05,0.3993570804595947,48.68067932128906,38.58026885986328,74.5424575805664,59.076171875,6.723032474517822,0.00981593132019043,6.5341796875,0.9905080795288086
1523,1.903749944176525e-05,0.19179731607437134,49.67747116088867,39.370243072509766,74.5424575805664,59.076171875,6.336993217468262,0.006685137748718262,7.3905029296875,0.9905082583427429
1524,1.9049999536946416e-05,0.4399056136608124,35.82472610473633,28.391708374023438,74.5424575805664,59.076171875,5.139472484588623,0.009155452251434326,7.1402587890625,0.9905083179473877
1525,1.9062499632127583e-05,0.3566841185092926,23.985187530517578,19.008670806884766,74.5424575805664,59.076171875,7.30332612991333,0.006634175777435303,7.18212890625,0.9905087947845459
1526,1.907499972730875e-05,0.2825715243816376,49.57630920410156,39.290069580078125,74.5424575805664,59.076171875,5.064541816711426,0.00805574655532837,7.1591796875,0.9905089735984802
1527,1.9087499822489917e-05,0.39473628997802734,64.92230987548828,51.4520378112793,74.5424575805664,59.076171875,6.157167434692383,0.006364047527313232,7.0255126953125,0.9905089735984802
1528,1.9099999917671084e-05,0.23178260028362274,4.215174674987793,3.3405981063842773,74.5424575805664,59.076171875,6.045154094696045,0.006379246711730957,7.060791015625,0.9905090928077698
1529,1.911250001285225e-05,0.3668631613254547,35.5074462890625,28.140256881713867,74.5424575805664,59.076171875,7.768447399139404,0.008841872215270996,6.532470703125,0.9905092716217041
1530,1.912500010803342e-05,0.30237501859664917,44.81745529174805,35.51860046386719,74.5424575805664,59.076171875,6.789748191833496,0.008223950862884521,6.9354248046875,0.9905092716217041
1531,1.9137500203214586e-05,0.25608792901039124,39.712093353271484,31.472511291503906,74.5424575805664,59.076171875,6.316348075866699,0.006636559963226318,7.0521240234375,0.9905098080635071
1532,1.9150000298395753e-05,0.17741839587688446,55.198360443115234,43.745643615722656,74.5424575805664,59.076171875,6.033722400665283,0.0075896382331848145,6.64404296875,0.9905099272727966
1533,1.916250039357692e-05,0.29737818241119385,43.00103759765625,34.07905578613281,74.5424575805664,59.076171875,6.506628036499023,0.006994128227233887,7.4326171875,0.9905118942260742
1534,1.9175000488758087e-05,0.47540348768234253,1.01002037525177,0.8004584312438965,74.5424575805664,59.076171875,5.218580722808838,0.005907714366912842,7.054931640625,0.990511953830719
1535,1.9187500583939254e-05,0.31042012572288513,57.989990234375,45.95805740356445,74.5424575805664,59.076171875,6.891641139984131,0.00860738754272461,7.426025390625,0.9905121326446533
1536,1.920000067912042e-05,0.3202170431613922,44.200279235839844,35.029476165771484,74.5424575805664,59.076171875,6.545374393463135,0.007001280784606934,6.6934814453125,0.9905126094818115
1537,1.921250077430159e-05,0.41037872433662415,50.36034393310547,39.911434173583984,74.5424575805664,59.076171875,7.161039352416992,0.006407618522644043,7.1131591796875,0.9905126690864563
1538,1.9225000869482756e-05,0.26638004183769226,41.76545333862305,33.09983444213867,74.5424575805664,59.076171875,5.935544013977051,0.007719874382019043,7.213134765625,0.9905127882957458
1539,1.923749914567452e-05,0.2566320300102234,49.73591995239258,39.416568756103516,74.5424575805664,59.076171875,7.018167018890381,0.006653547286987305,7.1243896484375,0.9905129075050354
1540,1.9249999240855686e-05,0.26936957240104675,55.37101364135742,43.88247299194336,74.5424575805664,59.076171875,6.403820037841797,0.007133841514587402,6.896484375,0.9905129075050354
1541,1.9262499336036853e-05,0.24491095542907715,35.205631256103516,27.901063919067383,74.5424575805664,59.076171875,5.249110698699951,0.005339980125427246,7.1490478515625,0.9905130863189697
1542,1.927499943121802e-05,0.31711527705192566,51.783836364746094,41.03957748413086,74.5424575805664,59.076171875,4.9451727867126465,0.007017612457275391,7.117431640625,0.9905135631561279
1543,1.9287499526399188e-05,0.3085739314556122,4.09920597076416,3.248690605163574,74.5424575805664,59.076171875,6.5744805335998535,0.006981551647186279,7.0054931640625,0.9905137419700623
1544,1.9299999621580355e-05,0.17826785147190094,43.326839447021484,34.33726119995117,74.5424575805664,59.076171875,7.529603004455566,0.006726324558258057,7.032958984375,0.990513801574707
1545,1.9312499716761522e-05,0.2506386637687683,49.214927673339844,39.00366973876953,74.5424575805664,59.076171875,7.926538944244385,0.010454535484313965,6.758056640625,0.9905157089233398
1546,1.932499981194269e-05,0.20550622045993805,36.01848602294922,28.545265197753906,74.5424575805664,59.076171875,5.170753479003906,0.006909787654876709,7.304443359375,0.9905158877372742
1547,1.9337499907123856e-05,0.3095100224018097,1.0083814859390259,0.7991595268249512,74.5424575805664,59.076171875,6.0182271003723145,0.005354404449462891,7.2742919921875,0.990515947341919
1548,1.9350000002305023e-05,0.2554275393486023,58.13444519042969,46.072540283203125,74.5424575805664,59.076171875,7.117099761962891,0.006153523921966553,6.3355712890625,0.9905164241790771
1549,1.936250009748619e-05,0.29044309258461,53.47127914428711,42.37690353393555,74.5424575805664,59.076171875,7.669389724731445,0.006119906902313232,6.97802734375,0.9905166029930115
1550,1.9375000192667358e-05,0.45005083084106445,55.813968658447266,44.233524322509766,74.5424575805664,59.076171875,7.447524547576904,0.00954940915107727,7.32421875,0.9905166625976562
1551,1.9387500287848525e-05,0.30933770537376404,47.13154983520508,37.35255813598633,74.5424575805664,59.076171875,6.403487682342529,0.006409108638763428,6.97314453125,0.990516722202301
1552,1.9400000383029692e-05,0.1793740838766098,50.96467208862305,40.39037322998047,74.5424575805664,59.076171875,7.03279972076416,0.005894482135772705,7.0740966796875,0.9905169010162354
1553,1.941250047821086e-05,0.28183138370513916,26.380268096923828,20.906814575195312,74.5424575805664,59.076171875,5.839141845703125,0.006000936031341553,6.8641357421875,0.9905173778533936
1554,1.9425000573392026e-05,0.27576884627342224,10.846054077148438,8.595684051513672,74.5424575805664,59.076171875,5.36813497543335,0.0073868632316589355,6.8746337890625,0.9905174374580383
1555,1.9437500668573193e-05,0.26842376589775085,47.801082611083984,37.883174896240234,74.5424575805664,59.076171875,5.702998161315918,0.005934953689575195,7.2725830078125,0.9905176162719727
1556,1.945000076375436e-05,0.29812848567962646,40.76220703125,32.304744720458984,74.5424575805664,59.076171875,6.696096897125244,0.00813990831375122,6.9013671875,0.9905195236206055
1557,1.9462500858935528e-05,0.42630043625831604,40.17893600463867,31.84249496459961,74.5424575805664,59.076171875,6.307623386383057,0.005467355251312256,6.904052734375,0.9905195832252502
1558,1.947499913512729e-05,0.3922438323497772,33.44144058227539,26.502914428710938,74.5424575805664,59.076171875,6.116602420806885,0.006269693374633789,6.712890625,0.9905197620391846
1559,1.9487499230308458e-05,0.40665343403816223,9.74010181427002,7.719196796417236,74.5424575805664,59.076171875,4.728658199310303,0.006765186786651611,6.73583984375,0.9905202388763428
1560,1.9499999325489625e-05,0.17600257694721222,21.901796340942383,17.357547760009766,74.5424575805664,59.076171875,5.093782424926758,0.006308138370513916,6.6942138671875,0.9905204176902771
1561,1.9512499420670792e-05,0.4388653635978699,21.857431411743164,17.3223876953125,74.5424575805664,59.076171875,12.040470123291016,0.006104081869125366,6.94873046875,0.9905204176902771
1562,1.952499951585196e-05,0.3729349672794342,43.10415267944336,34.16077423095703,74.5424575805664,59.076171875,5.562674045562744,0.008633077144622803,6.9918212890625,0.9905205368995667
1563,1.9537499611033127e-05,0.31384092569351196,42.46255111694336,33.65229797363281,74.5424575805664,59.076171875,6.482787609100342,0.00773930549621582,7.38134765625,0.9905206561088562
1564,1.9549999706214294e-05,0.47413119673728943,43.39714813232422,34.392982482910156,74.5424575805664,59.076171875,7.727522850036621,0.005806148052215576,7.527099609375,0.990520715713501
1565,1.956249980139546e-05,0.3551468849182129,44.87527847290039,35.564422607421875,74.5424575805664,59.076171875,5.237447738647461,0.00878286361694336,6.927734375,0.9905211925506592
1566,1.9574999896576628e-05,0.5107331275939941,50.955650329589844,40.38322448730469,74.5424575805664,59.076171875,4.879050254821777,0.007515609264373779,6.6065673828125,0.9905213713645935
1567,1.9587499991757795e-05,0.4714885652065277,33.831504821777344,26.81204605102539,74.5424575805664,59.076171875,6.33424186706543,0.0066342949867248535,7.3310546875,0.9905214309692383
1568,1.9600000086938962e-05,0.22841447591781616,32.31902313232422,25.61337661743164,74.5424575805664,59.076171875,6.410821437835693,0.007888376712799072,6.8021240234375,0.9905233979225159
1569,1.961250018212013e-05,0.41582366824150085,23.58243179321289,18.68947982788086,74.5424575805664,59.076171875,6.707660675048828,0.0065923333168029785,6.716552734375,0.9905235171318054
1570,1.9625000277301297e-05,0.2977641522884369,36.669456481933594,29.061172485351562,74.5424575805664,59.076171875,6.444281578063965,0.008250534534454346,7.1790771484375,0.9905240535736084
1571,1.9637500372482464e-05,0.21797707676887512,11.473560333251953,9.092992782592773,74.5424575805664,59.076171875,7.137448787689209,0.007067620754241943,6.760498046875,0.9905241131782532
1572,1.965000046766363e-05,0.324864000082016,38.90193557739258,30.830448150634766,74.5424575805664,59.076171875,7.421997547149658,0.004879355430603027,7.309814453125,0.9905242323875427
1573,1.9662500562844798e-05,0.1848776489496231,48.21784210205078,38.213462829589844,74.5424575805664,59.076171875,5.702751159667969,0.007360398769378662,7.376708984375,0.9905243515968323
1574,1.9675000658025965e-05,0.32498881220817566,1.0014657974243164,0.7936787605285645,74.5424575805664,59.076171875,4.629080295562744,0.0074236392974853516,7.7039794921875,0.9905243515968323
1575,1.9687500753207132e-05,0.24039283394813538,23.429367065429688,18.568172454833984,74.5424575805664,59.076171875,5.305133819580078,0.006245315074920654,7.1199951171875,0.9905245304107666
1576,1.97000008483883e-05,0.36620283126831055,25.83078956604004,20.471342086791992,74.5424575805664,59.076171875,6.8155903816223145,0.006545752286911011,7.3101806640625,0.9905250072479248
1577,1.9712499124580063e-05,0.5903110504150391,3.5352365970611572,2.8017354011535645,74.5424575805664,59.076171875,5.896513938903809,0.007218480110168457,6.697998046875,0.9905250668525696
1578,1.972499921976123e-05,0.3264863193035126,51.211524963378906,40.58600997924805,74.5424575805664,59.076171875,5.1122846603393555,0.00962364673614502,6.4615478515625,0.9905252456665039
1579,1.9737499314942397e-05,0.36763447523117065,53.45452880859375,42.36362838745117,74.5424575805664,59.076171875,6.942760467529297,0.005645036697387695,7.30078125,0.9905271530151367
1580,1.9749999410123564e-05,0.5541192889213562,20.485065460205078,16.234764099121094,74.5424575805664,59.076171875,4.956632137298584,0.008444547653198242,6.9019775390625,0.9905272126197815
1581,1.976249950530473e-05,0.1678319275379181,44.95518493652344,35.62775421142578,74.5424575805664,59.076171875,5.78053617477417,0.00798487663269043,7.0748291015625,0.9905273914337158
1582,1.97749996004859e-05,0.7016006112098694,49.10171890258789,38.9139518737793,74.5424575805664,59.076171875,5.73370361328125,0.008095324039459229,6.560302734375,0.990527868270874
1583,1.9787499695667066e-05,0.4867176413536072,60.65672302246094,48.07149124145508,74.5424575805664,59.076171875,6.036240100860596,0.004091322422027588,7.387451171875,0.9905280470848083
1584,1.9799999790848233e-05,0.38003069162368774,65.24337005615234,51.706485748291016,75.71800231933594,60.0078125,5.765851020812988,0.0066051483154296875,7.046142578125,0.9905280470848083
1585,1.98124998860294e-05,0.8623149394989014,52.24019241333008,41.4012451171875,75.71800231933594,60.0078125,6.734929084777832,0.006696462631225586,7.2650146484375,0.9905281662940979
1586,1.9824999981210567e-05,0.4707777798175812,61.144100189208984,48.45774459838867,75.71800231933594,60.0078125,5.454728126525879,0.006074309349060059,7.1519775390625,0.9905282855033875
1587,1.9837500076391734e-05,0.5135577321052551,53.3798713684082,42.30445861816406,75.71800231933594,60.0078125,5.537718296051025,0.006938636302947998,6.95703125,0.9905283451080322
1588,1.98500001715729e-05,0.5221779346466064,3.9545891284942627,3.1340794563293457,75.71800231933594,60.0078125,4.628331184387207,0.0064337849617004395,7.1239013671875,0.9905288815498352
1589,1.986250026675407e-05,0.49768581986427307,0.8735991716384888,0.6923422813415527,75.71800231933594,60.0078125,5.046113967895508,0.007248103618621826,6.498046875,0.9905290007591248
1590,1.9875000361935236e-05,0.6891339421272278,1.0172152519226074,0.8061604499816895,75.71800231933594,60.0078125,5.3753509521484375,0.007175743579864502,6.8321533203125,0.9905309677124023
1591,1.9887500457116403e-05,0.4063569903373718,33.10483169555664,26.23614501953125,75.71800231933594,60.0078125,4.464860439300537,0.00658261775970459,7.0330810546875,0.9905310273170471
1592,1.990000055229757e-05,0.5621245503425598,61.789634704589844,48.96934127807617,75.71800231933594,60.0078125,5.200274467468262,0.0060378313064575195,6.6627197265625,0.9905311465263367
1593,1.9912500647478737e-05,0.4574953317642212,47.32698440551758,37.507442474365234,75.71800231933594,60.0078125,6.0887651443481445,0.005381464958190918,7.495361328125,0.9905316829681396
1594,1.9925000742659904e-05,0.4212031066417694,43.442447662353516,34.42888259887695,75.71800231933594,60.0078125,5.10253381729126,0.007828235626220703,7.1766357421875,0.9905317425727844
1595,1.993750083784107e-05,0.5247405171394348,40.08301544189453,31.766475677490234,75.71800231933594,60.0078125,6.0990986824035645,0.005222141742706299,7.4140625,0.990531861782074
1596,1.9949999114032835e-05,0.3603828549385071,0.8856284618377686,0.7018756866455078,75.71800231933594,60.0078125,5.341004371643066,0.009554684162139893,6.677978515625,0.9905319809913635
1597,1.9962499209214002e-05,0.4171142280101776,51.43364334106445,40.76204299926758,75.71800231933594,60.0078125,5.792690753936768,0.007693052291870117,7.0897216796875,0.9905319809913635
1598,1.997499930439517e-05,0.5277968049049377,43.938236236572266,34.82180404663086,75.71800231933594,60.0078125,6.581757545471191,0.0067070722579956055,7.21923828125,0.9905321598052979
1599,1.9987499399576336e-05,0.28295713663101196,50.90638732910156,40.34418487548828,75.71800231933594,60.0078125,6.985857009887695,0.006082117557525635,7.1561279296875,0.990532636642456
1600,1.9999999494757503e-05,0.36534249782562256,50.039737701416016,39.6573486328125,75.71800231933594,60.0078125,5.11160135269165,0.009648442268371582,6.7850341796875,0.9905328154563904
1601,2.001249958993867e-05,0.3409040868282318,3.8391621112823486,3.0426015853881836,75.71800231933594,60.0078125,5.170361518859863,0.005867063999176025,7.0980224609375,0.9905328750610352
1602,2.0024999685119838e-05,0.3060116469860077,43.312042236328125,34.325531005859375,75.71800231933594,60.0078125,5.793687343597412,0.004777967929840088,7.1409912109375,0.990534782409668
1603,2.0037499780301005e-05,0.3509158492088318,40.324493408203125,31.95785140991211,75.71800231933594,60.0078125,5.075144290924072,0.008335888385772705,7.051025390625,0.9905348420143127
1604,2.0049999875482172e-05,0.4044175148010254,46.393001556396484,36.76724624633789,75.71800231933594,60.0078125,7.719962120056152,0.008004426956176758,7.0128173828125,0.9905350208282471
1605,2.006249997066334e-05,0.3442672789096832,41.73013687133789,33.07184600830078,75.71800231933594,60.0078125,7.3315629959106445,0.004409611225128174,6.75048828125,0.9905354976654053
1606,2.0075000065844506e-05,0.30756279826164246,53.544525146484375,42.43495178222656,75.71800231933594,60.0078125,5.281198024749756,0.005868434906005859,7.1927490234375,0.9905356764793396
1607,2.0087500161025673e-05,0.3694472908973694,43.224491119384766,34.25614929199219,75.71800231933594,60.0078125,6.201697826385498,0.004084467887878418,7.4093017578125,0.9905356764793396
1608,2.010000025620684e-05,0.24977007508277893,50.21143341064453,39.793418884277344,75.71800231933594,60.0078125,5.3517680168151855,0.008513927459716797,6.347412109375,0.9905357956886292
1609,2.0112500351388007e-05,0.21067020297050476,10.425719261169434,8.26255989074707,75.71800231933594,60.0078125,5.347350597381592,0.008071601390838623,6.97412109375,0.9905359148979187
1610,2.0125000446569175e-05,0.31919893622398376,4.122076988220215,3.2668166160583496,75.71800231933594,60.0078125,4.648409366607666,0.005372047424316406,7.26904296875,0.9905359745025635
1611,2.013750054175034e-05,0.23102092742919922,20.994625091552734,16.638599395751953,75.71800231933594,60.0078125,6.0081353187561035,0.005098700523376465,6.9521484375,0.9905365109443665
1612,2.015000063693151e-05,0.3188837468624115,46.35042190551758,36.73350143432617,75.71800231933594,60.0078125,5.536775588989258,0.00823676586151123,7.01513671875,0.990536630153656
1613,2.0162500732112676e-05,0.24598060548305511,44.403297424316406,35.190372467041016,75.71800231933594,60.0078125,5.181717872619629,0.005578517913818359,6.8358154296875,0.9905385971069336
1614,2.0175000827293843e-05,0.26419565081596375,48.01309585571289,38.05119705200195,75.71800231933594,60.0078125,4.242976665496826,0.004240512847900391,6.83544921875,0.9905386567115784
1615,2.0187499103485607e-05,0.24624858796596527,1.031523585319519,0.817500114440918,75.71800231933594,60.0078125,6.657588958740234,0.004691600799560547,7.252197265625,0.9905388355255127
1616,2.0199999198666774e-05,0.20519904792308807,9.970495223999023,7.901787757873535,75.71800231933594,60.0078125,5.195691108703613,0.008996963500976562,6.89697265625,0.9905393123626709
1617,2.021249929384794e-05,0.2594282925128937,50.62092208862305,40.11794662475586,75.71800231933594,60.0078125,5.55980110168457,0.005104124546051025,6.8509521484375,0.9905393719673157
1618,2.0224999389029108e-05,0.1841610223054886,54.53892517089844,43.22303009033203,75.71800231933594,60.0078125,6.022614479064941,0.006563305854797363,6.698486328125,0.9905394911766052
1619,2.0237499484210275e-05,0.1803436279296875,39.433712005615234,31.25189208984375,75.71800231933594,60.0078125,5.92728328704834,0.0045400261878967285,6.78125,0.9905396103858948
1620,2.0249999579391442e-05,0.21207475662231445,0.8997100591659546,0.7130355834960938,75.71800231933594,60.0078125,6.365546703338623,0.007526516914367676,6.754638671875,0.9905396103858948
1621,2.026249967457261e-05,0.19676785171031952,11.401057243347168,9.035531997680664,75.71800231933594,60.0078125,12.812492370605469,0.007444798946380615,6.9373779296875,0.9905397891998291
1622,2.0274999769753776e-05,0.2258346825838089,55.44137191772461,43.938232421875,75.71800231933594,60.0078125,7.141629695892334,0.0067479610443115234,6.8975830078125,0.9905402660369873
1623,2.0287499864934944e-05,0.1948416531085968,43.722198486328125,34.65058898925781,75.71800231933594,60.0078125,6.723188877105713,0.0076830387115478516,7.34130859375,0.9905404448509216
1624,2.029999996011611e-05,0.2642575204372406,4.420770645141602,3.5035362243652344,75.71800231933594,60.0078125,6.652709007263184,0.005040884017944336,7.515380859375,0.9905405044555664
1625,2.0312500055297278e-05,0.19067610800266266,0.9375535249710083,0.7430272102355957,75.71800231933594,60.0078125,5.547707557678223,0.0062500834465026855,6.783447265625,0.9905424118041992
1626,2.0325000150478445e-05,0.29656580090522766,1.0405685901641846,0.8246684074401855,75.71800231933594,60.0078125,5.743780612945557,0.006977081298828125,6.4930419921875,0.9905425906181335
1627,2.0337500245659612e-05,0.17785173654556274,10.641494750976562,8.43356704711914,75.71800231933594,60.0078125,6.752972602844238,0.0049669742584228516,7.326904296875,0.9905426502227783
1628,2.035000034084078e-05,0.4233545958995819,46.560455322265625,36.89995574951172,75.71800231933594,60.0078125,6.099854946136475,0.007229864597320557,6.784912109375,0.9905431270599365
1629,2.0362500436021946e-05,0.25725147128105164,4.1992363929748535,3.3279666900634766,75.71800231933594,60.0078125,5.714819431304932,0.00695955753326416,6.728759765625,0.9905433058738708
1630,2.0375000531203113e-05,0.3145054578781128,45.205657958984375,35.826255798339844,75.71800231933594,60.0078125,5.180344581604004,0.006245672702789307,7.1514892578125,0.9905433058738708
1631,2.038750062638428e-05,0.25094908475875854,51.26194381713867,40.6259651184082,75.71800231933594,60.0078125,5.100686550140381,0.007065892219543457,6.70263671875,0.9905434250831604
1632,2.0400000721565448e-05,0.315651535987854,11.433615684509277,9.061336517333984,75.71800231933594,60.0078125,6.86679744720459,0.006327927112579346,7.32177734375,0.9905436038970947
1633,2.0412500816746615e-05,0.3660665452480316,0.9119932055473328,0.7227702140808105,75.71800231933594,60.0078125,5.910328388214111,0.006050229072570801,7.372802734375,0.9905436038970947
1634,2.042499909293838e-05,0.24062924087047577,51.17500305175781,40.55706787109375,75.71800231933594,60.0078125,6.174901962280273,0.005576372146606445,7.8199462890625,0.9905441403388977
1635,2.0437499188119546e-05,0.5104589462280273,21.724214553833008,17.21681022644043,75.71800231933594,60.0078125,5.767376899719238,0.006239831447601318,7.1529541015625,0.9905442595481873
1636,2.0449999283300713e-05,0.26120588183403015,44.64006042480469,35.378013610839844,75.71800231933594,60.0078125,6.182830333709717,0.00898057222366333,7.2904052734375,0.9905462265014648
1637,2.046249937848188e-05,0.2852027416229248,36.603271484375,29.008716583251953,75.71800231933594,60.0078125,6.9998297691345215,0.010749220848083496,6.63330078125,0.9905462861061096
1638,2.0474999473663047e-05,0.24661383032798767,44.362709045410156,35.158206939697266,75.71800231933594,60.0078125,7.581361770629883,0.0048032402992248535,6.4595947265625,0.990546464920044
1639,2.0487499568844214e-05,0.2316652238368988,48.44709777832031,38.3951530456543,75.71800231933594,60.0078125,5.854320049285889,0.007071137428283691,7.3277587890625,0.9905469417572021
1640,2.049999966402538e-05,0.28401240706443787,48.42500686645508,38.37764358520508,75.71800231933594,60.0078125,5.386139869689941,0.00688701868057251,6.882080078125,0.9905470013618469
1641,2.051249975920655e-05,0.19201485812664032,45.38926696777344,35.971771240234375,75.71800231933594,60.0078125,5.5093793869018555,0.006567120552062988,7.0452880859375,0.9905471205711365
1642,2.0524999854387715e-05,0.24862632155418396,0.9645639061927795,0.7644333839416504,75.71800231933594,60.0078125,4.9901204109191895,0.007293701171875,6.4993896484375,0.990547239780426
1643,2.0537499949568883e-05,0.21179816126823425,59.32235336303711,47.013980865478516,75.71800231933594,60.0078125,7.425084590911865,0.0043604373931884766,7.3768310546875,0.990547239780426
1644,2.055000004475005e-05,0.2800840139389038,3.7915046215057373,3.0048322677612305,75.71800231933594,60.0078125,5.671266555786133,0.01755368709564209,7.04443359375,0.9905474185943604
1645,2.0562500139931217e-05,0.21720635890960693,43.4947624206543,34.470340728759766,75.71800231933594,60.0078125,5.983041763305664,0.007436633110046387,7.2547607421875,0.9905478954315186
1646,2.0575000235112384e-05,0.19829262793064117,4.241109848022461,3.361152172088623,75.71800231933594,60.0078125,5.390267848968506,0.0067421793937683105,7.143798828125,0.9905480742454529
1647,2.058750033029355e-05,0.19510723650455475,41.746864318847656,33.085105895996094,75.71800231933594,60.0078125,6.237547874450684,0.007385909557342529,6.914794921875,0.9905481338500977
1648,2.0600000425474718e-05,0.19075150787830353,56.42421340942383,44.7171516418457,75.71800231933594,60.0078125,5.937820911407471,0.0065988898277282715,7.19287109375,0.9905500411987305
1649,2.0612500520655885e-05,0.18590092658996582,10.43456745147705,8.269573211669922,75.71800231933594,60.0078125,5.103431701660156,0.007559478282928467,6.6151123046875,0.9905502200126648
1650,2.0625000615837052e-05,0.24176768958568573,39.47303009033203,31.283052444458008,75.71800231933594,60.0078125,6.107138156890869,0.005170583724975586,6.9073486328125,0.9905502796173096
1651,2.063750071101822e-05,0.18402518332004547,53.593318939208984,42.4736213684082,75.71800231933594,60.0078125,5.7489013671875,0.006115615367889404,6.993408203125,0.9905507564544678
1652,2.0650000806199387e-05,0.2134624868631363,52.09886932373047,41.28924560546875,75.71800231933594,60.0078125,5.654157638549805,0.007037818431854248,6.64599609375,0.9905509352684021
1653,2.0662500901380554e-05,0.21580635011196136,44.51387405395508,35.27800750732422,75.71800231933594,60.0078125,5.4995574951171875,0.007837355136871338,7.4705810546875,0.9905509948730469
1654,2.0674999177572317e-05,0.2299956977367401,48.93798828125,38.7841911315918,75.71800231933594,60.0078125,6.6474995613098145,0.006117343902587891,7.1395263671875,0.9905510544776917
1655,2.0687499272753485e-05,0.3308108150959015,21.416189193725586,16.97269630432129,75.71800231933594,60.0078125,6.25250244140625,0.005401194095611572,7.327880859375,0.990551233291626
1656,2.069999936793465e-05,0.19604317843914032,50.39519119262695,39.939048767089844,75.71800231933594,60.0078125,5.402873516082764,0.007125735282897949,6.7646484375,0.9905517101287842
1657,2.071249946311582e-05,0.2321593314409256,50.33803176879883,39.89375305175781,75.71800231933594,60.0078125,7.043247699737549,0.007019639015197754,7.0972900390625,0.990551769733429
1658,2.0724999558296986e-05,0.184560626745224,11.09666633605957,8.79429817199707,75.71800231933594,60.0078125,5.737654209136963,0.005834221839904785,7.2186279296875,0.9905519485473633
1659,2.0737499653478153e-05,0.23445498943328857,36.94890213012695,29.282634735107422,75.71800231933594,60.0078125,5.484670639038086,0.00542217493057251,7.140869140625,0.9905538558959961
1660,2.074999974865932e-05,0.17400020360946655,23.22160530090332,18.403518676757812,75.71800231933594,60.0078125,5.847158908843994,0.005960822105407715,6.75,0.9905539155006409
1661,2.0762499843840487e-05,0.2561079263687134,58.110435485839844,46.05351257324219,75.71800231933594,60.0078125,5.282022476196289,0.004862546920776367,7.1649169921875,0.9905540943145752
1662,2.0774999939021654e-05,0.23219642043113708,33.50468063354492,26.553030014038086,75.71800231933594,60.0078125,5.8268890380859375,0.0073975324630737305,7.1239013671875,0.9905545711517334
1663,2.078750003420282e-05,0.15367291867733002,4.204497337341309,3.3321361541748047,75.71800231933594,60.0078125,5.649415016174316,0.00802534818649292,7.024169921875,0.9905547499656677
1664,2.080000012938399e-05,0.17653395235538483,31.955028533935547,25.324907302856445,75.71800231933594,60.0078125,5.909852981567383,0.006031155586242676,7.0277099609375,0.9905547499656677
1665,2.0812500224565156e-05,0.18387003242969513,42.135311126708984,33.39295196533203,75.71800231933594,60.0078125,5.730165481567383,0.006038367748260498,6.760009765625,0.9905548691749573
1666,2.0825000319746323e-05,0.25781020522117615,4.150477886199951,3.2893247604370117,75.71800231933594,60.0078125,6.165196895599365,0.0074353814125061035,7.1058349609375,0.9905549883842468
1667,2.083750041492749e-05,0.29793044924736023,44.65348434448242,35.388648986816406,75.71800231933594,60.0078125,6.84312105178833,0.005274057388305664,7.3826904296875,0.9905550479888916
1668,2.0850000510108657e-05,0.2648853063583374,56.48141860961914,44.762489318847656,75.71800231933594,60.0078125,7.555996417999268,0.007388651371002197,6.3206787109375,0.9905555248260498
1669,2.0862500605289824e-05,0.1606053113937378,10.381795883178711,8.227750778198242,75.71800231933594,60.0078125,6.27518367767334,0.005184173583984375,7.0201416015625,0.9905557036399841
1670,2.087500070047099e-05,0.26923954486846924,0.9720595479011536,0.7703738212585449,75.71800231933594,60.0078125,5.394031047821045,0.0043749213218688965,7.3223876953125,0.9905557632446289
1671,2.088750079565216e-05,0.20132312178611755,32.81566619873047,26.006977081298828,75.71800231933594,60.0078125,6.014275550842285,0.0070618391036987305,6.973388671875,0.9905577301979065
1672,2.0900000890833326e-05,0.1900418996810913,44.20778274536133,35.035423278808594,75.71800231933594,60.0078125,7.03783655166626,0.006176769733428955,6.97021484375,0.990557849407196
1673,2.091249916702509e-05,0.17938728630542755,47.83848571777344,37.912818908691406,75.71800231933594,60.0078125,5.455244064331055,0.008974254131317139,6.7978515625,0.990558385848999
1674,2.0924999262206256e-05,0.15233072638511658,54.07382583618164,42.85443115234375,75.71800231933594,60.0078125,6.014796257019043,0.005972623825073242,6.8177490234375,0.9905584454536438
1675,2.0937499357387424e-05,0.19678986072540283,52.696258544921875,41.7626838684082,75.71800231933594,60.0078125,7.130895614624023,0.004638791084289551,7.3255615234375,0.9905585646629333
1676,2.094999945256859e-05,0.18570145964622498,1.0409826040267944,0.8249964714050293,75.71800231933594,60.0078125,6.699567794799805,0.0066468119621276855,6.9267578125,0.9905586838722229
1677,2.0962499547749758e-05,0.1674831211566925,11.350326538085938,8.99532699584961,75.71800231933594,60.0078125,6.085850238800049,0.005781829357147217,6.81298828125,0.9905586838722229
1678,2.0974999642930925e-05,0.2188141942024231,0.986941397190094,0.782167911529541,75.71800231933594,60.0078125,5.738816261291504,0.006794393062591553,6.679931640625,0.9905588626861572
1679,2.0987499738112092e-05,0.17424848675727844,4.311909198760986,3.4172616004943848,75.71800231933594,60.0078125,5.249058246612549,0.006261348724365234,6.73388671875,0.9905593395233154
1680,2.099999983329326e-05,0.17982104420661926,0.9535057544708252,0.7556695938110352,75.71800231933594,60.0078125,6.514427661895752,0.006499528884887695,6.8140869140625,0.9905593991279602
1681,2.1012499928474426e-05,0.1613418161869049,40.618656158447266,32.19097900390625,75.71800231933594,60.0078125,13.662612915039062,0.004825562238693237,6.9766845703125,0.9905595779418945
1682,2.1025000023655593e-05,0.20270401239395142,53.95994186401367,42.76417541503906,75.71800231933594,60.0078125,7.672670364379883,0.005486488342285156,6.8018798828125,0.9905614852905273
1683,2.103750011883676e-05,0.2038552612066269,36.27201461791992,28.746192932128906,75.71800231933594,60.0078125,7.440925121307373,0.005554854869842529,7.3175048828125,0.9905615448951721
1684,2.1050000214017928e-05,0.1784704327583313,22.32720375061035,17.694690704345703,75.71800231933594,60.0078125,5.8924055099487305,0.006911575794219971,7.5635986328125,0.9905617237091064
1685,2.1062500309199095e-05,0.25239938497543335,32.76209259033203,25.964519500732422,75.71800231933594,60.0078125,5.811783313751221,0.007678776979446411,6.8438720703125,0.9905622005462646
1686,2.1075000404380262e-05,0.2651961147785187,11.169812202453613,8.852267265319824,75.71800231933594,60.0078125,6.8760986328125,0.007749378681182861,6.636474609375,0.990562379360199
1687,2.108750049956143e-05,0.261651873588562,22.043195724487305,17.469608306884766,75.71800231933594,60.0078125,5.654134273529053,0.006704747676849365,7.3504638671875,0.990562379360199
1688,2.1100000594742596e-05,0.2820301949977875,21.87208366394043,17.333999633789062,75.71800231933594,60.0078125,7.070700168609619,0.009465694427490234,6.7904052734375,0.9905624985694885
1689,2.1112500689923763e-05,0.23940761387348175,46.54416275024414,36.88704299926758,75.71800231933594,60.0078125,7.508617401123047,0.005895137786865234,6.7559814453125,0.9905626177787781
1690,2.112500078510493e-05,0.20023387670516968,35.131980895996094,27.842697143554688,75.71800231933594,60.0078125,5.420202732086182,0.004508912563323975,7.0804443359375,0.9905626773834229
1691,2.1137500880286098e-05,0.28381583094596863,46.174068450927734,36.5937385559082,75.71800231933594,60.0078125,5.99297571182251,0.005162596702575684,6.6668701171875,0.9905632138252258
1692,2.114999915647786e-05,0.30159568786621094,24.751033782958984,19.615617752075195,75.71800231933594,60.0078125,7.021425247192383,0.004722654819488525,7.2647705078125,0.9905633330345154
1693,2.1162499251659028e-05,0.19413354992866516,20.365585327148438,16.140073776245117,75.71800231933594,60.0078125,5.4266037940979,0.005697667598724365,7.3895263671875,0.9905633926391602
1694,2.1174999346840195e-05,0.3459731638431549,49.96527099609375,39.598331451416016,75.71800231933594,60.0078125,6.980891227722168,0.004952371120452881,7.68505859375,0.9905653595924377
1695,2.1187499442021362e-05,0.2949944734573364,44.601924896240234,35.34778594970703,75.71800231933594,60.0078125,8.323673248291016,0.010546088218688965,7.17919921875,0.9905654788017273
1696,2.119999953720253e-05,0.19907395541667938,52.268985748291016,41.42406463623047,75.71800231933594,60.0078125,8.538064002990723,0.006672859191894531,7.3441162109375,0.9905660152435303
1697,2.1212499632383697e-05,0.19106942415237427,4.3423380851745605,3.4413771629333496,75.71800231933594,60.0078125,5.793721675872803,0.006871640682220459,6.660400390625,0.990566074848175
1698,2.1224999727564864e-05,0.18721720576286316,60.676326751708984,48.08702850341797,75.71800231933594,60.0078125,6.36160945892334,0.005976498126983643,6.450439453125,0.9905661940574646
1699,2.123749982274603e-05,0.2049134224653244,46.38219451904297,36.75868225097656,75.71800231933594,60.0078125,8.246185302734375,0.007729589939117432,7.2672119140625,0.9905663132667542
1700,2.1249999917927198e-05,0.1786794364452362,44.8143424987793,35.51613235473633,75.71800231933594,60.0078125,7.506454944610596,0.004144430160522461,6.8480224609375,0.9905663132667542
1701,2.1262500013108365e-05,0.2675163447856903,4.3286333084106445,3.430515766143799,75.71800231933594,60.0078125,5.644091606140137,0.004256248474121094,7.0731201171875,0.9905664920806885
1702,2.1275000108289532e-05,0.23938311636447906,33.38938903808594,26.46166229248047,75.71800231933594,60.0078125,5.156615734100342,0.006092071533203125,6.607666015625,0.9905669689178467
1703,2.12875002034707e-05,0.18136237561702728,63.54011917114258,50.35662841796875,75.71800231933594,60.0078125,7.0876336097717285,0.0044119954109191895,7.39306640625,0.990567147731781
1704,2.1300000298651867e-05,0.2521568238735199,0.9947018027305603,0.7883181571960449,75.71800231933594,60.0078125,5.537046432495117,0.006929755210876465,7.080078125,0.9905672073364258
1705,2.1312500393833034e-05,0.17150230705738068,10.33176326751709,8.188098907470703,75.71800231933594,60.0078125,5.429067611694336,0.006390631198883057,7.1337890625,0.9905691146850586
1706,2.13250004890142e-05,0.23095166683197021,31.87647819519043,25.262653350830078,75.71800231933594,60.0078125,5.969778537750244,0.0056504011154174805,7.1007080078125,0.9905691742897034
1707,2.1337500584195368e-05,0.19739748537540436,0.9579280614852905,0.7591743469238281,75.71800231933594,60.0078125,5.8907976150512695,0.007083892822265625,6.8924560546875,0.9905693531036377
1708,2.1350000679376535e-05,0.22202171385288239,9.091168403625488,7.204906463623047,75.71800231933594,60.0078125,5.438826084136963,0.00608140230178833,7.2119140625,0.9905698299407959
1709,2.1362500774557702e-05,0.17925934493541718,54.17478942871094,42.9344482421875,75.71800231933594,60.0078125,6.059961318969727,0.008380413055419922,6.675048828125,0.9905700087547302
1710,2.137500086973887e-05,0.20265668630599976,21.01261329650879,16.652854919433594,75.71800231933594,60.0078125,5.720452785491943,0.005971670150756836,6.9154052734375,0.9905700087547302
1711,2.1387499145930633e-05,0.15986128151416779,10.925592422485352,8.658719062805176,75.71800231933594,60.0078125,5.4657392501831055,0.00633317232131958,6.905517578125,0.9905701279640198
1712,2.13999992411118e-05,0.2653598487377167,0.9667780995368958,0.7661881446838379,75.71800231933594,60.0078125,6.119484901428223,0.008703947067260742,6.609619140625,0.9905702471733093
1713,2.1412499336292967e-05,0.2522069215774536,55.16787338256836,43.72148132324219,75.71800231933594,60.0078125,6.20907735824585,0.005617260932922363,7.483642578125,0.9905703067779541
1714,2.1424999431474134e-05,0.1614009290933609,45.58070755004883,36.12348937988281,75.71800231933594,60.0078125,6.1582512855529785,0.006461799144744873,7.01025390625,0.9905708432197571
1715,2.14374995266553e-05,0.2072085589170456,4.324777603149414,3.427460193634033,75.71800231933594,60.0078125,5.9612135887146,0.009583652019500732,7.398681640625,0.9905709624290466
1716,2.144999962183647e-05,0.20109686255455017,55.79502868652344,44.21851348876953,75.71800231933594,60.0078125,8.128433227539062,0.006843745708465576,6.731689453125,0.9905710220336914
1717,2.1462499717017636e-05,0.20697346329689026,52.272216796875,41.4266242980957,75.71800231933594,60.0078125,7.235101699829102,0.006418466567993164,7.03076171875,0.990572988986969
1718,2.1474999812198803e-05,0.222993865609169,49.913082122802734,39.55697250366211,75.71800231933594,60.0078125,7.964505672454834,0.010287702083587646,7.255859375,0.9905731678009033
1719,2.148749990737997e-05,0.20501337945461273,47.309940338134766,37.493934631347656,75.71800231933594,60.0078125,6.795372009277344,0.004060506820678711,7.0679931640625,0.9905736446380615
1720,2.1500000002561137e-05,0.19147717952728271,43.05162048339844,34.119144439697266,75.71800231933594,60.0078125,5.560330867767334,0.007137298583984375,6.7296142578125,0.9905737042427063
1721,2.1512500097742304e-05,0.17667262256145477,49.89316177368164,39.54118347167969,75.71800231933594,60.0078125,8.32203483581543,0.005515873432159424,7.1519775390625,0.9905738234519958
1722,2.152500019292347e-05,0.2616659104824066,55.25827407836914,43.79312515258789,75.71800231933594,60.0078125,6.030725479125977,0.0057395100593566895,7.056640625,0.9905739426612854
1723,2.153750028810464e-05,0.20206774771213531,42.08967971801758,33.356788635253906,75.71800231933594,60.0078125,5.280363082885742,0.005787968635559082,7.1094970703125,0.9905739426612854
1724,2.1550000383285806e-05,0.22735656797885895,56.46036911010742,44.74580764770508,75.71800231933594,60.0078125,6.526761054992676,0.007155299186706543,7.0367431640625,0.9905741214752197
1725,2.1562500478466973e-05,0.22745345532894135,1.0050734281539917,0.7965378761291504,75.71800231933594,60.0078125,6.703079700469971,0.00696176290512085,6.744873046875,0.9905745983123779
1726,2.157500057364814e-05,0.27141425013542175,21.435001373291016,16.987606048583984,75.71800231933594,60.0078125,7.038242340087891,0.008128583431243896,7.1722412109375,0.9905747771263123
1727,2.1587500668829307e-05,0.3088246285915375,62.04067611694336,49.168296813964844,75.71800231933594,60.0078125,6.353225231170654,0.006038069725036621,7.3736572265625,0.990574836730957
1728,2.1600000764010474e-05,0.2627532482147217,59.81547927856445,47.404788970947266,75.71800231933594,60.0078125,7.469351768493652,0.006939828395843506,6.3226318359375,0.9905767440795898
1729,2.161250085919164e-05,0.36221620440483093,10.839654922485352,8.590612411499023,75.71800231933594,60.0078125,6.387845039367676,0.0067116618156433105,6.9833984375,0.9905769228935242
1730,2.1624999135383405e-05,0.29120975732803345,48.28170394897461,38.264076232910156,75.71800231933594,60.0078125,5.7399749755859375,0.004351019859313965,7.418701171875,0.990576982498169
1731,2.1637499230564572e-05,0.29402101039886475,51.32994842529297,40.67986297607422,75.71800231933594,60.0078125,5.485711574554443,0.007392585277557373,6.9263916015625,0.9905774593353271
1732,2.164999932574574e-05,0.31300053000450134,45.40346145629883,35.98301696777344,75.71800231933594,60.0078125,6.155122756958008,0.005307912826538086,6.9114990234375,0.9905776381492615
1733,2.1662499420926906e-05,0.1852131485939026,32.68724822998047,25.90520477294922,75.71800231933594,60.0078125,6.286149978637695,0.006796300411224365,6.80419921875,0.9905776381492615
1734,2.1674999516108073e-05,0.32810893654823303,53.96052932739258,42.76464080810547,75.71800231933594,60.0078125,7.743376731872559,0.007128119468688965,6.7484130859375,0.990577757358551
1735,2.168749961128924e-05,0.23600386083126068,54.043312072753906,42.83024978637695,75.71800231933594,60.0078125,5.297553062438965,0.005449831485748291,7.31982421875,0.9905779361724854
1736,2.1699999706470408e-05,0.35673168301582336,47.49466323852539,37.64033126831055,75.71800231933594,60.0078125,6.954762935638428,0.004618942737579346,6.953125,0.9905779361724854
1737,2.1712499801651575e-05,0.3698427975177765,60.65660858154297,48.0713996887207,75.71800231933594,60.0078125,5.844192981719971,0.006086230278015137,6.814208984375,0.9905784726142883
1738,2.1724999896832742e-05,0.22871838510036469,10.233199119567871,8.1099853515625,75.71800231933594,60.0078125,6.111047267913818,0.005681216716766357,6.7069091796875,0.9905785918235779
1739,2.173749999201391e-05,0.39051616191864014,35.961692810058594,28.500255584716797,75.71800231933594,60.0078125,6.227050304412842,0.008304119110107422,6.8109130859375,0.9905805587768555
1740,2.1750000087195076e-05,0.22776003181934357,44.28504180908203,35.09665298461914,75.71800231933594,60.0078125,6.483459949493408,0.005967199802398682,6.9205322265625,0.9905806183815002
1741,2.1762500182376243e-05,0.24966038763523102,10.562055587768555,8.370609283447266,75.71800231933594,60.0078125,12.241381645202637,0.005759298801422119,6.86865234375,0.9905807971954346
1742,2.177500027755741e-05,0.215733602643013,4.191728115081787,3.3220162391662598,75.71800231933594,60.0078125,5.605808258056641,0.0062059760093688965,6.8121337890625,0.9905812740325928
1743,2.1787500372738577e-05,0.25197210907936096,56.26700973510742,44.592567443847656,75.71800231933594,60.0078125,6.199929237365723,0.0044661760330200195,7.1953125,0.9905813336372375
1744,2.1800000467919745e-05,0.25284504890441895,23.113643646240234,18.31795883178711,75.71800231933594,60.0078125,5.833493232727051,0.005322277545928955,7.61279296875,0.9905814528465271
1745,2.181250056310091e-05,0.2850778102874756,22.652738571166992,17.952682495117188,75.71800231933594,60.0078125,5.112119674682617,0.008410990238189697,6.8154296875,0.9905815720558167
1746,2.182500065828208e-05,0.29717957973480225,10.826679229736328,8.580327987670898,75.71800231933594,60.0078125,6.947969436645508,0.006839573383331299,6.6839599609375,0.9905815720558167
1747,2.1837500753463246e-05,0.18842916190624237,52.0186882019043,41.22570037841797,75.71800231933594,60.0078125,7.165552616119385,0.004712879657745361,7.405029296875,0.990581750869751
1748,2.1850000848644413e-05,0.3690807819366455,57.655494689941406,45.692962646484375,75.71800231933594,60.0078125,8.622298240661621,0.005675017833709717,6.7681884765625,0.9905822277069092
1749,2.1862499124836177e-05,0.3636026978492737,45.18852996826172,35.81268310546875,75.71800231933594,60.0078125,6.089643478393555,0.00856161117553711,6.751953125,0.9905824065208435
1750,2.1874999220017344e-05,0.335091233253479,12.108549118041992,9.596232414245605,75.71800231933594,60.0078125,6.376420021057129,0.006509006023406982,6.982666015625,0.9905824661254883
1751,2.188749931519851e-05,0.2783982455730438,47.11810302734375,37.34190368652344,75.71800231933594,60.0078125,5.474416255950928,0.006153106689453125,6.6341552734375,0.9905843734741211
1752,2.1899999410379678e-05,0.35244062542915344,41.33366775512695,32.75763702392578,75.71800231933594,60.0078125,5.2310967445373535,0.004339754581451416,7.3013916015625,0.9905845522880554
1753,2.1912499505560845e-05,0.2104426622390747,55.12606430053711,43.68834686279297,75.71800231933594,60.0078125,7.182733058929443,0.005554556846618652,7.34912109375,0.9905846118927002
1754,2.1924999600742012e-05,0.3146408498287201,23.572633743286133,18.68171501159668,75.71800231933594,60.0078125,5.640811443328857,0.004733443260192871,7.5723876953125,0.9905850887298584
1755,2.193749969592318e-05,0.212758868932724,38.89005661010742,30.821035385131836,75.71800231933594,60.0078125,6.6916093826293945,0.004650294780731201,7.135009765625,0.9905852675437927
1756,2.1949999791104347e-05,0.27461937069892883,51.45235824584961,40.77687454223633,75.71800231933594,60.0078125,6.378453731536865,0.004546999931335449,7.2620849609375,0.9905853271484375
1757,2.1962499886285514e-05,0.22170569002628326,4.126442909240723,3.2702765464782715,75.71800231933594,60.0078125,6.7492475509643555,0.005386412143707275,6.6573486328125,0.9905853867530823
1758,2.197499998146668e-05,0.26811695098876953,1.0416179895401,0.8255000114440918,75.71800231933594,60.0078125,5.699291706085205,0.005234897136688232,6.4810791015625,0.9905855655670166
1759,2.1987500076647848e-05,0.2831897735595703,41.260948181152344,32.70000457763672,75.71800231933594,60.0078125,6.562261581420898,0.004511654376983643,7.1824951171875,0.9905860424041748
1760,2.2000000171829015e-05,0.17605066299438477,10.585051536560059,8.388833999633789,75.71800231933594,60.0078125,5.448980331420898,0.006560385227203369,6.7904052734375,0.9905861020088196
1761,2.2012500267010182e-05,0.1675676852464676,49.83707046508789,39.49673080444336,75.71800231933594,60.0078125,7.416872024536133,0.004687190055847168,7.1064453125,0.9905862808227539
1762,2.202500036219135e-05,0.22260291874408722,38.46298599243164,30.482574462890625,75.71800231933594,60.0078125,7.201817512512207,0.004658401012420654,6.5928955078125,0.9905881881713867
1763,2.2037500457372516e-05,0.2374454289674759,35.49813461303711,28.13287925720215,75.71800231933594,60.0078125,5.863070011138916,0.006626427173614502,7.404296875,0.9905882477760315
1764,2.2050000552553684e-05,0.1787845939397812,4.04274845123291,3.203947067260742,75.71800231933594,60.0078125,5.355513095855713,0.004589498043060303,7.181396484375,0.9905884265899658
1765,2.206250064773485e-05,0.250338077545166,46.48076248168945,36.83679962158203,75.71800231933594,60.0078125,5.506115913391113,0.006570577621459961,7.1978759765625,0.990588903427124
1766,2.2075000742916018e-05,0.18495537340641022,0.91754549741745,0.727170467376709,75.71800231933594,60.0078125,5.272756576538086,0.0066969990730285645,7.0721435546875,0.9905890822410583
1767,2.2087500838097185e-05,0.23688079416751862,22.642982482910156,17.944950103759766,75.71800231933594,60.0078125,4.898924350738525,0.0059198737144470215,7.0556640625,0.9905890822410583
1768,2.209999911428895e-05,0.20725740492343903,1.0285682678222656,0.8151578903198242,75.71800231933594,60.0078125,6.746319770812988,0.007857859134674072,7.239990234375,0.9905892014503479
1769,2.2112499209470116e-05,0.1923823356628418,59.73314666748047,47.33953857421875,75.71800231933594,60.0078125,7.630932331085205,0.006211519241333008,6.5958251953125,0.9905893206596375
1770,2.2124999304651283e-05,0.20981667935848236,57.635643005371094,45.67723083496094,75.71800231933594,60.0078125,7.72982931137085,0.006521284580230713,6.9114990234375,0.9905893802642822
1771,2.213749939983245e-05,0.2630085051059723,35.21925354003906,27.9118595123291,75.71800231933594,60.0078125,5.729804992675781,0.006520628929138184,6.9361572265625,0.9905898571014404
1772,2.2149999495013617e-05,0.19488446414470673,47.4273796081543,37.587005615234375,75.71800231933594,60.0078125,6.662538051605225,0.005250155925750732,6.6500244140625,0.9905900359153748
1773,2.2162499590194784e-05,0.21541588008403778,24.678621292114258,19.558229446411133,75.71800231933594,60.0078125,5.700934886932373,0.005339622497558594,7.480712890625,0.9905900955200195
1774,2.217499968537595e-05,0.2093351185321808,49.4100227355957,39.158287048339844,75.71800231933594,60.0078125,5.748534679412842,0.005575597286224365,7.0203857421875,0.9905920624732971
1775,2.218749978055712e-05,0.26029786467552185,36.195587158203125,28.68562126159668,75.71800231933594,60.0078125,7.150052547454834,0.0061852335929870605,7.4530029296875,0.9905921816825867
1776,2.2199999875738285e-05,0.17396824061870575,22.0152645111084,17.447473526000977,75.71800231933594,60.0078125,5.421262741088867,0.008908092975616455,6.734619140625,0.9905927181243896
1777,2.2212499970919453e-05,0.2749910056591034,22.482284545898438,17.817594528198242,75.71800231933594,60.0078125,6.029073238372803,0.006074756383895874,7.031982421875,0.9905927777290344
1778,2.222500006610062e-05,0.2870151996612549,10.538729667663574,8.352123260498047,75.71800231933594,60.0078125,5.01188850402832,0.005195438861846924,7.224609375,0.990592896938324
1779,2.2237500161281787e-05,0.191584974527359,37.7704963684082,29.93376350402832,75.71800231933594,60.0078125,6.400849342346191,0.006760537624359131,6.991455078125,0.9905930161476135
1780,2.2250000256462954e-05,0.22282123565673828,11.559844970703125,9.161375045776367,75.71800231933594,60.0078125,6.614832401275635,0.006781399250030518,6.7254638671875,0.9905930161476135
1781,2.226250035164412e-05,0.2713012993335724,56.05683517456055,44.42599868774414,75.71800231933594,60.0078125,8.742634773254395,0.007364094257354736,7.1708984375,0.9905931949615479
1782,2.2275000446825288e-05,0.3366425335407257,10.736985206604004,8.509244918823242,75.71800231933594,60.0078125,6.297209739685059,0.005924403667449951,7.013427734375,0.990593671798706
1783,2.2287500542006455e-05,0.17250344157218933,30.525390625,24.19189453125,75.71800231933594,60.0078125,6.438744068145752,0.005434513092041016,7.09716796875,0.9905937314033508
1784,2.2300000637187622e-05,0.2817952632904053,11.390422821044922,9.027105331420898,75.71800231933594,60.0078125,5.612005710601807,0.006934106349945068,6.9102783203125,0.9905939102172852
1785,2.231250073236879e-05,0.18934279680252075,48.56520080566406,38.48875427246094,75.71800231933594,60.0078125,8.35204029083252,0.007196545600891113,6.906494140625,0.990595817565918
1786,2.2325000827549957e-05,0.26727721095085144,1.0305441617965698,0.8167238235473633,75.71800231933594,60.0078125,5.971561908721924,0.006622672080993652,7.2042236328125,0.9905958771705627
1787,2.233749910374172e-05,0.19865202903747559,21.748287200927734,17.235889434814453,75.71800231933594,60.0078125,7.710104465484619,0.006035447120666504,7.3271484375,0.9905960559844971
1788,2.2349999198922887e-05,0.23951908946037292,45.28066635131836,35.885704040527344,75.71800231933594,60.0078125,6.906482219696045,0.006632626056671143,6.272216796875,0.9905965328216553
1789,2.2362499294104055e-05,0.16546955704689026,4.308613300323486,3.414649486541748,75.71800231933594,60.0078125,5.768519401550293,0.007372498512268066,7.0172119140625,0.9905967116355896
1790,2.2374999389285222e-05,0.28199219703674316,55.3051872253418,43.83030700683594,75.71800231933594,60.0078125,6.028059005737305,0.004499077796936035,7.4215087890625,0.9905967116355896
1791,2.238749948446639e-05,0.2126973271369934,47.594547271728516,37.7194938659668,75.71800231933594,60.0078125,8.271563529968262,0.005347192287445068,6.9276123046875,0.9905968308448792
1792,2.2399999579647556e-05,0.17695865035057068,22.21925163269043,17.6091365814209,75.71800231933594,60.0078125,6.005064487457275,0.007713973522186279,6.8782958984375,0.9905969500541687
1793,2.2412499674828723e-05,0.19689923524856567,48.96649932861328,38.806785583496094,75.71800231933594,60.0078125,5.534603595733643,0.004890561103820801,6.8017578125,0.9905970096588135
1794,2.242499977000989e-05,0.21742822229862213,46.70540237426758,37.01483154296875,75.71800231933594,60.0078125,5.943294048309326,0.005987197160720825,6.583251953125,0.9905975461006165
1795,2.2437499865191057e-05,0.2156028002500534,43.77412796020508,34.69174575805664,75.71800231933594,60.0078125,7.139876842498779,0.004738986492156982,7.307373046875,0.990597665309906
1796,2.2449999960372224e-05,0.23677010834217072,23.10344123840332,18.309871673583984,75.71800231933594,60.0078125,6.786073684692383,0.00722736120223999,6.84814453125,0.9905996322631836
1797,2.246250005555339e-05,0.1826634407043457,23.32367706298828,18.484413146972656,75.71800231933594,60.0078125,5.739160060882568,0.0057669878005981445,6.7996826171875,0.9905996918678284
1798,2.247500015073456e-05,0.2344629168510437,42.513954162597656,33.69303512573242,75.71800231933594,60.0078125,6.83273458480835,0.005397498607635498,6.66064453125,0.9905998110771179
1799,2.2487500245915726e-05,0.26384133100509644,54.86381530761719,43.48051071166992,75.71800231933594,60.0078125,8.145305633544922,0.006029307842254639,6.79150390625,0.9906003475189209
1800,2.2500000341096893e-05,0.19324611127376556,27.488082885742188,21.784774780273438,75.71800231933594,60.0078125,8.036352157592773,0.005346834659576416,6.8016357421875,0.9906004071235657
1801,2.251250043627806e-05,0.19224049150943756,23.973173141479492,18.999149322509766,75.71800231933594,60.0078125,14.193263053894043,0.006099998950958252,6.9068603515625,0.9906005263328552
1802,2.2525000531459227e-05,0.2201836109161377,51.283077239990234,40.64271545410156,75.71800231933594,60.0078125,7.292943954467773,0.007258951663970947,6.869140625,0.9906006455421448
1803,2.2537500626640394e-05,0.21921968460083008,36.392696380615234,28.841833114624023,75.71800231933594,60.0078125,6.946934700012207,0.004519283771514893,7.1717529296875,0.9906006455421448
1804,2.255000072182156e-05,0.32902589440345764,52.165130615234375,41.341758728027344,75.71800231933594,60.0078125,7.961887836456299,0.006625831127166748,7.62890625,0.9906008243560791
1805,2.256250081700273e-05,0.16302064061164856,0.9783133864402771,0.7753300666809082,75.71800231933594,60.0078125,5.657349586486816,0.005842685699462891,6.8372802734375,0.9906013011932373
1806,2.2574999093194492e-05,0.3171165883541107,4.318937301635742,3.4228315353393555,75.71800231933594,60.0078125,4.9397292137146,0.006125599145889282,6.6910400390625,0.9906014800071716
1807,2.258749918837566e-05,0.31298163533210754,44.12334442138672,34.968505859375,75.71800231933594,60.0078125,7.8665032386779785,0.005604922771453857,7.4127197265625,0.9906015396118164
1808,2.2599999283556826e-05,0.22100141644477844,1.070882797241211,0.8486928939819336,75.71800231933594,60.0078125,5.462408542633057,0.008448362350463867,6.7745361328125,0.9906034469604492
1809,2.2612499378737994e-05,0.28601405024528503,43.67033386230469,34.6094856262207,75.71800231933594,60.0078125,5.641162872314453,0.005540430545806885,6.753662109375,0.9906036257743835
1810,2.262499947391916e-05,0.18912489712238312,3.975682020187378,3.1507959365844727,75.71800231933594,60.0078125,6.83004093170166,0.005358904600143433,7.046875,0.9906036853790283
1811,2.2637499569100328e-05,0.25740301609039307,53.43918228149414,42.351463317871094,75.71800231933594,60.0078125,5.689407825469971,0.005537688732147217,6.5552978515625,0.9906041622161865
1812,2.2649999664281495e-05,0.24677014350891113,41.508487701416016,32.89618682861328,75.71800231933594,60.0078125,5.165225982666016,0.006409764289855957,7.279052734375,0.9906043410301208
1813,2.2662499759462662e-05,0.1726876199245453,22.149646759033203,17.553974151611328,75.71800231933594,60.0078125,6.429471492767334,0.006476461887359619,7.3692626953125,0.9906043410301208
1814,2.267499985464383e-05,0.18610742688179016,53.89703369140625,42.714317321777344,75.71800231933594,60.0078125,8.005910873413086,0.005070686340332031,7.6123046875,0.9906044602394104
1815,2.2687499949824996e-05,0.1992723047733307,42.99501419067383,34.074283599853516,75.71800231933594,60.0078125,7.651066303253174,0.004423320293426514,7.1578369140625,0.9906045794487
1816,2.2700000045006163e-05,0.17061078548431396,41.442176818847656,32.843631744384766,75.71800231933594,60.0078125,5.567197322845459,0.004700899124145508,7.2581787109375,0.9906046390533447
1817,2.271250014018733e-05,0.2994084656238556,0.975898265838623,0.7734160423278809,75.71800231933594,60.0078125,6.038077354431152,0.007028639316558838,6.71875,0.9906051754951477
1818,2.2725000235368498e-05,0.225270077586174,4.137401103973389,3.278961181640625,75.71800231933594,60.0078125,6.471275329589844,0.006851851940155029,6.5596923828125,0.9906052947044373
1819,2.2737500330549665e-05,0.26027533411979675,41.28972244262695,32.722808837890625,75.71800231933594,60.0078125,5.607203483581543,0.008484959602355957,7.1864013671875,0.9906072616577148
1820,2.2750000425730832e-05,0.22499556839466095,40.4398078918457,32.04924011230469,75.71800231933594,60.0078125,6.118157863616943,0.004921019077301025,6.8602294921875,0.9906073212623596
1821,2.2762500520912e-05,0.2695532441139221,47.293182373046875,37.480655670166016,75.71800231933594,60.0078125,7.4262614250183105,0.007342338562011719,7.0877685546875,0.990607500076294
1822,2.2775000616093166e-05,0.20298099517822266,51.50605392456055,40.819427490234375,75.71800231933594,60.0078125,7.074164867401123,0.00582730770111084,6.5684814453125,0.9906079769134521
1823,2.2787500711274333e-05,0.3060944676399231,47.9658203125,38.01373291015625,75.71800231933594,60.0078125,7.146734237670898,0.004930734634399414,7.4202880859375,0.9906080365180969
1824,2.28000008064555e-05,0.16759154200553894,10.600109100341797,8.40076732635498,75.71800231933594,60.0078125,6.622411727905273,0.004539310932159424,7.1370849609375,0.9906081557273865
1825,2.2812500901636668e-05,0.34170329570770264,1.0642048120498657,0.8434004783630371,75.71800231933594,60.0078125,6.113105773925781,0.0054537951946258545,7.1829833984375,0.990608274936676
1826,2.282499917782843e-05,0.19292277097702026,42.191585540771484,33.43755340576172,75.71800231933594,60.0078125,6.495136260986328,0.004796147346496582,7.179443359375,0.990608274936676
1827,2.2837499273009598e-05,0.321992963552475,64.95650482177734,51.47914123535156,75.71800231933594,60.0078125,9.038031578063965,0.008977055549621582,7.0457763671875,0.9906084537506104
1828,2.2849999368190765e-05,0.20611871778964996,47.815528869628906,37.894622802734375,75.71800231933594,60.0078125,7.2519707679748535,0.008467316627502441,7.31005859375,0.9906089305877686
1829,2.2862499463371933e-05,0.36420780420303345,38.89516830444336,30.825084686279297,75.71800231933594,60.0078125,7.102906227111816,0.005605041980743408,6.6175537109375,0.9906091094017029
1830,2.28749995585531e-05,0.20604538917541504,54.76408767700195,43.40147399902344,75.71800231933594,60.0078125,5.705068111419678,0.00489121675491333,6.9317626953125,0.9906091690063477
1831,2.2887499653734267e-05,0.3400779962539673,0.9879780411720276,0.782989501953125,75.71800231933594,60.0078125,5.777931213378906,0.006823301315307617,6.845458984375,0.9906110763549805
1832,2.2899999748915434e-05,0.25193196535110474,50.6133918762207,40.111976623535156,75.71800231933594,60.0078125,8.624664306640625,0.0056182146072387695,6.5982666015625,0.9906112551689148
1833,2.29124998440966e-05,0.34813544154167175,57.67108917236328,45.705326080322266,75.71800231933594,60.0078125,5.1521782875061035,0.0042227208614349365,7.4952392578125,0.9906113147735596
1834,2.2924999939277768e-05,0.18085098266601562,1.0153957605361938,0.8047184944152832,75.71800231933594,60.0078125,5.291317462921143,0.00587153434753418,6.996337890625,0.9906117916107178
1835,2.2937500034458935e-05,0.4258977472782135,61.06272888183594,48.39325714111328,75.71800231933594,60.0078125,6.421891212463379,0.005811512470245361,7.4674072265625,0.9906119704246521
1836,2.2950000129640102e-05,0.24641047418117523,39.27678298950195,31.127521514892578,75.71800231933594,60.0078125,7.204369068145752,0.004632055759429932,6.7938232421875,0.9906119704246521
1837,2.296250022482127e-05,0.26628032326698303,1.04690420627594,0.8296895027160645,75.71800231933594,60.0078125,6.146498203277588,0.006206870079040527,7.0606689453125,0.9906120896339417
1838,2.2975000320002437e-05,0.21653637290000916,48.195068359375,38.19541549682617,75.71800231933594,60.0078125,6.472358226776123,0.005268514156341553,7.267333984375,0.990612268447876
1839,2.2987500415183604e-05,0.2796170115470886,54.652462005615234,43.313011169433594,75.71800231933594,60.0078125,6.6865315437316895,0.005407989025115967,6.966796875,0.990612268447876
1840,2.300000051036477e-05,0.23131060600280762,3.95591402053833,3.135129451751709,75.71800231933594,60.0078125,6.2393717765808105,0.004441022872924805,6.76123046875,0.990612804889679
1841,2.3012500605545938e-05,0.2621937096118927,49.49137496948242,39.22276306152344,75.71800231933594,60.0078125,7.091864585876465,0.005118370056152344,7.1541748046875,0.9906129240989685
1842,2.3025000700727105e-05,0.283552348613739,50.929908752441406,40.362823486328125,75.71800231933594,60.0078125,5.787769794464111,0.006972074508666992,6.9779052734375,0.9906148910522461
1843,2.3037500795908272e-05,0.21600215137004852,33.86515808105469,26.838714599609375,75.71800231933594,60.0078125,5.0554938316345215,0.005398452281951904,7.0830078125,0.9906149506568909
1844,2.305000089108944e-05,0.27410346269607544,51.51253128051758,40.824562072753906,75.71800231933594,60.0078125,5.391141414642334,0.0048847198486328125,6.9332275390625,0.9906151294708252
1845,2.3062499167281203e-05,0.23277311027050018,60.139286041259766,47.661415100097656,75.71800231933594,60.0078125,5.409440040588379,0.007462799549102783,6.8819580078125,0.9906156063079834
1846,2.307499926246237e-05,0.35120734572410583,52.26707458496094,41.422550201416016,75.71800231933594,60.0078125,7.633321762084961,0.007161945104598999,7.2579345703125,0.9906156659126282
1847,2.3087499357643537e-05,0.18658319115638733,63.124385833740234,50.02715301513672,75.71800231933594,60.0078125,6.5995683670043945,0.00624769926071167,7.3660888671875,0.9906157851219177
1848,2.3099999452824704e-05,0.3174896240234375,4.25474739074707,3.371960163116455,75.71800231933594,60.0078125,8.389406204223633,0.010164737701416016,6.2777099609375,0.9906159043312073
1849,2.311249954800587e-05,0.18639175593852997,52.51951217651367,41.62261199951172,75.71800231933594,60.0078125,7.214205741882324,0.007759213447570801,6.9793701171875,0.9906159043312073
1850,2.312499964318704e-05,0.36770275235176086,43.76344680786133,34.68327713012695,75.71800231933594,60.0078125,7.345448970794678,0.006517350673675537,7.3804931640625,0.9906160831451416
1851,2.3137499738368206e-05,0.23357698321342468,57.05714416503906,45.2187614440918,75.71800231933594,60.0078125,6.280885696411133,0.00586390495300293,6.9283447265625,0.9906165599822998
1852,2.3149999833549373e-05,0.35211917757987976,1.0812959671020508,0.8569455146789551,75.71800231933594,60.0078125,6.463151454925537,0.004658609628677368,6.9119873046875,0.9906167387962341
1853,2.316249992873054e-05,0.20652882754802704,54.388397216796875,43.103736877441406,75.71800231933594,60.0078125,7.046177387237549,0.00561678409576416,6.800537109375,0.9906167984008789
1854,2.3175000023911707e-05,0.376270055770874,3.580561876296997,2.8376564979553223,75.71800231933594,60.0078125,5.259382247924805,0.006711035966873169,6.6156005859375,0.9906187057495117
1855,2.3187500119092874e-05,0.25029459595680237,46.1314697265625,36.55997848510742,75.71800231933594,60.0078125,8.275012016296387,0.004222512245178223,7.2786865234375,0.990618884563446
1856,2.320000021427404e-05,0.23518911004066467,59.05885696411133,46.805152893066406,75.71800231933594,60.0078125,6.21870231628418,0.006892561912536621,6.87451171875,0.9906189441680908
1857,2.321250030945521e-05,0.17755331099033356,46.30669403076172,36.69884490966797,75.71800231933594,60.0078125,7.563248634338379,0.005632638931274414,6.760498046875,0.990619421005249
1858,2.3225000404636376e-05,0.24070604145526886,56.93720626831055,45.12371063232422,75.71800231933594,60.0078125,5.393427848815918,0.005416214466094971,6.6505126953125,0.9906195998191833
1859,2.3237500499817543e-05,0.19681943953037262,22.382986068725586,17.73889923095703,75.71800231933594,60.0078125,6.896244049072266,0.006028473377227783,6.71875,0.9906196594238281
1860,2.325000059499871e-05,0.2149587869644165,20.97724723815918,16.624828338623047,75.71800231933594,60.0078125,5.999145030975342,0.005576789379119873,6.80810546875,0.9906197190284729
1861,2.3262500690179877e-05,0.24692858755588531,35.905662536621094,28.455852508544922,75.71800231933594,60.0078125,14.181379318237305,0.008577227592468262,6.8778076171875,0.9906198978424072
1862,2.3275000785361044e-05,0.2023019939661026,3.956639528274536,3.135704517364502,75.71800231933594,60.0078125,5.888010025024414,0.004743695259094238,6.8944091796875,0.9906203746795654
1863,2.328750088054221e-05,0.22121459245681763,60.85926818847656,48.23200988769531,75.71800231933594,60.0078125,8.364474296569824,0.0049443840980529785,7.091064453125,0.9906204342842102
1864,2.3299999156733975e-05,0.24160534143447876,53.64286422729492,42.51288604736328,75.71800231933594,60.0078125,6.1139140129089355,0.004945278167724609,7.623046875,0.9906206130981445
1865,2.3312499251915142e-05,0.2828657031059265,4.614123344421387,3.656771659851074,75.71800231933594,60.0078125,6.479522228240967,0.006159007549285889,6.920654296875,0.9906225204467773
1866,2.332499934709631e-05,0.19020406901836395,47.762657165527344,37.85272216796875,75.71800231933594,60.0078125,5.605984210968018,0.005578875541687012,6.7650146484375,0.9906225800514221
1867,2.3337499442277476e-05,0.33379411697387695,44.19221878051758,35.02309036254883,75.71800231933594,60.0078125,6.769059181213379,0.006052374839782715,7.40234375,0.9906227588653564
1868,2.3349999537458643e-05,0.2529212236404419,44.69929504394531,35.424957275390625,75.71800231933594,60.0078125,8.026076316833496,0.005417883396148682,6.863525390625,0.9906232357025146
1869,2.336249963263981e-05,0.24560683965682983,38.80007553100586,30.749725341796875,75.71800231933594,60.0078125,7.465307712554932,0.004997074604034424,6.75537109375,0.990623414516449
1870,2.3374999727820978e-05,0.31511199474334717,41.85641860961914,33.17192840576172,75.71800231933594,60.0078125,7.841909408569336,0.003735840320587158,7.1126708984375,0.990623414516449
1871,2.3387499823002145e-05,0.31108006834983826,59.94607925415039,47.50829315185547,75.71800231933594,60.0078125,6.497023105621338,0.004629254341125488,6.565673828125,0.9906235337257385
1872,2.3399999918183312e-05,0.15439197421073914,10.974431037902832,8.697423934936523,75.71800231933594,60.0078125,5.54266357421875,0.00478595495223999,7.2689208984375,0.9906236529350281
1873,2.341250001336448e-05,0.27561846375465393,48.021480560302734,38.05784606933594,75.71800231933594,60.0078125,6.267909049987793,0.004893660545349121,7.297119140625,0.9906237125396729
1874,2.3425000108545646e-05,0.2147289514541626,20.44778823852539,16.20522117614746,75.71800231933594,60.0078125,7.666571617126465,0.0057686567306518555,7.6361083984375,0.990624189376831
1875,2.3437500203726813e-05,0.23513111472129822,9.76501750946045,7.738943099975586,75.71800231933594,60.0078125,5.194620609283447,0.005710482597351074,7.052734375,0.9906243681907654
1876,2.345000029890798e-05,0.25805339217185974,46.49318313598633,36.846641540527344,75.71800231933594,60.0078125,5.591693878173828,0.007041215896606445,7.2762451171875,0.9906244277954102
1877,2.3462500394089147e-05,0.1803823560476303,46.92026138305664,37.18511199951172,75.71800231933594,60.0078125,5.756418704986572,0.0070574283599853516,6.8203125,0.9906263947486877
1878,2.3475000489270315e-05,0.2705366909503937,10.35366439819336,8.205455780029297,75.71800231933594,60.0078125,5.621664047241211,0.005274564027786255,6.6011962890625,0.9906265139579773
1879,2.3487500584451482e-05,0.2551237940788269,45.94365692138672,36.4111328125,75.71800231933594,60.0078125,8.16907024383545,0.006810486316680908,7.1005859375,0.9906270503997803
1880,2.350000067963265e-05,0.15236331522464752,11.239004135131836,8.907102584838867,75.71800231933594,60.0078125,5.6330485343933105,0.00541841983795166,6.8388671875,0.990627110004425
1881,2.3512500774813816e-05,0.21598419547080994,54.55475997924805,43.23558044433594,75.71800231933594,60.0078125,5.583439826965332,0.006060242652893066,7.024658203125,0.9906272292137146
1882,2.3525000869994983e-05,0.22878678143024445,4.257352828979492,3.3740248680114746,75.71800231933594,60.0078125,5.6673994064331055,0.005471408367156982,6.5059814453125,0.9906273484230042
1883,2.3537499146186747e-05,0.1848135143518448,44.441585540771484,35.2207145690918,75.71800231933594,60.0078125,7.437496185302734,0.004437506198883057,7.33984375,0.9906273484230042
1884,2.3549999241367914e-05,0.2377508580684662,11.493237495422363,9.108587265014648,75.71800231933594,60.0078125,6.252500534057617,0.005647927522659302,7.0550537109375,0.9906275272369385
1885,2.356249933654908e-05,0.1645101010799408,46.51780700683594,36.86615753173828,75.71800231933594,60.0078125,6.364287376403809,0.005672872066497803,7.28759765625,0.9906280040740967
1886,2.3574999431730248e-05,0.21681080758571625,59.08849334716797,46.82863998413086,75.71800231933594,60.0078125,7.827643871307373,0.006070435047149658,7.0743408203125,0.9906280636787415
1887,2.3587499526911415e-05,0.21791262924671173,21.521541595458984,17.056190490722656,75.71800231933594,60.0078125,6.7117509841918945,0.005057871341705322,6.9840087890625,0.9906282424926758
1888,2.3599999622092582e-05,0.15653520822525024,49.528907775878906,39.252506256103516,75.71800231933594,60.0078125,6.41322660446167,0.006250739097595215,7.347412109375,0.9906301498413086
1889,2.361249971727375e-05,0.15935885906219482,46.599544525146484,36.93093490600586,75.71800231933594,60.0078125,6.972290992736816,0.00570368766784668,6.61181640625,0.9906302094459534
1890,2.3624999812454917e-05,0.19732460379600525,46.8129768371582,37.1000862121582,75.71800231933594,60.0078125,7.994081497192383,0.004216432571411133,6.8966064453125,0.9906303882598877
1891,2.3637499907636084e-05,0.19401584565639496,47.325523376464844,37.50628662109375,75.71800231933594,60.0078125,5.662197113037109,0.00630950927734375,6.95166015625,0.9906308650970459
1892,2.365000000281725e-05,0.20713813602924347,50.092926025390625,39.69949722290039,75.71800231933594,60.0078125,5.414036750793457,0.006747245788574219,6.5614013671875,0.9906310439109802
1893,2.3662500097998418e-05,0.15711243450641632,35.2467155456543,27.933624267578125,75.71800231933594,60.0078125,6.2496747970581055,0.008100390434265137,7.464111328125,0.9906310439109802
1894,2.3675000193179585e-05,0.15007317066192627,42.74343490600586,33.874900817871094,75.71800231933594,60.0078125,5.050009250640869,0.004298746585845947,7.0977783203125,0.9906311631202698
1895,2.3687500288360752e-05,0.16080157458782196,32.77613067626953,25.975645065307617,75.71800231933594,60.0078125,6.956100940704346,0.0029816627502441406,7.396484375,0.9906312823295593
1896,2.370000038354192e-05,0.1892404407262802,46.49562454223633,36.848575592041016,75.71800231933594,60.0078125,5.748632431030273,0.005089998245239258,6.73779296875,0.9906313419342041
1897,2.3712500478723086e-05,0.17493094503879547,42.83382034301758,33.946533203125,75.71800231933594,60.0078125,6.819386959075928,0.0056236982345581055,7.161376953125,0.9906318783760071
1898,2.3725000573904254e-05,0.25007715821266174,23.528894424438477,18.647050857543945,75.71800231933594,60.0078125,6.2290940284729,0.00625455379486084,7.166748046875,0.9906319975852966
1899,2.373750066908542e-05,0.2108670026063919,41.66248321533203,33.01823043823242,75.71800231933594,60.0078125,8.443333625793457,0.0060402750968933105,6.8602294921875,0.9906320571899414
1900,2.3750000764266588e-05,0.1608096808195114,59.621036529541016,47.25069046020508,75.71800231933594,60.0078125,6.6854939460754395,0.00414276123046875,6.8004150390625,0.990634024143219
1901,2.3762500859447755e-05,0.1676972359418869,52.55573654174805,41.65131759643555,75.71800231933594,60.0078125,8.052473068237305,0.005876123905181885,7.1136474609375,0.9906341433525085
1902,2.377499913563952e-05,0.21500715613365173,18.30124855041504,14.504053115844727,75.71800231933594,60.0078125,6.6988115310668945,0.005831718444824219,6.9700927734375,0.9906346797943115
1903,2.3787499230820686e-05,0.28227412700653076,51.32062530517578,40.6724739074707,75.71800231933594,60.0078125,5.226061820983887,0.006753981113433838,7.0465087890625,0.9906347393989563
1904,2.3799999326001853e-05,0.23146218061447144,55.34054946899414,43.85832977294922,75.71800231933594,60.0078125,5.3190999031066895,0.005257070064544678,6.8150634765625,0.9906348586082458
1905,2.381249942118302e-05,0.18977847695350647,53.729488372802734,42.58153533935547,75.71800231933594,60.0078125,6.882872104644775,0.006319105625152588,6.7816162109375,0.9906349778175354
1906,2.3824999516364187e-05,0.20335964858531952,21.547727584838867,17.076942443847656,75.71800231933594,60.0078125,5.915713310241699,0.00551450252532959,7.2569580078125,0.9906349778175354
1907,2.3837499611545354e-05,0.19633589684963226,56.056026458740234,44.425357818603516,75.71800231933594,60.0078125,6.268439769744873,0.0072876811027526855,7.3956298828125,0.9906351566314697
1908,2.384999970672652e-05,0.20236709713935852,10.986043930053711,8.70662784576416,75.71800231933594,60.0078125,5.731716632843018,0.006440460681915283,6.3392333984375,0.9906356334686279
1909,2.386249980190769e-05,0.14533571898937225,52.48932647705078,41.59868621826172,75.71800231933594,60.0078125,5.630147457122803,0.007049381732940674,7.0167236328125,0.9906358122825623
1910,2.3874999897088856e-05,0.20969396829605103,11.264083862304688,8.926979064941406,75.71800231933594,60.0078125,5.560786724090576,0.006686031818389893,7.344482421875,0.990635871887207
1911,2.3887499992270023e-05,0.18943603336811066,41.3806266784668,32.79485321044922,75.71800231933594,60.0078125,6.545478343963623,0.005030333995819092,6.8841552734375,0.9906377792358398
1912,2.390000008745119e-05,0.2736795246601105,3.9751639366149902,3.1503853797912598,75.71800231933594,60.0078125,6.036777973175049,0.005617320537567139,6.99951171875,0.9906379580497742
1913,2.3912500182632357e-05,0.2089231312274933,4.07260799407959,3.227611541748047,75.71800231933594,60.0078125,6.872162818908691,0.006193876266479492,6.68017578125,0.990638017654419
1914,2.3925000277813524e-05,0.214278906583786,45.563419342041016,36.10978698730469,75.71800231933594,60.0078125,5.487362861633301,0.00509876012802124,6.556884765625,0.9906384944915771
1915,2.393750037299469e-05,0.28435030579566956,11.08502197265625,8.78506851196289,75.71800231933594,60.0078125,6.431818008422852,0.004618167877197266,7.2864990234375,0.9906386733055115
1916,2.3950000468175858e-05,0.16972704231739044,20.985122680664062,16.63106918334961,75.71800231933594,60.0078125,6.278131484985352,0.005886256694793701,6.8885498046875,0.9906386733055115
1917,2.3962500563357025e-05,0.29255735874176025,0.9378243088722229,0.7432417869567871,75.71800231933594,60.0078125,6.33004093170166,0.006014823913574219,6.7218017578125,0.990638792514801
1918,2.3975000658538193e-05,0.26772341132164,4.103260517120361,3.251904010772705,75.71800231933594,60.0078125,5.538806915283203,0.007592380046844482,6.5384521484375,0.9906389117240906
1919,2.398750075371936e-05,0.20826129615306854,0.9089511632919312,0.7203593254089355,75.71800231933594,60.0078125,4.771522521972656,0.007478833198547363,6.757568359375,0.9906389713287354
1920,2.4000000848900527e-05,0.22949644923210144,3.5760512351989746,2.8340816497802734,75.71800231933594,60.0078125,5.247848033905029,0.007546126842498779,6.8494873046875,0.9906395077705383
1921,2.401249912509229e-05,0.21430520713329315,51.69461441040039,40.96886444091797,75.71800231933594,60.0078125,12.125656127929688,0.0044899582862854,6.80126953125,0.9906396269798279
1922,2.4024999220273457e-05,0.1577470898628235,40.45983123779297,32.06510543823242,75.71800231933594,60.0078125,6.778940200805664,0.00539785623550415,6.9710693359375,0.9906396865844727
1923,2.4037499315454625e-05,0.27556827664375305,63.88389587402344,50.62908172607422,75.71800231933594,60.0078125,6.590578079223633,0.0064353346824646,7.0023193359375,0.9906416535377502
1924,2.4049999410635792e-05,0.18858057260513306,59.79704284667969,47.39017868041992,75.71800231933594,60.0078125,7.5788092613220215,0.005396008491516113,7.491455078125,0.9906418323516846
1925,2.406249950581696e-05,0.1990256905555725,21.967714309692383,17.4097900390625,75.71800231933594,60.0078125,6.260394096374512,0.0046610236167907715,6.9986572265625,0.9906423091888428
1926,2.4074999600998126e-05,0.18845540285110474,4.032945156097412,3.1961779594421387,75.71800231933594,60.0078125,6.022755146026611,0.0051991939544677734,6.707275390625,0.9906423687934875
1927,2.4087499696179293e-05,0.21548570692539215,3.967348337173462,3.144191265106201,75.71800231933594,60.0078125,6.319347381591797,0.0058602988719940186,7.314208984375,0.9906424880027771
1928,2.409999979136046e-05,0.2017209380865097,53.64826583862305,42.51716613769531,75.71800231933594,60.0078125,5.6190409660339355,0.007514834403991699,6.8668212890625,0.9906426072120667
1929,2.4112499886541627e-05,0.2007972151041031,51.08441925048828,40.48527526855469,75.71800231933594,60.0078125,5.749860763549805,0.006167411804199219,6.6759033203125,0.9906426072120667
1930,2.4124999981722794e-05,0.16668254137039185,10.9358491897583,8.666847229003906,75.71800231933594,60.0078125,5.984884262084961,0.003573596477508545,7.05712890625,0.990642786026001
1931,2.413750007690396e-05,0.17775745689868927,44.78181457519531,35.490352630615234,75.71800231933594,60.0078125,5.618325233459473,0.005531668663024902,6.5621337890625,0.9906432628631592
1932,2.415000017208513e-05,0.16315066814422607,55.4695930480957,43.960601806640625,75.71800231933594,60.0078125,7.026568412780762,0.003368675708770752,7.2239990234375,0.9906434416770935
1933,2.4162500267266296e-05,0.14793896675109863,4.2529072761535645,3.3705015182495117,75.71800231933594,60.0078125,6.320010185241699,0.007000386714935303,7.2412109375,0.9906435012817383
1934,2.4175000362447463e-05,0.17477692663669586,46.96360397338867,37.219459533691406,75.71800231933594,60.0078125,6.340919017791748,0.004339814186096191,7.6756591796875,0.9906454086303711
1935,2.418750045762863e-05,0.1706739217042923,35.02193069458008,27.755477905273438,75.71800231933594,60.0078125,5.572137832641602,0.006714522838592529,7.1019287109375,0.9906455874443054
1936,2.4200000552809797e-05,0.14632411301136017,47.32345962524414,37.5046501159668,75.71800231933594,60.0078125,5.7064738273620605,0.005514621734619141,7.17333984375,0.9906456470489502
1937,2.4212500647990964e-05,0.17224343121051788,58.959136962890625,46.72612380981445,75.71800231933594,60.0078125,8.68691635131836,0.005931466817855835,6.779052734375,0.9906461238861084
1938,2.422500074317213e-05,0.1708679497241974,52.02173614501953,41.22811508178711,75.71800231933594,60.0078125,7.4628119468688965,0.0046506524085998535,6.5838623046875,0.9906463027000427
1939,2.42375008383533e-05,0.20626531541347504,33.30663299560547,26.396074295043945,75.71800231933594,60.0078125,7.306533336639404,0.00603175163269043,7.126220703125,0.9906463623046875
1940,2.4249999114545062e-05,0.1666725128889084,41.740169525146484,33.079795837402344,75.71800231933594,60.0078125,5.639889240264893,0.0054212212562561035,6.865966796875,0.9906464219093323
1941,2.426249920972623e-05,0.18732614815235138,43.59768295288086,34.551910400390625,75.71800231933594,60.0078125,6.419126510620117,0.00730973482131958,7.029541015625,0.9906466007232666
1942,2.4274999304907396e-05,0.2668246030807495,43.231727600097656,34.26188278198242,75.71800231933594,60.0078125,6.701894760131836,0.005321681499481201,6.5740966796875,0.9906466007232666
1943,2.4287499400088564e-05,0.3302749693393707,53.464351654052734,42.37141418457031,75.71800231933594,60.0078125,6.126237392425537,0.004525661468505859,7.332275390625,0.9906471371650696
1944,2.429999949526973e-05,0.34061503410339355,33.056827545166016,26.198101043701172,75.71800231933594,60.0078125,6.519834518432617,0.004505336284637451,7.103271484375,0.9906472563743591
1945,2.4312499590450898e-05,0.3278345763683319,43.216888427734375,34.2501220703125,75.71800231933594,60.0078125,7.393187046051025,0.00409853458404541,7.305419921875,0.9906492233276367
1946,2.4324999685632065e-05,0.3896569609642029,39.781463623046875,31.527490615844727,75.71800231933594,60.0078125,5.666372776031494,0.005128204822540283,7.0726318359375,0.9906492829322815
1947,2.4337499780813232e-05,0.23855094611644745,52.273651123046875,41.42776107788086,75.71800231933594,60.0078125,6.214909076690674,0.004654526710510254,6.963134765625,0.9906494617462158
1948,2.43499998759944e-05,0.3366386294364929,50.09709548950195,39.70280456542969,75.71800231933594,60.0078125,7.83297061920166,0.007084667682647705,7.341064453125,0.990649938583374
1949,2.4362499971175566e-05,0.25500616431236267,51.200538635253906,40.577301025390625,75.71800231933594,60.0078125,6.703029632568359,0.008532702922821045,6.486328125,0.9906499981880188
1950,2.4375000066356733e-05,0.3105771541595459,1.0047821998596191,0.7963070869445801,75.71800231933594,60.0078125,6.083860397338867,0.016661763191223145,6.93408203125,0.9906501173973083
1951,2.43875001615379e-05,0.22034314274787903,40.739166259765625,32.2864875793457,75.71800231933594,60.0078125,5.214508533477783,0.005845904350280762,6.910400390625,0.9906502366065979
1952,2.4400000256719068e-05,0.2758539319038391,9.116150856018066,7.224705219268799,75.71800231933594,60.0078125,5.577052593231201,0.006603717803955078,6.5098876953125,0.9906502366065979
1953,2.4412500351900235e-05,0.2061377614736557,45.387474060058594,35.9703483581543,75.71800231933594,60.0078125,5.935398101806641,0.004619240760803223,7.4808349609375,0.9906504154205322
1954,2.4425000447081402e-05,0.28330016136169434,58.78871154785156,46.59105682373047,75.71800231933594,60.0078125,6.824312686920166,0.005172669887542725,7.0711669921875,0.9906508922576904
1955,2.443750054226257e-05,0.18952718377113342,53.29104995727539,42.234066009521484,75.71800231933594,60.0078125,7.01411247253418,0.004608631134033203,7.3565673828125,0.9906510710716248
1956,2.4450000637443736e-05,0.3615446388721466,47.987144470214844,38.03063201904297,75.71800231933594,60.0078125,5.168612957000732,0.005372107028961182,6.765625,0.9906511306762695
1957,2.4462500732624903e-05,0.20305204391479492,22.69780921936035,17.988401412963867,75.71800231933594,60.0078125,6.974262714385986,0.0055127739906311035,7.0916748046875,0.9906530380249023
1958,2.447500082780607e-05,0.3617837727069855,58.08203887939453,46.031009674072266,75.71800231933594,60.0078125,6.018425941467285,0.004110455513000488,7.1884765625,0.9906532168388367
1959,2.4487499103997834e-05,0.1979726403951645,45.749794006347656,36.25749206542969,75.71800231933594,60.0078125,7.3207902908325195,0.0039061903953552246,6.8555908203125,0.9906532764434814
1960,2.4499999199179e-05,0.3676058053970337,44.84859848022461,35.54328155517578,75.71800231933594,60.0078125,6.087620258331299,0.0038666725158691406,6.8428955078125,0.9906537532806396
1961,2.4512499294360168e-05,0.25541427731513977,46.854820251464844,37.133243560791016,75.71800231933594,60.0078125,6.2395806312561035,0.004914820194244385,7.1475830078125,0.990653932094574
1962,2.4524999389541335e-05,0.2251458615064621,33.09012985229492,26.224491119384766,75.71800231933594,60.0078125,7.327455043792725,0.006163895130157471,7.0128173828125,0.9906539916992188
1963,2.4537499484722503e-05,0.29066064953804016,39.4090576171875,31.232351303100586,75.71800231933594,60.0078125,7.07138204574585,0.006643712520599365,6.9937744140625,0.9906540513038635
1964,2.454999957990367e-05,0.22060559689998627,52.645931243896484,41.72279739379883,75.71800231933594,60.0078125,4.701683521270752,0.00614851713180542,6.8251953125,0.9906542301177979
1965,2.4562499675084837e-05,0.22489959001541138,44.07902526855469,34.933380126953125,75.71800231933594,60.0078125,6.933288097381592,0.007255256175994873,6.7535400390625,0.990654706954956
1966,2.4574999770266004e-05,0.175874263048172,53.145572662353516,42.1187744140625,75.71800231933594,60.0078125,7.53253698348999,0.004123419523239136,7.2174072265625,0.9906547665596008
1967,2.458749986544717e-05,0.21921750903129578,11.467158317565918,9.087919235229492,75.71800231933594,60.0078125,5.887842655181885,0.005455315113067627,7.3050537109375,0.9906549453735352
1968,2.4599999960628338e-05,0.19919739663600922,46.425167083740234,36.79273986816406,75.71800231933594,60.0078125,5.110567092895508,0.005719423294067383,6.333740234375,0.990656852722168
1969,2.4612500055809505e-05,0.16291889548301697,8.53692626953125,6.765659809112549,75.71800231933594,60.0078125,6.588099479675293,0.005508363246917725,6.9921875,0.9906569123268127
1970,2.4625000150990672e-05,0.20788238942623138,10.822273254394531,8.576836585998535,75.71800231933594,60.0078125,6.275784015655518,0.004973381757736206,7.327392578125,0.9906570911407471
1971,2.463750024617184e-05,0.1876075118780136,47.28240203857422,37.472110748291016,75.71800231933594,60.0078125,6.523183822631836,0.005127370357513428,6.8834228515625,0.9906575679779053
1972,2.4650000341353007e-05,0.23447681963443756,10.030169486999512,7.949080467224121,75.71800231933594,60.0078125,6.435363292694092,0.004041850566864014,6.968017578125,0.9906577467918396
1973,2.4662500436534174e-05,0.23475691676139832,51.323123931884766,40.67445373535156,75.71800231933594,60.0078125,5.237458229064941,0.007948160171508789,6.7152099609375,0.9906577467918396
1974,2.467500053171534e-05,0.22365984320640564,10.126091957092285,8.025100708007812,75.71800231933594,60.0078125,7.824758052825928,0.008281230926513672,6.56005859375,0.9906578660011292
1975,2.4687500626896508e-05,0.1737433820962906,63.408329010009766,50.25218200683594,75.71800231933594,60.0078125,7.005810737609863,0.006574511528015137,7.2664794921875,0.9906579852104187
1976,2.4700000722077675e-05,0.21378953754901886,23.756011962890625,18.827045440673828,75.71800231933594,60.0078125,5.844512939453125,0.007799506187438965,6.891845703125,0.9906580448150635
1977,2.4712500817258842e-05,0.19720032811164856,54.124237060546875,42.89438247680664,75.71800231933594,60.0078125,6.160905361175537,0.007028520107269287,6.7974853515625,0.9906585216522217
1978,2.4724999093450606e-05,0.21521036326885223,39.236000061035156,31.095199584960938,75.71800231933594,60.0078125,6.323719024658203,0.008563786745071411,6.6170654296875,0.990658700466156
1979,2.4737499188631773e-05,0.23834669589996338,52.80197525024414,41.846466064453125,75.71800231933594,60.0078125,6.2364277839660645,0.006876945495605469,6.7757568359375,0.9906587600708008
1980,2.474999928381294e-05,0.21296100318431854,1.0458284616470337,0.8288369178771973,75.71800231933594,60.0078125,5.9813551902771,0.004731953144073486,6.9395751953125,0.9906607270240784
1981,2.4762499378994107e-05,0.2514517605304718,10.672844886779785,8.458412170410156,75.71800231933594,60.0078125,12.679292678833008,0.006636142730712891,6.8406982421875,0.9906608462333679
1982,2.4774999474175274e-05,0.21869726479053497,46.321266174316406,36.71039581298828,75.71800231933594,60.0078125,7.8749823570251465,0.0043024420738220215,6.935546875,0.9906613826751709
1983,2.478749956935644e-05,0.20365503430366516,9.586551666259766,7.597506046295166,75.71800231933594,60.0078125,6.575918674468994,0.004986763000488281,7.007568359375,0.9906614422798157
1984,2.479999966453761e-05,0.27553391456604004,41.1394157409668,32.60369110107422,75.71800231933594,60.0078125,6.11348295211792,0.005010068416595459,7.498291015625,0.9906615614891052
1985,2.4812499759718776e-05,0.1783050298690796,42.72582244873047,33.86094665527344,75.71800231933594,60.0078125,6.4119343757629395,0.0053490400314331055,7.0340576171875,0.9906616806983948
1986,2.4824999854899943e-05,0.2589414417743683,46.36236572265625,36.74296569824219,75.71800231933594,60.0078125,6.816918849945068,0.0062577128410339355,6.675537109375,0.9906616806983948
1987,2.483749995008111e-05,0.1634911447763443,58.09701156616211,46.04287338256836,75.71800231933594,60.0078125,6.112959384918213,0.005093812942504883,7.31103515625,0.9906618595123291
1988,2.4850000045262277e-05,0.2402704358100891,36.054656982421875,28.573932647705078,75.71800231933594,60.0078125,5.533112049102783,0.0054645538330078125,6.8839111328125,0.9906623363494873
1989,2.4862500140443444e-05,0.24437643587589264,42.511695861816406,33.691246032714844,75.71800231933594,60.0078125,6.042420864105225,0.004911065101623535,6.6024169921875,0.9906623959541321
1990,2.487500023562461e-05,0.19811193645000458,49.906150817871094,39.551475524902344,75.71800231933594,60.0078125,6.76730489730835,0.004796385765075684,7.0045166015625,0.9906625747680664
1991,2.488750033080578e-05,0.24489790201187134,20.306079864501953,16.09291648864746,75.71800231933594,60.0078125,6.1766791343688965,0.0073111653327941895,6.4761962890625,0.9906644821166992
1992,2.4900000425986946e-05,0.21923691034317017,52.05390548706055,41.25360870361328,75.71800231933594,60.0078125,6.562952518463135,0.007211923599243164,7.1932373046875,0.990664541721344
1993,2.4912500521168113e-05,0.2702699899673462,58.968929290771484,46.733882904052734,75.71800231933594,60.0078125,7.785858631134033,0.0055040717124938965,7.2901611328125,0.9906647205352783
1994,2.492500061634928e-05,0.15692515671253204,49.2581901550293,39.037960052490234,75.71800231933594,60.0078125,6.012152671813965,0.005872458219528198,7.5555419921875,0.9906651973724365
1995,2.4937500711530447e-05,0.2669996917247772,45.84587097167969,36.33363342285156,75.71800231933594,60.0078125,7.5578718185424805,0.004701435565948486,7.0302734375,0.9906653761863708
1996,2.4950000806711614e-05,0.17909270524978638,10.684967041015625,8.468019485473633,75.71800231933594,60.0078125,6.363687515258789,0.004777371883392334,7.1229248046875,0.9906653761863708
1997,2.496250090189278e-05,0.2806110382080078,45.709266662597656,36.22537612915039,75.71800231933594,60.0078125,6.405281066894531,0.006345659494400024,6.7611083984375,0.9906654953956604
1998,2.4974999178084545e-05,0.16701506078243256,10.097457885742188,8.002408027648926,75.71800231933594,60.0078125,5.681457042694092,0.005270540714263916,6.5572509765625,0.99066561460495
1999,2.4987499273265712e-05,0.3378247022628784,42.06871032714844,33.340171813964844,75.71800231933594,60.0078125,6.003279685974121,0.006666898727416992,7.115966796875,0.9906656742095947
2000,2.499999936844688e-05,0.22443747520446777,56.45432662963867,44.74102020263672,75.71800231933594,60.0078125,7.273876190185547,0.005952239036560059,6.84814453125,0.9906662106513977
2001,2.5012499463628046e-05,0.25098058581352234,60.62101745605469,48.043190002441406,75.71800231933594,60.0078125,7.456711769104004,0.00601881742477417,6.9810791015625,0.9906663298606873
2002,2.5024999558809213e-05,0.25765421986579895,47.10477066040039,37.331336975097656,75.71800231933594,60.0078125,8.056042671203613,0.00669550895690918,6.57177734375,0.9906682968139648
2003,2.503749965399038e-05,0.24011628329753876,51.62689208984375,40.91519546508789,75.71800231933594,60.0078125,5.805034160614014,0.0046918392181396484,7.345458984375,0.9906683564186096
2004,2.5049999749171548e-05,0.2624340057373047,46.1154899597168,36.54731369018555,75.71800231933594,60.0078125,5.583271503448486,0.004507482051849365,7.0552978515625,0.9906684756278992
2005,2.5062499844352715e-05,0.191944420337677,53.78032684326172,42.621826171875,75.71800231933594,60.0078125,5.358473300933838,0.004784047603607178,7.188720703125,0.9906690120697021
2006,2.5074999939533882e-05,0.24366097152233124,11.722681999206543,9.290426254272461,75.71800231933594,60.0078125,5.452559947967529,0.004481673240661621,6.9461669921875,0.9906690716743469
2007,2.508750003471505e-05,0.16696247458457947,43.85707473754883,34.757484436035156,75.71800231933594,60.0078125,6.440999507904053,0.005753636360168457,6.948486328125,0.9906691908836365
2008,2.5100000129896216e-05,0.2560809850692749,46.092742919921875,36.5292854309082,75.71800231933594,60.0078125,5.637180805206299,0.00966554880142212,7.3087158203125,0.990669310092926
2009,2.5112500225077383e-05,0.17042480409145355,38.468666076660156,30.487075805664062,75.71800231933594,60.0078125,8.002540588378906,0.007245123386383057,6.4427490234375,0.990669310092926
2010,2.512500032025855e-05,0.25817301869392395,9.904129028320312,7.849191188812256,75.71800231933594,60.0078125,5.371402740478516,0.005147099494934082,6.9285888671875,0.9906694889068604
2011,2.5137500415439717e-05,0.2487877905368805,52.17873764038086,41.352542877197266,75.71800231933594,60.0078125,6.515849590301514,0.008160531520843506,6.8902587890625,0.9906699657440186
2012,2.5150000510620885e-05,0.20231184363365173,48.89988708496094,38.75399398803711,75.71800231933594,60.0078125,7.839115619659424,0.005062997341156006,6.5552978515625,0.9906701445579529
2013,2.5162500605802052e-05,0.1697578877210617,60.65933609008789,48.07355880737305,75.71800231933594,60.0078125,6.6284098625183105,0.005129396915435791,7.488525390625,0.9906702041625977
2014,2.517500070098322e-05,0.22195139527320862,11.194876670837402,8.87213134765625,75.71800231933594,60.0078125,6.057497024536133,0.006523489952087402,7.032470703125,0.9906721115112305
2015,2.5187500796164386e-05,0.2308092713356018,0.9142049551010132,0.7245230674743652,75.71800231933594,60.0078125,4.917816162109375,0.004464507102966309,7.354248046875,0.9906722903251648
2016,2.5200000891345553e-05,0.23313257098197937,60.70320129394531,48.10832214355469,75.71800231933594,60.0078125,5.5831475257873535,0.005390822887420654,6.7646484375,0.9906723499298096
2017,2.5212499167537317e-05,0.18792159855365753,54.8182258605957,43.44438171386719,75.71800231933594,60.0078125,7.459555149078369,0.004069685935974121,7.0780029296875,0.9906728267669678
2018,2.5224999262718484e-05,0.22802677750587463,11.302453994750977,8.957387924194336,75.71800231933594,60.0078125,5.878941059112549,0.00659710168838501,7.1575927734375,0.9906730055809021
2019,2.523749935789965e-05,0.20283910632133484,35.98775100708008,28.52090835571289,75.71800231933594,60.0078125,6.705770969390869,0.0060675740242004395,6.8582763671875,0.9906730055809021
2020,2.5249999453080818e-05,0.21598999202251434,1.003998875617981,0.7956862449645996,75.71800231933594,60.0078125,6.490250587463379,0.0066498517990112305,6.7086181640625,0.9906731247901917
2021,2.5262499548261985e-05,0.26069673895835876,49.216697692871094,39.00507354736328,75.71800231933594,60.0078125,6.985518455505371,0.004645973443984985,7.107421875,0.9906732439994812
2022,2.5274999643443152e-05,0.268588125705719,44.22730255126953,35.0508918762207,75.71800231933594,60.0078125,6.5742058753967285,0.0058043599128723145,7.01025390625,0.990673303604126
2023,2.528749973862432e-05,0.21667584776878357,10.474538803100586,8.301250457763672,75.71800231933594,60.0078125,6.051151275634766,0.007870733737945557,6.971923828125,0.990673840045929
2024,2.5299999833805487e-05,0.25986447930336,46.17936325073242,36.59793472290039,75.71800231933594,60.0078125,6.468663215637207,0.005946993827819824,6.7747802734375,0.9906739592552185
2025,2.5312499928986654e-05,0.22909750044345856,8.586983680725098,6.805331230163574,75.71800231933594,60.0078125,6.8648200035095215,0.0054187774658203125,6.7525634765625,0.9906759262084961
2026,2.532500002416782e-05,0.2103206366300583,32.8289794921875,26.017526626586914,75.71800231933594,60.0078125,5.4747395515441895,0.006162405014038086,7.236083984375,0.9906759858131409
2027,2.5337500119348988e-05,0.2214284986257553,39.46604537963867,31.277517318725586,75.71800231933594,60.0078125,6.363943576812744,0.007126033306121826,7.271728515625,0.9906761646270752
2028,2.5350000214530155e-05,0.1928499937057495,33.387847900390625,26.460439682006836,75.71800231933594,60.0078125,7.358821868896484,0.0073160529136657715,6.362548828125,0.9906766414642334
2029,2.5362500309711322e-05,0.19441752135753632,56.22517013549805,44.559410095214844,75.71800231933594,60.0078125,7.3395490646362305,0.005983293056488037,7.030517578125,0.9906767010688782
2030,2.537500040489249e-05,0.29131925106048584,45.80570602416992,36.30180358886719,75.71800231933594,60.0078125,7.453010082244873,0.004900574684143066,7.2808837890625,0.9906768202781677
2031,2.5387500500073656e-05,0.2216612994670868,19.19275665283203,15.210586547851562,75.71800231933594,60.0078125,6.984490871429443,0.004878401756286621,6.740234375,0.9906769394874573
2032,2.5400000595254824e-05,0.2358573079109192,52.19473648071289,41.36521911621094,75.71800231933594,60.0078125,7.207045078277588,0.004942655563354492,7.019287109375,0.9906769394874573
2033,2.541250069043599e-05,0.22851428389549255,44.773033142089844,35.483394622802734,75.71800231933594,60.0078125,6.3499932289123535,0.005451798439025879,6.639404296875,0.9906771183013916
2034,2.5425000785617158e-05,0.21442900598049164,11.394381523132324,9.030242919921875,75.71800231933594,60.0078125,5.6816840171813965,0.006085097789764404,6.45751953125,0.9906775951385498
2035,2.5437500880798325e-05,0.3140227794647217,31.390661239624023,24.877635955810547,75.71800231933594,60.0078125,8.694869995117188,0.006397426128387451,7.219970703125,0.9906777739524841
2036,2.544999915699009e-05,0.21559467911720276,3.904825210571289,3.0946407318115234,75.71800231933594,60.0078125,5.831906795501709,0.00484997034072876,6.91162109375,0.9906778335571289
2037,2.5462499252171256e-05,0.29016923904418945,59.27383041381836,46.97552490234375,75.71800231933594,60.0078125,7.7391743659973145,0.0043492913246154785,6.7987060546875,0.9906797409057617
2038,2.5474999347352423e-05,0.20584076642990112,20.959022521972656,16.610383987426758,75.71800231933594,60.0078125,7.540192604064941,0.0074301958084106445,6.564697265625,0.990679919719696
2039,2.548749944253359e-05,0.28676486015319824,59.32786560058594,47.018348693847656,75.71800231933594,60.0078125,6.118072509765625,0.006190180778503418,6.6751708984375,0.9906799793243408
2040,2.5499999537714757e-05,0.28820377588272095,53.18511199951172,42.15011215209961,75.71800231933594,60.0078125,7.1489152908325195,0.0041307806968688965,6.966796875,0.990680456161499
2041,2.5512499632895924e-05,0.20811301469802856,0.9423543214797974,0.7468318939208984,75.71800231933594,60.0078125,11.828153610229492,0.006272017955780029,6.875,0.9906806349754333
2042,2.552499972807709e-05,0.24536879360675812,0.9545406103134155,0.7564897537231445,75.71800231933594,60.0078125,6.112358570098877,0.007017254829406738,6.852294921875,0.9906806945800781
2043,2.553749982325826e-05,0.197545126080513,11.404743194580078,9.038454055786133,75.71800231933594,60.0078125,6.229544639587402,0.0050351619720458984,7.0433349609375,0.9906807541847229
2044,2.5549999918439426e-05,0.2619287669658661,3.7139549255371094,2.9433727264404297,75.71800231933594,60.0078125,5.401837348937988,0.005314469337463379,7.509765625,0.9906809329986572
2045,2.5562500013620593e-05,0.18534202873706818,46.1821174621582,36.60011672973633,75.71800231933594,60.0078125,6.136621475219727,0.0057725608348846436,7.022705078125,0.9906809329986572
2046,2.557500010880176e-05,0.23464995622634888,54.74151611328125,43.38358688354492,75.71800231933594,60.0078125,6.825028419494629,0.005579888820648193,6.7015380859375,0.9906814694404602
2047,2.5587500203982927e-05,0.20371906459331512,45.561214447021484,36.10803985595703,75.71800231933594,60.0078125,6.151077747344971,0.00405043363571167,7.3443603515625,0.9906815886497498
2048,2.5600000299164094e-05,0.20353132486343384,40.78276824951172,32.321041107177734,75.71800231933594,60.0078125,6.006211280822754,0.006128489971160889,6.838134765625,0.9906835556030273
2049,2.561250039434526e-05,0.24320554733276367,3.9326159954071045,3.1166653633117676,75.71800231933594,60.0078125,6.367654323577881,0.006718039512634277,6.6053466796875,0.9906836152076721
2050,2.5625000489526428e-05,0.19036848843097687,61.689849853515625,48.8902587890625,75.71800231933594,60.0078125,7.012594223022461,0.007374167442321777,6.980224609375,0.9906837940216064
2051,2.5637500584707595e-05,0.24912551045417786,4.553140163421631,3.6084413528442383,75.71800231933594,60.0078125,6.0389933586120605,0.005743503570556641,6.486328125,0.9906842708587646
2052,2.5650000679888763e-05,0.20207509398460388,47.280181884765625,37.47035217285156,75.71800231933594,60.0078125,6.245284080505371,0.005197405815124512,7.1708984375,0.9906843304634094
2053,2.566250077506993e-05,0.210073322057724,46.45512390136719,36.81648254394531,75.71800231933594,60.0078125,7.7248430252075195,0.005632936954498291,7.3155517578125,0.990684449672699
2054,2.5675000870251097e-05,0.18971718847751617,50.63672637939453,40.130470275878906,75.71800231933594,60.0078125,6.267906188964844,0.006973862648010254,7.562255859375,0.9906845688819885
2055,2.568749914644286e-05,0.24474602937698364,37.70277786254883,29.880096435546875,75.71800231933594,60.0078125,6.189825057983398,0.007239043712615967,6.9742431640625,0.9906845688819885
2056,2.5699999241624027e-05,0.2066241055727005,37.46628189086914,29.692668914794922,75.71800231933594,60.0078125,4.8525004386901855,0.007238447666168213,7.1446533203125,0.9906847476959229
2057,2.5712499336805195e-05,0.2022261917591095,56.0702018737793,44.43659210205078,75.71800231933594,60.0078125,6.568569183349609,0.005253612995147705,6.8056640625,0.990685224533081
2058,2.5724999431986362e-05,0.1633717566728592,45.667720794677734,36.192447662353516,75.71800231933594,60.0078125,5.454733371734619,0.004112601280212402,6.639404296875,0.9906854033470154
2059,2.573749952716753e-05,0.19095030426979065,10.738085746765137,8.510116577148438,75.71800231933594,60.0078125,5.714727401733398,0.004195213317871094,7.11376953125,0.9906854629516602
2060,2.5749999622348696e-05,0.14955492317676544,1.0044844150543213,0.7960710525512695,75.71800231933594,60.0078125,5.857482433319092,0.004383265972137451,6.817138671875,0.990687370300293
2061,2.5762499717529863e-05,0.1853397786617279,11.47297477722168,9.092529296875,75.71800231933594,60.0078125,6.990616321563721,0.005818545818328857,6.97265625,0.9906875491142273
2062,2.577499981271103e-05,0.18388976156711578,10.553407669067383,8.36375617980957,75.71800231933594,60.0078125,5.701990127563477,0.005638241767883301,6.5438232421875,0.9906876087188721
2063,2.5787499907892197e-05,0.19593489170074463,53.78384780883789,42.62461853027344,75.71800231933594,60.0078125,6.486166954040527,0.005626380443572998,7.2249755859375,0.9906880855560303
2064,2.5800000003073364e-05,0.17463912069797516,3.8884260654449463,3.081644058227539,75.71800231933594,60.0078125,5.55580997467041,0.005082488059997559,6.9637451171875,0.9906882643699646
2065,2.581250009825453e-05,0.18262474238872528,0.9298815727233887,0.7369470596313477,75.71800231933594,60.0078125,6.185926914215088,0.004715442657470703,7.207275390625,0.9906883239746094
2066,2.58250001934357e-05,0.22088752686977386,1.000361680984497,0.7928037643432617,75.71800231933594,60.0078125,5.230195045471191,0.007815152406692505,6.9285888671875,0.9906883835792542
2067,2.5837500288616866e-05,0.17826876044273376,53.32024383544922,42.2572021484375,75.71800231933594,60.0078125,5.232391834259033,0.005115002393722534,6.9178466796875,0.9906885623931885
2068,2.5850000383798033e-05,0.17635606229305267,60.127376556396484,47.651973724365234,75.71800231933594,60.0078125,6.27194356918335,0.004227042198181152,7.2520751953125,0.9906890392303467
2069,2.58625004789792e-05,0.2167109102010727,4.361471176147461,3.456540584564209,75.71800231933594,60.0078125,7.165434837341309,0.007503986358642578,6.4156494140625,0.9906890988349915
2070,2.5875000574160367e-05,0.19400951266288757,34.063568115234375,26.995960235595703,75.71800231933594,60.0078125,8.582691192626953,0.010170459747314453,6.95361328125,0.9906892776489258
2071,2.5887500669341534e-05,0.2782616913318634,48.2220458984375,38.216796875,75.71800231933594,60.0078125,8.311190605163574,0.004397779703140259,6.8677978515625,0.9906911849975586
2072,2.59000007645227e-05,0.16056501865386963,44.976600646972656,35.64472198486328,75.71800231933594,60.0078125,6.164397716522217,0.004939913749694824,6.56640625,0.9906912446022034
2073,2.591250085970387e-05,0.20499764382839203,58.81809616088867,46.61434555053711,75.71800231933594,60.0078125,6.246540546417236,0.00687938928604126,7.334716796875,0.9906914234161377
2074,2.5924999135895632e-05,0.1651880294084549,32.343318939208984,25.632633209228516,75.71800231933594,60.0078125,6.626406192779541,0.004562199115753174,6.985107421875,0.9906919002532959
2075,2.59374992310768e-05,0.18240243196487427,49.48640823364258,39.21882629394531,75.71800231933594,60.0078125,6.638416767120361,0.004579365253448486,7.373779296875,0.9906920790672302
2076,2.5949999326257966e-05,0.21884118020534515,52.38654327392578,41.51723098754883,75.71800231933594,60.0078125,5.837716579437256,0.0057885050773620605,6.7203369140625,0.9906920790672302
2077,2.5962499421439134e-05,0.14464376866817474,27.607397079467773,21.87933349609375,75.71800231933594,60.0078125,5.784421920776367,0.00610882043838501,6.978271484375,0.9906921982765198
2078,2.59749995166203e-05,0.2364206165075302,55.58451461791992,44.05167770385742,75.71800231933594,60.0078125,6.223814964294434,0.004237711429595947,7.1910400390625,0.9906923174858093
2079,2.5987499611801468e-05,0.23978197574615479,4.017959117889404,3.1843013763427734,75.71800231933594,60.0078125,5.196233749389648,0.0066558122634887695,6.733154296875,0.9906923770904541
2080,2.5999999706982635e-05,0.1751815378665924,46.64214324951172,36.96469497680664,75.71800231933594,60.0078125,6.619266510009766,0.0051313042640686035,6.7208251953125,0.9906928539276123
2081,2.6012499802163802e-05,0.16653189063072205,52.42980194091797,41.551513671875,75.71800231933594,60.0078125,8.491394996643066,0.004234015941619873,7.146240234375,0.9906930327415466
2082,2.602499989734497e-05,0.15415699779987335,0.9333279728889465,0.7396783828735352,75.71800231933594,60.0078125,6.0442023277282715,0.004169285297393799,7.0013427734375,0.9906930923461914
2083,2.6037499992526136e-05,0.18580961227416992,46.5275764465332,36.8739013671875,75.71800231933594,60.0078125,5.86508321762085,0.005062103271484375,7.0325927734375,0.990695059299469
2084,2.6050000087707303e-05,0.16000120341777802,10.66895580291748,8.455329895019531,75.71800231933594,60.0078125,5.000125885009766,0.005207836627960205,6.776611328125,0.9906951785087585
2085,2.606250018288847e-05,0.22939500212669373,0.9613437652587891,0.7618813514709473,75.71800231933594,60.0078125,7.485598087310791,0.008647769689559937,6.794921875,0.9906957149505615
2086,2.6075000278069638e-05,0.17848370969295502,54.68134689331055,43.33590316772461,75.71800231933594,60.0078125,5.178277492523193,0.00543898344039917,7.2086181640625,0.9906957745552063
2087,2.6087500373250805e-05,0.1823021024465561,59.401241302490234,47.076499938964844,75.71800231933594,60.0078125,7.404489040374756,0.005970776081085205,7.2880859375,0.9906958937644958
2088,2.6100000468431972e-05,0.15758876502513885,45.33524703979492,35.928958892822266,75.71800231933594,60.0078125,7.771743297576904,0.005884289741516113,6.34912109375,0.9906960129737854
2089,2.611250056361314e-05,0.16414588689804077,51.03306579589844,40.444576263427734,75.71800231933594,60.0078125,7.472977161407471,0.005237460136413574,6.9967041015625,0.9906960129737854
2090,2.6125000658794306e-05,0.20201140642166138,44.40997314453125,35.19566345214844,75.71800231933594,60.0078125,6.850698471069336,0.0064321160316467285,7.2635498046875,0.9906961917877197
2091,2.6137500753975473e-05,0.17618447542190552,38.744361877441406,30.705570220947266,75.71800231933594,60.0078125,6.133457183837891,0.0040627121925354,6.756103515625,0.9906966686248779
2092,2.615000084915664e-05,0.19058318436145782,42.67666244506836,33.821983337402344,75.71800231933594,60.0078125,6.9589056968688965,0.006612300872802734,7.0032958984375,0.9906967282295227
2093,2.6162499125348404e-05,0.17692647874355316,11.245455741882324,8.912216186523438,75.71800231933594,60.0078125,7.921151638031006,0.005656123161315918,6.6705322265625,0.990696907043457
2094,2.617499922052957e-05,0.2145569771528244,47.76555633544922,37.855018615722656,75.71800231933594,60.0078125,6.470165729522705,0.00492173433303833,6.496337890625,0.9906988143920898
2095,2.6187499315710738e-05,0.17270603775978088,37.39314270019531,29.63470458984375,75.71800231933594,60.0078125,6.20100736618042,0.005725741386413574,7.1356201171875,0.9906988739967346
2096,2.6199999410891905e-05,0.19431500136852264,47.92550277709961,37.981781005859375,75.71800231933594,60.0078125,5.7899346351623535,0.006548523902893066,6.9185791015625,0.990699052810669
2097,2.6212499506073073e-05,0.1583711802959442,55.51462173461914,43.99628829956055,75.71800231933594,60.0078125,5.560546398162842,0.0053465962409973145,6.80615234375,0.9906995296478271
2098,2.622499960125424e-05,0.17765206098556519,3.5906176567077637,2.845625877380371,75.71800231933594,60.0078125,6.253962993621826,0.004872232675552368,6.5667724609375,0.9906997084617615
2099,2.6237499696435407e-05,0.17301954329013824,0.9847025275230408,0.7803936004638672,75.71800231933594,60.0078125,6.292328357696533,0.0058820247650146484,6.7003173828125,0.9906997084617615
2100,2.6249999791616574e-05,0.17137236893177032,46.91577911376953,37.181556701660156,75.71800231933594,60.0078125,6.039531230926514,0.0046999454498291016,6.9234619140625,0.990699827671051
2101,2.626249988679774e-05,0.18451210856437683,1.058962345123291,0.8392457962036133,75.71800231933594,60.0078125,13.107563018798828,0.007046401500701904,6.994140625,0.9906999468803406
2102,2.6274999981978908e-05,0.16988034546375275,45.97195816040039,36.433563232421875,75.71800231933594,60.0078125,6.649322986602783,0.006058096885681152,6.9332275390625,0.9907000064849854
2103,2.6287500077160075e-05,0.16946585476398468,45.22153854370117,35.838844299316406,75.71800231933594,60.0078125,6.0087785720825195,0.003364741802215576,7.0986328125,0.9907005429267883
2104,2.6300000172341242e-05,0.16381488740444183,52.622642517089844,41.704341888427734,75.71800231933594,60.0078125,6.6112189292907715,0.004233837127685547,7.5614013671875,0.9907006621360779
2105,2.631250026752241e-05,0.16159400343894958,38.84877014160156,30.788312911987305,75.71800231933594,60.0078125,7.786043167114258,0.00575786828994751,6.9853515625,0.9907007217407227
2106,2.6325000362703577e-05,0.1921105533838272,43.139339447021484,34.188663482666016,75.71800231933594,60.0078125,7.737946510314941,0.004736542701721191,6.5904541015625,0.9907026886940002
2107,2.6337500457884744e-05,0.1568543165922165,22.802623748779297,18.071468353271484,75.71800231933594,60.0078125,8.381265640258789,0.0050948262214660645,7.3482666015625,0.9907028079032898
2108,2.635000055306591e-05,0.21540769934654236,53.38875198364258,42.311500549316406,75.71800231933594,60.0078125,6.979794025421143,0.006576657295227051,6.8717041015625,0.9907033443450928
2109,2.6362500648247078e-05,0.20304565131664276,46.5664176940918,36.90468215942383,75.71800231933594,60.0078125,6.962516784667969,0.004249632358551025,6.660888671875,0.9907034039497375
2110,2.6375000743428245e-05,0.1922493278980255,8.621091842651367,6.832362651824951,75.71800231933594,60.0078125,6.135137557983398,0.004811882972717285,6.9879150390625,0.9907035231590271
2111,2.6387500838609412e-05,0.2299226075410843,3.970363140106201,3.146580696105957,75.71800231933594,60.0078125,5.188466548919678,0.0061283111572265625,6.4857177734375,0.9907036423683167
2112,2.6399999114801176e-05,0.2743349075317383,60.02642059326172,47.571964263916016,75.71800231933594,60.0078125,6.910961627960205,0.004541456699371338,7.1572265625,0.9907036423683167
2113,2.6412499209982343e-05,0.18328793346881866,43.66533279418945,34.60552215576172,75.71800231933594,60.0078125,5.549647331237793,0.005601644515991211,7.236083984375,0.990703821182251
2114,2.642499930516351e-05,0.22858932614326477,35.733070373535156,28.319068908691406,75.71800231933594,60.0078125,6.6713056564331055,0.00614088773727417,7.4281005859375,0.9907042980194092
2115,2.6437499400344677e-05,0.21455857157707214,45.356868743896484,35.94609451293945,75.71800231933594,60.0078125,8.87641429901123,0.0064321160316467285,6.8370361328125,0.9907044768333435
2116,2.6449999495525844e-05,0.2733878493309021,4.2697649002075195,3.383861541748047,75.71800231933594,60.0078125,6.375945091247559,0.005897700786590576,6.935546875,0.9907045364379883
2117,2.646249959070701e-05,0.2428930401802063,11.36503791809082,9.006986618041992,75.71800231933594,60.0078125,6.936222553253174,0.0071563720703125,6.73046875,0.9907064437866211
2118,2.647499968588818e-05,0.234943687915802,54.414955139160156,43.12478256225586,75.71800231933594,60.0078125,6.705040454864502,0.0053008198738098145,6.64794921875,0.9907066226005554
2119,2.6487499781069346e-05,0.2768141031265259,65.12538146972656,51.612979888916016,75.71800231933594,60.0078125,6.014303684234619,0.004444897174835205,7.0992431640625,0.9907066822052002
2120,2.6499999876250513e-05,0.23150120675563812,52.128231048583984,41.31251525878906,75.71800231933594,60.0078125,7.979585647583008,0.004768252372741699,6.87646484375,0.9907071590423584
2121,2.651249997143168e-05,0.28623729944229126,45.01985168457031,35.67900466918945,75.71800231933594,60.0078125,6.235417366027832,0.004112720489501953,7.00830078125,0.9907073378562927
2122,2.6525000066612847e-05,0.2229156196117401,47.88981628417969,37.95349884033203,75.71800231933594,60.0078125,8.29179859161377,0.00432133674621582,6.5469970703125,0.9907073378562927
2123,2.6537500161794014e-05,0.2708112895488739,39.12907409667969,31.010459899902344,75.71800231933594,60.0078125,8.1842679977417,0.0045416951179504395,7.136474609375,0.9907074570655823
2124,2.655000025697518e-05,0.28376415371894836,52.118473052978516,41.30478286743164,75.71800231933594,60.0078125,7.169888496398926,0.004893958568572998,6.9715576171875,0.9907075762748718
2125,2.656250035215635e-05,0.24167580902576447,22.34296226501465,17.70718002319336,75.71800231933594,60.0078125,7.256491184234619,0.006488680839538574,7.3338623046875,0.9907076358795166
2126,2.6575000447337516e-05,0.2785211205482483,52.22819137573242,41.3917350769043,75.71800231933594,60.0078125,7.115672588348389,0.0045236945152282715,7.0509033203125,0.9907081723213196
2127,2.6587500542518683e-05,0.22536373138427734,20.49982261657715,16.2464599609375,75.71800231933594,60.0078125,7.38286828994751,0.006518006324768066,6.911865234375,0.9907082915306091
2128,2.660000063769985e-05,0.345030277967453,31.547325134277344,25.001792907714844,75.71800231933594,60.0078125,7.522149085998535,0.004401564598083496,7.241455078125,0.9907083511352539
2129,2.6612500732881017e-05,0.18305456638336182,48.109657287597656,38.12772750854492,75.71800231933594,60.0078125,5.4836812019348145,0.0058002769947052,6.473876953125,0.9907103180885315
2130,2.6625000828062184e-05,0.42198657989501953,47.32902526855469,37.50905990600586,75.71800231933594,60.0078125,7.733484268188477,0.0038491487503051758,6.88330078125,0.9907104969024658
2131,2.6637499104253948e-05,0.230528324842453,0.9596271514892578,0.7605209350585938,75.71800231933594,60.0078125,5.70831823348999,0.0050424933433532715,6.868896484375,0.990710973739624
2132,2.6649999199435115e-05,0.35824117064476013,50.51986312866211,40.0378532409668,75.71800231933594,60.0078125,6.033034801483154,0.010864198207855225,6.5794677734375,0.9907110333442688
2133,2.6662499294616282e-05,0.188684344291687,10.275793075561523,8.143741607666016,75.71800231933594,60.0078125,6.008555889129639,0.0062888264656066895,7.2669677734375,0.9907111525535583
2134,2.667499938979745e-05,0.2881915271282196,50.605003356933594,40.10533142089844,75.71800231933594,60.0078125,9.56364917755127,0.004099130630493164,6.95263671875,0.9907112717628479
2135,2.6687499484978616e-05,0.2453971952199936,52.62527084350586,41.706424713134766,75.71800231933594,60.0078125,5.959486484527588,0.004259824752807617,7.2818603515625,0.9907112717628479
2136,2.6699999580159783e-05,0.2716655433177948,52.78036880493164,41.829345703125,75.71800231933594,60.0078125,5.090569496154785,0.004446208477020264,6.6795654296875,0.9907114505767822
2137,2.671249967534095e-05,0.2317916452884674,48.34913635253906,38.3175163269043,75.71800231933594,60.0078125,7.957464694976807,0.0034626126289367676,6.9130859375,0.9907119274139404
2138,2.6724999770522118e-05,0.19652266800403595,65.6185302734375,52.00380325317383,75.71800231933594,60.0078125,8.700294494628906,0.005418896675109863,7.1951904296875,0.9907121062278748
2139,2.6737499865703285e-05,0.24832986295223236,0.9676637649536133,0.7668900489807129,75.71800231933594,60.0078125,6.6714982986450195,0.0077378153800964355,6.8037109375,0.9907121658325195
2140,2.6749999960884452e-05,0.18824271857738495,24.15876007080078,19.146230697631836,75.71800231933594,60.0078125,6.231834888458252,0.007277309894561768,6.72509765625,0.9907140731811523
2141,2.676250005606562e-05,0.2295372039079666,10.457188606262207,8.287500381469727,75.71800231933594,60.0078125,5.577460765838623,0.004926204681396484,7.1588134765625,0.9907142519950867
2142,2.6775000151246786e-05,0.190826416015625,4.579805850982666,3.6295742988586426,75.71800231933594,60.0078125,5.834366798400879,0.005404472351074219,7.06884765625,0.9907143115997314
2143,2.6787500246427953e-05,0.18334847688674927,55.32188034057617,43.843536376953125,75.71800231933594,60.0078125,7.971860885620117,0.005014657974243164,7.031005859375,0.9907147884368896
2144,2.680000034160912e-05,0.20019623637199402,10.823409080505371,8.577735900878906,75.71800231933594,60.0078125,5.003793716430664,0.008273124694824219,6.8326416015625,0.990714967250824
2145,2.6812500436790287e-05,0.17634454369544983,34.053592681884766,26.988054275512695,75.71800231933594,60.0078125,7.7021660804748535,0.006265580654144287,6.84033203125,0.9907150268554688
2146,2.6825000531971455e-05,0.1877509206533432,40.48303985595703,32.083499908447266,75.71800231933594,60.0078125,7.337785720825195,0.005357503890991211,7.1781005859375,0.9907150864601135
2147,2.6837500627152622e-05,0.16501788794994354,23.984941482543945,19.00847625732422,75.71800231933594,60.0078125,6.94580078125,0.004671216011047363,7.2723388671875,0.9907152652740479
2148,2.685000072233379e-05,0.18524058163166046,10.555960655212402,8.365779876708984,75.71800231933594,60.0078125,5.785876274108887,0.006692707538604736,6.232421875,0.9907152652740479
2149,2.6862500817514956e-05,0.14809630811214447,52.70820236206055,41.772151947021484,75.71800231933594,60.0078125,5.469616889953613,0.006310582160949707,6.9072265625,0.9907158017158508
2150,2.687499909370672e-05,0.26239827275276184,52.915035247802734,41.93606948852539,75.71800231933594,60.0078125,5.993875026702881,0.00426870584487915,7.1781005859375,0.9907159805297852
2151,2.6887499188887887e-05,0.19619639217853546,47.75851058959961,37.84943389892578,75.71800231933594,60.0078125,6.729701995849609,0.006690859794616699,6.74365234375,0.990717887878418
2152,2.6899999284069054e-05,0.20881140232086182,52.091697692871094,41.28356170654297,75.71800231933594,60.0078125,7.335446357727051,0.00688326358795166,6.9989013671875,0.9907179474830627
2153,2.691249937925022e-05,0.22274188697338104,43.7188720703125,34.647953033447266,75.71800231933594,60.0078125,6.379444122314453,0.006577879190444946,6.6541748046875,0.9907181262969971
2154,2.6924999474431388e-05,0.18383996188640594,1.0190738439559937,0.8076333999633789,75.71800231933594,60.0078125,5.675327301025391,0.0060340166091918945,6.479248046875,0.9907186031341553
2155,2.6937499569612555e-05,0.240630105137825,51.75183868408203,41.01421356201172,75.71800231933594,60.0078125,5.528331279754639,0.0032317638397216797,7.1282958984375,0.9907186627388
2156,2.6949999664793722e-05,0.17581990361213684,44.03407287597656,34.89775466918945,75.71800231933594,60.0078125,7.347409725189209,0.00587385892868042,6.7987060546875,0.9907187819480896
2157,2.696249975997489e-05,0.21077397465705872,1.0423928499221802,0.8261141777038574,75.71800231933594,60.0078125,6.6325249671936035,0.0044768452644348145,6.753173828125,0.9907189011573792
2158,2.6974999855156057e-05,0.2148279994726181,38.51034927368164,30.520109176635742,75.71800231933594,60.0078125,6.924473762512207,0.0052564144134521484,6.54052734375,0.9907189011573792
2159,2.6987499950337224e-05,0.21646228432655334,32.524749755859375,25.77642059326172,75.71800231933594,60.0078125,5.881535053253174,0.004717648029327393,6.779052734375,0.9907190799713135
2160,2.700000004551839e-05,0.21064211428165436,44.051231384277344,34.911354064941406,75.71800231933594,60.0078125,5.880832672119141,0.004375338554382324,6.89501953125,0.9907195568084717
2161,2.7012500140699558e-05,0.22526173293590546,52.92615509033203,41.944881439208984,75.71800231933594,60.0078125,13.308748245239258,0.005422532558441162,7.103515625,0.990719735622406
2162,2.7025000235880725e-05,0.22525982558727264,54.485870361328125,43.18098449707031,75.71800231933594,60.0078125,6.179945468902588,0.006070852279663086,6.8670654296875,0.9907197952270508
2163,2.7037500331061892e-05,0.25208374857902527,48.036720275878906,38.069923400878906,75.71800231933594,60.0078125,6.4131693840026855,0.0043143630027771,7.1058349609375,0.9907217025756836
2164,2.705000042624306e-05,0.2360735535621643,42.608882904052734,33.76826858520508,75.71800231933594,60.0078125,6.27968692779541,0.006314277648925781,7.578857421875,0.9907218813896179
2165,2.7062500521424226e-05,0.2038235068321228,47.404502868652344,37.568878173828125,75.71800231933594,60.0078125,5.939823150634766,0.0053285956382751465,6.9290771484375,0.9907219409942627
2166,2.7075000616605394e-05,0.19478526711463928,46.351951599121094,36.73471450805664,75.71800231933594,60.0078125,8.798529624938965,0.005890905857086182,6.5782470703125,0.9907224178314209
2167,2.708750071178656e-05,0.25260746479034424,51.33592224121094,40.68459701538086,75.71800231933594,60.0078125,6.4471821784973145,0.005351066589355469,7.3819580078125,0.9907225966453552
2168,2.7100000806967728e-05,0.2074306160211563,59.21299743652344,46.927310943603516,75.71800231933594,60.0078125,5.871433258056641,0.006843745708465576,6.877685546875,0.99072265625
2169,2.7112500902148895e-05,0.2638634443283081,46.0980110168457,36.53346252441406,75.71800231933594,60.0078125,7.351181983947754,0.004305779933929443,6.68505859375,0.9907227158546448
2170,2.712499917834066e-05,0.18449760973453522,53.1204948425293,42.098899841308594,75.71800231933594,60.0078125,5.7264604568481445,0.005486249923706055,7.0174560546875,0.9907228946685791
2171,2.7137499273521826e-05,0.2781667411327362,53.205894470214844,42.16658020019531,75.71800231933594,60.0078125,7.7213006019592285,0.007557928562164307,6.55859375,0.9907233715057373
2172,2.7149999368702993e-05,0.16213984787464142,1.0260123014450073,0.8131322860717773,75.71800231933594,60.0078125,6.995245933532715,0.0034425854682922363,7.1551513671875,0.9907234311103821
2173,2.716249946388416e-05,0.2185751348733902,51.40452575683594,40.73896408081055,75.71800231933594,60.0078125,5.477509021759033,0.005582094192504883,7.15966796875,0.9907236099243164
2174,2.7174999559065327e-05,0.26675960421562195,57.52233123779297,45.58742904663086,75.71800231933594,60.0078125,7.186913013458252,0.004721343517303467,7.42578125,0.9907255172729492
2175,2.7187499654246494e-05,0.22189250588417053,45.94140625,36.40934753417969,75.71800231933594,60.0078125,6.957241535186768,0.0058585405349731445,6.8218994140625,0.990725576877594
2176,2.719999974942766e-05,0.26813170313835144,38.42518615722656,30.452617645263672,75.71800231933594,60.0078125,7.621435165405273,0.006040632724761963,7.060791015625,0.9907257556915283
2177,2.721249984460883e-05,0.1551453322172165,61.100341796875,48.423065185546875,75.71800231933594,60.0078125,7.677701473236084,0.005650699138641357,6.72412109375,0.9907262325286865
2178,2.7224999939789996e-05,0.3029210865497589,44.2071418762207,35.034915924072266,75.71800231933594,60.0078125,7.482277870178223,0.006634652614593506,6.610595703125,0.9907264113426208
2179,2.7237500034971163e-05,0.22228702902793884,58.11848068237305,46.05988693237305,75.71800231933594,60.0078125,7.192596912384033,0.00519871711730957,7.0687255859375,0.9907264113426208
2180,2.725000013015233e-05,0.2241358608007431,37.14084243774414,29.43475341796875,75.71800231933594,60.0078125,6.036924362182617,0.0045528411865234375,6.853271484375,0.9907265305519104
2181,2.7262500225333497e-05,0.24336570501327515,54.66667175292969,43.32427215576172,75.71800231933594,60.0078125,5.452678203582764,0.0041844844818115234,6.997802734375,0.9907266497612
2182,2.7275000320514664e-05,0.18964695930480957,0.9702888131141663,0.7689704895019531,75.71800231933594,60.0078125,5.817127227783203,0.004981696605682373,6.548828125,0.9907267093658447
2183,2.728750041569583e-05,0.2606593370437622,48.38740158081055,38.347843170166016,75.71800231933594,60.0078125,5.4836578369140625,0.005063474178314209,7.041748046875,0.9907271862030029
2184,2.7300000510876998e-05,0.2932093143463135,1.0475040674209595,0.830164909362793,75.71800231933594,60.0078125,6.364042282104492,0.0054931640625,6.989501953125,0.9907273650169373
2185,2.7312500606058165e-05,0.17925797402858734,23.556718826293945,18.66910171508789,75.71800231933594,60.0078125,5.371590614318848,0.0053612589836120605,7.2784423828125,0.990727424621582
2186,2.7325000701239333e-05,0.33079811930656433,52.71540451049805,41.77785873413086,75.71800231933594,60.0078125,6.485933780670166,0.004959404468536377,7.05029296875,0.9907293915748596
2187,2.73375007964205e-05,0.2939796447753906,4.307176113128662,3.413510799407959,75.71800231933594,60.0078125,6.483038425445557,0.004248201847076416,6.8399658203125,0.9907295107841492
2188,2.7350000891601667e-05,0.3133945167064667,29.41400146484375,23.311100006103516,75.71800231933594,60.0078125,5.971804141998291,0.003622770309448242,7.2225341796875,0.9907300472259521
2189,2.736249916779343e-05,0.23394204676151276,9.342219352722168,7.403868675231934,75.71800231933594,60.0078125,6.423774242401123,0.004747271537780762,6.4906005859375,0.9907301068305969
2190,2.7374999262974598e-05,0.30142077803611755,39.83557891845703,31.570377349853516,75.71800231933594,60.0078125,5.917055130004883,0.004056036472320557,6.8564453125,0.9907302260398865
2191,2.7387499358155765e-05,0.30693620443344116,10.727375030517578,8.501628875732422,75.71800231933594,60.0078125,5.567511081695557,0.0040985941886901855,6.987548828125,0.990730345249176
2192,2.7399999453336932e-05,0.22985410690307617,24.28523063659668,19.2464599609375,75.71800231933594,60.0078125,6.646016597747803,0.00541079044342041,6.5467529296875,0.990730345249176
2193,2.74124995485181e-05,0.34856224060058594,50.532958984375,40.04823303222656,75.71800231933594,60.0078125,8.122838973999023,0.004195868968963623,7.2703857421875,0.9907305240631104
2194,2.7424999643699266e-05,0.29635000228881836,0.9754524230957031,0.7730627059936523,75.71800231933594,60.0078125,5.61639928817749,0.004075169563293457,6.9095458984375,0.9907310009002686
2195,2.7437499738880433e-05,0.31496328115463257,49.544761657714844,39.265071868896484,75.71800231933594,60.0078125,7.112483978271484,0.005135893821716309,7.18359375,0.9907310605049133
2196,2.74499998340616e-05,0.2758970558643341,51.22918701171875,40.600006103515625,75.71800231933594,60.0078125,6.350685119628906,0.006176650524139404,6.676513671875,0.9907312393188477
2197,2.7462499929242767e-05,0.3602711856365204,1.034170389175415,0.8195977210998535,75.71800231933594,60.0078125,5.997591972351074,0.005174994468688965,6.876220703125,0.9907331466674805
2198,2.7475000024423935e-05,0.18214121460914612,59.92333984375,47.490272521972656,75.71800231933594,60.0078125,5.75992488861084,0.003383845090866089,7.1763916015625,0.9907332062721252
2199,2.74875001196051e-05,0.315511018037796,45.21918869018555,35.83698272705078,75.71800231933594,60.0078125,6.80656623840332,0.007071852684020996,6.7945556640625,0.9907333850860596
2200,2.750000021478627e-05,0.20589344203472137,23.9654483795166,18.993026733398438,75.71800231933594,60.0078125,7.020303726196289,0.0038245320320129395,6.7020263671875,0.9907338619232178
2201,2.7512500309967436e-05,0.2612411081790924,55.92719650268555,44.32325744628906,75.71800231933594,60.0078125,7.019302845001221,0.003938257694244385,7.2083740234375,0.9907340407371521
2202,2.7525000405148603e-05,0.2558501958847046,56.9669075012207,45.147247314453125,75.71800231933594,60.0078125,7.217790126800537,0.0028635263442993164,7.06591796875,0.9907340407371521
2203,2.753750050032977e-05,0.18779614567756653,22.845523834228516,18.10546875,75.71800231933594,60.0078125,6.411354064941406,0.007486939430236816,6.893798828125,0.9907341599464417
2204,2.7550000595510937e-05,0.25409966707229614,10.390027046203613,8.234273910522461,75.71800231933594,60.0078125,5.344010829925537,0.006930172443389893,6.87353515625,0.9907342791557312
2205,2.7562500690692104e-05,0.2191801220178604,57.427879333496094,45.512577056884766,75.71800231933594,60.0078125,5.7321882247924805,0.0048975348472595215,6.8385009765625,0.990734338760376
2206,2.757500078587327e-05,0.32333797216415405,44.665348052978516,35.398048400878906,75.71800231933594,60.0078125,5.949460029602051,0.0056220293045043945,7.1298828125,0.990734875202179
2207,2.758750088105444e-05,0.24595944583415985,43.660499572753906,34.60169219970703,75.71800231933594,60.0078125,7.063951015472412,0.007156342267990112,7.205810546875,0.9907349944114685
2208,2.7599999157246202e-05,0.2522101104259491,1.016865611076355,0.8058834075927734,75.71800231933594,60.0078125,5.403421878814697,0.005664408206939697,6.1712646484375,0.9907369613647461
2209,2.761249925242737e-05,0.24574829638004303,31.342069625854492,24.83912467956543,75.71800231933594,60.0078125,5.944337844848633,0.004222869873046875,6.8695068359375,0.9907370209693909
2210,2.7624999347608536e-05,0.25763431191444397,4.463247776031494,3.5371999740600586,75.71800231933594,60.0078125,5.322208404541016,0.00348508358001709,7.1861572265625,0.9907371401786804
2211,2.7637499442789704e-05,0.2951580882072449,60.409637451171875,47.87567138671875,75.71800231933594,60.0078125,5.374078750610352,0.005447804927825928,6.738037109375,0.9907376766204834
2212,2.764999953797087e-05,0.3034289479255676,60.37450408935547,47.84782409667969,75.71800231933594,60.0078125,6.860998153686523,0.005523204803466797,7.019287109375,0.9907377362251282
2213,2.7662499633152038e-05,0.22111091017723083,21.98639678955078,17.42459487915039,75.71800231933594,60.0078125,6.0866169929504395,0.004188239574432373,6.63916015625,0.9907378554344177
2214,2.7674999728333205e-05,0.2829868793487549,55.39369201660156,43.900447845458984,75.71800231933594,60.0078125,5.8837995529174805,0.004603266716003418,6.599853515625,0.9907379746437073
2215,2.7687499823514372e-05,0.19275444746017456,54.86064147949219,43.477996826171875,75.71800231933594,60.0078125,6.553969383239746,0.004243910312652588,7.1097412109375,0.9907379746437073
2216,2.769999991869554e-05,0.30847620964050293,46.77149963378906,37.06721496582031,75.71800231933594,60.0078125,6.985722541809082,0.006952345371246338,6.7734375,0.9907381534576416
2217,2.7712500013876706e-05,0.22599227726459503,46.50728988647461,36.85782241821289,75.71800231933594,60.0078125,6.192992210388184,0.005916953086853027,6.8568115234375,0.9907386302947998
2218,2.7725000109057873e-05,0.2127644121646881,62.020225524902344,49.1520881652832,75.71800231933594,60.0078125,5.946350574493408,0.005295395851135254,6.505859375,0.9907388091087341
2219,2.773750020423904e-05,0.20322218537330627,10.73881721496582,8.510696411132812,75.71800231933594,60.0078125,6.240718841552734,0.004763662815093994,6.773193359375,0.9907388687133789
2220,2.7750000299420208e-05,0.16136586666107178,51.117393493652344,40.511409759521484,75.71800231933594,60.0078125,8.292445182800293,0.004900634288787842,6.8865966796875,0.9907407760620117
2221,2.7762500394601375e-05,0.23395663499832153,54.66968536376953,43.32666015625,75.71800231933594,60.0078125,13.097711563110352,0.005499511957168579,7.0921630859375,0.990740954875946
2222,2.7775000489782542e-05,0.15933407843112946,0.9490430951118469,0.7521328926086426,75.71800231933594,60.0078125,6.575971603393555,0.004176735877990723,6.892578125,0.9907410144805908
2223,2.778750058496371e-05,0.21954655647277832,50.09699249267578,39.70272445678711,75.71800231933594,60.0078125,6.418444633483887,0.005494594573974609,7.07568359375,0.990741491317749
2224,2.7800000680144876e-05,0.1958346962928772,47.95476531982422,38.00497055053711,75.71800231933594,60.0078125,6.201052188873291,0.0048479437828063965,7.559814453125,0.9907416701316833
2225,2.7812500775326043e-05,0.18428240716457367,36.2879638671875,28.758831024169922,75.71800231933594,60.0078125,5.171681880950928,0.009656667709350586,6.932373046875,0.9907416701316833
2226,2.782500087050721e-05,0.19665156304836273,60.517738342285156,47.961341857910156,75.71800231933594,60.0078125,5.767560005187988,0.004711449146270752,6.58935546875,0.9907417893409729
2227,2.7837499146698974e-05,0.14179369807243347,51.22754669189453,40.59870529174805,75.71800231933594,60.0078125,6.721254825592041,0.0039101243019104,7.336669921875,0.9907419085502625
2228,2.784999924188014e-05,0.20620468258857727,40.29441452026367,31.93401336669922,75.71800231933594,60.0078125,5.123790740966797,0.005854904651641846,6.852783203125,0.9907419681549072
2229,2.786249933706131e-05,0.16320429742336273,23.340330123901367,18.497610092163086,75.71800231933594,60.0078125,6.2901611328125,0.004528224468231201,6.6641845703125,0.9907425045967102
2230,2.7874999432242475e-05,0.1652369648218155,26.09964942932129,20.684417724609375,75.71800231933594,60.0078125,4.5090203285217285,0.005200564861297607,6.951416015625,0.9907426238059998
2231,2.7887499527423643e-05,0.19611267745494843,11.474576950073242,9.09379768371582,75.71800231933594,60.0078125,7.028554439544678,0.005538463592529297,6.4566650390625,0.9907445907592773
2232,2.789999962260481e-05,0.17109501361846924,39.76936340332031,31.517900466918945,75.71800231933594,60.0078125,6.629847049713135,0.0062364935874938965,7.259033203125,0.9907446503639221
2233,2.7912499717785977e-05,0.17474783957004547,46.697200775146484,37.008331298828125,75.71800231933594,60.0078125,6.467355728149414,0.008297145366668701,7.0584716796875,0.9907448291778564
2234,2.7924999812967144e-05,0.18212376534938812,40.008811950683594,31.707666397094727,75.71800231933594,60.0078125,6.208512306213379,0.006753504276275635,7.34765625,0.9907453060150146
2235,2.793749990814831e-05,0.192184716463089,45.145347595214844,35.77846145629883,75.71800231933594,60.0078125,8.903026580810547,0.005827605724334717,6.809814453125,0.9907453656196594
2236,2.7950000003329478e-05,0.16090334951877594,49.01901626586914,38.84840774536133,75.71800231933594,60.0078125,6.449490547180176,0.0050133466720581055,6.9486083984375,0.990745484828949
2237,2.7962500098510645e-05,0.20272590219974518,38.09714126586914,30.19263458251953,75.71800231933594,60.0078125,6.489842891693115,0.007796525955200195,6.7152099609375,0.9907456040382385
2238,2.7975000193691812e-05,0.1571081131696701,59.37287521362305,47.054019927978516,75.71800231933594,60.0078125,5.809947967529297,0.004679083824157715,6.59814453125,0.9907456040382385
2239,2.798750028887298e-05,0.17736276984214783,41.64756774902344,33.00640869140625,75.71800231933594,60.0078125,5.608908653259277,0.008140742778778076,7.0615234375,0.9907457828521729
2240,2.8000000384054147e-05,0.1697877049446106,48.04121017456055,38.07347869873047,75.71800231933594,60.0078125,5.962665557861328,0.004426717758178711,6.892578125,0.990746259689331
2241,2.8012500479235314e-05,0.16209246218204498,49.3057746887207,39.07566833496094,75.71800231933594,60.0078125,6.53972053527832,0.006821155548095703,6.9654541015625,0.9907464385032654
2242,2.802500057441648e-05,0.18006335198879242,0.8948683738708496,0.7091984748840332,75.71800231933594,60.0078125,7.0689520835876465,0.0039460062980651855,6.5858154296875,0.9907464981079102
2243,2.8037500669597648e-05,0.18199855089187622,9.271230697631836,7.347609043121338,75.71800231933594,60.0078125,6.797390460968018,0.005831360816955566,7.005859375,0.990748405456543
2244,2.8050000764778815e-05,0.19096620380878448,41.18110275268555,32.6367301940918,75.71800231933594,60.0078125,6.446451187133789,0.004065871238708496,7.0540771484375,0.9907485842704773
2245,2.8062500859959982e-05,0.16398727893829346,50.96342086791992,40.389381408691406,75.71800231933594,60.0078125,7.430344104766846,0.004060089588165283,7.295654296875,0.9907486438751221
2246,2.8074999136151746e-05,0.15977662801742554,54.604949951171875,43.27535629272461,75.71800231933594,60.0078125,5.9904890060424805,0.004704892635345459,7.0283203125,0.9907491207122803
2247,2.8087499231332913e-05,0.16479133069515228,46.790077209472656,37.08193588256836,75.71800231933594,60.0078125,5.883472919464111,0.004662632942199707,6.9200439453125,0.9907492995262146
2248,2.809999932651408e-05,0.15395398437976837,26.02165985107422,20.622610092163086,75.71800231933594,60.0078125,6.494762897491455,0.0048226118087768555,7.1390380859375,0.9907493591308594
2249,2.8112499421695247e-05,0.1769062727689743,44.8662109375,35.5572395324707,75.71800231933594,60.0078125,5.917677402496338,0.005053699016571045,6.51904296875,0.9907494187355042
2250,2.8124999516876414e-05,0.1595127433538437,0.9816604852676392,0.7779827117919922,75.71800231933594,60.0078125,5.687989234924316,0.004598796367645264,6.8306884765625,0.9907495975494385
2251,2.813749961205758e-05,0.16583029925823212,4.032783508300781,3.196049690246582,75.71800231933594,60.0078125,5.716990947723389,0.003861546516418457,6.9959716796875,0.9907495975494385
2252,2.814999970723875e-05,0.17421682178974152,3.7837419509887695,2.9986801147460938,75.71800231933594,60.0078125,6.284517765045166,0.00518566370010376,6.5367431640625,0.9907501339912415
2253,2.8162499802419916e-05,0.1496160924434662,11.954668045043945,9.474279403686523,75.71800231933594,60.0078125,6.080124855041504,0.004621148109436035,7.2314453125,0.9907503128051758
2254,2.8174999897601083e-05,0.1452629268169403,58.63383865356445,46.468318939208984,75.71800231933594,60.0078125,5.945820331573486,0.004075944423675537,7.03759765625,0.9907522201538086
2255,2.818749999278225e-05,0.16254034638404846,51.9256706237793,41.151981353759766,75.71800231933594,60.0078125,7.589874267578125,0.0038272738456726074,7.1893310546875,0.9907522797584534
2256,2.8200000087963417e-05,0.17728912830352783,0.9919286370277405,0.7861204147338867,75.71800231933594,60.0078125,6.12624454498291,0.006179928779602051,6.6324462890625,0.9907524585723877
2257,2.8212500183144584e-05,0.15335610508918762,25.79734992980957,20.444841384887695,75.71800231933594,60.0078125,7.248268127441406,0.0047629475593566895,6.9913330078125,0.9907529354095459
2258,2.822500027832575e-05,0.18342775106430054,37.11159133911133,29.411569595336914,75.71800231933594,60.0078125,6.215590476989746,0.0071201324462890625,7.18115234375,0.9907529950141907
2259,2.823750037350692e-05,0.17797566950321198,37.84899139404297,29.995973587036133,75.71800231933594,60.0078125,5.695267677307129,0.006201028823852539,6.778076171875,0.9907531142234802
2260,2.8250000468688086e-05,0.20294493436813354,40.96757125854492,32.467498779296875,75.71800231933594,60.0078125,7.281728267669678,0.006222784519195557,6.726318359375,0.9907532334327698
2261,2.8262500563869253e-05,0.16372182965278625,55.267513275146484,43.800445556640625,75.71800231933594,60.0078125,5.561213493347168,0.004560351371765137,7.2088623046875,0.9907532334327698
2262,2.827500065905042e-05,0.18870940804481506,11.949190139770508,9.469937324523926,75.71800231933594,60.0078125,5.831905364990234,0.0031681060791015625,7.03369140625,0.9907534122467041
2263,2.8287500754231587e-05,0.20206844806671143,47.88084030151367,37.94638442993164,75.71800231933594,60.0078125,6.738860607147217,0.004464089870452881,6.8118896484375,0.9907538890838623
2264,2.8300000849412754e-05,0.21524646878242493,53.130218505859375,42.106605529785156,75.71800231933594,60.0078125,5.531641483306885,0.004809379577636719,6.9232177734375,0.9907540678977966
2265,2.8312499125604518e-05,0.16193266212940216,50.106285095214844,39.71009063720703,75.71800231933594,60.0078125,7.510319709777832,0.006121426820755005,6.7564697265625,0.9907541275024414
2266,2.8324999220785685e-05,0.20920376479625702,62.96882247924805,49.90386962890625,75.71800231933594,60.0078125,5.873130798339844,0.005746304988861084,7.1708984375,0.9907560348510742
2267,2.8337499315966852e-05,0.18380574882030487,61.544742584228516,48.77526092529297,75.71800231933594,60.0078125,7.430681228637695,0.003218919038772583,7.15576171875,0.9907562136650085
2268,2.834999941114802e-05,0.1756279319524765,41.71210861206055,33.05755615234375,75.71800231933594,60.0078125,8.092805862426758,0.006365001201629639,6.2694091796875,0.9907562732696533
2269,2.8362499506329186e-05,0.18207837641239166,36.13787078857422,28.639881134033203,75.71800231933594,60.0078125,6.337756633758545,0.0049544572830200195,6.844970703125,0.9907567501068115
2270,2.8374999601510353e-05,0.1911846101284027,57.36653518676758,45.463958740234375,75.71800231933594,60.0078125,8.586077690124512,0.005806326866149902,7.1734619140625,0.9907569289207458
2271,2.838749969669152e-05,0.19595998525619507,47.47907638549805,37.62797927856445,75.71800231933594,60.0078125,5.527702808380127,0.005914151668548584,6.67333984375,0.9907569885253906
2272,2.8399999791872688e-05,0.1681470423936844,57.19178771972656,45.325469970703125,75.71800231933594,60.0078125,6.361562252044678,0.003988862037658691,7.016845703125,0.9907570481300354
2273,2.8412499887053855e-05,0.18576394021511078,43.87750244140625,34.7736701965332,75.71800231933594,60.0078125,7.0417160987854,0.005522251129150391,6.656005859375,0.9907572269439697
2274,2.8424999982235022e-05,0.18188494443893433,38.62381362915039,30.61003303527832,75.71800231933594,60.0078125,7.373176097869873,0.004549622535705566,6.5789794921875,0.9907577037811279
2275,2.843750007741619e-05,0.17538806796073914,3.8901731967926025,3.083028793334961,75.71800231933594,60.0078125,6.17704439163208,0.0033721625804901123,7.098876953125,0.9907577633857727
2276,2.8450000172597356e-05,0.19549916684627533,33.14167022705078,26.26534080505371,75.71800231933594,60.0078125,5.301720142364502,0.0045250654220581055,6.7784423828125,0.990757942199707
2277,2.8462500267778523e-05,0.1981252282857895,21.035694122314453,16.671146392822266,75.71800231933594,60.0078125,7.064853191375732,0.004345536231994629,6.7037353515625,0.9907598495483398
2278,2.847500036295969e-05,0.1582852452993393,38.919395446777344,30.84428596496582,75.71800231933594,60.0078125,5.248013019561768,0.009422272443771362,6.4869384765625,0.9907599091529846
2279,2.8487500458140858e-05,0.24555470049381256,46.280235290527344,36.677879333496094,75.71800231933594,60.0078125,6.053676128387451,0.005291283130645752,6.7252197265625,0.990760087966919
2280,2.8500000553322025e-05,0.15932393074035645,0.9543312191963196,0.7563238143920898,75.71800231933594,60.0078125,5.899994373321533,0.004823148250579834,6.918212890625,0.9907605648040771
2281,2.8512500648503192e-05,0.21090275049209595,45.29157638549805,35.89434814453125,75.71800231933594,60.0078125,14.040928840637207,0.006233096122741699,7.0615234375,0.9907607436180115
2282,2.852500074368436e-05,0.18892866373062134,55.09318542480469,43.66229248046875,75.71800231933594,60.0078125,6.6761298179626465,0.008062779903411865,6.9847412109375,0.9907607436180115
2283,2.8537500838865526e-05,0.2268851399421692,52.81061553955078,41.85331726074219,75.71800231933594,60.0078125,8.123828887939453,0.004649043083190918,6.9798583984375,0.990760862827301
2284,2.854999911505729e-05,0.20638306438922882,1.0467556715011597,0.8295717239379883,75.71800231933594,60.0078125,5.583699703216553,0.005668342113494873,7.5406494140625,0.9907609820365906
2285,2.8562499210238457e-05,0.18023306131362915,56.73638153076172,44.96455383300781,75.71800231933594,60.0078125,5.157238006591797,0.00501096248626709,6.910888671875,0.9907610416412354
2286,2.8574999305419624e-05,0.20994332432746887,24.943470001220703,19.768125534057617,75.71800231933594,60.0078125,6.080626010894775,0.008627891540527344,6.568115234375,0.9907615184783936
2287,2.858749940060079e-05,0.17433318495750427,45.796600341796875,36.294586181640625,75.71800231933594,60.0078125,6.02340841293335,0.004805028438568115,7.3094482421875,0.9907616972923279
2288,2.8599999495781958e-05,0.27939391136169434,42.191307067871094,33.43733215332031,75.71800231933594,60.0078125,7.4059600830078125,0.005233347415924072,6.7418212890625,0.9907617568969727
2289,2.8612499590963125e-05,0.18107925355434418,42.0272102355957,33.307281494140625,75.71800231933594,60.0078125,7.866954326629639,0.006424963474273682,6.7401123046875,0.9907637238502502
2290,2.8624999686144292e-05,0.17607375979423523,33.59294128417969,26.62298011779785,75.71800231933594,60.0078125,5.778806686401367,0.004273712635040283,6.96484375,0.9907638430595398
2291,2.863749978132546e-05,0.23016683757305145,4.496553421020508,3.5635952949523926,75.71800231933594,60.0078125,6.405887126922607,0.007896900177001953,6.4755859375,0.9907643795013428
2292,2.8649999876506627e-05,0.17700903117656708,0.9220646619796753,0.7307519912719727,75.71800231933594,60.0078125,5.053658962249756,0.0046329498291015625,7.2279052734375,0.9907644391059875
2293,2.8662499971687794e-05,0.1690516620874405,19.668277740478516,15.587446212768555,75.71800231933594,60.0078125,5.70056676864624,0.003250688314437866,7.0438232421875,0.9907645583152771
2294,2.867500006686896e-05,0.1986706554889679,44.326744079589844,35.129703521728516,75.71800231933594,60.0078125,6.973981857299805,0.007940173149108887,7.335205078125,0.9907646775245667
2295,2.8687500162050128e-05,0.16908134520053864,36.714359283447266,29.096757888793945,75.71800231933594,60.0078125,5.743771076202393,0.005778610706329346,6.8778076171875,0.9907646775245667
2296,2.8700000257231295e-05,0.18708054721355438,45.013099670410156,35.673648834228516,75.71800231933594,60.0078125,6.983410358428955,0.0044342875480651855,6.9381103515625,0.990764856338501
2297,2.8712500352412462e-05,0.18276627361774445,10.777619361877441,8.541446685791016,75.71800231933594,60.0078125,6.0563883781433105,0.004846632480621338,6.67236328125,0.9907653331756592
2298,2.872500044759363e-05,0.1849519908428192,49.41393280029297,39.16138458251953,75.71800231933594,60.0078125,6.939365386962891,0.005248665809631348,6.60546875,0.990765392780304
2299,2.8737500542774796e-05,0.18780069053173065,40.631099700927734,32.20083999633789,75.71800231933594,60.0078125,7.101724147796631,0.007661759853363037,7.0518798828125,0.9907655715942383
2300,2.8750000637955964e-05,0.15375174582004547,68.14940643310547,54.00957107543945,75.71800231933594,60.0078125,7.9832658767700195,0.0054183900356292725,6.8482666015625,0.9907674789428711
2301,2.876250073313713e-05,0.2109816074371338,11.225196838378906,8.896160125732422,75.71800231933594,60.0078125,8.290240287780762,0.004315793514251709,6.95361328125,0.9907675385475159
2302,2.8775000828318298e-05,0.16325318813323975,0.9624141454696655,0.7627296447753906,75.71800231933594,60.0078125,5.002801895141602,0.005022704601287842,6.6558837890625,0.9907677173614502
2303,2.878749910451006e-05,0.23606252670288086,38.03395462036133,30.142559051513672,75.71800231933594,60.0078125,6.940740585327148,0.0040257275104522705,7.0748291015625,0.9907681941986084
2304,2.879999919969123e-05,0.20365095138549805,37.44465255737305,29.675525665283203,75.71800231933594,60.0078125,6.579719066619873,0.004889309406280518,7.0572509765625,0.9907683730125427
2305,2.8812499294872396e-05,0.19700978696346283,44.34930419921875,35.1475830078125,75.71800231933594,60.0078125,5.949311256408691,0.003757774829864502,7.26953125,0.9907683730125427
2306,2.8824999390053563e-05,0.2773561477661133,37.579917907714844,29.782726287841797,75.71800231933594,60.0078125,6.26414680480957,0.005378127098083496,7.0106201171875,0.9907684922218323
2307,2.883749948523473e-05,0.16353297233581543,59.22178649902344,46.93427658081055,75.71800231933594,60.0078125,5.655637264251709,0.004069507122039795,6.8795166015625,0.9907686114311218
2308,2.8849999580415897e-05,0.25142186880111694,44.10932922363281,34.9573974609375,75.71800231933594,60.0078125,6.825791358947754,0.00647658109664917,7.194091796875,0.9907686710357666
2309,2.8862499675597064e-05,0.20421302318572998,44.2241325378418,35.04838180541992,75.71800231933594,60.0078125,5.67891788482666,0.0058966875076293945,6.5096435546875,0.9907692074775696
2310,2.887499977077823e-05,0.27156326174736023,58.48862075805664,46.35322952270508,75.71800231933594,60.0078125,7.224691390991211,0.0062254369258880615,6.9796142578125,0.9907693266868591
2311,2.88874998659594e-05,0.23636972904205322,10.494120597839355,8.31676959991455,75.71800231933594,60.0078125,7.0721025466918945,0.005003094673156738,7.0704345703125,0.9907693862915039
2312,2.8899999961140566e-05,0.2185516208410263,1.0277692079544067,0.8145246505737305,75.71800231933594,60.0078125,5.667352199554443,0.005968540906906128,6.5509033203125,0.9907713532447815
2313,2.8912500056321733e-05,0.22744542360305786,0.9932758212089539,0.7871880531311035,75.71800231933594,60.0078125,7.480281352996826,0.005801379680633545,7.2630615234375,0.990771472454071
2314,2.89250001515029e-05,0.17509926855564117,47.92598342895508,37.98215866088867,75.71800231933594,60.0078125,6.300529956817627,0.005454897880554199,7.0494384765625,0.990772008895874
2315,2.8937500246684067e-05,0.22656461596488953,52.011470794677734,41.2199821472168,75.71800231933594,60.0078125,7.764596939086914,0.006087303161621094,7.1656494140625,0.9907720685005188
2316,2.8950000341865234e-05,0.21537697315216064,57.25313949584961,45.37409210205078,75.71800231933594,60.0078125,6.707799911499023,0.004748821258544922,6.722900390625,0.9907721877098083
2317,2.89625004370464e-05,0.19794711470603943,38.634376525878906,30.6184024810791,75.71800231933594,60.0078125,7.385854244232178,0.0035701394081115723,7.0465087890625,0.9907723069190979
2318,2.897500053222757e-05,0.23403415083885193,55.20133590698242,43.74800109863281,75.71800231933594,60.0078125,7.0000457763671875,0.0058293938636779785,7.157470703125,0.9907723069190979
2319,2.8987500627408735e-05,0.22251127660274506,57.99684143066406,45.96348571777344,75.71800231933594,60.0078125,7.646368503570557,0.005750119686126709,6.802001953125,0.9907724857330322
2320,2.9000000722589903e-05,0.16368012130260468,52.20963668823242,41.37702941894531,75.71800231933594,60.0078125,7.582733154296875,0.003859281539916992,6.71630859375,0.9907729625701904
2321,2.901250081777107e-05,0.2663683295249939,4.4374518394470215,3.516756534576416,75.71800231933594,60.0078125,6.301723480224609,0.004202127456665039,7.247802734375,0.9907731413841248
2322,2.9024999093962833e-05,0.14454208314418793,45.967559814453125,36.430076599121094,75.71800231933594,60.0078125,5.84720516204834,0.004719734191894531,7.096435546875,0.9907732009887695
2323,2.9037499189144e-05,0.22894220054149628,47.4353141784668,37.59329605102539,75.71800231933594,60.0078125,8.39687442779541,0.004447191953659058,6.6978759765625,0.9907751083374023
2324,2.9049999284325168e-05,0.14780151844024658,48.84968948364258,38.71421432495117,75.71800231933594,60.0078125,9.559842109680176,0.006145596504211426,6.903564453125,0.9907752871513367
2325,2.9062499379506335e-05,0.2163553088903427,44.73759460449219,35.45530700683594,75.71800231933594,60.0078125,7.463307857513428,0.0036841630935668945,6.6927490234375,0.9907753467559814
2326,2.9074999474687502e-05,0.19728641211986542,4.1397929191589355,3.2808566093444824,75.71800231933594,60.0078125,5.928618907928467,0.004709959030151367,7.135986328125,0.9907758235931396
2327,2.908749956986867e-05,0.1679053157567978,23.546188354492188,18.660757064819336,75.71800231933594,60.0078125,5.975875377655029,0.0045226216316223145,7.1363525390625,0.990776002407074
2328,2.9099999665049836e-05,0.17261531949043274,42.991451263427734,34.07145690917969,75.71800231933594,60.0078125,7.079745769500732,0.0057128071784973145,6.2158203125,0.990776002407074
2329,2.9112499760231003e-05,0.17647700011730194,48.68739700317383,38.585594177246094,75.71800231933594,60.0078125,5.894749641418457,0.007366359233856201,6.8382568359375,0.9907761216163635
2330,2.912499985541217e-05,0.18894603848457336,58.38371658325195,46.27009582519531,75.71800231933594,60.0078125,6.698948383331299,0.0042244791984558105,7.138671875,0.9907762408256531
2331,2.9137499950593337e-05,0.18185830116271973,19.18671989440918,15.205802917480469,75.71800231933594,60.0078125,6.009112358093262,0.004292726516723633,6.6357421875,0.9907763004302979
2332,2.9150000045774505e-05,0.17712187767028809,42.449615478515625,33.64204788208008,75.71800231933594,60.0078125,6.537517547607422,0.0060672760009765625,6.97314453125,0.9907768368721008
2333,2.916250014095567e-05,0.16158130764961243,53.2834587097168,42.228050231933594,75.71800231933594,60.0078125,8.954399108886719,0.007851362228393555,6.669921875,0.9907769560813904
2334,2.917500023613684e-05,0.18070369958877563,4.218737602233887,3.343421459197998,75.71800231933594,60.0078125,6.118271827697754,0.005808502435684204,6.5743408203125,0.990778923034668
2335,2.9187500331318006e-05,0.17302528023719788,4.377213954925537,3.4690170288085938,75.71800231933594,60.0078125,6.715155124664307,0.004130005836486816,7.0867919921875,0.9907789826393127
2336,2.9200000426499173e-05,0.17780768871307373,53.14434051513672,42.1177978515625,75.71800231933594,60.0078125,6.232173919677734,0.005305111408233643,6.725830078125,0.9907791614532471
2337,2.921250052168034e-05,0.1701841503381729,43.89293670654297,34.78590393066406,75.71800231933594,60.0078125,7.110935688018799,0.004045665264129639,6.7679443359375,0.9907796382904053
2338,2.9225000616861507e-05,0.20646734535694122,4.002776622772217,3.172268867492676,75.71800231933594,60.0078125,6.095114231109619,0.007092416286468506,6.4932861328125,0.99077969789505
2339,2.9237500712042674e-05,0.1534620225429535,53.7297477722168,42.58174133300781,75.71800231933594,60.0078125,7.540264129638672,0.008206605911254883,6.6630859375,0.9907798171043396
2340,2.925000080722384e-05,0.1828770637512207,41.15729904174805,32.617862701416016,75.71800231933594,60.0078125,6.928924083709717,0.005111604928970337,6.9859619140625,0.9907799363136292
2341,2.926250090240501e-05,0.13866768777370453,58.36513137817383,46.25536346435547,75.71800231933594,60.0078125,13.23595905303955,0.006041347980499268,6.9906005859375,0.9907799363136292
2342,2.9274999178596772e-05,0.1669986993074417,56.01390838623047,44.3919792175293,75.71800231933594,60.0078125,6.27017879486084,0.006537914276123047,6.958740234375,0.9907801151275635
2343,2.928749927377794e-05,0.1750144213438034,45.34663009643555,35.93798065185547,75.71800231933594,60.0078125,7.16234827041626,0.0052093565464019775,6.9361572265625,0.9907805919647217
2344,2.9299999368959107e-05,0.17187941074371338,20.949459075927734,16.60280418395996,75.71800231933594,60.0078125,7.715066432952881,0.005952775478363037,7.5677490234375,0.990780770778656
2345,2.9312499464140274e-05,0.18498365581035614,32.682212829589844,25.901212692260742,75.71800231933594,60.0078125,7.516575336456299,0.008279979228973389,6.796875,0.9907808303833008
2346,2.932499955932144e-05,0.17380574345588684,25.23270034790039,19.997346878051758,75.71800231933594,60.0078125,7.814619064331055,0.005140423774719238,6.6378173828125,0.9907827377319336
2347,2.9337499654502608e-05,0.21453659236431122,36.3776969909668,28.829946517944336,75.71800231933594,60.0078125,5.77769136428833,0.006631016731262207,7.3409423828125,0.9907829165458679
2348,2.9349999749683775e-05,0.1853015124797821,0.9426442980766296,0.7470617294311523,75.71800231933594,60.0078125,5.424339294433594,0.007709026336669922,6.7125244140625,0.9907829761505127
2349,2.9362499844864942e-05,0.20511150360107422,57.8419303894043,45.840721130371094,75.71800231933594,60.0078125,5.5396623611450195,0.004387259483337402,6.71337890625,0.9907834529876709
2350,2.937499994004611e-05,0.1623019427061081,0.8986210227012634,0.7121725082397461,75.71800231933594,60.0078125,6.1356096267700195,0.0047705769538879395,6.9029541015625,0.9907836318016052
2351,2.9387500035227276e-05,0.1717683970928192,49.12354278564453,38.93124771118164,75.71800231933594,60.0078125,7.572051048278809,0.0037688612937927246,6.5706787109375,0.99078369140625
2352,2.9400000130408444e-05,0.20099756121635437,19.599525451660156,15.532958984375,75.71800231933594,60.0078125,5.968842029571533,0.004041194915771484,7.3082275390625,0.9907837510108948
2353,2.941250022558961e-05,0.14871804416179657,47.77082824707031,37.859195709228516,75.71800231933594,60.0078125,5.094593524932861,0.0059212446212768555,7.0516357421875,0.9907839298248291
2354,2.9425000320770778e-05,0.17983703315258026,38.813636779785156,30.760469436645508,75.71800231933594,60.0078125,4.942373275756836,0.005222022533416748,7.342041015625,0.9907839298248291
2355,2.9437500415951945e-05,0.17837053537368774,3.7591707706451416,2.9792070388793945,75.71800231933594,60.0078125,6.5694756507873535,0.0042462944984436035,6.8388671875,0.9907844662666321
2356,2.9450000511133112e-05,0.155776709318161,50.55023956298828,40.061927795410156,75.71800231933594,60.0078125,7.552095890045166,0.0049479007720947266,6.8095703125,0.9907846450805664
2357,2.946250060631428e-05,0.17424120008945465,50.40484619140625,39.94670104980469,75.71800231933594,60.0078125,7.621877670288086,0.00804978609085083,6.703369140625,0.9907865524291992
2358,2.9475000701495446e-05,0.22888365387916565,1.0014231204986572,0.793644905090332,75.71800231933594,60.0078125,5.402872085571289,0.004150807857513428,6.5267333984375,0.990786612033844
2359,2.9487500796676613e-05,0.14314185082912445,53.40592575073242,42.325111389160156,75.71800231933594,60.0078125,6.395205974578857,0.0050969719886779785,7.0406494140625,0.9907867908477783
2360,2.950000089185778e-05,0.2216070294380188,45.72174072265625,36.235260009765625,75.71800231933594,60.0078125,6.43312931060791,0.003365159034729004,6.8798828125,0.9907872676849365
2361,2.9512499168049544e-05,0.15847370028495789,11.937323570251465,9.460533142089844,75.71800231933594,60.0078125,6.231224060058594,0.0034503936767578125,7.0029296875,0.9907874464988708
2362,2.952499926323071e-05,0.20911921560764313,46.29058837890625,36.68608093261719,75.71800231933594,60.0078125,5.938876628875732,0.004360556602478027,6.722412109375,0.9907874464988708
2363,2.953749935841188e-05,0.17061705887317657,46.82969284057617,37.11333465576172,75.71800231933594,60.0078125,7.978303909301758,0.006255090236663818,7.0386962890625,0.9907875657081604
2364,2.9549999453593045e-05,0.20566843450069427,46.62555694580078,36.9515495300293,75.71800231933594,60.0078125,9.048957824707031,0.0044744014739990234,7.0096435546875,0.9907875657081604
2365,2.9562499548774213e-05,0.1806139200925827,39.90350341796875,31.62420654296875,75.71800231933594,60.0078125,6.063667297363281,0.004690408706665039,7.2177734375,0.9907877445220947
2366,2.957499964395538e-05,0.19390949606895447,58.45211410522461,46.32429885864258,75.71800231933594,60.0078125,7.566565990447998,0.002815544605255127,6.9830322265625,0.9907882213592529
2367,2.9587499739136547e-05,0.21184982359409332,11.327040672302246,8.976873397827148,75.71800231933594,60.0078125,5.981039524078369,0.0040056705474853516,6.882080078125,0.9907884001731873
2368,2.9599999834317714e-05,0.14895139634609222,47.7468376159668,37.84018325805664,75.71800231933594,60.0078125,6.332705497741699,0.004202306270599365,7.19873046875,0.990788459777832
2369,2.961249992949888e-05,0.24207156896591187,22.930667877197266,18.172945022583008,75.71800231933594,60.0078125,6.225223064422607,0.006123781204223633,6.39697265625,0.9907903671264648
2370,2.9625000024680048e-05,0.18614639341831207,56.75478744506836,44.9791374206543,75.71800231933594,60.0078125,7.731790065765381,0.003696739673614502,6.8804931640625,0.9907905459403992
2371,2.9637500119861215e-05,0.1827699840068817,23.32582664489746,18.486116409301758,75.71800231933594,60.0078125,5.131328582763672,0.0055201053619384766,7.085205078125,0.990790605545044
2372,2.9650000215042382e-05,0.273575097322464,50.29014587402344,39.85580062866211,75.71800231933594,60.0078125,6.971027851104736,0.00431784987449646,6.6239013671875,0.9907910823822021
2373,2.966250031022355e-05,0.16133393347263336,3.8966917991638184,3.0881948471069336,75.71800231933594,60.0078125,7.029176235198975,0.005929052829742432,7.23046875,0.9907912611961365
2374,2.9675000405404717e-05,0.2227172553539276,29.629966735839844,23.482254028320312,75.71800231933594,60.0078125,6.073735237121582,0.005206316709518433,7.01953125,0.9907913208007812
2375,2.9687500500585884e-05,0.16811835765838623,49.00099563598633,38.83412551879883,75.71800231933594,60.0078125,7.907088279724121,0.0059871673583984375,7.0372314453125,0.990791380405426
2376,2.970000059576705e-05,0.17583970725536346,43.22530746459961,34.25679397583008,75.71800231933594,60.0078125,6.82706880569458,0.004208743572235107,6.682861328125,0.9907915592193604
2377,2.9712500690948218e-05,0.1997659057378769,44.543670654296875,35.30162048339844,75.71800231933594,60.0078125,5.348446369171143,0.00557708740234375,7.0438232421875,0.9907920360565186
2378,2.9725000786129385e-05,0.19183924794197083,4.108250141143799,3.2558584213256836,75.71800231933594,60.0078125,7.351170063018799,0.005151987075805664,7.174560546875,0.9907920956611633
2379,2.9737500881310552e-05,0.17076067626476288,46.679874420166016,36.994598388671875,75.71800231933594,60.0078125,6.254019260406494,0.006243526935577393,6.7774658203125,0.9907922744750977
2380,2.9749999157502316e-05,0.2230270802974701,48.15256881713867,38.16173553466797,75.71800231933594,60.0078125,6.57024621963501,0.0041237473487854,6.6788330078125,0.9907941818237305
2381,2.9762499252683483e-05,0.17584727704524994,39.24974822998047,31.106098175048828,75.71800231933594,60.0078125,7.807560920715332,0.004713952541351318,7.2982177734375,0.9907942414283752
2382,2.977499934786465e-05,0.22896674275398254,4.1114678382873535,3.258408546447754,75.71800231933594,60.0078125,6.243880748748779,0.004434645175933838,7.0447998046875,0.9907944202423096
2383,2.9787499443045817e-05,0.2186107635498047,4.31447172164917,3.419292449951172,75.71800231933594,60.0078125,6.092706680297852,0.007081329822540283,6.7137451171875,0.9907948970794678
2384,2.9799999538226984e-05,0.2392529994249344,42.819026947021484,33.934810638427734,75.71800231933594,60.0078125,6.661815166473389,0.00531691312789917,6.9144287109375,0.9907950758934021
2385,2.981249963340815e-05,0.2539738118648529,44.03519821166992,34.89864730834961,75.71800231933594,60.0078125,6.7382426261901855,0.006359875202178955,6.679931640625,0.9907950758934021
2386,2.982499972858932e-05,0.16418512165546417,50.490760803222656,40.01478958129883,75.71800231933594,60.0078125,7.474759578704834,0.004099249839782715,7.1441650390625,0.9907951951026917
2387,2.9837499823770486e-05,0.19805854558944702,51.96848678588867,41.1859130859375,75.71800231933594,60.0078125,6.3736090660095215,0.004793941974639893,7.0504150390625,0.9907953143119812
2388,2.9849999918951653e-05,0.18272092938423157,29.232046127319336,23.166894912719727,75.71800231933594,60.0078125,5.825689792633057,0.005472898483276367,6.0826416015625,0.990795373916626
2389,2.986250001413282e-05,0.15908358991146088,0.9864305853843689,0.7817630767822266,75.71800231933594,60.0078125,6.214929103851318,0.005171835422515869,6.8131103515625,0.9907958507537842
2390,2.9875000109313987e-05,0.18546348810195923,44.716739654541016,35.43878173828125,75.71800231933594,60.0078125,7.192346096038818,0.004540801048278809,7.1318359375,0.9907960295677185
2391,2.9887500204495154e-05,0.1956857293844223,56.486392974853516,44.76643371582031,75.71800231933594,60.0078125,6.52858829498291,0.008822500705718994,6.655029296875,0.9907960891723633
2392,2.990000029967632e-05,0.1745055764913559,3.511052370071411,2.78256893157959,75.71800231933594,60.0078125,6.267763614654541,0.004983007907867432,6.9420166015625,0.9907980561256409
2393,2.991250039485749e-05,0.1777566522359848,62.41648864746094,49.46613311767578,75.71800231933594,60.0078125,7.939705848693848,0.005021393299102783,6.680908203125,0.9907981753349304
2394,2.9925000490038656e-05,0.18821072578430176,62.12957763671875,49.23875427246094,75.71800231933594,60.0078125,7.0421247482299805,0.005615293979644775,6.557373046875,0.9907987117767334
2395,2.9937500585219823e-05,0.1832914650440216,35.337928771972656,28.00591278076172,75.71800231933594,60.0078125,4.819407939910889,0.0033838748931884766,7.0926513671875,0.9907987713813782
2396,2.995000068040099e-05,0.20049767196178436,58.62465286254883,46.46104049682617,75.71800231933594,60.0078125,7.772383689880371,0.00433194637298584,6.6600341796875,0.9907988905906677
2397,2.9962500775582157e-05,0.179822638630867,22.988048553466797,18.218421936035156,75.71800231933594,60.0078125,7.241055965423584,0.005632758140563965,6.7357177734375,0.9907990097999573
2398,2.9975000870763324e-05,0.2067406177520752,3.8056421279907227,3.0160365104675293,75.71800231933594,60.0078125,6.907232284545898,0.006718814373016357,6.4376220703125,0.9907990097999573
2399,2.9987499146955088e-05,0.16539958119392395,48.74285888671875,38.62955093383789,75.71800231933594,60.0078125,5.902040004730225,0.004964232444763184,6.64404296875,0.9907991886138916
2400,2.9999999242136255e-05,0.20168469846248627,45.161746978759766,35.79145812988281,75.71800231933594,60.0078125,6.90563440322876,0.008171409368515015,7.0191650390625,0.9907996654510498
2401,3.0012499337317422e-05,0.16662897169589996,35.03859329223633,27.76868438720703,75.71800231933594,60.0078125,12.499054908752441,0.0039765238761901855,6.9710693359375,0.9907997250556946
2402,3.002499943249859e-05,0.20296047627925873,59.5557746887207,47.19896697998047,75.71800231933594,60.0078125,5.3839192390441895,0.0054465532302856445,6.935791015625,0.9907999038696289
2403,3.0037499527679756e-05,0.21067391335964203,45.7718505859375,36.27497482299805,75.71800231933594,60.0078125,5.893371105194092,0.004065394401550293,6.946533203125,0.9908018112182617
2404,3.0049999622860923e-05,0.1743779480457306,10.761302947998047,8.52851676940918,75.71800231933594,60.0078125,6.663480758666992,0.005911111831665039,7.553466796875,0.9908018708229065
2405,3.006249971804209e-05,0.23813045024871826,49.52033615112305,39.24571228027344,75.71800231933594,60.0078125,5.510593414306641,0.005890965461730957,6.78857421875,0.9908020496368408
2406,3.0074999813223258e-05,0.15751242637634277,34.14118576049805,27.057472229003906,75.71800231933594,60.0078125,5.188045978546143,0.004490762948989868,6.6800537109375,0.990802526473999
2407,3.0087499908404425e-05,0.17644011974334717,38.443870544433594,30.467422485351562,75.71800231933594,60.0078125,6.983829498291016,0.003596484661102295,7.3128662109375,0.9908027052879333
2408,3.0100000003585592e-05,0.19134663045406342,54.83049392700195,43.4541015625,75.71800231933594,60.0078125,5.158763885498047,0.006707608699798584,6.8023681640625,0.9908027052879333
2409,3.011250009876676e-05,0.16496838629245758,3.8652188777923584,3.0632519721984863,75.71800231933594,60.0078125,5.062563419342041,0.0049283504486083984,6.695068359375,0.9908028244972229
2410,3.0125000193947926e-05,0.1754153072834015,9.525449752807617,7.549081802368164,75.71800231933594,60.0078125,5.745979309082031,0.008367598056793213,6.984375,0.9908029437065125
2411,3.0137500289129093e-05,0.18408778309822083,10.233596801757812,8.110300064086914,75.71800231933594,60.0078125,5.782759189605713,0.004289865493774414,6.5894775390625,0.9908030033111572
2412,3.015000038431026e-05,0.21011380851268768,57.2779655456543,45.393768310546875,75.71800231933594,60.0078125,7.504184722900391,0.002933889627456665,7.319580078125,0.9908035397529602
2413,3.0162500479491428e-05,0.19134493172168732,46.576385498046875,36.91257858276367,75.71800231933594,60.0078125,6.87846565246582,0.0039046108722686768,7.039306640625,0.9908036589622498
2414,3.0175000574672595e-05,0.1698654741048813,42.358890533447266,33.57014465332031,75.71800231933594,60.0078125,6.063370704650879,0.003256082534790039,7.2515869140625,0.9908056259155273
2415,3.0187500669853762e-05,0.1847766488790512,4.129218578338623,3.2724761962890625,75.71800231933594,60.0078125,6.639848232269287,0.005177438259124756,6.84423828125,0.9908056855201721
2416,3.020000076503493e-05,0.1471310406923294,11.097759246826172,8.795164108276367,75.71800231933594,60.0078125,7.2118048667907715,0.0053331851959228516,6.7860107421875,0.9908058047294617
2417,3.0212500860216096e-05,0.1536647379398346,46.744834899902344,37.046077728271484,75.71800231933594,60.0078125,6.313652992248535,0.0036437809467315674,6.58251953125,0.9908063411712646
2418,3.022499913640786e-05,0.1729445904493332,44.988887786865234,35.65446472167969,75.71800231933594,60.0078125,6.81556510925293,0.0027192533016204834,6.5506591796875,0.9908064007759094
2419,3.0237499231589027e-05,0.15454332530498505,53.76020431518555,42.60588073730469,75.71800231933594,60.0078125,5.6864423751831055,0.003227055072784424,7.0589599609375,0.990806519985199
2420,3.0249999326770194e-05,0.17210625112056732,40.563697814941406,32.147422790527344,75.71800231933594,60.0078125,6.70210075378418,0.004967182874679565,6.8494873046875,0.9908066391944885
2421,3.026249942195136e-05,0.17138223350048065,49.5814094543457,39.29411315917969,75.71800231933594,60.0078125,7.470881938934326,0.004210174083709717,7.06005859375,0.9908066391944885
2422,3.0274999517132528e-05,0.2422890067100525,35.554203033447266,28.17731285095215,75.71800231933594,60.0078125,6.835389614105225,0.004394054412841797,6.708984375,0.9908068180084229
2423,3.0287499612313695e-05,0.2582952678203583,40.273624420166016,31.91753578186035,75.71800231933594,60.0078125,7.334766864776611,0.0038489103317260742,7.0784912109375,0.990807294845581
2424,3.0299999707494862e-05,0.17662706971168518,20.459341049194336,16.21437644958496,75.71800231933594,60.0078125,6.652798652648926,0.0034191906452178955,6.9818115234375,0.9908074736595154
2425,3.031249980267603e-05,0.19683362543582916,50.3470573425293,39.900901794433594,75.71800231933594,60.0078125,6.935424327850342,0.004144400358200073,7.120361328125,0.9908075332641602
2426,3.0324999897857197e-05,0.19173790514469147,47.86497497558594,37.93381118774414,75.71800231933594,60.0078125,6.21006441116333,0.003981977701187134,6.97412109375,0.990809440612793
2427,3.0337499993038364e-05,0.17752671241760254,20.223411560058594,16.02739906311035,75.71800231933594,60.0078125,5.7116265296936035,0.004072129726409912,6.929931640625,0.9908096194267273
2428,3.035000008821953e-05,0.18503162264823914,53.71889114379883,42.57313919067383,75.71800231933594,60.0078125,6.5790300369262695,0.006514370441436768,7.1025390625,0.9908096790313721
2429,3.0362500183400698e-05,0.2052830308675766,46.014896392822266,36.46759033203125,75.71800231933594,60.0078125,6.215056896209717,0.005656003952026367,6.32275390625,0.9908101558685303
2430,3.0375000278581865e-05,0.1831544190645218,20.71575927734375,16.417593002319336,75.71800231933594,60.0078125,6.685368061065674,0.005297243595123291,6.9609375,0.9908103346824646
2431,3.0387500373763032e-05,0.19315612316131592,52.89577102661133,41.92080307006836,75.71800231933594,60.0078125,8.60365104675293,0.004346191883087158,7.1297607421875,0.9908103346824646
2432,3.04000004689442e-05,0.17388691008090973,54.786720275878906,43.419410705566406,75.71800231933594,60.0078125,6.278687000274658,0.00358736515045166,6.61328125,0.9908104538917542
2433,3.0412500564125367e-05,0.2307145595550537,4.362668514251709,3.457489490509033,75.71800231933594,60.0078125,7.278626918792725,0.0052481889724731445,7.2337646484375,0.9908105731010437
2434,3.0425000659306534e-05,0.22214271128177643,36.308982849121094,28.775489807128906,75.71800231933594,60.0078125,5.995565891265869,0.004038035869598389,7.0338134765625,0.9908106327056885
2435,3.04375007544877e-05,0.21579761803150177,57.40869903564453,45.49737548828125,75.71800231933594,60.0078125,6.567619800567627,0.00418853759765625,6.9764404296875,0.9908111691474915
2436,3.0450000849668868e-05,0.19510789215564728,10.7330322265625,8.506111145019531,75.71800231933594,60.0078125,5.93781852722168,0.004022002220153809,6.632568359375,0.990811288356781
2437,3.046249912586063e-05,0.217888742685318,43.397850036621094,34.39353942871094,75.71800231933594,60.0078125,7.239975452423096,0.004135161638259888,7.064697265625,0.9908132553100586
2438,3.04749992210418e-05,0.17805220186710358,53.14657974243164,42.119571685791016,75.71800231933594,60.0078125,8.126228332519531,0.005522429943084717,7.25634765625,0.9908133149147034
2439,3.0487499316222966e-05,0.17535778880119324,42.886722564697266,33.988460540771484,75.71800231933594,60.0078125,6.682179927825928,0.00634002685546875,6.6480712890625,0.9908134937286377
2440,3.0499999411404133e-05,0.21182794868946075,44.24559783935547,35.065391540527344,75.71800231933594,60.0078125,6.029796123504639,0.004371166229248047,6.747802734375,0.9908139705657959
2441,3.05124995065853e-05,0.15727195143699646,4.396200180053711,3.4840636253356934,75.71800231933594,60.0078125,6.570431232452393,0.004660755395889282,7.25537109375,0.9908140301704407
2442,3.052499960176647e-05,0.205351784825325,35.17012405395508,27.8729248046875,75.71800231933594,60.0078125,5.953289031982422,0.004074454307556152,7.091552734375,0.9908141493797302
2443,3.0537499696947634e-05,0.18035002052783966,43.767372131347656,34.6863899230957,75.71800231933594,60.0078125,7.2955427169799805,0.004577338695526123,6.76318359375,0.9908142685890198
2444,3.05499997921288e-05,0.17381122708320618,56.65167236328125,44.89741897583008,75.71800231933594,60.0078125,5.906498908996582,0.005193829536437988,6.8717041015625,0.9908142685890198
2445,3.056249988730997e-05,0.22469164431095123,4.383013725280762,3.4736132621765137,75.71800231933594,60.0078125,6.5805253982543945,0.003988534212112427,6.6470947265625,0.9908144474029541
2446,3.0574999982491136e-05,0.18355153501033783,40.26097869873047,31.907514572143555,75.71800231933594,60.0078125,6.610799789428711,0.0035881996154785156,7.144775390625,0.9908149242401123
2447,3.05875000776723e-05,0.19536106288433075,46.9671745300293,37.222286224365234,75.71800231933594,60.0078125,6.337161540985107,0.005518972873687744,7.012939453125,0.9908151030540466
2448,3.060000017285347e-05,0.20135480165481567,1.0351487398147583,0.8203730583190918,75.71800231933594,60.0078125,5.420437812805176,0.007603436708450317,6.1051025390625,0.9908151626586914
2449,3.061250026803464e-05,0.20818226039409637,22.80432891845703,18.07282066345215,75.71800231933594,60.0078125,5.959957599639893,0.0036072731018066406,6.798828125,0.9908170700073242
2450,3.0625000363215804e-05,0.19074930250644684,49.23723220825195,39.02134704589844,75.71800231933594,60.0078125,5.526252746582031,0.0029765963554382324,7.1455078125,0.9908172488212585
2451,3.063750045839697e-05,0.18361054360866547,40.26268005371094,31.908863067626953,75.71800231933594,60.0078125,5.231173038482666,0.005488872528076172,6.623779296875,0.9908173084259033
2452,3.065000055357814e-05,0.19711416959762573,47.83681106567383,37.91149139404297,75.71800231933594,60.0078125,9.251314163208008,0.00547635555267334,7.000732421875,0.9908177852630615
2453,3.0662500648759305e-05,0.17991799116134644,0.9698291420936584,0.7686061859130859,75.71800231933594,60.0078125,6.480863571166992,0.00515139102935791,6.6678466796875,0.9908179640769958
2454,3.067500074394047e-05,0.18021038174629211,52.32546615600586,41.46882629394531,75.71800231933594,60.0078125,8.48123836517334,0.00469440221786499,6.4376220703125,0.9908180236816406
2455,3.068750083912164e-05,0.1775934249162674,11.292689323425293,8.949649810791016,75.71800231933594,60.0078125,5.80596923828125,0.00347939133644104,7.0743408203125,0.9908180832862854
2456,3.070000093430281e-05,0.1667359173297882,49.07567596435547,38.893314361572266,75.71800231933594,60.0078125,4.467270374298096,0.004154801368713379,6.651611328125,0.9908182621002197
2457,3.0712501029483974e-05,0.1753181368112564,51.11494827270508,40.50946807861328,75.71800231933594,60.0078125,7.001578330993652,0.004022419452667236,6.7501220703125,0.9908182621002197
2458,3.072500112466514e-05,0.19121143221855164,39.48739242553711,31.29443359375,75.71800231933594,60.0078125,7.363657474517822,0.005319952964782715,6.49658203125,0.9908187985420227
2459,3.073750121984631e-05,0.2277151197195053,52.208473205566406,41.37610626220703,75.71800231933594,60.0078125,7.11475944519043,0.0040225982666015625,6.5926513671875,0.990818977355957
2460,3.0750001315027475e-05,0.18291249871253967,4.395442485809326,3.4834632873535156,75.71800231933594,60.0078125,6.27996826171875,0.0075432658195495605,6.9329833984375,0.9908208847045898
2461,3.076250141020864e-05,0.20633578300476074,45.04087448120117,35.69566345214844,75.71800231933594,60.0078125,12.368226051330566,0.0043787360191345215,6.988037109375,0.9908209443092346
2462,3.077500150538981e-05,0.15214768052101135,11.706483840942383,9.277588844299316,75.71800231933594,60.0078125,6.9189910888671875,0.0035386979579925537,6.9453125,0.990821123123169
2463,3.078750160057098e-05,0.21573568880558014,4.184537410736084,3.316317558288574,75.71800231933594,60.0078125,6.448906421661377,0.005457043647766113,6.9716796875,0.9908215999603271
2464,3.0800001695752144e-05,0.15741249918937683,40.10626220703125,31.784896850585938,75.71800231933594,60.0078125,8.124176025390625,0.0032398998737335205,7.4949951171875,0.9908217787742615
2465,3.081250179093331e-05,0.20123505592346191,0.9306662082672119,0.7375688552856445,75.71800231933594,60.0078125,5.568305492401123,0.005772054195404053,6.7305908203125,0.9908217787742615
2466,3.082499824813567e-05,0.17978554964065552,47.41191101074219,37.57474899291992,75.71800231933594,60.0078125,7.18999719619751,0.007391095161437988,6.5938720703125,0.990821897983551
2467,3.083749834331684e-05,0.20037592947483063,48.587886810302734,38.50672912597656,75.71800231933594,60.0078125,7.645240783691406,0.006686151027679443,7.25048828125,0.990821897983551
2468,3.0849998438498005e-05,0.20017372071743011,40.38570022583008,32.0063591003418,75.71800231933594,60.0078125,5.234603404998779,0.007071733474731445,6.7874755859375,0.9908220767974854
2469,3.086249853367917e-05,0.16672420501708984,50.13467788696289,39.73258972167969,75.71800231933594,60.0078125,7.461884021759033,0.003549635410308838,6.7266845703125,0.9908225536346436
2470,3.087499862886034e-05,0.16769804060459137,10.267162322998047,8.13690185546875,75.71800231933594,60.0078125,5.4332098960876465,0.005255460739135742,7.0260009765625,0.9908227324485779
2471,3.088749872404151e-05,0.18742118775844574,55.528255462646484,44.0070915222168,75.71800231933594,60.0078125,5.61454439163208,0.007047116756439209,6.6416015625,0.9908227920532227
2472,3.0899998819222674e-05,0.2030326873064041,63.19203567504883,50.08076858520508,75.71800231933594,60.0078125,6.961439609527588,0.0026882290840148926,7.2938232421875,0.9908246994018555
2473,3.091249891440384e-05,0.1823590099811554,34.39707565307617,27.260271072387695,75.71800231933594,60.0078125,5.7504496574401855,0.0037908852100372314,6.9613037109375,0.9908248782157898
2474,3.092499900958501e-05,0.14515988528728485,30.745891571044922,24.36664581298828,75.71800231933594,60.0078125,6.121689319610596,0.006083071231842041,7.2821044921875,0.9908249378204346
2475,3.0937499104766175e-05,0.17681415379047394,38.17436599731445,30.253835678100586,75.71800231933594,60.0078125,6.898495197296143,0.004581809043884277,6.9281005859375,0.9908254146575928
2476,3.094999919994734e-05,0.17846722900867462,3.790510654449463,3.004044532775879,75.71800231933594,60.0078125,5.747707366943359,0.00526958703994751,6.860107421875,0.9908255934715271
2477,3.096249929512851e-05,0.18986961245536804,45.35434341430664,35.944091796875,75.71800231933594,60.0078125,5.152660369873047,0.0048722028732299805,6.4705810546875,0.9908256530761719
2478,3.0974999390309677e-05,0.18276512622833252,33.43837356567383,26.5004825592041,75.71800231933594,60.0078125,8.519949913024902,0.003714323043823242,6.5511474609375,0.9908257126808167
2479,3.0987499485490844e-05,0.18986405432224274,0.9144949913024902,0.7247529029846191,75.71800231933594,60.0078125,6.419366359710693,0.003804534673690796,7.0555419921875,0.990825891494751
2480,3.099999958067201e-05,0.19460350275039673,40.24665069580078,31.896156311035156,75.71800231933594,60.0078125,7.467103958129883,0.004852592945098877,6.822021484375,0.9908263683319092
2481,3.101249967585318e-05,0.14223143458366394,47.39369201660156,37.56031036376953,75.71800231933594,60.0078125,8.366246223449707,0.0051462650299072266,7.0006103515625,0.990826427936554
2482,3.1024999771034345e-05,0.19837896525859833,50.03179168701172,39.65104675292969,75.71800231933594,60.0078125,5.824542045593262,0.005365848541259766,6.6751708984375,0.9908266067504883
2483,3.103749986621551e-05,0.14683818817138672,49.65608215332031,39.353294372558594,75.71800231933594,60.0078125,5.9989728927612305,0.0042562782764434814,7.002685546875,0.9908285140991211
2484,3.104999996139668e-05,0.1726626753807068,0.997230589389801,0.7903223037719727,75.71800231933594,60.0078125,6.428160190582275,0.005146622657775879,6.995361328125,0.9908285737037659
2485,3.1062500056577846e-05,0.17608070373535156,0.9714657068252563,0.7699031829833984,75.71800231933594,60.0078125,5.929255962371826,0.0053626298904418945,7.1392822265625,0.9908287525177002
2486,3.1075000151759014e-05,0.1503107249736786,38.220970153808594,30.290771484375,75.71800231933594,60.0078125,6.403421401977539,0.005963504314422607,6.895751953125,0.9908292293548584
2487,3.108750024694018e-05,0.17619341611862183,1.0313853025436401,0.8173904418945312,75.71800231933594,60.0078125,6.137641429901123,0.006256192922592163,6.8135986328125,0.9908294081687927
2488,3.110000034212135e-05,0.14967785775661469,52.311153411865234,41.457481384277344,75.71800231933594,60.0078125,6.508463382720947,0.0032903552055358887,7.118896484375,0.9908294081687927
2489,3.1112500437302515e-05,0.18832936882972717,55.283103942871094,43.81280517578125,75.71800231933594,60.0078125,7.01616096496582,0.0064504146575927734,6.329833984375,0.9908295273780823
2490,3.112500053248368e-05,0.15659122169017792,33.60615158081055,26.63344955444336,75.71800231933594,60.0078125,6.705078125,0.004913687705993652,6.9443359375,0.9908296465873718
2491,3.113750062766485e-05,0.1711227297782898,41.57799530029297,32.951271057128906,75.71800231933594,60.0078125,6.12689733505249,0.0036121606826782227,7.099609375,0.9908297061920166
2492,3.1150000722846016e-05,0.15234526991844177,35.94180679321289,28.484495162963867,75.71800231933594,60.0078125,7.583827495574951,0.00442427396774292,6.559814453125,0.9908301830291748
2493,3.1162500818027183e-05,0.18355773389339447,58.62925720214844,46.464691162109375,75.71800231933594,60.0078125,7.834640979766846,0.0036882758140563965,7.23095703125,0.9908303618431091
2494,3.117500091320835e-05,0.1657453328371048,11.110815048217773,8.805510520935059,75.71800231933594,60.0078125,7.2050089836120605,0.0036785006523132324,7.0316162109375,0.9908304214477539
2495,3.118750100838952e-05,0.18193580210208893,33.324371337890625,26.410133361816406,75.71800231933594,60.0078125,5.94390344619751,0.004332840442657471,6.8558349609375,0.9908323884010315
2496,3.1200001103570685e-05,0.18149738013744354,0.954154372215271,0.7561836242675781,75.71800231933594,60.0078125,6.59558629989624,0.004210472106933594,6.6817626953125,0.990832507610321
2497,3.121250119875185e-05,0.16321715712547302,37.8675537109375,30.010683059692383,75.71800231933594,60.0078125,7.704892635345459,0.005784094333648682,7.0635986328125,0.990833044052124
2498,3.122500129393302e-05,0.20344200730323792,0.9321408867835999,0.7387375831604004,75.71800231933594,60.0078125,6.282484531402588,0.004346877336502075,7.2572021484375,0.9908331036567688
2499,3.1237501389114186e-05,0.18064476549625397,45.9120979309082,36.38612365722656,75.71800231933594,60.0078125,6.650500774383545,0.00430828332901001,6.6302490234375,0.9908332228660583
2500,3.125000148429535e-05,0.18252593278884888,11.336925506591797,8.98470687866211,75.71800231933594,60.0078125,6.828409671783447,0.005030333995819092,6.640869140625,0.9908333420753479
2501,3.126250157947652e-05,0.16740377247333527,44.396331787109375,35.184852600097656,75.71800231933594,60.0078125,8.24824047088623,0.003686368465423584,7.34814453125,0.9908333420753479
2502,3.127500167465769e-05,0.1518513560295105,56.58766555786133,44.8466911315918,75.71800231933594,60.0078125,6.096506595611572,0.005556553602218628,7.0828857421875,0.9908335208892822
2503,3.1287501769838855e-05,0.13870970904827118,47.151309967041016,37.368221282958984,75.71800231933594,60.0078125,6.264252662658691,0.0037949085235595703,6.6981201171875,0.9908339977264404
2504,3.1299998227041215e-05,0.14389193058013916,56.10063934326172,44.460716247558594,75.71800231933594,60.0078125,7.0939507484436035,0.0041814446449279785,6.9046630859375,0.9908340573310852
2505,3.131249832222238e-05,0.1658952236175537,56.210147857666016,44.54750061035156,75.71800231933594,60.0078125,7.294528961181641,0.00403943657875061,6.669677734375,0.9908342361450195
2506,3.132499841740355e-05,0.13572192192077637,10.166485786437988,8.057113647460938,75.71800231933594,60.0078125,6.176046371459961,0.004178345203399658,7.153076171875,0.9908361434936523
2507,3.1337498512584716e-05,0.1678135097026825,50.322906494140625,39.88176345825195,75.71800231933594,60.0078125,7.180493354797363,0.003355860710144043,7.0333251953125,0.9908362030982971
2508,3.134999860776588e-05,0.16464166343212128,50.60995864868164,40.109256744384766,75.71800231933594,60.0078125,7.062933444976807,0.005457937717437744,6.1082763671875,0.9908363819122314
2509,3.136249870294705e-05,0.16693568229675293,49.774078369140625,39.446807861328125,75.71800231933594,60.0078125,7.161369800567627,0.0054999589920043945,6.843994140625,0.9908368587493896
2510,3.137499879812822e-05,0.17410369217395782,48.5377197265625,38.46697235107422,75.71800231933594,60.0078125,5.640190601348877,0.003314793109893799,7.08447265625,0.990837037563324
2511,3.1387498893309385e-05,0.20682409405708313,39.137916564941406,31.017467498779297,75.71800231933594,60.0078125,6.383662700653076,0.005951583385467529,6.60400390625,0.990837037563324
2512,3.139999898849055e-05,0.19098451733589172,45.301021575927734,35.901832580566406,75.71800231933594,60.0078125,6.848112106323242,0.003237009048461914,7.04541015625,0.9908371567726135
2513,3.141249908367172e-05,0.19939519464969635,50.960350036621094,40.38694763183594,75.71800231933594,60.0078125,5.180238723754883,0.006941556930541992,6.787841796875,0.9908372759819031
2514,3.1424999178852886e-05,0.17875833809375763,10.6245756149292,8.420158386230469,75.71800231933594,60.0078125,5.574587821960449,0.004811346530914307,6.4505615234375,0.9908373355865479
2515,3.143749927403405e-05,0.19241797924041748,57.55564498901367,45.61383056640625,75.71800231933594,60.0078125,4.6124491691589355,0.00463944673538208,7.0836181640625,0.9908378720283508
2516,3.144999936921522e-05,0.1838260293006897,1.059200644493103,0.8394346237182617,75.71800231933594,60.0078125,5.2521162033081055,0.007073163986206055,6.6610107421875,0.9908379912376404
2517,3.146249946439639e-05,0.17138423025608063,47.12599563598633,37.3481559753418,75.71800231933594,60.0078125,6.950613021850586,0.004479318857192993,6.75,0.9908380508422852
2518,3.1474999559577554e-05,0.1593611091375351,10.788810729980469,8.55031681060791,75.71800231933594,60.0078125,7.107786178588867,0.006093442440032959,6.5399169921875,0.9908400177955627
2519,3.148749965475872e-05,0.17612622678279877,53.77002716064453,42.61366653442383,75.71800231933594,60.0078125,7.894194602966309,0.0068503618240356445,6.5477294921875,0.9908401370048523
2520,3.149999974993989e-05,0.16307196021080017,59.95804977416992,47.51777648925781,75.71800231933594,60.0078125,5.658435344696045,0.004825711250305176,6.9168701171875,0.9908406734466553
2521,3.1512499845121056e-05,0.15346784889698029,56.83772659301758,45.04487228393555,75.71800231933594,60.0078125,14.247489929199219,0.004777282476425171,6.873779296875,0.9908407330513
2522,3.152499994030222e-05,0.1577504426240921,61.64055252075195,48.851192474365234,75.71800231933594,60.0078125,9.34433650970459,0.0040659308433532715,6.9151611328125,0.9908408522605896
2523,3.153750003548339e-05,0.15114405751228333,43.14131546020508,34.19022750854492,75.71800231933594,60.0078125,5.6413397789001465,0.0040455162525177,7.0045166015625,0.9908409714698792
2524,3.155000013066456e-05,0.1482980102300644,4.146963596343994,3.2865395545959473,75.71800231933594,60.0078125,6.264923095703125,0.0025881826877593994,7.5032958984375,0.9908409714698792
2525,3.1562500225845724e-05,0.17592015862464905,46.66883087158203,36.98584747314453,75.71800231933594,60.0078125,6.239116191864014,0.005122125148773193,6.8465576171875,0.9908411502838135
2526,3.157500032102689e-05,0.15961532294750214,63.04465866088867,49.96397018432617,75.71800231933594,60.0078125,6.891078948974609,0.004013240337371826,6.5745849609375,0.9908416271209717
2527,3.158750041620806e-05,0.16005569696426392,10.428574562072754,8.264823913574219,75.71800231933594,60.0078125,6.6055378913879395,0.00623631477355957,7.285400390625,0.990841805934906
2528,3.1600000511389226e-05,0.18819251656532288,49.331138610839844,39.09577178955078,75.71800231933594,60.0078125,8.177669525146484,0.006990015506744385,6.7890625,0.9908418655395508
2529,3.161250060657039e-05,0.19485968351364136,0.998344898223877,0.7912054061889648,75.71800231933594,60.0078125,6.281379222869873,0.007348001003265381,6.7249755859375,0.9908437728881836
2530,3.162500070175156e-05,0.1742323338985443,1.1087942123413086,0.8787384033203125,75.71800231933594,60.0078125,7.1968865394592285,0.004370331764221191,7.0654296875,0.9908439517021179
2531,3.163750079693273e-05,0.18080928921699524,1.0693069696426392,0.8474440574645996,75.71800231933594,60.0078125,7.736145496368408,0.005312979221343994,6.6376953125,0.9908440113067627
2532,3.1650000892113894e-05,0.1737036406993866,59.54075622558594,47.187068939208984,75.71800231933594,60.0078125,8.41787052154541,0.0037879347801208496,7.349853515625,0.9908444881439209
2533,3.166250098729506e-05,0.1595660299062729,35.999305725097656,28.530067443847656,75.71800231933594,60.0078125,6.114763259887695,0.005848288536071777,6.849609375,0.9908446669578552
2534,3.167500108247623e-05,0.15419377386569977,49.70233154296875,39.38994598388672,75.71800231933594,60.0078125,6.476027965545654,0.004158914089202881,7.2825927734375,0.9908446669578552
2535,3.1687501177657396e-05,0.17597179114818573,44.46484375,35.23915100097656,75.71800231933594,60.0078125,7.418588638305664,0.005693614482879639,6.97265625,0.9908447861671448
2536,3.170000127283856e-05,0.14799918234348297,48.456260681152344,38.40241622924805,75.71800231933594,60.0078125,5.168391704559326,0.004493802785873413,6.9061279296875,0.9908449053764343
2537,3.171250136801973e-05,0.1471281200647354,1.0552699565887451,0.8363194465637207,75.71800231933594,60.0078125,5.4017333984375,0.006766080856323242,6.51171875,0.9908449649810791
2538,3.17250014632009e-05,0.1481020748615265,38.02882385253906,30.138492584228516,75.71800231933594,60.0078125,7.994248867034912,0.005580395460128784,6.55810546875,0.9908455014228821
2539,3.1737501558382064e-05,0.17756764590740204,42.533729553222656,33.70870590209961,75.71800231933594,60.0078125,7.213553428649902,0.006380677223205566,7.1229248046875,0.9908456206321716
2540,3.175000165356323e-05,0.20962604880332947,50.72958755493164,40.204063415527344,75.71800231933594,60.0078125,5.959290504455566,0.005051642656326294,6.8226318359375,0.9908475875854492
2541,3.17625017487444e-05,0.1670861393213272,38.40932083129883,30.440044403076172,75.71800231933594,60.0078125,6.559877395629883,0.004527151584625244,6.9920654296875,0.990847647190094
2542,3.177499820594676e-05,0.16291911900043488,9.925969123840332,7.866500377655029,75.71800231933594,60.0078125,5.0404953956604,0.006593108177185059,6.7021484375,0.9908478260040283
2543,3.1787498301127926e-05,0.17801533639431,11.085653305053711,8.78557014465332,75.71800231933594,60.0078125,6.616530418395996,0.005556285381317139,6.8843994140625,0.9908483028411865
2544,3.179999839630909e-05,0.20495302975177765,43.204078674316406,34.23997116088867,75.71800231933594,60.0078125,7.395660400390625,0.004573047161102295,6.9935302734375,0.9908483624458313
2545,3.181249849149026e-05,0.165632963180542,11.428576469421387,9.057342529296875,75.71800231933594,60.0078125,5.834918022155762,0.005076587200164795,7.226318359375,0.9908484816551208
2546,3.182499858667143e-05,0.1596800982952118,11.424286842346191,9.053942680358887,75.71800231933594,60.0078125,5.753773212432861,0.006833851337432861,6.8887939453125,0.9908486008644104
2547,3.1837498681852594e-05,0.19033750891685486,58.200218200683594,46.124664306640625,75.71800231933594,60.0078125,6.843838691711426,0.004079371690750122,6.941650390625,0.9908486008644104
2548,3.184999877703376e-05,0.15760457515716553,44.68761444091797,35.41569900512695,75.71800231933594,60.0078125,6.218468189239502,0.005996048450469971,7.15234375,0.9908487796783447
2549,3.186249887221493e-05,0.19223901629447937,0.9591103196144104,0.7601113319396973,75.71800231933594,60.0078125,5.402465343475342,0.006732583045959473,6.2835693359375,0.9908492565155029
2550,3.1874998967396095e-05,0.20842930674552917,36.70793151855469,29.091663360595703,75.71800231933594,60.0078125,8.687950134277344,0.0044019222259521484,6.9140625,0.9908494353294373
2551,3.188749906257726e-05,0.14455091953277588,24.700485229492188,19.575557708740234,75.71800231933594,60.0078125,5.541825771331787,0.004440665245056152,7.1273193359375,0.990849494934082
2552,3.189999915775843e-05,0.15244264900684357,9.539529800415039,7.560240745544434,75.71800231933594,60.0078125,7.276902675628662,0.0031516551971435547,6.532958984375,0.9908514022827148
2553,3.19124992529396e-05,0.18712350726127625,43.8662109375,34.76472473144531,75.71800231933594,60.0078125,6.9423346519470215,0.00645369291305542,7.2001953125,0.9908515810966492
2554,3.1924999348120764e-05,0.16258691251277924,4.012546062469482,3.18001127243042,75.71800231933594,60.0078125,6.529771327972412,0.0051634907722473145,7.0692138671875,0.990851640701294
2555,3.193749944330193e-05,0.157939612865448,49.321380615234375,39.088035583496094,75.71800231933594,60.0078125,7.955318927764893,0.005273699760437012,6.8631591796875,0.9908521175384521
2556,3.19499995384831e-05,0.17989790439605713,0.903715968132019,0.7162103652954102,75.71800231933594,60.0078125,5.432430744171143,0.003743410110473633,6.7901611328125,0.9908522963523865
2557,3.1962499633664265e-05,0.15897516906261444,38.38749313354492,30.42274284362793,75.71800231933594,60.0078125,7.402719974517822,0.004183858633041382,7.020751953125,0.9908523559570312
2558,3.197499972884543e-05,0.15745145082473755,49.372657775878906,39.1286735534668,75.71800231933594,60.0078125,6.439728260040283,0.004890412092208862,7.3592529296875,0.990852415561676
2559,3.19874998240266e-05,0.16129320859909058,41.860076904296875,33.174827575683594,75.71800231933594,60.0078125,6.20214319229126,0.004798531532287598,6.5604248046875,0.9908525943756104
2560,3.199999991920777e-05,0.15205630660057068,46.6378288269043,36.961273193359375,75.71800231933594,60.0078125,7.173238277435303,0.006304323673248291,6.5916748046875,0.9908525943756104
2561,3.2012500014388934e-05,0.15768826007843018,42.38737487792969,33.59272003173828,75.71800231933594,60.0078125,6.472445964813232,0.0039103031158447266,7.269775390625,0.9908531308174133
2562,3.20250001095701e-05,0.16814298927783966,50.39650344848633,39.94009017944336,75.71800231933594,60.0078125,8.012593269348145,0.005635261535644531,7.1177978515625,0.9908533096313477
2563,3.203750020475127e-05,0.19960618019104004,0.9711570739746094,0.7696585655212402,75.71800231933594,60.0078125,5.508476734161377,0.005491137504577637,6.705322265625,0.9908552169799805
2564,3.2050000299932435e-05,0.16208787262439728,1.0496147871017456,0.8318376541137695,75.71800231933594,60.0078125,5.0303635597229,0.005148351192474365,6.8734130859375,0.9908552765846252
2565,3.20625003951136e-05,0.1991754025220871,42.58523941040039,33.74953079223633,75.71800231933594,60.0078125,6.251479625701904,0.005821168422698975,6.640380859375,0.9908554553985596
2566,3.207500049029477e-05,0.16279758512973785,31.17742919921875,24.70864486694336,75.71800231933594,60.0078125,8.395838737487793,0.0039018094539642334,7.2117919921875,0.9908559322357178
2567,3.2087500585475937e-05,0.16787578165531158,0.9608467817306519,0.7614874839782715,75.71800231933594,60.0078125,5.934754848480225,0.0033138692378997803,7.0203857421875,0.9908561110496521
2568,3.2100000680657104e-05,0.15507318079471588,59.150386810302734,46.87769317626953,75.71800231933594,60.0078125,7.056154251098633,0.006531476974487305,6.11328125,0.9908561110496521
2569,3.211250077583827e-05,0.14525727927684784,33.188724517822266,26.302631378173828,75.71800231933594,60.0078125,6.1109185218811035,0.0056629180908203125,6.8514404296875,0.9908562302589417
2570,3.212500087101944e-05,0.15972627699375153,11.093266487121582,8.791603088378906,75.71800231933594,60.0078125,6.074156761169434,0.0037183165550231934,7.0362548828125,0.9908562302589417
2571,3.2137500966200605e-05,0.1605350375175476,4.4363694190979,3.5158987045288086,75.71800231933594,60.0078125,5.953500270843506,0.00374448299407959,6.606201171875,0.990856409072876
2572,3.215000106138177e-05,0.19069582223892212,0.9730625748634338,0.7711687088012695,75.71800231933594,60.0078125,6.5466814041137695,0.004618823528289795,6.940185546875,0.9908568859100342
2573,3.216250115656294e-05,0.15926970541477203,3.924358606338501,3.110121250152588,75.71800231933594,60.0078125,7.147576332092285,0.006021440029144287,6.757568359375,0.9908570647239685
2574,3.2175001251744106e-05,0.16613531112670898,60.854793548583984,48.22846603393555,75.71800231933594,60.0078125,7.978931903839111,0.004686504602432251,6.519287109375,0.9908571243286133
2575,3.2187501346925274e-05,0.15934239327907562,53.52873992919922,42.42243957519531,75.71800231933594,60.0078125,6.209211349487305,0.003697812557220459,7.0596923828125,0.9908590316772461
2576,3.220000144210644e-05,0.1593625694513321,10.555034637451172,8.365045547485352,75.71800231933594,60.0078125,7.421300888061523,0.004707038402557373,6.6998291015625,0.9908592104911804
2577,3.221250153728761e-05,0.18997681140899658,18.477333068847656,14.64360237121582,75.71800231933594,60.0078125,5.539806842803955,0.004352927207946777,6.770751953125,0.9908592700958252
2578,3.2225001632468775e-05,0.17652352154254913,4.059332370758057,3.217090129852295,75.71800231933594,60.0078125,6.172428131103516,0.006969332695007324,6.5926513671875,0.9908597469329834
2579,3.223750172764994e-05,0.1449783593416214,3.820786476135254,3.028038501739502,75.71800231933594,60.0078125,7.306487560272217,0.0035409927368164062,6.5570068359375,0.9908599257469177
2580,3.22499981848523e-05,0.15835905075073242,39.20525360107422,31.07083511352539,75.71800231933594,60.0078125,5.8126540184021,0.0038565993309020996,6.8836669921875,0.9908599853515625
2581,3.226249828003347e-05,0.13259340822696686,39.45794677734375,31.27109718322754,75.71800231933594,60.0078125,14.355772972106934,0.0070879459381103516,6.9000244140625,0.9908600449562073
2582,3.2274998375214636e-05,0.1895703822374344,0.9421521425247192,0.7466716766357422,75.71800231933594,60.0078125,6.091312885284424,0.0057211220264434814,6.9613037109375,0.9908602237701416
2583,3.2287498470395803e-05,0.16514208912849426,36.18841552734375,28.67993927001953,75.71800231933594,60.0078125,5.0833210945129395,0.0036211609840393066,7.0186767578125,0.9908607006072998
2584,3.229999856557697e-05,0.19081614911556244,46.07474136352539,36.515018463134766,75.71800231933594,60.0078125,5.50577449798584,0.004528999328613281,7.5853271484375,0.9908607602119446
2585,3.231249866075814e-05,0.183519646525383,37.09490966796875,29.398351669311523,75.71800231933594,60.0078125,5.040895938873291,0.005651891231536865,6.82373046875,0.9908609390258789
2586,3.2324998755939305e-05,0.15694274008274078,1.0276602506637573,0.8144383430480957,75.71800231933594,60.0078125,7.248204231262207,0.003897726535797119,6.60693359375,0.9908628463745117
2587,3.233749885112047e-05,0.1656791716814041,36.713111877441406,29.095767974853516,75.71800231933594,60.0078125,7.103867053985596,0.003486454486846924,7.3238525390625,0.9908629059791565
2588,3.234999894630164e-05,0.16742561757564545,50.1634635925293,39.755401611328125,75.71800231933594,60.0078125,6.44246244430542,0.004441738128662109,6.854736328125,0.9908630847930908
2589,3.2362499041482806e-05,0.16885313391685486,24.052173614501953,19.061758041381836,75.71800231933594,60.0078125,6.84330940246582,0.005047023296356201,6.7899169921875,0.990863561630249
2590,3.237499913666397e-05,0.19689171016216278,45.86549377441406,36.349185943603516,75.71800231933594,60.0078125,6.181420803070068,0.004320800304412842,7.070556640625,0.9908637404441833
2591,3.238749923184514e-05,0.17056918144226074,64.34811401367188,50.996978759765625,75.71800231933594,60.0078125,7.2564897537231445,0.004145175218582153,6.6826171875,0.9908637404441833
2592,3.239999932702631e-05,0.2013063132762909,3.9094154834747314,3.098278522491455,75.71800231933594,60.0078125,6.639405250549316,0.0032595396041870117,7.330810546875,0.9908638596534729
2593,3.2412499422207475e-05,0.16848331689834595,1.0273022651672363,0.8141546249389648,75.71800231933594,60.0078125,6.195998668670654,0.005535721778869629,6.8223876953125,0.9908639788627625
2594,3.242499951738864e-05,0.19123488664627075,47.12723922729492,37.349143981933594,75.71800231933594,60.0078125,6.495357036590576,0.004599571228027344,7.2689208984375,0.9908640384674072
2595,3.243749961256981e-05,0.19378376007080078,41.82276916503906,33.145259857177734,75.71800231933594,60.0078125,6.053509712219238,0.003147721290588379,6.9698486328125,0.9908645153045654
2596,3.2449999707750976e-05,0.18557825684547424,50.669944763183594,40.156795501708984,75.71800231933594,60.0078125,5.731502056121826,0.0038117170333862305,6.9097900390625,0.9908646941184998
2597,3.246249980293214e-05,0.1518874615430832,45.73051452636719,36.24221420288086,75.71800231933594,60.0078125,7.686091423034668,0.004991114139556885,6.5927734375,0.9908647537231445
2598,3.247499989811331e-05,0.1552819162607193,46.9049186706543,37.172950744628906,75.71800231933594,60.0078125,7.219549179077148,0.003687739372253418,6.5321044921875,0.9908667206764221
2599,3.248749999329448e-05,0.18157310783863068,53.420135498046875,42.336368560791016,75.71800231933594,60.0078125,7.811600208282471,0.0036393404006958008,7.0416259765625,0.9908668398857117
2600,3.2500000088475645e-05,0.15444006025791168,24.856773376464844,19.699417114257812,75.71800231933594,60.0078125,7.117778778076172,0.0042920708656311035,6.6895751953125,0.9908673763275146
2601,3.251250018365681e-05,0.154879629611969,10.818277359008789,8.57366943359375,75.71800231933594,60.0078125,6.709539413452148,0.004356682300567627,7.0101318359375,0.9908674359321594
2602,3.252500027883798e-05,0.1386905312538147,62.69235610961914,49.68476486206055,75.71800231933594,60.0078125,6.146998882293701,0.00523608922958374,6.735595703125,0.990867555141449
2603,3.2537500374019146e-05,0.19373410940170288,52.16658020019531,41.34290313720703,75.71800231933594,60.0078125,7.334598541259766,0.0049555301666259766,6.838134765625,0.9908676743507385
2604,3.255000046920031e-05,0.18192461133003235,4.32105016708374,3.424506187438965,75.71800231933594,60.0078125,7.998935699462891,0.006174027919769287,6.9378662109375,0.9908676743507385
2605,3.256250056438148e-05,0.1490553468465805,35.75603485107422,28.33726692199707,75.71800231933594,60.0078125,6.166141033172607,0.005454123020172119,7.26708984375,0.9908678531646729
2606,3.257500065956265e-05,0.16941435635089874,56.40423583984375,44.70132064819336,75.71800231933594,60.0078125,7.82081413269043,0.005350649356842041,6.868408203125,0.990868330001831
2607,3.2587500754743814e-05,0.14530730247497559,44.291446685791016,35.10172653198242,75.71800231933594,60.0078125,9.111031532287598,0.00326383113861084,6.9658203125,0.9908683896064758
2608,3.260000084992498e-05,0.1695520281791687,4.049875259399414,3.209595203399658,75.71800231933594,60.0078125,5.067747592926025,0.004134029150009155,7.150146484375,0.9908685684204102
2609,3.261250094510615e-05,0.14985360205173492,59.772823333740234,47.37098693847656,75.71800231933594,60.0078125,6.384377956390381,0.005997776985168457,6.385009765625,0.990870475769043
2610,3.2625001040287316e-05,0.19630835950374603,3.6214072704315186,2.8700270652770996,75.71800231933594,60.0078125,5.478544235229492,0.004128366708755493,6.8853759765625,0.9908705353736877
2611,3.263750113546848e-05,0.14621396362781525,1.0334784984588623,0.8190493583679199,75.71800231933594,60.0078125,5.697323322296143,0.004776656627655029,7.148681640625,0.9908707141876221
2612,3.265000123064965e-05,0.1502343714237213,23.775733947753906,18.842676162719727,75.71800231933594,60.0078125,7.270658016204834,0.0044998228549957275,6.6280517578125,0.9908711910247803
2613,3.266250132583082e-05,0.16178639233112335,39.13352966308594,31.01399040222168,75.71800231933594,60.0078125,6.403602600097656,0.0036773681640625,7.1282958984375,0.9908713698387146
2614,3.2675001421011984e-05,0.14597010612487793,52.26457595825195,41.420570373535156,75.71800231933594,60.0078125,6.7079854011535645,0.004839718341827393,7.1754150390625,0.9908713698387146
2615,3.268750151619315e-05,0.17701587080955505,44.12751770019531,34.9718132019043,75.71800231933594,60.0078125,4.959499359130859,0.00633123517036438,6.849365234375,0.9908714890480042
2616,3.270000161137432e-05,0.16201649606227875,50.54972457885742,40.0615234375,75.71800231933594,60.0078125,6.51852560043335,0.004232525825500488,6.7879638671875,0.9908716082572937
2617,3.2712501706555486e-05,0.1616053730249405,21.184831619262695,16.78934097290039,75.71800231933594,60.0078125,6.9232497215271,0.0034455060958862305,7.05126953125,0.9908716678619385
2618,3.272500180173665e-05,0.18185091018676758,49.4232177734375,39.16874694824219,75.71800231933594,60.0078125,6.624117851257324,0.004758477210998535,7.3193359375,0.9908722043037415
2619,3.273749825893901e-05,0.2096664160490036,56.03065872192383,44.40525436401367,75.71800231933594,60.0078125,7.872898101806641,0.005021631717681885,6.5654296875,0.990872323513031
2620,3.274999835412018e-05,0.1651943027973175,10.036044120788574,7.953736782073975,75.71800231933594,60.0078125,6.522355079650879,0.005010247230529785,6.5599365234375,0.9908742904663086
2621,3.276249844930135e-05,0.19021748006343842,4.131418704986572,3.2742199897766113,75.71800231933594,60.0078125,6.329817295074463,0.009144902229309082,7.240966796875,0.9908743500709534
2622,3.2774998544482514e-05,0.19588203728199005,4.659684181213379,3.6928791999816895,75.71800231933594,60.0078125,7.119645595550537,0.004141628742218018,7.1185302734375,0.9908744692802429
2623,3.278749863966368e-05,0.20130328834056854,3.737990617752075,2.962421417236328,75.71800231933594,60.0078125,6.093710899353027,0.006554365158081055,6.7005615234375,0.9908750057220459
2624,3.279999873484485e-05,0.1511777937412262,41.332130432128906,32.75642013549805,75.71800231933594,60.0078125,8.291062355041504,0.00467914342880249,7.01953125,0.9908750653266907
2625,3.2812498830026016e-05,0.18214643001556396,41.9560661315918,33.25090026855469,75.71800231933594,60.0078125,6.4004082679748535,0.004310905933380127,6.6328125,0.9908751845359802
2626,3.282499892520718e-05,0.16763511300086975,46.22140884399414,36.631256103515625,75.71800231933594,60.0078125,6.322802543640137,0.003491222858428955,7.2164306640625,0.9908753037452698
2627,3.283749902038835e-05,0.17316727340221405,50.113739013671875,39.71599578857422,75.71800231933594,60.0078125,5.086436748504639,0.0055730342864990234,7.055419921875,0.9908753037452698
2628,3.284999911556952e-05,0.16004951298236847,56.964759826660156,45.145545959472656,75.71800231933594,60.0078125,7.585409164428711,0.0052152276039123535,6.1275634765625,0.9908754825592041
2629,3.2862499210750684e-05,0.18274052441120148,0.9405691623687744,0.7454171180725098,75.71800231933594,60.0078125,6.7020440101623535,0.004861295223236084,6.8311767578125,0.9908759593963623
2630,3.287499930593185e-05,0.1688445508480072,11.660630226135254,9.241249084472656,75.71800231933594,60.0078125,6.642014980316162,0.004345238208770752,7.0399169921875,0.9908761382102966
2631,3.288749940111302e-05,0.182619109749794,53.93003845214844,42.740478515625,75.71800231933594,60.0078125,6.327348232269287,0.009643316268920898,6.64453125,0.9908761978149414
2632,3.2899999496294186e-05,0.16985498368740082,4.068995475769043,3.2247486114501953,75.71800231933594,60.0078125,6.558072090148926,0.004375278949737549,6.9810791015625,0.9908781051635742
2633,3.291249959147535e-05,0.15569008886814117,47.627708435058594,37.74577331542969,75.71800231933594,60.0078125,7.237998008728027,0.0041536688804626465,6.8477783203125,0.9908782839775085
2634,3.292499968665652e-05,0.18601593375205994,0.9775245785713196,0.7747049331665039,75.71800231933594,60.0078125,5.904061794281006,0.00414198637008667,6.42626953125,0.9908783435821533
2635,3.293749978183769e-05,0.1888999193906784,43.736244201660156,34.661720275878906,75.71800231933594,60.0078125,6.406121730804443,0.004545778036117554,6.944091796875,0.9908788204193115
2636,3.2949999877018854e-05,0.1664762794971466,40.47312545776367,32.07564163208008,75.71800231933594,60.0078125,7.244365692138672,0.0047296881675720215,6.7940673828125,0.9908789992332458
2637,3.296249997220002e-05,0.18132974207401276,10.395442008972168,8.238565444946289,75.71800231933594,60.0078125,6.967957496643066,0.005314350128173828,6.8079833984375,0.9908789992332458
2638,3.297500006738119e-05,0.21345624327659607,45.04674530029297,35.700313568115234,75.71800231933594,60.0078125,6.6087164878845215,0.00490647554397583,6.6246337890625,0.9908791184425354
2639,3.2987500162562355e-05,0.23858799040317535,42.75754928588867,33.88608932495117,75.71800231933594,60.0078125,6.791207790374756,0.0042091310024261475,6.5704345703125,0.990879237651825
2640,3.300000025774352e-05,0.19735494256019592,48.40864944458008,38.36468505859375,75.71800231933594,60.0078125,7.598299026489258,0.005903184413909912,6.8885498046875,0.9908792972564697
2641,3.301250035292469e-05,0.24715696275234222,22.931819915771484,18.173858642578125,75.71800231933594,60.0078125,13.373909950256348,0.003956019878387451,6.9034423828125,0.9908798336982727
2642,3.302500044810586e-05,0.16295169293880463,37.037757873535156,29.353057861328125,75.71800231933594,60.0078125,6.7692036628723145,0.0053244829177856445,7.0372314453125,0.9908799529075623
2643,3.3037500543287024e-05,0.2544914782047272,54.4343376159668,43.14014434814453,75.71800231933594,60.0078125,6.571521759033203,0.005764663219451904,7.0159912109375,0.9908819198608398
2644,3.305000063846819e-05,0.20083555579185486,41.337196350097656,32.760433197021484,75.71800231933594,60.0078125,6.0291218757629395,0.005192697048187256,7.482666015625,0.9908819794654846
2645,3.306250073364936e-05,0.200882688164711,51.49639892578125,40.81177520751953,75.71800231933594,60.0078125,7.744396686553955,0.006340205669403076,6.8179931640625,0.990882158279419
2646,3.3075000828830525e-05,0.21834823489189148,60.01746368408203,47.56486511230469,75.71800231933594,60.0078125,7.393801212310791,0.003338754177093506,6.7113037109375,0.9908826351165771
2647,3.308750092401169e-05,0.2914630174636841,43.72893524169922,34.65592956542969,75.71800231933594,60.0078125,6.0667524337768555,0.005816787481307983,7.3309326171875,0.9908826947212219
2648,3.310000101919286e-05,0.17865675687789917,46.01325607299805,36.46628952026367,75.71800231933594,60.0078125,7.92201566696167,0.005985885858535767,6.7947998046875,0.9908828139305115
2649,3.311250111437403e-05,0.26172202825546265,49.401790618896484,39.151763916015625,75.71800231933594,60.0078125,6.28350830078125,0.00457647442817688,6.7960205078125,0.990882933139801
2650,3.3125001209555194e-05,0.18320360779762268,38.70351791381836,30.673198699951172,75.71800231933594,60.0078125,5.221257209777832,0.004556536674499512,7.06640625,0.990882933139801
2651,3.313750130473636e-05,0.22282585501670837,21.022472381591797,16.660669326782227,75.71800231933594,60.0078125,5.573561191558838,0.004263758659362793,6.6766357421875,0.9908831119537354
2652,3.315000139991753e-05,0.2361198216676712,51.72162628173828,40.990272521972656,75.71800231933594,60.0078125,8.071320533752441,0.0035753250122070312,7.292236328125,0.9908835887908936
2653,3.3162501495098695e-05,0.1743452399969101,0.9834408164024353,0.7793936729431152,75.71800231933594,60.0078125,6.90788459777832,0.00501173734664917,6.867919921875,0.9908837676048279
2654,3.317500159027986e-05,0.17179016768932343,42.79648971557617,33.91695022583008,75.71800231933594,60.0078125,7.243994235992432,0.004284918308258057,7.1923828125,0.9908838272094727
2655,3.318750168546103e-05,0.25429946184158325,0.917244017124176,0.7269315719604492,75.71800231933594,60.0078125,6.510002136230469,0.005656123161315918,6.878173828125,0.9908857345581055
2656,3.3200001780642197e-05,0.16725336015224457,46.70381164550781,37.01356887817383,75.71800231933594,60.0078125,6.91085147857666,0.003353297710418701,6.8369140625,0.9908859133720398
2657,3.3212498237844557e-05,0.1902168095111847,0.989662766456604,0.7843246459960938,75.71800231933594,60.0078125,5.59598970413208,0.003865361213684082,6.5465087890625,0.9908859729766846
2658,3.3224998333025724e-05,0.18165387213230133,4.149924278259277,3.288886070251465,75.71800231933594,60.0078125,7.673365116119385,0.0042931437492370605,6.513427734375,0.9908864498138428
2659,3.323749842820689e-05,0.16335853934288025,44.409847259521484,35.195560455322266,75.71800231933594,60.0078125,7.718369007110596,0.003959238529205322,7.0609130859375,0.9908866286277771
2660,3.324999852338806e-05,0.19242002069950104,44.8232307434082,35.52317428588867,75.71800231933594,60.0078125,8.560442924499512,0.0042594075202941895,6.72998046875,0.9908866882324219
2661,3.3262498618569225e-05,0.1796656847000122,21.767330169677734,17.250980377197266,75.71800231933594,60.0078125,6.827193737030029,0.005164444446563721,6.93017578125,0.9908867478370667
2662,3.327499871375039e-05,0.17888113856315613,4.34490442276001,3.443410873413086,75.71800231933594,60.0078125,5.690107822418213,0.005140125751495361,6.7752685546875,0.990886926651001
2663,3.328749880893156e-05,0.19787414371967316,22.585622787475586,17.899492263793945,75.71800231933594,60.0078125,5.456582069396973,0.004357635974884033,6.8466796875,0.990886926651001
2664,3.3299998904112726e-05,0.2055484503507614,49.27153015136719,39.04853057861328,75.71800231933594,60.0078125,7.309540748596191,0.0037268400192260742,7.0267333984375,0.990887463092804
2665,3.3312498999293894e-05,0.15828068554401398,4.072572708129883,3.227583408355713,75.71800231933594,60.0078125,5.57828426361084,0.006093382835388184,7.2623291015625,0.9908876419067383
2666,3.332499909447506e-05,0.20006048679351807,43.26078414916992,34.284912109375,75.71800231933594,60.0078125,6.473592758178711,0.006488442420959473,6.76708984375,0.9908895492553711
2667,3.333749918965623e-05,0.19545838236808777,53.121097564697266,42.0993766784668,75.71800231933594,60.0078125,7.220417499542236,0.00435289740562439,6.9984130859375,0.9908896088600159
2668,3.3349999284837395e-05,0.19306756556034088,42.24469757080078,33.479644775390625,75.71800231933594,60.0078125,6.682677268981934,0.006249845027923584,7.2611083984375,0.9908897876739502
2669,3.336249938001856e-05,0.20221836864948273,52.9285774230957,41.946800231933594,75.71800231933594,60.0078125,5.624373435974121,0.006142318248748779,6.2601318359375,0.9908902645111084
2670,3.337499947519973e-05,0.16814056038856506,40.190670013427734,31.851795196533203,75.71800231933594,60.0078125,7.218447685241699,0.0028737783432006836,6.9388427734375,0.9908904433250427
2671,3.3387499570380896e-05,0.15657928586006165,51.160945892333984,40.545921325683594,75.71800231933594,60.0078125,6.806004524230957,0.00412672758102417,7.2467041015625,0.9908904433250427
2672,3.3399999665562063e-05,0.18203288316726685,10.505160331726074,8.325519561767578,75.71800231933594,60.0078125,5.881831169128418,0.006048142910003662,6.6368408203125,0.9908905625343323
2673,3.341249976074323e-05,0.15962763130664825,38.88884735107422,30.82007598876953,75.71800231933594,60.0078125,6.738730430603027,0.004671216011047363,7.0980224609375,0.9908905625343323
2674,3.34249998559244e-05,0.1788112372159958,49.0073127746582,38.839134216308594,75.71800231933594,60.0078125,7.22709846496582,0.0036261677742004395,7.0732421875,0.9908907413482666
2675,3.3437499951105565e-05,0.16121837496757507,22.75819969177246,18.03626251220703,75.71800231933594,60.0078125,6.8837738037109375,0.00451427698135376,6.8553466796875,0.9908912181854248
2676,3.345000004628673e-05,0.15310995280742645,40.96366882324219,32.46440887451172,75.71800231933594,60.0078125,6.3985371589660645,0.004066526889801025,6.79443359375,0.9908913969993591
2677,3.34625001414679e-05,0.19850389659404755,58.019813537597656,45.981693267822266,75.71800231933594,60.0078125,7.317847728729248,0.003184795379638672,7.0963134765625,0.9908914566040039
2678,3.3475000236649066e-05,0.1424897164106369,0.9605543613433838,0.7612557411193848,75.71800231933594,60.0078125,5.618166446685791,0.0036240220069885254,7.2900390625,0.9908933639526367
2679,3.348750033183023e-05,0.1576738804578781,4.083847999572754,3.2365193367004395,75.71800231933594,60.0078125,6.306610584259033,0.0042542219161987305,6.574462890625,0.990893542766571
2680,3.35000004270114e-05,0.20235231518745422,41.536739349365234,32.9185791015625,75.71800231933594,60.0078125,5.626544952392578,0.004927158355712891,6.5772705078125,0.9908936023712158
2681,3.351250052219257e-05,0.16229908168315887,68.27678680419922,54.11051940917969,81.3961181640625,64.5078125,6.673442840576172,0.004996776580810547,7.3309326171875,0.990894079208374
2682,3.3525000617373735e-05,0.17517739534378052,40.56367492675781,32.147403717041016,81.3961181640625,64.5078125,7.8801727294921875,0.004426479339599609,7.0770263671875,0.9908942580223083
2683,3.35375007125549e-05,0.1704985499382019,55.797943115234375,44.2208251953125,81.3961181640625,64.5078125,5.683922290802002,0.003462165594100952,6.7196044921875,0.9908943176269531
2684,3.355000080773607e-05,0.17487111687660217,54.497718811035156,43.190372467041016,81.3961181640625,64.5078125,8.447853088378906,0.0042803287506103516,7.0120849609375,0.9908943772315979
2685,3.3562500902917236e-05,0.192702054977417,1.050732135772705,0.8327231407165527,81.3961181640625,64.5078125,7.368003845214844,0.005030155181884766,6.64599609375,0.9908945560455322
2686,3.35750009980984e-05,0.17208699882030487,50.81361770629883,40.270660400390625,81.3961181640625,64.5078125,6.7827019691467285,0.005748778581619263,7.1290283203125,0.9908950328826904
2687,3.358750109327957e-05,0.16356849670410156,10.47082805633545,8.298309326171875,81.3961181640625,64.5078125,8.397934913635254,0.004258334636688232,7.01904296875,0.9908950924873352
2688,3.360000118846074e-05,0.1955171376466751,4.110743045806885,3.257833957672119,81.3961181640625,64.5078125,6.789968013763428,0.005492508411407471,6.091796875,0.9908952713012695
2689,3.3612501283641905e-05,0.18768846988677979,67.09768676757812,53.176063537597656,81.3961181640625,64.5078125,6.5156707763671875,0.005972683429718018,6.8592529296875,0.9908971786499023
2690,3.362500137882307e-05,0.17227229475975037,0.8701756596565247,0.689629077911377,81.3961181640625,64.5078125,7.9523210525512695,0.0040648579597473145,7.0511474609375,0.9908972382545471
2691,3.363750147400424e-05,0.21271976828575134,48.304649353027344,38.28226089477539,81.3961181640625,64.5078125,6.394377708435059,0.004923135042190552,6.63232421875,0.9908974170684814
2692,3.3650001569185406e-05,0.16281689703464508,0.8791526556015015,0.6967434883117676,81.3961181640625,64.5078125,6.034416675567627,0.00441858172416687,6.9730224609375,0.9908978939056396
2693,3.366250166436657e-05,0.20073610544204712,61.72454833984375,48.91775894165039,81.3961181640625,64.5078125,6.732132434844971,0.004907131195068359,6.785888671875,0.990898072719574
2694,3.367500175954774e-05,0.20161573588848114,11.69882583618164,9.27151870727539,81.3961181640625,64.5078125,6.0354790687561035,0.004936814308166504,6.5025634765625,0.990898072719574
2695,3.36874982167501e-05,0.1896064430475235,42.41758346557617,33.616661071777344,81.3961181640625,64.5078125,6.895592212677002,0.003469526767730713,6.9918212890625,0.9908981919288635
2696,3.369999831193127e-05,0.16844294965267181,38.453182220458984,30.474803924560547,81.3961181640625,64.5078125,6.707619667053223,0.00637131929397583,6.6578369140625,0.9908983111381531
2697,3.3712498407112435e-05,0.1739620417356491,4.263279438018799,3.3787217140197754,81.3961181640625,64.5078125,6.534069538116455,0.003040522336959839,6.87353515625,0.9908983707427979
2698,3.37249985022936e-05,0.14021548628807068,32.98126220703125,26.138214111328125,81.3961181640625,64.5078125,7.1187944412231445,0.005094289779663086,6.5645751953125,0.990898847579956
2699,3.373749859747477e-05,0.1771705150604248,56.94200134277344,45.12751007080078,81.3961181640625,64.5078125,7.405984878540039,0.00484079122543335,6.552490234375,0.9908990263938904
2700,3.3749998692655936e-05,0.15254437923431396,0.9690878987312317,0.7680187225341797,81.3961181640625,64.5078125,5.464089870452881,0.004951894283294678,6.8814697265625,0.9908990859985352
2701,3.37624987878371e-05,0.1799314171075821,4.137752532958984,3.2792396545410156,81.3961181640625,64.5078125,13.05592155456543,0.003274381160736084,6.9189453125,0.9909010529518127
2702,3.377499888301827e-05,0.16881446540355682,38.851287841796875,30.79030990600586,81.3961181640625,64.5078125,6.387688636779785,0.005244314670562744,6.9345703125,0.9909011721611023
2703,3.378749897819944e-05,0.14685958623886108,33.372962951660156,26.44864273071289,81.3961181640625,64.5078125,7.978588581085205,0.0037136077880859375,7.0194091796875,0.9909017086029053
2704,3.3799999073380604e-05,0.17736220359802246,50.9427375793457,40.372989654541016,81.3961181640625,64.5078125,8.473295211791992,0.005185902118682861,7.405517578125,0.99090176820755
2705,3.381249916856177e-05,0.16361360251903534,35.82313919067383,28.39044952392578,81.3961181640625,64.5078125,6.695601940155029,0.003318995237350464,6.7066650390625,0.9909018874168396
2706,3.382499926374294e-05,0.16043873131275177,57.632755279541016,45.67494583129883,81.3961181640625,64.5078125,8.670326232910156,0.004708349704742432,6.6839599609375,0.9909020066261292
2707,3.3837499358924106e-05,0.1598585546016693,54.489662170410156,43.18398666381836,81.3961181640625,64.5078125,9.665521621704102,0.003663867712020874,7.2646484375,0.9909020066261292
2708,3.384999945410527e-05,0.14163339138031006,11.82541561126709,9.371844291687012,81.3961181640625,64.5078125,5.270005226135254,0.007014721632003784,6.7657470703125,0.9909021854400635
2709,3.386249954928644e-05,0.1805320829153061,48.9633903503418,38.8043212890625,81.3961181640625,64.5078125,5.51680850982666,0.003185272216796875,6.7857666015625,0.9909026622772217
2710,3.387499964446761e-05,0.14859344065189362,40.23820495605469,31.889463424682617,81.3961181640625,64.5078125,7.211184978485107,0.0030039548873901367,7.0467529296875,0.9909027218818665
2711,3.3887499739648774e-05,0.22698959708213806,47.60489273071289,37.727691650390625,81.3961181640625,64.5078125,8.123517990112305,0.006883680820465088,6.703369140625,0.9909029006958008
2712,3.389999983482994e-05,0.1440308392047882,10.780754089355469,8.54393196105957,81.3961181640625,64.5078125,6.432414531707764,0.0026350021362304688,7.1763916015625,0.9909048080444336
2713,3.391249993001111e-05,0.19261284172534943,41.62834548950195,32.99117660522461,81.3961181640625,64.5078125,5.355669975280762,0.0023812055587768555,6.88232421875,0.9909048676490784
2714,3.3925000025192276e-05,0.17331577837467194,58.90894317626953,46.686344146728516,81.3961181640625,64.5078125,6.793885707855225,0.005418181419372559,7.073974609375,0.9909050464630127
2715,3.393750012037344e-05,0.19700688123703003,35.52848434448242,28.156930923461914,81.3961181640625,64.5078125,6.099310874938965,0.003669917583465576,6.980712890625,0.9909055233001709
2716,3.395000021555461e-05,0.1453036218881607,41.8849983215332,33.194580078125,81.3961181640625,64.5078125,6.490357875823975,0.004183411598205566,6.763916015625,0.9909057021141052
2717,3.396250031073578e-05,0.18825116753578186,11.22784423828125,8.898258209228516,81.3961181640625,64.5078125,6.815435409545898,0.004762887954711914,6.599853515625,0.9909057021141052
2718,3.3975000405916944e-05,0.15730689465999603,41.13994216918945,32.60410690307617,81.3961181640625,64.5078125,6.340834140777588,0.0033089518547058105,6.5986328125,0.9909058213233948
2719,3.398750050109811e-05,0.16809432208538055,55.04786682128906,43.626373291015625,81.3961181640625,64.5078125,6.5136332511901855,0.006855428218841553,6.9805908203125,0.9909059405326843
2720,3.400000059627928e-05,0.14198873937129974,3.862375259399414,3.0609984397888184,81.3961181640625,64.5078125,6.491991996765137,0.005212336778640747,6.59375,0.9909060001373291
2721,3.4012500691460446e-05,0.17530092597007751,46.1346549987793,36.5625,81.3961181640625,64.5078125,5.5058417320251465,0.006537735462188721,6.9488525390625,0.9909065365791321
2722,3.402500078664161e-05,0.17801932990550995,56.79624557495117,45.01199722290039,81.3961181640625,64.5078125,6.864551067352295,0.0038118958473205566,6.7132568359375,0.9909066557884216
2723,3.403750088182278e-05,0.17192554473876953,4.262746810913086,3.3782997131347656,81.3961181640625,64.5078125,7.625232219696045,0.0033365190029144287,6.8477783203125,0.9909067153930664
2724,3.405000097700395e-05,0.21020740270614624,9.527472496032715,7.550684452056885,81.3961181640625,64.5078125,4.824439525604248,0.0038298368453979492,7.0367431640625,0.990908682346344
2725,3.4062501072185114e-05,0.18479059636592865,48.22320556640625,38.217716217041016,81.3961181640625,64.5078125,6.138234615325928,0.0068776607513427734,7.2901611328125,0.9909088015556335
2726,3.407500116736628e-05,0.1654224842786789,3.5742149353027344,2.8326263427734375,81.3961181640625,64.5078125,5.787341594696045,0.004102766513824463,6.748779296875,0.9909093379974365
2727,3.408750126254745e-05,0.2094273418188095,10.83757209777832,8.588960647583008,81.3961181640625,64.5078125,7.832183837890625,0.0044329166412353516,6.94140625,0.9909093976020813
2728,3.4100001357728615e-05,0.17775942385196686,45.76567077636719,36.270076751708984,81.3961181640625,64.5078125,7.094344139099121,0.0037867724895477295,7.2337646484375,0.9909095168113708
2729,3.411250145290978e-05,0.1688244789838791,41.365116119384766,32.782562255859375,81.3961181640625,64.5078125,8.244552612304688,0.009083867073059082,6.281494140625,0.9909096360206604
2730,3.412500154809095e-05,0.20429585874080658,51.33925247192383,40.687232971191406,81.3961181640625,64.5078125,7.282174110412598,0.005265414714813232,6.907958984375,0.9909096360206604
2731,3.413750164327212e-05,0.20300844311714172,34.537269592285156,27.371376037597656,81.3961181640625,64.5078125,7.501739025115967,0.004838824272155762,7.180908203125,0.9909098148345947
2732,3.4150001738453284e-05,0.18988151848316193,9.6766996383667,7.668949604034424,81.3961181640625,64.5078125,5.847329616546631,0.004987835884094238,6.681396484375,0.9909102916717529
2733,3.4162498195655644e-05,0.20609182119369507,61.97573471069336,49.11682891845703,81.3961181640625,64.5078125,8.29832935333252,0.005781650543212891,7.10595703125,0.9909104704856873
2734,3.417499829083681e-05,0.17950758337974548,57.2801628112793,45.3955078125,81.3961181640625,64.5078125,8.769050598144531,0.0032044053077697754,7.0670166015625,0.990910530090332
2735,3.418749838601798e-05,0.1712043583393097,49.8558464050293,39.51161193847656,81.3961181640625,64.5078125,7.75285530090332,0.004913657903671265,6.8944091796875,0.9909124374389648
2736,3.4199998481199145e-05,0.194129079580307,45.50942611694336,36.06699752807617,81.3961181640625,64.5078125,7.521435260772705,0.005393564701080322,6.7938232421875,0.9909126162528992
2737,3.421249857638031e-05,0.19744868576526642,36.24153137207031,28.72203254699707,81.3961181640625,64.5078125,8.205218315124512,0.0034893453121185303,7.107666015625,0.990912675857544
2738,3.422499867156148e-05,0.16840824484825134,53.292057037353516,42.234867095947266,81.3961181640625,64.5078125,7.765207290649414,0.0047872066497802734,7.3056640625,0.9909131526947021
2739,3.423749876674265e-05,0.19972582161426544,37.49149703979492,29.712650299072266,81.3961181640625,64.5078125,6.819175720214844,0.004200994968414307,6.5928955078125,0.9909133315086365
2740,3.4249998861923814e-05,0.1467236578464508,11.126607894897461,8.818026542663574,81.3961181640625,64.5078125,6.5688066482543945,0.004822373390197754,6.5284423828125,0.9909133315086365
2741,3.426249895710498e-05,0.1639164835214615,10.230055809020996,8.107494354248047,81.3961181640625,64.5078125,4.746507167816162,0.004560232162475586,7.3658447265625,0.990913450717926
2742,3.427499905228615e-05,0.16018976271152496,43.59103775024414,34.5466423034668,81.3961181640625,64.5078125,8.02249813079834,0.0035231411457061768,7.033935546875,0.9909135699272156
2743,3.4287499147467315e-05,0.1797800064086914,9.760014533996582,7.734978199005127,81.3961181640625,64.5078125,5.917893409729004,0.006448566913604736,6.7286376953125,0.9909136295318604
2744,3.429999924264848e-05,0.15845637023448944,10.094956398010254,8.000425338745117,81.3961181640625,64.5078125,5.361721038818359,0.003690391778945923,6.8902587890625,0.9909141659736633
2745,3.431249933782965e-05,0.18965132534503937,11.513885498046875,9.124951362609863,81.3961181640625,64.5078125,5.685049057006836,0.003430604934692383,6.7757568359375,0.9909142851829529
2746,3.4324999433010817e-05,0.1607566773891449,51.92694091796875,41.15298843383789,81.3961181640625,64.5078125,6.69992733001709,0.004108309745788574,7.0968017578125,0.9909162521362305
2747,3.4337499528191984e-05,0.15736696124076843,24.30581283569336,19.262771606445312,81.3961181640625,64.5078125,5.93010139465332,0.003326416015625,7.0343017578125,0.9909163117408752
2748,3.434999962337315e-05,0.18085786700248718,4.08755350112915,3.2394561767578125,81.3961181640625,64.5078125,6.099067687988281,0.0063085854053497314,6.127685546875,0.9909164905548096
2749,3.436249971855432e-05,0.17887263000011444,4.203812599182129,3.3315935134887695,81.3961181640625,64.5078125,6.344579696655273,0.007272839546203613,6.87548828125,0.9909169673919678
2750,3.4374999813735485e-05,0.1869010627269745,31.876617431640625,25.26276397705078,81.3961181640625,64.5078125,7.110893249511719,0.0036562681198120117,7.1287841796875,0.9909170269966125
2751,3.438749990891665e-05,0.20025786757469177,45.31174850463867,35.910335540771484,81.3961181640625,64.5078125,7.2829790115356445,0.003889322280883789,6.6663818359375,0.9909171462059021
2752,3.440000000409782e-05,0.19054697453975677,55.70955276489258,44.15077209472656,81.3961181640625,64.5078125,6.393326759338379,0.00516936182975769,7.090087890625,0.9909172654151917
2753,3.4412500099278986e-05,0.1974577009677887,51.20759582519531,40.58289337158203,81.3961181640625,64.5078125,6.223124980926514,0.0035472512245178223,6.8414306640625,0.9909172654151917
2754,3.4425000194460154e-05,0.18892453610897064,0.8787519335746765,0.6964259147644043,81.3961181640625,64.5078125,6.826319217681885,0.006342947483062744,6.5504150390625,0.990917444229126
2755,3.443750028964132e-05,0.18604281544685364,38.135650634765625,30.223155975341797,81.3961181640625,64.5078125,6.0364274978637695,0.005105137825012207,6.9886474609375,0.9909179210662842
2756,3.445000038482249e-05,0.16743046045303345,10.501069068908691,8.322277069091797,81.3961181640625,64.5078125,6.191765785217285,0.004479765892028809,6.702392578125,0.9909180998802185
2757,3.4462500480003655e-05,0.18822641670703888,46.17320251464844,36.59305191040039,81.3961181640625,64.5078125,7.015121936798096,0.0038788318634033203,6.9188232421875,0.9909181594848633
2758,3.447500057518482e-05,0.18692080676555634,1.0251506567001343,0.8124494552612305,81.3961181640625,64.5078125,6.5086750984191895,0.005258828401565552,6.4951171875,0.9909200668334961
2759,3.448750067036599e-05,0.17929060757160187,10.433643341064453,8.268840789794922,81.3961181640625,64.5078125,6.379940986633301,0.0059677958488464355,6.5572509765625,0.9909202456474304
2760,3.4500000765547156e-05,0.18247132003307343,4.363079071044922,3.4578146934509277,81.3961181640625,64.5078125,6.518258571624756,0.003368973731994629,6.98046875,0.9909203052520752
2761,3.4512500860728323e-05,0.2029825896024704,41.46308898925781,32.860206604003906,81.3961181640625,64.5078125,13.010541915893555,0.004846632480621338,7.0225830078125,0.9909207820892334
2762,3.452500095590949e-05,0.19531843066215515,25.140085220336914,19.923946380615234,81.3961181640625,64.5078125,6.936424255371094,0.005541086196899414,6.8553466796875,0.9909209609031677
2763,3.453750105109066e-05,0.2607713043689728,39.19773864746094,31.064876556396484,81.3961181640625,64.5078125,6.514784336090088,0.004420876502990723,7.0155029296875,0.9909210205078125
2764,3.4550001146271825e-05,0.1958107352256775,45.291194915771484,35.894046783447266,81.3961181640625,64.5078125,6.339659690856934,0.005262494087219238,7.4083251953125,0.9909210801124573
2765,3.456250124145299e-05,0.2293018102645874,22.317779541015625,17.68722152709961,81.3961181640625,64.5078125,6.675148963928223,0.006645798683166504,6.760009765625,0.9909212589263916
2766,3.457500133663416e-05,0.22411620616912842,50.481021881103516,40.00707244873047,81.3961181640625,64.5078125,7.484969615936279,0.004654020071029663,6.6640625,0.9909212589263916
2767,3.4587501431815326e-05,0.15953244268894196,8.63074779510498,6.840014934539795,81.3961181640625,64.5078125,5.529577732086182,0.005349218845367432,7.189453125,0.9909217953681946
2768,3.460000152699649e-05,0.21592584252357483,41.934295654296875,33.233646392822266,81.3961181640625,64.5078125,7.082313537597656,0.005218982696533203,6.861083984375,0.9909219741821289
2769,3.461250162217766e-05,0.1607660949230194,4.149203300476074,3.2883143424987793,81.3961181640625,64.5078125,6.3443450927734375,0.005819976329803467,6.7423095703125,0.9909238815307617
2770,3.462500171735883e-05,0.22360189259052277,63.5838508605957,50.39128875732422,81.3961181640625,64.5078125,5.181718826293945,0.003238499164581299,6.976318359375,0.9909239411354065
2771,3.4637501812539995e-05,0.15491434931755066,23.716318130493164,18.79558753967285,81.3961181640625,64.5078125,6.721088409423828,0.006390631198883057,6.6314697265625,0.9909241199493408
2772,3.4649998269742355e-05,0.17619672417640686,64.22322845458984,50.89800262451172,81.3961181640625,64.5078125,7.393544673919678,0.0034952759742736816,7.1744384765625,0.990924596786499
2773,3.466249836492352e-05,0.17291861772537231,47.05738830566406,37.293785095214844,81.3961181640625,64.5078125,7.680721759796143,0.003930985927581787,6.92431640625,0.9909247756004333
2774,3.467499846010469e-05,0.18355511128902435,9.796454429626465,7.763857841491699,81.3961181640625,64.5078125,6.8544206619262695,0.004095017910003662,7.0595703125,0.9909247756004333
2775,3.4687498555285856e-05,0.15382088720798492,35.34728240966797,28.01332664489746,81.3961181640625,64.5078125,6.235847473144531,0.004514098167419434,6.9915771484375,0.9909248948097229
2776,3.469999865046702e-05,0.15840087831020355,23.612018585205078,18.712928771972656,81.3961181640625,64.5078125,6.110647201538086,0.005246460437774658,6.776123046875,0.9909248948097229
2777,3.471249874564819e-05,0.14294080436229706,58.892303466796875,46.67315673828125,81.3961181640625,64.5078125,6.543017864227295,0.005267530679702759,6.5911865234375,0.9909250736236572
2778,3.472499884082936e-05,0.16145646572113037,31.26146125793457,24.77524185180664,81.3961181640625,64.5078125,6.19264030456543,0.0030885934829711914,6.611328125,0.9909255504608154
2779,3.4737498936010525e-05,0.15154138207435608,38.959716796875,30.876243591308594,81.3961181640625,64.5078125,7.957730770111084,0.004853188991546631,6.91015625,0.9909257292747498
2780,3.474999903119169e-05,0.14963902533054352,4.178131103515625,3.3112401962280273,81.3961181640625,64.5078125,6.91624641418457,0.003765702247619629,6.5927734375,0.9909257888793945
2781,3.476249912637286e-05,0.1610400527715683,63.35144805908203,50.20710372924805,81.3961181640625,64.5078125,8.514728546142578,0.003913283348083496,6.885986328125,0.9909276962280273
2782,3.4774999221554026e-05,0.16128794848918915,40.3287239074707,31.96120262145996,81.3961181640625,64.5078125,7.085167407989502,0.0031850337982177734,6.688232421875,0.9909278750419617
2783,3.478749931673519e-05,0.1632300615310669,35.640140533447266,28.245418548583984,81.3961181640625,64.5078125,7.639076232910156,0.004006385803222656,6.8709716796875,0.9909284114837646
2784,3.479999941191636e-05,0.14999507367610931,50.18186950683594,39.769989013671875,81.3961181640625,64.5078125,8.002198219299316,0.0054177045822143555,7.088134765625,0.9909284114837646
2785,3.481249950709753e-05,0.1531611680984497,46.8077392578125,37.09593200683594,81.3961181640625,64.5078125,5.780651569366455,0.0038836002349853516,7.3134765625,0.990928590297699
2786,3.4824999602278695e-05,0.16997689008712769,43.37752914428711,34.37743377685547,81.3961181640625,64.5078125,7.7834553718566895,0.006293296813964844,6.74365234375,0.9909286499023438
2787,3.483749969745986e-05,0.16473829746246338,49.925010681152344,39.56642532348633,81.3961181640625,64.5078125,6.921534061431885,0.004475980997085571,6.9820556640625,0.9909287095069885
2788,3.484999979264103e-05,0.16492196917533875,0.9470846652984619,0.7505807876586914,81.3961181640625,64.5078125,6.564080715179443,0.0051950812339782715,7.1328125,0.9909288883209229
2789,3.4862499887822196e-05,0.18082082271575928,54.40755081176758,43.11891555786133,81.3961181640625,64.5078125,5.637158393859863,0.006015896797180176,6.274658203125,0.990929365158081
2790,3.487499998300336e-05,0.18033698201179504,45.690486907958984,36.21049118041992,81.3961181640625,64.5078125,9.923254013061523,0.004752635955810547,6.9493408203125,0.9909294247627258
2791,3.488750007818453e-05,0.1568278670310974,46.27308654785156,36.672210693359375,81.3961181640625,64.5078125,6.855796813964844,0.003744572401046753,7.162841796875,0.9909296035766602
2792,3.49000001733657e-05,0.17639262974262238,43.897586822509766,34.789588928222656,81.3961181640625,64.5078125,5.373290061950684,0.004062473773956299,6.63623046875,0.990931510925293
2793,3.4912500268546864e-05,0.18349233269691467,22.700969696044922,17.99090576171875,81.3961181640625,64.5078125,5.594754695892334,0.00577467679977417,7.1168212890625,0.9909315705299377
2794,3.492500036372803e-05,0.17344890534877777,0.9703929424285889,0.7690529823303223,81.3961181640625,64.5078125,5.857238292694092,0.006188750267028809,7.08984375,0.9909317493438721
2795,3.49375004589092e-05,0.16644388437271118,24.019187927246094,19.035615921020508,81.3961181640625,64.5078125,5.484695911407471,0.0031783878803253174,6.9117431640625,0.9909322261810303
2796,3.4950000554090366e-05,0.1516709178686142,4.107673645019531,3.255401611328125,81.3961181640625,64.5078125,5.998927593231201,0.0032159090042114258,6.76171875,0.9909324049949646
2797,3.496250064927153e-05,0.18035593628883362,4.162485122680664,3.2988405227661133,81.3961181640625,64.5078125,6.300177574157715,0.0034874677658081055,7.0438232421875,0.9909324049949646
2798,3.49750007444527e-05,0.15998005867004395,42.8173942565918,33.93351745605469,81.3961181640625,64.5078125,7.679028034210205,0.004236340522766113,7.3282470703125,0.9909325242042542
2799,3.498750083963387e-05,0.22374749183654785,49.73807144165039,39.418270111083984,81.3961181640625,64.5078125,6.649742126464844,0.004481077194213867,6.5850830078125,0.9909326434135437
2800,3.5000000934815034e-05,0.14758771657943726,45.829383850097656,36.3205680847168,81.3961181640625,64.5078125,6.431263446807861,0.0038262605667114258,6.584716796875,0.9909327030181885
2801,3.50125010299962e-05,0.183763787150383,4.115586280822754,3.2616724967956543,81.3961181640625,64.5078125,5.439787864685059,0.004425704479217529,7.4150390625,0.9909331798553467
2802,3.502500112517737e-05,0.19544042646884918,44.46942138671875,35.242774963378906,81.3961181640625,64.5078125,5.469758987426758,0.003842473030090332,7.020263671875,0.990933358669281
2803,3.5037501220358536e-05,0.18760403990745544,0.9207409620285034,0.7297029495239258,81.3961181640625,64.5078125,6.269894599914551,0.004776030778884888,6.78173828125,0.9909334182739258
2804,3.50500013155397e-05,0.15832792222499847,0.9903552532196045,0.7848734855651855,81.3961181640625,64.5078125,6.665166854858398,0.0038260817527770996,6.9046630859375,0.9909353852272034
2805,3.506250141072087e-05,0.20398329198360443,56.76942825317383,44.99074172973633,81.3961181640625,64.5078125,7.917260646820068,0.00311279296875,6.76513671875,0.9909355044364929
2806,3.507500150590204e-05,0.2217138111591339,45.57942581176758,36.122474670410156,81.3961181640625,64.5078125,6.825257301330566,0.005343407392501831,6.9886474609375,0.9909360408782959
2807,3.5087501601083204e-05,0.18595623970031738,0.8779089450836182,0.6957578659057617,81.3961181640625,64.5078125,5.082268238067627,0.004316806793212891,7.0679931640625,0.9909361004829407
2808,3.510000169626437e-05,0.26990944147109985,45.31435775756836,35.91240310668945,81.3961181640625,64.5078125,6.577724456787109,0.007196098566055298,6.193359375,0.9909362196922302
2809,3.511250179144554e-05,0.18970078229904175,56.2391357421875,44.57047653198242,81.3961181640625,64.5078125,7.391322612762451,0.005890250205993652,6.89697265625,0.9909363389015198
2810,3.51249982486479e-05,0.17349420487880707,36.52614974975586,28.94759750366211,81.3961181640625,64.5078125,6.5943756103515625,0.004128992557525635,7.1285400390625,0.9909363389015198
2811,3.5137498343829066e-05,0.24747197329998016,10.795300483703613,8.555459976196289,81.3961181640625,64.5078125,6.672000408172607,0.00499957799911499,6.6552734375,0.9909365177154541
2812,3.514999843901023e-05,0.18648134171962738,62.0019645690918,49.13761520385742,81.3961181640625,64.5078125,6.79161262512207,0.004975497722625732,6.970458984375,0.9909369945526123
2813,3.51624985341914e-05,0.16110661625862122,56.661556243896484,44.905250549316406,81.3961181640625,64.5078125,6.10968017578125,0.003609955310821533,6.7520751953125,0.9909370541572571
2814,3.517499862937257e-05,0.23876149952411652,48.020408630371094,38.0569953918457,81.3961181640625,64.5078125,6.631879806518555,0.006964743137359619,6.7041015625,0.9909372329711914
2815,3.5187498724553734e-05,0.20585709810256958,52.08263397216797,41.2763786315918,81.3961181640625,64.5078125,7.349194526672363,0.0044751763343811035,6.9825439453125,0.9909391403198242
2816,3.51999988197349e-05,0.16296705603599548,38.691429138183594,30.663619995117188,81.3961181640625,64.5078125,7.498015403747559,0.00820961594581604,6.6783447265625,0.990939199924469
2817,3.521249891491607e-05,0.2110101580619812,3.814957857131958,3.0234193801879883,81.3961181640625,64.5078125,6.392712593078613,0.0036257505416870117,6.92431640625,0.9909393787384033
2818,3.5224999010097235e-05,0.15160442888736725,42.1420783996582,33.398319244384766,81.3961181640625,64.5078125,5.437917232513428,0.005335897207260132,6.5965576171875,0.9909398555755615
2819,3.52374991052784e-05,0.1753266155719757,4.057115077972412,3.2153329849243164,81.3961181640625,64.5078125,6.631584167480469,0.0037405192852020264,6.6220703125,0.9909400343894958
2820,3.524999920045957e-05,0.14322733879089355,49.385353088378906,39.138736724853516,81.3961181640625,64.5078125,7.7143449783325195,0.0043637752532958984,7.0206298828125,0.9909400343894958
2821,3.526249929564074e-05,0.14921459555625916,11.229705810546875,8.899733543395996,81.3961181640625,64.5078125,13.771575927734375,0.0032570064067840576,6.8963623046875,0.9909401535987854
2822,3.5274999390821904e-05,0.15082170069217682,55.08634948730469,43.65687561035156,81.3961181640625,64.5078125,7.624026775360107,0.005088090896606445,6.89599609375,0.990940272808075
2823,3.528749948600307e-05,0.17713318765163422,23.13852310180664,18.337675094604492,81.3961181640625,64.5078125,6.04064416885376,0.004621356725692749,7.039794921875,0.9909403324127197
2824,3.529999958118424e-05,0.14235976338386536,50.38164138793945,39.92831039428711,81.3961181640625,64.5078125,6.193488121032715,0.003063201904296875,7.4007568359375,0.9909408688545227
2825,3.5312499676365405e-05,0.16817529499530792,56.448097229003906,44.736083984375,81.3961181640625,64.5078125,8.029792785644531,0.004283875226974487,6.752197265625,0.9909409880638123
2826,3.532499977154657e-05,0.172699436545372,23.157346725463867,18.35259246826172,81.3961181640625,64.5078125,8.618695259094238,0.008039593696594238,6.6429443359375,0.9909429550170898
2827,3.533749986672774e-05,0.15770934522151947,33.99734878540039,26.943479537963867,81.3961181640625,64.5078125,7.891327381134033,0.005106300115585327,7.2056884765625,0.9909430146217346
2828,3.534999996190891e-05,0.14161422848701477,0.9534792900085449,0.7556486129760742,81.3961181640625,64.5078125,6.462512969970703,0.00343400239944458,6.8515625,0.9909431338310242
2829,3.5362500057090074e-05,0.16472883522510529,52.192012786865234,41.36306381225586,81.3961181640625,64.5078125,7.440035343170166,0.004252433776855469,6.7783203125,0.9909436702728271
2830,3.537500015227124e-05,0.1519993543624878,36.38888168334961,28.838809967041016,81.3961181640625,64.5078125,6.154184341430664,0.005114138126373291,6.90869140625,0.9909437298774719
2831,3.538750024745241e-05,0.1555374413728714,46.50996780395508,36.85994338989258,81.3961181640625,64.5078125,7.3058013916015625,0.006687521934509277,6.6051025390625,0.9909438490867615
2832,3.5400000342633575e-05,0.15381568670272827,48.73463439941406,38.62303161621094,81.3961181640625,64.5078125,5.94851541519165,0.004343748092651367,7.203857421875,0.990943968296051
2833,3.541250043781474e-05,0.15675584971904755,0.9905135035514832,0.784998893737793,81.3961181640625,64.5078125,6.010274410247803,0.0035049915313720703,6.9417724609375,0.990943968296051
2834,3.542500053299591e-05,0.1675528585910797,41.643760681152344,33.00339126586914,81.3961181640625,64.5078125,7.501776218414307,0.0038373470306396484,7.0540771484375,0.9909441471099854
2835,3.5437500628177077e-05,0.1536298245191574,47.215309143066406,37.418941497802734,81.3961181640625,64.5078125,6.959828853607178,0.0047487616539001465,6.9754638671875,0.9909446239471436
2836,3.5450000723358244e-05,0.15553632378578186,59.42372512817383,47.09431457519531,81.3961181640625,64.5078125,8.040497779846191,0.003777623176574707,6.790283203125,0.9909448027610779
2837,3.546250081853941e-05,0.17034441232681274,41.87776184082031,33.1888427734375,81.3961181640625,64.5078125,5.289121627807617,0.004960834980010986,6.5634765625,0.9909448623657227
2838,3.547500091372058e-05,0.15195798873901367,49.40959930419922,39.15795135498047,81.3961181640625,64.5078125,5.878942012786865,0.004498928785324097,6.600341796875,0.9909467697143555
2839,3.5487501008901745e-05,0.19269807636737823,41.55208206176758,32.93073654174805,81.3961181640625,64.5078125,7.67035436630249,0.003693133592605591,6.832763671875,0.9909469485282898
2840,3.550000110408291e-05,0.15101802349090576,51.930931091308594,41.156150817871094,81.3961181640625,64.5078125,5.8973541259765625,0.003857344388961792,6.6160888671875,0.9909470081329346
2841,3.551250119926408e-05,0.163389191031456,22.461816787719727,17.801372528076172,81.3961181640625,64.5078125,7.3022918701171875,0.003654956817626953,6.865478515625,0.9909474849700928
2842,3.5525001294445246e-05,0.17358486354351044,38.747215270996094,30.70783042907715,81.3961181640625,64.5078125,8.172837257385254,0.004030466079711914,6.729248046875,0.9909476637840271
2843,3.5537501389626414e-05,0.14554019272327423,23.711898803710938,18.792085647583008,81.3961181640625,64.5078125,5.445214748382568,0.007033109664916992,6.8734130859375,0.9909476637840271
2844,3.555000148480758e-05,0.16327118873596191,24.171667098999023,19.15645980834961,81.3961181640625,64.5078125,7.4122161865234375,0.003577709197998047,7.0506591796875,0.9909477829933167
2845,3.556250157998875e-05,0.1579199880361557,53.72501754760742,42.57799530029297,81.3961181640625,64.5078125,6.885279178619385,0.00501483678817749,7.3260498046875,0.9909479022026062
2846,3.5575001675169915e-05,0.14654523134231567,0.9771479368209839,0.7744064331054688,81.3961181640625,64.5078125,7.935494899749756,0.005750477313995361,6.6405029296875,0.990947961807251
2847,3.558750177035108e-05,0.16801533102989197,64.87104034423828,51.411407470703125,81.3961181640625,64.5078125,4.505002498626709,0.00449824333190918,7.0010986328125,0.990948498249054
2848,3.559999822755344e-05,0.16918765008449554,4.271972179412842,3.385611057281494,81.3961181640625,64.5078125,6.967191219329834,0.005278289318084717,7.2440185546875,0.9909486174583435
2849,3.561249832273461e-05,0.16811004281044006,51.5865364074707,40.88321304321289,81.3961181640625,64.5078125,7.953571319580078,0.004404425621032715,6.165771484375,0.9909505844116211
2850,3.5624998417915776e-05,0.17042748630046844,57.47768783569336,45.55204772949219,81.3961181640625,64.5078125,8.63565444946289,0.004919230937957764,6.8558349609375,0.9909506440162659
2851,3.5637498513096943e-05,0.17711377143859863,58.56180953979492,46.411231994628906,81.3961181640625,64.5078125,5.248357772827148,0.004287153482437134,7.1297607421875,0.9909508228302002
2852,3.564999860827811e-05,0.1837867647409439,10.123568534851074,8.023101806640625,81.3961181640625,64.5078125,6.923707485198975,0.0050879716873168945,6.601806640625,0.9909512996673584
2853,3.566249870345928e-05,0.19101719558238983,54.711978912353516,43.36017990112305,81.3961181640625,64.5078125,6.660959720611572,0.00482410192489624,7.14111328125,0.9909513592720032
2854,3.5674998798640445e-05,0.18861038982868195,44.491493225097656,35.26026916503906,81.3961181640625,64.5078125,5.754227638244629,0.004148900508880615,7.2152099609375,0.9909514784812927
2855,3.568749889382161e-05,0.15540197491645813,60.0295295715332,47.57442855834961,81.3961181640625,64.5078125,6.436838626861572,0.0037537217140197754,6.9140625,0.9909515976905823
2856,3.569999898900278e-05,0.20006217062473297,0.9825683832168579,0.7787022590637207,81.3961181640625,64.5078125,5.553172588348389,0.004309713840484619,6.890869140625,0.9909515976905823
2857,3.5712499084183946e-05,0.18096987903118134,45.20773696899414,35.827903747558594,81.3961181640625,64.5078125,7.334971904754639,0.0031707286834716797,7.1190185546875,0.9909517765045166
2858,3.572499917936511e-05,0.18092016875743866,4.382274150848389,3.473027229309082,81.3961181640625,64.5078125,6.1244587898254395,0.004016488790512085,7.178955078125,0.9909522533416748
2859,3.573749927454628e-05,0.17656150460243225,50.265960693359375,39.836631774902344,81.3961181640625,64.5078125,6.695898532867432,0.00648421049118042,6.5721435546875,0.9909524321556091
2860,3.574999936972745e-05,0.16503851115703583,24.88201904296875,19.719425201416016,81.3961181640625,64.5078125,6.771153926849365,0.004037737846374512,6.588134765625,0.9909524917602539
2861,3.5762499464908615e-05,0.1639147847890854,1.0199750661849976,0.8083477020263672,81.3961181640625,64.5078125,5.776939868927002,0.007908523082733154,7.473876953125,0.9909543991088867
2862,3.577499956008978e-05,0.1628531962633133,53.55331802368164,42.441917419433594,81.3961181640625,64.5078125,7.705936908721924,0.004331111907958984,7.019287109375,0.990954577922821
2863,3.578749965527095e-05,0.1476757675409317,57.861083984375,45.855899810791016,81.3961181640625,64.5078125,5.883727550506592,0.003542661666870117,6.8896484375,0.9909546375274658
2864,3.5799999750452116e-05,0.1518302857875824,49.964962005615234,39.598087310791016,81.3961181640625,64.5078125,7.176054954528809,0.005572617053985596,7.0401611328125,0.990955114364624
2865,3.581249984563328e-05,0.1565079540014267,1.0222843885421753,0.8101778030395508,81.3961181640625,64.5078125,6.100481033325195,0.0041994452476501465,6.73828125,0.9909552931785583
2866,3.582499994081445e-05,0.166129469871521,61.645145416259766,48.85483169555664,81.3961181640625,64.5078125,5.766715049743652,0.004009544849395752,6.964111328125,0.9909553527832031
2867,3.583750003599562e-05,0.16152837872505188,47.48899841308594,37.63584518432617,81.3961181640625,64.5078125,5.920253753662109,0.006364166736602783,7.1458740234375,0.9909554123878479
2868,3.5850000131176785e-05,0.16634748876094818,0.9481062889099121,0.7513904571533203,81.3961181640625,64.5078125,4.534297943115234,0.005258023738861084,6.2491455078125,0.9909555912017822
2869,3.586250022635795e-05,0.1727409064769745,57.629478454589844,45.67234420776367,81.3961181640625,64.5078125,6.410265922546387,0.004373431205749512,6.88427734375,0.9909555912017822
2870,3.587500032153912e-05,0.1680237501859665,0.95706707239151,0.7584919929504395,81.3961181640625,64.5078125,7.251273155212402,0.003467082977294922,7.102294921875,0.9909561276435852
2871,3.5887500416720286e-05,0.16446177661418915,54.14912033081055,42.914100646972656,81.3961181640625,64.5078125,7.482256889343262,0.004015147686004639,6.7388916015625,0.9909563064575195
2872,3.590000051190145e-05,0.1599075198173523,34.130958557128906,27.04936981201172,81.3961181640625,64.5078125,7.054892063140869,0.004865169525146484,6.9940185546875,0.9909582138061523
2873,3.591250060708262e-05,0.1978219896554947,3.7313175201416016,2.9571328163146973,81.3961181640625,64.5078125,6.749614238739014,0.004027694463729858,6.7740478515625,0.9909582734107971
2874,3.592500070226379e-05,0.17753715813159943,61.21701431274414,48.51552963256836,81.3961181640625,64.5078125,7.461399555206299,0.004123389720916748,6.644287109375,0.9909584522247314
2875,3.5937500797444955e-05,0.2367597073316574,24.110258102416992,19.107791900634766,81.3961181640625,64.5078125,6.658425331115723,0.0023897290229797363,6.9857177734375,0.9909589290618896
2876,3.595000089262612e-05,0.17477251589298248,58.904598236083984,46.682899475097656,81.3961181640625,64.5078125,5.920486927032471,0.004747748374938965,6.6224365234375,0.990959107875824
2877,3.596250098780729e-05,0.1889149695634842,24.273069381713867,19.2368221282959,81.3961181640625,64.5078125,8.527820587158203,0.003849327564239502,6.877197265625,0.990959107875824
2878,3.5975001082988456e-05,0.17102722823619843,3.9230005741119385,3.1090450286865234,81.3961181640625,64.5078125,6.3624773025512695,0.006746232509613037,6.62744140625,0.9909592270851135
2879,3.598750117816962e-05,0.154436394572258,3.6362359523773193,2.881779193878174,81.3961181640625,64.5078125,5.464578628540039,0.004950046539306641,6.65625,0.9909592270851135
2880,3.600000127335079e-05,0.16508685052394867,43.91568374633789,34.80392837524414,81.3961181640625,64.5078125,5.935271739959717,0.0031113922595977783,6.968994140625,0.9909594058990479
2881,3.601250136853196e-05,0.17384502291679382,41.23090362548828,32.67619323730469,81.3961181640625,64.5078125,12.023009300231934,0.006430268287658691,6.9383544921875,0.990959882736206
2882,3.6025001463713124e-05,0.1482393443584442,3.6615700721740723,2.9018568992614746,81.3961181640625,64.5078125,6.0977935791015625,0.0031211376190185547,6.8753662109375,0.9909600615501404
2883,3.603750155889429e-05,0.16174685955047607,60.09639358520508,47.627418518066406,81.3961181640625,64.5078125,6.8525896072387695,0.00432276725769043,6.9515380859375,0.9909601211547852
2884,3.605000165407546e-05,0.15797777473926544,57.77543258666992,45.78801727294922,81.3961181640625,64.5078125,5.954313278198242,0.006153404712677002,7.2978515625,0.990962028503418
2885,3.6062501749256626e-05,0.17636680603027344,0.9999549984931946,0.7924814224243164,81.3961181640625,64.5078125,6.163475036621094,0.00748172402381897,6.7838134765625,0.9909622073173523
2886,3.6074998206458986e-05,0.17876970767974854,29.706323623657227,23.542770385742188,81.3961181640625,64.5078125,6.808341979980469,0.00471121072769165,6.5621337890625,0.9909627437591553
2887,3.608749830164015e-05,0.1795414686203003,33.28497314453125,26.378908157348633,81.3961181640625,64.5078125,6.7241997718811035,0.004770636558532715,7.1781005859375,0.9909627437591553
2888,3.609999839682132e-05,0.17223580181598663,10.41995620727539,8.257993698120117,81.3961181640625,64.5078125,7.286455154418945,0.0052773356437683105,6.9302978515625,0.9909629225730896
2889,3.611249849200249e-05,0.1715974509716034,49.48162841796875,39.21503448486328,81.3961181640625,64.5078125,8.43523120880127,0.0035376548767089844,6.751953125,0.9909629821777344
2890,3.6124998587183654e-05,0.18312104046344757,23.444963455200195,18.580533981323242,81.3961181640625,64.5078125,7.092261791229248,0.004008650779724121,6.8902587890625,0.9909630417823792
2891,3.613749868236482e-05,0.1515129655599594,3.6403985023498535,2.885077953338623,81.3961181640625,64.5078125,5.524965763092041,0.003667473793029785,6.6021728515625,0.9909632205963135
2892,3.614999877754599e-05,0.20067651569843292,4.181369304656982,3.3138065338134766,81.3961181640625,64.5078125,5.071562767028809,0.0035620927810668945,7.1690673828125,0.9909636974334717
2893,3.6162498872727156e-05,0.15845182538032532,41.511077880859375,32.89823913574219,81.3961181640625,64.5078125,7.696622848510742,0.003590524196624756,6.927734375,0.9909637570381165
2894,3.617499896790832e-05,0.16669578850269318,4.154513359069824,3.29252290725708,81.3961181640625,64.5078125,6.480428218841553,0.003901273012161255,7.100830078125,0.9909639358520508
2895,3.618749906308949e-05,0.18212297558784485,45.74799728393555,36.25606918334961,81.3961181640625,64.5078125,5.513888359069824,0.0049901604652404785,6.964599609375,0.9909658432006836
2896,3.619999915827066e-05,0.16670918464660645,43.55961608886719,34.5217399597168,81.3961181640625,64.5078125,5.14210844039917,0.006046116352081299,6.7802734375,0.9909659028053284
2897,3.6212499253451824e-05,0.19260582327842712,54.38249588012695,43.09906005859375,81.3961181640625,64.5078125,5.882611274719238,0.0037839412689208984,6.55126953125,0.9909660816192627
2898,3.622499934863299e-05,0.16879495978355408,4.319072723388672,3.422938823699951,81.3961181640625,64.5078125,7.792943000793457,0.004298120737075806,6.6328125,0.9909665584564209
2899,3.623749944381416e-05,0.17900781333446503,51.90443801879883,41.135154724121094,81.3961181640625,64.5078125,5.680670261383057,0.005702674388885498,6.8580322265625,0.9909667372703552
2900,3.6249999538995326e-05,0.21022406220436096,23.33161163330078,18.490699768066406,81.3961181640625,64.5078125,5.219748020172119,0.0031197667121887207,6.596923828125,0.9909667372703552
2901,3.626249963417649e-05,0.15383340418338776,11.347040176391602,8.99272346496582,81.3961181640625,64.5078125,6.1477155685424805,0.004699647426605225,6.8441162109375,0.9909668564796448
2902,3.627499972935766e-05,0.16352850198745728,47.19257354736328,37.40092086791992,81.3961181640625,64.5078125,5.554417610168457,0.002855956554412842,6.6865234375,0.9909669756889343
2903,3.628749982453883e-05,0.16771401464939117,47.67278289794922,37.781494140625,81.3961181640625,64.5078125,6.993602752685547,0.0067053139209747314,6.8359375,0.9909670352935791
2904,3.6299999919719994e-05,0.16465376317501068,10.12800121307373,8.02661418914795,81.3961181640625,64.5078125,5.9409990310668945,0.0036718249320983887,7.08447265625,0.9909675121307373
2905,3.631250001490116e-05,0.14431758224964142,48.64740753173828,38.55390167236328,81.3961181640625,64.5078125,7.299864768981934,0.0033526718616485596,7.2333984375,0.9909676909446716
2906,3.632500011008233e-05,0.21141688525676727,4.005716323852539,3.1745986938476562,81.3961181640625,64.5078125,7.416085243225098,0.003615081310272217,6.68310546875,0.9909677505493164
2907,3.6337500205263495e-05,0.14332683384418488,61.33482360839844,48.6088981628418,81.3961181640625,64.5078125,8.556214332580566,0.0034174323081970215,6.9693603515625,0.990969717502594
2908,3.635000030044466e-05,0.17953258752822876,60.71872329711914,48.12062454223633,81.3961181640625,64.5078125,6.863590717315674,0.0035429000854492188,7.309326171875,0.9909698367118835
2909,3.636250039562583e-05,0.19421489536762238,10.228034973144531,8.105892181396484,81.3961181640625,64.5078125,6.87246561050415,0.003222554922103882,6.17529296875,0.9909703731536865
2910,3.6375000490807e-05,0.15531548857688904,4.215160846710205,3.3405871391296387,81.3961181640625,64.5078125,7.238856792449951,0.004203230142593384,6.8028564453125,0.9909704327583313
2911,3.6387500585988164e-05,0.1678602397441864,20.676387786865234,16.386390686035156,81.3961181640625,64.5078125,6.813124656677246,0.003342926502227783,7.13818359375,0.9909705519676208
2912,3.640000068116933e-05,0.16276152431964874,53.55995178222656,42.44717788696289,81.3961181640625,64.5078125,7.587204933166504,0.0053597092628479,6.57373046875,0.9909706711769104
2913,3.64125007763505e-05,0.1574021875858307,33.89875030517578,26.865339279174805,81.3961181640625,64.5078125,7.5974860191345215,0.003034055233001709,7.0792236328125,0.9909706711769104
2914,3.6425000871531665e-05,0.1567453145980835,44.64839553833008,35.38461685180664,81.3961181640625,64.5078125,7.350642204284668,0.005613476037979126,7.1612548828125,0.9909708499908447
2915,3.643750096671283e-05,0.154995858669281,45.05305480957031,35.70531463623047,81.3961181640625,64.5078125,6.862370014190674,0.0024230480194091797,6.91015625,0.9909713268280029
2916,3.6450001061894e-05,0.1592748612165451,47.799442291259766,37.881874084472656,81.3961181640625,64.5078125,7.33896541595459,0.006105929613113403,6.915283203125,0.9909713864326477
2917,3.646250115707517e-05,0.178617924451828,49.999881744384766,39.62575912475586,81.3961181640625,64.5078125,8.33431625366211,0.004559755325317383,7.0650634765625,0.990971565246582
2918,3.6475001252256334e-05,0.14441685378551483,34.877418518066406,27.640949249267578,81.3961181640625,64.5078125,6.51880407333374,0.004314720630645752,7.2772216796875,0.9909734725952148
2919,3.64875013474375e-05,0.18504151701927185,0.9856032729148865,0.7811074256896973,81.3961181640625,64.5078125,6.173418998718262,0.003405958414077759,6.5528564453125,0.9909735321998596
2920,3.650000144261867e-05,0.13892680406570435,4.257160663604736,3.373872756958008,81.3961181640625,64.5078125,6.507928848266602,0.003953158855438232,6.610595703125,0.990973711013794
2921,3.6512501537799835e-05,0.15725095570087433,10.64901065826416,8.439523696899414,81.3961181640625,64.5078125,6.8752923011779785,0.004038065671920776,7.5205078125,0.9909741878509521
2922,3.6525001632981e-05,0.14588487148284912,0.9710223078727722,0.7695517539978027,81.3961181640625,64.5078125,5.356194972991943,0.00590890645980835,6.8836669921875,0.9909743666648865
2923,3.653750172816217e-05,0.17022590339183807,11.36532211303711,9.007211685180664,81.3961181640625,64.5078125,5.877286434173584,0.004441320896148682,6.7786865234375,0.9909743666648865
2924,3.654999818536453e-05,0.1570378690958023,42.77358627319336,33.89879608154297,81.3961181640625,64.5078125,6.321186542510986,0.004524409770965576,6.97314453125,0.990974485874176
2925,3.65624982805457e-05,0.15946035087108612,0.9882301688194275,0.7831892967224121,81.3961181640625,64.5078125,7.213728904724121,0.003738105297088623,6.8516845703125,0.9909746050834656
2926,3.6574998375726864e-05,0.14772874116897583,44.18239212036133,35.01530075073242,81.3961181640625,64.5078125,7.7359232902526855,0.0044425129890441895,6.9803466796875,0.9909746646881104
2927,3.658749847090803e-05,0.15921035408973694,53.386207580566406,42.30948257446289,81.3961181640625,64.5078125,6.983701705932617,0.003188997507095337,7.094970703125,0.9909752011299133
2928,3.65999985660892e-05,0.15912102162837982,44.50997543334961,35.27491760253906,81.3961181640625,64.5078125,7.628152847290039,0.004211544990539551,6.304931640625,0.9909753203392029
2929,3.6612498661270365e-05,0.13362595438957214,49.07783508300781,38.895023345947266,81.3961181640625,64.5078125,7.27381706237793,0.005603015422821045,6.895751953125,0.9909753799438477
2930,3.662499875645153e-05,0.15791761875152588,43.58052062988281,34.538307189941406,81.3961181640625,64.5078125,5.996191024780273,0.0023382902145385742,7.2158203125,0.9909773468971252
2931,3.66374988516327e-05,0.14679457247257233,23.443986892700195,18.579761505126953,81.3961181640625,64.5078125,6.430697917938232,0.006554841995239258,6.638427734375,0.9909774661064148
2932,3.6649998946813866e-05,0.1646171361207962,10.916504859924316,8.65151596069336,81.3961181640625,64.5078125,7.686248779296875,0.0033489465713500977,6.9835205078125,0.9909780025482178
2933,3.6662499041995034e-05,0.1507159173488617,43.78413391113281,34.699676513671875,81.3961181640625,64.5078125,5.6377692222595215,0.0035629868507385254,6.720458984375,0.9909780621528625
2934,3.66749991371762e-05,0.18117527663707733,45.14101791381836,35.775028228759766,81.3961181640625,64.5078125,6.652974605560303,0.007020682096481323,6.6011962890625,0.9909781813621521
2935,3.668749923235737e-05,0.1509602665901184,10.768938064575195,8.534567832946777,81.3961181640625,64.5078125,7.344699382781982,0.002901136875152588,6.996826171875,0.9909783005714417
2936,3.6699999327538535e-05,0.206337109208107,30.559579849243164,24.218990325927734,81.3961181640625,64.5078125,6.104427814483643,0.0040968358516693115,6.595458984375,0.9909783005714417
2937,3.67124994227197e-05,0.1552933305501938,46.190773010253906,36.60697937011719,81.3961181640625,64.5078125,5.590181350708008,0.004331439733505249,6.9381103515625,0.990978479385376
2938,3.672499951790087e-05,0.16324388980865479,58.81974411010742,46.61565399169922,81.3961181640625,64.5078125,6.6994123458862305,0.007316708564758301,6.7236328125,0.9909789562225342
2939,3.6737499613082036e-05,0.17230373620986938,0.9949586987495422,0.7885217666625977,81.3961181640625,64.5078125,7.138270854949951,0.004584193229675293,6.764892578125,0.9909791350364685
2940,3.6749999708263204e-05,0.15484268963336945,52.97151184082031,41.98082733154297,81.3961181640625,64.5078125,8.083494186401367,0.004914045333862305,7.0096435546875,0.9909791946411133
2941,3.676249980344437e-05,0.16483409702777863,48.10378646850586,38.12307357788086,81.3961181640625,64.5078125,15.900777816772461,0.004152119159698486,6.9610595703125,0.9909811019897461
2942,3.677499989862554e-05,0.19170095026493073,44.80664825439453,35.51003646850586,81.3961181640625,64.5078125,5.358842372894287,0.003588378429412842,6.9154052734375,0.9909812808036804
2943,3.6787499993806705e-05,0.17877434194087982,48.505435943603516,38.44138717651367,81.3961181640625,64.5078125,7.071902751922607,0.005301773548126221,7.0135498046875,0.9909813404083252
2944,3.680000008898787e-05,0.15975743532180786,57.387107849121094,45.480262756347656,81.3961181640625,64.5078125,6.968318939208984,0.003561258316040039,7.2935791015625,0.9909818172454834
2945,3.681250018416904e-05,0.1747308224439621,51.485713958740234,40.80331039428711,81.3961181640625,64.5078125,6.782370090484619,0.006956875324249268,6.81494140625,0.9909819960594177
2946,3.6825000279350206e-05,0.1610339879989624,47.785186767578125,37.870574951171875,81.3961181640625,64.5078125,7.137465953826904,0.004629611968994141,6.5550537109375,0.9909819960594177
2947,3.683750037453137e-05,0.16748535633087158,43.456485748291016,34.440006256103516,81.3961181640625,64.5078125,6.556066989898682,0.005075037479400635,7.1907958984375,0.9909821152687073
2948,3.685000046971254e-05,0.16135039925575256,50.709877014160156,40.188446044921875,81.3961181640625,64.5078125,5.71844482421875,0.005295902490615845,6.98046875,0.9909822344779968
2949,3.686250056489371e-05,0.16240771114826202,56.93376541137695,45.1209831237793,81.3961181640625,64.5078125,6.676660060882568,0.004027456045150757,6.7357177734375,0.9909822940826416
2950,3.6875000660074875e-05,0.16732874512672424,58.17702865600586,46.10628890991211,81.3961181640625,64.5078125,8.157234191894531,0.0038865208625793457,6.9237060546875,0.9909828305244446
2951,3.688750075525604e-05,0.15974044799804688,37.74684143066406,29.915016174316406,81.3961181640625,64.5078125,5.65103816986084,0.004111111164093018,6.6629638671875,0.9909829497337341
2952,3.690000085043721e-05,0.17718708515167236,50.86296463012695,40.30976867675781,81.3961181640625,64.5078125,5.934035778045654,0.002438485622406006,7.21728515625,0.9909849166870117
2953,3.6912500945618376e-05,0.15620678663253784,53.65715408325195,42.52421188354492,81.3961181640625,64.5078125,6.266026020050049,0.004360198974609375,6.8873291015625,0.9909849762916565
2954,3.692500104079954e-05,0.16075722873210907,45.98985290527344,36.44774627685547,81.3961181640625,64.5078125,6.737319469451904,0.005171477794647217,7.167724609375,0.9909851551055908
2955,3.693750113598071e-05,0.14720399677753448,0.9019187688827515,0.7147860527038574,81.3961181640625,64.5078125,7.869152545928955,0.0032618045806884766,6.91943359375,0.990985631942749
2956,3.695000123116188e-05,0.15312756597995758,53.804012298583984,42.64059829711914,81.3961181640625,64.5078125,7.610281467437744,0.004221916198730469,6.7547607421875,0.9909856915473938
2957,3.6962501326343045e-05,0.17060384154319763,53.38718795776367,42.31025695800781,81.3961181640625,64.5078125,6.261469841003418,0.00420069694519043,6.504638671875,0.9909858107566833
2958,3.697500142152421e-05,0.15191635489463806,59.85084533691406,47.43281555175781,81.3961181640625,64.5078125,6.750182628631592,0.0032216310501098633,6.67138671875,0.9909859299659729
2959,3.698750151670538e-05,0.1591656655073166,52.65342330932617,41.728736877441406,81.3961181640625,64.5078125,9.03674030303955,0.005388021469116211,6.8172607421875,0.9909859299659729
2960,3.7000001611886546e-05,0.16472432017326355,46.72153854370117,37.027618408203125,81.3961181640625,64.5078125,6.287673473358154,0.004711508750915527,6.5040283203125,0.9909861087799072
2961,3.701250170706771e-05,0.15036429464817047,37.21829605102539,29.496137619018555,81.3961181640625,64.5078125,6.636956214904785,0.004829823970794678,6.88427734375,0.9909865856170654
2962,3.702500180224888e-05,0.1463993340730667,38.234275817871094,30.30131721496582,81.3961181640625,64.5078125,7.584874153137207,0.003944873809814453,6.6826171875,0.9909867644309998
2963,3.703749825945124e-05,0.15063324570655823,52.12376403808594,41.30897521972656,81.3961181640625,64.5078125,6.827566146850586,0.0035611391067504883,6.8468017578125,0.9909868240356445
2964,3.704999835463241e-05,0.16526463627815247,40.906394958496094,32.41901779174805,81.3961181640625,64.5078125,5.754117012023926,0.008252501487731934,7.147216796875,0.9909887313842773
2965,3.7062498449813575e-05,0.14255018532276154,49.842979431152344,39.50141143798828,81.3961181640625,64.5078125,6.438327312469482,0.00556635856628418,7.1639404296875,0.9909889101982117
2966,3.707499854499474e-05,0.15193182229995728,47.50595474243164,37.6492805480957,81.3961181640625,64.5078125,7.410998344421387,0.0046669840812683105,6.8076171875,0.9909889698028564
2967,3.708749864017591e-05,0.14371299743652344,48.830909729003906,38.69933319091797,81.3961181640625,64.5078125,6.064269065856934,0.0030950605869293213,6.9869384765625,0.9909894466400146
2968,3.7099998735357076e-05,0.14467088878154755,0.9837344288825989,0.7796263694763184,81.3961181640625,64.5078125,4.5575361251831055,0.0048961639404296875,7.2283935546875,0.990989625453949
2969,3.711249883053824e-05,0.18168002367019653,53.36784362792969,42.29492950439453,81.3961181640625,64.5078125,5.689481735229492,0.00459665060043335,6.1552734375,0.9909896850585938
2970,3.712499892571941e-05,0.14747945964336395,42.4018669128418,33.60420608520508,81.3961181640625,64.5078125,9.383230209350586,0.0032993555068969727,6.8408203125,0.9909897446632385
2971,3.713749902090058e-05,0.15709839761257172,52.95663070678711,41.969032287597656,81.3961181640625,64.5078125,6.269082546234131,0.003247201442718506,7.15283203125,0.9909899234771729
2972,3.7149999116081744e-05,0.17482896149158478,42.790103912353516,33.911888122558594,81.3961181640625,64.5078125,7.798610210418701,0.0032958388328552246,6.5762939453125,0.9909899234771729
2973,3.716249921126291e-05,0.1484261006116867,45.16450881958008,35.79364776611328,81.3961181640625,64.5078125,8.625203132629395,0.005213230848312378,6.9979248046875,0.9909904599189758
2974,3.717499930644408e-05,0.143280491232872,4.2620649337768555,3.3777594566345215,81.3961181640625,64.5078125,8.762799263000488,0.004284381866455078,7.079833984375,0.9909906387329102
2975,3.7187499401625246e-05,0.1564721167087555,3.589840888977051,2.845010280609131,81.3961181640625,64.5078125,7.659894943237305,0.00453561544418335,6.9052734375,0.990992546081543
2976,3.719999949680641e-05,0.16724242269992828,36.961875915527344,29.292919158935547,81.3961181640625,64.5078125,6.587900161743164,0.0032027363777160645,6.858642578125,0.9909926056861877
2977,3.721249959198758e-05,0.1612124741077423,22.12542152404785,17.534774780273438,81.3961181640625,64.5078125,7.867125988006592,0.003178119659423828,7.0927734375,0.9909927845001221
2978,3.722499968716875e-05,0.1415366381406784,49.324119567871094,39.090206146240234,81.3961181640625,64.5078125,7.979499816894531,0.002906501293182373,7.267822265625,0.9909932613372803
2979,3.7237499782349914e-05,0.20537133514881134,42.976783752441406,34.05983352661133,81.3961181640625,64.5078125,7.569918632507324,0.004888027906417847,6.6456298828125,0.9909934401512146
2980,3.724999987753108e-05,0.1363569051027298,4.322031021118164,3.425283432006836,81.3961181640625,64.5078125,7.553682327270508,0.004446655511856079,6.690185546875,0.9909934401512146
2981,3.726249997271225e-05,0.1491592675447464,40.5393180847168,32.12810134887695,81.3961181640625,64.5078125,6.007728576660156,0.004740536212921143,7.5703125,0.9909935593605042
2982,3.7275000067893416e-05,0.1771307736635208,49.50204849243164,39.23122024536133,81.3961181640625,64.5078125,6.662051200866699,0.003708362579345703,6.9974365234375,0.9909935593605042
2983,3.728750016307458e-05,0.18737123906612396,54.895992279052734,43.506011962890625,81.3961181640625,64.5078125,7.113171100616455,0.0056302547454833984,6.7344970703125,0.9909937381744385
2984,3.730000025825575e-05,0.1488712579011917,52.4880256652832,41.59765625,81.3961181640625,64.5078125,5.51993989944458,0.005470931529998779,6.981201171875,0.9909942150115967
2985,3.731250035343692e-05,0.2305436134338379,65.81765747070312,52.161617279052734,81.3961181640625,64.5078125,6.759555339813232,0.0043961405754089355,6.9788818359375,0.990994393825531
2986,3.7325000448618084e-05,0.16310074925422668,42.123897552490234,33.383907318115234,81.3961181640625,64.5078125,5.9537248611450195,0.0037794113159179688,6.946533203125,0.9909944534301758
2987,3.733750054379925e-05,0.14861400425434113,46.72074890136719,37.02699279785156,81.3961181640625,64.5078125,5.859713077545166,0.0036323070526123047,7.050537109375,0.9909963607788086
2988,3.735000063898042e-05,0.17723973095417023,10.947859764099121,8.676366806030273,81.3961181640625,64.5078125,6.633604049682617,0.0066938698291778564,6.2337646484375,0.9909965395927429
2989,3.7362500734161586e-05,0.1791011095046997,4.368619918823242,3.4622058868408203,81.3961181640625,64.5078125,6.382253646850586,0.005410313606262207,6.9219970703125,0.9909970760345459
2990,3.737500082934275e-05,0.16406945884227753,41.242462158203125,32.68535614013672,81.3961181640625,64.5078125,7.810025215148926,0.003430604934692383,7.209228515625,0.9909970760345459
2991,3.738750092452392e-05,0.1922270506620407,56.000732421875,44.38153839111328,81.3961181640625,64.5078125,7.228498458862305,0.005379736423492432,6.6199951171875,0.9909972548484802
2992,3.740000101970509e-05,0.16753165423870087,10.43197250366211,8.26751708984375,81.3961181640625,64.5078125,6.410494327545166,0.0035357773303985596,6.9896240234375,0.990997314453125
2993,3.7412501114886254e-05,0.1667429804801941,44.309120178222656,35.1157341003418,81.3961181640625,64.5078125,6.782471179962158,0.004368245601654053,6.7548828125,0.9909973740577698
2994,3.742500121006742e-05,0.1944435089826584,17.955162048339844,14.229772567749023,81.3961181640625,64.5078125,7.744443416595459,0.0064182281494140625,6.5848388671875,0.9909975528717041
2995,3.743750130524859e-05,0.17303797602653503,36.22492599487305,28.708873748779297,81.3961181640625,64.5078125,4.895642280578613,0.002949833869934082,7.0556640625,0.9909980297088623
2996,3.7450001400429755e-05,0.1604585498571396,56.88508605957031,45.08240509033203,81.3961181640625,64.5078125,6.939266681671143,0.004086315631866455,6.5535888671875,0.9909980893135071
2997,3.746250149561092e-05,0.175587996840477,44.840824127197266,35.5371208190918,81.3961181640625,64.5078125,8.247130393981934,0.003486812114715576,6.918701171875,0.9909982681274414
2998,3.747500159079209e-05,0.17745061218738556,48.92258071899414,38.77198028564453,81.3961181640625,64.5078125,7.99188756942749,0.0047363340854644775,6.704833984375,0.9910001754760742
2999,3.748750168597326e-05,0.1810465157032013,56.44779586791992,44.735843658447266,81.3961181640625,64.5078125,7.105887413024902,0.005636334419250488,6.841552734375,0.991000235080719
3000,3.7500001781154424e-05,0.17377226054668427,55.03652572631836,43.61738586425781,81.3961181640625,64.5078125,7.633305549621582,0.004004955291748047,7.0152587890625,0.9910004138946533
3001,3.7512498238356784e-05,0.1869790405035019,24.914796829223633,19.745403289794922,81.3961181640625,64.5078125,11.859504699707031,0.0028510689735412598,6.9410400390625,0.9910008907318115
3002,3.752499833353795e-05,0.14569194614887238,47.37577438354492,37.54610824584961,81.3961181640625,64.5078125,6.585793972015381,0.006397664546966553,6.8680419921875,0.9910010695457458
3003,3.753749842871912e-05,0.1552838236093521,46.39207458496094,36.76651382446289,81.3961181640625,64.5078125,5.86206579208374,0.003967553377151489,6.989501953125,0.9910010695457458
3004,3.7549998523900285e-05,0.15545885264873505,38.273563385009766,30.33245086669922,81.3961181640625,64.5078125,6.62006139755249,0.007364869117736816,7.2490234375,0.9910011887550354
3005,3.756249861908145e-05,0.18640238046646118,0.912323534488678,0.7230319976806641,81.3961181640625,64.5078125,6.251241683959961,0.0031764209270477295,6.7962646484375,0.991001307964325
3006,3.757499871426262e-05,0.132505401968956,40.05912399291992,31.747539520263672,81.3961181640625,64.5078125,6.3414740562438965,0.007151603698730469,6.541259765625,0.9910013675689697
3007,3.758749880944379e-05,0.1953863948583603,59.60732650756836,47.23982620239258,81.3961181640625,64.5078125,6.6172919273376465,0.0047456324100494385,7.183349609375,0.9910018444061279
3008,3.7599998904624954e-05,0.16074565052986145,41.50529479980469,32.89365768432617,81.3961181640625,64.5078125,6.449828147888184,0.0045816898345947266,6.9735107421875,0.9910020232200623
3009,3.761249899980612e-05,0.18496789038181305,11.102447509765625,8.798879623413086,81.3961181640625,64.5078125,7.461828231811523,0.004120886325836182,6.747802734375,0.991002082824707
3010,3.762499909498729e-05,0.1883242279291153,64.27813720703125,50.94152069091797,81.3961181640625,64.5078125,6.679302215576172,0.0052297115325927734,6.93701171875,0.9910040497779846
3011,3.7637499190168455e-05,0.12983034551143646,52.2344856262207,41.39672088623047,81.3961181640625,64.5078125,6.0009260177612305,0.004906564950942993,6.6673583984375,0.9910041689872742
3012,3.764999928534962e-05,0.20198726654052734,37.255104064941406,29.525306701660156,81.3961181640625,64.5078125,9.232065200805664,0.004889547824859619,7.2852783203125,0.9910047054290771
3013,3.766249938053079e-05,0.17175570130348206,35.86677169799805,28.425029754638672,81.3961181640625,64.5078125,8.173208236694336,0.006332516670227051,6.8988037109375,0.9910047650337219
3014,3.767499947571196e-05,0.20075765252113342,58.87153244018555,46.65669631958008,81.3961181640625,64.5078125,6.5932111740112305,0.006836354732513428,7.1502685546875,0.9910048842430115
3015,3.7687499570893124e-05,0.15158390998840332,9.56022834777832,7.576644420623779,81.3961181640625,64.5078125,5.845564842224121,0.003134310245513916,6.985595703125,0.991005003452301
3016,3.769999966607429e-05,0.18544000387191772,0.9817765951156616,0.7780747413635254,81.3961181640625,64.5078125,5.547491550445557,0.0043261051177978516,6.7646484375,0.991005003452301
3017,3.771249976125546e-05,0.15728092193603516,0.9867638945579529,0.7820272445678711,81.3961181640625,64.5078125,6.651455879211426,0.004570305347442627,6.49609375,0.9910051822662354
3018,3.7724999856436625e-05,0.14687536656856537,52.18745422363281,41.35945129394531,81.3961181640625,64.5078125,7.306381702423096,0.006344199180603027,6.6964111328125,0.9910056591033936
3019,3.773749995161779e-05,0.15949204564094543,1.0252037048339844,0.8124914169311523,81.3961181640625,64.5078125,6.3594560623168945,0.004446864128112793,6.7686767578125,0.9910057187080383
3020,3.775000004679896e-05,0.1620926856994629,31.059200286865234,24.614946365356445,81.3961181640625,64.5078125,6.2311930656433105,0.0033000707626342773,6.451416015625,0.9910058975219727
3021,3.7762500141980127e-05,0.16754551231861115,60.000213623046875,47.55119705200195,81.3961181640625,64.5078125,8.462727546691895,0.005225837230682373,6.8865966796875,0.9910078048706055
3022,3.7775000237161294e-05,0.1715841144323349,48.73361587524414,38.622222900390625,81.3961181640625,64.5078125,7.1524763107299805,0.003590404987335205,6.707275390625,0.9910078644752502
3023,3.778750033234246e-05,0.15707482397556305,10.43372631072998,8.268905639648438,81.3961181640625,64.5078125,5.957516193389893,0.004581451416015625,6.800537109375,0.9910080432891846
3024,3.780000042752363e-05,0.17087379097938538,41.270973205566406,32.707950592041016,81.3961181640625,64.5078125,5.761297225952148,0.005260974168777466,7.0904541015625,0.9910085201263428
3025,3.7812500522704795e-05,0.1487402319908142,50.191566467285156,39.777671813964844,81.3961181640625,64.5078125,6.77094030380249,0.005848973989486694,7.0928955078125,0.9910086989402771
3026,3.782500061788596e-05,0.1560416966676712,43.18561935424805,34.225341796875,81.3961181640625,64.5078125,6.566371917724609,0.006529569625854492,6.81396484375,0.9910086989402771
3027,3.783750071306713e-05,0.18394625186920166,50.4158935546875,39.9554557800293,81.3961181640625,64.5078125,7.1041340827941895,0.004788339138031006,6.916259765625,0.9910088181495667
3028,3.7850000808248296e-05,0.14391551911830902,40.22785186767578,31.881261825561523,81.3961181640625,64.5078125,4.959009170532227,0.005146324634552002,7.366943359375,0.9910089373588562
3029,3.7862500903429464e-05,0.15962491929531097,32.278358459472656,25.581151962280273,81.3961181640625,64.5078125,5.42550802230835,0.005628466606140137,6.1676025390625,0.991008996963501
3030,3.787500099861063e-05,0.1438688039779663,44.19365310668945,35.024227142333984,81.3961181640625,64.5078125,8.065863609313965,0.0035849809646606445,6.805419921875,0.991009533405304
3031,3.78875010937918e-05,0.16165034472942352,62.83253479003906,49.79585647583008,81.3961181640625,64.5078125,7.182783603668213,0.0028855204582214355,7.1429443359375,0.9910096526145935
3032,3.7900001188972965e-05,0.14084258675575256,52.71883773803711,41.78057861328125,81.3961181640625,64.5078125,7.637874126434326,0.00589260458946228,6.588623046875,0.9910116195678711
3033,3.791250128415413e-05,0.16632293164730072,40.773414611816406,32.313629150390625,81.3961181640625,64.5078125,6.006295204162598,0.0032117068767547607,7.049560546875,0.9910116791725159
3034,3.79250013793353e-05,0.1404290497303009,60.200103759765625,47.70960998535156,81.3961181640625,64.5078125,9.467100143432617,0.005002617835998535,7.17822265625,0.9910117983818054
3035,3.7937501474516466e-05,0.15305623412132263,0.9964399933815002,0.7896957397460938,81.3961181640625,64.5078125,6.644522666931152,0.003492593765258789,6.995849609375,0.9910123348236084
3036,3.795000156969763e-05,0.15700842440128326,4.448401927947998,3.5254344940185547,81.3961181640625,64.5078125,7.382627964019775,0.0036035776138305664,6.84228515625,0.9910123944282532
3037,3.79625016648788e-05,0.155801922082901,43.41884231567383,34.41017532348633,81.3961181640625,64.5078125,6.793093204498291,0.004182934761047363,7.07958984375,0.9910125136375427
3038,3.797500176005997e-05,0.1560172736644745,52.739627838134766,41.79705810546875,81.3961181640625,64.5078125,5.606576442718506,0.0045233964920043945,7.2900390625,0.9910126328468323
3039,3.798749821726233e-05,0.14840176701545715,4.179409027099609,3.312252998352051,81.3961181640625,64.5078125,5.72440242767334,0.003210306167602539,6.60009765625,0.9910126328468323
3040,3.7999998312443495e-05,0.1586497724056244,4.355152130126953,3.4515323638916016,81.3961181640625,64.5078125,7.106088638305664,0.0042459964752197266,6.7845458984375,0.9910128116607666
3041,3.801249840762466e-05,0.15479086339473724,45.84187316894531,36.330467224121094,81.3961181640625,64.5078125,6.740227699279785,0.0034385323524475098,7.516845703125,0.9910132884979248
3042,3.802499850280583e-05,0.19422900676727295,3.9366819858551025,3.1198878288269043,81.3961181640625,64.5078125,6.499548435211182,0.0027576684951782227,6.96240234375,0.9910134673118591
3043,3.8037498597986996e-05,0.15373826026916504,41.29894256591797,32.73011779785156,81.3961181640625,64.5078125,6.335555553436279,0.005017697811126709,6.7454833984375,0.9910135269165039
3044,3.804999869316816e-05,0.1450001299381256,53.15028762817383,42.12250900268555,81.3961181640625,64.5078125,6.988556861877441,0.006824910640716553,6.9532470703125,0.9910154342651367
3045,3.806249878834933e-05,0.17488710582256317,55.935359954833984,44.32972717285156,81.3961181640625,64.5078125,7.392096042633057,0.002702265977859497,6.994873046875,0.991015613079071
3046,3.80749988835305e-05,0.1565524935722351,42.25080490112305,33.4844856262207,81.3961181640625,64.5078125,5.740537643432617,0.004216909408569336,6.912841796875,0.9910156726837158
3047,3.8087498978711665e-05,0.1523454189300537,47.18180847167969,37.392391204833984,81.3961181640625,64.5078125,7.7945475578308105,0.0034953951835632324,7.0482177734375,0.991016149520874
3048,3.809999907389283e-05,0.1896706372499466,1.0163012742996216,0.8054361343383789,81.3961181640625,64.5078125,6.013643741607666,0.007175922393798828,6.318359375,0.9910163283348083
3049,3.8112499169074e-05,0.17185930907726288,64.13442993164062,50.82762908935547,81.3961181640625,64.5078125,8.283997535705566,0.004817485809326172,6.9288330078125,0.9910163283348083
3050,3.8124999264255166e-05,0.19380520284175873,33.69529342651367,26.7040958404541,81.3961181640625,64.5078125,7.71209192276001,0.003848254680633545,7.211669921875,0.9910164475440979
3051,3.813749935943633e-05,0.17533369362354279,11.01523494720459,8.729762077331543,81.3961181640625,64.5078125,7.773896217346191,0.005125224590301514,6.6353759765625,0.9910165667533875
3052,3.81499994546175e-05,0.15953734517097473,35.395484924316406,28.051525115966797,81.3961181640625,64.5078125,7.488584041595459,0.0028019845485687256,7.037353515625,0.9910166263580322
3053,3.816249954979867e-05,0.185137540102005,4.442229747772217,3.520543098449707,81.3961181640625,64.5078125,6.4232401847839355,0.004743069410324097,6.7362060546875,0.9910171627998352
3054,3.8174999644979835e-05,0.17442777752876282,4.583976745605469,3.6328797340393066,81.3961181640625,64.5078125,6.60818338394165,0.004082202911376953,6.564697265625,0.9910172820091248
3055,3.8187499740161e-05,0.19442600011825562,44.807735443115234,35.51089859008789,81.3961181640625,64.5078125,5.559606075286865,0.004495739936828613,7.029052734375,0.9910192489624023
3056,3.819999983534217e-05,0.2115732580423355,3.779994010925293,2.9957098960876465,81.3961181640625,64.5078125,7.50124979019165,0.0040017664432525635,6.550537109375,0.9910193085670471
3057,3.8212499930523336e-05,0.24264587461948395,44.217018127441406,35.04274368286133,81.3961181640625,64.5078125,7.070156574249268,0.003527402877807617,6.908935546875,0.9910194873809814
3058,3.82250000257045e-05,0.18954609334468842,37.437496185302734,29.66985511779785,81.3961181640625,64.5078125,9.16566276550293,0.006054103374481201,6.6844482421875,0.9910199642181396
3059,3.823750012088567e-05,0.22112256288528442,58.62622833251953,46.46228790283203,81.3961181640625,64.5078125,9.512402534484863,0.0030225515365600586,6.818359375,0.9910200238227844
3060,3.825000021606684e-05,0.20153118669986725,23.046781539916992,18.264968872070312,81.3961181640625,64.5078125,6.48813533782959,0.004474043846130371,6.987548828125,0.991020143032074
3061,3.8262500311248004e-05,0.2019098848104477,0.8997653722763062,0.7130794525146484,81.49962615966797,64.58984375,13.079806327819824,0.004599034786224365,6.9461669921875,0.9910202622413635
3062,3.827500040642917e-05,0.19551168382167816,43.71707534790039,34.64653015136719,81.49962615966797,64.58984375,6.433807849884033,0.004296839237213135,6.8525390625,0.9910202622413635
3063,3.828750050161034e-05,0.2535147964954376,46.338233947753906,36.72384262084961,81.49962615966797,64.58984375,6.603996276855469,0.004278689622879028,6.9898681640625,0.9910204410552979
3064,3.8300000596791506e-05,0.21070121228694916,32.39969253540039,25.677310943603516,81.49962615966797,64.58984375,7.018458366394043,0.0037401318550109863,7.2156982421875,0.991020917892456
3065,3.831250069197267e-05,0.2462647408246994,33.94938659667969,26.905467987060547,81.49962615966797,64.58984375,5.440678119659424,0.008588075637817383,6.8336181640625,0.9910210967063904
3066,3.832500078715384e-05,0.19593632221221924,0.9685999155044556,0.767632007598877,81.49962615966797,64.58984375,5.525967597961426,0.0037955939769744873,6.528564453125,0.9910211563110352
3067,3.833750088233501e-05,0.18980202078819275,52.383766174316406,41.51502990722656,81.49962615966797,64.58984375,7.922025203704834,0.004277139902114868,7.196533203125,0.991023063659668
3068,3.8350000977516174e-05,0.20601607859134674,47.782501220703125,37.86845016479492,81.49962615966797,64.58984375,4.924927234649658,0.007487297058105469,6.9720458984375,0.9910232424736023
3069,3.836250107269734e-05,0.18497519195079803,9.319971084594727,7.386236667633057,81.49962615966797,64.58984375,5.878110885620117,0.004416942596435547,6.834716796875,0.9910233020782471
3070,3.837500116787851e-05,0.20148932933807373,40.92344284057617,32.432525634765625,81.49962615966797,64.58984375,5.857272148132324,0.004872560501098633,6.9306640625,0.9910237789154053
3071,3.8387501263059676e-05,0.187268927693367,1.0107219219207764,0.8010144233703613,81.49962615966797,64.58984375,5.992776870727539,0.004012256860733032,6.6842041015625,0.9910239577293396
3072,3.840000135824084e-05,0.2025434374809265,4.131224632263184,3.2740659713745117,81.49962615966797,64.58984375,6.433161735534668,0.004261136054992676,7.271240234375,0.9910240173339844
3073,3.841250145342201e-05,0.1646808534860611,47.60700607299805,37.729366302490234,81.49962615966797,64.58984375,6.109927654266357,0.004735827445983887,6.861083984375,0.9910240769386292
3074,3.842500154860318e-05,0.15871071815490723,30.351959228515625,24.054447174072266,81.49962615966797,64.58984375,6.7657060623168945,0.003477036952972412,7.0841064453125,0.9910242557525635
3075,3.8437501643784344e-05,0.17838194966316223,10.753469467163086,8.522308349609375,81.49962615966797,64.58984375,6.520393371582031,0.004437625408172607,7.0570068359375,0.9910242557525635
3076,3.845000173896551e-05,0.15820981562137604,4.151247501373291,3.2899346351623535,81.49962615966797,64.58984375,7.825745105743408,0.004385113716125488,6.7537841796875,0.9910247921943665
3077,3.846249819616787e-05,0.18864110112190247,43.36012649536133,34.363643646240234,81.49962615966797,64.58984375,7.528897762298584,0.004318177700042725,6.5809326171875,0.9910249710083008
3078,3.847499829134904e-05,0.16931310296058655,24.302335739135742,19.26001739501953,81.49962615966797,64.58984375,6.74806547164917,0.004984259605407715,6.6297607421875,0.9910268783569336
3079,3.8487498386530206e-05,0.20961561799049377,41.72502136230469,33.06779098510742,81.49962615966797,64.58984375,6.688220024108887,0.004765957593917847,6.861083984375,0.9910269379615784
3080,3.849999848171137e-05,0.15036457777023315,56.11082077026367,44.46878433227539,81.49962615966797,64.58984375,7.06290340423584,0.004077821969985962,6.410888671875,0.9910271167755127
3081,3.851249857689254e-05,0.1733851432800293,34.93110656738281,27.68349838256836,81.49962615966797,64.58984375,7.294541835784912,0.0027010440826416016,6.8485107421875,0.9910275936126709
3082,3.852499867207371e-05,0.16905701160430908,20.419809341430664,16.183048248291016,81.49962615966797,64.58984375,6.183849334716797,0.005235344171524048,6.6905517578125,0.9910277724266052
3083,3.8537498767254874e-05,0.17144142091274261,40.77785873413086,32.3171501159668,81.49962615966797,64.58984375,9.008818626403809,0.005411028861999512,6.814697265625,0.9910277724266052
3084,3.854999886243604e-05,0.18292328715324402,58.89772415161133,46.677452087402344,81.49962615966797,64.58984375,7.793651580810547,0.003162175416946411,7.078857421875,0.9910278916358948
3085,3.856249895761721e-05,0.1549573391675949,46.225894927978516,36.63481140136719,81.49962615966797,64.58984375,5.692344665527344,0.004725098609924316,7.0408935546875,0.9910278916358948
3086,3.8574999052798375e-05,0.17517900466918945,47.00663757324219,37.253562927246094,81.49962615966797,64.58984375,6.3724775314331055,0.002941131591796875,6.8463134765625,0.9910280704498291
3087,3.858749914797954e-05,0.1902836710214615,47.75320053100586,37.8452262878418,81.49962615966797,64.58984375,8.782864570617676,0.0038688182830810547,6.9031982421875,0.9910285472869873
3088,3.859999924316071e-05,0.1959584802389145,44.09078598022461,34.94269943237305,81.49962615966797,64.58984375,6.992556571960449,0.005433201789855957,7.3414306640625,0.9910287261009216
3089,3.861249933834188e-05,0.18052342534065247,23.925003051757812,18.960973739624023,81.49962615966797,64.58984375,6.6432623863220215,0.006089508533477783,6.1539306640625,0.9910287857055664
3090,3.8624999433523044e-05,0.24332959949970245,55.04813766479492,43.626590728759766,81.49962615966797,64.58984375,7.4728193283081055,0.003892451524734497,6.8172607421875,0.9910306930541992
3091,3.863749952870421e-05,0.18960154056549072,49.64176559448242,39.341949462890625,81.49962615966797,64.58984375,7.3346476554870605,0.004323720932006836,7.0557861328125,0.9910308718681335
3092,3.864999962388538e-05,0.17518293857574463,1.0214930772781372,0.8095507621765137,81.49962615966797,64.58984375,6.231095314025879,0.005021810531616211,6.5347900390625,0.9910314083099365
3093,3.8662499719066545e-05,0.1752149611711502,50.32953643798828,39.88701629638672,81.49962615966797,64.58984375,9.350288391113281,0.0032925009727478027,6.9095458984375,0.9910314083099365
3094,3.867499981424771e-05,0.15406183898448944,50.096038818359375,39.701969146728516,81.49962615966797,64.58984375,8.193835258483887,0.0036861300468444824,7.05859375,0.9910315871238708
3095,3.868749990942888e-05,0.174768328666687,22.80219841003418,18.07113265991211,81.49962615966797,64.58984375,7.678324222564697,0.0032120943069458008,7.100341796875,0.9910316467285156
3096,3.870000000461005e-05,0.17109651863574982,20.78661346435547,16.47374725341797,81.49962615966797,64.58984375,7.043711185455322,0.004609048366546631,6.9132080078125,0.9910317063331604
3097,3.8712500099791214e-05,0.1403786838054657,24.472183227539062,19.394622802734375,81.49962615966797,64.58984375,5.380566120147705,0.005582928657531738,7.1151123046875,0.9910318851470947
3098,3.872500019497238e-05,0.19144408404827118,52.8955192565918,41.92060470581055,81.49962615966797,64.58984375,5.594020366668701,0.00703778862953186,7.2813720703125,0.9910323619842529
3099,3.873750029015355e-05,0.16714905202388763,21.613924026489258,17.129404067993164,81.49962615966797,64.58984375,5.912108898162842,0.003011554479598999,6.6868896484375,0.9910324215888977
3100,3.8750000385334715e-05,0.17678172886371613,40.142398834228516,31.81353759765625,81.49962615966797,64.58984375,6.652327060699463,0.004959791898727417,6.8828125,0.991032600402832
3101,3.876250048051588e-05,0.15800751745700836,59.849849700927734,47.432029724121094,81.49962615966797,64.58984375,7.75314474105835,0.002948552370071411,7.4307861328125,0.9910345077514648
3102,3.877500057569705e-05,0.2073916643857956,42.608978271484375,33.76834487915039,81.49962615966797,64.58984375,6.12557315826416,0.0031331777572631836,7.0589599609375,0.9910345673561096
3103,3.878750067087822e-05,0.17939405143260956,49.633243560791016,39.3351936340332,81.49962615966797,64.58984375,7.791686534881592,0.0048580169677734375,6.7259521484375,0.991034746170044
3104,3.8800000766059384e-05,0.16999952495098114,4.235039710998535,3.3563413619995117,81.49962615966797,64.58984375,5.523792743682861,0.003265380859375,6.9814453125,0.9910352230072021
3105,3.881250086124055e-05,0.17687579989433289,11.117547035217285,8.810846328735352,81.49962615966797,64.58984375,5.9128899574279785,0.004109442234039307,6.986572265625,0.9910354018211365
3106,3.882500095642172e-05,0.1755770891904831,47.109580993652344,37.335147857666016,81.49962615966797,64.58984375,6.8544840812683105,0.005210995674133301,6.8980712890625,0.9910354018211365
3107,3.8837501051602885e-05,0.15490959584712982,51.79846954345703,41.05117416381836,81.49962615966797,64.58984375,8.1673002243042,0.0036388039588928223,6.9775390625,0.991035521030426
3108,3.885000114678405e-05,0.17672866582870483,47.67227554321289,37.78109359741211,81.49962615966797,64.58984375,7.008717060089111,0.004180550575256348,6.307861328125,0.9910356402397156
3109,3.886250124196522e-05,0.13865533471107483,23.581703186035156,18.68890380859375,81.49962615966797,64.58984375,6.284951210021973,0.002734243869781494,6.8050537109375,0.9910356998443604
3110,3.8875001337146387e-05,0.160265251994133,55.8716926574707,44.27927017211914,81.49962615966797,64.58984375,7.926106929779053,0.0025292932987213135,7.174560546875,0.9910361766815186
3111,3.8887501432327554e-05,0.1464267522096634,24.734546661376953,19.602550506591797,81.49962615966797,64.58984375,9.039752006530762,0.004402458667755127,6.6629638671875,0.9910363554954529
3112,3.890000152750872e-05,0.1743782013654709,1.0189414024353027,0.8075284957885742,81.49962615966797,64.58984375,7.690038681030273,0.003822505474090576,7.0382080078125,0.9910364151000977
3113,3.891250162268989e-05,0.14525292813777924,37.82869338989258,29.97988510131836,81.49962615966797,64.58984375,7.034231662750244,0.0033034682273864746,6.772705078125,0.9910383820533752
3114,3.8925001717871055e-05,0.1607608199119568,40.461734771728516,32.06661605834961,81.49962615966797,64.58984375,6.697645664215088,0.004110813140869141,6.605224609375,0.9910385012626648
3115,3.893750181305222e-05,0.1493154615163803,10.628273963928223,8.423089027404785,81.49962615966797,64.58984375,7.957381248474121,0.003988057374954224,7.0135498046875,0.9910390377044678
3116,3.894999827025458e-05,0.15739211440086365,0.9830268621444702,0.7790656089782715,81.49962615966797,64.58984375,7.569211483001709,0.00406259298324585,6.6444091796875,0.9910390973091125
3117,3.896249836543575e-05,0.1490020751953125,3.783809185028076,2.9987335205078125,81.49962615966797,64.58984375,6.3462395668029785,0.006892472505569458,6.8775634765625,0.9910392165184021
3118,3.8974998460616916e-05,0.1425165981054306,38.98106002807617,30.893157958984375,81.49962615966797,64.58984375,6.7507219314575195,0.004443824291229248,6.55615234375,0.9910393357276917
3119,3.8987498555798084e-05,0.1543838381767273,45.271034240722656,35.87806701660156,81.49962615966797,64.58984375,7.051226615905762,0.0038782060146331787,6.79248046875,0.9910393357276917
3120,3.899999865097925e-05,0.1581937074661255,52.636802673339844,41.71556854248047,81.49962615966797,64.58984375,7.2784013748168945,0.0037227869033813477,7.0018310546875,0.991039514541626
3121,3.901249874616042e-05,0.1313745528459549,44.25950622558594,35.076416015625,81.49962615966797,64.58984375,13.589347839355469,0.0025886893272399902,7.033935546875,0.9910399913787842
3122,3.9024998841341585e-05,0.14059340953826904,54.54390335083008,43.22697448730469,81.49962615966797,64.58984375,9.693357467651367,0.0030028223991394043,6.872802734375,0.991040050983429
3123,3.903749893652275e-05,0.1639183610677719,54.4540901184082,43.155799865722656,81.49962615966797,64.58984375,6.4773077964782715,0.004468083381652832,6.9317626953125,0.9910402297973633
3124,3.904999903170392e-05,0.15721595287322998,43.037899017333984,34.108272552490234,81.49962615966797,64.58984375,6.385198593139648,0.004081100225448608,7.123291015625,0.9910421371459961
3125,3.9062499126885086e-05,0.15621274709701538,39.3394660949707,31.177200317382812,81.49962615966797,64.58984375,6.7993669509887695,0.005841553211212158,6.7484130859375,0.9910421967506409
3126,3.9074999222066253e-05,0.1656469851732254,4.310975074768066,3.4165215492248535,81.49962615966797,64.58984375,6.359151363372803,0.004620671272277832,6.61328125,0.9910423755645752
3127,3.908749931724742e-05,0.14870470762252808,59.012718200683594,46.768585205078125,81.49962615966797,64.58984375,6.6700334548950195,0.003527998924255371,7.2052001953125,0.9910428524017334
3128,3.909999941242859e-05,0.14919061958789825,0.956657886505127,0.7581677436828613,81.49962615966797,64.58984375,5.944011688232422,0.0035638809204101562,6.8291015625,0.9910430312156677
3129,3.9112499507609755e-05,0.1647844761610031,49.611473083496094,39.31793975830078,81.49962615966797,64.58984375,7.292111396789551,0.0025484859943389893,6.8583984375,0.9910430312156677
3130,3.912499960279092e-05,0.17174704372882843,46.591800689697266,36.92479705810547,81.49962615966797,64.58984375,7.123106002807617,0.004262953996658325,6.8717041015625,0.9910431504249573
3131,3.913749969797209e-05,0.13391752541065216,3.966872215270996,3.1438140869140625,81.49962615966797,64.58984375,7.210565567016602,0.0045678019523620605,6.793212890625,0.9910432696342468
3132,3.9149999793153256e-05,0.1742047518491745,53.360877990722656,42.289405822753906,81.49962615966797,64.58984375,8.715250015258789,0.00317344069480896,7.3463134765625,0.9910433292388916
3133,3.916249988833442e-05,0.15647052228450775,40.83904266357422,32.365638732910156,81.49962615966797,64.58984375,7.059266090393066,0.0043084025382995605,6.802978515625,0.9910438656806946
3134,3.917499998351559e-05,0.14960496127605438,47.74222183227539,37.83652877807617,81.49962615966797,64.58984375,5.135555744171143,0.00748133659362793,7.09716796875,0.9910439848899841
3135,3.918750007869676e-05,0.1560390144586563,49.47117233276367,39.206748962402344,81.49962615966797,64.58984375,7.134376049041748,0.0038289129734039307,7.0938720703125,0.9910440444946289
3136,3.9200000173877925e-05,0.14938722550868988,0.9636294841766357,0.7636928558349609,81.49962615966797,64.58984375,7.0681257247924805,0.004088401794433594,6.833740234375,0.9910460114479065
3137,3.921250026905909e-05,0.18456290662288666,1.0356727838516235,0.8207883834838867,81.49962615966797,64.58984375,5.120591163635254,0.007485330104827881,6.5740966796875,0.991046130657196
3138,3.922500036424026e-05,0.2182893455028534,55.93288040161133,44.32776641845703,81.49962615966797,64.58984375,7.84453010559082,0.003563225269317627,6.5283203125,0.991046667098999
3139,3.9237500459421426e-05,0.15487505495548248,57.4954719543457,45.56614685058594,81.49962615966797,64.58984375,10.17920207977295,0.003233790397644043,6.846435546875,0.9910467267036438
3140,3.925000055460259e-05,0.17601338028907776,23.046903610229492,18.265064239501953,81.49962615966797,64.58984375,7.414083003997803,0.004198938608169556,6.4197998046875,0.9910468459129333
3141,3.926250064978376e-05,0.18926727771759033,4.329591751098633,3.4312753677368164,81.49962615966797,64.58984375,6.789438247680664,0.0035139918327331543,6.8438720703125,0.9910469651222229
3142,3.927500074496493e-05,0.15184684097766876,42.55073547363281,33.72218322753906,81.49962615966797,64.58984375,7.635596752166748,0.005837351083755493,6.7569580078125,0.9910469651222229
3143,3.9287500840146095e-05,0.21391937136650085,1.0409952402114868,0.8250064849853516,81.49962615966797,64.58984375,6.513614654541016,0.005240380764007568,6.801025390625,0.9910471439361572
3144,3.930000093532726e-05,0.19855773448944092,1.0154871940612793,0.8047909736633301,81.49962615966797,64.58984375,6.8668084144592285,0.0039949119091033936,6.9639892578125,0.9910476207733154
3145,3.931250103050843e-05,0.17304618656635284,54.079689025878906,42.85907745361328,81.49962615966797,64.58984375,5.981436252593994,0.004751473665237427,7.0528564453125,0.9910477995872498
3146,3.9325001125689596e-05,0.19719389081001282,41.62455368041992,32.9881706237793,81.49962615966797,64.58984375,7.4375224113464355,0.003726482391357422,6.80419921875,0.9910478591918945
3147,3.933750122087076e-05,0.1565360724925995,57.493873596191406,45.564876556396484,81.49962615966797,64.58984375,8.257598876953125,0.0038450956344604492,6.8753662109375,0.9910497665405273
3148,3.935000131605193e-05,0.19611778855323792,45.70677947998047,36.22340393066406,81.49962615966797,64.58984375,6.855547904968262,0.007050037384033203,7.2620849609375,0.9910499453544617
3149,3.93625014112331e-05,0.16797496378421783,47.78697967529297,37.87199783325195,81.49962615966797,64.58984375,5.4342169761657715,0.007773399353027344,6.2132568359375,0.9910500049591064
3150,3.9375001506414264e-05,0.17261795699596405,44.36495590209961,35.15998840332031,81.49962615966797,64.58984375,8.208149909973145,0.004133135080337524,6.7869873046875,0.9910504817962646
3151,3.938750160159543e-05,0.16373181343078613,50.46198654174805,39.99198532104492,81.49962615966797,64.58984375,7.249020576477051,0.005576729774475098,6.970458984375,0.991050660610199
3152,3.94000016967766e-05,0.16173787415027618,0.9999964833259583,0.7925143241882324,81.49962615966797,64.58984375,7.433530807495117,0.0069442689418792725,6.63671875,0.991050660610199
3153,3.9412501791957766e-05,0.1634531021118164,0.9765203595161438,0.7739090919494629,81.49962615966797,64.58984375,5.905858039855957,0.0037514567375183105,6.909912109375,0.9910507798194885
3154,3.9424998249160126e-05,0.14756673574447632,52.92951583862305,41.94754409790039,81.49962615966797,64.58984375,6.736689567565918,0.004627794027328491,7.021484375,0.9910508990287781
3155,3.943749834434129e-05,0.1427990198135376,3.883802652359009,3.0779800415039062,81.49962615966797,64.58984375,6.640410423278809,0.0035140514373779297,7.1475830078125,0.9910509586334229
3156,3.944999843952246e-05,0.16219837963581085,4.514244079589844,3.577615737915039,81.49962615966797,64.58984375,6.481189250946045,0.005294501781463623,6.938232421875,0.9910514950752258
3157,3.946249853470363e-05,0.154779851436615,48.366798400878906,38.33151626586914,81.49962615966797,64.58984375,5.97073221206665,0.003480970859527588,7.19580078125,0.9910516142845154
3158,3.9474998629884794e-05,0.13051816821098328,59.94668197631836,47.50876998901367,81.49962615966797,64.58984375,5.949712753295898,0.0025386810302734375,7.2803955078125,0.991053581237793
3159,3.948749872506596e-05,0.13516418635845184,43.48219680786133,34.460384368896484,81.49962615966797,64.58984375,7.703624248504639,0.0032103359699249268,6.7763671875,0.9910536408424377
3160,3.949999882024713e-05,0.1474681943655014,47.341243743896484,37.51874542236328,81.49962615966797,64.58984375,6.402252674102783,0.004236280918121338,6.84814453125,0.9910538196563721
3161,3.9512498915428296e-05,0.15635047852993011,49.70032501220703,39.38835525512695,81.49962615966797,64.58984375,5.4423322677612305,0.005575060844421387,7.4404296875,0.9910542964935303
3162,3.952499901060946e-05,0.19696436822414398,50.360755920410156,39.91175842285156,81.49962615966797,64.58984375,8.866043090820312,0.00254136323928833,7.0601806640625,0.991054356098175
3163,3.953749910579063e-05,0.15752698481082916,56.45233917236328,44.739444732666016,81.49962615966797,64.58984375,8.66591739654541,0.005436122417449951,6.7354736328125,0.9910544753074646
3164,3.95499992009718e-05,0.16604746878147125,56.62665939331055,44.87759780883789,81.49962615966797,64.58984375,7.520613670349121,0.006235897541046143,7.0216064453125,0.9910545945167542
3165,3.9562499296152964e-05,0.18965670466423035,49.02988052368164,38.857017517089844,81.49962615966797,64.58984375,6.93963623046875,0.002427399158477783,7.0523681640625,0.9910545945167542
3166,3.957499939133413e-05,0.1415090411901474,9.574646949768066,7.588071346282959,81.49962615966797,64.58984375,6.376715183258057,0.005718261003494263,6.8822021484375,0.9910547733306885
3167,3.95874994865153e-05,0.17362408339977264,44.80674743652344,35.51011276245117,81.49962615966797,64.58984375,7.917014122009277,0.0035546422004699707,6.9002685546875,0.9910552501678467
3168,3.9599999581696466e-05,0.17462587356567383,50.153194427490234,39.74726104736328,81.49962615966797,64.58984375,6.54321813583374,0.004662215709686279,6.29541015625,0.991055428981781
3169,3.961249967687763e-05,0.14922386407852173,45.683433532714844,36.20490264892578,81.49962615966797,64.58984375,6.728524208068848,0.004269897937774658,6.82568359375,0.9910554885864258
3170,3.96249997720588e-05,0.182738795876503,47.717166900634766,37.81666946411133,81.49962615966797,64.58984375,6.019533634185791,0.004413247108459473,7.193603515625,0.9910573959350586
3171,3.963749986723997e-05,0.14342044293880463,52.517486572265625,41.62100601196289,81.49962615966797,64.58984375,7.463335037231445,0.007628291845321655,6.6741943359375,0.9910575747489929
3172,3.9649999962421134e-05,0.17395532131195068,4.249782085418701,3.3680248260498047,81.49962615966797,64.58984375,6.920028209686279,0.003757774829864502,7.09130859375,0.9910576343536377
3173,3.96625000576023e-05,0.15076269209384918,49.30060958862305,39.07157516479492,81.49962615966797,64.58984375,6.261575222015381,0.004784345626831055,6.7349853515625,0.9910581111907959
3174,3.967500015278347e-05,0.19118283689022064,0.9172067046165466,0.7269020080566406,81.49962615966797,64.58984375,6.664834022521973,0.004120230674743652,6.6097412109375,0.9910582900047302
3175,3.9687500247964635e-05,0.17586643993854523,19.387405395507812,15.364850997924805,81.49962615966797,64.58984375,6.6840386390686035,0.003484189510345459,7.0576171875,0.991058349609375
3176,3.97000003431458e-05,0.15715496242046356,4.23165225982666,3.353656768798828,81.49962615966797,64.58984375,6.083433628082275,0.004416048526763916,6.733642578125,0.9910584092140198
3177,3.971250043832697e-05,0.19233372807502747,26.07418441772461,20.66423797607422,81.49962615966797,64.58984375,6.258633136749268,0.0034244656562805176,6.93359375,0.9910585880279541
3178,3.972500053350814e-05,0.18578509986400604,52.85294723510742,41.886863708496094,81.49962615966797,64.58984375,8.677331924438477,0.005525946617126465,6.5281982421875,0.9910590648651123
3179,3.9737500628689304e-05,0.14814122021198273,1.0288960933685303,0.8154177665710449,81.49962615966797,64.58984375,5.476461410522461,0.004068493843078613,6.818115234375,0.9910591244697571
3180,3.975000072387047e-05,0.1565212905406952,34.51152801513672,27.350976943969727,81.49962615966797,64.58984375,8.65802001953125,0.004467576742172241,7.0172119140625,0.9910593032836914
3181,3.976250081905164e-05,0.2726364731788635,70.1573486328125,55.60089874267578,84.01829528808594,66.5859375,13.615837097167969,0.0042493343353271484,6.968505859375,0.9910612106323242
3182,3.9775000914232805e-05,0.14839258790016174,43.78616714477539,34.70128631591797,84.01829528808594,66.5859375,8.256759643554688,0.002929985523223877,6.8377685546875,0.991061270236969
3183,3.978750100941397e-05,0.18749377131462097,39.95632553100586,31.66607093811035,84.01829528808594,66.5859375,8.276758193969727,0.004561573266983032,6.8997802734375,0.9910614490509033
3184,3.980000110459514e-05,0.21246954798698425,42.6070671081543,33.76682662963867,84.01829528808594,66.5859375,5.1888203620910645,0.004273891448974609,7.0347900390625,0.9910619258880615
3185,3.981250119977631e-05,0.1850021928548813,35.093475341796875,27.812179565429688,84.01829528808594,66.5859375,6.500777244567871,0.003640472888946533,6.7197265625,0.9910621047019958
3186,3.9825001294957474e-05,0.153130903840065,3.946381092071533,3.1275744438171387,84.01829528808594,66.5859375,6.433971405029297,0.004103183746337891,6.6875,0.9910621047019958
3187,3.983750139013864e-05,0.14851278066635132,57.818382263183594,45.82205581665039,84.01829528808594,66.5859375,7.47203254699707,0.0051177144050598145,7.1717529296875,0.9910622239112854
3188,3.985000148531981e-05,0.19413885474205017,53.45977783203125,42.3677864074707,84.01829528808594,66.5859375,6.368190765380859,0.0048583149909973145,6.9715576171875,0.9910622239112854
3189,3.9862501580500975e-05,0.1782914698123932,43.80324172973633,34.71481704711914,84.01829528808594,66.5859375,6.652926921844482,0.003968775272369385,6.845703125,0.9910624027252197
3190,3.987500167568214e-05,0.15364748239517212,1.0723003149032593,0.8498163223266602,84.01829528808594,66.5859375,5.039005756378174,0.006342440843582153,6.8499755859375,0.9910628795623779
3191,3.988750177086331e-05,0.15307927131652832,50.08206558227539,39.690895080566406,84.01829528808594,66.5859375,6.87086820602417,0.006583154201507568,6.8538818359375,0.9910630583763123
3192,3.989999822806567e-05,0.15959948301315308,57.77134323120117,45.7847785949707,84.01829528808594,66.5859375,7.8295512199401855,0.003050297498703003,7.3045654296875,0.991063117980957
3193,3.991249832324684e-05,0.16448844969272614,48.38007354736328,38.34203338623047,84.01829528808594,66.5859375,7.7975921630859375,0.004933059215545654,6.750732421875,0.9910650253295898
3194,3.9924998418428004e-05,0.147148996591568,52.608585357666016,41.69320297241211,84.01829528808594,66.5859375,6.99902868270874,0.0033306777477264404,7.084228515625,0.9910652041435242
3195,3.993749851360917e-05,0.15352262556552887,55.956687927246094,44.34663391113281,84.01829528808594,66.5859375,6.618106365203857,0.004783809185028076,7.085205078125,0.9910657405853271
3196,3.994999860879034e-05,0.13837628066539764,30.58892250061035,24.24224281311035,84.01829528808594,66.5859375,5.5298075675964355,0.004277229309082031,6.916015625,0.9910657405853271
3197,3.9962498703971505e-05,0.17754685878753662,61.09665298461914,48.420143127441406,84.01829528808594,66.5859375,7.567692756652832,0.003940790891647339,6.6551513671875,0.9910659193992615
3198,3.997499879915267e-05,0.14956314861774445,4.334693908691406,3.435318946838379,84.01829528808594,66.5859375,5.767169952392578,0.005544185638427734,6.5498046875,0.9910659790039062
3199,3.998749889433384e-05,0.15537239611148834,46.41404342651367,36.78392028808594,84.01829528808594,66.5859375,7.115031719207764,0.0034203529357910156,6.865234375,0.991066038608551
3200,3.9999998989515007e-05,0.1342351734638214,4.643069267272949,3.6797118186950684,84.01829528808594,66.5859375,6.840789318084717,0.003965258598327637,6.4022216796875,0.9910662174224854
3201,4.0012499084696174e-05,0.14324474334716797,47.56617736816406,37.69700622558594,84.01829528808594,66.5859375,6.491927146911621,0.005060642957687378,6.8544921875,0.9910666942596436
3202,4.002499917987734e-05,0.16027386486530304,37.97132110595703,30.092920303344727,84.01829528808594,66.5859375,8.585481643676758,0.003195345401763916,6.7677001953125,0.9910667538642883
3203,4.003749927505851e-05,0.12956355512142181,50.721214294433594,40.19742965698242,84.01829528808594,66.5859375,5.834585189819336,0.006454110145568848,6.9317626953125,0.9910669326782227
3204,4.0049999370239675e-05,0.1404430866241455,44.64226531982422,35.3797607421875,84.01829528808594,66.5859375,6.216691017150879,0.0036568045616149902,7.1058349609375,0.9910688400268555
3205,4.006249946542084e-05,0.14658060669898987,3.8909800052642822,3.0836682319641113,84.01829528808594,66.5859375,6.660703182220459,0.00394362211227417,7.05517578125,0.9910688996315002
3206,4.007499956060201e-05,0.1552560180425644,24.803190231323242,19.656951904296875,84.01829528808594,66.5859375,6.984933376312256,0.00464177131652832,6.705810546875,0.9910690784454346
3207,4.0087499655783176e-05,0.1552397608757019,3.9906492233276367,3.1626577377319336,84.01829528808594,66.5859375,7.102765083312988,0.006370961666107178,6.9190673828125,0.9910695552825928
3208,4.0099999750964344e-05,0.144567608833313,46.4498291015625,36.812286376953125,84.01829528808594,66.5859375,5.67080020904541,0.004639148712158203,7.286865234375,0.9910697340965271
3209,4.011249984614551e-05,0.15539489686489105,10.051671981811523,7.966122150421143,84.01829528808594,66.5859375,6.569222927093506,0.00533527135848999,6.120849609375,0.9910697340965271
3210,4.012499994132668e-05,0.14536933600902557,46.29354476928711,36.68842315673828,84.01829528808594,66.5859375,6.746274948120117,0.003988444805145264,6.6759033203125,0.9910698533058167
3211,4.0137500036507845e-05,0.13913412392139435,41.774505615234375,33.10700988769531,84.01829528808594,66.5859375,7.725097179412842,0.003583073616027832,6.9029541015625,0.9910699725151062
3212,4.015000013168901e-05,0.16260738670825958,62.27768325805664,49.35612869262695,84.01829528808594,66.5859375,7.881783485412598,0.0029583871364593506,6.7010498046875,0.991070032119751
3213,4.016250022687018e-05,0.1605096012353897,4.157953262329102,3.2952489852905273,84.01829528808594,66.5859375,6.4710612297058105,0.004765361547470093,6.9808349609375,0.9910705089569092
3214,4.0175000322051346e-05,0.17561356723308563,43.985443115234375,34.859214782714844,84.01829528808594,66.5859375,7.1903181076049805,0.004431873559951782,7.0179443359375,0.9910706877708435
3215,4.0187500417232513e-05,0.14651574194431305,31.507081985473633,24.96990203857422,84.01829528808594,66.5859375,7.092334270477295,0.004919469356536865,7.1685791015625,0.9910707473754883
3216,4.020000051241368e-05,0.148831307888031,21.392498016357422,16.953920364379883,84.01829528808594,66.5859375,6.2481865882873535,0.0036770403385162354,6.9859619140625,0.9910727143287659
3217,4.021250060759485e-05,0.1726483255624771,48.77345275878906,38.65379333496094,84.01829528808594,66.5859375,6.529829502105713,0.0029926300048828125,7.1754150390625,0.9910728335380554
3218,4.0225000702776015e-05,0.14133132994174957,43.18097686767578,34.22166061401367,84.01829528808594,66.5859375,9.333258628845215,0.003375113010406494,7.22900390625,0.9910733699798584
3219,4.023750079795718e-05,0.15279723703861237,45.52356719970703,36.07820510864258,84.01829528808594,66.5859375,8.481507301330566,0.004322826862335205,6.69970703125,0.9910734295845032
3220,4.025000089313835e-05,0.17588531970977783,42.38776779174805,33.5930290222168,84.01829528808594,66.5859375,5.103671073913574,0.005559802055358887,6.8548583984375,0.9910735487937927
3221,4.0262500988319516e-05,0.1470758467912674,21.147130966186523,16.759462356567383,84.01829528808594,66.5859375,8.391080856323242,0.0032274723052978516,7.429443359375,0.9910736680030823
3222,4.027500108350068e-05,0.17348359525203705,10.987170219421387,8.70751953125,84.01829528808594,66.5859375,7.093736171722412,0.00530773401260376,7.0831298828125,0.9910736680030823
3223,4.028750117868185e-05,0.15276454389095306,54.965702056884766,43.56126022338867,84.01829528808594,66.5859375,6.687887668609619,0.004645168781280518,6.7647705078125,0.9910738468170166
3224,4.030000127386302e-05,0.15588980913162231,62.01424026489258,49.147342681884766,84.01829528808594,66.5859375,7.013115406036377,0.0031187832355499268,6.973876953125,0.9910743236541748
3225,4.0312501369044185e-05,0.15250234305858612,46.564090728759766,36.90283966064453,84.01829528808594,66.5859375,5.638335227966309,0.0035878419876098633,6.9822998046875,0.9910743832588196
3226,4.032500146422535e-05,0.18182772397994995,45.83457565307617,36.324684143066406,84.01829528808594,66.5859375,7.345198631286621,0.005398094654083252,6.9674072265625,0.9910745620727539
3227,4.033750155940652e-05,0.16214923560619354,39.20399856567383,31.06983757019043,84.01829528808594,66.5859375,7.397883415222168,0.005615830421447754,6.8697509765625,0.9910764694213867
3228,4.0350001654587686e-05,0.17707152664661407,0.9304249286651611,0.7373776435852051,84.01829528808594,66.5859375,7.798960208892822,0.005619943141937256,6.2061767578125,0.9910765290260315
3229,4.036250174976885e-05,0.1772305965423584,36.56760025024414,28.980449676513672,84.01829528808594,66.5859375,6.294941425323486,0.0036293864250183105,6.77197265625,0.9910767078399658
3230,4.037499820697121e-05,0.18318527936935425,57.28059387207031,45.395851135253906,84.01829528808594,66.5859375,8.812368392944336,0.003257662057876587,7.18017578125,0.991077184677124
3231,4.038749830215238e-05,0.1796092391014099,35.19867706298828,27.895551681518555,84.01829528808594,66.5859375,7.4479570388793945,0.0037370920181274414,6.6851806640625,0.9910773634910583
3232,4.039999839733355e-05,0.17789407074451447,10.863901138305664,8.609827041625977,84.01829528808594,66.5859375,6.848427772521973,0.0027930736541748047,7.09326171875,0.9910773634910583
3233,4.0412498492514715e-05,0.16260452568531036,45.88328552246094,36.36328887939453,84.01829528808594,66.5859375,6.374712944030762,0.0048632025718688965,6.6781005859375,0.9910774827003479
3234,4.042499858769588e-05,0.18833930790424347,39.127235412597656,31.009002685546875,84.01829528808594,66.5859375,7.76146125793457,0.005023777484893799,6.6341552734375,0.9910776019096375
3235,4.043749868287705e-05,0.16434291005134583,45.369483947753906,35.956092834472656,84.01829528808594,66.5859375,6.457662105560303,0.0034183263778686523,6.989013671875,0.9910776615142822
3236,4.0449998778058216e-05,0.16352751851081848,23.070911407470703,18.28409194946289,84.01829528808594,66.5859375,5.795096397399902,0.0030852556228637695,6.7835693359375,0.9910781979560852
3237,4.046249887323938e-05,0.14188185334205627,51.178348541259766,40.559715270996094,84.01829528808594,66.5859375,7.733193397521973,0.0037220120429992676,6.8814697265625,0.9910783171653748
3238,4.047499896842055e-05,0.14199796319007874,49.109493255615234,38.92011260986328,84.01829528808594,66.5859375,6.104857921600342,0.004730105400085449,6.5263671875,0.9910802841186523
3239,4.048749906360172e-05,0.16222622990608215,50.20100784301758,39.78515625,84.01829528808594,66.5859375,7.220724582672119,0.003650844097137451,6.9039306640625,0.9910803437232971
3240,4.0499999158782884e-05,0.1394122987985611,10.487421989440918,8.311461448669434,84.01829528808594,66.5859375,7.014581203460693,0.0036530494689941406,7.02392578125,0.9910804629325867
3241,4.051249925396405e-05,0.14974761009216309,53.8944091796875,42.712242126464844,84.01829528808594,66.5859375,14.345003128051758,0.0031794309616088867,6.9915771484375,0.9910809993743896
3242,4.052499934914522e-05,0.16759303212165833,47.55758285522461,37.6901969909668,84.01829528808594,66.5859375,6.848629951477051,0.0035977959632873535,6.723388671875,0.9910810589790344
3243,4.0537499444326386e-05,0.14220823347568512,54.261474609375,43.00314712524414,84.01829528808594,66.5859375,5.856845855712891,0.004635214805603027,6.9468994140625,0.991081178188324
3244,4.054999953950755e-05,0.14440815150737762,27.812889099121094,22.042190551757812,84.01829528808594,66.5859375,5.834845066070557,0.004065275192260742,7.0079345703125,0.9910812973976135
3245,4.056249963468872e-05,0.1799137443304062,38.41263961791992,30.442672729492188,84.01829528808594,66.5859375,5.406389236450195,0.003849923610687256,6.689697265625,0.9910812973976135
3246,4.057499972986989e-05,0.1626947522163391,40.175228118896484,31.839553833007812,84.01829528808594,66.5859375,6.151444911956787,0.0036263465881347656,6.7054443359375,0.9910814762115479
3247,4.0587499825051054e-05,0.13819797337055206,56.227447509765625,44.561214447021484,84.01829528808594,66.5859375,6.054806232452393,0.003254503011703491,7.1915283203125,0.991081953048706
3248,4.059999992023222e-05,0.1548200100660324,53.07661056518555,42.06412124633789,84.01829528808594,66.5859375,9.631818771362305,0.003877699375152588,6.946044921875,0.9910821318626404
3249,4.061250001541339e-05,0.16121289134025574,32.60859298706055,25.84286880493164,84.01829528808594,66.5859375,5.283777236938477,0.005364537239074707,6.829833984375,0.9910821914672852
3250,4.0625000110594556e-05,0.14347408711910248,1.0175797939300537,0.8064494132995605,84.01829528808594,66.5859375,6.288633823394775,0.004668205976486206,6.93603515625,0.991084098815918
3251,4.063750020577572e-05,0.1684393435716629,62.52180480957031,49.549598693847656,84.01829528808594,66.5859375,4.921159267425537,0.0033832192420959473,6.858154296875,0.9910842776298523
3252,4.065000030095689e-05,0.14537914097309113,61.34992218017578,48.6208610534668,84.01829528808594,66.5859375,7.219394207000732,0.0028848350048065186,7.3082275390625,0.9910843372344971
3253,4.066250039613806e-05,0.1616727113723755,55.31179428100586,43.83554458618164,84.01829528808594,66.5859375,7.487588882446289,0.004117041826248169,6.71337890625,0.9910848140716553
3254,4.0675000491319224e-05,0.16520385444164276,59.65669631958008,47.278953552246094,84.01829528808594,66.5859375,5.245832920074463,0.003194570541381836,7.015380859375,0.9910849928855896
3255,4.068750058650039e-05,0.1299709528684616,41.081382751464844,32.55769729614258,84.01829528808594,66.5859375,4.9973859786987305,0.004598259925842285,6.97314453125,0.9910849928855896
3256,4.070000068168156e-05,0.15915966033935547,10.65926456451416,8.447649002075195,84.01829528808594,66.5859375,5.00188684463501,0.004010438919067383,6.897216796875,0.9910851120948792
3257,4.0712500776862726e-05,0.14975428581237793,3.6642534732818604,2.9039835929870605,84.01829528808594,66.5859375,6.709761619567871,0.004483580589294434,6.651611328125,0.9910852313041687
3258,4.072500087204389e-05,0.1945137232542038,11.02515983581543,8.737627029418945,84.01829528808594,66.5859375,6.2531962394714355,0.0039768218994140625,6.6180419921875,0.9910852909088135
3259,4.073750096722506e-05,0.16074420511722565,11.61784839630127,9.207343101501465,84.01829528808594,66.5859375,7.075606346130371,0.00445672869682312,6.8541259765625,0.9910858273506165
3260,4.075000106240623e-05,0.15066123008728027,48.705604553222656,38.60002517700195,84.01829528808594,66.5859375,7.0621466636657715,0.002400040626525879,6.4932861328125,0.991085946559906
3261,4.0762501157587394e-05,0.17126379907131195,49.2281494140625,39.01415252685547,84.01829528808594,66.5859375,7.530094623565674,0.00390702486038208,6.75146484375,0.9910879135131836
3262,4.077500125276856e-05,0.16411924362182617,41.55584716796875,32.933719635009766,84.01829528808594,66.5859375,7.154473304748535,0.0037695765495300293,6.8048095703125,0.9910879731178284
3263,4.078750134794973e-05,0.15112678706645966,39.78165817260742,31.527645111083984,84.01829528808594,66.5859375,7.636430263519287,0.0029309093952178955,6.8795166015625,0.9910881519317627
3264,4.0800001443130895e-05,0.1695447564125061,53.04391860961914,42.038211822509766,84.01829528808594,66.5859375,7.1124138832092285,0.0034159421920776367,7.0999755859375,0.9910886287689209
3265,4.081250153831206e-05,0.1601938158273697,3.7210347652435303,2.948983669281006,84.01829528808594,66.5859375,6.105555057525635,0.003885984420776367,7.0142822265625,0.9910886883735657
3266,4.082500163349323e-05,0.16207757592201233,48.79964828491211,38.67455291748047,84.01829528808594,66.5859375,7.277656555175781,0.00552096962928772,6.7742919921875,0.9910888075828552
3267,4.08375017286744e-05,0.15135981142520905,51.09641647338867,40.494781494140625,84.01829528808594,66.5859375,6.832797527313232,0.0028356313705444336,6.8857421875,0.9910889267921448
3268,4.084999818587676e-05,0.14241670072078705,37.88676834106445,30.025909423828125,84.01829528808594,66.5859375,7.660012722015381,0.003782331943511963,7.22314453125,0.9910889267921448
3269,4.0862498281057924e-05,0.16662198305130005,11.706451416015625,9.277563095092773,84.01829528808594,66.5859375,5.97011661529541,0.004732072353363037,6.1292724609375,0.9910891056060791
3270,4.087499837623909e-05,0.154669389128685,1.056828260421753,0.8375544548034668,84.01829528808594,66.5859375,4.893238067626953,0.004287779331207275,6.726318359375,0.9910895824432373
3271,4.088749847142026e-05,0.14162229001522064,18.36161231994629,14.551891326904297,84.01829528808594,66.5859375,5.416330814361572,0.0037543773651123047,6.84130859375,0.9910897612571716
3272,4.0899998566601425e-05,0.17840608954429626,40.56074142456055,32.14508056640625,84.01829528808594,66.5859375,6.6382246017456055,0.003159135580062866,6.6072998046875,0.9910898208618164
3273,4.091249866178259e-05,0.1722080260515213,30.850271224975586,24.44936752319336,84.01829528808594,66.5859375,8.167993545532227,0.005056977272033691,6.9744873046875,0.9910917282104492
3274,4.092499875696376e-05,0.1575753092765808,56.13511657714844,44.488040924072266,84.01829528808594,66.5859375,8.114886283874512,0.0037558376789093018,7.025146484375,0.9910919070243835
3275,4.093749885214493e-05,0.15332885086536407,3.6595616340637207,2.9002652168273926,84.01829528808594,66.5859375,5.89397668838501,0.0042549073696136475,7.1710205078125,0.9910919666290283
3276,4.0949998947326094e-05,0.1565081924200058,39.89189147949219,31.615005493164062,84.01829528808594,66.5859375,6.414785385131836,0.00450509786605835,7.04931640625,0.9910924434661865
3277,4.096249904250726e-05,0.14513973891735077,59.68501663208008,47.301395416259766,84.01829528808594,66.5859375,7.018544673919678,0.004834413528442383,7.1719970703125,0.9910926222801208
3278,4.097499913768843e-05,0.16320964694023132,42.519832611083984,33.69769287109375,84.01829528808594,66.5859375,5.912361145019531,0.004181981086730957,7.2593994140625,0.9910926818847656
3279,4.0987499232869595e-05,0.13367962837219238,10.149383544921875,8.043560028076172,84.01829528808594,66.5859375,7.465651035308838,0.0032671093940734863,6.6829833984375,0.9910927414894104
3280,4.099999932805076e-05,0.172306090593338,48.02902603149414,38.06382369995117,84.01829528808594,66.5859375,7.959914684295654,0.0030582547187805176,6.8551025390625,0.9910929203033447
3281,4.101249942323193e-05,0.1389784812927246,44.272525787353516,35.086734771728516,84.01829528808594,66.5859375,8.315422058105469,0.004806697368621826,7.3900146484375,0.9910933971405029
3282,4.10249995184131e-05,0.15140944719314575,9.883345603942871,7.8327202796936035,84.01829528808594,66.5859375,8.289490699768066,0.004128694534301758,7.0667724609375,0.9910934567451477
3283,4.1037499613594264e-05,0.154441237449646,48.84769821166992,38.71263885498047,84.01829528808594,66.5859375,6.378076076507568,0.006232857704162598,6.6868896484375,0.991093635559082
3284,4.104999970877543e-05,0.15681864321231842,46.666648864746094,36.98411560058594,84.01829528808594,66.5859375,5.167840003967285,0.003794074058532715,6.9420166015625,0.9910955429077148
3285,4.10624998039566e-05,0.14256781339645386,40.8675422668457,32.38822555541992,84.01829528808594,66.5859375,8.277782440185547,0.0038397014141082764,6.953857421875,0.9910956025123596
3286,4.1074999899137765e-05,0.1753115952014923,49.895912170410156,39.54336166381836,84.01829528808594,66.5859375,6.396107196807861,0.004847317934036255,6.9251708984375,0.991095781326294
3287,4.108749999431893e-05,0.14576615393161774,54.86870193481445,43.48438262939453,84.01829528808594,66.5859375,6.291329383850098,0.005577206611633301,6.846923828125,0.9910962581634521
3288,4.11000000895001e-05,0.17755432426929474,1.0375584363937378,0.8222827911376953,84.01829528808594,66.5859375,6.535762786865234,0.005082368850708008,6.3052978515625,0.9910964369773865
3289,4.1112500184681267e-05,0.15586937963962555,11.343456268310547,8.989883422851562,84.01829528808594,66.5859375,7.649861812591553,0.003962278366088867,6.7955322265625,0.9910964369773865
3290,4.1125000279862434e-05,0.16211144626140594,4.317783832550049,3.42191743850708,84.01829528808594,66.5859375,6.1434407234191895,0.002744019031524658,7.19384765625,0.991096556186676
3291,4.11375003750436e-05,0.15936487913131714,23.624284744262695,18.72264862060547,84.01829528808594,66.5859375,5.34356164932251,0.003357827663421631,6.6253662109375,0.991096556186676
3292,4.115000047022477e-05,0.17576847970485687,56.62177276611328,44.873722076416016,84.01829528808594,66.5859375,7.022246837615967,0.0035505294799804688,7.173828125,0.9910967350006104
3293,4.1162500565405935e-05,0.21294453740119934,11.255260467529297,8.919986724853516,84.01829528808594,66.5859375,6.167510509490967,0.004919588565826416,6.6922607421875,0.9910972118377686
3294,4.11750006605871e-05,0.1924847513437271,1.0156478881835938,0.8049182891845703,84.01829528808594,66.5859375,5.513430595397949,0.0046160221099853516,6.6702880859375,0.9910973906517029
3295,4.118750075576827e-05,0.17829343676567078,9.341586112976074,7.403366565704346,84.01829528808594,66.5859375,5.749814987182617,0.00358736515045166,7.0037841796875,0.9910974502563477
3296,4.1200000850949436e-05,0.2164100855588913,44.84822463989258,35.54298400878906,84.01829528808594,66.5859375,6.068376541137695,0.006000697612762451,6.722900390625,0.9910993576049805
3297,4.1212500946130604e-05,0.1692870557308197,3.954752206802368,3.1342086791992188,84.01829528808594,66.5859375,5.626214027404785,0.004038125276565552,6.8658447265625,0.9910995364189148
3298,4.122500104131177e-05,0.15074042975902557,46.32009506225586,36.70946502685547,84.01829528808594,66.5859375,7.071698188781738,0.006095021963119507,6.557373046875,0.9911000728607178
3299,4.123750113649294e-05,0.20593518018722534,0.9385523200035095,0.7438187599182129,84.01829528808594,66.5859375,7.728076457977295,0.0061495304107666016,6.8839111328125,0.9911000728607178
3300,4.1250001231674105e-05,0.15385009348392487,1.0161322355270386,0.8053021430969238,84.01829528808594,66.5859375,4.808596611022949,0.003614574670791626,7.063720703125,0.9911002516746521
3301,4.126250132685527e-05,0.15087592601776123,0.9587758183479309,0.7598462104797363,84.01829528808594,66.5859375,11.427005767822266,0.00311279296875,6.9510498046875,0.9911003112792969
3302,4.127500142203644e-05,0.16629160940647125,9.74851131439209,7.725861549377441,84.01829528808594,66.5859375,6.372757434844971,0.004480421543121338,6.70703125,0.9911003708839417
3303,4.1287501517217606e-05,0.19477403163909912,47.20854187011719,37.413578033447266,84.01829528808594,66.5859375,5.91035795211792,0.0030891895294189453,6.8861083984375,0.991100549697876
3304,4.1300001612398773e-05,0.15124911069869995,52.41354751586914,41.53863525390625,84.01829528808594,66.5859375,6.9891276359558105,0.005221039056777954,6.9515380859375,0.9911010265350342
3305,4.131250170757994e-05,0.16349025070667267,11.518564224243164,9.128658294677734,84.01829528808594,66.5859375,6.650418758392334,0.0035182833671569824,6.6749267578125,0.991101086139679
3306,4.132500180276111e-05,0.18254424631595612,4.3040771484375,3.4110546112060547,84.01829528808594,66.5859375,6.759947299957275,0.003808259963989258,6.6009521484375,0.9911012649536133
3307,4.133749825996347e-05,0.1418781578540802,55.643592834472656,44.09849548339844,84.01829528808594,66.5859375,7.155640125274658,0.005131423473358154,7.1785888671875,0.9911031723022461
3308,4.1349998355144635e-05,0.17048995196819305,11.031087875366211,8.742325782775879,84.01829528808594,66.5859375,7.319687843322754,0.004379153251647949,6.950439453125,0.9911032319068909
3309,4.13624984503258e-05,0.15339499711990356,53.21879577636719,42.17680358886719,84.01829528808594,66.5859375,8.669048309326172,0.0033094286918640137,6.8289794921875,0.9911034107208252
3310,4.137499854550697e-05,0.1543966680765152,11.717368125915527,9.286214828491211,84.01829528808594,66.5859375,7.369555950164795,0.003221750259399414,6.947998046875,0.9911038875579834
3311,4.1387498640688136e-05,0.15177017450332642,31.563695907592773,25.014768600463867,84.01829528808594,66.5859375,6.656152725219727,0.0041228532791137695,6.83154296875,0.9911040663719177
3312,4.13999987358693e-05,0.14681695401668549,36.60871887207031,29.01303482055664,84.01829528808594,66.5859375,6.54041862487793,0.007000565528869629,7.32177734375,0.9911040663719177
3313,4.141249883105047e-05,0.1654430627822876,54.835693359375,43.45822525024414,84.01829528808594,66.5859375,7.868622303009033,0.005513608455657959,6.711181640625,0.9911041855812073
3314,4.142499892623164e-05,0.1360287219285965,50.789703369140625,40.251708984375,84.01829528808594,66.5859375,6.140856742858887,0.0032162070274353027,7.0023193359375,0.9911043047904968
3315,4.1437499021412805e-05,0.1489151418209076,3.916043519973755,3.1035313606262207,84.01829528808594,66.5859375,5.082522869110107,0.0025800764560699463,6.998046875,0.9911043643951416
3316,4.144999911659397e-05,0.1431199163198471,19.0812931060791,15.122251510620117,84.01829528808594,66.5859375,5.642901420593262,0.004612743854522705,6.8841552734375,0.9911048412322998
3317,4.146249921177514e-05,0.1393081098794937,8.612913131713867,6.825880527496338,84.01829528808594,66.5859375,5.563734531402588,0.0035465359687805176,6.6868896484375,0.9911050200462341
3318,4.1474999306956306e-05,0.16224557161331177,1.0038334131240845,0.7955551147460938,84.01829528808594,66.5859375,7.029625415802002,0.0030275583267211914,6.613525390625,0.9911050796508789
3319,4.148749940213747e-05,0.15816614031791687,50.85820007324219,40.305992126464844,84.01829528808594,66.5859375,6.050729751586914,0.0034473538398742676,6.8642578125,0.9911070466041565
3320,4.149999949731864e-05,0.16624988615512848,44.53110122680664,35.29166030883789,84.01829528808594,66.5859375,6.190182209014893,0.004257142543792725,6.4808349609375,0.991107165813446
3321,4.151249959249981e-05,0.1570754498243332,50.93660354614258,40.36812973022461,84.01829528808594,66.5859375,5.638225078582764,0.0043084025382995605,6.685791015625,0.991107702255249
3322,4.1524999687680975e-05,0.14472971856594086,53.39337158203125,42.31515884399414,84.01829528808594,66.5859375,7.398472309112549,0.003461778163909912,6.765625,0.9911077618598938
3323,4.153749978286214e-05,0.14271561801433563,62.245941162109375,49.330970764160156,84.01829528808594,66.5859375,6.33915376663208,0.004240810871124268,6.88671875,0.9911078810691833
3324,4.154999987804331e-05,0.14992058277130127,46.41361999511719,36.78358840942383,84.01829528808594,66.5859375,8.320261001586914,0.0031398534774780273,7.0802001953125,0.9911080002784729
3325,4.1562499973224476e-05,0.14700362086296082,37.54996871948242,29.758991241455078,84.01829528808594,66.5859375,7.458590984344482,0.004314124584197998,7.13720703125,0.9911080002784729
3326,4.157500006840564e-05,0.16485457122325897,41.73893737792969,33.078819274902344,84.01829528808594,66.5859375,4.717471599578857,0.005814552307128906,6.7437744140625,0.9911081790924072
3327,4.158750016358681e-05,0.1720818728208542,61.37995910644531,48.64466857910156,84.01829528808594,66.5859375,6.834568023681641,0.004235118627548218,6.87158203125,0.9911086559295654
3328,4.160000025876798e-05,0.17101190984249115,51.09678268432617,40.49507141113281,84.01829528808594,66.5859375,6.494251251220703,0.0027458667755126953,7.2264404296875,0.9911087155342102
3329,4.1612500353949144e-05,0.17777207493782043,44.403038024902344,35.19016647338867,84.01829528808594,66.5859375,6.303499221801758,0.005421429872512817,6.058837890625,0.9911088943481445
3330,4.162500044913031e-05,0.20846441388130188,56.405906677246094,44.70264434814453,84.01829528808594,66.5859375,5.9399495124816895,0.0033669471740722656,6.8116455078125,0.9911108016967773
3331,4.163750054431148e-05,0.15696237981319427,49.09916305541992,38.91192626953125,84.01829528808594,66.5859375,8.41170597076416,0.004592210054397583,6.8480224609375,0.9911108613014221
3332,4.1650000639492646e-05,0.1620142161846161,43.83657455444336,34.741233825683594,84.01829528808594,66.5859375,6.254635334014893,0.004894167184829712,6.598876953125,0.9911110401153564
3333,4.166250073467381e-05,0.23074541985988617,45.865821838378906,36.34944534301758,84.01829528808594,66.5859375,6.938421726226807,0.00405353307723999,6.919189453125,0.9911115169525146
3334,4.167500082985498e-05,0.16350556910037994,4.214789390563965,3.340292453765869,84.01829528808594,66.5859375,7.3618645668029785,0.004091799259185791,6.965576171875,0.991111695766449
3335,4.168750092503615e-05,0.17797128856182098,10.297574043273926,8.161003112792969,84.01829528808594,66.5859375,6.98629093170166,0.004174232482910156,7.161865234375,0.991111695766449
3336,4.1700001020217314e-05,0.18936458230018616,57.91085433959961,45.89533996582031,84.01829528808594,66.5859375,6.598770618438721,0.0040618181228637695,7.0069580078125,0.9911118149757385
3337,4.171250111539848e-05,0.1625160574913025,9.632126808166504,7.633625030517578,84.01829528808594,66.5859375,6.124724864959717,0.0034620165824890137,7.1654052734375,0.9911119341850281
3338,4.172500121057965e-05,0.17092642188072205,22.838830947875977,18.10016441345215,84.01829528808594,66.5859375,6.456986904144287,0.0028297007083892822,7.2015380859375,0.9911119937896729
3339,4.1737501305760816e-05,0.18018263578414917,29.762737274169922,23.587478637695312,84.01829528808594,66.5859375,5.453586578369141,0.001972705125808716,6.74462890625,0.9911125302314758
3340,4.175000140094198e-05,0.228619784116745,45.739097595214844,36.24901580810547,84.01829528808594,66.5859375,8.413558006286621,0.00431978702545166,6.86865234375,0.9911126494407654
3341,4.176250149612315e-05,0.17107053101062775,25.382747650146484,20.116260528564453,84.01829528808594,66.5859375,6.527340888977051,0.003750622272491455,7.34326171875,0.9911127090454102
3342,4.177500159130432e-05,0.17241621017456055,33.948883056640625,26.905071258544922,84.01829528808594,66.5859375,7.1032867431640625,0.002174586057662964,7.1270751953125,0.9911146759986877
3343,4.1787501686485484e-05,0.1694629192352295,57.49272537231445,45.563968658447266,84.01829528808594,66.5859375,7.600193500518799,0.003910362720489502,6.6429443359375,0.9911147952079773
3344,4.180000178166665e-05,0.1472075879573822,45.96110153198242,36.424957275390625,84.01829528808594,66.5859375,8.00601863861084,0.0032807588577270508,6.861328125,0.9911153316497803
3345,4.181249823886901e-05,0.1821202039718628,0.9408958554267883,0.7456760406494141,84.01829528808594,66.5859375,6.772851943969727,0.0026133060455322266,6.9627685546875,0.991115391254425
3346,4.182499833405018e-05,0.16229772567749023,9.957268714904785,7.891305446624756,84.01829528808594,66.5859375,5.695307731628418,0.0035186409950256348,6.9666748046875,0.9911155104637146
3347,4.1837498429231346e-05,0.16211633384227753,3.9596478939056396,3.1380887031555176,84.01829528808594,66.5859375,7.47475004196167,0.002695441246032715,6.8023681640625,0.9911156296730042
3348,4.184999852441251e-05,0.17797566950321198,0.9078801870346069,0.719510555267334,84.01829528808594,66.5859375,6.007646083831787,0.0032032132148742676,6.3951416015625,0.9911156296730042
3349,4.186249861959368e-05,0.15330712497234344,22.606660842895508,17.91616439819336,84.01829528808594,66.5859375,6.567762851715088,0.003370821475982666,6.802490234375,0.9911158084869385
3350,4.187499871477485e-05,0.1983921378850937,61.21590042114258,48.5146484375,84.01829528808594,66.5859375,5.930856704711914,0.0018944740295410156,7.22900390625,0.9911162853240967
3351,4.1887498809956014e-05,0.14157606661319733,57.473236083984375,45.548519134521484,84.01829528808594,66.5859375,8.270683288574219,0.005411505699157715,6.64404296875,0.991116464138031
3352,4.189999890513718e-05,0.1823720484972,56.190311431884766,44.53178024291992,84.01829528808594,66.5859375,7.146560192108154,0.002492368221282959,7.0631103515625,0.9911165237426758
3353,4.191249900031835e-05,0.13958978652954102,51.27537536621094,40.63661193847656,84.01829528808594,66.5859375,7.882357120513916,0.0027061104774475098,6.701171875,0.9911184310913086
3354,4.1924999095499516e-05,0.16915124654769897,20.670780181884766,16.381946563720703,84.01829528808594,66.5859375,6.253342628479004,0.003050863742828369,6.701416015625,0.9911186099052429
3355,4.193749919068068e-05,0.1811191737651825,21.59847068786621,17.117156982421875,84.01829528808594,66.5859375,6.910821437835693,0.0038677453994750977,7.055908203125,0.9911186695098877
3356,4.194999928586185e-05,0.1520097255706787,50.39963150024414,39.94256591796875,84.01829528808594,66.5859375,5.749208927154541,0.00495263934135437,6.699951171875,0.9911191463470459
3357,4.196249938104302e-05,0.17736712098121643,49.68633270263672,39.37726974487305,84.01829528808594,66.5859375,9.455535888671875,0.0038455724716186523,6.9013671875,0.9911193251609802
3358,4.1974999476224184e-05,0.14479973912239075,42.606807708740234,33.766624450683594,84.01829528808594,66.5859375,7.062117099761963,0.005489259958267212,6.515869140625,0.9911193251609802
3359,4.198749957140535e-05,0.1669885218143463,54.26374435424805,43.00494384765625,84.01829528808594,66.5859375,7.665587425231934,0.004401087760925293,6.884521484375,0.9911194443702698
3360,4.199999966658652e-05,0.13860070705413818,46.94963455200195,37.20838928222656,84.01829528808594,66.5859375,7.269746780395508,0.004091501235961914,7.1705322265625,0.9911195635795593
3361,4.2012499761767685e-05,0.14026933908462524,0.9882187247276306,0.7831802368164062,84.01829528808594,66.5859375,14.522001266479492,0.00222662091255188,7.0469970703125,0.9911196231842041
3362,4.202499985694885e-05,0.1452910453081131,54.34281921386719,43.06761169433594,84.01829528808594,66.5859375,5.877708911895752,0.004418671131134033,6.762939453125,0.9911201596260071
3363,4.203749995213002e-05,0.16216346621513367,70.94127655029297,56.222171783447266,85.31214141845703,67.611328125,7.031817436218262,0.00500759482383728,6.802734375,0.9911202788352966
3364,4.205000004731119e-05,0.14781512320041656,10.215576171875,8.09601879119873,85.31214141845703,67.611328125,4.966068744659424,0.0033426284790039062,6.907470703125,0.9911222457885742
3365,4.2062500142492354e-05,0.14108528196811676,20.785049438476562,16.47250747680664,85.31214141845703,67.611328125,7.282013893127441,0.0034509599208831787,6.7388916015625,0.991122305393219
3366,4.207500023767352e-05,0.14581196010112762,51.00946044921875,40.42586898803711,85.31214141845703,67.611328125,6.845461368560791,0.003697007894515991,6.5872802734375,0.9911224842071533
3367,4.208750033285469e-05,0.14239373803138733,54.959449768066406,43.55630111694336,85.31214141845703,67.611328125,7.063848972320557,0.0034235119819641113,7.111572265625,0.9911229610443115
3368,4.2100000428035855e-05,0.13548439741134644,22.592283248901367,17.904769897460938,85.31214141845703,67.611328125,6.63976526260376,0.0035788118839263916,6.9833984375,0.9911230206489563
3369,4.211250052321702e-05,0.14005455374717712,47.74309158325195,37.837215423583984,85.31214141845703,67.611328125,5.689260005950928,0.004742860794067383,6.8153076171875,0.9911231398582458
3370,4.212500061839819e-05,0.17811203002929688,55.83292770385742,44.24855041503906,85.31214141845703,67.611328125,7.673623085021973,0.0033311545848846436,6.9937744140625,0.9911232590675354
3371,4.213750071357936e-05,0.18386058509349823,40.53022384643555,32.12089538574219,85.31214141845703,67.611328125,6.970599174499512,0.004399806261062622,6.8203125,0.9911232590675354
3372,4.2150000808760524e-05,0.21416865289211273,39.658111572265625,31.429731369018555,85.31214141845703,67.611328125,6.746056079864502,0.006887376308441162,7.3302001953125,0.9911234378814697
3373,4.216250090394169e-05,0.1635414958000183,51.49858856201172,40.813514709472656,85.31214141845703,67.611328125,5.494721412658691,0.004305422306060791,6.723388671875,0.9911239147186279
3374,4.217500099912286e-05,0.18069688975811005,49.738861083984375,39.41889953613281,85.31214141845703,67.611328125,6.87178897857666,0.003535538911819458,6.990478515625,0.9911240935325623
3375,4.2187501094304025e-05,0.18015676736831665,51.11805725097656,40.511932373046875,85.31214141845703,67.611328125,7.050085067749023,0.0023175477981567383,7.0701904296875,0.991124153137207
3376,4.220000118948519e-05,0.15904709696769714,60.912574768066406,48.27425765991211,85.31214141845703,67.611328125,6.95290994644165,0.0032714903354644775,6.9029541015625,0.9911260604858398
3377,4.221250128466636e-05,0.19400016963481903,36.91752624511719,29.257770538330078,85.31214141845703,67.611328125,7.1528449058532715,0.003990471363067627,6.7086181640625,0.9911262392997742
3378,4.2225001379847527e-05,0.15014563500881195,3.823819398880005,3.030442237854004,85.31214141845703,67.611328125,5.965157985687256,0.002833545207977295,6.6767578125,0.991126298904419
3379,4.2237501475028694e-05,0.17216083407402039,43.32695388793945,34.33735275268555,85.31214141845703,67.611328125,6.580223083496094,0.0035203099250793457,6.8233642578125,0.9911267757415771
3380,4.225000157020986e-05,0.16980813443660736,56.4659309387207,44.750213623046875,85.31214141845703,67.611328125,8.141897201538086,0.004801750183105469,6.517822265625,0.9911269545555115
3381,4.226250166539103e-05,0.17040416598320007,11.190730094909668,8.868844985961914,85.31214141845703,67.611328125,6.596022129058838,0.004444122314453125,6.64453125,0.9911270141601562
3382,4.2275001760572195e-05,0.15970486402511597,0.9381690621376038,0.7435150146484375,85.31214141845703,67.611328125,5.9065046310424805,0.004942804574966431,6.805419921875,0.991127073764801
3383,4.2287498217774555e-05,0.21335192024707794,35.89731216430664,28.449234008789062,85.31214141845703,67.611328125,5.551992893218994,0.0038250982761383057,6.8955078125,0.9911272525787354
3384,4.229999831295572e-05,0.14303706586360931,0.9739723205566406,0.7718896865844727,85.31214141845703,67.611328125,6.2068023681640625,0.005460381507873535,7.0269775390625,0.9911277294158936
3385,4.231249840813689e-05,0.15630295872688293,36.435359954833984,28.87564468383789,85.31214141845703,67.611328125,6.798033237457275,0.006815433502197266,7.0438232421875,0.9911277890205383
3386,4.2324998503318056e-05,0.1604686975479126,34.87717056274414,27.6407527923584,85.31214141845703,67.611328125,5.768877983093262,0.0034360885620117188,6.74658203125,0.9911279678344727
3387,4.2337498598499224e-05,0.1405254453420639,42.7452278137207,33.87632369995117,85.31214141845703,67.611328125,6.157904624938965,0.004268169403076172,6.741943359375,0.9911298751831055
3388,4.234999869368039e-05,0.16012418270111084,52.49436569213867,41.602684020996094,85.31214141845703,67.611328125,7.5954813957214355,0.006322592496871948,7.1998291015625,0.9911299347877502
3389,4.236249878886156e-05,0.18859665095806122,4.082196235656738,3.235210418701172,85.31214141845703,67.611328125,5.500072479248047,0.00515669584274292,6.0067138671875,0.9911301136016846
3390,4.2374998884042725e-05,0.16149337589740753,9.736997604370117,7.716736793518066,85.31214141845703,67.611328125,5.9335737228393555,0.004688680171966553,6.7928466796875,0.9911305904388428
3391,4.238749897922389e-05,0.1733206957578659,57.09709548950195,45.250423431396484,85.31214141845703,67.611328125,8.610538482666016,0.004835307598114014,6.86572265625,0.9911307692527771
3392,4.239999907440506e-05,0.18194825947284698,21.937707901000977,17.38600730895996,85.31214141845703,67.611328125,7.431417942047119,0.007128000259399414,6.588623046875,0.9911307692527771
3393,4.2412499169586226e-05,0.18719801306724548,21.836015701293945,17.305416107177734,85.31214141845703,67.611328125,6.086395263671875,0.0038627982139587402,6.8939208984375,0.9911308884620667
3394,4.2424999264767393e-05,0.1399342268705368,47.124141693115234,37.34668731689453,85.31214141845703,67.611328125,6.886355876922607,0.003785043954849243,6.9835205078125,0.9911308884620667
3395,4.243749935994856e-05,0.16349630057811737,42.571266174316406,33.73845672607422,85.31214141845703,67.611328125,5.836992263793945,0.004898726940155029,7.2347412109375,0.991131067276001
3396,4.244999945512973e-05,0.1983439028263092,11.368613243103027,9.009820938110352,85.31214141845703,67.611328125,5.724160671234131,0.005316197872161865,6.987060546875,0.9911315441131592
3397,4.2462499550310895e-05,0.1493818610906601,30.428604125976562,24.115188598632812,85.31214141845703,67.611328125,7.696225643157959,0.004005372524261475,7.2496337890625,0.9911317229270935
3398,4.247499964549206e-05,0.18403436243534088,35.46342468261719,28.105369567871094,85.31214141845703,67.611328125,6.89028263092041,0.003905177116394043,7.2354736328125,0.9911317825317383
3399,4.248749974067323e-05,0.1484484225511551,48.434814453125,38.38541793823242,85.31214141845703,67.611328125,6.478172779083252,0.002609759569168091,6.7283935546875,0.9911336898803711
3400,4.2499999835854396e-05,0.16751492023468018,1.053325891494751,0.8347787857055664,85.31214141845703,67.611328125,5.989543914794922,0.004241675138473511,6.7318115234375,0.9911338686943054
3401,4.251249993103556e-05,0.1855519860982895,0.9031407833099365,0.715754508972168,85.31214141845703,67.611328125,5.724465847015381,0.0025964975357055664,7.4029541015625,0.9911344051361084
3402,4.252500002621673e-05,0.1522618681192398,24.618375778198242,19.510482788085938,85.31214141845703,67.611328125,6.67335319519043,0.0026143789291381836,7.00146484375,0.9911344051361084
3403,4.25375001213979e-05,0.16229398548603058,41.479881286621094,32.87351608276367,85.31214141845703,67.611328125,7.761138916015625,0.0034660696983337402,6.67822265625,0.9911345839500427
3404,4.2550000216579065e-05,0.1661236733198166,10.998952865600586,8.71685791015625,85.31214141845703,67.611328125,6.781757354736328,0.005324423313140869,6.818115234375,0.9911346435546875
3405,4.256250031176023e-05,0.1356818675994873,10.940568923950195,8.670587539672852,85.31214141845703,67.611328125,7.194291114807129,0.003291010856628418,7.053955078125,0.9911347031593323
3406,4.25750004069414e-05,0.15836237370967865,50.94213104248047,40.37250900268555,85.31214141845703,67.611328125,6.970393180847168,0.0070359110832214355,6.85498046875,0.9911348819732666
3407,4.2587500502122566e-05,0.14859247207641602,56.141334533691406,44.49296569824219,85.31214141845703,67.611328125,5.687051773071289,0.0036118030548095703,6.8687744140625,0.9911353588104248
3408,4.260000059730373e-05,0.151632621884346,51.12429428100586,40.516876220703125,85.31214141845703,67.611328125,8.122929573059082,0.005331754684448242,6.498046875,0.9911354184150696
3409,4.26125006924849e-05,0.16164708137512207,65.40692901611328,51.83610916137695,85.31214141845703,67.611328125,5.975927352905273,0.005747616291046143,6.8310546875,0.9911355972290039
3410,4.262500078766607e-05,0.1613837331533432,11.152974128723145,8.838922500610352,85.31214141845703,67.611328125,6.530876159667969,0.003244936466217041,7.18701171875,0.9911375045776367
3411,4.2637500882847235e-05,0.1427096426486969,41.35784912109375,32.77680206298828,85.31214141845703,67.611328125,7.430449962615967,0.005302906036376953,6.6552734375,0.9911375641822815
3412,4.26500009780284e-05,0.14296500384807587,49.52706527709961,39.25104522705078,85.31214141845703,67.611328125,6.430386066436768,0.0034711062908172607,7.05419921875,0.9911377429962158
3413,4.266250107320957e-05,0.14104996621608734,53.873939514160156,42.696014404296875,85.31214141845703,67.611328125,4.764616012573242,0.003648906946182251,6.6512451171875,0.991138219833374
3414,4.2675001168390736e-05,0.1415839046239853,4.305773735046387,3.4123992919921875,85.31214141845703,67.611328125,7.0274481773376465,0.0038143396377563477,6.6507568359375,0.9911383986473083
3415,4.26875012635719e-05,0.15080831944942474,60.9305534362793,48.28850555419922,85.31214141845703,67.611328125,5.847774982452393,0.0035197436809539795,7.0029296875,0.9911383986473083
3416,4.270000135875307e-05,0.1502406746149063,54.83952331542969,43.46125793457031,85.31214141845703,67.611328125,9.068897247314453,0.003567427396774292,6.65234375,0.9911385178565979
3417,4.271250145393424e-05,0.15046751499176025,48.660545349121094,38.56431579589844,85.31214141845703,67.611328125,6.976412773132324,0.003011643886566162,6.9564208984375,0.9911386370658875
3418,4.2725001549115404e-05,0.1881735771894455,58.181800842285156,46.110069274902344,85.31214141845703,67.611328125,5.568302631378174,0.0037185847759246826,6.4637451171875,0.9911386966705322
3419,4.273750164429657e-05,0.1800038069486618,48.34230422973633,38.312103271484375,85.31214141845703,67.611328125,7.239517688751221,0.004060029983520508,6.8673095703125,0.9911391735076904
3420,4.275000173947774e-05,0.12789270281791687,46.24102020263672,36.64679718017578,85.31214141845703,67.611328125,7.097244739532471,0.005260050296783447,7.100341796875,0.9911393523216248
3421,4.27624981966801e-05,0.18471305072307587,49.29044723510742,39.06352233886719,85.31214141845703,67.611328125,12.817060470581055,0.0035178065299987793,7.08154296875,0.9911394119262695
3422,4.2774998291861266e-05,0.1776273399591446,54.685508728027344,43.339202880859375,85.31214141845703,67.611328125,6.385489463806152,0.0032892823219299316,6.76220703125,0.9911413788795471
3423,4.278749838704243e-05,0.16529199481010437,1.0274124145507812,0.814241886138916,85.31214141845703,67.611328125,7.321088790893555,0.004274845123291016,6.8189697265625,0.9911414980888367
3424,4.27999984822236e-05,0.20070205628871918,52.8560676574707,41.88933563232422,85.31214141845703,67.611328125,6.786673545837402,0.0051766037940979,6.8609619140625,0.9911420345306396
3425,4.281249857740477e-05,0.16972139477729797,9.46838092803955,7.503853797912598,85.31214141845703,67.611328125,6.271352291107178,0.004015684127807617,6.7523193359375,0.9911420941352844
3426,4.2824998672585934e-05,0.18187980353832245,16.88102149963379,13.378498077392578,85.31214141845703,67.611328125,6.147521018981934,0.005012005567550659,6.530517578125,0.991142213344574
3427,4.28374987677671e-05,0.19474093616008759,0.9736335277557373,0.7716212272644043,85.31214141845703,67.611328125,6.011707305908203,0.003169834613800049,7.1396484375,0.9911423325538635
3428,4.284999886294827e-05,0.16187888383865356,36.082679748535156,28.596141815185547,85.31214141845703,67.611328125,6.4122514724731445,0.003685683012008667,6.9825439453125,0.9911423325538635
3429,4.2862498958129436e-05,0.1697845309972763,4.071568489074707,3.226787567138672,85.31214141845703,67.611328125,5.4620161056518555,0.0034301280975341797,6.8271484375,0.9911425113677979
3430,4.28749990533106e-05,0.16258832812309265,43.36882400512695,34.37053298950195,85.31214141845703,67.611328125,7.393255233764648,0.005458176136016846,7.0125732421875,0.991142988204956
3431,4.288749914849177e-05,0.15282714366912842,46.388153076171875,36.763404846191406,85.31214141845703,67.611328125,6.398087978363037,0.003650099039077759,6.71533203125,0.9911430478096008
3432,4.289999924367294e-05,0.1495991349220276,47.13964080810547,37.358970642089844,85.31214141845703,67.611328125,5.577549934387207,0.003865361213684082,7.221435546875,0.9911432266235352
3433,4.2912499338854104e-05,0.20022006332874298,50.100223541259766,39.705284118652344,85.31214141845703,67.611328125,7.239460468292236,0.002870023250579834,6.684326171875,0.991145133972168
3434,4.292499943403527e-05,0.14541007578372955,52.93540573120117,41.952213287353516,85.31214141845703,67.611328125,8.262604713439941,0.004226505756378174,6.9412841796875,0.9911451935768127
3435,4.293749952921644e-05,0.13974416255950928,0.9176616072654724,0.7272624969482422,85.31214141845703,67.611328125,6.125572681427002,0.004267483949661255,7.066162109375,0.9911453723907471
3436,4.2949999624397606e-05,0.15238504111766815,10.477087020874023,8.30327033996582,85.31214141845703,67.611328125,5.313300132751465,0.004063934087753296,6.9232177734375,0.9911458492279053
3437,4.296249971957877e-05,0.15987947583198547,3.697704792022705,2.9304943084716797,85.31214141845703,67.611328125,6.71329402923584,0.004451453685760498,6.738037109375,0.9911460280418396
3438,4.297499981475994e-05,0.14752516150474548,0.9882379770278931,0.7831954956054688,85.31214141845703,67.611328125,6.547745704650879,0.00356099009513855,6.7733154296875,0.9911460280418396
3439,4.298749990994111e-05,0.13940748572349548,34.56129837036133,27.390419006347656,85.31214141845703,67.611328125,6.011234760284424,0.003935575485229492,6.8028564453125,0.9911461472511292
3440,4.3000000005122274e-05,0.1660054326057434,45.20854568481445,35.82854461669922,85.31214141845703,67.611328125,4.939294338226318,0.006772816181182861,6.465576171875,0.9911462664604187
3441,4.301250010030344e-05,0.16120994091033936,1.0263378620147705,0.8133902549743652,85.31214141845703,67.611328125,6.487993240356445,0.0037621259689331055,6.7132568359375,0.9911463260650635
3442,4.302500019548461e-05,0.15119564533233643,10.327432632446289,8.184666633605957,85.31214141845703,67.611328125,5.851626396179199,0.0035155415534973145,6.9212646484375,0.9911468625068665
3443,4.3037500290665776e-05,0.15450282394886017,59.29915237426758,46.9955940246582,85.31214141845703,67.611328125,7.3662800788879395,0.003403604030609131,6.841552734375,0.991146981716156
3444,4.305000038584694e-05,0.15918980538845062,61.455894470214844,48.70484924316406,85.31214141845703,67.611328125,7.7899980545043945,0.002329885959625244,7.1435546875,0.9911489486694336
3445,4.306250048102811e-05,0.1333298236131668,40.433868408203125,32.044532775878906,85.31214141845703,67.611328125,6.263458728790283,0.006010651588439941,6.99853515625,0.9911490082740784
3446,4.307500057620928e-05,0.15807998180389404,1.030154824256897,0.8164153099060059,85.31214141845703,67.611328125,6.535325527191162,0.004863083362579346,6.7281494140625,0.9911491274833679
3447,4.3087500671390444e-05,0.13853111863136292,0.9988304376602173,0.7915902137756348,85.31214141845703,67.611328125,6.605483531951904,0.0019617080688476562,6.7401123046875,0.9911496639251709
3448,4.310000076657161e-05,0.15423645079135895,55.355472564697266,43.87015914916992,85.31214141845703,67.611328125,7.753621578216553,0.003698676824569702,7.1844482421875,0.9911497235298157
3449,4.311250086175278e-05,0.14770913124084473,0.9043050408363342,0.716677188873291,85.31214141845703,67.611328125,5.881105422973633,0.0065711140632629395,6.08203125,0.9911498427391052
3450,4.3125000956933945e-05,0.14582031965255737,34.00101852416992,26.94639015197754,85.31214141845703,67.611328125,6.080657482147217,0.0033648312091827393,6.8179931640625,0.9911499619483948
3451,4.313750105211511e-05,0.14605996012687683,34.43989181518555,27.29420280456543,85.31214141845703,67.611328125,6.563961505889893,0.003750622272491455,6.79248046875,0.9911499619483948
3452,4.315000114729628e-05,0.13956232368946075,21.57517433166504,17.09869384765625,85.31214141845703,67.611328125,6.891143798828125,0.003384232521057129,6.5733642578125,0.9911501407623291
3453,4.316250124247745e-05,0.14137999713420868,40.94358444213867,32.448490142822266,85.31214141845703,67.611328125,7.723414897918701,0.003130614757537842,6.9454345703125,0.9911506175994873
3454,4.3175001337658614e-05,0.14627347886562347,8.824067115783691,6.993224143981934,85.31214141845703,67.611328125,6.527275085449219,0.002790093421936035,7.023193359375,0.9911507964134216
3455,4.318750143283978e-05,0.1477011740207672,43.78626251220703,34.70136260986328,85.31214141845703,67.611328125,5.898532390594482,0.0023263394832611084,7.2469482421875,0.9911508560180664
3456,4.320000152802095e-05,0.13851983845233917,18.747920989990234,14.858047485351562,85.31214141845703,67.611328125,5.417609691619873,0.004322946071624756,7.039306640625,0.9911527633666992
3457,4.3212501623202115e-05,0.14631663262844086,65.57981872558594,51.97312927246094,85.31214141845703,67.611328125,7.349552154541016,0.002389073371887207,7.20751953125,0.9911529421806335
3458,4.322500171838328e-05,0.13909704983234406,53.877140045166016,42.69855499267578,85.31214141845703,67.611328125,6.8259100914001465,0.003729909658432007,7.253173828125,0.9911530017852783
3459,4.323750181356445e-05,0.18801389634609222,54.615142822265625,43.2834358215332,85.31214141845703,67.611328125,8.588863372802734,0.006200432777404785,6.7410888671875,0.9911534786224365
3460,4.324999827076681e-05,0.14916376769542694,9.702850341796875,7.6896748542785645,85.31214141845703,67.611328125,7.128340244293213,0.0026631951332092285,6.792236328125,0.9911536574363708
3461,4.326249836594798e-05,0.14782512187957764,44.302589416503906,35.11056137084961,85.31214141845703,67.611328125,6.343594551086426,0.003589123487472534,7.488525390625,0.9911536574363708
3462,4.3274998461129144e-05,0.15933439135551453,56.3534049987793,44.661033630371094,85.31214141845703,67.611328125,6.732779026031494,0.0030195415019989014,7.0401611328125,0.9911537766456604
3463,4.328749855631031e-05,0.1794089823961258,24.661956787109375,19.54502296447754,85.31214141845703,67.611328125,6.221035003662109,0.005498766899108887,6.68310546875,0.99115389585495
3464,4.329999865149148e-05,0.18435494601726532,4.133164405822754,3.2756032943725586,85.31214141845703,67.611328125,7.102035999298096,0.005491435527801514,6.88720703125,0.9911539554595947
3465,4.3312498746672645e-05,0.18060007691383362,54.718406677246094,43.365272521972656,85.31214141845703,67.611328125,7.948669910430908,0.0041748881340026855,7.098876953125,0.9911544919013977
3466,4.332499884185381e-05,0.1558697670698166,1.0274467468261719,0.8142690658569336,85.31214141845703,67.611328125,7.904466152191162,0.0045005083084106445,6.8004150390625,0.9911546111106873
3467,4.333749893703498e-05,0.16509102284908295,52.754207611083984,41.80860900878906,85.31214141845703,67.611328125,6.745152473449707,0.0024767816066741943,6.867431640625,0.9911565780639648
3468,4.3349999032216147e-05,0.14378812909126282,48.87220001220703,38.7320556640625,85.31214141845703,67.611328125,6.899707317352295,0.00572127103805542,6.4246826171875,0.9911566376686096
3469,4.3362499127397314e-05,0.15275394916534424,45.451847076416016,36.021366119384766,85.31214141845703,67.611328125,7.958657264709473,0.004471272230148315,6.8345947265625,0.991156816482544
3470,4.337499922257848e-05,0.1504957675933838,55.0467414855957,43.62548065185547,85.31214141845703,67.611328125,8.29907512664795,0.0031065046787261963,7.21826171875,0.9911572933197021
3471,4.338749931775965e-05,0.1458098143339157,47.048545837402344,37.28677749633789,85.31214141845703,67.611328125,5.635984420776367,0.004503428936004639,6.538330078125,0.9911573529243469
3472,4.3399999412940815e-05,0.19776713848114014,60.238643646240234,47.74015426635742,85.31214141845703,67.611328125,5.6558074951171875,0.004724413156509399,6.9913330078125,0.9911574721336365
3473,4.341249950812198e-05,0.13768675923347473,1.047415018081665,0.8300943374633789,85.31214141845703,67.611328125,5.694635391235352,0.0053386390209198,6.74462890625,0.991157591342926
3474,4.342499960330315e-05,0.1477823108434677,47.520545959472656,37.66084289550781,85.31214141845703,67.611328125,6.579178333282471,0.003559887409210205,6.65234375,0.991157591342926
3475,4.3437499698484316e-05,0.1538110226392746,9.966480255126953,7.898606300354004,85.31214141845703,67.611328125,5.059513092041016,0.004013717174530029,7.026611328125,0.9911577701568604
3476,4.3449999793665484e-05,0.15119653940200806,0.9047785401344299,0.7170524597167969,85.31214141845703,67.611328125,5.864394187927246,0.0029375851154327393,6.574951171875,0.9911582469940186
3477,4.346249988884665e-05,0.13766264915466309,42.935420989990234,34.02705764770508,85.31214141845703,67.611328125,6.196022987365723,0.0037620067596435547,6.9627685546875,0.9911584258079529
3478,4.347499998402782e-05,0.15756186842918396,0.9847874045372009,0.7804608345031738,85.31214141845703,67.611328125,6.772733211517334,0.00435250997543335,6.374755859375,0.9911584854125977
3479,4.3487500079208985e-05,0.17405977845191956,24.207263946533203,19.184669494628906,85.31214141845703,67.611328125,6.662052154541016,0.004188239574432373,6.881591796875,0.9911603927612305
3480,4.350000017439015e-05,0.1655392050743103,43.775577545166016,34.692893981933594,85.31214141845703,67.611328125,7.61598539352417,0.0035657882690429688,7.161376953125,0.9911605715751648
3481,4.351250026957132e-05,0.1646750420331955,23.425168991088867,18.564847946166992,85.31214141845703,67.611328125,13.063481330871582,0.00326693058013916,7.0997314453125,0.9911606311798096
3482,4.3525000364752486e-05,0.17332325875759125,31.159147262573242,24.694156646728516,85.31214141845703,67.611328125,6.3012800216674805,0.0047304630279541016,6.705322265625,0.9911611080169678
3483,4.3537500459933653e-05,0.18006323277950287,50.92515563964844,40.35905838012695,85.31214141845703,67.611328125,7.482969284057617,0.0034361183643341064,6.9466552734375,0.9911612868309021
3484,4.355000055511482e-05,0.16015416383743286,53.944549560546875,42.751976013183594,85.31214141845703,67.611328125,7.033757209777832,0.007629990577697754,6.8099365234375,0.9911613464355469
3485,4.356250065029599e-05,0.19243170320987701,54.3183479309082,43.0482177734375,85.31214141845703,67.611328125,7.873733997344971,0.003424227237701416,6.7847900390625,0.9911614060401917
3486,4.3575000745477155e-05,0.15170317888259888,35.95275115966797,28.49317169189453,85.31214141845703,67.611328125,6.9186835289001465,0.006229579448699951,6.533447265625,0.991161584854126
3487,4.358750084065832e-05,0.15304481983184814,40.35987854003906,31.98589324951172,85.31214141845703,67.611328125,7.224845886230469,0.0031352639198303223,7.13134765625,0.9911620616912842
3488,4.360000093583949e-05,0.14741992950439453,49.02314376831055,38.85167694091797,85.31214141845703,67.611328125,8.534673690795898,0.007215619087219238,6.91650390625,0.991162121295929
3489,4.3612501031020656e-05,0.16003718972206116,0.9954869747161865,0.7889404296875,85.31214141845703,67.611328125,6.743049144744873,0.004110991954803467,6.91455078125,0.9911623001098633
3490,4.362500112620182e-05,0.13702906668186188,44.98373794555664,35.65038299560547,85.31214141845703,67.611328125,7.178285121917725,0.005826056003570557,7.0137939453125,0.9911642074584961
3491,4.363750122138299e-05,0.13954925537109375,51.0472297668457,40.45580291748047,85.31214141845703,67.611328125,9.045980453491211,0.002556145191192627,6.6729736328125,0.9911642670631409
3492,4.365000131656416e-05,0.13529382646083832,32.310855865478516,25.60690689086914,85.31214141845703,67.611328125,6.702454090118408,0.003362685441970825,7.1221923828125,0.9911644458770752
3493,4.3662501411745325e-05,0.14024434983730316,44.06392288208008,34.921409606933594,85.31214141845703,67.611328125,5.794582366943359,0.003742516040802002,6.6424560546875,0.9911649227142334
3494,4.367500150692649e-05,0.14841894805431366,27.443029403686523,21.749069213867188,85.31214141845703,67.611328125,7.734297752380371,0.0032445192337036133,6.9156494140625,0.9911651015281677
3495,4.368750160210766e-05,0.14015832543373108,56.54662322998047,44.81416702270508,85.31214141845703,67.611328125,6.004871368408203,0.0059687793254852295,7.1441650390625,0.9911651015281677
3496,4.3700001697288826e-05,0.15242427587509155,45.52376174926758,36.0783576965332,85.31214141845703,67.611328125,6.009689807891846,0.004378825426101685,6.964599609375,0.9911652207374573
3497,4.371250179246999e-05,0.16273756325244904,53.1583366394043,42.12889099121094,85.31214141845703,67.611328125,5.579726696014404,0.0036350786685943604,6.7559814453125,0.9911652207374573
3498,4.372499824967235e-05,0.15632040798664093,4.180438995361328,3.3130693435668945,85.31214141845703,67.611328125,6.584295272827148,0.004327505826950073,6.7880859375,0.9911653995513916
3499,4.373749834485352e-05,0.13804779946804047,47.89143753051758,37.95478057861328,85.31214141845703,67.611328125,6.711503505706787,0.0037709176540374756,6.78466796875,0.9911658763885498
3500,4.374999844003469e-05,0.13674913346767426,0.9462092518806458,0.7498869895935059,85.31214141845703,67.611328125,6.018621444702148,0.002981722354888916,6.443115234375,0.9911660552024841
3501,4.3762498535215855e-05,0.15398061275482178,54.956668853759766,43.554100036621094,85.31214141845703,67.611328125,5.570315837860107,0.0043108463287353516,6.740478515625,0.9911661148071289
3502,4.377499863039702e-05,0.15024270117282867,48.2922248840332,38.27241516113281,85.31214141845703,67.611328125,6.797878265380859,0.0039027929306030273,6.8485107421875,0.9911680221557617
3503,4.378749872557819e-05,0.1774287223815918,46.90018081665039,37.169193267822266,85.31214141845703,67.611328125,7.327447891235352,0.002963423728942871,6.8067626953125,0.991168200969696
3504,4.3799998820759356e-05,0.18963250517845154,9.165504455566406,7.263818740844727,85.31214141845703,67.611328125,6.392050266265869,0.0030891597270965576,7.170654296875,0.991168737411499
3505,4.381249891594052e-05,0.14994363486766815,58.956993103027344,46.72442626953125,85.31214141845703,67.611328125,6.161571979522705,0.002936720848083496,7.0146484375,0.991168737411499
3506,4.382499901112169e-05,0.14874418079853058,49.508567810058594,39.236385345458984,85.31214141845703,67.611328125,7.039468288421631,0.0043601393699646,6.8585205078125,0.9911689162254333
3507,4.383749910630286e-05,0.1810065060853958,49.64713668823242,39.34620666503906,85.31214141845703,67.611328125,5.926849842071533,0.002954244613647461,6.843994140625,0.9911689758300781
3508,4.3849999201484025e-05,0.15289156138896942,1.0169408321380615,0.8059430122375488,85.31214141845703,67.611328125,5.033370018005371,0.00251615047454834,7.181640625,0.9911690354347229
3509,4.386249929666519e-05,0.166656494140625,1.0321626663208008,0.8180065155029297,85.31214141845703,67.611328125,5.959170818328857,0.006271064281463623,6.17626953125,0.9911692142486572
3510,4.387499939184636e-05,0.1679413914680481,50.01072311401367,39.63435363769531,85.31214141845703,67.611328125,4.708362102508545,0.004483938217163086,6.8577880859375,0.9911696910858154
3511,4.3887499487027526e-05,0.18177856504917145,38.65839385986328,30.63743782043457,85.31214141845703,67.611328125,6.1202874183654785,0.004213571548461914,6.8172607421875,0.9911697506904602
3512,4.389999958220869e-05,0.15229478478431702,4.263644695281982,3.3790111541748047,85.31214141845703,67.611328125,6.124575138092041,0.004729181528091431,6.577880859375,0.9911699295043945
3513,4.391249967738986e-05,0.15848319232463837,34.28497314453125,27.17142677307129,85.31214141845703,67.611328125,5.004622936248779,0.004315555095672607,6.910400390625,0.9911718368530273
3514,4.392499977257103e-05,0.18347840011119843,47.180702209472656,37.391510009765625,85.31214141845703,67.611328125,9.156472206115723,0.003720879554748535,7.0616455078125,0.9911718964576721
3515,4.3937499867752194e-05,0.1599755883216858,60.145992279052734,47.666725158691406,85.31214141845703,67.611328125,5.6795430183410645,0.0029900670051574707,7.1756591796875,0.9911720752716064
3516,4.394999996293336e-05,0.16004246473312378,39.396583557128906,31.22246551513672,85.31214141845703,67.611328125,6.4400506019592285,0.0038833022117614746,7.0745849609375,0.9911725521087646
3517,4.396250005811453e-05,0.16860471665859222,52.348167419433594,41.48681640625,85.31214141845703,67.611328125,7.828365325927734,0.004861503839492798,7.1318359375,0.991172730922699
3518,4.3975000153295696e-05,0.1803358942270279,54.143802642822266,42.909889221191406,85.31214141845703,67.611328125,7.086798191070557,0.0040132105350494385,7.1859130859375,0.991172730922699
3519,4.398750024847686e-05,0.158641055226326,3.983103036880493,3.15667724609375,85.31214141845703,67.611328125,6.910213470458984,0.003920078277587891,6.69970703125,0.9911728501319885
3520,4.400000034365803e-05,0.16287939250469208,37.98339080810547,30.102487564086914,85.31214141845703,67.611328125,6.216195583343506,0.0041783154010772705,6.802978515625,0.9911729693412781
3521,4.40125004388392e-05,0.14414598047733307,54.3230094909668,43.05191421508789,85.31214141845703,67.611328125,7.838965892791748,0.0023544132709503174,7.3624267578125,0.9911730289459229
3522,4.4025000534020364e-05,0.1300891637802124,52.84083557128906,41.87726593017578,85.31214141845703,67.611328125,8.342671394348145,0.00427129864692688,6.9412841796875,0.991173505783081
3523,4.403750062920153e-05,0.14731724560260773,4.427419662475586,3.508805751800537,85.31214141845703,67.611328125,6.078701496124268,0.0035230815410614014,6.759033203125,0.9911736845970154
3524,4.40500007243827e-05,0.13698114454746246,10.84453010559082,8.594475746154785,85.31214141845703,67.611328125,5.193905830383301,0.004405379295349121,6.9681396484375,0.9911737442016602
3525,4.4062500819563866e-05,0.14767765998840332,53.53478240966797,42.42723083496094,85.31214141845703,67.611328125,5.160536289215088,0.0032181739807128906,7.0679931640625,0.9911757111549377
3526,4.407500091474503e-05,0.14158818125724792,57.287662506103516,45.401451110839844,85.31214141845703,67.611328125,6.130014896392822,0.003690361976623535,6.906005859375,0.9911758303642273
3527,4.40875010099262e-05,0.1565549373626709,54.54766082763672,43.22995376586914,85.31214141845703,67.611328125,6.349947929382324,0.003688216209411621,6.7689208984375,0.9911763668060303
3528,4.410000110510737e-05,0.15033426880836487,42.91984939575195,34.014713287353516,85.31214141845703,67.611328125,6.3977227210998535,0.005609869956970215,6.3814697265625,0.991176426410675
3529,4.4112501200288534e-05,0.13523411750793457,42.115936279296875,33.37759780883789,85.31214141845703,67.611328125,6.494564056396484,0.004479527473449707,6.86376953125,0.9911765456199646
3530,4.41250012954697e-05,0.16391703486442566,51.688758850097656,40.96422576904297,85.31214141845703,67.611328125,6.702841281890869,0.0023392438888549805,7.255126953125,0.9911766648292542
3531,4.413750139065087e-05,0.15297217667102814,9.399721145629883,7.449439525604248,85.31214141845703,67.611328125,6.276138782501221,0.004578232765197754,6.5653076171875,0.9911766648292542
3532,4.4150001485832036e-05,0.14140237867832184,42.302799224853516,33.525691986083984,85.31214141845703,67.611328125,6.954952716827393,0.0028989315032958984,7.026611328125,0.9911768436431885
3533,4.41625015810132e-05,0.13536788523197174,39.53443145751953,31.33171272277832,85.31214141845703,67.611328125,7.523221969604492,0.0037516653537750244,6.8487548828125,0.9911773204803467
3534,4.417500167619437e-05,0.15075992047786713,45.81377410888672,36.30820083618164,85.31214141845703,67.611328125,7.011758804321289,0.006189972162246704,6.5804443359375,0.9911773800849915
3535,4.418750177137554e-05,0.14942893385887146,30.057416915893555,23.821016311645508,85.31214141845703,67.611328125,7.321084976196289,0.0030338168144226074,7.06884765625,0.9911775588989258
3536,4.41999982285779e-05,0.15191300213336945,9.906292915344238,7.8509063720703125,85.31214141845703,67.611328125,5.983465671539307,0.0031658709049224854,6.58154296875,0.9911794662475586
3537,4.4212498323759064e-05,0.1456146538257599,40.17966079711914,31.843067169189453,85.31214141845703,67.611328125,5.948789119720459,0.006726115942001343,6.9150390625,0.9911795258522034
3538,4.422499841894023e-05,0.1450735330581665,52.39805221557617,41.52635192871094,85.31214141845703,67.611328125,7.174597263336182,0.005451977252960205,6.4669189453125,0.9911797046661377
3539,4.42374985141214e-05,0.1680263876914978,53.4095458984375,42.327980041503906,85.31214141845703,67.611328125,5.998562335968018,0.0030925869941711426,6.952880859375,0.9911801815032959
3540,4.4249998609302565e-05,0.14393585920333862,4.037500858306885,3.1997885704040527,85.31214141845703,67.611328125,5.8886566162109375,0.006615281105041504,7.114501953125,0.9911803603172302
3541,4.426249870448373e-05,0.16150887310504913,23.88556480407715,18.929718017578125,85.31214141845703,67.611328125,13.58349323272705,0.0034156739711761475,7.0960693359375,0.9911803603172302
3542,4.42749987996649e-05,0.16835245490074158,42.130455017089844,33.389102935791016,85.31214141845703,67.611328125,5.161423683166504,0.003354668617248535,6.6898193359375,0.9911804795265198
3543,4.428749889484607e-05,0.13951194286346436,40.96100997924805,32.462303161621094,85.31214141845703,67.611328125,6.918748378753662,0.003086000680923462,6.8302001953125,0.9911805987358093
3544,4.4299998990027234e-05,0.15506505966186523,33.55131149291992,26.58998680114746,85.31214141845703,67.611328125,6.477765083312988,0.003751516342163086,6.783447265625,0.9911806583404541
3545,4.43124990852084e-05,0.16631287336349487,45.32698059082031,35.92240524291992,85.31214141845703,67.611328125,5.1986083984375,0.003975093364715576,6.75634765625,0.9911811947822571
3546,4.432499918038957e-05,0.14048923552036285,45.410789489746094,35.988826751708984,85.31214141845703,67.611328125,6.592161655426025,0.003844618797302246,6.549560546875,0.9911813139915466
3547,4.4337499275570735e-05,0.16460861265659332,33.43414306640625,26.497129440307617,85.31214141845703,67.611328125,7.723363876342773,0.002991020679473877,7.1240234375,0.9911813735961914
3548,4.43499993707519e-05,0.14736390113830566,40.19834899902344,31.857879638671875,85.31214141845703,67.611328125,6.2778849601745605,0.004915118217468262,6.921630859375,0.991183340549469
3549,4.436249946593307e-05,0.1274365484714508,1.0037840604782104,0.7955160140991211,85.31214141845703,67.611328125,7.004561424255371,0.0040779709815979,6.9852294921875,0.9911834597587585
3550,4.437499956111424e-05,0.158677339553833,48.622886657714844,38.53446960449219,85.31214141845703,67.611328125,6.1303229331970215,0.0035598278045654297,6.919677734375,0.9911839962005615
3551,4.4387499656295404e-05,0.13579848408699036,3.9675486087799072,3.144350051879883,85.31214141845703,67.611328125,6.485735893249512,0.0023445487022399902,6.6890869140625,0.9911840558052063
3552,4.439999975147657e-05,0.16622895002365112,66.93360900878906,53.0460319519043,85.31214141845703,67.611328125,5.540983200073242,0.0026875734329223633,7.1080322265625,0.9911841750144958
3553,4.441249984665774e-05,0.162014439702034,4.5365309715271,3.595278263092041,85.31214141845703,67.611328125,6.565937042236328,0.004786044359207153,6.6251220703125,0.9911842942237854
3554,4.4424999941838905e-05,0.13823175430297852,57.05141830444336,45.2142219543457,85.31214141845703,67.611328125,8.27683162689209,0.00347745418548584,6.9168701171875,0.9911842942237854
3555,4.443750003702007e-05,0.19225041568279266,46.34113693237305,36.72614288330078,85.31214141845703,67.611328125,6.164234638214111,0.004539579153060913,7.0621337890625,0.9911844730377197
3556,4.445000013220124e-05,0.14487434923648834,37.555511474609375,29.763383865356445,85.31214141845703,67.611328125,5.959103107452393,0.0037062466144561768,6.84814453125,0.9911849498748779
3557,4.4462500227382407e-05,0.17028845846652985,43.914974212646484,34.803367614746094,85.31214141845703,67.611328125,7.72394323348999,0.005177438259124756,6.7459716796875,0.9911851286888123
3558,4.4475000322563574e-05,0.1659379005432129,55.97052001953125,44.35759353637695,85.31214141845703,67.611328125,6.359810829162598,0.003154665231704712,6.8643798828125,0.991185188293457
3559,4.448750041774474e-05,0.13753320276737213,54.0667610168457,42.84883117675781,85.31214141845703,67.611328125,6.39816951751709,0.004073351621627808,6.770751953125,0.9911870956420898
3560,4.450000051292591e-05,0.15538600087165833,39.99905776977539,31.69993782043457,85.31214141845703,67.611328125,5.891665935516357,0.0033758878707885742,6.5347900390625,0.9911872744560242
3561,4.4512500608107075e-05,0.1425829976797104,46.975135803222656,37.228599548339844,85.31214141845703,67.611328125,5.3585124015808105,0.003238976001739502,6.7095947265625,0.991187334060669
3562,4.452500070328824e-05,0.16557656228542328,53.95363235473633,42.75917434692383,85.31214141845703,67.611328125,6.575124740600586,0.003563225269317627,6.8463134765625,0.9911878108978271
3563,4.453750079846941e-05,0.1309017539024353,54.08643341064453,42.86442184448242,85.31214141845703,67.611328125,6.837180137634277,0.0031279921531677246,6.8529052734375,0.9911879897117615
3564,4.4550000893650576e-05,0.17595797777175903,48.98698425292969,38.823020935058594,85.31214141845703,67.611328125,7.149941444396973,0.004081547260284424,7.1162109375,0.9911879897117615
3565,4.4562500988831744e-05,0.1478055864572525,58.22840118408203,46.147003173828125,85.31214141845703,67.611328125,6.95780611038208,0.0027502775192260742,6.974853515625,0.991188108921051
3566,4.457500108401291e-05,0.14763951301574707,51.322410583496094,40.673885345458984,85.31214141845703,67.611328125,6.724905967712402,0.0033347904682159424,6.773681640625,0.9911882281303406
3567,4.458750117919408e-05,0.1574481576681137,1.0714362859725952,0.8491315841674805,85.31214141845703,67.611328125,6.271473407745361,0.0038756728172302246,6.763427734375,0.9911882877349854
3568,4.4600001274375245e-05,0.14055827260017395,10.006451606750488,7.930283546447754,85.31214141845703,67.611328125,5.417603015899658,0.00200769305229187,7.2755126953125,0.9911888241767883
3569,4.461250136955641e-05,0.16222530603408813,36.418033599853516,28.86191177368164,85.31214141845703,67.611328125,6.540827751159668,0.0053182244300842285,6.296630859375,0.9911889433860779
3570,4.462500146473758e-05,0.15032851696014404,47.79349899291992,37.87716293334961,85.31214141845703,67.611328125,9.156122207641602,0.005825310945510864,6.7509765625,0.9911909103393555
3571,4.4637501559918746e-05,0.14585192501544952,50.39562225341797,39.93939208984375,85.31214141845703,67.611328125,6.358680725097656,0.0033864378929138184,6.8011474609375,0.9911909699440002
3572,4.4650001655099913e-05,0.16280044615268707,43.62278747558594,34.571807861328125,85.31214141845703,67.611328125,7.349815368652344,0.002813667058944702,6.69580078125,0.9911911487579346
3573,4.466250175028108e-05,0.14692284166812897,38.174285888671875,30.253772735595703,85.31214141845703,67.611328125,5.868276119232178,0.004953622817993164,6.8153076171875,0.9911916255950928
3574,4.467499820748344e-05,0.1533290296792984,25.297054290771484,20.04834747314453,85.31214141845703,67.611328125,5.872767925262451,0.00388413667678833,7.0570068359375,0.9911916851997375
3575,4.468749830266461e-05,0.16571570932865143,41.683956146240234,33.035247802734375,85.31214141845703,67.611328125,5.748554706573486,0.0033366382122039795,7.202392578125,0.9911918044090271
3576,4.4699998397845775e-05,0.14088204503059387,10.525300025939941,8.341480255126953,85.31214141845703,67.611328125,6.480692386627197,0.0031698942184448242,7.054931640625,0.9911919236183167
3577,4.471249849302694e-05,0.17620572447776794,46.181060791015625,36.599281311035156,85.31214141845703,67.611328125,8.179295539855957,0.004221737384796143,7.1424560546875,0.9911919236183167
3578,4.472499858820811e-05,0.17799757421016693,10.68829345703125,8.47065544128418,85.31214141845703,67.611328125,7.474135875701904,0.003534853458404541,7.1810302734375,0.991192102432251
3579,4.4737498683389276e-05,0.181931272149086,34.41389083862305,27.273597717285156,85.31214141845703,67.611328125,7.549851417541504,0.0023050904273986816,6.76904296875,0.9911925792694092
3580,4.4749998778570443e-05,0.13983595371246338,42.93061447143555,34.02324676513672,85.31214141845703,67.611328125,7.854959964752197,0.002448558807373047,6.855712890625,0.9911927580833435
3581,4.476249887375161e-05,0.17311504483222961,39.033668518066406,30.93484878540039,85.31214141845703,67.611328125,6.945390224456787,0.005425691604614258,7.34130859375,0.9911928176879883
3582,4.477499896893278e-05,0.144021674990654,40.01701354980469,31.71416473388672,85.31214141845703,67.611328125,5.768533706665039,0.0035519003868103027,6.923095703125,0.9911947250366211
3583,4.4787499064113945e-05,0.16495610773563385,24.64208984375,19.529277801513672,85.31214141845703,67.611328125,7.340906143188477,0.004138261079788208,6.8052978515625,0.9911949038505554
3584,4.479999915929511e-05,0.13819573819637299,61.63801193237305,48.849178314208984,85.31214141845703,67.611328125,7.94448184967041,0.0048212409019470215,6.97216796875,0.9911949634552002
3585,4.481249925447628e-05,0.14485356211662292,58.40784454345703,46.289215087890625,85.31214141845703,67.611328125,7.683170318603516,0.004262447357177734,7.0267333984375,0.9911954402923584
3586,4.4824999349657446e-05,0.17689386010169983,43.08002853393555,34.141658782958984,85.31214141845703,67.611328125,6.338738441467285,0.003234565258026123,6.8798828125,0.9911956191062927
3587,4.483749944483861e-05,0.16430874168872833,46.76899719238281,37.06523132324219,85.31214141845703,67.611328125,7.768301963806152,0.005499362945556641,6.69580078125,0.9911956787109375
3588,4.484999954001978e-05,0.14593082666397095,1.0862290859222412,0.8608551025390625,85.31214141845703,67.611328125,5.623436450958252,0.006683528423309326,6.38671875,0.9911957383155823
3589,4.486249963520095e-05,0.14037896692752838,30.28217315673828,23.9991397857666,85.31214141845703,67.611328125,6.078135967254639,0.003796696662902832,6.864013671875,0.9911959171295166
3590,4.4874999730382115e-05,0.14752453565597534,43.561275482177734,34.52305603027344,85.31214141845703,67.611328125,7.673492908477783,0.002168715000152588,7.25732421875,0.9911963939666748
3591,4.488749982556328e-05,0.17547167837619781,36.14004898071289,28.641605377197266,85.31214141845703,67.611328125,8.000741004943848,0.005684971809387207,6.59326171875,0.9911964535713196
3592,4.489999992074445e-05,0.13388943672180176,46.00267791748047,36.457908630371094,85.31214141845703,67.611328125,8.59064769744873,0.002797424793243408,7.0335693359375,0.9911966323852539
3593,4.4912500015925616e-05,0.13860049843788147,50.3924560546875,39.93688201904297,85.31214141845703,67.611328125,8.862911224365234,0.0048674046993255615,6.8009033203125,0.9911985397338867
3594,4.492500011110678e-05,0.14469321072101593,23.785919189453125,18.850746154785156,85.31214141845703,67.611328125,6.747336387634277,0.002783477306365967,6.53173828125,0.9911985993385315
3595,4.493750020628795e-05,0.14407500624656677,57.34177017211914,45.444332122802734,85.31214141845703,67.611328125,7.283885955810547,0.003179788589477539,6.97265625,0.9911987781524658
3596,4.495000030146912e-05,0.14929813146591187,54.1925048828125,42.948486328125,85.31214141845703,67.611328125,6.246120452880859,0.0050424933433532715,6.6796875,0.991199254989624
3597,4.4962500396650285e-05,0.1349492222070694,53.836158752441406,42.66607666015625,85.31214141845703,67.611328125,6.852971076965332,0.003081679344177246,6.800048828125,0.9911994338035583
3598,4.497500049183145e-05,0.15532274544239044,48.45974349975586,38.405174255371094,85.31214141845703,67.611328125,6.662839889526367,0.004376888275146484,6.375,0.9911994338035583
3599,4.498750058701262e-05,0.13679170608520508,4.237298488616943,3.3581314086914062,85.31214141845703,67.611328125,6.276540756225586,0.002382218837738037,6.877197265625,0.9911995530128479
3600,4.5000000682193786e-05,0.1673521250486374,4.260331630706787,3.3763856887817383,85.31214141845703,67.611328125,6.420138359069824,0.004398047924041748,7.2017822265625,0.9911995530128479
3601,4.501250077737495e-05,0.1400427669286728,49.96329116821289,39.596763610839844,85.31214141845703,67.611328125,13.001251220703125,0.003182053565979004,7.1009521484375,0.9911997318267822
3602,4.502500087255612e-05,0.15227028727531433,38.688358306884766,30.661184310913086,85.31214141845703,67.611328125,5.92287540435791,0.003940880298614502,6.668212890625,0.9912002086639404
3603,4.503750096773729e-05,0.14676731824874878,61.77397537231445,48.956932067871094,85.31214141845703,67.611328125,7.2971720695495605,0.002736032009124756,6.8172607421875,0.9912003874778748
3604,4.5050001062918454e-05,0.1791582554578781,46.97053527832031,37.224952697753906,85.31214141845703,67.611328125,6.096224308013916,0.0040381550788879395,6.693115234375,0.9912004470825195
3605,4.506250115809962e-05,0.1510636806488037,55.06964874267578,43.643638610839844,85.31214141845703,67.611328125,7.3124542236328125,0.004750281572341919,6.806884765625,0.9912023544311523
3606,4.507500125328079e-05,0.16760575771331787,38.47313690185547,30.490619659423828,85.31214141845703,67.611328125,7.956290245056152,0.0053379833698272705,6.55126953125,0.9912025332450867
3607,4.5087501348461956e-05,0.1525927484035492,33.5963249206543,26.625659942626953,85.31214141845703,67.611328125,6.5405097007751465,0.003416389226913452,7.1282958984375,0.9912030696868896
3608,4.510000144364312e-05,0.14913640916347504,24.98847770690918,19.803796768188477,85.31214141845703,67.611328125,6.269678115844727,0.00646519660949707,6.9296875,0.9912030696868896
3609,4.511250153882429e-05,0.15994419157505035,3.455369710922241,2.7384395599365234,85.31214141845703,67.611328125,5.077385425567627,0.006406307220458984,7.130126953125,0.991203248500824
3610,4.512500163400546e-05,0.1407325714826584,49.86214828491211,39.516605377197266,85.31214141845703,67.611328125,7.079296588897705,0.00432056188583374,6.8580322265625,0.9912033081054688
3611,4.5137501729186624e-05,0.14315254986286163,33.38766860961914,26.460296630859375,85.31214141845703,67.611328125,5.865407943725586,0.004774272441864014,6.7552490234375,0.9912033677101135
3612,4.5149998186388984e-05,0.14864744246006012,37.250770568847656,29.52187156677246,85.31214141845703,67.611328125,6.049177169799805,0.0030585825443267822,7.156005859375,0.9912035465240479
3613,4.516249828157015e-05,0.13939082622528076,10.972228050231934,8.6956787109375,85.31214141845703,67.611328125,7.238163948059082,0.004955887794494629,6.694091796875,0.991204023361206
3614,4.517499837675132e-05,0.17177139222621918,4.057194232940674,3.215395927429199,85.31214141845703,67.611328125,7.924273490905762,0.0037645697593688965,6.92138671875,0.9912040829658508
3615,4.5187498471932486e-05,0.1281493455171585,51.59124755859375,40.88694381713867,85.31214141845703,67.611328125,8.271866798400879,0.003613293170928955,7.078125,0.9912042617797852
3616,4.519999856711365e-05,0.16006237268447876,33.572914123535156,26.60710906982422,85.31214141845703,67.611328125,7.378780364990234,0.0038444101810455322,6.8533935546875,0.991206169128418
3617,4.521249866229482e-05,0.13809648156166077,51.67850875854492,40.95610427856445,85.31214141845703,67.611328125,9.407280921936035,0.004543513059616089,6.794921875,0.9912062287330627
3618,4.522499875747599e-05,0.13235993683338165,39.900638580322266,31.621936798095703,85.31214141845703,67.611328125,7.488967418670654,0.0061261653900146484,6.8668212890625,0.9912064075469971
3619,4.5237498852657154e-05,0.14333683252334595,52.33010482788086,41.472503662109375,85.31214141845703,67.611328125,6.661088466644287,0.003974616527557373,6.703857421875,0.9912068843841553
3620,4.524999894783832e-05,0.14402905106544495,48.83203125,38.700218200683594,85.31214141845703,67.611328125,6.739852428436279,0.0031186044216156006,6.5360107421875,0.9912070631980896
3621,4.526249904301949e-05,0.13697385787963867,44.75508499145508,35.46916961669922,85.31214141845703,67.611328125,5.544232368469238,0.003923535346984863,6.7047119140625,0.9912070631980896
3622,4.5274999138200656e-05,0.14014564454555511,3.9757325649261475,3.1508359909057617,85.31214141845703,67.611328125,6.067382335662842,0.004695296287536621,6.8094482421875,0.9912071824073792
3623,4.528749923338182e-05,0.14352776110172272,42.23402404785156,33.47118377685547,85.31214141845703,67.611328125,6.30543851852417,0.003742694854736328,6.761474609375,0.9912073016166687
3624,4.529999932856299e-05,0.14322024583816528,48.41498947143555,38.36970520019531,85.31214141845703,67.611328125,6.870738983154297,0.0037442445755004883,7.1328125,0.9912073612213135
3625,4.531249942374416e-05,0.136195570230484,34.59822463989258,27.41968536376953,85.31214141845703,67.611328125,6.739220142364502,0.002417623996734619,6.9700927734375,0.9912078380584717
3626,4.5324999518925324e-05,0.1810867190361023,52.79655838012695,41.8421745300293,85.31214141845703,67.611328125,5.656628608703613,0.006963014602661133,6.8128662109375,0.991208016872406
3627,4.533749961410649e-05,0.13912059366703033,42.52561569213867,33.70227813720703,85.31214141845703,67.611328125,7.073007106781006,0.0058525800704956055,6.8670654296875,0.9912080764770508
3628,4.534999970928766e-05,0.15459807217121124,4.536980152130127,3.5956344604492188,85.31214141845703,67.611328125,6.008440971374512,0.0034879446029663086,7.33154296875,0.9912100434303284
3629,4.5362499804468825e-05,0.16201384365558624,0.990306556224823,0.7848348617553711,85.31214141845703,67.611328125,6.0235795974731445,0.005509853363037109,6.2412109375,0.9912101626396179
3630,4.537499989964999e-05,0.14084793627262115,42.85295486450195,33.961700439453125,85.31214141845703,67.611328125,5.882883548736572,0.0025979280471801758,6.7261962890625,0.9912106990814209
3631,4.538749999483116e-05,0.13781623542308807,47.8960075378418,37.958404541015625,85.31214141845703,67.611328125,6.990777015686035,0.00330507755279541,6.7777099609375,0.9912107586860657
3632,4.540000009001233e-05,0.13669288158416748,10.822802543640137,8.577256202697754,85.31214141845703,67.611328125,7.075351715087891,0.0032500922679901123,6.6728515625,0.9912108778953552
3633,4.5412500185193494e-05,0.15984207391738892,10.237343788146973,8.113269805908203,85.31214141845703,67.611328125,6.3822455406188965,0.004738986492156982,6.6707763671875,0.9912109971046448
3634,4.542500028037466e-05,0.1576075255870819,10.544508934020996,8.356703758239746,85.31214141845703,67.611328125,5.68010950088501,0.0046901702880859375,7.0933837890625,0.9912109971046448
3635,4.543750037555583e-05,0.13793493807315826,54.23624801635742,42.983154296875,85.31214141845703,67.611328125,7.073408603668213,0.003463149070739746,7.2061767578125,0.9912111759185791
3636,4.5450000470736995e-05,0.1520324945449829,4.150652885437012,3.289463520050049,85.31214141845703,67.611328125,6.1390814781188965,0.004429608583450317,6.9921875,0.9912116527557373
3637,4.546250056591816e-05,0.1606966108083725,48.71077346801758,38.604122161865234,85.31214141845703,67.611328125,6.345469951629639,0.005894213914871216,7.061767578125,0.9912117123603821
3638,4.547500066109933e-05,0.1545090675354004,45.8486442565918,36.33583450317383,85.31214141845703,67.611328125,6.728182315826416,0.005910634994506836,7.23486328125,0.9912118911743164
3639,4.54875007562805e-05,0.17622298002243042,60.7523193359375,48.14725112915039,85.31214141845703,67.611328125,6.263367176055908,0.003905177116394043,6.7791748046875,0.9912137985229492
3640,4.5500000851461664e-05,0.1578029990196228,1.042877197265625,0.8264980316162109,85.31214141845703,67.611328125,6.339547157287598,0.003977835178375244,6.7611083984375,0.991213858127594
3641,4.551250094664283e-05,0.14461664855480194,56.87507247924805,45.074466705322266,85.31214141845703,67.611328125,6.462952613830566,0.006205171346664429,7.341064453125,0.9912140369415283
3642,4.5525001041824e-05,0.14878001809120178,22.842803955078125,18.10331153869629,85.31214141845703,67.611328125,7.182240962982178,0.004470109939575195,6.8128662109375,0.9912145137786865
3643,4.5537501137005165e-05,0.14824610948562622,44.46084976196289,35.23598098754883,85.31214141845703,67.611328125,7.753530025482178,0.003330230712890625,6.84814453125,0.9912146925926208
3644,4.555000123218633e-05,0.1400851607322693,0.920386552810669,0.7294220924377441,85.31214141845703,67.611328125,6.718177795410156,0.005035996437072754,6.9700927734375,0.9912146925926208
3645,4.55625013273675e-05,0.15779371559619904,59.03324890136719,46.78485870361328,85.31214141845703,67.611328125,6.69915246963501,0.004257082939147949,7.04736328125,0.9912148118019104
3646,4.5575001422548667e-05,0.15831653773784637,0.9705782532691956,0.7691998481750488,85.31214141845703,67.611328125,6.289257049560547,0.005938470363616943,6.926025390625,0.9912149310112
3647,4.5587501517729834e-05,0.15287716686725616,55.05787658691406,43.634307861328125,85.31214141845703,67.611328125,8.84595775604248,0.0049298107624053955,6.66015625,0.9912149906158447
3648,4.5600001612911e-05,0.15217429399490356,52.486351013183594,41.59633255004883,85.31214141845703,67.611328125,7.9628005027771,0.004584699869155884,6.4925537109375,0.9912155270576477
3649,4.561250170809217e-05,0.15719129145145416,41.1092643737793,32.579795837402344,85.31214141845703,67.611328125,5.054673671722412,0.0055117011070251465,6.8624267578125,0.9912156462669373
3650,4.5625001803273335e-05,0.15715904533863068,46.519561767578125,36.867549896240234,85.31214141845703,67.611328125,7.623802185058594,0.0021262764930725098,7.20458984375,0.9912176132202148
3651,4.5637498260475695e-05,0.14309118688106537,47.685760498046875,37.791778564453125,85.31214141845703,67.611328125,8.384712219238281,0.0035361945629119873,6.4716796875,0.9912176728248596
3652,4.564999835565686e-05,0.17210686206817627,24.227476119995117,19.200687408447266,85.31214141845703,67.611328125,6.218805313110352,0.004057943820953369,6.950927734375,0.9912177920341492
3653,4.566249845083803e-05,0.15075954794883728,40.764617919921875,32.30665588378906,85.31214141845703,67.611328125,6.333138942718506,0.003713667392730713,6.79150390625,0.9912183284759521
3654,4.5674998546019197e-05,0.14306046068668365,22.99106788635254,18.220813751220703,85.31214141845703,67.611328125,5.674971580505371,0.004116058349609375,6.5853271484375,0.9912183880805969
3655,4.5687498641200364e-05,0.19959920644760132,59.6097526550293,47.24174880981445,85.31214141845703,67.611328125,5.761648654937744,0.0026550590991973877,6.9818115234375,0.9912185072898865
3656,4.569999873638153e-05,0.15611426532268524,49.81299591064453,39.4776496887207,85.31214141845703,67.611328125,6.799607276916504,0.0026116371154785156,6.667236328125,0.991218626499176
3657,4.57124988315627e-05,0.1798337996006012,43.21049499511719,34.24505615234375,85.31214141845703,67.611328125,6.698922634124756,0.0027444660663604736,6.7828369140625,0.991218626499176
3658,4.5724998926743865e-05,0.18545527756214142,61.252079010009766,48.54331970214844,85.31214141845703,67.611328125,8.108626365661621,0.004814803600311279,6.354736328125,0.9912188053131104
3659,4.573749902192503e-05,0.1465417742729187,45.32072830200195,35.91745376586914,85.31214141845703,67.611328125,5.920703411102295,0.0029969215393066406,6.96826171875,0.9912192821502686
3660,4.57499991171062e-05,0.1562698781490326,48.05020523071289,38.08061218261719,85.31214141845703,67.611328125,6.302911281585693,0.0023908019065856934,7.2054443359375,0.9912194609642029
3661,4.5762499212287366e-05,0.15272434055805206,41.5965461730957,32.965972900390625,85.31214141845703,67.611328125,12.392024993896484,0.0031496286392211914,7.06396484375,0.9912195205688477
3662,4.5774999307468534e-05,0.1727668046951294,10.826972961425781,8.580560684204102,85.31214141845703,67.611328125,5.4848432540893555,0.004926353693008423,6.6832275390625,0.9912214279174805
3663,4.57874994026497e-05,0.14813145995140076,11.43666934967041,9.063755989074707,85.31214141845703,67.611328125,6.024394512176514,0.003859609365463257,6.756103515625,0.9912216067314148
3664,4.579999949783087e-05,0.17785078287124634,1.0047436952590942,0.7962765693664551,85.31214141845703,67.611328125,5.895481586456299,0.005132734775543213,6.6842041015625,0.9912216663360596
3665,4.5812499593012035e-05,0.14041104912757874,51.231136322021484,40.6015510559082,85.31214141845703,67.611328125,7.029628753662109,0.004336416721343994,6.8035888671875,0.9912221431732178
3666,4.58249996881932e-05,0.15302056074142456,55.51713180541992,43.99827575683594,85.31214141845703,67.611328125,8.319068908691406,0.003607630729675293,6.55126953125,0.9912223219871521
3667,4.583749978337437e-05,0.1735246628522873,45.93199157714844,36.401885986328125,85.31214141845703,67.611328125,6.999734401702881,0.003617227077484131,7.0972900390625,0.9912223219871521
3668,4.5849999878555536e-05,0.13210435211658478,35.61276626586914,28.223724365234375,85.31214141845703,67.611328125,6.048648834228516,0.002928107976913452,6.9345703125,0.9912224411964417
3669,4.5862499973736703e-05,0.17642271518707275,53.40975570678711,42.32814407348633,85.31214141845703,67.611328125,7.344297885894775,0.005948543548583984,7.208251953125,0.9912225604057312
3670,4.587500006891787e-05,0.13349241018295288,4.043632507324219,3.204648017883301,85.31214141845703,67.611328125,6.858837127685547,0.00370943546295166,6.814697265625,0.991222620010376
3671,4.588750016409904e-05,0.14987075328826904,48.199501037597656,38.19892883300781,85.31214141845703,67.611328125,8.06066608428955,0.0035704374313354492,6.665771484375,0.991223156452179
3672,4.5900000259280205e-05,0.15327921509742737,47.191410064697266,37.400001525878906,85.31214141845703,67.611328125,7.513959884643555,0.005796939134597778,7.0980224609375,0.9912232756614685
3673,4.591250035446137e-05,0.15385019779205322,4.250351905822754,3.368476390838623,85.31214141845703,67.611328125,5.1749587059021,0.0038130581378936768,6.735107421875,0.9912252426147461
3674,4.592500044964254e-05,0.13287346065044403,40.088783264160156,31.771045684814453,85.31214141845703,67.611328125,6.293305397033691,0.0027031898498535156,7.0166015625,0.9912253022193909
3675,4.5937500544823706e-05,0.13286302983760834,41.857418060302734,33.17272186279297,85.31214141845703,67.611328125,5.514461517333984,0.006927371025085449,6.989013671875,0.9912254810333252
3676,4.595000064000487e-05,0.154033362865448,0.9610194563865662,0.7616243362426758,85.31214141845703,67.611328125,6.821955680847168,0.0032608509063720703,6.7972412109375,0.9912259578704834
3677,4.596250073518604e-05,0.13903772830963135,4.084451675415039,3.236997604370117,85.31214141845703,67.611328125,5.905757427215576,0.0030917227268218994,6.787353515625,0.9912260174751282
3678,4.597500083036721e-05,0.1672021597623825,4.096033096313477,3.246176242828369,85.31214141845703,67.611328125,5.257472991943359,0.0032866299152374268,6.8883056640625,0.9912261366844177
3679,4.5987500925548375e-05,0.15423552691936493,1.0194342136383057,0.8079190254211426,85.31214141845703,67.611328125,6.807170867919922,0.005229443311691284,6.67138671875,0.9912262558937073
3680,4.600000102072954e-05,0.14734524488449097,4.175191879272461,3.308910846710205,85.31214141845703,67.611328125,7.051146507263184,0.005596578121185303,6.505859375,0.9912262558937073
3681,4.601250111591071e-05,0.1279570758342743,41.318912506103516,32.745941162109375,85.31214141845703,67.611328125,6.364738464355469,0.003782033920288086,6.6392822265625,0.9912264347076416
3682,4.6025001211091876e-05,0.14133955538272858,4.708836555480957,3.7318334579467773,85.31214141845703,67.611328125,6.098077774047852,0.0029833316802978516,6.83203125,0.9912269115447998
3683,4.603750130627304e-05,0.1557302474975586,55.23926544189453,43.77806091308594,85.31214141845703,67.611328125,6.39341926574707,0.004996538162231445,6.8035888671875,0.9912270903587341
3684,4.605000140145421e-05,0.16141453385353088,48.97507095336914,38.81358337402344,85.31214141845703,67.611328125,8.099771499633789,0.004439294338226318,7.149658203125,0.9912271499633789
3685,4.606250149663538e-05,0.13541147112846375,10.285945892333984,8.151787757873535,85.31214141845703,67.611328125,6.656287670135498,0.0067147016525268555,6.912353515625,0.9912290573120117
3686,4.6075001591816545e-05,0.15771260857582092,25.980146408081055,20.589710235595703,85.31214141845703,67.611328125,5.621948719024658,0.005643665790557861,6.7825927734375,0.991229236125946
3687,4.608750168699771e-05,0.18138393759727478,57.56001663208008,45.6172981262207,85.31214141845703,67.611328125,5.787604331970215,0.002602130174636841,6.765380859375,0.9912292957305908
3688,4.610000178217888e-05,0.15649165213108063,41.312618255615234,32.7409553527832,85.31214141845703,67.611328125,6.685872554779053,0.002458810806274414,7.3746337890625,0.991229772567749
3689,4.611249823938124e-05,0.18155312538146973,3.6944196224212646,2.9278907775878906,85.31214141845703,67.611328125,6.647499084472656,0.004530489444732666,6.3560791015625,0.9912299513816833
3690,4.6124998334562406e-05,0.14710785448551178,1.0384224653244019,0.822967529296875,85.31214141845703,67.611328125,5.375503063201904,0.0035497844219207764,6.72314453125,0.9912300109863281
3691,4.613749842974357e-05,0.14458738267421722,45.072505950927734,35.720733642578125,85.31214141845703,67.611328125,5.4277167320251465,0.0026493072509765625,6.7779541015625,0.9912300705909729
3692,4.614999852492474e-05,0.15937143564224243,49.35423278808594,39.11407470703125,85.31214141845703,67.611328125,8.322351455688477,0.0026906728744506836,6.76416015625,0.9912302494049072
3693,4.616249862010591e-05,0.1789635866880417,4.306087017059326,3.4126477241516113,85.31214141845703,67.611328125,6.414022445678711,0.004102140665054321,6.720947265625,0.9912307262420654
3694,4.6174998715287074e-05,0.15131214261054993,47.442142486572266,37.59870910644531,85.31214141845703,67.611328125,7.874042987823486,0.004161566495895386,7.10888671875,0.9912307858467102
3695,4.618749881046824e-05,0.15223544836044312,40.00277328491211,31.702882766723633,85.31214141845703,67.611328125,5.444108009338379,0.003847092390060425,7.150634765625,0.9912309646606445
3696,4.619999890564941e-05,0.18036848306655884,43.40983963012695,34.403038024902344,85.31214141845703,67.611328125,6.462087631225586,0.00468522310256958,7.0665283203125,0.9912328720092773
3697,4.6212499000830576e-05,0.14120450615882874,4.405531406402588,3.4914588928222656,85.31214141845703,67.611328125,5.884379863739014,0.0031898915767669678,7.048095703125,0.9912329316139221
3698,4.622499909601174e-05,0.15464206039905548,24.588851928710938,19.487085342407227,85.31214141845703,67.611328125,6.9521870613098145,0.002805769443511963,7.220947265625,0.9912331104278564
3699,4.623749919119291e-05,0.14265725016593933,3.5340211391448975,2.800772190093994,85.31214141845703,67.611328125,6.679749011993408,0.002660095691680908,6.763427734375,0.9912335872650146
3700,4.624999928637408e-05,0.17987921833992004,44.873741149902344,35.56320571899414,85.31214141845703,67.611328125,6.267777919769287,0.0034636259078979492,6.8675537109375,0.991233766078949
3701,4.6262499381555244e-05,0.16611258685588837,23.004554748535156,18.231502532958984,85.31214141845703,67.611328125,6.778726100921631,0.004097402095794678,7.22607421875,0.991233766078949
3702,4.627499947673641e-05,0.1601313203573227,57.256492614746094,45.376747131347656,85.31214141845703,67.611328125,8.170221328735352,0.0023894906044006348,6.836669921875,0.9912338852882385
3703,4.628749957191758e-05,0.2437559962272644,46.44208526611328,36.80614471435547,85.31214141845703,67.611328125,6.5977864265441895,0.006148844957351685,6.7130126953125,0.9912340044975281
3704,4.6299999667098746e-05,0.15995444357395172,0.9409295320510864,0.7457027435302734,85.31214141845703,67.611328125,5.5679426193237305,0.0034226179122924805,7.0257568359375,0.9912340641021729
3705,4.631249976227991e-05,0.20929662883281708,53.12672424316406,42.10383605957031,85.31214141845703,67.611328125,6.757422924041748,0.002306342124938965,7.044921875,0.991234540939331
3706,4.632499985746108e-05,0.16929976642131805,10.057779312133789,7.970962047576904,85.31214141845703,67.611328125,6.647058963775635,0.003078758716583252,7.0035400390625,0.9912347197532654
3707,4.633749995264225e-05,0.1661767065525055,27.828947067260742,22.054916381835938,85.31214141845703,67.611328125,5.57784366607666,0.0025354325771331787,6.6220703125,0.9912347793579102
3708,4.6350000047823414e-05,0.16324985027313232,48.23161697387695,38.22438049316406,85.31214141845703,67.611328125,6.094075679779053,0.004093587398529053,6.488525390625,0.991236686706543
3709,4.636250014300458e-05,0.15678852796554565,20.87765121459961,16.545896530151367,85.31214141845703,67.611328125,5.9498138427734375,0.0024359822273254395,6.867919921875,0.9912368655204773
3710,4.637500023818575e-05,0.17618650197982788,22.502416610717773,17.83354949951172,85.31214141845703,67.611328125,6.819948673248291,0.0033626556396484375,7.146484375,0.9912374019622803
3711,4.6387500333366916e-05,0.1607527881860733,55.99772644042969,44.379154205322266,85.31214141845703,67.611328125,7.027810573577881,0.004903733730316162,6.5,0.9912374019622803
3712,4.640000042854808e-05,0.17543277144432068,38.83890914916992,30.780498504638672,85.31214141845703,67.611328125,5.989660263061523,0.0028540194034576416,6.9605712890625,0.9912375807762146
3713,4.641250052372925e-05,0.15141697227954865,10.771805763244629,8.536840438842773,85.31214141845703,67.611328125,8.46712589263916,0.003687053918838501,6.6951904296875,0.9912376403808594
3714,4.642500061891042e-05,0.17463406920433044,41.69001007080078,33.040042877197266,85.31214141845703,67.611328125,6.595787525177002,0.002854853868484497,6.60009765625,0.9912376999855042
3715,4.6437500714091584e-05,0.14719557762145996,25.478221893310547,20.191926956176758,85.31214141845703,67.611328125,7.71127986907959,0.002817898988723755,6.984375,0.9912378787994385
3716,4.645000080927275e-05,0.1613176465034485,55.079288482666016,43.651275634765625,85.31214141845703,67.611328125,5.415594100952148,0.0027496814727783203,6.6448974609375,0.9912383556365967
3717,4.646250090445392e-05,0.15743352472782135,22.681821823120117,17.975730895996094,85.31214141845703,67.611328125,7.457193851470947,0.0062462687492370605,6.7628173828125,0.9912384152412415
3718,4.6475000999635085e-05,0.14952507615089417,43.92691421508789,34.812828063964844,85.31214141845703,67.611328125,7.176764965057373,0.0035266876220703125,6.324951171875,0.9912385940551758
3719,4.648750109481625e-05,0.15979458391666412,49.05413055419922,38.87623596191406,85.31214141845703,67.611328125,7.255090236663818,0.0037266910076141357,6.9378662109375,0.9912405014038086
3720,4.650000118999742e-05,0.16088804602622986,1.0047448873519897,0.7962775230407715,85.31214141845703,67.611328125,6.077486991882324,0.0025475025177001953,7.173095703125,0.9912405610084534
3721,4.651250128517859e-05,0.15569011867046356,44.42552947998047,35.20799255371094,85.31214141845703,67.611328125,14.446117401123047,0.00273779034614563,7.068115234375,0.9912407398223877
3722,4.6525001380359754e-05,0.15127092599868774,10.269770622253418,8.138969421386719,85.31214141845703,67.611328125,7.148858547210693,0.003760695457458496,6.7476806640625,0.9912412166595459
3723,4.653750147554092e-05,0.1656647026538849,50.09236145019531,39.69905090332031,85.31214141845703,67.611328125,6.910989284515381,0.008259296417236328,6.8123779296875,0.9912413954734802
3724,4.655000157072209e-05,0.16058093309402466,12.129590034484863,9.612907409667969,85.31214141845703,67.611328125,8.840665817260742,0.002850949764251709,6.80419921875,0.9912413954734802
3725,4.6562501665903255e-05,0.16553784906864166,0.9963491559028625,0.7896237373352051,85.31214141845703,67.611328125,6.661935806274414,0.004431784152984619,6.799072265625,0.9912415146827698
3726,4.657500176108442e-05,0.17939890921115875,47.11454391479492,37.339080810546875,85.31214141845703,67.611328125,9.011822700500488,0.005584061145782471,6.40673828125,0.9912416338920593
3727,4.658749821828678e-05,0.19936038553714752,49.879295349121094,39.53019332885742,85.31214141845703,67.611328125,6.171207904815674,0.003723442554473877,7.0921630859375,0.9912416934967041
3728,4.659999831346795e-05,0.14710929989814758,48.88506317138672,38.74224853515625,85.31214141845703,67.611328125,5.181486129760742,0.003174006938934326,6.8941650390625,0.9912421703338623
3729,4.661249840864912e-05,0.15611959993839264,4.2209930419921875,3.3452091217041016,85.31214141845703,67.611328125,7.761679172515869,0.002978414297103882,7.0850830078125,0.9912423491477966
3730,4.6624998503830284e-05,0.1603502631187439,4.329491138458252,3.4311957359313965,85.31214141845703,67.611328125,5.646415710449219,0.0035233795642852783,6.85693359375,0.9912424087524414
3731,4.663749859901145e-05,0.16425436735153198,51.77001953125,41.02862548828125,85.31214141845703,67.611328125,7.056824207305908,0.0040474534034729,6.6849365234375,0.991244375705719
3732,4.664999869419262e-05,0.18722933530807495,10.396652221679688,8.239524841308594,85.31214141845703,67.611328125,7.149519920349121,0.0032661259174346924,7.013671875,0.9912444949150085
3733,4.6662498789373785e-05,0.14003735780715942,40.528648376464844,32.11964416503906,85.31214141845703,67.611328125,4.853852272033691,0.002954334020614624,6.7734375,0.9912450313568115
3734,4.667499888455495e-05,0.16898669302463531,55.33991241455078,43.857826232910156,85.31214141845703,67.611328125,6.943039417266846,0.002660214900970459,6.9993896484375,0.9912450909614563
3735,4.668749897973612e-05,0.15999485552310944,0.9613359570503235,0.7618751525878906,85.31214141845703,67.611328125,5.403356075286865,0.007037818431854248,6.9776611328125,0.9912452101707458
3736,4.669999907491729e-05,0.15273141860961914,60.759864807128906,48.15323257446289,85.31214141845703,67.611328125,6.574419975280762,0.0035908520221710205,6.7667236328125,0.9912453293800354
3737,4.6712499170098454e-05,0.1639615148305893,54.42958450317383,43.136375427246094,85.31214141845703,67.611328125,6.756606101989746,0.005531221628189087,6.86572265625,0.9912453293800354
3738,4.672499926527962e-05,0.12977832555770874,10.662059783935547,8.449864387512207,85.31214141845703,67.611328125,7.291175842285156,0.002558469772338867,6.9886474609375,0.9912455081939697
3739,4.673749936046079e-05,0.1555347442626953,9.793882369995117,7.761819362640381,85.31214141845703,67.611328125,6.201350212097168,0.004647254943847656,6.8057861328125,0.9912459850311279
3740,4.6749999455641955e-05,0.18513678014278412,22.2458553314209,17.630220413208008,85.31214141845703,67.611328125,7.634352207183838,0.00413474440574646,6.6148681640625,0.9912460446357727
3741,4.676249955082312e-05,0.13594457507133484,0.979304313659668,0.7761154174804688,85.31214141845703,67.611328125,5.917484760284424,0.003549039363861084,6.616943359375,0.991246223449707
3742,4.677499964600429e-05,0.16267931461334229,60.65087890625,48.066856384277344,85.31214141845703,67.611328125,5.760931015014648,0.004062384366989136,6.89794921875,0.9912481307983398
3743,4.6787499741185457e-05,0.154048353433609,52.33364486694336,41.475311279296875,85.31214141845703,67.611328125,6.141302108764648,0.004563570022583008,6.8013916015625,0.9912481904029846
3744,4.6799999836366624e-05,0.15245965123176575,41.824485778808594,33.14662170410156,85.31214141845703,67.611328125,5.975094318389893,0.002880692481994629,7.162841796875,0.991248369216919
3745,4.681249993154779e-05,0.13153842091560364,53.4078483581543,42.32663345336914,85.31214141845703,67.611328125,5.14943265914917,0.005348622798919678,7.01123046875,0.9912488460540771
3746,4.682500002672896e-05,0.15966999530792236,41.26677703857422,32.704627990722656,85.31214141845703,67.611328125,5.725735664367676,0.0044731199741363525,6.8426513671875,0.9912490248680115
3747,4.6837500121910125e-05,0.13346520066261292,23.930171966552734,18.965070724487305,85.31214141845703,67.611328125,7.055120468139648,0.0035291314125061035,6.803466796875,0.9912490248680115
3748,4.685000021709129e-05,0.12443382292985916,4.138463973999023,3.2798032760620117,85.31214141845703,67.611328125,5.419020652770996,0.003071308135986328,7.3868408203125,0.991249144077301
3749,4.686250031227246e-05,0.1310543268918991,42.69790267944336,33.83881759643555,85.31214141845703,67.611328125,6.9956536293029785,0.003073573112487793,6.3814697265625,0.9912492632865906
3750,4.6875000407453626e-05,0.14238673448562622,3.8729546070098877,3.069382667541504,85.31214141845703,67.611328125,5.568265438079834,0.004483401775360107,6.830078125,0.9912493228912354
3751,4.6887500502634794e-05,0.150838702917099,47.34797286987305,37.524078369140625,85.31214141845703,67.611328125,7.296657562255859,0.0052512288093566895,6.7535400390625,0.9912498593330383
3752,4.690000059781596e-05,0.14395585656166077,57.35443115234375,45.45436477661133,85.31214141845703,67.611328125,7.040787220001221,0.00443422794342041,6.721435546875,0.9912499785423279
3753,4.691250069299713e-05,0.1474788337945938,58.79414367675781,46.59536361694336,85.31214141845703,67.611328125,5.393636703491211,0.003623276948928833,6.763916015625,0.9912500381469727
3754,4.6925000788178295e-05,0.15096502006053925,60.12990951538086,47.65398406982422,85.31214141845703,67.611328125,6.106718063354492,0.005110621452331543,6.9976806640625,0.9912520051002502
3755,4.693750088335946e-05,0.1319650560617447,23.613447189331055,18.714059829711914,85.31214141845703,67.611328125,6.363119602203369,0.003105372190475464,7.0869140625,0.9912521243095398
3756,4.695000097854063e-05,0.14841347932815552,39.166603088378906,31.040203094482422,85.31214141845703,67.611328125,6.607510566711426,0.003933608531951904,7.02783203125,0.9912526607513428
3757,4.6962501073721796e-05,0.15810047090053558,58.48678207397461,46.35177230834961,85.31214141845703,67.611328125,7.857043266296387,0.003389984369277954,7.03125,0.9912527203559875
3758,4.6975001168902963e-05,0.1513432264328003,32.85660171508789,26.039419174194336,85.31214141845703,67.611328125,6.757633209228516,0.0031467974185943604,7.18505859375,0.9912528395652771
3759,4.698750126408413e-05,0.16496491432189941,34.063499450683594,26.995906829833984,85.31214141845703,67.611328125,7.074920654296875,0.002423703670501709,6.786376953125,0.9912529587745667
3760,4.70000013592653e-05,0.1506493240594864,34.585906982421875,27.409923553466797,85.31214141845703,67.611328125,8.676178932189941,0.004380464553833008,6.747314453125,0.9912529587745667
3761,4.7012501454446465e-05,0.15353575348854065,35.83628463745117,28.400867462158203,85.31214141845703,67.611328125,6.229491710662842,0.002653449773788452,7.2044677734375,0.991253137588501
3762,4.702500154962763e-05,0.15806174278259277,23.788074493408203,18.852455139160156,85.31214141845703,67.611328125,7.313616752624512,0.002917468547821045,6.8463134765625,0.9912536144256592
3763,4.70375016448088e-05,0.1551501303911209,42.0217399597168,33.30294418334961,85.31214141845703,67.611328125,7.010435581207275,0.0044148266315460205,6.7215576171875,0.9912537932395935
3764,4.7050001739989966e-05,0.1665017157793045,34.75273513793945,27.542137145996094,85.31214141845703,67.611328125,5.781696796417236,0.004202991724014282,7.12255859375,0.9912538528442383
3765,4.7062498197192326e-05,0.14812061190605164,49.57909393310547,39.29228210449219,85.31214141845703,67.611328125,7.013287544250488,0.0021823346614837646,7.03955078125,0.9912557601928711
3766,4.707499829237349e-05,0.15929877758026123,50.92961120605469,40.362586975097656,85.31214141845703,67.611328125,5.427418231964111,0.003928780555725098,6.9971923828125,0.9912559390068054
3767,4.708749838755466e-05,0.15681728720664978,48.84016799926758,38.7066650390625,85.31214141845703,67.611328125,5.414788246154785,0.002835214138031006,6.5970458984375,0.9912559986114502
3768,4.709999848273583e-05,0.14834605157375336,50.29113006591797,39.85658264160156,85.31214141845703,67.611328125,7.4144110679626465,0.004675805568695068,6.462158203125,0.9912564754486084
3769,4.7112498577916995e-05,0.17522548139095306,43.36543655395508,34.36784744262695,85.31214141845703,67.611328125,8.590457916259766,0.003185093402862549,6.812744140625,0.9912566542625427
3770,4.712499867309816e-05,0.14803878962993622,61.88363265991211,49.04383850097656,85.31214141845703,67.611328125,6.530541896820068,0.003356635570526123,7.158447265625,0.9912566542625427
3771,4.713749876827933e-05,0.14258308708667755,38.6842155456543,30.657901763916016,85.31214141845703,67.611328125,6.7408623695373535,0.004341185092926025,6.5203857421875,0.9912567734718323
3772,4.7149998863460496e-05,0.1362721025943756,55.426124572753906,43.926151275634766,85.31214141845703,67.611328125,6.232997894287109,0.002395838499069214,6.864013671875,0.9912568926811218
3773,4.716249895864166e-05,0.1327032446861267,60.1425895690918,47.66402816772461,85.31214141845703,67.611328125,6.336456775665283,0.004391193389892578,6.6673583984375,0.9912569522857666
3774,4.717499905382283e-05,0.15706521272659302,10.566932678222656,8.37447452545166,85.31214141845703,67.611328125,5.67922830581665,0.0036050081253051758,6.61376953125,0.9912574887275696
3775,4.7187499149004e-05,0.1512710154056549,48.60598373413086,38.52107238769531,85.31214141845703,67.611328125,6.2194366455078125,0.0055977702140808105,7.0347900390625,0.9912576079368591
3776,4.7199999244185165e-05,0.17108482122421265,58.230411529541016,46.148597717285156,85.31214141845703,67.611328125,8.315851211547852,0.004505932331085205,6.612060546875,0.9912595748901367
3777,4.721249933936633e-05,0.12596194446086884,22.875926971435547,18.129562377929688,85.31214141845703,67.611328125,7.300850868225098,0.0039216578006744385,6.8353271484375,0.9912596344947815
3778,4.72249994345475e-05,0.14641425013542175,46.55597686767578,36.89640808105469,85.31214141845703,67.611328125,6.68651819229126,0.0064389705657958984,6.3563232421875,0.9912598133087158
3779,4.7237499529728666e-05,0.14690352976322174,45.10115051269531,35.74343490600586,85.31214141845703,67.611328125,8.663619995117188,0.003798961639404297,6.9495849609375,0.991260290145874
3780,4.724999962490983e-05,0.1348220258951187,42.39401626586914,33.597984313964844,85.31214141845703,67.611328125,7.698044776916504,0.004851579666137695,7.2628173828125,0.9912603497505188
3781,4.7262499720091e-05,0.13883405923843384,47.881221771240234,37.946685791015625,85.31214141845703,67.611328125,12.272059440612793,0.004461437463760376,7.0826416015625,0.9912604689598083
3782,4.727499981527217e-05,0.16059361398220062,23.78767967224121,18.852142333984375,85.31214141845703,67.611328125,7.155407428741455,0.0038310587406158447,6.7772216796875,0.9912605881690979
3783,4.7287499910453334e-05,0.14638939499855042,34.696292877197266,27.497404098510742,85.31214141845703,67.611328125,6.702881336212158,0.004594385623931885,6.8157958984375,0.9912605881690979
3784,4.73000000056345e-05,0.14392052590847015,44.34111022949219,35.14108657836914,85.31214141845703,67.611328125,8.593545913696289,0.004460752010345459,6.8482666015625,0.9912607669830322
3785,4.731250010081567e-05,0.14754994213581085,44.55497360229492,35.310577392578125,85.31214141845703,67.611328125,5.589374542236328,0.006697326898574829,6.8255615234375,0.9912612438201904
3786,4.7325000195996836e-05,0.15211766958236694,0.9849823117256165,0.7806153297424316,85.31214141845703,67.611328125,5.467874050140381,0.005608320236206055,6.4166259765625,0.9912614226341248
3787,4.7337500291178e-05,0.1450919806957245,0.9734163284301758,0.771449089050293,85.31214141845703,67.611328125,6.706479549407959,0.007080078125,7.1016845703125,0.9912614822387695
3788,4.735000038635917e-05,0.15272074937820435,4.239964485168457,3.3602442741394043,85.31214141845703,67.611328125,7.322139739990234,0.004532456398010254,6.8223876953125,0.9912633895874023
3789,4.736250048154034e-05,0.14220255613327026,30.85688018798828,24.454605102539062,85.31214141845703,67.611328125,5.8665771484375,0.00483018159866333,7.101318359375,0.9912635684013367
3790,4.7375000576721504e-05,0.16213586926460266,32.390357971191406,25.669910430908203,85.31214141845703,67.611328125,6.619512557983398,0.0033215582370758057,6.960205078125,0.9912636280059814
3791,4.738750067190267e-05,0.16081541776657104,4.017329692840576,3.183802604675293,85.31214141845703,67.611328125,6.680606842041016,0.00379827618598938,6.650634765625,0.9912641048431396
3792,4.740000076708384e-05,0.15064209699630737,3.975823402404785,3.1509079933166504,85.31214141845703,67.611328125,6.378469467163086,0.0033555924892425537,7.0291748046875,0.991264283657074
3793,4.7412500862265006e-05,0.15810233354568481,41.21868133544922,32.66651153564453,85.31214141845703,67.611328125,9.242636680603027,0.0032572150230407715,6.7059326171875,0.9912643432617188
3794,4.742500095744617e-05,0.14688195288181305,48.769283294677734,38.650489807128906,85.31214141845703,67.611328125,7.012625694274902,0.004959762096405029,6.978515625,0.9912644028663635
3795,4.743750105262734e-05,0.148836150765419,60.18991470336914,47.7015380859375,85.31214141845703,67.611328125,8.222932815551758,0.003696620464324951,7.040283203125,0.9912645816802979
3796,4.745000114780851e-05,0.14900639653205872,58.45303726196289,46.32503128051758,85.31214141845703,67.611328125,6.586319446563721,0.004845976829528809,6.6986083984375,0.991265058517456
3797,4.7462501242989674e-05,0.17055843770503998,46.232967376708984,36.64041519165039,85.31214141845703,67.611328125,5.6311140060424805,0.002880483865737915,6.831787109375,0.9912651181221008
3798,4.747500133817084e-05,0.14676760137081146,44.74055099487305,35.4576530456543,85.31214141845703,67.611328125,7.817599296569824,0.006040990352630615,7.0672607421875,0.9912652969360352
3799,4.748750143335201e-05,0.16117213666439056,48.566104888916016,38.48946762084961,85.31214141845703,67.611328125,7.550627708435059,0.003961801528930664,6.7236328125,0.991267204284668
3800,4.7500001528533176e-05,0.17125709354877472,34.14393615722656,27.05965232849121,85.31214141845703,67.611328125,7.276716709136963,0.0038285255432128906,6.629638671875,0.9912672638893127
3801,4.751250162371434e-05,0.14612454175949097,23.290498733520508,18.458118438720703,85.31214141845703,67.611328125,6.75065279006958,0.003145277500152588,6.6400146484375,0.9912674427032471
3802,4.752500171889551e-05,0.16572776436805725,35.82316970825195,28.390472412109375,85.31214141845703,67.611328125,8.614819526672363,0.0025537610054016113,6.86376953125,0.9912679195404053
3803,4.753750181407668e-05,0.16894595324993134,22.047916412353516,17.473350524902344,85.31214141845703,67.611328125,6.250762462615967,0.005495965480804443,6.7294921875,0.9912680983543396
3804,4.754999827127904e-05,0.15286892652511597,47.25956726074219,37.45401382446289,85.31214141845703,67.611328125,8.835380554199219,0.0029192566871643066,7.1146240234375,0.9912680983543396
3805,4.7562498366460204e-05,0.1500098556280136,36.523414611816406,28.945430755615234,85.31214141845703,67.611328125,8.548454284667969,0.003514200448989868,6.8526611328125,0.9912682175636292
3806,4.757499846164137e-05,0.1668766736984253,59.29118728637695,46.989280700683594,85.31214141845703,67.611328125,8.21651554107666,0.004369080066680908,6.7781982421875,0.9912683367729187
3807,4.758749855682254e-05,0.16841286420822144,40.87358856201172,32.39302062988281,85.31214141845703,67.611328125,6.9053802490234375,0.0047798752784729,6.8065185546875,0.9912683963775635
3808,4.7599998652003706e-05,0.14725244045257568,20.650676727294922,16.36601448059082,85.31214141845703,67.611328125,6.9403510093688965,0.0032945573329925537,7.3780517578125,0.9912688732147217
3809,4.761249874718487e-05,0.18712183833122253,54.182254791259766,42.940364837646484,85.31214141845703,67.611328125,6.904614448547363,0.004487663507461548,6.4097900390625,0.991269052028656
3810,4.762499884236604e-05,0.19723379611968994,55.75100326538086,44.183624267578125,85.31214141845703,67.611328125,7.834423065185547,0.004198431968688965,6.83056640625,0.9912691116333008
3811,4.763749893754721e-05,0.19878841936588287,47.6633415222168,37.774009704589844,85.31214141845703,67.611328125,7.9205121994018555,0.0032705962657928467,6.760009765625,0.9912710189819336
3812,4.7649999032728374e-05,0.14107979834079742,40.737876892089844,32.28546142578125,85.31214141845703,67.611328125,6.6143975257873535,0.002694547176361084,6.726318359375,0.9912711977958679
3813,4.766249912790954e-05,0.1750863641500473,48.60585403442383,38.52096939086914,85.31214141845703,67.611328125,6.32260274887085,0.004904240369796753,6.6978759765625,0.9912717342376709
3814,4.767499922309071e-05,0.15036547183990479,51.627262115478516,40.91548538208008,85.31214141845703,67.611328125,7.742465496063232,0.002861231565475464,6.98681640625,0.9912717342376709
3815,4.7687499318271875e-05,0.16555625200271606,35.22114181518555,27.91335678100586,85.31214141845703,67.611328125,7.3992791175842285,0.003016054630279541,7.107666015625,0.9912719130516052
3816,4.769999941345304e-05,0.21312695741653442,40.17801284790039,31.84176254272461,85.31214141845703,67.611328125,7.006881237030029,0.0057020485401153564,7.0174560546875,0.99127197265625
3817,4.771249950863421e-05,0.16044582426548004,59.49020004272461,47.14699935913086,85.31214141845703,67.611328125,8.628514289855957,0.0022674202919006348,7.074462890625,0.9912720322608948
3818,4.772499960381538e-05,0.1394098848104477,52.29249572753906,41.44269561767578,85.31214141845703,67.611328125,9.977898597717285,0.003233790397644043,7.1824951171875,0.9912722110748291
3819,4.7737499698996544e-05,0.16903819143772125,57.90011215209961,45.8868293762207,85.31214141845703,67.611328125,5.415117263793945,0.0026564300060272217,6.7569580078125,0.9912726879119873
3820,4.774999979417771e-05,0.14501239359378815,38.20486831665039,30.278011322021484,85.31214141845703,67.611328125,6.321767330169678,0.0030983686447143555,6.7281494140625,0.9912727475166321
3821,4.776249988935888e-05,0.16642533242702484,42.2397346496582,33.475711822509766,85.31214141845703,67.611328125,7.846100330352783,0.0021243691444396973,7.165771484375,0.9912729263305664
3822,4.7774999984540045e-05,0.1534091681241989,42.84355163574219,33.954246520996094,85.31214141845703,67.611328125,6.22213888168335,0.003159165382385254,6.8363037109375,0.9912748336791992
3823,4.778750007972121e-05,0.14151257276535034,46.21355438232422,36.625030517578125,85.31214141845703,67.611328125,5.185837268829346,0.007143378257751465,6.7049560546875,0.991274893283844
3824,4.780000017490238e-05,0.1677534133195877,0.8932594656944275,0.707923412322998,85.31214141845703,67.611328125,5.7271857261657715,0.0031949877738952637,7.0848388671875,0.9912750720977783
3825,4.781250027008355e-05,0.14137916266918182,19.62253761291504,15.551197052001953,85.31214141845703,67.611328125,6.8823981285095215,0.002925872802734375,7.04736328125,0.9912755489349365
3826,4.7825000365264714e-05,0.1504172682762146,1.048751950263977,0.8311538696289062,85.31214141845703,67.611328125,6.29536247253418,0.004153400659561157,6.9034423828125,0.9912757277488708
3827,4.783750046044588e-05,0.15607525408267975,45.1453857421875,35.77849197387695,85.31214141845703,67.611328125,7.378042697906494,0.004558265209197998,6.5128173828125,0.9912757277488708
3828,4.785000055562705e-05,0.16030281782150269,41.60643005371094,32.97380828857422,85.31214141845703,67.611328125,6.759312152862549,0.004911899566650391,6.496337890625,0.9912758469581604
3829,4.7862500650808215e-05,0.15142683684825897,42.57557678222656,33.74187469482422,85.31214141845703,67.611328125,8.489120483398438,0.00265425443649292,6.772216796875,0.99127596616745
3830,4.787500074598938e-05,0.17831023037433624,58.85255813598633,46.641658782958984,85.31214141845703,67.611328125,7.9086713790893555,0.0022896230220794678,7.13037109375,0.9912760257720947
3831,4.788750084117055e-05,0.1592336744070053,45.64450454711914,36.174049377441406,85.31214141845703,67.611328125,6.025754451751709,0.0033562183380126953,6.435791015625,0.9912765026092529
3832,4.7900000936351717e-05,0.15805873274803162,44.66862487792969,35.4006462097168,85.31214141845703,67.611328125,8.314884185791016,0.0042625367641448975,6.8536376953125,0.9912766814231873
3833,4.7912501031532884e-05,0.15952113270759583,1.0010145902633667,0.7933211326599121,85.31214141845703,67.611328125,6.8737053871154785,0.003239274024963379,6.554931640625,0.9912786483764648
3834,4.792500112671405e-05,0.14535999298095703,47.61013412475586,37.73184585571289,85.31214141845703,67.611328125,5.576436519622803,0.006105571985244751,6.650146484375,0.9912787079811096
3835,4.793750122189522e-05,0.15119346976280212,45.17631149291992,35.80299758911133,85.31214141845703,67.611328125,5.724731922149658,0.0025933682918548584,6.892333984375,0.9912788271903992
3836,4.7950001317076385e-05,0.14946609735488892,22.17060089111328,17.570579528808594,85.31214141845703,67.611328125,6.101304054260254,0.003964483737945557,6.5733642578125,0.9912793636322021
3837,4.796250141225755e-05,0.1278105229139328,60.49518585205078,47.94346618652344,85.31214141845703,67.611328125,6.424763202667236,0.0034714043140411377,6.8426513671875,0.9912794232368469
3838,4.797500150743872e-05,0.1783457249403,41.237274169921875,32.681243896484375,85.31214141845703,67.611328125,9.074334144592285,0.005703359842300415,6.2796630859375,0.9912795424461365
3839,4.7987501602619886e-05,0.13424965739250183,49.11389923095703,38.92360305786133,85.31214141845703,67.611328125,6.9820427894592285,0.00409466028213501,6.8560791015625,0.991279661655426
3840,4.8000001697801054e-05,0.13917529582977295,32.882965087890625,26.060312271118164,85.31214141845703,67.611328125,6.225467681884766,0.003859281539916992,7.19580078125,0.991279661655426
3841,4.801250179298222e-05,0.15075701475143433,43.545997619628906,34.510948181152344,85.31214141845703,67.611328125,13.45125961303711,0.0030353665351867676,6.965576171875,0.9912798404693604
3842,4.802499825018458e-05,0.1398724913597107,37.37420654296875,29.61969757080078,85.31214141845703,67.611328125,7.672202110290527,0.007049620151519775,6.7667236328125,0.9912803173065186
3843,4.803749834536575e-05,0.15480107069015503,24.810504913330078,19.662750244140625,85.31214141845703,67.611328125,6.969047546386719,0.0041623711585998535,6.809814453125,0.9912803769111633
3844,4.8049998440546915e-05,0.1325603574514389,10.22451400756836,8.10310173034668,85.31214141845703,67.611328125,5.020853519439697,0.002636253833770752,6.84521484375,0.9912805557250977
3845,4.806249853572808e-05,0.144117072224617,54.10071563720703,42.87574005126953,85.31214141845703,67.611328125,6.20895528793335,0.003557831048965454,6.763427734375,0.9912824630737305
3846,4.807499863090925e-05,0.1513518989086151,55.32781982421875,43.848243713378906,85.31214141845703,67.611328125,8.058464050292969,0.0029097795486450195,6.5054931640625,0.9912825226783752
3847,4.8087498726090416e-05,0.14146889746189117,0.9490304589271545,0.7521228790283203,85.31214141845703,67.611328125,8.005339622497559,0.0034662485122680664,7.121826171875,0.9912827014923096
3848,4.8099998821271583e-05,0.13284331560134888,43.822227478027344,34.72986602783203,85.31214141845703,67.611328125,6.767683982849121,0.004261612892150879,6.7591552734375,0.9912831783294678
3849,4.811249891645275e-05,0.15249204635620117,0.9177374243736267,0.7273225784301758,85.31214141845703,67.611328125,7.131680965423584,0.003413289785385132,7.0933837890625,0.9912833571434021
3850,4.812499901163392e-05,0.1428428739309311,47.39318084716797,37.559906005859375,85.31214141845703,67.611328125,6.627758026123047,0.0036167502403259277,6.8826904296875,0.9912833571434021
3851,4.8137499106815085e-05,0.14487257599830627,9.646434783935547,7.644964694976807,85.31214141845703,67.611328125,7.038036823272705,0.002882838249206543,6.7327880859375,0.9912834763526917
3852,4.814999920199625e-05,0.2220228612422943,59.01388168334961,46.769508361816406,85.31214141845703,67.611328125,6.100903034210205,0.0033601224422454834,7.1229248046875,0.9912835955619812
3853,4.816249929717742e-05,0.12579089403152466,49.72431182861328,39.40736770629883,85.31214141845703,67.611328125,6.12080192565918,0.005402922630310059,6.6295166015625,0.991283655166626
3854,4.8174999392358586e-05,0.14506110548973083,46.491764068603516,36.84552001953125,85.31214141845703,67.611328125,6.692432403564453,0.004606574773788452,6.9503173828125,0.991284191608429
3855,4.818749948753975e-05,0.14424820244312286,25.741918563842773,20.400909423828125,85.31214141845703,67.611328125,8.656760215759277,0.0032520592212677,6.925537109375,0.9912843108177185
3856,4.819999958272092e-05,0.1676570028066635,10.904269218444824,8.64181900024414,85.31214141845703,67.611328125,7.959002494812012,0.005665719509124756,6.6380615234375,0.9912862777709961
3857,4.821249967790209e-05,0.13965673744678497,51.27269744873047,40.63448715209961,85.31214141845703,67.611328125,5.9256486892700195,0.0028091073036193848,6.8568115234375,0.9912863373756409
3858,4.8224999773083255e-05,0.16633467376232147,37.130043029785156,29.42619514465332,85.31214141845703,67.611328125,6.030341148376465,0.0028231441974639893,7.0455322265625,0.9912864565849304
3859,4.823749986826442e-05,0.16365477442741394,0.8945446610450745,0.7089419364929199,85.31214141845703,67.611328125,6.024317741394043,0.0033133625984191895,6.69970703125,0.9912869930267334
3860,4.824999996344559e-05,0.1390240341424942,51.615577697753906,40.906227111816406,85.31214141845703,67.611328125,6.229446887969971,0.004560410976409912,6.59375,0.9912870526313782
3861,4.8262500058626756e-05,0.15756772458553314,11.758036613464355,9.318445205688477,85.31214141845703,67.611328125,7.836506366729736,0.0055783092975616455,6.69189453125,0.9912871718406677
3862,4.827500015380792e-05,0.1521066427230835,1.0047671794891357,0.796295166015625,85.31214141845703,67.611328125,6.036226272583008,0.003313720226287842,6.9134521484375,0.9912872910499573
3863,4.828750024898909e-05,0.1495378017425537,1.0137652158737183,0.8034262657165527,85.31214141845703,67.611328125,6.556748390197754,0.003582209348678589,6.6280517578125,0.9912872910499573
3864,4.830000034417026e-05,0.15676383674144745,23.42766571044922,18.56682586669922,85.31214141845703,67.611328125,6.253944396972656,0.0032768845558166504,7.10498046875,0.9912874698638916
3865,4.8312500439351425e-05,0.12478317320346832,62.21669387817383,49.30779266357422,85.31214141845703,67.611328125,6.623927116394043,0.0036978721618652344,6.7822265625,0.9912879467010498
3866,4.832500053453259e-05,0.15228737890720367,23.1824951171875,18.372522354125977,85.31214141845703,67.611328125,7.774835109710693,0.004126250743865967,6.7271728515625,0.9912881255149841
3867,4.833750062971376e-05,0.1537306159734726,3.8916757106781006,3.084219455718994,85.31214141845703,67.611328125,7.4462809562683105,0.005373179912567139,6.7943115234375,0.9912881851196289
3868,4.8350000724894926e-05,0.1399926245212555,35.777523040771484,28.354299545288086,85.31214141845703,67.611328125,5.045678615570068,0.003663778305053711,7.426513671875,0.9912900924682617
3869,4.836250082007609e-05,0.1399032324552536,0.9435546398162842,0.7477831840515137,85.31214141845703,67.611328125,7.0281758308410645,0.004194170236587524,6.4449462890625,0.991290271282196
3870,4.837500091525726e-05,0.13166750967502594,43.616188049316406,34.56657409667969,85.31214141845703,67.611328125,6.190051555633545,0.0036641061305999756,6.83544921875,0.9912903308868408
3871,4.838750101043843e-05,0.14668314158916473,0.9632697105407715,0.7634077072143555,85.31214141845703,67.611328125,5.549870014190674,0.0032832324504852295,6.693603515625,0.991290807723999
3872,4.8400001105619594e-05,0.14643077552318573,11.342669486999512,8.989259719848633,85.31214141845703,67.611328125,6.088576793670654,0.004596084356307983,6.698974609375,0.9912909865379333
3873,4.841250120080076e-05,0.17553481459617615,49.45046615600586,39.190338134765625,85.31214141845703,67.611328125,7.611052513122559,0.003473043441772461,6.745361328125,0.9912909865379333
3874,4.842500129598193e-05,0.15678875148296356,1.0375193357467651,0.8222517967224121,85.31214141845703,67.611328125,6.106934070587158,0.003147423267364502,7.0123291015625,0.9912911057472229
3875,4.8437501391163096e-05,0.14253543317317963,41.64112854003906,33.001304626464844,85.31214141845703,67.611328125,8.274003982543945,0.0031997859477996826,7.1260986328125,0.9912912249565125
3876,4.845000148634426e-05,0.13499701023101807,23.440214157104492,18.576770782470703,85.31214141845703,67.611328125,6.910709381103516,0.0034574270248413086,7.01611328125,0.9912912845611572
3877,4.846250158152543e-05,0.15881694853305817,1.0256175994873047,0.8128194808959961,85.31214141845703,67.611328125,7.189077377319336,0.0035066306591033936,7.1102294921875,0.9912918210029602
3878,4.84750016767066e-05,0.12907059490680695,1.0401618480682373,0.8243460655212402,85.31214141845703,67.611328125,6.428426742553711,0.003927111625671387,7.122802734375,0.9912919402122498
3879,4.8487501771887764e-05,0.15483084321022034,49.65932083129883,39.35586166381836,85.31214141845703,67.611328125,7.278439044952393,0.003951966762542725,6.794677734375,0.9912939071655273
3880,4.8499998229090124e-05,0.1736312061548233,31.633731842041016,25.07027244567871,85.31214141845703,67.611328125,6.356351375579834,0.0046606361865997314,6.601318359375,0.9912939667701721
3881,4.851249832427129e-05,0.1708783358335495,34.05217742919922,26.9869327545166,85.31214141845703,67.611328125,7.289881706237793,0.0019327402114868164,7.1376953125,0.9912941455841064
3882,4.852499841945246e-05,0.15445297956466675,19.04690933227539,15.095001220703125,85.31214141845703,67.611328125,6.133109092712402,0.003364086151123047,6.7984619140625,0.9912946224212646
3883,4.8537498514633626e-05,0.1280956119298935,47.14493942260742,37.3631706237793,85.31214141845703,67.611328125,6.362949371337891,0.003951966762542725,6.6015625,0.9912946820259094
3884,4.854999860981479e-05,0.14049778878688812,32.99307632446289,26.1475772857666,85.31214141845703,67.611328125,8.695100784301758,0.0031083226203918457,7.101806640625,0.991294801235199
3885,4.856249870499596e-05,0.14043018221855164,1.0470257997512817,0.8297858238220215,85.31214141845703,67.611328125,5.401336669921875,0.003261387348175049,7.0355224609375,0.9912949204444885
3886,4.857499880017713e-05,0.14878977835178375,52.97392654418945,41.98274230957031,85.31214141845703,67.611328125,7.571015357971191,0.00520053505897522,6.913818359375,0.9912949204444885
3887,4.8587498895358294e-05,0.15204928815364838,44.45240783691406,35.22929382324219,85.31214141845703,67.611328125,5.661183834075928,0.0027444958686828613,6.4979248046875,0.9912950992584229
3888,4.859999899053946e-05,0.16254794597625732,51.40802764892578,40.741737365722656,85.31214141845703,67.611328125,5.8853068351745605,0.005526423454284668,6.4697265625,0.991295576095581
3889,4.861249908572063e-05,0.1788831353187561,43.47402572631836,34.45390701293945,85.31214141845703,67.611328125,6.949197769165039,0.003190279006958008,6.738525390625,0.9912957549095154
3890,4.8624999180901796e-05,0.17442815005779266,53.60065460205078,42.479434967041016,85.31214141845703,67.611328125,7.817316055297852,0.002370476722717285,7.0179443359375,0.9912958145141602
3891,4.863749927608296e-05,0.1579480767250061,0.9577637910842896,0.7590441703796387,85.31214141845703,67.611328125,7.384066581726074,0.003546297550201416,6.383544921875,0.991297721862793
3892,4.864999937126413e-05,0.14457839727401733,47.04818344116211,37.28649139404297,85.31214141845703,67.611328125,6.990869522094727,0.0037811994552612305,6.8330078125,0.9912979006767273
3893,4.86624994664453e-05,0.1605779081583023,54.81950759887695,43.445396423339844,85.31214141845703,67.611328125,8.530719757080078,0.004624843597412109,6.6099853515625,0.9912979602813721
3894,4.8674999561626464e-05,0.1528172492980957,44.73670196533203,35.4546012878418,85.31214141845703,67.611328125,5.890198707580566,0.003378540277481079,6.5509033203125,0.9912984371185303
3895,4.868749965680763e-05,0.137186199426651,53.14122772216797,42.11532974243164,85.31214141845703,67.611328125,5.346093654632568,0.003035902976989746,6.777587890625,0.9912986159324646
3896,4.86999997519888e-05,0.1431882232427597,55.31675720214844,43.8394775390625,85.31214141845703,67.611328125,7.850757598876953,0.0027085542678833008,6.622802734375,0.9912986755371094
3897,4.8712499847169966e-05,0.1658766120672226,28.82124137878418,22.841325759887695,85.31214141845703,67.611328125,5.358555316925049,0.0029784739017486572,6.8310546875,0.9912987351417542
3898,4.872499994235113e-05,0.13295382261276245,3.697063446044922,2.929986000061035,85.31214141845703,67.611328125,6.501509666442871,0.003546476364135742,6.263916015625,0.9912989139556885
3899,4.87375000375323e-05,0.1463349461555481,51.9349479675293,41.15933609008789,85.31214141845703,67.611328125,5.29472541809082,0.004702538251876831,6.8592529296875,0.9912993907928467
3900,4.875000013271347e-05,0.14409196376800537,57.114505767822266,45.26422119140625,85.31214141845703,67.611328125,6.542557239532471,0.0064141154289245605,7.1470947265625,0.9912994503974915
3901,4.8762500227894634e-05,0.13563045859336853,38.74641418457031,30.707195281982422,85.31214141845703,67.611328125,14.01989459991455,0.002286970615386963,6.9656982421875,0.9912996292114258
3902,4.87750003230758e-05,0.13386034965515137,44.81434631347656,35.516136169433594,85.31214141845703,67.611328125,5.855519771575928,0.002822279930114746,6.7862548828125,0.9913015365600586
3903,4.878750041825697e-05,0.17166033387184143,4.412225723266602,3.4967641830444336,85.31214141845703,67.611328125,5.956405162811279,0.003786146640777588,6.822509765625,0.9913015961647034
3904,4.8800000513438135e-05,0.15593811869621277,57.983943939208984,45.95326614379883,85.31214141845703,67.611328125,5.963804721832275,0.002540677785873413,6.8804931640625,0.9913017749786377
3905,4.88125006086193e-05,0.15781964361667633,21.73906135559082,17.22857666015625,85.31214141845703,67.611328125,7.3112101554870605,0.003810107707977295,6.7432861328125,0.9913022518157959
3906,4.882500070380047e-05,0.1444597691297531,50.663719177246094,40.15186309814453,85.31214141845703,67.611328125,5.8189697265625,0.004012793302536011,6.536865234375,0.9913024306297302
3907,4.883750079898164e-05,0.15936236083507538,21.563589096069336,17.08951187133789,85.31214141845703,67.611328125,7.518333435058594,0.003247678279876709,7.2071533203125,0.9913024306297302
3908,4.8850000894162804e-05,0.14620263874530792,50.62438201904297,40.12068557739258,85.31214141845703,67.611328125,6.938844203948975,0.005532413721084595,6.779052734375,0.9913025498390198
3909,4.886250098934397e-05,0.1577785760164261,50.01759719848633,39.639801025390625,85.31214141845703,67.611328125,6.720926284790039,0.0036125481128692627,7.13330078125,0.9913026690483093
3910,4.887500108452514e-05,0.14158974587917328,35.351165771484375,28.016403198242188,85.31214141845703,67.611328125,6.26962423324585,0.0026083290576934814,6.81494140625,0.9913027286529541
3911,4.8887501179706305e-05,0.165248304605484,41.7728157043457,33.10566711425781,85.31214141845703,67.611328125,6.424240589141846,0.0038054585456848145,6.6715087890625,0.9913032054901123
3912,4.890000127488747e-05,0.147232785820961,20.23529052734375,16.036813735961914,85.31214141845703,67.611328125,5.109465599060059,0.0033246278762817383,7.0830078125,0.9913033843040466
3913,4.891250137006864e-05,0.1564750224351883,4.493006229400635,3.560784339904785,85.31214141845703,67.611328125,5.770972728729248,0.0027728676795959473,6.61376953125,0.9913034439086914
3914,4.892500146524981e-05,0.14679603278636932,1.0136520862579346,0.8033366203308105,85.31214141845703,67.611328125,6.265495300292969,0.003245532512664795,6.898193359375,0.991305410861969
3915,4.8937501560430974e-05,0.13053733110427856,34.9618034362793,27.70782470703125,85.31214141845703,67.611328125,6.631816387176514,0.00397983193397522,6.953369140625,0.9913055300712585
3916,4.895000165561214e-05,0.13583874702453613,21.484594345092773,17.02690887451172,85.31214141845703,67.611328125,6.483095169067383,0.0039463043212890625,6.6435546875,0.9913060665130615
3917,4.896250175079331e-05,0.13833071291446686,50.435237884521484,39.97079086303711,85.31214141845703,67.611328125,7.000906467437744,0.004786431789398193,6.8056640625,0.9913060665130615
3918,4.897499820799567e-05,0.14718274772167206,48.845943450927734,38.711246490478516,85.31214141845703,67.611328125,7.16938591003418,0.0033197104930877686,7.0609130859375,0.9913062453269958
3919,4.8987498303176835e-05,0.1640813797712326,49.23819351196289,39.02210998535156,85.31214141845703,67.611328125,6.79939079284668,0.003664344549179077,6.8248291015625,0.9913063049316406
3920,4.8999998398358e-05,0.13175369799137115,56.217926025390625,44.55366516113281,85.31214141845703,67.611328125,8.118440628051758,0.0032736361026763916,6.541259765625,0.9913063645362854
3921,4.901249849353917e-05,0.14703640341758728,23.441713333129883,18.577959060668945,85.31214141845703,67.611328125,8.107034683227539,0.0030460357666015625,6.748779296875,0.9913065433502197
3922,4.9024998588720337e-05,0.16106966137886047,53.4475212097168,42.35807418823242,85.31214141845703,67.611328125,6.5921244621276855,0.004407823085784912,7.0048828125,0.9913070201873779
3923,4.9037498683901504e-05,0.16039420664310455,4.42619514465332,3.5078353881835938,85.31214141845703,67.611328125,7.7397074699401855,0.0037960708141326904,6.786865234375,0.9913070797920227
3924,4.904999877908267e-05,0.16948525607585907,43.18126678466797,34.221893310546875,85.31214141845703,67.611328125,7.614211082458496,0.0032593905925750732,7.074462890625,0.991307258605957
3925,4.906249887426384e-05,0.1625572144985199,3.989736557006836,3.1619343757629395,85.31214141845703,67.611328125,5.61653995513916,0.0029180049896240234,6.7662353515625,0.9913091659545898
3926,4.9074998969445005e-05,0.14414140582084656,22.636775970458984,17.940031051635742,85.31214141845703,67.611328125,6.257640838623047,0.002892136573791504,6.7127685546875,0.9913092255592346
3927,4.908749906462617e-05,0.16431789100170135,56.55356216430664,44.819664001464844,85.31214141845703,67.611328125,6.327581405639648,0.003827691078186035,6.870361328125,0.991309404373169
3928,4.909999915980734e-05,0.14455635845661163,1.0234317779541016,0.8110871315002441,85.31214141845703,67.611328125,6.209966659545898,0.0024946928024291992,7.4310302734375,0.9913098812103271
3929,4.9112499254988506e-05,0.13238240778446198,1.0347901582717896,0.8200888633728027,85.31214141845703,67.611328125,6.807106018066406,0.003324747085571289,6.4561767578125,0.9913100600242615
3930,4.9124999350169674e-05,0.1643468290567398,20.202726364135742,16.011005401611328,85.31214141845703,67.611328125,5.214282989501953,0.00392991304397583,6.820556640625,0.9913100600242615
3931,4.913749944535084e-05,0.13840408623218536,42.948822021484375,34.03767395019531,85.31214141845703,67.611328125,9.033132553100586,0.0026636719703674316,6.74609375,0.991310179233551
3932,4.914999954053201e-05,0.14841949939727783,9.299215316772461,7.369786739349365,85.31214141845703,67.611328125,6.970295429229736,0.003631383180618286,6.7271728515625,0.9913102984428406
3933,4.9162499635713175e-05,0.13810144364833832,57.40542984008789,45.49478530883789,85.31214141845703,67.611328125,9.36798095703125,0.005031406879425049,6.74267578125,0.9913103580474854
3934,4.917499973089434e-05,0.14342615008354187,8.973188400268555,7.111405372619629,85.31214141845703,67.611328125,6.611258029937744,0.004004240036010742,7.097412109375,0.9913108348846436
3935,4.918749982607551e-05,0.15744100511074066,44.04300308227539,34.90483474731445,85.31214141845703,67.611328125,5.699517726898193,0.003501385450363159,7.1092529296875,0.9913110136985779
3936,4.9199999921256676e-05,0.2272365838289261,42.42839813232422,33.6252326965332,85.31214141845703,67.611328125,6.047996997833252,0.003071427345275879,7.0440673828125,0.9913110733032227
3937,4.9212500016437843e-05,0.13129974901676178,48.884979248046875,38.74217987060547,85.31214141845703,67.611328125,8.73261833190918,0.005838721990585327,7.1436767578125,0.9913130402565002
3938,4.922500011161901e-05,0.18839183449745178,49.2568244934082,39.03687286376953,85.31214141845703,67.611328125,6.96453332901001,0.005804091691970825,7.1368408203125,0.9913131594657898
3939,4.923750020680018e-05,0.15832705795764923,25.651073455810547,20.328914642333984,85.31214141845703,67.611328125,6.977847576141357,0.0030960440635681152,6.7037353515625,0.9913136959075928
3940,4.9250000301981345e-05,0.15702170133590698,56.703704833984375,44.938655853271484,85.31214141845703,67.611328125,6.7604546546936035,0.004453063011169434,6.6513671875,0.9913137555122375
3941,4.926250039716251e-05,0.16788342595100403,49.67909240722656,39.37152862548828,85.31214141845703,67.611328125,7.014216899871826,0.0027628540992736816,7.0323486328125,0.9913138747215271
3942,4.927500049234368e-05,0.1482188105583191,11.103259086608887,8.799522399902344,85.31214141845703,67.611328125,8.142459869384766,0.006486415863037109,6.809326171875,0.9913139939308167
3943,4.9287500587524846e-05,0.15250152349472046,0.9609087109565735,0.7615365982055664,85.31214141845703,67.611328125,5.752953052520752,0.005768865346908569,6.6295166015625,0.9913139939308167
3944,4.930000068270601e-05,0.13707201182842255,59.373470306396484,47.05448913574219,85.31214141845703,67.611328125,5.695367813110352,0.004799485206604004,7.05517578125,0.991314172744751
3945,4.931250077788718e-05,0.16156108677387238,40.93391036987305,32.44082260131836,85.31214141845703,67.611328125,5.965938568115234,0.0023902058601379395,7.183837890625,0.9913146495819092
3946,4.932500087306835e-05,0.146884486079216,59.31355285644531,47.00700378417969,85.31214141845703,67.611328125,6.141756534576416,0.004285931587219238,6.8726806640625,0.991314709186554
3947,4.9337500968249515e-05,0.1461358219385147,4.155940055847168,3.2936534881591797,85.31214141845703,67.611328125,6.909217834472656,0.0032423734664916992,6.50634765625,0.9913148880004883
3948,4.935000106343068e-05,0.14196696877479553,46.049617767333984,36.49510955810547,85.31214141845703,67.611328125,8.324240684509277,0.0041294097900390625,6.3941650390625,0.9913167953491211
3949,4.936250115861185e-05,0.16014836728572845,10.67813777923584,8.462606430053711,85.31214141845703,67.611328125,7.74390983581543,0.005836755037307739,6.7401123046875,0.9913168549537659
3950,4.9375001253793016e-05,0.13869093358516693,37.326416015625,29.581823348999023,85.31214141845703,67.611328125,8.242584228515625,0.0028964579105377197,6.978271484375,0.9913170337677002
3951,4.938750134897418e-05,0.15152432024478912,0.8860881328582764,0.702239990234375,85.31214141845703,67.611328125,7.57136344909668,0.0032038092613220215,6.507568359375,0.9913175106048584
3952,4.940000144415535e-05,0.16653382778167725,42.78909683227539,33.91109085083008,85.31214141845703,67.611328125,7.073385715484619,0.004200398921966553,6.783935546875,0.9913176894187927
3953,4.941250153933652e-05,0.14124271273612976,1.0675488710403442,0.8460507392883301,85.31214141845703,67.611328125,6.591765403747559,0.0049623847007751465,6.6185302734375,0.9913176894187927
3954,4.9425001634517685e-05,0.18489235639572144,48.91315841674805,38.7645149230957,85.31214141845703,67.611328125,5.530483245849609,0.003978610038757324,6.5689697265625,0.9913178086280823
3955,4.943750172969885e-05,0.1595792919397354,49.19446563720703,38.98745346069336,85.31214141845703,67.611328125,6.355101585388184,0.003551661968231201,6.68701171875,0.9913179278373718
3956,4.944999818690121e-05,0.16322249174118042,42.13865661621094,33.395606994628906,85.31214141845703,67.611328125,5.934253215789795,0.002568066120147705,6.6075439453125,0.9913179874420166
3957,4.946249828208238e-05,0.14136528968811035,10.7327241897583,8.505867004394531,85.31214141845703,67.611328125,7.131892204284668,0.004892528057098389,6.836669921875,0.9913185238838196
3958,4.9474998377263546e-05,0.13930971920490265,47.32946014404297,37.509403228759766,85.31214141845703,67.611328125,5.724053382873535,0.006729245185852051,6.271484375,0.9913186430931091
3959,4.948749847244471e-05,0.16163337230682373,9.819847106933594,7.7823967933654785,85.31214141845703,67.611328125,6.090366840362549,0.0032429397106170654,6.837646484375,0.9913187026977539
3960,4.949999856762588e-05,0.15513814985752106,39.172935485839844,31.04522132873535,85.31214141845703,67.611328125,7.122892379760742,0.002490103244781494,7.154296875,0.9913206696510315
3961,4.951249866280705e-05,0.13931040465831757,8.837711334228516,7.004037380218506,85.31214141845703,67.611328125,13.628984451293945,0.005455464124679565,7.0174560546875,0.991320788860321
3962,4.9524998757988214e-05,0.13501565158367157,10.725882530212402,8.500445365905762,85.31214141845703,67.611328125,5.7983012199401855,0.0032605528831481934,6.7718505859375,0.991321325302124
3963,4.953749885316938e-05,0.15503817796707153,4.2614336013793945,3.377258777618408,85.31214141845703,67.611328125,6.0632243156433105,0.003928244113922119,6.8211669921875,0.9913213849067688
3964,4.954999894835055e-05,0.14348165690898895,10.514251708984375,8.332723617553711,85.31214141845703,67.611328125,5.890870571136475,0.0035665035247802734,6.873291015625,0.9913215041160583
3965,4.9562499043531716e-05,0.13827663660049438,20.292287826538086,16.081985473632812,85.31214141845703,67.611328125,6.386958599090576,0.0032557547092437744,6.792724609375,0.9913216233253479
3966,4.957499913871288e-05,0.14417697489261627,45.96735382080078,36.42991256713867,85.31214141845703,67.611328125,8.167089462280273,0.004786670207977295,6.495361328125,0.9913216233253479
3967,4.958749923389405e-05,0.15621031820774078,43.831825256347656,34.73746871948242,85.31214141845703,67.611328125,8.151089668273926,0.0025582611560821533,7.1793212890625,0.9913218021392822
3968,4.959999932907522e-05,0.14088007807731628,1.0145214796066284,0.8040256500244141,85.31214141845703,67.611328125,6.774971961975098,0.0028406381607055664,6.760009765625,0.9913222789764404
3969,4.9612499424256384e-05,0.12326150387525558,4.13665771484375,3.278371810913086,85.31214141845703,67.611328125,6.41403341293335,0.003618299961090088,7.103271484375,0.9913224577903748
3970,4.962499951943755e-05,0.16751793026924133,47.96135711669922,38.010196685791016,85.31214141845703,67.611328125,5.285931587219238,0.0038901567459106445,6.7293701171875,0.9913225173950195
3971,4.963749961461872e-05,0.14532315731048584,53.03664779663086,42.03245162963867,85.31214141845703,67.611328125,10.760981559753418,0.00356292724609375,6.6427001953125,0.9913244247436523
3972,4.9649999709799886e-05,0.17638297379016876,40.375247955322266,31.99807357788086,85.31214141845703,67.611328125,5.509703159332275,0.004018336534500122,7.1397705078125,0.9913246035575867
3973,4.966249980498105e-05,0.1741180419921875,41.77931213378906,33.110816955566406,85.31214141845703,67.611328125,7.392152309417725,0.005354642868041992,6.6710205078125,0.9913246631622314
3974,4.967499990016222e-05,0.13858704268932343,24.664918899536133,19.5473690032959,85.31214141845703,67.611328125,7.876040458679199,0.004901319742202759,6.9669189453125,0.9913251399993896
3975,4.968749999534339e-05,0.18417227268218994,57.3272819519043,45.4328498840332,85.31214141845703,67.611328125,7.766822814941406,0.0031020045280456543,6.955810546875,0.991325318813324
3976,4.9700000090524554e-05,0.16248676180839539,42.75320053100586,33.88264083862305,85.31214141845703,67.611328125,6.3823723793029785,0.0031015872955322266,6.658203125,0.991325318813324
3977,4.971250018570572e-05,0.14738859236240387,50.78718185424805,40.24971008300781,85.31214141845703,67.611328125,6.472324848175049,0.0026713013648986816,6.7305908203125,0.9913254380226135
3978,4.972500028088689e-05,0.17593903839588165,55.06130599975586,43.63702392578125,85.31214141845703,67.611328125,6.047039031982422,0.004629373550415039,7.0538330078125,0.9913255572319031
3979,4.9737500376068056e-05,0.17190466821193695,11.019094467163086,8.732820510864258,85.31214141845703,67.611328125,6.372147560119629,0.004189431667327881,6.66943359375,0.9913256168365479
3980,4.975000047124922e-05,0.1647171676158905,4.129719257354736,3.2728729248046875,85.31214141845703,67.611328125,6.920069217681885,0.00296097993850708,6.52490234375,0.9913261532783508
3981,4.976250056643039e-05,0.14369091391563416,11.027433395385742,8.739429473876953,85.31214141845703,67.611328125,4.664283275604248,0.002699941396713257,6.810302734375,0.9913262724876404
3982,4.977500066161156e-05,0.17797215282917023,10.674784660339355,8.459949493408203,85.31214141845703,67.611328125,6.053844451904297,0.003031402826309204,7.015869140625,0.991328239440918
3983,4.9787500756792724e-05,0.1596919745206833,44.17832565307617,35.01207733154297,85.31214141845703,67.611328125,6.984884738922119,0.005124896764755249,6.884765625,0.9913282990455627
3984,4.980000085197389e-05,0.14644907414913177,36.37540054321289,28.828125,85.31214141845703,67.611328125,6.197348117828369,0.0028964877128601074,7.0438232421875,0.9913284778594971
3985,4.981250094715506e-05,0.1391059160232544,23.71315574645996,18.793081283569336,85.31214141845703,67.611328125,6.53162145614624,0.005565285682678223,6.8389892578125,0.9913289546966553
3986,4.9825001042336226e-05,0.13397447764873505,47.325321197509766,37.506126403808594,85.31214141845703,67.611328125,6.402887344360352,0.004516154527664185,6.7647705078125,0.9913290143013
3987,4.983750113751739e-05,0.14910291135311127,35.000953674316406,27.738855361938477,85.31214141845703,67.611328125,6.072155952453613,0.003057718276977539,6.84130859375,0.9913291335105896
3988,4.985000123269856e-05,0.14460285007953644,21.432912826538086,16.985950469970703,85.31214141845703,67.611328125,6.55598258972168,0.003805220127105713,7.53759765625,0.9913292527198792
3989,4.986250132787973e-05,0.1446976661682129,9.903088569641113,7.848367214202881,85.31214141845703,67.611328125,5.57863187789917,0.003385782241821289,6.504150390625,0.9913292527198792
3961,4.951249866280705e-05,0.1516951322555542,13.226120948791504,10.481926918029785,13.75413990020752,10.900390625,10.556611061096191,0.0023989975452423096,6.952880859375,0.991320788860321
3962,4.9524998757988214e-05,0.13902726769447327,9.45322036743164,7.4918389320373535,13.75413990020752,10.900390625,11.100743293762207,0.003147304058074951,6.721435546875,0.991321325302124
3963,4.953749885316938e-05,0.15795916318893433,4.119633674621582,3.2648801803588867,13.75413990020752,10.900390625,11.053352355957031,0.0031405091285705566,6.783447265625,0.9913213849067688
3964,4.954999894835055e-05,0.1289762258529663,10.820008277893066,8.575041770935059,13.75413990020752,10.900390625,10.367514610290527,0.002659320831298828,6.8134765625,0.9913215041160583
3965,4.9562499043531716e-05,0.1420559287071228,17.6223087310791,13.965980529785156,18.983718872070312,15.044921875,11.407622337341309,0.002476036548614502,6.748046875,0.9913216233253479
3966,4.957499913871288e-05,0.17445701360702515,47.73530197143555,37.8310432434082,51.292762756347656,40.650390625,11.264634132385254,0.003221958875656128,6.4625244140625,0.9913216233253479
3967,4.958749923389405e-05,0.14116215705871582,50.9610481262207,40.38750076293945,64.00443267822266,50.724609375,12.42549991607666,0.002016723155975342,7.135009765625,0.9913218021392822
3968,4.959999932907522e-05,0.12752074003219604,1.0394014120101929,0.8237433433532715,64.00443267822266,50.724609375,11.609193801879883,0.00293615460395813,6.7342529296875,0.9913222789764404
3969,4.9612499424256384e-05,0.14667685329914093,3.80818247795105,3.018049716949463,64.00443267822266,50.724609375,11.106077194213867,0.0020846128463745117,7.0408935546875,0.9913224577903748
3970,4.962499951943755e-05,0.15908239781856537,55.79404830932617,44.21773910522461,76.15421295166016,60.353515625,12.996899604797363,0.002606213092803955,6.70458984375,0.9913225173950195
3971,4.963749961461872e-05,0.13731183111667633,53.348472595214844,42.27957534790039,80.16635131835938,63.533203125,14.120023727416992,0.003077298402786255,6.5908203125,0.9913244247436523
3972,4.9649999709799886e-05,0.14773279428482056,37.55080032348633,29.7596492767334,80.16635131835938,63.533203125,11.538540840148926,0.0023941397666931152,7.0850830078125,0.9913246035575867
3973,4.966249980498105e-05,0.17116126418113708,56.96741485595703,45.147647857666016,92.63157653808594,73.412109375,11.814342498779297,0.0027333498001098633,6.6480712890625,0.9913246631622314
3974,4.967499990016222e-05,0.1516319066286087,24.705305099487305,19.579376220703125,92.63157653808594,73.412109375,12.441656112670898,0.0025697648525238037,6.9302978515625,0.9913251399993896
3975,4.968749999534339e-05,0.15893006324768066,38.40283203125,30.434900283813477,92.63157653808594,73.412109375,11.07051944732666,0.0024010539054870605,6.8973388671875,0.991325318813324
3976,4.9700000090524554e-05,0.1465400606393814,46.72687911987305,37.0318489074707,92.63650512695312,73.416015625,10.535711288452148,0.002749204635620117,6.6263427734375,0.991325318813324
3977,4.971250018570572e-05,0.13742771744728088,51.43397903442383,40.762306213378906,92.63650512695312,73.416015625,11.150849342346191,0.0031751394271850586,6.63525390625,0.9913254380226135
3978,4.972500028088689e-05,0.1480237990617752,55.19509506225586,43.7430534362793,97.9967041015625,77.6640625,10.721943855285645,0.0024531781673431396,7.0164794921875,0.9913255572319031
3979,4.9737500376068056e-05,0.14549018442630768,10.889619827270508,8.630209922790527,57.379974365234375,45.474609375,10.566692352294922,0.0022771358489990234,6.6392822265625,0.9913256168365479
3980,4.975000047124922e-05,0.1415179967880249,3.89009690284729,3.082968235015869,57.379974365234375,45.474609375,11.116133689880371,0.002764403820037842,6.48095703125,0.9913261532783508
3981,4.976250056643039e-05,0.14556746184825897,12.057265281677246,9.555588722229004,57.379974365234375,45.474609375,11.175079345703125,0.002566128969192505,6.7791748046875,0.9913262724876404
3982,4.977500066161156e-05,0.13476622104644775,10.30113697052002,8.163826942443848,57.379974365234375,45.474609375,13.829219818115234,0.002003997564315796,6.9759521484375,0.991328239440918
3983,4.9787500756792724e-05,0.14626608788967133,42.996028900146484,34.07508850097656,57.379974365234375,45.474609375,11.57986831665039,0.0020401477813720703,6.8233642578125,0.9913282990455627
3984,4.980000085197389e-05,0.14230230450630188,38.912864685058594,30.839111328125,57.379974365234375,45.474609375,10.648331642150879,0.0020914077758789062,7.00732421875,0.9913284778594971
3985,4.981250094715506e-05,0.130935400724411,23.3244571685791,18.485031127929688,57.379974365234375,45.474609375,12.378803253173828,0.003221184015274048,6.7916259765625,0.9913289546966553
3986,4.9825001042336226e-05,0.14689518511295319,44.66758346557617,35.39982223510742,57.379974365234375,45.474609375,12.488161087036133,0.0029052793979644775,6.6982421875,0.9913290143013
3987,4.983750113751739e-05,0.14417552947998047,34.328853607177734,27.20620346069336,57.379974365234375,45.474609375,11.793647766113281,0.0029211342334747314,6.783203125,0.9913291335105896
3988,4.985000123269856e-05,0.14171995222568512,19.670106887817383,15.588895797729492,57.379974365234375,45.474609375,12.164763450622559,0.0020029842853546143,7.46533203125,0.9913292527198792
3989,4.986250132787973e-05,0.15531697869300842,11.321824073791504,8.972739219665527,57.379974365234375,45.474609375,12.661911010742188,0.003234386444091797,6.474609375,0.9913292527198792
3961,4.951249866280705e-05,0.16685540974140167,13.196610450744629,10.48277473449707,13.749385833740234,10.921875,9.951461791992188,0.00240132212638855,6.958251953125,0.991320788860321
3962,4.9524998757988214e-05,0.16616004705429077,9.435102462768555,7.494808197021484,13.749385833740234,10.921875,10.157686233520508,0.0032410025596618652,6.729736328125,0.991321325302124
3963,4.953749885316938e-05,0.16130423545837402,4.114999771118164,3.2687649726867676,13.749385833740234,10.921875,9.770193099975586,0.0034326910972595215,6.7841796875,0.9913213849067688
3964,4.954999894835055e-05,0.13417141139507294,10.7943696975708,8.574546813964844,13.749385833740234,10.921875,11.030572891235352,0.002651989459991455,6.8167724609375,0.9913215041160583
3965,4.9562499043531716e-05,0.140273779630661,17.5810546875,13.965574264526367,18.966875076293945,15.06640625,10.418015480041504,0.0025072097778320312,6.75146484375,0.9913216233253479
3966,4.957499913871288e-05,0.18388590216636658,47.61827087402344,37.825748443603516,51.20121765136719,40.671875,10.105040550231934,0.003259330987930298,6.46044921875,0.9913216233253479
3967,4.958749923389405e-05,0.14273089170455933,50.843505859375,40.387725830078125,63.88350296020508,50.74609375,12.599685668945312,0.0020269155502319336,7.1390380859375,0.9913218021392822
3968,4.959999932907522e-05,0.1321224421262741,1.0393855571746826,0.8256397247314453,63.88350296020508,50.74609375,9.280454635620117,0.003098428249359131,6.7340087890625,0.9913222789764404
3969,4.9612499424256384e-05,0.1498982012271881,3.8077573776245117,3.0247058868408203,63.88350296020508,50.74609375,10.344038009643555,0.0020785927772521973,7.0457763671875,0.9913224577903748
3970,4.962499951943755e-05,0.1621948629617691,55.65133285522461,44.20683670043945,76.00518798828125,60.375,10.326324462890625,0.002641141414642334,6.709228515625,0.9913225173950195
3971,4.963749961461872e-05,0.14380855858325958,53.21249771118164,42.2695426940918,80.00804901123047,63.5546875,12.51359748840332,0.003252744674682617,6.5927734375,0.9913244247436523
3972,4.9649999709799886e-05,0.14690257608890533,37.46022033691406,29.756662368774414,80.00804901123047,63.5546875,10.690032958984375,0.002420186996459961,7.0880126953125,0.9913246035575867
3973,4.966249980498105e-05,0.17223282158374786,56.826412200927734,45.14026641845703,92.4444580078125,73.43359375,11.168481826782227,0.0027756094932556152,6.6612548828125,0.9913246631622314
3974,4.967499990016222e-05,0.15707038342952728,24.642087936401367,19.57453155517578,92.4444580078125,73.43359375,9.911166191101074,0.0026363134384155273,6.9295654296875,0.9913251399993896
3975,4.968749999534339e-05,0.15879683196544647,38.30592346191406,30.428451538085938,92.4444580078125,73.43359375,10.021154403686523,0.0024069547653198242,6.9024658203125,0.991325318813324
3976,4.9700000090524554e-05,0.1461816281080246,46.61051940917969,37.025238037109375,92.44937896728516,73.4375,10.641547203063965,0.002788066864013672,6.6298828125,0.991325318813324
3977,4.971250018570572e-05,0.14316490292549133,51.308937072753906,40.757442474365234,92.44937896728516,73.4375,9.372787475585938,0.003681004047393799,6.6361083984375,0.9913254380226135
3978,4.972500028088689e-05,0.14675170183181763,55.05931091308594,43.73656463623047,98.91100311279297,78.5703125,10.427406311035156,0.0024315714836120605,7.01708984375,0.9913255572319031
3979,4.9737500376068056e-05,0.14698290824890137,10.868634223937988,8.633539199829102,57.67759323120117,45.81640625,9.88621997833252,0.0027055442333221436,6.643798828125,0.9913256168365479
3980,4.975000047124922e-05,0.14270931482315063,3.8827884197235107,3.0843071937561035,57.67759323120117,45.81640625,11.175342559814453,0.002788752317428589,6.4864501953125,0.9913261532783508
3981,4.976250056643039e-05,0.14701390266418457,12.028816223144531,9.555133819580078,57.67759323120117,45.81640625,9.535512924194336,0.002574145793914795,6.7833251953125,0.9913262724876404
3982,4.977500066161156e-05,0.13409702479839325,10.273834228515625,8.16105842590332,57.67759323120117,45.81640625,10.600667953491211,0.0024927258491516113,6.9803466796875,0.991328239440918
3983,4.9787500756792724e-05,0.14566582441329956,42.89100646972656,34.07062530517578,57.67759323120117,45.81640625,10.92164421081543,0.0020931363105773926,6.82470703125,0.9913282990455627
3984,4.980000085197389e-05,0.14803007245063782,38.817039489746094,30.834457397460938,57.67759323120117,45.81640625,10.136051177978516,0.0020997822284698486,7.0115966796875,0.9913284778594971
3985,4.981250094715506e-05,0.13187022507190704,23.273609161376953,18.487476348876953,57.67759323120117,45.81640625,10.161542892456055,0.003277212381362915,6.7935791015625,0.9913289546966553
3986,4.9825001042336226e-05,0.15150244534015656,44.55512237548828,35.39252471923828,57.67759323120117,45.81640625,11.856499671936035,0.002942204475402832,6.7047119140625,0.9913290143013
3987,4.983750113751739e-05,0.14113442599773407,34.24601745605469,27.203449249267578,57.67759323120117,45.81640625,9.930068016052246,0.0029735267162323,6.7904052734375,0.9913291335105896
3988,4.985000123269856e-05,0.14150533080101013,19.625276565551758,15.589408874511719,57.67759323120117,45.81640625,9.853972434997559,0.002069026231765747,7.466796875,0.9913292527198792
3989,4.986250132787973e-05,0.15473096072673798,11.295502662658691,8.972623825073242,57.67759323120117,45.81640625,10.459260940551758,0.0032498538494110107,6.4801025390625,0.9913292527198792
3961,4.951249866280705e-05,0.1554403454065323,13.194643020629883,10.481212615966797,13.746927261352539,10.919921875,10.850066184997559,0.0025731325149536133,6.955078125,0.991320788860321
3962,4.9524998757988214e-05,0.14603735506534576,9.433245658874512,7.493332862854004,13.746927261352539,10.919921875,9.725563049316406,0.003179699182510376,6.733154296875,0.991321325302124
3963,4.953749885316938e-05,0.16931211948394775,4.109991073608398,3.2647862434387207,13.746927261352539,10.919921875,10.459440231323242,0.003166377544403076,6.7861328125,0.9913213849067688
3964,4.954999894835055e-05,0.13349373638629913,10.788885116577148,8.5701904296875,13.746927261352539,10.919921875,10.294344902038574,0.0026878714561462402,6.818115234375,0.9913215041160583
3965,4.9562499043531716e-05,0.14812488853931427,17.579692840576172,13.964492797851562,18.96441650390625,15.064453125,11.083353996276855,0.0024757981300354004,6.763916015625,0.9913216233253479
3966,4.957499913871288e-05,0.17451761662960052,47.61900329589844,37.82632827758789,51.198760986328125,40.669921875,10.12856674194336,0.003277719020843506,6.4727783203125,0.9913216233253479
3967,4.958749923389405e-05,0.1369779258966446,50.83931350708008,40.38439178466797,63.881046295166016,50.744140625,12.082764625549316,0.002014249563217163,7.1513671875,0.9913218021392822
3968,4.959999932907522e-05,0.13012583553791046,1.0391088724136353,0.8254199028015137,63.881046295166016,50.744140625,9.740947723388672,0.0033258795738220215,6.7392578125,0.9913222789764404
3969,4.9612499424256384e-05,0.15095221996307373,3.800114631652832,3.018634796142578,63.881046295166016,50.744140625,10.719294548034668,0.002070784568786621,7.05224609375,0.9913224577903748
3970,4.962499951943755e-05,0.163058802485466,55.66062545776367,44.2142219543457,76.00273132324219,60.373046875,10.964244842529297,0.0026330947875976562,6.716064453125,0.9913225173950195
3971,4.963749961461872e-05,0.14074866473674774,53.216949462890625,42.27307891845703,80.0055923461914,63.552734375,12.195388793945312,0.003050476312637329,6.6085205078125,0.9913244247436523
3972,4.9649999709799886e-05,0.14853458106517792,37.4588737487793,29.755592346191406,80.0055923461914,63.552734375,10.109259605407715,0.0024080276489257812,7.0931396484375,0.9913246035575867
3973,4.966249980498105e-05,0.1744038164615631,56.83024978637695,45.143314361572266,92.44200134277344,73.431640625,11.123406410217285,0.0028716325759887695,6.661376953125,0.9913246631622314
3974,4.967499990016222e-05,0.15280501544475555,24.649707794189453,19.580585479736328,92.44200134277344,73.431640625,11.181051254272461,0.002578556537628174,6.9449462890625,0.9913251399993896
3975,4.968749999534339e-05,0.1627105176448822,38.30789566040039,30.430017471313477,92.44200134277344,73.431640625,11.177786827087402,0.0024605393409729004,6.909423828125,0.991325318813324
3976,4.9700000090524554e-05,0.15235216915607452,46.61220169067383,37.026573181152344,92.4469223022461,73.435546875,10.559882164001465,0.0027702748775482178,6.63671875,0.991325318813324
3977,4.971250018570572e-05,0.1423967033624649,51.30990982055664,40.75821304321289,92.4469223022461,73.435546875,11.601264953613281,0.0031589269638061523,6.6455078125,0.9913254380226135
3978,4.972500028088689e-05,0.14879544079303741,55.058712005615234,43.736087799072266,98.90853881835938,78.568359375,12.06158447265625,0.0024782419204711914,7.0211181640625,0.9913255572319031
3979,4.9737500376068056e-05,0.14988550543785095,10.874125480651855,8.637901306152344,57.66529846191406,45.806640625,10.780384063720703,0.002591729164123535,6.646484375,0.9913256168365479
3980,4.975000047124922e-05,0.1379406452178955,3.879551887512207,3.0817360877990723,57.66529846191406,45.806640625,12.043856620788574,0.0027536749839782715,6.4920654296875,0.9913261532783508
3981,4.976250056643039e-05,0.15892799198627472,12.025943756103516,9.552852630615234,57.66529846191406,45.806640625,10.589668273925781,0.00269433856010437,6.78759765625,0.9913262724876404
3982,4.977500066161156e-05,0.12902794778347015,10.275376319885254,8.162282943725586,57.66529846191406,45.806640625,9.348784446716309,0.002039283514022827,6.9871826171875,0.991328239440918
3983,4.9787500756792724e-05,0.14213155210018158,42.89137649536133,34.0709228515625,57.66529846191406,45.806640625,9.308064460754395,0.0026970505714416504,6.83203125,0.9913282990455627
3984,4.980000085197389e-05,0.14470860362052917,38.815799713134766,30.83346939086914,57.66529846191406,45.806640625,12.46037769317627,0.0021536052227020264,7.0157470703125,0.9913284778594971
3985,4.981250094715506e-05,0.13871601223945618,23.27722930908203,18.490352630615234,57.66529846191406,45.806640625,10.448888778686523,0.0032393932342529297,6.79833984375,0.9913289546966553
3986,4.9825001042336226e-05,0.14794756472110748,44.555660247802734,35.39295196533203,57.66529846191406,45.806640625,15.003928184509277,0.0029737353324890137,6.708740234375,0.9913290143013
3987,4.983750113751739e-05,0.14634306728839874,34.24595260620117,27.20339584350586,57.66529846191406,45.806640625,10.423239707946777,0.0030437111854553223,6.790283203125,0.9913291335105896
3988,4.985000123269856e-05,0.14903327822685242,19.625267028808594,15.589402198791504,57.66529846191406,45.806640625,10.540325164794922,0.00204429030418396,7.4793701171875,0.9913292527198792
3989,4.986250132787973e-05,0.15639467537403107,11.298242568969727,8.974800109863281,57.66529846191406,45.806640625,10.487234115600586,0.0032258927822113037,6.48095703125,0.9913292527198792
3961,4.951249866280705e-05,0.15210901200771332,13.19047737121582,10.477903366088867,13.766597747802734,10.935546875,9.497098922729492,0.002398937940597534,6.959716796875,0.991320788860321
3962,4.9524998757988214e-05,0.13782672584056854,9.429085731506348,7.4900288581848145,13.766597747802734,10.935546875,10.99351692199707,0.0031436681747436523,6.73095703125,0.991321325302124
3963,4.953749885316938e-05,0.1587175726890564,4.108955383300781,3.2639636993408203,13.766597747802734,10.935546875,10.198403358459473,0.00313413143157959,6.800537109375,0.9913213849067688
3964,4.954999894835055e-05,0.13314612209796906,10.791502952575684,8.572269439697266,13.766597747802734,10.935546875,11.552924156188965,0.0026657581329345703,6.826416015625,0.9913215041160583
3965,4.9562499043531716e-05,0.15446758270263672,17.582334518432617,13.966590881347656,18.984086990356445,15.080078125,11.755693435668945,0.002491891384124756,6.7548828125,0.9913216233253479
3966,4.957499913871288e-05,0.17650948464870453,47.62532424926758,37.83134841918945,51.56265640258789,40.958984375,12.04886245727539,0.0032194852828979492,6.47607421875,0.9913216233253479
3967,4.958749923389405e-05,0.14333125948905945,50.84521484375,40.38908004760742,64.24494171142578,51.033203125,13.907685279846191,0.0020234286785125732,7.15380859375,0.9913218021392822
3968,4.959999932907522e-05,0.13012482225894928,1.0357208251953125,0.8227286338806152,64.24494171142578,51.033203125,10.906441688537598,0.002959519624710083,6.744140625,0.9913222789764404
3969,4.9612499424256384e-05,0.14654524624347687,3.798736810684204,3.017540454864502,64.24494171142578,51.033203125,11.096988677978516,0.002058565616607666,7.0531005859375,0.9913224577903748
3970,4.962499951943755e-05,0.15461193025112152,55.65898895263672,44.212921142578125,76.36663055419922,60.662109375,11.772723197937012,0.0026167631149291992,6.72265625,0.9913225173950195
3971,4.963749961461872e-05,0.14229288697242737,53.221282958984375,42.276519775390625,80.36949157714844,63.841796875,14.007840156555176,0.0031113624572753906,6.5963134765625,0.9913244247436523
3972,4.9649999709799886e-05,0.15089479088783264,37.46712875366211,29.762149810791016,80.36949157714844,63.841796875,10.702527046203613,0.0023769736289978027,7.0885009765625,0.9913246035575867
3973,4.966249980498105e-05,0.1711960881948471,56.83449935913086,45.146690368652344,92.80590057373047,73.720703125,11.734468460083008,0.0030240416526794434,6.66357421875,0.9913246631622314
3974,4.967499990016222e-05,0.1484961360692978,24.64970588684082,19.580583572387695,92.80590057373047,73.720703125,11.217358589172363,0.002589106559753418,6.9466552734375,0.9913251399993896
3975,4.968749999534339e-05,0.1621565818786621,38.31487274169922,30.43556022644043,92.80590057373047,73.720703125,10.939459800720215,0.0024561285972595215,6.91455078125,0.991325318813324
3976,4.9700000090524554e-05,0.14510029554367065,46.619380950927734,37.03227233886719,92.8108139038086,73.724609375,11.039633750915527,0.0027355849742889404,6.636962890625,0.991325318813324
3977,4.971250018570572e-05,0.1420859396457672,51.313533782958984,40.76109313964844,92.8108139038086,73.724609375,11.300321578979492,0.003151118755340576,6.641357421875,0.9913254380226135
3978,4.972500028088689e-05,0.14790236949920654,55.068763732910156,43.74407196044922,98.15862274169922,77.97265625,12.096686363220215,0.002483367919921875,7.03076171875,0.9913255572319031
3979,4.9737500376068056e-05,0.1513756364583969,10.87138557434082,8.635725021362305,57.286651611328125,45.505859375,11.43388843536377,0.002275139093399048,6.6478271484375,0.9913256168365479
3980,4.975000047124922e-05,0.14034134149551392,3.8739116191864014,3.0772557258605957,57.286651611328125,45.505859375,12.06183910369873,0.0027569830417633057,6.4951171875,0.9913261532783508
3981,4.976250056643039e-05,0.15234945714473724,12.026908874511719,9.553619384765625,57.286651611328125,45.505859375,11.383622169494629,0.0025909245014190674,6.791015625,0.9913262724876404
3982,4.977500066161156e-05,0.1363275647163391,10.276500701904297,8.163175582885742,57.286651611328125,45.505859375,10.774270057678223,0.0020081698894500732,6.99853515625,0.991328239440918
3983,4.9787500756792724e-05,0.16080237925052643,42.894351959228516,34.07328414916992,57.286651611328125,45.505859375,11.470758438110352,0.0020567476749420166,6.8343505859375,0.9913282990455627
3984,4.980000085197389e-05,0.1450187861919403,38.824642181396484,30.840496063232422,57.286651611328125,45.505859375,11.597349166870117,0.0020877420902252197,7.0172119140625,0.9913284778594971
3985,4.981250094715506e-05,0.14542025327682495,23.270906448364258,18.485328674316406,57.286651611328125,45.505859375,13.543721199035645,0.003254324197769165,6.8033447265625,0.9913289546966553
3986,4.9825001042336226e-05,0.14097800850868225,44.562007904052734,35.39799118041992,57.286651611328125,45.505859375,12.356758117675781,0.0028978288173675537,6.7105712890625,0.9913290143013
3987,4.983750113751739e-05,0.15271051228046417,34.246219635009766,27.203609466552734,57.286651611328125,45.505859375,11.30380916595459,0.0030423998832702637,6.8017578125,0.9913291335105896
3988,4.985000123269856e-05,0.1447710543870926,19.630517959594727,15.593572616577148,57.286651611328125,45.505859375,12.124523162841797,0.002025783061981201,7.485107421875,0.9913292527198792
3989,4.986250132787973e-05,0.15165597200393677,11.294687271118164,8.971975326538086,57.286651611328125,45.505859375,11.455606460571289,0.00319594144821167,6.4876708984375,0.9913292527198792
3990,4.9875001423060894e-05,0.15706342458724976,37.21159744262695,29.559167861938477,57.286651611328125,45.505859375,11.86366081237793,0.002319037914276123,6.8067626953125,0.9913294315338135
3991,4.988750151824206e-05,0.15105140209197998,11.647069931030273,9.25189208984375,57.286651611328125,45.505859375,11.897575378417969,0.0029801130294799805,6.6531982421875,0.9913299083709717
3992,4.990000161342323e-05,0.15159472823143005,52.73939514160156,41.89373016357422,62.553314208984375,49.689453125,11.890177726745605,0.0030510127544403076,6.7349853515625,0.991330087184906
3993,4.9912501708604395e-05,0.1542067676782608,55.47735595703125,44.068641662597656,63.5417366027832,50.474609375,11.776592254638672,0.0028293728828430176,6.6971435546875,0.9913301467895508
3994,4.992500180378556e-05,0.1702352911233902,47.126949310302734,37.435462951660156,63.5417366027832,50.474609375,13.148119926452637,0.0024493932723999023,7.0208740234375,0.9913320541381836
3995,4.993749826098792e-05,0.1299564391374588,48.160980224609375,38.2568473815918,63.5417366027832,50.474609375,10.898971557617188,0.0019380450248718262,7.003173828125,0.9913322329521179
3996,4.994999835616909e-05,0.2279825359582901,52.687992095947266,41.85289764404297,63.5417366027832,50.474609375,10.609474182128906,0.0023348629474639893,6.9747314453125,0.9913322925567627
3997,4.996249845135026e-05,0.15822868049144745,1.00955331325531,0.8019423484802246,63.5417366027832,50.474609375,11.139907836914062,0.0017052292823791504,7.0401611328125,0.9913327693939209
3998,4.9974998546531424e-05,0.13505958020687103,51.444313049316406,40.8649787902832,63.5417366027832,50.474609375,11.728549003601074,0.0016634762287139893,7.0938720703125,0.9913329482078552
3999,4.998749864171259e-05,0.14310206472873688,22.62887191772461,17.975326538085938,63.5417366027832,50.474609375,11.646761894226074,0.0017782151699066162,6.7291259765625,0.9913330078125
4000,4.999999873689376e-05,0.16822466254234314,23.33528709411621,18.536470413208008,63.5417366027832,50.474609375,11.860913276672363,0.0031188130378723145,6.5794677734375,0.9913330674171448
4001,5.0012498832074925e-05,0.14691400527954102,58.82404327392578,46.72709274291992,68.48876190185547,54.404296875,13.210836410522461,0.0018838047981262207,6.956298828125,0.9913332462310791
4002,5.002499892725609e-05,0.15665371716022491,21.459699630737305,17.046588897705078,68.48876190185547,54.404296875,11.269872665405273,0.002276867628097534,6.7469482421875,0.9913337230682373
4003,5.003749902243726e-05,0.15803559124469757,41.84588623046875,33.24043273925781,68.48876190185547,54.404296875,13.293928146362305,0.0031656622886657715,6.653076171875,0.9913337826728821
4004,5.004999911761843e-05,0.1531030535697937,41.10742950439453,32.65383529663086,68.48876190185547,54.404296875,12.419496536254883,0.0024872422218322754,7.02880859375,0.9913339614868164
4005,5.0062499212799594e-05,0.177711620926857,45.147979736328125,35.863460540771484,68.48876190185547,54.404296875,11.088183403015137,0.0021900534629821777,7.0977783203125,0.9913358688354492
4006,5.007499930798076e-05,0.17211660742759705,36.70893859863281,29.15987777709961,68.48876190185547,54.404296875,13.159334182739258,0.0026314854621887207,6.889404296875,0.991335928440094
4007,5.008749940316193e-05,0.14757736027240753,48.4548454284668,38.49028396606445,68.48876190185547,54.404296875,11.54276180267334,0.002419590950012207,6.542724609375,0.9913361072540283
4008,5.0099999498343095e-05,0.16918115317821503,48.57643127441406,38.58686447143555,68.48876190185547,54.404296875,13.711901664733887,0.003247559070587158,6.3663330078125,0.9913365840911865
4009,5.011249959352426e-05,0.16674141585826874,4.145514011383057,3.293004035949707,68.48876190185547,54.404296875,12.919099807739258,0.0029943883419036865,6.7757568359375,0.9913367629051208
4010,5.012499968870543e-05,0.16362857818603516,37.58201217651367,29.853408813476562,68.48876190185547,54.404296875,11.88179874420166,0.0019147396087646484,6.88720703125,0.9913367629051208
4011,5.0137499783886597e-05,0.15944357216358185,4.0047149658203125,3.1811599731445312,68.48876190185547,54.404296875,11.52121353149414,0.0028232038021087646,6.5286865234375,0.9913368821144104
4012,5.0149999879067764e-05,0.16035877168178558,41.79911804199219,33.20328140258789,68.48876190185547,54.404296875,10.4607515335083,0.002945631742477417,6.704833984375,0.9913370013237
4013,5.016249997424893e-05,0.158504456281662,35.02208709716797,27.819921493530273,68.48876190185547,54.404296875,11.141938209533691,0.002868086099624634,6.5977783203125,0.9913370609283447
4014,5.01750000694301e-05,0.13670854270458221,4.04989767074585,3.2170510292053223,68.48876190185547,54.404296875,11.345193862915039,0.0022780299186706543,6.51953125,0.9913375377655029
4015,5.0187500164611265e-05,0.1940709948539734,24.715402603149414,19.632770538330078,68.48876190185547,54.404296875,11.51233196258545,0.0029396414756774902,6.601318359375,0.9913377165794373
4016,5.020000025979243e-05,0.1716422587633133,48.13225173950195,38.23402786254883,68.48876190185547,54.404296875,10.481274604797363,0.0025928914546966553,6.496826171875,0.991337776184082
4017,5.02125003549736e-05,0.1583290547132492,46.848960876464844,37.21464157104492,68.48876190185547,54.404296875,11.38489055633545,0.003381878137588501,6.8677978515625,0.9913397431373596
4018,5.0225000450154766e-05,0.1814572662115097,52.55604553222656,41.748085021972656,68.48876190185547,54.404296875,12.627370834350586,0.0036115944385528564,6.2427978515625,0.9913398623466492
4019,5.0237500545335934e-05,0.15997041761875153,41.3914909362793,32.87948226928711,68.48876190185547,54.404296875,11.351726531982422,0.002288252115249634,6.8153076171875,0.9913403987884521
4020,5.02500006405171e-05,0.18158859014511108,39.51136016845703,31.38599395751953,68.48876190185547,54.404296875,11.573953628540039,0.0021231472492218018,7.07861328125,0.9913403987884521
4021,5.026250073569827e-05,0.15544220805168152,58.126312255859375,46.172847747802734,87.76789855957031,69.71875,17.61904525756836,0.0019421279430389404,7.014404296875,0.9913405776023865
4022,5.0275000830879435e-05,0.19520381093025208,37.45227813720703,29.750350952148438,87.76789855957031,69.71875,11.02879524230957,0.002198517322540283,6.700927734375,0.9913406372070312
4023,5.02875009260606e-05,0.16774320602416992,41.734867095947266,33.152244567871094,87.76789855957031,69.71875,10.727447509765625,0.002836167812347412,6.881591796875,0.991340696811676
4024,5.030000102124177e-05,0.14946845173835754,56.7580680847168,45.08597946166992,87.76789855957031,69.71875,11.273589134216309,0.002539515495300293,6.885009765625,0.9913408756256104
4025,5.0312501116422936e-05,0.18487930297851562,19.020381927490234,15.108909606933594,87.76789855957031,69.71875,11.624469757080078,0.002997487783432007,6.6778564453125,0.9913413524627686
4026,5.0325001211604103e-05,0.1427059769630432,3.8389816284179688,3.049509048461914,87.76789855957031,69.71875,9.660028457641602,0.0032122135162353516,6.3577880859375,0.9913414120674133
4027,5.033750130678527e-05,0.17468015849590302,4.4203619956970215,3.5113306045532227,87.76789855957031,69.71875,11.091889381408691,0.0023355484008789062,7.082275390625,0.9913415908813477
4028,5.035000140196644e-05,0.15474970638751984,60.15460968017578,47.784034729003906,92.5477294921875,73.515625,11.785666465759277,0.0026330947875976562,6.8397216796875,0.9913434982299805
4029,5.0362501497147605e-05,0.18551892042160034,42.607688903808594,33.84557342529297,92.5477294921875,73.515625,12.990389823913574,0.0019693374633789062,7.11376953125,0.9913435578346252
4030,5.037500159232877e-05,0.15092363953590393,51.314117431640625,40.76155471801758,92.5477294921875,73.515625,12.375760078430176,0.0022055506706237793,6.6748046875,0.9913437366485596
4031,5.038750168750994e-05,0.15552128851413727,4.024354457855225,3.196760654449463,92.5477294921875,73.515625,8.481522560119629,0.002492964267730713,6.6314697265625,0.9913442134857178
4032,5.0400001782691106e-05,0.14956766366958618,47.78068161010742,37.95475769042969,92.5477294921875,73.515625,10.81367015838623,0.0016824007034301758,7.0537109375,0.9913443922996521
4033,5.0412498239893466e-05,0.14967258274555206,47.84410095214844,38.00513458251953,92.5477294921875,73.515625,10.72654914855957,0.0026938319206237793,6.6697998046875,0.9913443922996521
4034,5.042499833507463e-05,0.1500828117132187,23.71341896057129,18.83683967590332,92.5477294921875,73.515625,11.038397789001465,0.002538025379180908,6.872314453125,0.9913445115089417
4035,5.04374984302558e-05,0.14514172077178955,50.98012924194336,40.49625015258789,92.5477294921875,73.515625,13.72618579864502,0.0021420419216156006,6.897216796875,0.9913446307182312
4036,5.044999852543697e-05,0.1522338092327118,50.26621627807617,39.92915344238281,92.5477294921875,73.515625,10.592016220092773,0.002518892288208008,6.609619140625,0.991344690322876
4037,5.0462498620618135e-05,0.14400094747543335,44.52391052246094,35.36772918701172,92.5477294921875,73.515625,12.008805274963379,0.0027571916580200195,6.6546630859375,0.9913451671600342
4038,5.04749987157993e-05,0.15204696357250214,22.049121856689453,17.514799118041992,92.5477294921875,73.515625,11.211130142211914,0.003412306308746338,7.004150390625,0.9913453459739685
4039,5.048749881098047e-05,0.164994016289711,0.9571875929832458,0.760345458984375,92.61903381347656,73.572265625,10.285846710205078,0.002791672945022583,6.6934814453125,0.9913473129272461
4040,5.0499998906161636e-05,0.14456093311309814,50.002193450927734,39.71942138671875,92.61903381347656,73.572265625,10.708539962768555,0.002316772937774658,6.5577392578125,0.9913473725318909
4041,5.05124990013428e-05,0.15599419176578522,48.41536331176758,38.458919525146484,92.61903381347656,73.572265625,11.052739143371582,0.0023908019065856934,6.81689453125,0.9913474917411804
4042,5.052499909652397e-05,0.14579349756240845,0.859342634677887,0.682621955871582,92.7690200805664,73.69140625,10.587373733520508,0.001628577709197998,6.9493408203125,0.9913480281829834
4043,5.053749919170514e-05,0.16325148940086365,4.386032581329346,3.484060764312744,92.7690200805664,73.69140625,10.16737174987793,0.0019174814224243164,6.8197021484375,0.9913480877876282
4044,5.0549999286886305e-05,0.1506907045841217,53.42721176147461,42.44009780883789,92.7690200805664,73.69140625,10.638379096984863,0.0020770132541656494,6.933837890625,0.9913482069969177
4045,5.056249938206747e-05,0.14653798937797546,43.316226959228516,34.40840148925781,92.7690200805664,73.69140625,10.28392505645752,0.0035362839698791504,6.8072509765625,0.9913483262062073
4046,5.057499947724864e-05,0.18635204434394836,19.61665153503418,15.582557678222656,92.7690200805664,73.69140625,9.687602996826172,0.002173125743865967,6.6845703125,0.9913483262062073
4047,5.0587499572429806e-05,0.1557888388633728,21.846210479736328,17.35361671447754,92.7690200805664,73.69140625,11.745892524719238,0.0026822686195373535,6.715576171875,0.9913485050201416
4048,5.059999966761097e-05,0.1282377392053604,4.194356441497803,3.3318023681640625,92.7690200805664,73.69140625,9.82651138305664,0.002233147621154785,7.50146484375,0.9913489818572998
4049,5.061249976279214e-05,0.15779568254947662,22.716646194458008,18.0450496673584,92.7690200805664,73.69140625,11.467229843139648,0.0028002560138702393,6.5509033203125,0.9913490414619446
4050,5.062499985797331e-05,0.14671538770198822,46.531005859375,36.962074279785156,92.7690200805664,73.69140625,12.390830993652344,0.002971827983856201,6.845458984375,0.9913492202758789
4051,5.0637499953154474e-05,0.1561131775379181,4.423242568969727,3.5136189460754395,92.7690200805664,73.69140625,10.855753898620605,0.0030834078788757324,6.6226806640625,0.9913511276245117
4052,5.065000004833564e-05,0.16463899612426758,4.080090045928955,3.241034507751465,92.7690200805664,73.69140625,11.629191398620605,0.0030341744422912598,6.72119140625,0.9913511872291565
4053,5.066250014351681e-05,0.1381232738494873,36.413909912109375,28.925521850585938,92.7690200805664,73.69140625,12.829839706420898,0.0024635493755340576,6.6690673828125,0.9913513660430908
4054,5.0675000238697976e-05,0.1751682311296463,4.165225982666016,3.3086624145507812,92.7690200805664,73.69140625,11.937617301940918,0.002547711133956909,7.0098876953125,0.991351842880249
4055,5.068750033387914e-05,0.14268077909946442,51.631290435791016,41.01350402832031,92.7690200805664,73.69140625,10.991405487060547,0.002179652452468872,7.02685546875,0.9913520216941833
4056,5.070000042906031e-05,0.14817644655704498,50.698951721191406,40.27289962768555,92.7690200805664,73.69140625,13.673802375793457,0.0020908713340759277,6.96875,0.9913520216941833
4057,5.071250052424148e-05,0.1740131676197052,45.95063018798828,36.50104904174805,92.7690200805664,73.69140625,10.34726619720459,0.002601057291030884,7.1343994140625,0.9913521409034729
4058,5.0725000619422644e-05,0.15858063101768494,11.788016319274902,9.363853454589844,92.7690200805664,73.69140625,11.840270042419434,0.0026270151138305664,7.125732421875,0.9913522601127625
4059,5.073750071460381e-05,0.16012679040431976,49.099178314208984,39.00210952758789,92.7690200805664,73.69140625,9.873556137084961,0.002011716365814209,6.7723388671875,0.9913523197174072
4060,5.075000080978498e-05,0.1477169692516327,24.0356502532959,19.09280776977539,92.7690200805664,73.69140625,10.031011581420898,0.0036181211471557617,6.6417236328125,0.9913528561592102
4061,5.0762500904966146e-05,0.1557464748620987,1.015621542930603,0.8067626953125,92.7690200805664,73.69140625,10.068406105041504,0.0025307536125183105,6.8782958984375,0.9913529753684998
4062,5.077500100014731e-05,0.15714304149150848,49.8411865234375,39.59152603149414,92.7690200805664,73.69140625,10.065316200256348,0.0017560124397277832,6.760009765625,0.9913549423217773
4063,5.078750109532848e-05,0.14453741908073425,51.7352409362793,41.09607696533203,92.7690200805664,73.69140625,12.245598793029785,0.003888845443725586,6.6650390625,0.9913550019264221
4064,5.080000119050965e-05,0.14678317308425903,17.45090675354004,13.862192153930664,92.7690200805664,73.69140625,9.816994667053223,0.002723872661590576,6.9498291015625,0.9913551211357117
4065,5.0812501285690814e-05,0.15127728879451752,21.576799392700195,17.139610290527344,92.7690200805664,73.69140625,9.983000755310059,0.0018328726291656494,6.9974365234375,0.9913556575775146
4066,5.082500138087198e-05,0.15265625715255737,44.10454559326172,35.03460693359375,92.7690200805664,73.69140625,10.029508590698242,0.0025467872619628906,6.828857421875,0.9913557171821594
4067,5.083750147605315e-05,0.1478242725133896,21.082101821899414,16.74664306640625,92.7690200805664,73.69140625,10.819369316101074,0.002300262451171875,6.5528564453125,0.991355836391449
4068,5.0850001571234316e-05,0.23922164738178253,40.452335357666016,32.13345718383789,92.7690200805664,73.69140625,10.258121490478516,0.0031239092350006104,6.3770751953125,0.9913559556007385
4069,5.086250166641548e-05,0.14793109893798828,40.10953903198242,31.86115837097168,92.7690200805664,73.69140625,9.331258773803711,0.0031229257583618164,6.8387451171875,0.9913559556007385
4070,5.087500176159665e-05,0.16034279763698578,42.43943786621094,33.71192169189453,92.7690200805664,73.69140625,10.377397537231445,0.002004474401473999,6.88720703125,0.9913561344146729
4071,5.088749821879901e-05,0.15248768031597137,24.220867156982422,19.239933013916016,92.7690200805664,73.69140625,11.173354148864746,0.003287196159362793,6.496826171875,0.991356611251831
4072,5.089999831398018e-05,0.14149214327335358,55.39089584350586,43.99995803833008,92.7690200805664,73.69140625,10.45787525177002,0.002858102321624756,6.72265625,0.9913567900657654
4073,5.0912498409161344e-05,0.1443861871957779,10.829782485961914,8.602676391601562,92.7690200805664,73.69140625,10.069510459899902,0.002302616834640503,6.54296875,0.9913568496704102
4074,5.092499850434251e-05,0.17865309119224548,53.13178253173828,42.205421447753906,92.7690200805664,73.69140625,11.719253540039062,0.003016531467437744,6.542236328125,0.991358757019043
4075,5.093749859952368e-05,0.14587727189064026,10.904458999633789,8.661996841430664,92.7690200805664,73.69140625,10.05121898651123,0.003890097141265869,6.61181640625,0.9913589358329773
4076,5.0949998694704846e-05,0.15591788291931152,46.313636779785156,36.789405822753906,92.7690200805664,73.69140625,10.455501556396484,0.0029821395874023438,6.380126953125,0.9913589954376221
4077,5.096249878988601e-05,0.1484091430902481,11.379734992980957,9.039533615112305,92.7690200805664,73.69140625,11.192325592041016,0.002547144889831543,6.867431640625,0.9913594722747803
4078,5.097499888506718e-05,0.13890011608600616,45.59231185913086,36.2164192199707,92.7690200805664,73.69140625,10.732945442199707,0.003181636333465576,6.171142578125,0.9913596510887146
4079,5.098749898024835e-05,0.1849924474954605,58.04303741455078,46.10669708251953,92.7690200805664,73.69140625,12.934039115905762,0.002796083688735962,6.7760009765625,0.9913596510887146
4080,5.0999999075429514e-05,0.13045798242092133,51.05921173095703,40.5590705871582,92.7690200805664,73.69140625,9.25390625,0.0026388466358184814,7.134033203125,0.9913597702980042
4081,5.101249917061068e-05,0.15891093015670776,45.32633972167969,36.00514221191406,92.7690200805664,73.69140625,14.04272174835205,0.0024257898330688477,7.0186767578125,0.9913598895072937
4082,5.102499926579185e-05,0.15033163130283356,41.43210983276367,32.911746978759766,92.7690200805664,73.69140625,8.530455589294434,0.0029104650020599365,6.6719970703125,0.9913599491119385
4083,5.1037499360973015e-05,0.1445242464542389,42.91988754272461,34.093570709228516,92.7690200805664,73.69140625,8.174583435058594,0.002596735954284668,6.7568359375,0.9913604855537415
4084,5.104999945615418e-05,0.14230692386627197,55.567535400390625,44.14027404785156,92.7690200805664,73.69140625,9.07662582397461,0.002816319465637207,6.780029296875,0.991360604763031
4085,5.106249955133535e-05,0.1546684354543686,1.039499044418335,0.8257298469543457,92.7690200805664,73.69140625,8.974754333496094,0.0030482709407806396,6.6600341796875,0.9913625717163086
4086,5.107499964651652e-05,0.13309349119663239,3.9770889282226562,3.159214973449707,92.7690200805664,73.69140625,10.021258354187012,0.0026478171348571777,6.4171142578125,0.9913626313209534
4087,5.1087499741697684e-05,0.18905101716518402,11.424225807189941,9.074874877929688,92.7690200805664,73.69140625,8.718680381774902,0.0020912587642669678,7.1317138671875,0.9913628101348877
4088,5.109999983687885e-05,0.1735086739063263,42.659088134765625,33.88640213012695,92.7690200805664,73.69140625,10.433000564575195,0.0028293728828430176,6.7572021484375,0.9913632869720459
4089,5.111249993206002e-05,0.15413302183151245,47.3438606262207,37.607765197753906,92.7690200805664,73.69140625,9.352060317993164,0.002165853977203369,7.09765625,0.9913633465766907
4090,5.1125000027241185e-05,0.1355205476284027,24.000524520874023,19.064903259277344,92.7690200805664,73.69140625,9.154986381530762,0.002745300531387329,6.68603515625,0.9913634657859802
4091,5.113750012242235e-05,0.1666724532842636,45.47465896606445,36.12295913696289,92.7690200805664,73.69140625,9.18135929107666,0.002873033285140991,6.6044921875,0.9913635849952698
4092,5.115000021760352e-05,0.18876402080059052,43.63603210449219,34.66244125366211,92.7690200805664,73.69140625,10.762552261352539,0.0027775168418884277,6.98046875,0.9913635849952698
4093,5.116250031278469e-05,0.14552880823612213,55.69829559326172,44.244144439697266,92.7690200805664,73.69140625,9.629220008850098,0.0029386281967163086,6.595947265625,0.9913637638092041
4094,5.1175000407965854e-05,0.15045304596424103,47.351619720458984,37.613929748535156,92.7690200805664,73.69140625,9.355043411254883,0.0024864375591278076,6.884765625,0.9913642406463623
4095,5.118750050314702e-05,0.15082107484340668,22.955400466918945,18.234704971313477,92.7690200805664,73.69140625,9.476968765258789,0.002215951681137085,6.920166015625,0.9913644194602966
4096,5.120000059832819e-05,0.13043664395809174,61.200050354003906,48.61448287963867,98.69462585449219,78.3984375,9.899136543273926,0.002780914306640625,6.58984375,0.9913644790649414
4097,5.1212500693509355e-05,0.1467435359954834,32.11578369140625,25.511287689208984,63.13603973388672,50.15234375,9.82282543182373,0.002715468406677246,6.6458740234375,0.9913663864135742
4098,5.122500078869052e-05,0.1617572158575058,3.991532325744629,3.1706881523132324,63.13603973388672,50.15234375,8.998708724975586,0.0022478997707366943,7.0570068359375,0.9913665652275085
4099,5.123750088387169e-05,0.1458239108324051,46.98731231689453,37.32454299926758,63.13603973388672,50.15234375,9.470621109008789,0.00247877836227417,6.74951171875,0.9913666248321533
4100,5.1250000979052857e-05,0.1547451615333557,0.8462030291557312,0.6721844673156738,63.35978698730469,50.330078125,8.626976013183594,0.0026088953018188477,6.5408935546875,0.9913671016693115
4101,5.1262501074234024e-05,0.14357146620750427,51.75328063964844,41.11040496826172,63.35978698730469,50.330078125,9.264006614685059,0.002460777759552002,6.816162109375,0.9913672804832458
4102,5.127500116941519e-05,0.15532411634922028,4.251622200012207,3.377291679382324,63.35978698730469,50.330078125,8.410240173339844,0.003051280975341797,7.0472412109375,0.9913673400878906
4103,5.128750126459636e-05,0.14551475644111633,58.730525970458984,46.65280532836914,63.35978698730469,50.330078125,9.767195701599121,0.0030225813388824463,6.9171142578125,0.9913673996925354
4104,5.1300001359777525e-05,0.1514311283826828,47.170928955078125,37.47039794921875,63.35978698730469,50.330078125,6.505897521972656,0.0018950104713439941,6.9412841796875,0.9913675785064697
4105,5.131250145495869e-05,0.14911870658397675,55.4360237121582,44.03580856323242,63.35978698730469,50.330078125,9.935820579528809,0.003075838088989258,6.8017578125,0.9913680553436279
4106,5.132500155013986e-05,0.1319165825843811,10.893181800842285,8.653038024902344,63.35978698730469,50.330078125,9.567103385925293,0.003107726573944092,6.714111328125,0.9913681149482727
4107,5.1337501645321026e-05,0.14443093538284302,23.281614303588867,18.49383544921875,63.35978698730469,50.330078125,8.921526908874512,0.002362459897994995,6.7598876953125,0.991368293762207
4108,5.1350001740502194e-05,0.1392703652381897,45.650699615478516,36.26279830932617,63.35978698730469,50.330078125,9.472159385681152,0.0027794837951660156,7.48388671875,0.9913702011108398
4109,5.1362498197704554e-05,0.1426377147436142,51.693092346191406,41.06259536743164,63.35978698730469,50.330078125,9.641057968139648,0.0021896064281463623,6.5216064453125,0.9913702607154846
4110,5.137499829288572e-05,0.1347072720527649,23.759754180908203,18.873647689819336,63.35978698730469,50.330078125,9.071977615356445,0.00211334228515625,6.8201904296875,0.991370439529419
4111,5.138749838806689e-05,0.13877257704734802,56.701045989990234,45.04068374633789,63.35978698730469,50.330078125,9.66819953918457,0.0023453235626220703,6.722900390625,0.9913709163665771
4112,5.1399998483248055e-05,0.14015816152095795,58.365840911865234,46.36311721801758,66.50946044921875,52.83203125,9.505687713623047,0.002733588218688965,6.719970703125,0.9913710951805115
4113,5.141249857842922e-05,0.13619403541088104,49.84526824951172,39.59476852416992,66.50946044921875,52.83203125,9.231208801269531,0.0024532973766326904,6.6732177734375,0.9913710951805115
4114,5.142499867361039e-05,0.16205185651779175,52.79872512817383,41.94085693359375,66.50946044921875,52.83203125,9.041518211364746,0.002596825361251831,7.0565185546875,0.991371214389801
4115,5.1437498768791556e-05,0.14344750344753265,49.717063903808594,39.4929313659668,66.50946044921875,52.83203125,9.41950511932373,0.0019831061363220215,6.98046875,0.9913713335990906
4116,5.1449998863972723e-05,0.13843482732772827,44.1055908203125,35.03543472290039,66.50946044921875,52.83203125,10.927492141723633,0.0027653276920318604,6.9693603515625,0.9913713932037354
4117,5.146249895915389e-05,0.1557730734348297,48.36080551147461,38.41558074951172,66.50946044921875,52.83203125,9.62478256225586,0.002028942108154297,7.0223388671875,0.9913718700408936
4118,5.147499905433506e-05,0.1403740644454956,40.49850845336914,32.170135498046875,66.50946044921875,52.83203125,8.29600715637207,0.002616018056869507,7.1353759765625,0.9913720488548279
4119,5.1487499149516225e-05,0.14636126160621643,3.865790367126465,3.0708045959472656,66.50946044921875,52.83203125,9.32593059539795,0.0020617246627807617,6.66796875,0.9913721084594727
4120,5.149999924469739e-05,0.13536794483661652,54.83877944946289,43.56138610839844,66.50946044921875,52.83203125,9.12842082977295,0.003121018409729004,6.651611328125,0.9913740754127502
4121,5.151249933987856e-05,0.13635528087615967,37.868804931640625,30.081222534179688,66.50946044921875,52.83203125,8.556077003479004,0.0020474493503570557,6.856689453125,0.9913741946220398
4122,5.1524999435059726e-05,0.16635571420192719,46.75839614868164,37.1427001953125,66.50946044921875,52.83203125,11.120336532592773,0.0030503273010253906,6.704345703125,0.9913747310638428
4123,5.153749953024089e-05,0.15412001311779022,53.580909729003906,42.562191009521484,66.50946044921875,52.83203125,8.869010925292969,0.0028713345527648926,6.626220703125,0.9913747310638428
4124,5.154999962542206e-05,0.1331249326467514,49.386863708496094,39.23063659667969,66.50946044921875,52.83203125,8.868963241577148,0.0026467442512512207,6.885986328125,0.9913749098777771
4125,5.156249972060323e-05,0.14683952927589417,21.12303352355957,16.779157638549805,66.50946044921875,52.83203125,9.531140327453613,0.0030176639556884766,7.0047607421875,0.9913750290870667
4126,5.1574999815784395e-05,0.13637566566467285,50.68694305419922,40.26335906982422,66.50946044921875,52.83203125,8.70258617401123,0.002749800682067871,6.825439453125,0.9913750290870667
4127,5.158749991096556e-05,0.1306205689907074,45.49078369140625,36.13576889038086,66.50946044921875,52.83203125,9.184759140014648,0.003716081380844116,6.561279296875,0.991375207901001
4128,5.160000000614673e-05,0.1347842812538147,4.395257472991943,3.4913887977600098,66.50946044921875,52.83203125,8.19078540802002,0.002955198287963867,6.39208984375,0.9913756847381592
4129,5.1612500101327896e-05,0.14246287941932678,40.25484085083008,31.976581573486328,66.50946044921875,52.83203125,7.876929759979248,0.0024837851524353027,6.8070068359375,0.991375744342804
4130,5.162500019650906e-05,0.15584824979305267,55.779571533203125,44.30870819091797,85.98775482177734,68.3046875,8.458577156066895,0.002835482358932495,6.8785400390625,0.9913759231567383
4131,5.163750029169023e-05,0.12888750433921814,1.053462266921997,0.8368215560913086,85.98775482177734,68.3046875,8.995677947998047,0.0025596320629119873,6.536376953125,0.9913778305053711
4132,5.16500003868714e-05,0.15932732820510864,22.55215072631836,17.914382934570312,85.98775482177734,68.3046875,9.717466354370117,0.0026821792125701904,6.7027587890625,0.9913778901100159
4133,5.1662500482052565e-05,0.1490056812763214,44.27981185913086,35.173828125,85.98775482177734,68.3046875,9.378678321838379,0.0030759871006011963,6.5643310546875,0.9913780689239502
4134,5.167500057723373e-05,0.1526363641023636,41.07628631591797,32.62909698486328,85.98775482177734,68.3046875,8.863508224487305,0.0026708245277404785,6.458251953125,0.9913785457611084
4135,5.16875006724149e-05,0.14599032700061798,48.903560638427734,38.84672164916992,85.98775482177734,68.3046875,8.729716300964355,0.001862257719039917,6.647216796875,0.9913787245750427
4136,5.1700000767596066e-05,0.18819746375083923,10.24944019317627,8.141679763793945,85.98775482177734,68.3046875,8.295302391052246,0.0031104683876037598,6.25927734375,0.9913787245750427
4137,5.171250086277723e-05,0.14994437992572784,4.072354793548584,3.2348899841308594,85.98775482177734,68.3046875,11.474954605102539,0.002374112606048584,6.847412109375,0.9913788437843323
4138,5.17250009579584e-05,0.16151991486549377,48.97612762451172,38.90436553955078,85.98775482177734,68.3046875,10.499724388122559,0.0032703280448913574,6.200439453125,0.9913789629936218
4139,5.173750105313957e-05,0.1763812005519867,4.134632110595703,3.284359931945801,85.98775482177734,68.3046875,8.75018310546875,0.002338200807571411,6.7880859375,0.9913790225982666
4140,5.1750001148320735e-05,0.15209925174713135,32.34109115600586,25.690265655517578,85.98775482177734,68.3046875,7.673173904418945,0.0023562610149383545,7.0802001953125,0.9913794994354248
4141,5.17625012435019e-05,0.1432301104068756,51.859275817871094,41.19460678100586,85.98775482177734,68.3046875,16.313743591308594,0.002000570297241211,7.040771484375,0.9913796782493591
4142,5.177500133868307e-05,0.1867378205060959,4.328703880310059,3.4385218620300293,85.98775482177734,68.3046875,10.230890274047852,0.002328544855117798,6.661865234375,0.9913797378540039
4143,5.1787501433864236e-05,0.13461712002754211,41.609134674072266,33.0523681640625,85.98775482177734,68.3046875,8.693805694580078,0.0031642019748687744,6.6439208984375,0.9913817048072815
4144,5.18000015290454e-05,0.15676157176494598,24.71322250366211,19.631038665771484,85.98775482177734,68.3046875,9.418782234191895,0.0036935508251190186,6.7049560546875,0.991381824016571
4145,5.181250162422657e-05,0.13969002664089203,38.81863021850586,30.83572006225586,85.98775482177734,68.3046875,10.2094144821167,0.0026305019855499268,6.7396240234375,0.991382360458374
4146,5.182500171940774e-05,0.16272570192813873,45.84816360473633,36.419654846191406,85.98775482177734,68.3046875,9.625570297241211,0.0031761229038238525,6.4794921875,0.9913824200630188
4147,5.1837501814588904e-05,0.15030889213085175,3.9362666606903076,3.1267876625061035,85.98775482177734,68.3046875,9.472249031066895,0.002487480640411377,7.1300048828125,0.9913825392723083
4148,5.1849998271791264e-05,0.1275949329137802,3.8988964557647705,3.097102642059326,85.98775482177734,68.3046875,8.226401329040527,0.002745330333709717,6.7357177734375,0.9913826584815979
4149,5.186249836697243e-05,0.16575708985328674,23.136754989624023,18.378765106201172,85.98775482177734,68.3046875,9.140508651733398,0.0019897520542144775,7.026611328125,0.9913826584815979
